ISO-10303-21;
HEADER;
FILE_DESCRIPTION(('FreeCAD Model'),'2;1');
FILE_NAME('/home/kenny/DNH0008A_ASM_cp.step','2019-04-12T11:30:10',(
    'kicad StepUp'),('ksu MCAD'),'Open CASCADE STEP processor 7.3',
  'FreeCAD','Unknown');
FILE_SCHEMA(('AUTOMOTIVE_DESIGN { 1 0 10303 214 1 1 1 1 }'));
ENDSEC;
DATA;
#1 = APPLICATION_PROTOCOL_DEFINITION('international standard',
  'automotive_design',2000,#2);
#2 = APPLICATION_CONTEXT(
  'core data for automotive mechanical design processes');
#3 = SHAPE_DEFINITION_REPRESENTATION(#4,#10);
#4 = PRODUCT_DEFINITION_SHAPE('','',#5);
#5 = PRODUCT_DEFINITION('design','',#6,#9);
#6 = PRODUCT_DEFINITION_FORMATION('','',#7);
#7 = PRODUCT('DNH0008A_ASM_cp','DNH0008A_ASM_cp','',(#8));
#8 = PRODUCT_CONTEXT('',#2,'mechanical');
#9 = PRODUCT_DEFINITION_CONTEXT('part definition',#2,'design');
#10 = SHAPE_REPRESENTATION('',(#11,#15,#165,#315,#465,#615,#2217),#4611
  );
#11 = AXIS2_PLACEMENT_3D('',#12,#13,#14);
#12 = CARTESIAN_POINT('',(0.,0.,0.));
#13 = DIRECTION('',(0.,0.,1.));
#14 = DIRECTION('',(1.,0.,-0.));
#15 = MANIFOLD_SOLID_BREP('',#16);
#16 = CLOSED_SHELL('',(#17,#57,#88,#112,#136,#153));
#17 = ADVANCED_FACE('',(#18),#52,.F.);
#18 = FACE_BOUND('',#19,.F.);
#19 = EDGE_LOOP('',(#20,#30,#38,#46));
#20 = ORIENTED_EDGE('',*,*,#21,.T.);
#21 = EDGE_CURVE('',#22,#24,#26,.T.);
#22 = VERTEX_POINT('',#23);
#23 = CARTESIAN_POINT('',(-1.65,1.125,-2.498001805407E-16));
#24 = VERTEX_POINT('',#25);
#25 = CARTESIAN_POINT('',(-1.65,0.825,-1.831867990632E-16));
#26 = LINE('',#27,#28);
#27 = CARTESIAN_POINT('',(-1.65,1.125,-2.498001805407E-16));
#28 = VECTOR('',#29,1.);
#29 = DIRECTION('',(0.,-1.,2.22044604925E-16));
#30 = ORIENTED_EDGE('',*,*,#31,.T.);
#31 = EDGE_CURVE('',#24,#32,#34,.T.);
#32 = VERTEX_POINT('',#33);
#33 = CARTESIAN_POINT('',(-1.25,0.825,-1.831867990632E-16));
#34 = LINE('',#35,#36);
#35 = CARTESIAN_POINT('',(-1.65,0.825,-1.831867990632E-16));
#36 = VECTOR('',#37,1.);
#37 = DIRECTION('',(1.,0.,0.));
#38 = ORIENTED_EDGE('',*,*,#39,.T.);
#39 = EDGE_CURVE('',#32,#40,#42,.T.);
#40 = VERTEX_POINT('',#41);
#41 = CARTESIAN_POINT('',(-1.25,1.125,-2.498001805407E-16));
#42 = LINE('',#43,#44);
#43 = CARTESIAN_POINT('',(-1.25,0.825,-1.831867990632E-16));
#44 = VECTOR('',#45,1.);
#45 = DIRECTION('',(0.,1.,-2.22044604925E-16));
#46 = ORIENTED_EDGE('',*,*,#47,.T.);
#47 = EDGE_CURVE('',#40,#22,#48,.T.);
#48 = LINE('',#49,#50);
#49 = CARTESIAN_POINT('',(-1.25,1.125,-2.498001805407E-16));
#50 = VECTOR('',#51,1.);
#51 = DIRECTION('',(-1.,0.,0.));
#52 = PLANE('',#53);
#53 = AXIS2_PLACEMENT_3D('',#54,#55,#56);
#54 = CARTESIAN_POINT('',(0.,0.,0.));
#55 = DIRECTION('',(0.,2.22044604925E-16,1.));
#56 = DIRECTION('',(1.,0.,0.));
#57 = ADVANCED_FACE('',(#58),#83,.T.);
#58 = FACE_BOUND('',#59,.F.);
#59 = EDGE_LOOP('',(#60,#61,#69,#77));
#60 = ORIENTED_EDGE('',*,*,#21,.F.);
#61 = ORIENTED_EDGE('',*,*,#62,.T.);
#62 = EDGE_CURVE('',#22,#63,#65,.T.);
#63 = VERTEX_POINT('',#64);
#64 = CARTESIAN_POINT('',(-1.65,1.125,0.2));
#65 = LINE('',#66,#67);
#66 = CARTESIAN_POINT('',(-1.65,1.125,-2.498001805407E-16));
#67 = VECTOR('',#68,1.);
#68 = DIRECTION('',(0.,2.22044604925E-16,1.));
#69 = ORIENTED_EDGE('',*,*,#70,.T.);
#70 = EDGE_CURVE('',#63,#71,#73,.T.);
#71 = VERTEX_POINT('',#72);
#72 = CARTESIAN_POINT('',(-1.65,0.825,0.2));
#73 = LINE('',#74,#75);
#74 = CARTESIAN_POINT('',(-1.65,1.125,0.2));
#75 = VECTOR('',#76,1.);
#76 = DIRECTION('',(0.,-1.,2.22044604925E-16));
#77 = ORIENTED_EDGE('',*,*,#78,.F.);
#78 = EDGE_CURVE('',#24,#71,#79,.T.);
#79 = LINE('',#80,#81);
#80 = CARTESIAN_POINT('',(-1.65,0.825,-1.831867990632E-16));
#81 = VECTOR('',#82,1.);
#82 = DIRECTION('',(0.,2.22044604925E-16,1.));
#83 = PLANE('',#84);
#84 = AXIS2_PLACEMENT_3D('',#85,#86,#87);
#85 = CARTESIAN_POINT('',(-1.65,1.125,-2.498001805407E-16));
#86 = DIRECTION('',(-1.,0.,0.));
#87 = DIRECTION('',(0.,-1.,2.22044604925E-16));
#88 = ADVANCED_FACE('',(#89),#107,.T.);
#89 = FACE_BOUND('',#90,.F.);
#90 = EDGE_LOOP('',(#91,#92,#100,#106));
#91 = ORIENTED_EDGE('',*,*,#47,.F.);
#92 = ORIENTED_EDGE('',*,*,#93,.T.);
#93 = EDGE_CURVE('',#40,#94,#96,.T.);
#94 = VERTEX_POINT('',#95);
#95 = CARTESIAN_POINT('',(-1.25,1.125,0.2));
#96 = LINE('',#97,#98);
#97 = CARTESIAN_POINT('',(-1.25,1.125,-2.498001805407E-16));
#98 = VECTOR('',#99,1.);
#99 = DIRECTION('',(0.,2.22044604925E-16,1.));
#100 = ORIENTED_EDGE('',*,*,#101,.T.);
#101 = EDGE_CURVE('',#94,#63,#102,.T.);
#102 = LINE('',#103,#104);
#103 = CARTESIAN_POINT('',(-1.25,1.125,0.2));
#104 = VECTOR('',#105,1.);
#105 = DIRECTION('',(-1.,0.,0.));
#106 = ORIENTED_EDGE('',*,*,#62,.F.);
#107 = PLANE('',#108);
#108 = AXIS2_PLACEMENT_3D('',#109,#110,#111);
#109 = CARTESIAN_POINT('',(-1.25,1.125,-2.498001805407E-16));
#110 = DIRECTION('',(0.,1.,-2.22044604925E-16));
#111 = DIRECTION('',(-1.,0.,0.));
#112 = ADVANCED_FACE('',(#113),#131,.T.);
#113 = FACE_BOUND('',#114,.F.);
#114 = EDGE_LOOP('',(#115,#116,#124,#130));
#115 = ORIENTED_EDGE('',*,*,#39,.F.);
#116 = ORIENTED_EDGE('',*,*,#117,.T.);
#117 = EDGE_CURVE('',#32,#118,#120,.T.);
#118 = VERTEX_POINT('',#119);
#119 = CARTESIAN_POINT('',(-1.25,0.825,0.2));
#120 = LINE('',#121,#122);
#121 = CARTESIAN_POINT('',(-1.25,0.825,-1.831867990632E-16));
#122 = VECTOR('',#123,1.);
#123 = DIRECTION('',(0.,2.22044604925E-16,1.));
#124 = ORIENTED_EDGE('',*,*,#125,.T.);
#125 = EDGE_CURVE('',#118,#94,#126,.T.);
#126 = LINE('',#127,#128);
#127 = CARTESIAN_POINT('',(-1.25,0.825,0.2));
#128 = VECTOR('',#129,1.);
#129 = DIRECTION('',(0.,1.,-2.22044604925E-16));
#130 = ORIENTED_EDGE('',*,*,#93,.F.);
#131 = PLANE('',#132);
#132 = AXIS2_PLACEMENT_3D('',#133,#134,#135);
#133 = CARTESIAN_POINT('',(-1.25,0.825,-1.831867990632E-16));
#134 = DIRECTION('',(1.,0.,0.));
#135 = DIRECTION('',(0.,1.,-2.22044604925E-16));
#136 = ADVANCED_FACE('',(#137),#148,.T.);
#137 = FACE_BOUND('',#138,.F.);
#138 = EDGE_LOOP('',(#139,#140,#141,#147));
#139 = ORIENTED_EDGE('',*,*,#31,.F.);
#140 = ORIENTED_EDGE('',*,*,#78,.T.);
#141 = ORIENTED_EDGE('',*,*,#142,.T.);
#142 = EDGE_CURVE('',#71,#118,#143,.T.);
#143 = LINE('',#144,#145);
#144 = CARTESIAN_POINT('',(-1.65,0.825,0.2));
#145 = VECTOR('',#146,1.);
#146 = DIRECTION('',(1.,0.,0.));
#147 = ORIENTED_EDGE('',*,*,#117,.F.);
#148 = PLANE('',#149);
#149 = AXIS2_PLACEMENT_3D('',#150,#151,#152);
#150 = CARTESIAN_POINT('',(-1.65,0.825,-1.831867990632E-16));
#151 = DIRECTION('',(0.,-1.,2.22044604925E-16));
#152 = DIRECTION('',(1.,0.,0.));
#153 = ADVANCED_FACE('',(#154),#160,.T.);
#154 = FACE_BOUND('',#155,.F.);
#155 = EDGE_LOOP('',(#156,#157,#158,#159));
#156 = ORIENTED_EDGE('',*,*,#70,.F.);
#157 = ORIENTED_EDGE('',*,*,#101,.F.);
#158 = ORIENTED_EDGE('',*,*,#125,.F.);
#159 = ORIENTED_EDGE('',*,*,#142,.F.);
#160 = PLANE('',#161);
#161 = AXIS2_PLACEMENT_3D('',#162,#163,#164);
#162 = CARTESIAN_POINT('',(0.,4.440892098501E-17,0.2));
#163 = DIRECTION('',(0.,2.22044604925E-16,1.));
#164 = DIRECTION('',(1.,0.,0.));
#165 = MANIFOLD_SOLID_BREP('',#166);
#166 = CLOSED_SHELL('',(#167,#207,#238,#262,#286,#303));
#167 = ADVANCED_FACE('',(#168),#202,.F.);
#168 = FACE_BOUND('',#169,.F.);
#169 = EDGE_LOOP('',(#170,#180,#188,#196));
#170 = ORIENTED_EDGE('',*,*,#171,.T.);
#171 = EDGE_CURVE('',#172,#174,#176,.T.);
#172 = VERTEX_POINT('',#173);
#173 = CARTESIAN_POINT('',(-1.65,0.475,-1.054711873394E-16));
#174 = VERTEX_POINT('',#175);
#175 = CARTESIAN_POINT('',(-1.65,0.175,-3.885780586188E-17));
#176 = LINE('',#177,#178);
#177 = CARTESIAN_POINT('',(-1.65,0.475,-1.054711873394E-16));
#178 = VECTOR('',#179,1.);
#179 = DIRECTION('',(0.,-1.,2.22044604925E-16));
#180 = ORIENTED_EDGE('',*,*,#181,.T.);
#181 = EDGE_CURVE('',#174,#182,#184,.T.);
#182 = VERTEX_POINT('',#183);
#183 = CARTESIAN_POINT('',(-1.25,0.175,-3.885780586188E-17));
#184 = LINE('',#185,#186);
#185 = CARTESIAN_POINT('',(-1.65,0.175,-3.885780586188E-17));
#186 = VECTOR('',#187,1.);
#187 = DIRECTION('',(1.,0.,0.));
#188 = ORIENTED_EDGE('',*,*,#189,.T.);
#189 = EDGE_CURVE('',#182,#190,#192,.T.);
#190 = VERTEX_POINT('',#191);
#191 = CARTESIAN_POINT('',(-1.25,0.475,-1.054711873394E-16));
#192 = LINE('',#193,#194);
#193 = CARTESIAN_POINT('',(-1.25,0.175,-3.885780586188E-17));
#194 = VECTOR('',#195,1.);
#195 = DIRECTION('',(0.,1.,-2.22044604925E-16));
#196 = ORIENTED_EDGE('',*,*,#197,.T.);
#197 = EDGE_CURVE('',#190,#172,#198,.T.);
#198 = LINE('',#199,#200);
#199 = CARTESIAN_POINT('',(-1.25,0.475,-1.054711873394E-16));
#200 = VECTOR('',#201,1.);
#201 = DIRECTION('',(-1.,0.,0.));
#202 = PLANE('',#203);
#203 = AXIS2_PLACEMENT_3D('',#204,#205,#206);
#204 = CARTESIAN_POINT('',(0.,0.,0.));
#205 = DIRECTION('',(0.,2.22044604925E-16,1.));
#206 = DIRECTION('',(1.,0.,0.));
#207 = ADVANCED_FACE('',(#208),#233,.T.);
#208 = FACE_BOUND('',#209,.F.);
#209 = EDGE_LOOP('',(#210,#211,#219,#227));
#210 = ORIENTED_EDGE('',*,*,#171,.F.);
#211 = ORIENTED_EDGE('',*,*,#212,.T.);
#212 = EDGE_CURVE('',#172,#213,#215,.T.);
#213 = VERTEX_POINT('',#214);
#214 = CARTESIAN_POINT('',(-1.65,0.475,0.2));
#215 = LINE('',#216,#217);
#216 = CARTESIAN_POINT('',(-1.65,0.475,-1.054711873394E-16));
#217 = VECTOR('',#218,1.);
#218 = DIRECTION('',(0.,2.22044604925E-16,1.));
#219 = ORIENTED_EDGE('',*,*,#220,.T.);
#220 = EDGE_CURVE('',#213,#221,#223,.T.);
#221 = VERTEX_POINT('',#222);
#222 = CARTESIAN_POINT('',(-1.65,0.175,0.2));
#223 = LINE('',#224,#225);
#224 = CARTESIAN_POINT('',(-1.65,0.475,0.2));
#225 = VECTOR('',#226,1.);
#226 = DIRECTION('',(0.,-1.,2.22044604925E-16));
#227 = ORIENTED_EDGE('',*,*,#228,.F.);
#228 = EDGE_CURVE('',#174,#221,#229,.T.);
#229 = LINE('',#230,#231);
#230 = CARTESIAN_POINT('',(-1.65,0.175,-3.885780586188E-17));
#231 = VECTOR('',#232,1.);
#232 = DIRECTION('',(0.,2.22044604925E-16,1.));
#233 = PLANE('',#234);
#234 = AXIS2_PLACEMENT_3D('',#235,#236,#237);
#235 = CARTESIAN_POINT('',(-1.65,0.475,-1.054711873394E-16));
#236 = DIRECTION('',(-1.,0.,0.));
#237 = DIRECTION('',(0.,-1.,2.22044604925E-16));
#238 = ADVANCED_FACE('',(#239),#257,.T.);
#239 = FACE_BOUND('',#240,.F.);
#240 = EDGE_LOOP('',(#241,#242,#250,#256));
#241 = ORIENTED_EDGE('',*,*,#197,.F.);
#242 = ORIENTED_EDGE('',*,*,#243,.T.);
#243 = EDGE_CURVE('',#190,#244,#246,.T.);
#244 = VERTEX_POINT('',#245);
#245 = CARTESIAN_POINT('',(-1.25,0.475,0.2));
#246 = LINE('',#247,#248);
#247 = CARTESIAN_POINT('',(-1.25,0.475,-1.054711873394E-16));
#248 = VECTOR('',#249,1.);
#249 = DIRECTION('',(0.,2.22044604925E-16,1.));
#250 = ORIENTED_EDGE('',*,*,#251,.T.);
#251 = EDGE_CURVE('',#244,#213,#252,.T.);
#252 = LINE('',#253,#254);
#253 = CARTESIAN_POINT('',(-1.25,0.475,0.2));
#254 = VECTOR('',#255,1.);
#255 = DIRECTION('',(-1.,0.,0.));
#256 = ORIENTED_EDGE('',*,*,#212,.F.);
#257 = PLANE('',#258);
#258 = AXIS2_PLACEMENT_3D('',#259,#260,#261);
#259 = CARTESIAN_POINT('',(-1.25,0.475,-1.054711873394E-16));
#260 = DIRECTION('',(0.,1.,-2.22044604925E-16));
#261 = DIRECTION('',(-1.,0.,0.));
#262 = ADVANCED_FACE('',(#263),#281,.T.);
#263 = FACE_BOUND('',#264,.F.);
#264 = EDGE_LOOP('',(#265,#266,#274,#280));
#265 = ORIENTED_EDGE('',*,*,#189,.F.);
#266 = ORIENTED_EDGE('',*,*,#267,.T.);
#267 = EDGE_CURVE('',#182,#268,#270,.T.);
#268 = VERTEX_POINT('',#269);
#269 = CARTESIAN_POINT('',(-1.25,0.175,0.2));
#270 = LINE('',#271,#272);
#271 = CARTESIAN_POINT('',(-1.25,0.175,-3.885780586188E-17));
#272 = VECTOR('',#273,1.);
#273 = DIRECTION('',(0.,2.22044604925E-16,1.));
#274 = ORIENTED_EDGE('',*,*,#275,.T.);
#275 = EDGE_CURVE('',#268,#244,#276,.T.);
#276 = LINE('',#277,#278);
#277 = CARTESIAN_POINT('',(-1.25,0.175,0.2));
#278 = VECTOR('',#279,1.);
#279 = DIRECTION('',(0.,1.,-2.22044604925E-16));
#280 = ORIENTED_EDGE('',*,*,#243,.F.);
#281 = PLANE('',#282);
#282 = AXIS2_PLACEMENT_3D('',#283,#284,#285);
#283 = CARTESIAN_POINT('',(-1.25,0.175,-3.885780586188E-17));
#284 = DIRECTION('',(1.,0.,0.));
#285 = DIRECTION('',(0.,1.,-2.22044604925E-16));
#286 = ADVANCED_FACE('',(#287),#298,.T.);
#287 = FACE_BOUND('',#288,.F.);
#288 = EDGE_LOOP('',(#289,#290,#291,#297));
#289 = ORIENTED_EDGE('',*,*,#181,.F.);
#290 = ORIENTED_EDGE('',*,*,#228,.T.);
#291 = ORIENTED_EDGE('',*,*,#292,.T.);
#292 = EDGE_CURVE('',#221,#268,#293,.T.);
#293 = LINE('',#294,#295);
#294 = CARTESIAN_POINT('',(-1.65,0.175,0.2));
#295 = VECTOR('',#296,1.);
#296 = DIRECTION('',(1.,0.,0.));
#297 = ORIENTED_EDGE('',*,*,#267,.F.);
#298 = PLANE('',#299);
#299 = AXIS2_PLACEMENT_3D('',#300,#301,#302);
#300 = CARTESIAN_POINT('',(-1.65,0.175,-3.885780586188E-17));
#301 = DIRECTION('',(0.,-1.,2.22044604925E-16));
#302 = DIRECTION('',(1.,0.,0.));
#303 = ADVANCED_FACE('',(#304),#310,.T.);
#304 = FACE_BOUND('',#305,.F.);
#305 = EDGE_LOOP('',(#306,#307,#308,#309));
#306 = ORIENTED_EDGE('',*,*,#220,.F.);
#307 = ORIENTED_EDGE('',*,*,#251,.F.);
#308 = ORIENTED_EDGE('',*,*,#275,.F.);
#309 = ORIENTED_EDGE('',*,*,#292,.F.);
#310 = PLANE('',#311);
#311 = AXIS2_PLACEMENT_3D('',#312,#313,#314);
#312 = CARTESIAN_POINT('',(0.,4.440892098501E-17,0.2));
#313 = DIRECTION('',(0.,2.22044604925E-16,1.));
#314 = DIRECTION('',(1.,0.,0.));
#315 = MANIFOLD_SOLID_BREP('',#316);
#316 = CLOSED_SHELL('',(#317,#357,#388,#412,#436,#453));
#317 = ADVANCED_FACE('',(#318),#352,.F.);
#318 = FACE_BOUND('',#319,.F.);
#319 = EDGE_LOOP('',(#320,#330,#338,#346));
#320 = ORIENTED_EDGE('',*,*,#321,.T.);
#321 = EDGE_CURVE('',#322,#324,#326,.T.);
#322 = VERTEX_POINT('',#323);
#323 = CARTESIAN_POINT('',(-1.65,-0.175,3.885780586188E-17));
#324 = VERTEX_POINT('',#325);
#325 = CARTESIAN_POINT('',(-1.65,-0.475,1.054711873394E-16));
#326 = LINE('',#327,#328);
#327 = CARTESIAN_POINT('',(-1.65,-0.175,3.885780586188E-17));
#328 = VECTOR('',#329,1.);
#329 = DIRECTION('',(0.,-1.,2.22044604925E-16));
#330 = ORIENTED_EDGE('',*,*,#331,.T.);
#331 = EDGE_CURVE('',#324,#332,#334,.T.);
#332 = VERTEX_POINT('',#333);
#333 = CARTESIAN_POINT('',(-1.25,-0.475,1.054711873394E-16));
#334 = LINE('',#335,#336);
#335 = CARTESIAN_POINT('',(-1.65,-0.475,1.054711873394E-16));
#336 = VECTOR('',#337,1.);
#337 = DIRECTION('',(1.,0.,0.));
#338 = ORIENTED_EDGE('',*,*,#339,.T.);
#339 = EDGE_CURVE('',#332,#340,#342,.T.);
#340 = VERTEX_POINT('',#341);
#341 = CARTESIAN_POINT('',(-1.25,-0.175,3.885780586188E-17));
#342 = LINE('',#343,#344);
#343 = CARTESIAN_POINT('',(-1.25,-0.475,1.054711873394E-16));
#344 = VECTOR('',#345,1.);
#345 = DIRECTION('',(0.,1.,-2.22044604925E-16));
#346 = ORIENTED_EDGE('',*,*,#347,.T.);
#347 = EDGE_CURVE('',#340,#322,#348,.T.);
#348 = LINE('',#349,#350);
#349 = CARTESIAN_POINT('',(-1.25,-0.175,3.885780586188E-17));
#350 = VECTOR('',#351,1.);
#351 = DIRECTION('',(-1.,0.,0.));
#352 = PLANE('',#353);
#353 = AXIS2_PLACEMENT_3D('',#354,#355,#356);
#354 = CARTESIAN_POINT('',(0.,0.,0.));
#355 = DIRECTION('',(0.,2.22044604925E-16,1.));
#356 = DIRECTION('',(1.,0.,0.));
#357 = ADVANCED_FACE('',(#358),#383,.T.);
#358 = FACE_BOUND('',#359,.F.);
#359 = EDGE_LOOP('',(#360,#361,#369,#377));
#360 = ORIENTED_EDGE('',*,*,#321,.F.);
#361 = ORIENTED_EDGE('',*,*,#362,.T.);
#362 = EDGE_CURVE('',#322,#363,#365,.T.);
#363 = VERTEX_POINT('',#364);
#364 = CARTESIAN_POINT('',(-1.65,-0.175,0.2));
#365 = LINE('',#366,#367);
#366 = CARTESIAN_POINT('',(-1.65,-0.175,3.885780586188E-17));
#367 = VECTOR('',#368,1.);
#368 = DIRECTION('',(0.,2.22044604925E-16,1.));
#369 = ORIENTED_EDGE('',*,*,#370,.T.);
#370 = EDGE_CURVE('',#363,#371,#373,.T.);
#371 = VERTEX_POINT('',#372);
#372 = CARTESIAN_POINT('',(-1.65,-0.475,0.2));
#373 = LINE('',#374,#375);
#374 = CARTESIAN_POINT('',(-1.65,-0.175,0.2));
#375 = VECTOR('',#376,1.);
#376 = DIRECTION('',(0.,-1.,2.22044604925E-16));
#377 = ORIENTED_EDGE('',*,*,#378,.F.);
#378 = EDGE_CURVE('',#324,#371,#379,.T.);
#379 = LINE('',#380,#381);
#380 = CARTESIAN_POINT('',(-1.65,-0.475,1.054711873394E-16));
#381 = VECTOR('',#382,1.);
#382 = DIRECTION('',(0.,2.22044604925E-16,1.));
#383 = PLANE('',#384);
#384 = AXIS2_PLACEMENT_3D('',#385,#386,#387);
#385 = CARTESIAN_POINT('',(-1.65,-0.175,3.885780586188E-17));
#386 = DIRECTION('',(-1.,0.,0.));
#387 = DIRECTION('',(0.,-1.,2.22044604925E-16));
#388 = ADVANCED_FACE('',(#389),#407,.T.);
#389 = FACE_BOUND('',#390,.F.);
#390 = EDGE_LOOP('',(#391,#392,#400,#406));
#391 = ORIENTED_EDGE('',*,*,#347,.F.);
#392 = ORIENTED_EDGE('',*,*,#393,.T.);
#393 = EDGE_CURVE('',#340,#394,#396,.T.);
#394 = VERTEX_POINT('',#395);
#395 = CARTESIAN_POINT('',(-1.25,-0.175,0.2));
#396 = LINE('',#397,#398);
#397 = CARTESIAN_POINT('',(-1.25,-0.175,3.885780586188E-17));
#398 = VECTOR('',#399,1.);
#399 = DIRECTION('',(0.,2.22044604925E-16,1.));
#400 = ORIENTED_EDGE('',*,*,#401,.T.);
#401 = EDGE_CURVE('',#394,#363,#402,.T.);
#402 = LINE('',#403,#404);
#403 = CARTESIAN_POINT('',(-1.25,-0.175,0.2));
#404 = VECTOR('',#405,1.);
#405 = DIRECTION('',(-1.,0.,0.));
#406 = ORIENTED_EDGE('',*,*,#362,.F.);
#407 = PLANE('',#408);
#408 = AXIS2_PLACEMENT_3D('',#409,#410,#411);
#409 = CARTESIAN_POINT('',(-1.25,-0.175,3.885780586188E-17));
#410 = DIRECTION('',(0.,1.,-2.22044604925E-16));
#411 = DIRECTION('',(-1.,0.,0.));
#412 = ADVANCED_FACE('',(#413),#431,.T.);
#413 = FACE_BOUND('',#414,.F.);
#414 = EDGE_LOOP('',(#415,#416,#424,#430));
#415 = ORIENTED_EDGE('',*,*,#339,.F.);
#416 = ORIENTED_EDGE('',*,*,#417,.T.);
#417 = EDGE_CURVE('',#332,#418,#420,.T.);
#418 = VERTEX_POINT('',#419);
#419 = CARTESIAN_POINT('',(-1.25,-0.475,0.2));
#420 = LINE('',#421,#422);
#421 = CARTESIAN_POINT('',(-1.25,-0.475,1.054711873394E-16));
#422 = VECTOR('',#423,1.);
#423 = DIRECTION('',(0.,2.22044604925E-16,1.));
#424 = ORIENTED_EDGE('',*,*,#425,.T.);
#425 = EDGE_CURVE('',#418,#394,#426,.T.);
#426 = LINE('',#427,#428);
#427 = CARTESIAN_POINT('',(-1.25,-0.475,0.2));
#428 = VECTOR('',#429,1.);
#429 = DIRECTION('',(0.,1.,-2.22044604925E-16));
#430 = ORIENTED_EDGE('',*,*,#393,.F.);
#431 = PLANE('',#432);
#432 = AXIS2_PLACEMENT_3D('',#433,#434,#435);
#433 = CARTESIAN_POINT('',(-1.25,-0.475,1.054711873394E-16));
#434 = DIRECTION('',(1.,0.,0.));
#435 = DIRECTION('',(0.,1.,-2.22044604925E-16));
#436 = ADVANCED_FACE('',(#437),#448,.T.);
#437 = FACE_BOUND('',#438,.F.);
#438 = EDGE_LOOP('',(#439,#440,#441,#447));
#439 = ORIENTED_EDGE('',*,*,#331,.F.);
#440 = ORIENTED_EDGE('',*,*,#378,.T.);
#441 = ORIENTED_EDGE('',*,*,#442,.T.);
#442 = EDGE_CURVE('',#371,#418,#443,.T.);
#443 = LINE('',#444,#445);
#444 = CARTESIAN_POINT('',(-1.65,-0.475,0.2));
#445 = VECTOR('',#446,1.);
#446 = DIRECTION('',(1.,0.,0.));
#447 = ORIENTED_EDGE('',*,*,#417,.F.);
#448 = PLANE('',#449);
#449 = AXIS2_PLACEMENT_3D('',#450,#451,#452);
#450 = CARTESIAN_POINT('',(-1.65,-0.475,1.054711873394E-16));
#451 = DIRECTION('',(0.,-1.,2.22044604925E-16));
#452 = DIRECTION('',(1.,0.,0.));
#453 = ADVANCED_FACE('',(#454),#460,.T.);
#454 = FACE_BOUND('',#455,.F.);
#455 = EDGE_LOOP('',(#456,#457,#458,#459));
#456 = ORIENTED_EDGE('',*,*,#370,.F.);
#457 = ORIENTED_EDGE('',*,*,#401,.F.);
#458 = ORIENTED_EDGE('',*,*,#425,.F.);
#459 = ORIENTED_EDGE('',*,*,#442,.F.);
#460 = PLANE('',#461);
#461 = AXIS2_PLACEMENT_3D('',#462,#463,#464);
#462 = CARTESIAN_POINT('',(0.,4.440892098501E-17,0.2));
#463 = DIRECTION('',(0.,2.22044604925E-16,1.));
#464 = DIRECTION('',(1.,0.,0.));
#465 = MANIFOLD_SOLID_BREP('',#466);
#466 = CLOSED_SHELL('',(#467,#507,#538,#562,#586,#603));
#467 = ADVANCED_FACE('',(#468),#502,.F.);
#468 = FACE_BOUND('',#469,.F.);
#469 = EDGE_LOOP('',(#470,#480,#488,#496));
#470 = ORIENTED_EDGE('',*,*,#471,.T.);
#471 = EDGE_CURVE('',#472,#474,#476,.T.);
#472 = VERTEX_POINT('',#473);
#473 = CARTESIAN_POINT('',(-1.65,-0.825,1.831867990632E-16));
#474 = VERTEX_POINT('',#475);
#475 = CARTESIAN_POINT('',(-1.65,-1.125,2.498001805407E-16));
#476 = LINE('',#477,#478);
#477 = CARTESIAN_POINT('',(-1.65,-0.825,1.831867990632E-16));
#478 = VECTOR('',#479,1.);
#479 = DIRECTION('',(0.,-1.,2.22044604925E-16));
#480 = ORIENTED_EDGE('',*,*,#481,.T.);
#481 = EDGE_CURVE('',#474,#482,#484,.T.);
#482 = VERTEX_POINT('',#483);
#483 = CARTESIAN_POINT('',(-1.25,-1.125,2.498001805407E-16));
#484 = LINE('',#485,#486);
#485 = CARTESIAN_POINT('',(-1.65,-1.125,2.498001805407E-16));
#486 = VECTOR('',#487,1.);
#487 = DIRECTION('',(1.,0.,0.));
#488 = ORIENTED_EDGE('',*,*,#489,.T.);
#489 = EDGE_CURVE('',#482,#490,#492,.T.);
#490 = VERTEX_POINT('',#491);
#491 = CARTESIAN_POINT('',(-1.25,-0.825,1.831867990632E-16));
#492 = LINE('',#493,#494);
#493 = CARTESIAN_POINT('',(-1.25,-1.125,2.498001805407E-16));
#494 = VECTOR('',#495,1.);
#495 = DIRECTION('',(0.,1.,-2.22044604925E-16));
#496 = ORIENTED_EDGE('',*,*,#497,.T.);
#497 = EDGE_CURVE('',#490,#472,#498,.T.);
#498 = LINE('',#499,#500);
#499 = CARTESIAN_POINT('',(-1.25,-0.825,1.831867990632E-16));
#500 = VECTOR('',#501,1.);
#501 = DIRECTION('',(-1.,0.,0.));
#502 = PLANE('',#503);
#503 = AXIS2_PLACEMENT_3D('',#504,#505,#506);
#504 = CARTESIAN_POINT('',(0.,0.,0.));
#505 = DIRECTION('',(0.,2.22044604925E-16,1.));
#506 = DIRECTION('',(1.,0.,0.));
#507 = ADVANCED_FACE('',(#508),#533,.T.);
#508 = FACE_BOUND('',#509,.F.);
#509 = EDGE_LOOP('',(#510,#511,#519,#527));
#510 = ORIENTED_EDGE('',*,*,#471,.F.);
#511 = ORIENTED_EDGE('',*,*,#512,.T.);
#512 = EDGE_CURVE('',#472,#513,#515,.T.);
#513 = VERTEX_POINT('',#514);
#514 = CARTESIAN_POINT('',(-1.65,-0.825,0.2));
#515 = LINE('',#516,#517);
#516 = CARTESIAN_POINT('',(-1.65,-0.825,1.831867990632E-16));
#517 = VECTOR('',#518,1.);
#518 = DIRECTION('',(0.,2.22044604925E-16,1.));
#519 = ORIENTED_EDGE('',*,*,#520,.T.);
#520 = EDGE_CURVE('',#513,#521,#523,.T.);
#521 = VERTEX_POINT('',#522);
#522 = CARTESIAN_POINT('',(-1.65,-1.125,0.2));
#523 = LINE('',#524,#525);
#524 = CARTESIAN_POINT('',(-1.65,-0.825,0.2));
#525 = VECTOR('',#526,1.);
#526 = DIRECTION('',(0.,-1.,2.22044604925E-16));
#527 = ORIENTED_EDGE('',*,*,#528,.F.);
#528 = EDGE_CURVE('',#474,#521,#529,.T.);
#529 = LINE('',#530,#531);
#530 = CARTESIAN_POINT('',(-1.65,-1.125,2.498001805407E-16));
#531 = VECTOR('',#532,1.);
#532 = DIRECTION('',(0.,2.22044604925E-16,1.));
#533 = PLANE('',#534);
#534 = AXIS2_PLACEMENT_3D('',#535,#536,#537);
#535 = CARTESIAN_POINT('',(-1.65,-0.825,1.831867990632E-16));
#536 = DIRECTION('',(-1.,0.,0.));
#537 = DIRECTION('',(0.,-1.,2.22044604925E-16));
#538 = ADVANCED_FACE('',(#539),#557,.T.);
#539 = FACE_BOUND('',#540,.F.);
#540 = EDGE_LOOP('',(#541,#542,#550,#556));
#541 = ORIENTED_EDGE('',*,*,#497,.F.);
#542 = ORIENTED_EDGE('',*,*,#543,.T.);
#543 = EDGE_CURVE('',#490,#544,#546,.T.);
#544 = VERTEX_POINT('',#545);
#545 = CARTESIAN_POINT('',(-1.25,-0.825,0.2));
#546 = LINE('',#547,#548);
#547 = CARTESIAN_POINT('',(-1.25,-0.825,1.831867990632E-16));
#548 = VECTOR('',#549,1.);
#549 = DIRECTION('',(0.,2.22044604925E-16,1.));
#550 = ORIENTED_EDGE('',*,*,#551,.T.);
#551 = EDGE_CURVE('',#544,#513,#552,.T.);
#552 = LINE('',#553,#554);
#553 = CARTESIAN_POINT('',(-1.25,-0.825,0.2));
#554 = VECTOR('',#555,1.);
#555 = DIRECTION('',(-1.,0.,0.));
#556 = ORIENTED_EDGE('',*,*,#512,.F.);
#557 = PLANE('',#558);
#558 = AXIS2_PLACEMENT_3D('',#559,#560,#561);
#559 = CARTESIAN_POINT('',(-1.25,-0.825,1.831867990632E-16));
#560 = DIRECTION('',(0.,1.,-2.22044604925E-16));
#561 = DIRECTION('',(-1.,0.,0.));
#562 = ADVANCED_FACE('',(#563),#581,.T.);
#563 = FACE_BOUND('',#564,.F.);
#564 = EDGE_LOOP('',(#565,#566,#574,#580));
#565 = ORIENTED_EDGE('',*,*,#489,.F.);
#566 = ORIENTED_EDGE('',*,*,#567,.T.);
#567 = EDGE_CURVE('',#482,#568,#570,.T.);
#568 = VERTEX_POINT('',#569);
#569 = CARTESIAN_POINT('',(-1.25,-1.125,0.2));
#570 = LINE('',#571,#572);
#571 = CARTESIAN_POINT('',(-1.25,-1.125,2.498001805407E-16));
#572 = VECTOR('',#573,1.);
#573 = DIRECTION('',(0.,2.22044604925E-16,1.));
#574 = ORIENTED_EDGE('',*,*,#575,.T.);
#575 = EDGE_CURVE('',#568,#544,#576,.T.);
#576 = LINE('',#577,#578);
#577 = CARTESIAN_POINT('',(-1.25,-1.125,0.2));
#578 = VECTOR('',#579,1.);
#579 = DIRECTION('',(0.,1.,-2.22044604925E-16));
#580 = ORIENTED_EDGE('',*,*,#543,.F.);
#581 = PLANE('',#582);
#582 = AXIS2_PLACEMENT_3D('',#583,#584,#585);
#583 = CARTESIAN_POINT('',(-1.25,-1.125,2.498001805407E-16));
#584 = DIRECTION('',(1.,0.,0.));
#585 = DIRECTION('',(0.,1.,-2.22044604925E-16));
#586 = ADVANCED_FACE('',(#587),#598,.T.);
#587 = FACE_BOUND('',#588,.F.);
#588 = EDGE_LOOP('',(#589,#590,#591,#597));
#589 = ORIENTED_EDGE('',*,*,#481,.F.);
#590 = ORIENTED_EDGE('',*,*,#528,.T.);
#591 = ORIENTED_EDGE('',*,*,#592,.T.);
#592 = EDGE_CURVE('',#521,#568,#593,.T.);
#593 = LINE('',#594,#595);
#594 = CARTESIAN_POINT('',(-1.65,-1.125,0.2));
#595 = VECTOR('',#596,1.);
#596 = DIRECTION('',(1.,0.,0.));
#597 = ORIENTED_EDGE('',*,*,#567,.F.);
#598 = PLANE('',#599);
#599 = AXIS2_PLACEMENT_3D('',#600,#601,#602);
#600 = CARTESIAN_POINT('',(-1.65,-1.125,2.498001805407E-16));
#601 = DIRECTION('',(0.,-1.,2.22044604925E-16));
#602 = DIRECTION('',(1.,0.,0.));
#603 = ADVANCED_FACE('',(#604),#610,.T.);
#604 = FACE_BOUND('',#605,.F.);
#605 = EDGE_LOOP('',(#606,#607,#608,#609));
#606 = ORIENTED_EDGE('',*,*,#520,.F.);
#607 = ORIENTED_EDGE('',*,*,#551,.F.);
#608 = ORIENTED_EDGE('',*,*,#575,.F.);
#609 = ORIENTED_EDGE('',*,*,#592,.F.);
#610 = PLANE('',#611);
#611 = AXIS2_PLACEMENT_3D('',#612,#613,#614);
#612 = CARTESIAN_POINT('',(0.,4.440892098501E-17,0.2));
#613 = DIRECTION('',(0.,2.22044604925E-16,1.));
#614 = DIRECTION('',(1.,0.,0.));
#615 = MANIFOLD_SOLID_BREP('',#616);
#616 = CLOSED_SHELL('',(#617,#657,#1040,#1071,#1102,#1126,#1150,#1174,
    #1198,#1222,#1246,#1263,#1581,#1598,#1620,#1637,#1649,#1666,#1683,
    #1700,#1717,#1734,#1751,#1773,#1795,#1812,#1829,#1846,#1863,#1880,
    #1897,#1914,#1926,#1943,#1960,#1977,#1994,#2011,#2023,#2040,#2057,
    #2074,#2091,#2108,#2125,#2137,#2154,#2171,#2188,#2205));
#617 = ADVANCED_FACE('',(#618),#652,.T.);
#618 = FACE_BOUND('',#619,.F.);
#619 = EDGE_LOOP('',(#620,#630,#638,#646));
#620 = ORIENTED_EDGE('',*,*,#621,.F.);
#621 = EDGE_CURVE('',#622,#624,#626,.T.);
#622 = VERTEX_POINT('',#623);
#623 = CARTESIAN_POINT('',(0.2,1.285,-2.853273173287E-16));
#624 = VERTEX_POINT('',#625);
#625 = CARTESIAN_POINT('',(0.1,1.285,-2.853273173287E-16));
#626 = LINE('',#627,#628);
#627 = CARTESIAN_POINT('',(0.2,1.285,-2.853273173287E-16));
#628 = VECTOR('',#629,1.);
#629 = DIRECTION('',(-1.,0.,0.));
#630 = ORIENTED_EDGE('',*,*,#631,.T.);
#631 = EDGE_CURVE('',#622,#632,#634,.T.);
#632 = VERTEX_POINT('',#633);
#633 = CARTESIAN_POINT('',(0.2,1.285,0.2));
#634 = LINE('',#635,#636);
#635 = CARTESIAN_POINT('',(0.2,1.285,-2.853273173287E-16));
#636 = VECTOR('',#637,1.);
#637 = DIRECTION('',(0.,2.22044604925E-16,1.));
#638 = ORIENTED_EDGE('',*,*,#639,.T.);
#639 = EDGE_CURVE('',#632,#640,#642,.T.);
#640 = VERTEX_POINT('',#641);
#641 = CARTESIAN_POINT('',(0.1,1.285,0.2));
#642 = LINE('',#643,#644);
#643 = CARTESIAN_POINT('',(0.2,1.285,0.2));
#644 = VECTOR('',#645,1.);
#645 = DIRECTION('',(-1.,0.,0.));
#646 = ORIENTED_EDGE('',*,*,#647,.F.);
#647 = EDGE_CURVE('',#624,#640,#648,.T.);
#648 = LINE('',#649,#650);
#649 = CARTESIAN_POINT('',(0.1,1.285,-2.853273173287E-16));
#650 = VECTOR('',#651,1.);
#651 = DIRECTION('',(0.,2.22044604925E-16,1.));
#652 = PLANE('',#653);
#653 = AXIS2_PLACEMENT_3D('',#654,#655,#656);
#654 = CARTESIAN_POINT('',(0.2,1.285,-2.853273173287E-16));
#655 = DIRECTION('',(0.,1.,-2.22044604925E-16));
#656 = DIRECTION('',(-1.,0.,0.));
#657 = ADVANCED_FACE('',(#658),#1035,.T.);
#658 = FACE_BOUND('',#659,.F.);
#659 = EDGE_LOOP('',(#660,#670,#678,#686,#694,#702,#710,#718,#726,#734,
    #742,#750,#758,#766,#774,#782,#790,#798,#806,#814,#822,#830,#838,
    #846,#854,#862,#870,#878,#886,#894,#902,#910,#918,#926,#934,#942,
    #950,#958,#966,#974,#980,#981,#989,#997,#1005,#1013,#1021,#1029));
#660 = ORIENTED_EDGE('',*,*,#661,.F.);
#661 = EDGE_CURVE('',#662,#664,#666,.T.);
#662 = VERTEX_POINT('',#663);
#663 = CARTESIAN_POINT('',(-0.2,-1.225,2.720046410332E-16));
#664 = VERTEX_POINT('',#665);
#665 = CARTESIAN_POINT('',(-0.565,-1.225,2.720046410332E-16));
#666 = LINE('',#667,#668);
#667 = CARTESIAN_POINT('',(-0.2,-1.225,2.720046410332E-16));
#668 = VECTOR('',#669,1.);
#669 = DIRECTION('',(-1.,0.,0.));
#670 = ORIENTED_EDGE('',*,*,#671,.F.);
#671 = EDGE_CURVE('',#672,#662,#674,.T.);
#672 = VERTEX_POINT('',#673);
#673 = CARTESIAN_POINT('',(-0.2,-1.285,2.853273173287E-16));
#674 = LINE('',#675,#676);
#675 = CARTESIAN_POINT('',(-0.2,-1.285,2.853273173287E-16));
#676 = VECTOR('',#677,1.);
#677 = DIRECTION('',(0.,1.,-2.22044604925E-16));
#678 = ORIENTED_EDGE('',*,*,#679,.F.);
#679 = EDGE_CURVE('',#680,#672,#682,.T.);
#680 = VERTEX_POINT('',#681);
#681 = CARTESIAN_POINT('',(-0.1,-1.285,2.853273173287E-16));
#682 = LINE('',#683,#684);
#683 = CARTESIAN_POINT('',(-0.1,-1.285,2.853273173287E-16));
#684 = VECTOR('',#685,1.);
#685 = DIRECTION('',(-1.,0.,0.));
#686 = ORIENTED_EDGE('',*,*,#687,.F.);
#687 = EDGE_CURVE('',#688,#680,#690,.T.);
#688 = VERTEX_POINT('',#689);
#689 = CARTESIAN_POINT('',(-0.1,-1.655,3.674838211509E-16));
#690 = LINE('',#691,#692);
#691 = CARTESIAN_POINT('',(-0.1,-1.655,3.674838211509E-16));
#692 = VECTOR('',#693,1.);
#693 = DIRECTION('',(0.,1.,-2.22044604925E-16));
#694 = ORIENTED_EDGE('',*,*,#695,.F.);
#695 = EDGE_CURVE('',#696,#688,#698,.T.);
#696 = VERTEX_POINT('',#697);
#697 = CARTESIAN_POINT('',(0.1,-1.655,3.674838211509E-16));
#698 = LINE('',#699,#700);
#699 = CARTESIAN_POINT('',(0.1,-1.655,3.674838211509E-16));
#700 = VECTOR('',#701,1.);
#701 = DIRECTION('',(-1.,0.,0.));
#702 = ORIENTED_EDGE('',*,*,#703,.F.);
#703 = EDGE_CURVE('',#704,#696,#706,.T.);
#704 = VERTEX_POINT('',#705);
#705 = CARTESIAN_POINT('',(0.1,-1.285,2.853273173287E-16));
#706 = LINE('',#707,#708);
#707 = CARTESIAN_POINT('',(0.1,-1.285,2.853273173287E-16));
#708 = VECTOR('',#709,1.);
#709 = DIRECTION('',(0.,-1.,2.22044604925E-16));
#710 = ORIENTED_EDGE('',*,*,#711,.F.);
#711 = EDGE_CURVE('',#712,#704,#714,.T.);
#712 = VERTEX_POINT('',#713);
#713 = CARTESIAN_POINT('',(0.2,-1.285,2.853273173287E-16));
#714 = LINE('',#715,#716);
#715 = CARTESIAN_POINT('',(0.2,-1.285,2.853273173287E-16));
#716 = VECTOR('',#717,1.);
#717 = DIRECTION('',(-1.,0.,0.));
#718 = ORIENTED_EDGE('',*,*,#719,.F.);
#719 = EDGE_CURVE('',#720,#712,#722,.T.);
#720 = VERTEX_POINT('',#721);
#721 = CARTESIAN_POINT('',(0.2,-1.225,2.720046410332E-16));
#722 = LINE('',#723,#724);
#723 = CARTESIAN_POINT('',(0.2,-1.225,2.720046410332E-16));
#724 = VECTOR('',#725,1.);
#725 = DIRECTION('',(0.,-1.,2.22044604925E-16));
#726 = ORIENTED_EDGE('',*,*,#727,.F.);
#727 = EDGE_CURVE('',#728,#720,#730,.T.);
#728 = VERTEX_POINT('',#729);
#729 = CARTESIAN_POINT('',(1.23,-1.225,2.720046410332E-16));
#730 = LINE('',#731,#732);
#731 = CARTESIAN_POINT('',(1.23,-1.225,2.720046410332E-16));
#732 = VECTOR('',#733,1.);
#733 = DIRECTION('',(-1.,0.,0.));
#734 = ORIENTED_EDGE('',*,*,#735,.F.);
#735 = EDGE_CURVE('',#736,#728,#738,.T.);
#736 = VERTEX_POINT('',#737);
#737 = CARTESIAN_POINT('',(1.23,-1.125,2.498001805407E-16));
#738 = LINE('',#739,#740);
#739 = CARTESIAN_POINT('',(1.23,-1.125,2.498001805407E-16));
#740 = VECTOR('',#741,1.);
#741 = DIRECTION('',(0.,-1.,2.22044604925E-16));
#742 = ORIENTED_EDGE('',*,*,#743,.F.);
#743 = EDGE_CURVE('',#744,#736,#746,.T.);
#744 = VERTEX_POINT('',#745);
#745 = CARTESIAN_POINT('',(1.65,-1.125,2.498001805407E-16));
#746 = LINE('',#747,#748);
#747 = CARTESIAN_POINT('',(1.65,-1.125,2.498001805407E-16));
#748 = VECTOR('',#749,1.);
#749 = DIRECTION('',(-1.,0.,0.));
#750 = ORIENTED_EDGE('',*,*,#751,.F.);
#751 = EDGE_CURVE('',#752,#744,#754,.T.);
#752 = VERTEX_POINT('',#753);
#753 = CARTESIAN_POINT('',(1.65,-0.825,1.831867990632E-16));
#754 = LINE('',#755,#756);
#755 = CARTESIAN_POINT('',(1.65,-0.825,1.831867990632E-16));
#756 = VECTOR('',#757,1.);
#757 = DIRECTION('',(0.,-1.,2.22044604925E-16));
#758 = ORIENTED_EDGE('',*,*,#759,.F.);
#759 = EDGE_CURVE('',#760,#752,#762,.T.);
#760 = VERTEX_POINT('',#761);
#761 = CARTESIAN_POINT('',(1.23,-0.825,1.831867990632E-16));
#762 = LINE('',#763,#764);
#763 = CARTESIAN_POINT('',(1.23,-0.825,1.831867990632E-16));
#764 = VECTOR('',#765,1.);
#765 = DIRECTION('',(1.,0.,0.));
#766 = ORIENTED_EDGE('',*,*,#767,.T.);
#767 = EDGE_CURVE('',#760,#768,#770,.T.);
#768 = VERTEX_POINT('',#769);
#769 = CARTESIAN_POINT('',(1.23,-0.775,1.720845688169E-16));
#770 = LINE('',#771,#772);
#771 = CARTESIAN_POINT('',(1.23,-0.825,1.831867990632E-16));
#772 = VECTOR('',#773,1.);
#773 = DIRECTION('',(0.,1.,-2.22044604925E-16));
#774 = ORIENTED_EDGE('',*,*,#775,.T.);
#775 = EDGE_CURVE('',#768,#776,#778,.T.);
#776 = VERTEX_POINT('',#777);
#777 = CARTESIAN_POINT('',(1.17,-0.775,1.720845688169E-16));
#778 = LINE('',#779,#780);
#779 = CARTESIAN_POINT('',(1.23,-0.775,1.720845688169E-16));
#780 = VECTOR('',#781,1.);
#781 = DIRECTION('',(-1.,0.,0.));
#782 = ORIENTED_EDGE('',*,*,#783,.T.);
#783 = EDGE_CURVE('',#776,#784,#786,.T.);
#784 = VERTEX_POINT('',#785);
#785 = CARTESIAN_POINT('',(1.17,-0.525,1.165734175856E-16));
#786 = LINE('',#787,#788);
#787 = CARTESIAN_POINT('',(1.17,-0.775,1.720845688169E-16));
#788 = VECTOR('',#789,1.);
#789 = DIRECTION('',(0.,1.,-2.22044604925E-16));
#790 = ORIENTED_EDGE('',*,*,#791,.T.);
#791 = EDGE_CURVE('',#784,#792,#794,.T.);
#792 = VERTEX_POINT('',#793);
#793 = CARTESIAN_POINT('',(1.23,-0.525,1.165734175856E-16));
#794 = LINE('',#795,#796);
#795 = CARTESIAN_POINT('',(1.17,-0.525,1.165734175856E-16));
#796 = VECTOR('',#797,1.);
#797 = DIRECTION('',(1.,0.,0.));
#798 = ORIENTED_EDGE('',*,*,#799,.T.);
#799 = EDGE_CURVE('',#792,#800,#802,.T.);
#800 = VERTEX_POINT('',#801);
#801 = CARTESIAN_POINT('',(1.23,-0.475,1.054711873394E-16));
#802 = LINE('',#803,#804);
#803 = CARTESIAN_POINT('',(1.23,-0.525,1.165734175856E-16));
#804 = VECTOR('',#805,1.);
#805 = DIRECTION('',(0.,1.,-2.22044604925E-16));
#806 = ORIENTED_EDGE('',*,*,#807,.F.);
#807 = EDGE_CURVE('',#808,#800,#810,.T.);
#808 = VERTEX_POINT('',#809);
#809 = CARTESIAN_POINT('',(1.65,-0.475,1.054711873394E-16));
#810 = LINE('',#811,#812);
#811 = CARTESIAN_POINT('',(1.65,-0.475,1.054711873394E-16));
#812 = VECTOR('',#813,1.);
#813 = DIRECTION('',(-1.,0.,0.));
#814 = ORIENTED_EDGE('',*,*,#815,.F.);
#815 = EDGE_CURVE('',#816,#808,#818,.T.);
#816 = VERTEX_POINT('',#817);
#817 = CARTESIAN_POINT('',(1.65,-0.175,3.885780586188E-17));
#818 = LINE('',#819,#820);
#819 = CARTESIAN_POINT('',(1.65,-0.175,3.885780586188E-17));
#820 = VECTOR('',#821,1.);
#821 = DIRECTION('',(0.,-1.,2.22044604925E-16));
#822 = ORIENTED_EDGE('',*,*,#823,.F.);
#823 = EDGE_CURVE('',#824,#816,#826,.T.);
#824 = VERTEX_POINT('',#825);
#825 = CARTESIAN_POINT('',(1.23,-0.175,3.885780586188E-17));
#826 = LINE('',#827,#828);
#827 = CARTESIAN_POINT('',(1.23,-0.175,3.885780586188E-17));
#828 = VECTOR('',#829,1.);
#829 = DIRECTION('',(1.,0.,0.));
#830 = ORIENTED_EDGE('',*,*,#831,.T.);
#831 = EDGE_CURVE('',#824,#832,#834,.T.);
#832 = VERTEX_POINT('',#833);
#833 = CARTESIAN_POINT('',(1.23,-0.125,2.775557561563E-17));
#834 = LINE('',#835,#836);
#835 = CARTESIAN_POINT('',(1.23,-0.175,3.885780586188E-17));
#836 = VECTOR('',#837,1.);
#837 = DIRECTION('',(0.,1.,-2.22044604925E-16));
#838 = ORIENTED_EDGE('',*,*,#839,.T.);
#839 = EDGE_CURVE('',#832,#840,#842,.T.);
#840 = VERTEX_POINT('',#841);
#841 = CARTESIAN_POINT('',(1.17,-0.125,2.775557561563E-17));
#842 = LINE('',#843,#844);
#843 = CARTESIAN_POINT('',(1.23,-0.125,2.775557561563E-17));
#844 = VECTOR('',#845,1.);
#845 = DIRECTION('',(-1.,0.,0.));
#846 = ORIENTED_EDGE('',*,*,#847,.T.);
#847 = EDGE_CURVE('',#840,#848,#850,.T.);
#848 = VERTEX_POINT('',#849);
#849 = CARTESIAN_POINT('',(1.17,0.125,-2.775557561563E-17));
#850 = LINE('',#851,#852);
#851 = CARTESIAN_POINT('',(1.17,-0.125,2.775557561563E-17));
#852 = VECTOR('',#853,1.);
#853 = DIRECTION('',(0.,1.,-2.22044604925E-16));
#854 = ORIENTED_EDGE('',*,*,#855,.T.);
#855 = EDGE_CURVE('',#848,#856,#858,.T.);
#856 = VERTEX_POINT('',#857);
#857 = CARTESIAN_POINT('',(1.23,0.125,-2.775557561563E-17));
#858 = LINE('',#859,#860);
#859 = CARTESIAN_POINT('',(1.17,0.125,-2.775557561563E-17));
#860 = VECTOR('',#861,1.);
#861 = DIRECTION('',(1.,0.,0.));
#862 = ORIENTED_EDGE('',*,*,#863,.T.);
#863 = EDGE_CURVE('',#856,#864,#866,.T.);
#864 = VERTEX_POINT('',#865);
#865 = CARTESIAN_POINT('',(1.23,0.175,-3.885780586188E-17));
#866 = LINE('',#867,#868);
#867 = CARTESIAN_POINT('',(1.23,0.125,-2.775557561563E-17));
#868 = VECTOR('',#869,1.);
#869 = DIRECTION('',(0.,1.,-2.22044604925E-16));
#870 = ORIENTED_EDGE('',*,*,#871,.F.);
#871 = EDGE_CURVE('',#872,#864,#874,.T.);
#872 = VERTEX_POINT('',#873);
#873 = CARTESIAN_POINT('',(1.65,0.175,-3.885780586188E-17));
#874 = LINE('',#875,#876);
#875 = CARTESIAN_POINT('',(1.65,0.175,-3.885780586188E-17));
#876 = VECTOR('',#877,1.);
#877 = DIRECTION('',(-1.,0.,0.));
#878 = ORIENTED_EDGE('',*,*,#879,.F.);
#879 = EDGE_CURVE('',#880,#872,#882,.T.);
#880 = VERTEX_POINT('',#881);
#881 = CARTESIAN_POINT('',(1.65,0.475,-1.054711873394E-16));
#882 = LINE('',#883,#884);
#883 = CARTESIAN_POINT('',(1.65,0.475,-1.054711873394E-16));
#884 = VECTOR('',#885,1.);
#885 = DIRECTION('',(0.,-1.,2.22044604925E-16));
#886 = ORIENTED_EDGE('',*,*,#887,.F.);
#887 = EDGE_CURVE('',#888,#880,#890,.T.);
#888 = VERTEX_POINT('',#889);
#889 = CARTESIAN_POINT('',(1.23,0.475,-1.054711873394E-16));
#890 = LINE('',#891,#892);
#891 = CARTESIAN_POINT('',(1.23,0.475,-1.054711873394E-16));
#892 = VECTOR('',#893,1.);
#893 = DIRECTION('',(1.,0.,0.));
#894 = ORIENTED_EDGE('',*,*,#895,.T.);
#895 = EDGE_CURVE('',#888,#896,#898,.T.);
#896 = VERTEX_POINT('',#897);
#897 = CARTESIAN_POINT('',(1.23,0.525,-1.165734175856E-16));
#898 = LINE('',#899,#900);
#899 = CARTESIAN_POINT('',(1.23,0.475,-1.054711873394E-16));
#900 = VECTOR('',#901,1.);
#901 = DIRECTION('',(0.,1.,-2.22044604925E-16));
#902 = ORIENTED_EDGE('',*,*,#903,.T.);
#903 = EDGE_CURVE('',#896,#904,#906,.T.);
#904 = VERTEX_POINT('',#905);
#905 = CARTESIAN_POINT('',(1.17,0.525,-1.165734175856E-16));
#906 = LINE('',#907,#908);
#907 = CARTESIAN_POINT('',(1.23,0.525,-1.165734175856E-16));
#908 = VECTOR('',#909,1.);
#909 = DIRECTION('',(-1.,0.,0.));
#910 = ORIENTED_EDGE('',*,*,#911,.T.);
#911 = EDGE_CURVE('',#904,#912,#914,.T.);
#912 = VERTEX_POINT('',#913);
#913 = CARTESIAN_POINT('',(1.17,0.775,-1.720845688169E-16));
#914 = LINE('',#915,#916);
#915 = CARTESIAN_POINT('',(1.17,0.525,-1.165734175856E-16));
#916 = VECTOR('',#917,1.);
#917 = DIRECTION('',(0.,1.,-2.22044604925E-16));
#918 = ORIENTED_EDGE('',*,*,#919,.T.);
#919 = EDGE_CURVE('',#912,#920,#922,.T.);
#920 = VERTEX_POINT('',#921);
#921 = CARTESIAN_POINT('',(1.23,0.775,-1.720845688169E-16));
#922 = LINE('',#923,#924);
#923 = CARTESIAN_POINT('',(1.17,0.775,-1.720845688169E-16));
#924 = VECTOR('',#925,1.);
#925 = DIRECTION('',(1.,0.,0.));
#926 = ORIENTED_EDGE('',*,*,#927,.T.);
#927 = EDGE_CURVE('',#920,#928,#930,.T.);
#928 = VERTEX_POINT('',#929);
#929 = CARTESIAN_POINT('',(1.23,0.825,-1.831867990632E-16));
#930 = LINE('',#931,#932);
#931 = CARTESIAN_POINT('',(1.23,0.775,-1.720845688169E-16));
#932 = VECTOR('',#933,1.);
#933 = DIRECTION('',(0.,1.,-2.22044604925E-16));
#934 = ORIENTED_EDGE('',*,*,#935,.F.);
#935 = EDGE_CURVE('',#936,#928,#938,.T.);
#936 = VERTEX_POINT('',#937);
#937 = CARTESIAN_POINT('',(1.65,0.825,-1.831867990632E-16));
#938 = LINE('',#939,#940);
#939 = CARTESIAN_POINT('',(1.65,0.825,-1.831867990632E-16));
#940 = VECTOR('',#941,1.);
#941 = DIRECTION('',(-1.,0.,0.));
#942 = ORIENTED_EDGE('',*,*,#943,.F.);
#943 = EDGE_CURVE('',#944,#936,#946,.T.);
#944 = VERTEX_POINT('',#945);
#945 = CARTESIAN_POINT('',(1.65,1.125,-2.498001805407E-16));
#946 = LINE('',#947,#948);
#947 = CARTESIAN_POINT('',(1.65,1.125,-2.498001805407E-16));
#948 = VECTOR('',#949,1.);
#949 = DIRECTION('',(0.,-1.,2.22044604925E-16));
#950 = ORIENTED_EDGE('',*,*,#951,.F.);
#951 = EDGE_CURVE('',#952,#944,#954,.T.);
#952 = VERTEX_POINT('',#953);
#953 = CARTESIAN_POINT('',(1.23,1.125,-2.498001805407E-16));
#954 = LINE('',#955,#956);
#955 = CARTESIAN_POINT('',(1.23,1.125,-2.498001805407E-16));
#956 = VECTOR('',#957,1.);
#957 = DIRECTION('',(1.,0.,0.));
#958 = ORIENTED_EDGE('',*,*,#959,.F.);
#959 = EDGE_CURVE('',#960,#952,#962,.T.);
#960 = VERTEX_POINT('',#961);
#961 = CARTESIAN_POINT('',(1.23,1.225,-2.720046410332E-16));
#962 = LINE('',#963,#964);
#963 = CARTESIAN_POINT('',(1.23,1.225,-2.720046410332E-16));
#964 = VECTOR('',#965,1.);
#965 = DIRECTION('',(0.,-1.,2.22044604925E-16));
#966 = ORIENTED_EDGE('',*,*,#967,.F.);
#967 = EDGE_CURVE('',#968,#960,#970,.T.);
#968 = VERTEX_POINT('',#969);
#969 = CARTESIAN_POINT('',(0.2,1.225,-2.720046410332E-16));
#970 = LINE('',#971,#972);
#971 = CARTESIAN_POINT('',(0.2,1.225,-2.720046410332E-16));
#972 = VECTOR('',#973,1.);
#973 = DIRECTION('',(1.,0.,0.));
#974 = ORIENTED_EDGE('',*,*,#975,.T.);
#975 = EDGE_CURVE('',#968,#622,#976,.T.);
#976 = LINE('',#977,#978);
#977 = CARTESIAN_POINT('',(0.2,1.225,-2.720046410332E-16));
#978 = VECTOR('',#979,1.);
#979 = DIRECTION('',(0.,1.,-2.22044604925E-16));
#980 = ORIENTED_EDGE('',*,*,#621,.T.);
#981 = ORIENTED_EDGE('',*,*,#982,.T.);
#982 = EDGE_CURVE('',#624,#983,#985,.T.);
#983 = VERTEX_POINT('',#984);
#984 = CARTESIAN_POINT('',(0.1,1.655,-3.674838211509E-16));
#985 = LINE('',#986,#987);
#986 = CARTESIAN_POINT('',(0.1,1.285,-2.853273173287E-16));
#987 = VECTOR('',#988,1.);
#988 = DIRECTION('',(0.,1.,-2.22044604925E-16));
#989 = ORIENTED_EDGE('',*,*,#990,.T.);
#990 = EDGE_CURVE('',#983,#991,#993,.T.);
#991 = VERTEX_POINT('',#992);
#992 = CARTESIAN_POINT('',(-0.1,1.655,-3.674838211509E-16));
#993 = LINE('',#994,#995);
#994 = CARTESIAN_POINT('',(0.1,1.655,-3.674838211509E-16));
#995 = VECTOR('',#996,1.);
#996 = DIRECTION('',(-1.,0.,0.));
#997 = ORIENTED_EDGE('',*,*,#998,.T.);
#998 = EDGE_CURVE('',#991,#999,#1001,.T.);
#999 = VERTEX_POINT('',#1000);
#1000 = CARTESIAN_POINT('',(-0.1,1.285,-2.853273173287E-16));
#1001 = LINE('',#1002,#1003);
#1002 = CARTESIAN_POINT('',(-0.1,1.655,-3.674838211509E-16));
#1003 = VECTOR('',#1004,1.);
#1004 = DIRECTION('',(0.,-1.,2.22044604925E-16));
#1005 = ORIENTED_EDGE('',*,*,#1006,.T.);
#1006 = EDGE_CURVE('',#999,#1007,#1009,.T.);
#1007 = VERTEX_POINT('',#1008);
#1008 = CARTESIAN_POINT('',(-0.2,1.285,-2.853273173287E-16));
#1009 = LINE('',#1010,#1011);
#1010 = CARTESIAN_POINT('',(-0.1,1.285,-2.853273173287E-16));
#1011 = VECTOR('',#1012,1.);
#1012 = DIRECTION('',(-1.,0.,0.));
#1013 = ORIENTED_EDGE('',*,*,#1014,.T.);
#1014 = EDGE_CURVE('',#1007,#1015,#1017,.T.);
#1015 = VERTEX_POINT('',#1016);
#1016 = CARTESIAN_POINT('',(-0.2,1.225,-2.720046410332E-16));
#1017 = LINE('',#1018,#1019);
#1018 = CARTESIAN_POINT('',(-0.2,1.285,-2.853273173287E-16));
#1019 = VECTOR('',#1020,1.);
#1020 = DIRECTION('',(0.,-1.,2.22044604925E-16));
#1021 = ORIENTED_EDGE('',*,*,#1022,.F.);
#1022 = EDGE_CURVE('',#1023,#1015,#1025,.T.);
#1023 = VERTEX_POINT('',#1024);
#1024 = CARTESIAN_POINT('',(-0.565,1.225,-2.720046410332E-16));
#1025 = LINE('',#1026,#1027);
#1026 = CARTESIAN_POINT('',(-0.565,1.225,-2.720046410332E-16));
#1027 = VECTOR('',#1028,1.);
#1028 = DIRECTION('',(1.,0.,0.));
#1029 = ORIENTED_EDGE('',*,*,#1030,.T.);
#1030 = EDGE_CURVE('',#1023,#664,#1031,.T.);
#1031 = LINE('',#1032,#1033);
#1032 = CARTESIAN_POINT('',(-0.565,1.225,-2.720046410332E-16));
#1033 = VECTOR('',#1034,1.);
#1034 = DIRECTION('',(0.,-1.,2.22044604925E-16));
#1035 = PLANE('',#1036);
#1036 = AXIS2_PLACEMENT_3D('',#1037,#1038,#1039);
#1037 = CARTESIAN_POINT('',(0.,0.,0.));
#1038 = DIRECTION('',(0.,-2.22044604925E-16,-1.));
#1039 = DIRECTION('',(-1.,0.,0.));
#1040 = ADVANCED_FACE('',(#1041),#1066,.T.);
#1041 = FACE_BOUND('',#1042,.F.);
#1042 = EDGE_LOOP('',(#1043,#1051,#1059,#1065));
#1043 = ORIENTED_EDGE('',*,*,#1044,.T.);
#1044 = EDGE_CURVE('',#720,#1045,#1047,.T.);
#1045 = VERTEX_POINT('',#1046);
#1046 = CARTESIAN_POINT('',(0.2,-1.225,0.2));
#1047 = LINE('',#1048,#1049);
#1048 = CARTESIAN_POINT('',(0.2,-1.225,2.720046410332E-16));
#1049 = VECTOR('',#1050,1.);
#1050 = DIRECTION('',(0.,2.22044604925E-16,1.));
#1051 = ORIENTED_EDGE('',*,*,#1052,.F.);
#1052 = EDGE_CURVE('',#1053,#1045,#1055,.T.);
#1053 = VERTEX_POINT('',#1054);
#1054 = CARTESIAN_POINT('',(1.23,-1.225,0.2));
#1055 = LINE('',#1056,#1057);
#1056 = CARTESIAN_POINT('',(1.23,-1.225,0.2));
#1057 = VECTOR('',#1058,1.);
#1058 = DIRECTION('',(-1.,0.,0.));
#1059 = ORIENTED_EDGE('',*,*,#1060,.F.);
#1060 = EDGE_CURVE('',#728,#1053,#1061,.T.);
#1061 = LINE('',#1062,#1063);
#1062 = CARTESIAN_POINT('',(1.23,-1.225,2.720046410332E-16));
#1063 = VECTOR('',#1064,1.);
#1064 = DIRECTION('',(0.,2.22044604925E-16,1.));
#1065 = ORIENTED_EDGE('',*,*,#727,.T.);
#1066 = PLANE('',#1067);
#1067 = AXIS2_PLACEMENT_3D('',#1068,#1069,#1070);
#1068 = CARTESIAN_POINT('',(-0.565,-1.225,2.720046410332E-16));
#1069 = DIRECTION('',(0.,-1.,2.22044604925E-16));
#1070 = DIRECTION('',(1.,0.,0.));
#1071 = ADVANCED_FACE('',(#1072),#1097,.T.);
#1072 = FACE_BOUND('',#1073,.F.);
#1073 = EDGE_LOOP('',(#1074,#1082,#1083,#1091));
#1074 = ORIENTED_EDGE('',*,*,#1075,.F.);
#1075 = EDGE_CURVE('',#662,#1076,#1078,.T.);
#1076 = VERTEX_POINT('',#1077);
#1077 = CARTESIAN_POINT('',(-0.2,-1.225,0.2));
#1078 = LINE('',#1079,#1080);
#1079 = CARTESIAN_POINT('',(-0.2,-1.225,2.720046410332E-16));
#1080 = VECTOR('',#1081,1.);
#1081 = DIRECTION('',(0.,2.22044604925E-16,1.));
#1082 = ORIENTED_EDGE('',*,*,#661,.T.);
#1083 = ORIENTED_EDGE('',*,*,#1084,.T.);
#1084 = EDGE_CURVE('',#664,#1085,#1087,.T.);
#1085 = VERTEX_POINT('',#1086);
#1086 = CARTESIAN_POINT('',(-0.565,-1.225,0.2));
#1087 = LINE('',#1088,#1089);
#1088 = CARTESIAN_POINT('',(-0.565,-1.225,2.720046410332E-16));
#1089 = VECTOR('',#1090,1.);
#1090 = DIRECTION('',(0.,2.22044604925E-16,1.));
#1091 = ORIENTED_EDGE('',*,*,#1092,.F.);
#1092 = EDGE_CURVE('',#1076,#1085,#1093,.T.);
#1093 = LINE('',#1094,#1095);
#1094 = CARTESIAN_POINT('',(-0.2,-1.225,0.2));
#1095 = VECTOR('',#1096,1.);
#1096 = DIRECTION('',(-1.,0.,0.));
#1097 = PLANE('',#1098);
#1098 = AXIS2_PLACEMENT_3D('',#1099,#1100,#1101);
#1099 = CARTESIAN_POINT('',(-0.565,-1.225,2.720046410332E-16));
#1100 = DIRECTION('',(0.,-1.,2.22044604925E-16));
#1101 = DIRECTION('',(1.,0.,0.));
#1102 = ADVANCED_FACE('',(#1103),#1121,.F.);
#1103 = FACE_BOUND('',#1104,.F.);
#1104 = EDGE_LOOP('',(#1105,#1106,#1114,#1120));
#1105 = ORIENTED_EDGE('',*,*,#719,.T.);
#1106 = ORIENTED_EDGE('',*,*,#1107,.T.);
#1107 = EDGE_CURVE('',#712,#1108,#1110,.T.);
#1108 = VERTEX_POINT('',#1109);
#1109 = CARTESIAN_POINT('',(0.2,-1.285,0.2));
#1110 = LINE('',#1111,#1112);
#1111 = CARTESIAN_POINT('',(0.2,-1.285,2.853273173287E-16));
#1112 = VECTOR('',#1113,1.);
#1113 = DIRECTION('',(0.,2.22044604925E-16,1.));
#1114 = ORIENTED_EDGE('',*,*,#1115,.F.);
#1115 = EDGE_CURVE('',#1045,#1108,#1116,.T.);
#1116 = LINE('',#1117,#1118);
#1117 = CARTESIAN_POINT('',(0.2,-1.225,0.2));
#1118 = VECTOR('',#1119,1.);
#1119 = DIRECTION('',(0.,-1.,2.22044604925E-16));
#1120 = ORIENTED_EDGE('',*,*,#1044,.F.);
#1121 = PLANE('',#1122);
#1122 = AXIS2_PLACEMENT_3D('',#1123,#1124,#1125);
#1123 = CARTESIAN_POINT('',(0.2,-1.225,2.720046410332E-16));
#1124 = DIRECTION('',(-1.,0.,0.));
#1125 = DIRECTION('',(0.,-1.,2.22044604925E-16));
#1126 = ADVANCED_FACE('',(#1127),#1145,.F.);
#1127 = FACE_BOUND('',#1128,.F.);
#1128 = EDGE_LOOP('',(#1129,#1130,#1138,#1144));
#1129 = ORIENTED_EDGE('',*,*,#711,.T.);
#1130 = ORIENTED_EDGE('',*,*,#1131,.T.);
#1131 = EDGE_CURVE('',#704,#1132,#1134,.T.);
#1132 = VERTEX_POINT('',#1133);
#1133 = CARTESIAN_POINT('',(0.1,-1.285,0.2));
#1134 = LINE('',#1135,#1136);
#1135 = CARTESIAN_POINT('',(0.1,-1.285,2.853273173287E-16));
#1136 = VECTOR('',#1137,1.);
#1137 = DIRECTION('',(0.,2.22044604925E-16,1.));
#1138 = ORIENTED_EDGE('',*,*,#1139,.F.);
#1139 = EDGE_CURVE('',#1108,#1132,#1140,.T.);
#1140 = LINE('',#1141,#1142);
#1141 = CARTESIAN_POINT('',(0.2,-1.285,0.2));
#1142 = VECTOR('',#1143,1.);
#1143 = DIRECTION('',(-1.,0.,0.));
#1144 = ORIENTED_EDGE('',*,*,#1107,.F.);
#1145 = PLANE('',#1146);
#1146 = AXIS2_PLACEMENT_3D('',#1147,#1148,#1149);
#1147 = CARTESIAN_POINT('',(0.2,-1.285,2.853273173287E-16));
#1148 = DIRECTION('',(0.,1.,-2.22044604925E-16));
#1149 = DIRECTION('',(-1.,0.,0.));
#1150 = ADVANCED_FACE('',(#1151),#1169,.F.);
#1151 = FACE_BOUND('',#1152,.F.);
#1152 = EDGE_LOOP('',(#1153,#1154,#1162,#1168));
#1153 = ORIENTED_EDGE('',*,*,#703,.T.);
#1154 = ORIENTED_EDGE('',*,*,#1155,.T.);
#1155 = EDGE_CURVE('',#696,#1156,#1158,.T.);
#1156 = VERTEX_POINT('',#1157);
#1157 = CARTESIAN_POINT('',(0.1,-1.655,0.2));
#1158 = LINE('',#1159,#1160);
#1159 = CARTESIAN_POINT('',(0.1,-1.655,3.674838211509E-16));
#1160 = VECTOR('',#1161,1.);
#1161 = DIRECTION('',(0.,2.22044604925E-16,1.));
#1162 = ORIENTED_EDGE('',*,*,#1163,.F.);
#1163 = EDGE_CURVE('',#1132,#1156,#1164,.T.);
#1164 = LINE('',#1165,#1166);
#1165 = CARTESIAN_POINT('',(0.1,-1.285,0.2));
#1166 = VECTOR('',#1167,1.);
#1167 = DIRECTION('',(0.,-1.,2.22044604925E-16));
#1168 = ORIENTED_EDGE('',*,*,#1131,.F.);
#1169 = PLANE('',#1170);
#1170 = AXIS2_PLACEMENT_3D('',#1171,#1172,#1173);
#1171 = CARTESIAN_POINT('',(0.1,-1.285,2.853273173287E-16));
#1172 = DIRECTION('',(-1.,0.,0.));
#1173 = DIRECTION('',(0.,-1.,2.22044604925E-16));
#1174 = ADVANCED_FACE('',(#1175),#1193,.F.);
#1175 = FACE_BOUND('',#1176,.F.);
#1176 = EDGE_LOOP('',(#1177,#1178,#1186,#1192));
#1177 = ORIENTED_EDGE('',*,*,#695,.T.);
#1178 = ORIENTED_EDGE('',*,*,#1179,.T.);
#1179 = EDGE_CURVE('',#688,#1180,#1182,.T.);
#1180 = VERTEX_POINT('',#1181);
#1181 = CARTESIAN_POINT('',(-0.1,-1.655,0.2));
#1182 = LINE('',#1183,#1184);
#1183 = CARTESIAN_POINT('',(-0.1,-1.655,3.674838211509E-16));
#1184 = VECTOR('',#1185,1.);
#1185 = DIRECTION('',(0.,2.22044604925E-16,1.));
#1186 = ORIENTED_EDGE('',*,*,#1187,.F.);
#1187 = EDGE_CURVE('',#1156,#1180,#1188,.T.);
#1188 = LINE('',#1189,#1190);
#1189 = CARTESIAN_POINT('',(0.1,-1.655,0.2));
#1190 = VECTOR('',#1191,1.);
#1191 = DIRECTION('',(-1.,0.,0.));
#1192 = ORIENTED_EDGE('',*,*,#1155,.F.);
#1193 = PLANE('',#1194);
#1194 = AXIS2_PLACEMENT_3D('',#1195,#1196,#1197);
#1195 = CARTESIAN_POINT('',(0.1,-1.655,3.674838211509E-16));
#1196 = DIRECTION('',(0.,1.,-2.22044604925E-16));
#1197 = DIRECTION('',(-1.,0.,0.));
#1198 = ADVANCED_FACE('',(#1199),#1217,.F.);
#1199 = FACE_BOUND('',#1200,.F.);
#1200 = EDGE_LOOP('',(#1201,#1202,#1210,#1216));
#1201 = ORIENTED_EDGE('',*,*,#687,.T.);
#1202 = ORIENTED_EDGE('',*,*,#1203,.T.);
#1203 = EDGE_CURVE('',#680,#1204,#1206,.T.);
#1204 = VERTEX_POINT('',#1205);
#1205 = CARTESIAN_POINT('',(-0.1,-1.285,0.2));
#1206 = LINE('',#1207,#1208);
#1207 = CARTESIAN_POINT('',(-0.1,-1.285,2.853273173287E-16));
#1208 = VECTOR('',#1209,1.);
#1209 = DIRECTION('',(0.,2.22044604925E-16,1.));
#1210 = ORIENTED_EDGE('',*,*,#1211,.F.);
#1211 = EDGE_CURVE('',#1180,#1204,#1212,.T.);
#1212 = LINE('',#1213,#1214);
#1213 = CARTESIAN_POINT('',(-0.1,-1.655,0.2));
#1214 = VECTOR('',#1215,1.);
#1215 = DIRECTION('',(0.,1.,-2.22044604925E-16));
#1216 = ORIENTED_EDGE('',*,*,#1179,.F.);
#1217 = PLANE('',#1218);
#1218 = AXIS2_PLACEMENT_3D('',#1219,#1220,#1221);
#1219 = CARTESIAN_POINT('',(-0.1,-1.655,3.674838211509E-16));
#1220 = DIRECTION('',(1.,0.,0.));
#1221 = DIRECTION('',(0.,1.,-2.22044604925E-16));
#1222 = ADVANCED_FACE('',(#1223),#1241,.F.);
#1223 = FACE_BOUND('',#1224,.F.);
#1224 = EDGE_LOOP('',(#1225,#1226,#1234,#1240));
#1225 = ORIENTED_EDGE('',*,*,#679,.T.);
#1226 = ORIENTED_EDGE('',*,*,#1227,.T.);
#1227 = EDGE_CURVE('',#672,#1228,#1230,.T.);
#1228 = VERTEX_POINT('',#1229);
#1229 = CARTESIAN_POINT('',(-0.2,-1.285,0.2));
#1230 = LINE('',#1231,#1232);
#1231 = CARTESIAN_POINT('',(-0.2,-1.285,2.853273173287E-16));
#1232 = VECTOR('',#1233,1.);
#1233 = DIRECTION('',(0.,2.22044604925E-16,1.));
#1234 = ORIENTED_EDGE('',*,*,#1235,.F.);
#1235 = EDGE_CURVE('',#1204,#1228,#1236,.T.);
#1236 = LINE('',#1237,#1238);
#1237 = CARTESIAN_POINT('',(-0.1,-1.285,0.2));
#1238 = VECTOR('',#1239,1.);
#1239 = DIRECTION('',(-1.,0.,0.));
#1240 = ORIENTED_EDGE('',*,*,#1203,.F.);
#1241 = PLANE('',#1242);
#1242 = AXIS2_PLACEMENT_3D('',#1243,#1244,#1245);
#1243 = CARTESIAN_POINT('',(-0.1,-1.285,2.853273173287E-16));
#1244 = DIRECTION('',(0.,1.,-2.22044604925E-16));
#1245 = DIRECTION('',(-1.,0.,0.));
#1246 = ADVANCED_FACE('',(#1247),#1258,.F.);
#1247 = FACE_BOUND('',#1248,.F.);
#1248 = EDGE_LOOP('',(#1249,#1250,#1251,#1257));
#1249 = ORIENTED_EDGE('',*,*,#671,.T.);
#1250 = ORIENTED_EDGE('',*,*,#1075,.T.);
#1251 = ORIENTED_EDGE('',*,*,#1252,.F.);
#1252 = EDGE_CURVE('',#1228,#1076,#1253,.T.);
#1253 = LINE('',#1254,#1255);
#1254 = CARTESIAN_POINT('',(-0.2,-1.285,0.2));
#1255 = VECTOR('',#1256,1.);
#1256 = DIRECTION('',(0.,1.,-2.22044604925E-16));
#1257 = ORIENTED_EDGE('',*,*,#1227,.F.);
#1258 = PLANE('',#1259);
#1259 = AXIS2_PLACEMENT_3D('',#1260,#1261,#1262);
#1260 = CARTESIAN_POINT('',(-0.2,-1.285,2.853273173287E-16));
#1261 = DIRECTION('',(1.,0.,0.));
#1262 = DIRECTION('',(0.,1.,-2.22044604925E-16));
#1263 = ADVANCED_FACE('',(#1264),#1576,.F.);
#1264 = FACE_BOUND('',#1265,.F.);
#1265 = EDGE_LOOP('',(#1266,#1267,#1268,#1269,#1270,#1271,#1272,#1273,
    #1274,#1275,#1283,#1291,#1299,#1307,#1315,#1323,#1329,#1330,#1338,
    #1346,#1354,#1362,#1370,#1378,#1386,#1394,#1402,#1410,#1418,#1426,
    #1434,#1442,#1450,#1458,#1466,#1474,#1482,#1490,#1498,#1506,#1514,
    #1522,#1530,#1538,#1546,#1554,#1562,#1570));
#1266 = ORIENTED_EDGE('',*,*,#1052,.T.);
#1267 = ORIENTED_EDGE('',*,*,#1115,.T.);
#1268 = ORIENTED_EDGE('',*,*,#1139,.T.);
#1269 = ORIENTED_EDGE('',*,*,#1163,.T.);
#1270 = ORIENTED_EDGE('',*,*,#1187,.T.);
#1271 = ORIENTED_EDGE('',*,*,#1211,.T.);
#1272 = ORIENTED_EDGE('',*,*,#1235,.T.);
#1273 = ORIENTED_EDGE('',*,*,#1252,.T.);
#1274 = ORIENTED_EDGE('',*,*,#1092,.T.);
#1275 = ORIENTED_EDGE('',*,*,#1276,.F.);
#1276 = EDGE_CURVE('',#1277,#1085,#1279,.T.);
#1277 = VERTEX_POINT('',#1278);
#1278 = CARTESIAN_POINT('',(-0.565,1.225,0.2));
#1279 = LINE('',#1280,#1281);
#1280 = CARTESIAN_POINT('',(-0.565,1.225,0.2));
#1281 = VECTOR('',#1282,1.);
#1282 = DIRECTION('',(0.,-1.,2.22044604925E-16));
#1283 = ORIENTED_EDGE('',*,*,#1284,.T.);
#1284 = EDGE_CURVE('',#1277,#1285,#1287,.T.);
#1285 = VERTEX_POINT('',#1286);
#1286 = CARTESIAN_POINT('',(-0.2,1.225,0.2));
#1287 = LINE('',#1288,#1289);
#1288 = CARTESIAN_POINT('',(-0.565,1.225,0.2));
#1289 = VECTOR('',#1290,1.);
#1290 = DIRECTION('',(1.,0.,0.));
#1291 = ORIENTED_EDGE('',*,*,#1292,.F.);
#1292 = EDGE_CURVE('',#1293,#1285,#1295,.T.);
#1293 = VERTEX_POINT('',#1294);
#1294 = CARTESIAN_POINT('',(-0.2,1.285,0.2));
#1295 = LINE('',#1296,#1297);
#1296 = CARTESIAN_POINT('',(-0.2,1.285,0.2));
#1297 = VECTOR('',#1298,1.);
#1298 = DIRECTION('',(0.,-1.,2.22044604925E-16));
#1299 = ORIENTED_EDGE('',*,*,#1300,.F.);
#1300 = EDGE_CURVE('',#1301,#1293,#1303,.T.);
#1301 = VERTEX_POINT('',#1302);
#1302 = CARTESIAN_POINT('',(-0.1,1.285,0.2));
#1303 = LINE('',#1304,#1305);
#1304 = CARTESIAN_POINT('',(-0.1,1.285,0.2));
#1305 = VECTOR('',#1306,1.);
#1306 = DIRECTION('',(-1.,0.,0.));
#1307 = ORIENTED_EDGE('',*,*,#1308,.F.);
#1308 = EDGE_CURVE('',#1309,#1301,#1311,.T.);
#1309 = VERTEX_POINT('',#1310);
#1310 = CARTESIAN_POINT('',(-0.1,1.655,0.2));
#1311 = LINE('',#1312,#1313);
#1312 = CARTESIAN_POINT('',(-0.1,1.655,0.2));
#1313 = VECTOR('',#1314,1.);
#1314 = DIRECTION('',(0.,-1.,2.22044604925E-16));
#1315 = ORIENTED_EDGE('',*,*,#1316,.F.);
#1316 = EDGE_CURVE('',#1317,#1309,#1319,.T.);
#1317 = VERTEX_POINT('',#1318);
#1318 = CARTESIAN_POINT('',(0.1,1.655,0.2));
#1319 = LINE('',#1320,#1321);
#1320 = CARTESIAN_POINT('',(0.1,1.655,0.2));
#1321 = VECTOR('',#1322,1.);
#1322 = DIRECTION('',(-1.,0.,0.));
#1323 = ORIENTED_EDGE('',*,*,#1324,.F.);
#1324 = EDGE_CURVE('',#640,#1317,#1325,.T.);
#1325 = LINE('',#1326,#1327);
#1326 = CARTESIAN_POINT('',(0.1,1.285,0.2));
#1327 = VECTOR('',#1328,1.);
#1328 = DIRECTION('',(0.,1.,-2.22044604925E-16));
#1329 = ORIENTED_EDGE('',*,*,#639,.F.);
#1330 = ORIENTED_EDGE('',*,*,#1331,.F.);
#1331 = EDGE_CURVE('',#1332,#632,#1334,.T.);
#1332 = VERTEX_POINT('',#1333);
#1333 = CARTESIAN_POINT('',(0.2,1.225,0.2));
#1334 = LINE('',#1335,#1336);
#1335 = CARTESIAN_POINT('',(0.2,1.225,0.2));
#1336 = VECTOR('',#1337,1.);
#1337 = DIRECTION('',(0.,1.,-2.22044604925E-16));
#1338 = ORIENTED_EDGE('',*,*,#1339,.T.);
#1339 = EDGE_CURVE('',#1332,#1340,#1342,.T.);
#1340 = VERTEX_POINT('',#1341);
#1341 = CARTESIAN_POINT('',(1.23,1.225,0.2));
#1342 = LINE('',#1343,#1344);
#1343 = CARTESIAN_POINT('',(0.2,1.225,0.2));
#1344 = VECTOR('',#1345,1.);
#1345 = DIRECTION('',(1.,0.,0.));
#1346 = ORIENTED_EDGE('',*,*,#1347,.T.);
#1347 = EDGE_CURVE('',#1340,#1348,#1350,.T.);
#1348 = VERTEX_POINT('',#1349);
#1349 = CARTESIAN_POINT('',(1.23,1.125,0.2));
#1350 = LINE('',#1351,#1352);
#1351 = CARTESIAN_POINT('',(1.23,1.225,0.2));
#1352 = VECTOR('',#1353,1.);
#1353 = DIRECTION('',(0.,-1.,2.22044604925E-16));
#1354 = ORIENTED_EDGE('',*,*,#1355,.T.);
#1355 = EDGE_CURVE('',#1348,#1356,#1358,.T.);
#1356 = VERTEX_POINT('',#1357);
#1357 = CARTESIAN_POINT('',(1.65,1.125,0.2));
#1358 = LINE('',#1359,#1360);
#1359 = CARTESIAN_POINT('',(1.23,1.125,0.2));
#1360 = VECTOR('',#1361,1.);
#1361 = DIRECTION('',(1.,0.,0.));
#1362 = ORIENTED_EDGE('',*,*,#1363,.T.);
#1363 = EDGE_CURVE('',#1356,#1364,#1366,.T.);
#1364 = VERTEX_POINT('',#1365);
#1365 = CARTESIAN_POINT('',(1.65,0.825,0.2));
#1366 = LINE('',#1367,#1368);
#1367 = CARTESIAN_POINT('',(1.65,1.125,0.2));
#1368 = VECTOR('',#1369,1.);
#1369 = DIRECTION('',(0.,-1.,2.22044604925E-16));
#1370 = ORIENTED_EDGE('',*,*,#1371,.T.);
#1371 = EDGE_CURVE('',#1364,#1372,#1374,.T.);
#1372 = VERTEX_POINT('',#1373);
#1373 = CARTESIAN_POINT('',(1.23,0.825,0.2));
#1374 = LINE('',#1375,#1376);
#1375 = CARTESIAN_POINT('',(1.65,0.825,0.2));
#1376 = VECTOR('',#1377,1.);
#1377 = DIRECTION('',(-1.,0.,0.));
#1378 = ORIENTED_EDGE('',*,*,#1379,.F.);
#1379 = EDGE_CURVE('',#1380,#1372,#1382,.T.);
#1380 = VERTEX_POINT('',#1381);
#1381 = CARTESIAN_POINT('',(1.23,0.775,0.2));
#1382 = LINE('',#1383,#1384);
#1383 = CARTESIAN_POINT('',(1.23,0.775,0.2));
#1384 = VECTOR('',#1385,1.);
#1385 = DIRECTION('',(0.,1.,-2.22044604925E-16));
#1386 = ORIENTED_EDGE('',*,*,#1387,.F.);
#1387 = EDGE_CURVE('',#1388,#1380,#1390,.T.);
#1388 = VERTEX_POINT('',#1389);
#1389 = CARTESIAN_POINT('',(1.17,0.775,0.2));
#1390 = LINE('',#1391,#1392);
#1391 = CARTESIAN_POINT('',(1.17,0.775,0.2));
#1392 = VECTOR('',#1393,1.);
#1393 = DIRECTION('',(1.,0.,0.));
#1394 = ORIENTED_EDGE('',*,*,#1395,.F.);
#1395 = EDGE_CURVE('',#1396,#1388,#1398,.T.);
#1396 = VERTEX_POINT('',#1397);
#1397 = CARTESIAN_POINT('',(1.17,0.525,0.2));
#1398 = LINE('',#1399,#1400);
#1399 = CARTESIAN_POINT('',(1.17,0.525,0.2));
#1400 = VECTOR('',#1401,1.);
#1401 = DIRECTION('',(0.,1.,-2.22044604925E-16));
#1402 = ORIENTED_EDGE('',*,*,#1403,.F.);
#1403 = EDGE_CURVE('',#1404,#1396,#1406,.T.);
#1404 = VERTEX_POINT('',#1405);
#1405 = CARTESIAN_POINT('',(1.23,0.525,0.2));
#1406 = LINE('',#1407,#1408);
#1407 = CARTESIAN_POINT('',(1.23,0.525,0.2));
#1408 = VECTOR('',#1409,1.);
#1409 = DIRECTION('',(-1.,0.,0.));
#1410 = ORIENTED_EDGE('',*,*,#1411,.F.);
#1411 = EDGE_CURVE('',#1412,#1404,#1414,.T.);
#1412 = VERTEX_POINT('',#1413);
#1413 = CARTESIAN_POINT('',(1.23,0.475,0.2));
#1414 = LINE('',#1415,#1416);
#1415 = CARTESIAN_POINT('',(1.23,0.475,0.2));
#1416 = VECTOR('',#1417,1.);
#1417 = DIRECTION('',(0.,1.,-2.22044604925E-16));
#1418 = ORIENTED_EDGE('',*,*,#1419,.T.);
#1419 = EDGE_CURVE('',#1412,#1420,#1422,.T.);
#1420 = VERTEX_POINT('',#1421);
#1421 = CARTESIAN_POINT('',(1.65,0.475,0.2));
#1422 = LINE('',#1423,#1424);
#1423 = CARTESIAN_POINT('',(1.23,0.475,0.2));
#1424 = VECTOR('',#1425,1.);
#1425 = DIRECTION('',(1.,0.,0.));
#1426 = ORIENTED_EDGE('',*,*,#1427,.T.);
#1427 = EDGE_CURVE('',#1420,#1428,#1430,.T.);
#1428 = VERTEX_POINT('',#1429);
#1429 = CARTESIAN_POINT('',(1.65,0.175,0.2));
#1430 = LINE('',#1431,#1432);
#1431 = CARTESIAN_POINT('',(1.65,0.475,0.2));
#1432 = VECTOR('',#1433,1.);
#1433 = DIRECTION('',(0.,-1.,2.22044604925E-16));
#1434 = ORIENTED_EDGE('',*,*,#1435,.T.);
#1435 = EDGE_CURVE('',#1428,#1436,#1438,.T.);
#1436 = VERTEX_POINT('',#1437);
#1437 = CARTESIAN_POINT('',(1.23,0.175,0.2));
#1438 = LINE('',#1439,#1440);
#1439 = CARTESIAN_POINT('',(1.65,0.175,0.2));
#1440 = VECTOR('',#1441,1.);
#1441 = DIRECTION('',(-1.,0.,0.));
#1442 = ORIENTED_EDGE('',*,*,#1443,.F.);
#1443 = EDGE_CURVE('',#1444,#1436,#1446,.T.);
#1444 = VERTEX_POINT('',#1445);
#1445 = CARTESIAN_POINT('',(1.23,0.125,0.2));
#1446 = LINE('',#1447,#1448);
#1447 = CARTESIAN_POINT('',(1.23,0.125,0.2));
#1448 = VECTOR('',#1449,1.);
#1449 = DIRECTION('',(0.,1.,-2.22044604925E-16));
#1450 = ORIENTED_EDGE('',*,*,#1451,.F.);
#1451 = EDGE_CURVE('',#1452,#1444,#1454,.T.);
#1452 = VERTEX_POINT('',#1453);
#1453 = CARTESIAN_POINT('',(1.17,0.125,0.2));
#1454 = LINE('',#1455,#1456);
#1455 = CARTESIAN_POINT('',(1.17,0.125,0.2));
#1456 = VECTOR('',#1457,1.);
#1457 = DIRECTION('',(1.,0.,0.));
#1458 = ORIENTED_EDGE('',*,*,#1459,.F.);
#1459 = EDGE_CURVE('',#1460,#1452,#1462,.T.);
#1460 = VERTEX_POINT('',#1461);
#1461 = CARTESIAN_POINT('',(1.17,-0.125,0.2));
#1462 = LINE('',#1463,#1464);
#1463 = CARTESIAN_POINT('',(1.17,-0.125,0.2));
#1464 = VECTOR('',#1465,1.);
#1465 = DIRECTION('',(0.,1.,-2.22044604925E-16));
#1466 = ORIENTED_EDGE('',*,*,#1467,.F.);
#1467 = EDGE_CURVE('',#1468,#1460,#1470,.T.);
#1468 = VERTEX_POINT('',#1469);
#1469 = CARTESIAN_POINT('',(1.23,-0.125,0.2));
#1470 = LINE('',#1471,#1472);
#1471 = CARTESIAN_POINT('',(1.23,-0.125,0.2));
#1472 = VECTOR('',#1473,1.);
#1473 = DIRECTION('',(-1.,0.,0.));
#1474 = ORIENTED_EDGE('',*,*,#1475,.F.);
#1475 = EDGE_CURVE('',#1476,#1468,#1478,.T.);
#1476 = VERTEX_POINT('',#1477);
#1477 = CARTESIAN_POINT('',(1.23,-0.175,0.2));
#1478 = LINE('',#1479,#1480);
#1479 = CARTESIAN_POINT('',(1.23,-0.175,0.2));
#1480 = VECTOR('',#1481,1.);
#1481 = DIRECTION('',(0.,1.,-2.22044604925E-16));
#1482 = ORIENTED_EDGE('',*,*,#1483,.T.);
#1483 = EDGE_CURVE('',#1476,#1484,#1486,.T.);
#1484 = VERTEX_POINT('',#1485);
#1485 = CARTESIAN_POINT('',(1.65,-0.175,0.2));
#1486 = LINE('',#1487,#1488);
#1487 = CARTESIAN_POINT('',(1.23,-0.175,0.2));
#1488 = VECTOR('',#1489,1.);
#1489 = DIRECTION('',(1.,0.,0.));
#1490 = ORIENTED_EDGE('',*,*,#1491,.T.);
#1491 = EDGE_CURVE('',#1484,#1492,#1494,.T.);
#1492 = VERTEX_POINT('',#1493);
#1493 = CARTESIAN_POINT('',(1.65,-0.475,0.2));
#1494 = LINE('',#1495,#1496);
#1495 = CARTESIAN_POINT('',(1.65,-0.175,0.2));
#1496 = VECTOR('',#1497,1.);
#1497 = DIRECTION('',(0.,-1.,2.22044604925E-16));
#1498 = ORIENTED_EDGE('',*,*,#1499,.T.);
#1499 = EDGE_CURVE('',#1492,#1500,#1502,.T.);
#1500 = VERTEX_POINT('',#1501);
#1501 = CARTESIAN_POINT('',(1.23,-0.475,0.2));
#1502 = LINE('',#1503,#1504);
#1503 = CARTESIAN_POINT('',(1.65,-0.475,0.2));
#1504 = VECTOR('',#1505,1.);
#1505 = DIRECTION('',(-1.,0.,0.));
#1506 = ORIENTED_EDGE('',*,*,#1507,.F.);
#1507 = EDGE_CURVE('',#1508,#1500,#1510,.T.);
#1508 = VERTEX_POINT('',#1509);
#1509 = CARTESIAN_POINT('',(1.23,-0.525,0.2));
#1510 = LINE('',#1511,#1512);
#1511 = CARTESIAN_POINT('',(1.23,-0.525,0.2));
#1512 = VECTOR('',#1513,1.);
#1513 = DIRECTION('',(0.,1.,-2.22044604925E-16));
#1514 = ORIENTED_EDGE('',*,*,#1515,.F.);
#1515 = EDGE_CURVE('',#1516,#1508,#1518,.T.);
#1516 = VERTEX_POINT('',#1517);
#1517 = CARTESIAN_POINT('',(1.17,-0.525,0.2));
#1518 = LINE('',#1519,#1520);
#1519 = CARTESIAN_POINT('',(1.17,-0.525,0.2));
#1520 = VECTOR('',#1521,1.);
#1521 = DIRECTION('',(1.,0.,0.));
#1522 = ORIENTED_EDGE('',*,*,#1523,.F.);
#1523 = EDGE_CURVE('',#1524,#1516,#1526,.T.);
#1524 = VERTEX_POINT('',#1525);
#1525 = CARTESIAN_POINT('',(1.17,-0.775,0.2));
#1526 = LINE('',#1527,#1528);
#1527 = CARTESIAN_POINT('',(1.17,-0.775,0.2));
#1528 = VECTOR('',#1529,1.);
#1529 = DIRECTION('',(0.,1.,-2.22044604925E-16));
#1530 = ORIENTED_EDGE('',*,*,#1531,.F.);
#1531 = EDGE_CURVE('',#1532,#1524,#1534,.T.);
#1532 = VERTEX_POINT('',#1533);
#1533 = CARTESIAN_POINT('',(1.23,-0.775,0.2));
#1534 = LINE('',#1535,#1536);
#1535 = CARTESIAN_POINT('',(1.23,-0.775,0.2));
#1536 = VECTOR('',#1537,1.);
#1537 = DIRECTION('',(-1.,0.,0.));
#1538 = ORIENTED_EDGE('',*,*,#1539,.F.);
#1539 = EDGE_CURVE('',#1540,#1532,#1542,.T.);
#1540 = VERTEX_POINT('',#1541);
#1541 = CARTESIAN_POINT('',(1.23,-0.825,0.2));
#1542 = LINE('',#1543,#1544);
#1543 = CARTESIAN_POINT('',(1.23,-0.825,0.2));
#1544 = VECTOR('',#1545,1.);
#1545 = DIRECTION('',(0.,1.,-2.22044604925E-16));
#1546 = ORIENTED_EDGE('',*,*,#1547,.T.);
#1547 = EDGE_CURVE('',#1540,#1548,#1550,.T.);
#1548 = VERTEX_POINT('',#1549);
#1549 = CARTESIAN_POINT('',(1.65,-0.825,0.2));
#1550 = LINE('',#1551,#1552);
#1551 = CARTESIAN_POINT('',(1.23,-0.825,0.2));
#1552 = VECTOR('',#1553,1.);
#1553 = DIRECTION('',(1.,0.,0.));
#1554 = ORIENTED_EDGE('',*,*,#1555,.T.);
#1555 = EDGE_CURVE('',#1548,#1556,#1558,.T.);
#1556 = VERTEX_POINT('',#1557);
#1557 = CARTESIAN_POINT('',(1.65,-1.125,0.2));
#1558 = LINE('',#1559,#1560);
#1559 = CARTESIAN_POINT('',(1.65,-0.825,0.2));
#1560 = VECTOR('',#1561,1.);
#1561 = DIRECTION('',(0.,-1.,2.22044604925E-16));
#1562 = ORIENTED_EDGE('',*,*,#1563,.T.);
#1563 = EDGE_CURVE('',#1556,#1564,#1566,.T.);
#1564 = VERTEX_POINT('',#1565);
#1565 = CARTESIAN_POINT('',(1.23,-1.125,0.2));
#1566 = LINE('',#1567,#1568);
#1567 = CARTESIAN_POINT('',(1.65,-1.125,0.2));
#1568 = VECTOR('',#1569,1.);
#1569 = DIRECTION('',(-1.,0.,0.));
#1570 = ORIENTED_EDGE('',*,*,#1571,.T.);
#1571 = EDGE_CURVE('',#1564,#1053,#1572,.T.);
#1572 = LINE('',#1573,#1574);
#1573 = CARTESIAN_POINT('',(1.23,-1.125,0.2));
#1574 = VECTOR('',#1575,1.);
#1575 = DIRECTION('',(0.,-1.,2.22044604925E-16));
#1576 = PLANE('',#1577);
#1577 = AXIS2_PLACEMENT_3D('',#1578,#1579,#1580);
#1578 = CARTESIAN_POINT('',(0.,4.440892098501E-17,0.2));
#1579 = DIRECTION('',(0.,-2.22044604925E-16,-1.));
#1580 = DIRECTION('',(-1.,0.,0.));
#1581 = ADVANCED_FACE('',(#1582),#1593,.T.);
#1582 = FACE_BOUND('',#1583,.F.);
#1583 = EDGE_LOOP('',(#1584,#1585,#1591,#1592));
#1584 = ORIENTED_EDGE('',*,*,#1030,.F.);
#1585 = ORIENTED_EDGE('',*,*,#1586,.T.);
#1586 = EDGE_CURVE('',#1023,#1277,#1587,.T.);
#1587 = LINE('',#1588,#1589);
#1588 = CARTESIAN_POINT('',(-0.565,1.225,-2.720046410332E-16));
#1589 = VECTOR('',#1590,1.);
#1590 = DIRECTION('',(0.,2.22044604925E-16,1.));
#1591 = ORIENTED_EDGE('',*,*,#1276,.T.);
#1592 = ORIENTED_EDGE('',*,*,#1084,.F.);
#1593 = PLANE('',#1594);
#1594 = AXIS2_PLACEMENT_3D('',#1595,#1596,#1597);
#1595 = CARTESIAN_POINT('',(-0.565,1.225,-2.720046410332E-16));
#1596 = DIRECTION('',(-1.,0.,0.));
#1597 = DIRECTION('',(0.,-1.,2.22044604925E-16));
#1598 = ADVANCED_FACE('',(#1599),#1615,.T.);
#1599 = FACE_BOUND('',#1600,.F.);
#1600 = EDGE_LOOP('',(#1601,#1607,#1608,#1614));
#1601 = ORIENTED_EDGE('',*,*,#1602,.F.);
#1602 = EDGE_CURVE('',#968,#1332,#1603,.T.);
#1603 = LINE('',#1604,#1605);
#1604 = CARTESIAN_POINT('',(0.2,1.225,-2.720046410332E-16));
#1605 = VECTOR('',#1606,1.);
#1606 = DIRECTION('',(0.,2.22044604925E-16,1.));
#1607 = ORIENTED_EDGE('',*,*,#967,.T.);
#1608 = ORIENTED_EDGE('',*,*,#1609,.T.);
#1609 = EDGE_CURVE('',#960,#1340,#1610,.T.);
#1610 = LINE('',#1611,#1612);
#1611 = CARTESIAN_POINT('',(1.23,1.225,-2.720046410332E-16));
#1612 = VECTOR('',#1613,1.);
#1613 = DIRECTION('',(0.,2.22044604925E-16,1.));
#1614 = ORIENTED_EDGE('',*,*,#1339,.F.);
#1615 = PLANE('',#1616);
#1616 = AXIS2_PLACEMENT_3D('',#1617,#1618,#1619);
#1617 = CARTESIAN_POINT('',(1.17,1.225,-2.720046410332E-16));
#1618 = DIRECTION('',(0.,1.,-2.22044604925E-16));
#1619 = DIRECTION('',(-1.,0.,0.));
#1620 = ADVANCED_FACE('',(#1621),#1632,.T.);
#1621 = FACE_BOUND('',#1622,.F.);
#1622 = EDGE_LOOP('',(#1623,#1629,#1630,#1631));
#1623 = ORIENTED_EDGE('',*,*,#1624,.T.);
#1624 = EDGE_CURVE('',#1015,#1285,#1625,.T.);
#1625 = LINE('',#1626,#1627);
#1626 = CARTESIAN_POINT('',(-0.2,1.225,-2.720046410332E-16));
#1627 = VECTOR('',#1628,1.);
#1628 = DIRECTION('',(0.,2.22044604925E-16,1.));
#1629 = ORIENTED_EDGE('',*,*,#1284,.F.);
#1630 = ORIENTED_EDGE('',*,*,#1586,.F.);
#1631 = ORIENTED_EDGE('',*,*,#1022,.T.);
#1632 = PLANE('',#1633);
#1633 = AXIS2_PLACEMENT_3D('',#1634,#1635,#1636);
#1634 = CARTESIAN_POINT('',(1.17,1.225,-2.720046410332E-16));
#1635 = DIRECTION('',(0.,1.,-2.22044604925E-16));
#1636 = DIRECTION('',(-1.,0.,0.));
#1637 = ADVANCED_FACE('',(#1638),#1644,.T.);
#1638 = FACE_BOUND('',#1639,.F.);
#1639 = EDGE_LOOP('',(#1640,#1641,#1642,#1643));
#1640 = ORIENTED_EDGE('',*,*,#1602,.T.);
#1641 = ORIENTED_EDGE('',*,*,#1331,.T.);
#1642 = ORIENTED_EDGE('',*,*,#631,.F.);
#1643 = ORIENTED_EDGE('',*,*,#975,.F.);
#1644 = PLANE('',#1645);
#1645 = AXIS2_PLACEMENT_3D('',#1646,#1647,#1648);
#1646 = CARTESIAN_POINT('',(0.2,1.225,-2.720046410332E-16));
#1647 = DIRECTION('',(1.,0.,0.));
#1648 = DIRECTION('',(0.,1.,-2.22044604925E-16));
#1649 = ADVANCED_FACE('',(#1650),#1661,.T.);
#1650 = FACE_BOUND('',#1651,.F.);
#1651 = EDGE_LOOP('',(#1652,#1653,#1654,#1655));
#1652 = ORIENTED_EDGE('',*,*,#1347,.F.);
#1653 = ORIENTED_EDGE('',*,*,#1609,.F.);
#1654 = ORIENTED_EDGE('',*,*,#959,.T.);
#1655 = ORIENTED_EDGE('',*,*,#1656,.T.);
#1656 = EDGE_CURVE('',#952,#1348,#1657,.T.);
#1657 = LINE('',#1658,#1659);
#1658 = CARTESIAN_POINT('',(1.23,1.125,-2.498001805407E-16));
#1659 = VECTOR('',#1660,1.);
#1660 = DIRECTION('',(0.,2.22044604925E-16,1.));
#1661 = PLANE('',#1662);
#1662 = AXIS2_PLACEMENT_3D('',#1663,#1664,#1665);
#1663 = CARTESIAN_POINT('',(1.23,1.125,-2.498001805407E-16));
#1664 = DIRECTION('',(1.,0.,0.));
#1665 = DIRECTION('',(0.,1.,-2.22044604925E-16));
#1666 = ADVANCED_FACE('',(#1667),#1678,.F.);
#1667 = FACE_BOUND('',#1668,.F.);
#1668 = EDGE_LOOP('',(#1669,#1670,#1671,#1672));
#1669 = ORIENTED_EDGE('',*,*,#1355,.F.);
#1670 = ORIENTED_EDGE('',*,*,#1656,.F.);
#1671 = ORIENTED_EDGE('',*,*,#951,.T.);
#1672 = ORIENTED_EDGE('',*,*,#1673,.T.);
#1673 = EDGE_CURVE('',#944,#1356,#1674,.T.);
#1674 = LINE('',#1675,#1676);
#1675 = CARTESIAN_POINT('',(1.65,1.125,-2.498001805407E-16));
#1676 = VECTOR('',#1677,1.);
#1677 = DIRECTION('',(0.,2.22044604925E-16,1.));
#1678 = PLANE('',#1679);
#1679 = AXIS2_PLACEMENT_3D('',#1680,#1681,#1682);
#1680 = CARTESIAN_POINT('',(1.25,1.125,-2.498001805407E-16));
#1681 = DIRECTION('',(0.,-1.,2.22044604925E-16));
#1682 = DIRECTION('',(1.,0.,0.));
#1683 = ADVANCED_FACE('',(#1684),#1695,.F.);
#1684 = FACE_BOUND('',#1685,.F.);
#1685 = EDGE_LOOP('',(#1686,#1687,#1693,#1694));
#1686 = ORIENTED_EDGE('',*,*,#943,.T.);
#1687 = ORIENTED_EDGE('',*,*,#1688,.T.);
#1688 = EDGE_CURVE('',#936,#1364,#1689,.T.);
#1689 = LINE('',#1690,#1691);
#1690 = CARTESIAN_POINT('',(1.65,0.825,-1.831867990632E-16));
#1691 = VECTOR('',#1692,1.);
#1692 = DIRECTION('',(0.,2.22044604925E-16,1.));
#1693 = ORIENTED_EDGE('',*,*,#1363,.F.);
#1694 = ORIENTED_EDGE('',*,*,#1673,.F.);
#1695 = PLANE('',#1696);
#1696 = AXIS2_PLACEMENT_3D('',#1697,#1698,#1699);
#1697 = CARTESIAN_POINT('',(1.65,1.125,-2.498001805407E-16));
#1698 = DIRECTION('',(-1.,0.,0.));
#1699 = DIRECTION('',(0.,-1.,2.22044604925E-16));
#1700 = ADVANCED_FACE('',(#1701),#1712,.F.);
#1701 = FACE_BOUND('',#1702,.F.);
#1702 = EDGE_LOOP('',(#1703,#1704,#1710,#1711));
#1703 = ORIENTED_EDGE('',*,*,#935,.T.);
#1704 = ORIENTED_EDGE('',*,*,#1705,.T.);
#1705 = EDGE_CURVE('',#928,#1372,#1706,.T.);
#1706 = LINE('',#1707,#1708);
#1707 = CARTESIAN_POINT('',(1.23,0.825,-1.831867990632E-16));
#1708 = VECTOR('',#1709,1.);
#1709 = DIRECTION('',(0.,2.22044604925E-16,1.));
#1710 = ORIENTED_EDGE('',*,*,#1371,.F.);
#1711 = ORIENTED_EDGE('',*,*,#1688,.F.);
#1712 = PLANE('',#1713);
#1713 = AXIS2_PLACEMENT_3D('',#1714,#1715,#1716);
#1714 = CARTESIAN_POINT('',(1.65,0.825,-1.831867990632E-16));
#1715 = DIRECTION('',(0.,1.,-2.22044604925E-16));
#1716 = DIRECTION('',(-1.,0.,0.));
#1717 = ADVANCED_FACE('',(#1718),#1729,.T.);
#1718 = FACE_BOUND('',#1719,.F.);
#1719 = EDGE_LOOP('',(#1720,#1721,#1727,#1728));
#1720 = ORIENTED_EDGE('',*,*,#927,.F.);
#1721 = ORIENTED_EDGE('',*,*,#1722,.T.);
#1722 = EDGE_CURVE('',#920,#1380,#1723,.T.);
#1723 = LINE('',#1724,#1725);
#1724 = CARTESIAN_POINT('',(1.23,0.775,-1.720845688169E-16));
#1725 = VECTOR('',#1726,1.);
#1726 = DIRECTION('',(0.,2.22044604925E-16,1.));
#1727 = ORIENTED_EDGE('',*,*,#1379,.T.);
#1728 = ORIENTED_EDGE('',*,*,#1705,.F.);
#1729 = PLANE('',#1730);
#1730 = AXIS2_PLACEMENT_3D('',#1731,#1732,#1733);
#1731 = CARTESIAN_POINT('',(1.23,0.775,-1.720845688169E-16));
#1732 = DIRECTION('',(1.,0.,0.));
#1733 = DIRECTION('',(0.,1.,-2.22044604925E-16));
#1734 = ADVANCED_FACE('',(#1735),#1746,.T.);
#1735 = FACE_BOUND('',#1736,.F.);
#1736 = EDGE_LOOP('',(#1737,#1743,#1744,#1745));
#1737 = ORIENTED_EDGE('',*,*,#1738,.T.);
#1738 = EDGE_CURVE('',#912,#1388,#1739,.T.);
#1739 = LINE('',#1740,#1741);
#1740 = CARTESIAN_POINT('',(1.17,0.775,-1.720845688169E-16));
#1741 = VECTOR('',#1742,1.);
#1742 = DIRECTION('',(0.,2.22044604925E-16,1.));
#1743 = ORIENTED_EDGE('',*,*,#1387,.T.);
#1744 = ORIENTED_EDGE('',*,*,#1722,.F.);
#1745 = ORIENTED_EDGE('',*,*,#919,.F.);
#1746 = PLANE('',#1747);
#1747 = AXIS2_PLACEMENT_3D('',#1748,#1749,#1750);
#1748 = CARTESIAN_POINT('',(1.17,0.775,-1.720845688169E-16));
#1749 = DIRECTION('',(0.,-1.,2.22044604925E-16));
#1750 = DIRECTION('',(1.,0.,0.));
#1751 = ADVANCED_FACE('',(#1752),#1768,.T.);
#1752 = FACE_BOUND('',#1753,.F.);
#1753 = EDGE_LOOP('',(#1754,#1760,#1761,#1767));
#1754 = ORIENTED_EDGE('',*,*,#1755,.F.);
#1755 = EDGE_CURVE('',#784,#1516,#1756,.T.);
#1756 = LINE('',#1757,#1758);
#1757 = CARTESIAN_POINT('',(1.17,-0.525,1.165734175856E-16));
#1758 = VECTOR('',#1759,1.);
#1759 = DIRECTION('',(0.,2.22044604925E-16,1.));
#1760 = ORIENTED_EDGE('',*,*,#783,.F.);
#1761 = ORIENTED_EDGE('',*,*,#1762,.T.);
#1762 = EDGE_CURVE('',#776,#1524,#1763,.T.);
#1763 = LINE('',#1764,#1765);
#1764 = CARTESIAN_POINT('',(1.17,-0.775,1.720845688169E-16));
#1765 = VECTOR('',#1766,1.);
#1766 = DIRECTION('',(0.,2.22044604925E-16,1.));
#1767 = ORIENTED_EDGE('',*,*,#1523,.T.);
#1768 = PLANE('',#1769);
#1769 = AXIS2_PLACEMENT_3D('',#1770,#1771,#1772);
#1770 = CARTESIAN_POINT('',(1.17,-1.225,2.720046410332E-16));
#1771 = DIRECTION('',(1.,0.,0.));
#1772 = DIRECTION('',(0.,1.,-2.22044604925E-16));
#1773 = ADVANCED_FACE('',(#1774),#1790,.T.);
#1774 = FACE_BOUND('',#1775,.F.);
#1775 = EDGE_LOOP('',(#1776,#1782,#1783,#1789));
#1776 = ORIENTED_EDGE('',*,*,#1777,.F.);
#1777 = EDGE_CURVE('',#848,#1452,#1778,.T.);
#1778 = LINE('',#1779,#1780);
#1779 = CARTESIAN_POINT('',(1.17,0.125,-2.775557561563E-17));
#1780 = VECTOR('',#1781,1.);
#1781 = DIRECTION('',(0.,2.22044604925E-16,1.));
#1782 = ORIENTED_EDGE('',*,*,#847,.F.);
#1783 = ORIENTED_EDGE('',*,*,#1784,.T.);
#1784 = EDGE_CURVE('',#840,#1460,#1785,.T.);
#1785 = LINE('',#1786,#1787);
#1786 = CARTESIAN_POINT('',(1.17,-0.125,2.775557561563E-17));
#1787 = VECTOR('',#1788,1.);
#1788 = DIRECTION('',(0.,2.22044604925E-16,1.));
#1789 = ORIENTED_EDGE('',*,*,#1459,.T.);
#1790 = PLANE('',#1791);
#1791 = AXIS2_PLACEMENT_3D('',#1792,#1793,#1794);
#1792 = CARTESIAN_POINT('',(1.17,-1.225,2.720046410332E-16));
#1793 = DIRECTION('',(1.,0.,0.));
#1794 = DIRECTION('',(0.,1.,-2.22044604925E-16));
#1795 = ADVANCED_FACE('',(#1796),#1807,.T.);
#1796 = FACE_BOUND('',#1797,.F.);
#1797 = EDGE_LOOP('',(#1798,#1799,#1800,#1806));
#1798 = ORIENTED_EDGE('',*,*,#1738,.F.);
#1799 = ORIENTED_EDGE('',*,*,#911,.F.);
#1800 = ORIENTED_EDGE('',*,*,#1801,.T.);
#1801 = EDGE_CURVE('',#904,#1396,#1802,.T.);
#1802 = LINE('',#1803,#1804);
#1803 = CARTESIAN_POINT('',(1.17,0.525,-1.165734175856E-16));
#1804 = VECTOR('',#1805,1.);
#1805 = DIRECTION('',(0.,2.22044604925E-16,1.));
#1806 = ORIENTED_EDGE('',*,*,#1395,.T.);
#1807 = PLANE('',#1808);
#1808 = AXIS2_PLACEMENT_3D('',#1809,#1810,#1811);
#1809 = CARTESIAN_POINT('',(1.17,-1.225,2.720046410332E-16));
#1810 = DIRECTION('',(1.,0.,0.));
#1811 = DIRECTION('',(0.,1.,-2.22044604925E-16));
#1812 = ADVANCED_FACE('',(#1813),#1824,.T.);
#1813 = FACE_BOUND('',#1814,.F.);
#1814 = EDGE_LOOP('',(#1815,#1816,#1817,#1823));
#1815 = ORIENTED_EDGE('',*,*,#1755,.T.);
#1816 = ORIENTED_EDGE('',*,*,#1515,.T.);
#1817 = ORIENTED_EDGE('',*,*,#1818,.F.);
#1818 = EDGE_CURVE('',#792,#1508,#1819,.T.);
#1819 = LINE('',#1820,#1821);
#1820 = CARTESIAN_POINT('',(1.23,-0.525,1.165734175856E-16));
#1821 = VECTOR('',#1822,1.);
#1822 = DIRECTION('',(0.,2.22044604925E-16,1.));
#1823 = ORIENTED_EDGE('',*,*,#791,.F.);
#1824 = PLANE('',#1825);
#1825 = AXIS2_PLACEMENT_3D('',#1826,#1827,#1828);
#1826 = CARTESIAN_POINT('',(1.17,-0.525,1.165734175856E-16));
#1827 = DIRECTION('',(0.,-1.,2.22044604925E-16));
#1828 = DIRECTION('',(1.,0.,0.));
#1829 = ADVANCED_FACE('',(#1830),#1841,.T.);
#1830 = FACE_BOUND('',#1831,.F.);
#1831 = EDGE_LOOP('',(#1832,#1833,#1834,#1835));
#1832 = ORIENTED_EDGE('',*,*,#799,.F.);
#1833 = ORIENTED_EDGE('',*,*,#1818,.T.);
#1834 = ORIENTED_EDGE('',*,*,#1507,.T.);
#1835 = ORIENTED_EDGE('',*,*,#1836,.F.);
#1836 = EDGE_CURVE('',#800,#1500,#1837,.T.);
#1837 = LINE('',#1838,#1839);
#1838 = CARTESIAN_POINT('',(1.23,-0.475,1.054711873394E-16));
#1839 = VECTOR('',#1840,1.);
#1840 = DIRECTION('',(0.,2.22044604925E-16,1.));
#1841 = PLANE('',#1842);
#1842 = AXIS2_PLACEMENT_3D('',#1843,#1844,#1845);
#1843 = CARTESIAN_POINT('',(1.23,-0.525,1.165734175856E-16));
#1844 = DIRECTION('',(1.,0.,0.));
#1845 = DIRECTION('',(0.,1.,-2.22044604925E-16));
#1846 = ADVANCED_FACE('',(#1847),#1858,.F.);
#1847 = FACE_BOUND('',#1848,.F.);
#1848 = EDGE_LOOP('',(#1849,#1850,#1851,#1852));
#1849 = ORIENTED_EDGE('',*,*,#807,.T.);
#1850 = ORIENTED_EDGE('',*,*,#1836,.T.);
#1851 = ORIENTED_EDGE('',*,*,#1499,.F.);
#1852 = ORIENTED_EDGE('',*,*,#1853,.F.);
#1853 = EDGE_CURVE('',#808,#1492,#1854,.T.);
#1854 = LINE('',#1855,#1856);
#1855 = CARTESIAN_POINT('',(1.65,-0.475,1.054711873394E-16));
#1856 = VECTOR('',#1857,1.);
#1857 = DIRECTION('',(0.,2.22044604925E-16,1.));
#1858 = PLANE('',#1859);
#1859 = AXIS2_PLACEMENT_3D('',#1860,#1861,#1862);
#1860 = CARTESIAN_POINT('',(1.65,-0.475,1.054711873394E-16));
#1861 = DIRECTION('',(0.,1.,-2.22044604925E-16));
#1862 = DIRECTION('',(-1.,0.,0.));
#1863 = ADVANCED_FACE('',(#1864),#1875,.F.);
#1864 = FACE_BOUND('',#1865,.F.);
#1865 = EDGE_LOOP('',(#1866,#1867,#1868,#1869));
#1866 = ORIENTED_EDGE('',*,*,#815,.T.);
#1867 = ORIENTED_EDGE('',*,*,#1853,.T.);
#1868 = ORIENTED_EDGE('',*,*,#1491,.F.);
#1869 = ORIENTED_EDGE('',*,*,#1870,.F.);
#1870 = EDGE_CURVE('',#816,#1484,#1871,.T.);
#1871 = LINE('',#1872,#1873);
#1872 = CARTESIAN_POINT('',(1.65,-0.175,3.885780586188E-17));
#1873 = VECTOR('',#1874,1.);
#1874 = DIRECTION('',(0.,2.22044604925E-16,1.));
#1875 = PLANE('',#1876);
#1876 = AXIS2_PLACEMENT_3D('',#1877,#1878,#1879);
#1877 = CARTESIAN_POINT('',(1.65,-0.175,3.885780586188E-17));
#1878 = DIRECTION('',(-1.,0.,0.));
#1879 = DIRECTION('',(0.,-1.,2.22044604925E-16));
#1880 = ADVANCED_FACE('',(#1881),#1892,.F.);
#1881 = FACE_BOUND('',#1882,.F.);
#1882 = EDGE_LOOP('',(#1883,#1884,#1890,#1891));
#1883 = ORIENTED_EDGE('',*,*,#1483,.F.);
#1884 = ORIENTED_EDGE('',*,*,#1885,.F.);
#1885 = EDGE_CURVE('',#824,#1476,#1886,.T.);
#1886 = LINE('',#1887,#1888);
#1887 = CARTESIAN_POINT('',(1.23,-0.175,3.885780586188E-17));
#1888 = VECTOR('',#1889,1.);
#1889 = DIRECTION('',(0.,2.22044604925E-16,1.));
#1890 = ORIENTED_EDGE('',*,*,#823,.T.);
#1891 = ORIENTED_EDGE('',*,*,#1870,.T.);
#1892 = PLANE('',#1893);
#1893 = AXIS2_PLACEMENT_3D('',#1894,#1895,#1896);
#1894 = CARTESIAN_POINT('',(1.25,-0.175,3.885780586188E-17));
#1895 = DIRECTION('',(0.,-1.,2.22044604925E-16));
#1896 = DIRECTION('',(1.,0.,0.));
#1897 = ADVANCED_FACE('',(#1898),#1909,.T.);
#1898 = FACE_BOUND('',#1899,.F.);
#1899 = EDGE_LOOP('',(#1900,#1901,#1902,#1903));
#1900 = ORIENTED_EDGE('',*,*,#831,.F.);
#1901 = ORIENTED_EDGE('',*,*,#1885,.T.);
#1902 = ORIENTED_EDGE('',*,*,#1475,.T.);
#1903 = ORIENTED_EDGE('',*,*,#1904,.F.);
#1904 = EDGE_CURVE('',#832,#1468,#1905,.T.);
#1905 = LINE('',#1906,#1907);
#1906 = CARTESIAN_POINT('',(1.23,-0.125,2.775557561563E-17));
#1907 = VECTOR('',#1908,1.);
#1908 = DIRECTION('',(0.,2.22044604925E-16,1.));
#1909 = PLANE('',#1910);
#1910 = AXIS2_PLACEMENT_3D('',#1911,#1912,#1913);
#1911 = CARTESIAN_POINT('',(1.23,-0.175,3.885780586188E-17));
#1912 = DIRECTION('',(1.,0.,0.));
#1913 = DIRECTION('',(0.,1.,-2.22044604925E-16));
#1914 = ADVANCED_FACE('',(#1915),#1921,.T.);
#1915 = FACE_BOUND('',#1916,.F.);
#1916 = EDGE_LOOP('',(#1917,#1918,#1919,#1920));
#1917 = ORIENTED_EDGE('',*,*,#1784,.F.);
#1918 = ORIENTED_EDGE('',*,*,#839,.F.);
#1919 = ORIENTED_EDGE('',*,*,#1904,.T.);
#1920 = ORIENTED_EDGE('',*,*,#1467,.T.);
#1921 = PLANE('',#1922);
#1922 = AXIS2_PLACEMENT_3D('',#1923,#1924,#1925);
#1923 = CARTESIAN_POINT('',(1.23,-0.125,2.775557561563E-17));
#1924 = DIRECTION('',(0.,1.,-2.22044604925E-16));
#1925 = DIRECTION('',(-1.,0.,0.));
#1926 = ADVANCED_FACE('',(#1927),#1938,.T.);
#1927 = FACE_BOUND('',#1928,.F.);
#1928 = EDGE_LOOP('',(#1929,#1930,#1931,#1937));
#1929 = ORIENTED_EDGE('',*,*,#1762,.F.);
#1930 = ORIENTED_EDGE('',*,*,#775,.F.);
#1931 = ORIENTED_EDGE('',*,*,#1932,.T.);
#1932 = EDGE_CURVE('',#768,#1532,#1933,.T.);
#1933 = LINE('',#1934,#1935);
#1934 = CARTESIAN_POINT('',(1.23,-0.775,1.720845688169E-16));
#1935 = VECTOR('',#1936,1.);
#1936 = DIRECTION('',(0.,2.22044604925E-16,1.));
#1937 = ORIENTED_EDGE('',*,*,#1531,.T.);
#1938 = PLANE('',#1939);
#1939 = AXIS2_PLACEMENT_3D('',#1940,#1941,#1942);
#1940 = CARTESIAN_POINT('',(1.23,-0.775,1.720845688169E-16));
#1941 = DIRECTION('',(0.,1.,-2.22044604925E-16));
#1942 = DIRECTION('',(-1.,0.,0.));
#1943 = ADVANCED_FACE('',(#1944),#1955,.T.);
#1944 = FACE_BOUND('',#1945,.F.);
#1945 = EDGE_LOOP('',(#1946,#1947,#1953,#1954));
#1946 = ORIENTED_EDGE('',*,*,#767,.F.);
#1947 = ORIENTED_EDGE('',*,*,#1948,.T.);
#1948 = EDGE_CURVE('',#760,#1540,#1949,.T.);
#1949 = LINE('',#1950,#1951);
#1950 = CARTESIAN_POINT('',(1.23,-0.825,1.831867990632E-16));
#1951 = VECTOR('',#1952,1.);
#1952 = DIRECTION('',(0.,2.22044604925E-16,1.));
#1953 = ORIENTED_EDGE('',*,*,#1539,.T.);
#1954 = ORIENTED_EDGE('',*,*,#1932,.F.);
#1955 = PLANE('',#1956);
#1956 = AXIS2_PLACEMENT_3D('',#1957,#1958,#1959);
#1957 = CARTESIAN_POINT('',(1.23,-0.825,1.831867990632E-16));
#1958 = DIRECTION('',(1.,0.,0.));
#1959 = DIRECTION('',(0.,1.,-2.22044604925E-16));
#1960 = ADVANCED_FACE('',(#1961),#1972,.F.);
#1961 = FACE_BOUND('',#1962,.F.);
#1962 = EDGE_LOOP('',(#1963,#1964,#1965,#1966));
#1963 = ORIENTED_EDGE('',*,*,#1547,.F.);
#1964 = ORIENTED_EDGE('',*,*,#1948,.F.);
#1965 = ORIENTED_EDGE('',*,*,#759,.T.);
#1966 = ORIENTED_EDGE('',*,*,#1967,.T.);
#1967 = EDGE_CURVE('',#752,#1548,#1968,.T.);
#1968 = LINE('',#1969,#1970);
#1969 = CARTESIAN_POINT('',(1.65,-0.825,1.831867990632E-16));
#1970 = VECTOR('',#1971,1.);
#1971 = DIRECTION('',(0.,2.22044604925E-16,1.));
#1972 = PLANE('',#1973);
#1973 = AXIS2_PLACEMENT_3D('',#1974,#1975,#1976);
#1974 = CARTESIAN_POINT('',(1.25,-0.825,1.831867990632E-16));
#1975 = DIRECTION('',(0.,-1.,2.22044604925E-16));
#1976 = DIRECTION('',(1.,0.,0.));
#1977 = ADVANCED_FACE('',(#1978),#1989,.F.);
#1978 = FACE_BOUND('',#1979,.F.);
#1979 = EDGE_LOOP('',(#1980,#1981,#1987,#1988));
#1980 = ORIENTED_EDGE('',*,*,#751,.T.);
#1981 = ORIENTED_EDGE('',*,*,#1982,.T.);
#1982 = EDGE_CURVE('',#744,#1556,#1983,.T.);
#1983 = LINE('',#1984,#1985);
#1984 = CARTESIAN_POINT('',(1.65,-1.125,2.498001805407E-16));
#1985 = VECTOR('',#1986,1.);
#1986 = DIRECTION('',(0.,2.22044604925E-16,1.));
#1987 = ORIENTED_EDGE('',*,*,#1555,.F.);
#1988 = ORIENTED_EDGE('',*,*,#1967,.F.);
#1989 = PLANE('',#1990);
#1990 = AXIS2_PLACEMENT_3D('',#1991,#1992,#1993);
#1991 = CARTESIAN_POINT('',(1.65,-0.825,1.831867990632E-16));
#1992 = DIRECTION('',(-1.,0.,0.));
#1993 = DIRECTION('',(0.,-1.,2.22044604925E-16));
#1994 = ADVANCED_FACE('',(#1995),#2006,.F.);
#1995 = FACE_BOUND('',#1996,.F.);
#1996 = EDGE_LOOP('',(#1997,#1998,#2004,#2005));
#1997 = ORIENTED_EDGE('',*,*,#743,.T.);
#1998 = ORIENTED_EDGE('',*,*,#1999,.T.);
#1999 = EDGE_CURVE('',#736,#1564,#2000,.T.);
#2000 = LINE('',#2001,#2002);
#2001 = CARTESIAN_POINT('',(1.23,-1.125,2.498001805407E-16));
#2002 = VECTOR('',#2003,1.);
#2003 = DIRECTION('',(0.,2.22044604925E-16,1.));
#2004 = ORIENTED_EDGE('',*,*,#1563,.F.);
#2005 = ORIENTED_EDGE('',*,*,#1982,.F.);
#2006 = PLANE('',#2007);
#2007 = AXIS2_PLACEMENT_3D('',#2008,#2009,#2010);
#2008 = CARTESIAN_POINT('',(1.65,-1.125,2.498001805407E-16));
#2009 = DIRECTION('',(0.,1.,-2.22044604925E-16));
#2010 = DIRECTION('',(-1.,0.,0.));
#2011 = ADVANCED_FACE('',(#2012),#2018,.T.);
#2012 = FACE_BOUND('',#2013,.F.);
#2013 = EDGE_LOOP('',(#2014,#2015,#2016,#2017));
#2014 = ORIENTED_EDGE('',*,*,#735,.T.);
#2015 = ORIENTED_EDGE('',*,*,#1060,.T.);
#2016 = ORIENTED_EDGE('',*,*,#1571,.F.);
#2017 = ORIENTED_EDGE('',*,*,#1999,.F.);
#2018 = PLANE('',#2019);
#2019 = AXIS2_PLACEMENT_3D('',#2020,#2021,#2022);
#2020 = CARTESIAN_POINT('',(1.23,-1.175,2.609024107869E-16));
#2021 = DIRECTION('',(1.,0.,0.));
#2022 = DIRECTION('',(0.,1.,-2.22044604925E-16));
#2023 = ADVANCED_FACE('',(#2024),#2035,.T.);
#2024 = FACE_BOUND('',#2025,.F.);
#2025 = EDGE_LOOP('',(#2026,#2027,#2028,#2034));
#2026 = ORIENTED_EDGE('',*,*,#1777,.T.);
#2027 = ORIENTED_EDGE('',*,*,#1451,.T.);
#2028 = ORIENTED_EDGE('',*,*,#2029,.F.);
#2029 = EDGE_CURVE('',#856,#1444,#2030,.T.);
#2030 = LINE('',#2031,#2032);
#2031 = CARTESIAN_POINT('',(1.23,0.125,-2.775557561563E-17));
#2032 = VECTOR('',#2033,1.);
#2033 = DIRECTION('',(0.,2.22044604925E-16,1.));
#2034 = ORIENTED_EDGE('',*,*,#855,.F.);
#2035 = PLANE('',#2036);
#2036 = AXIS2_PLACEMENT_3D('',#2037,#2038,#2039);
#2037 = CARTESIAN_POINT('',(1.17,0.125,-2.775557561563E-17));
#2038 = DIRECTION('',(0.,-1.,2.22044604925E-16));
#2039 = DIRECTION('',(1.,0.,0.));
#2040 = ADVANCED_FACE('',(#2041),#2052,.T.);
#2041 = FACE_BOUND('',#2042,.F.);
#2042 = EDGE_LOOP('',(#2043,#2044,#2045,#2046));
#2043 = ORIENTED_EDGE('',*,*,#863,.F.);
#2044 = ORIENTED_EDGE('',*,*,#2029,.T.);
#2045 = ORIENTED_EDGE('',*,*,#1443,.T.);
#2046 = ORIENTED_EDGE('',*,*,#2047,.F.);
#2047 = EDGE_CURVE('',#864,#1436,#2048,.T.);
#2048 = LINE('',#2049,#2050);
#2049 = CARTESIAN_POINT('',(1.23,0.175,-3.885780586188E-17));
#2050 = VECTOR('',#2051,1.);
#2051 = DIRECTION('',(0.,2.22044604925E-16,1.));
#2052 = PLANE('',#2053);
#2053 = AXIS2_PLACEMENT_3D('',#2054,#2055,#2056);
#2054 = CARTESIAN_POINT('',(1.23,0.125,-2.775557561563E-17));
#2055 = DIRECTION('',(1.,0.,0.));
#2056 = DIRECTION('',(0.,1.,-2.22044604925E-16));
#2057 = ADVANCED_FACE('',(#2058),#2069,.F.);
#2058 = FACE_BOUND('',#2059,.F.);
#2059 = EDGE_LOOP('',(#2060,#2061,#2062,#2063));
#2060 = ORIENTED_EDGE('',*,*,#871,.T.);
#2061 = ORIENTED_EDGE('',*,*,#2047,.T.);
#2062 = ORIENTED_EDGE('',*,*,#1435,.F.);
#2063 = ORIENTED_EDGE('',*,*,#2064,.F.);
#2064 = EDGE_CURVE('',#872,#1428,#2065,.T.);
#2065 = LINE('',#2066,#2067);
#2066 = CARTESIAN_POINT('',(1.65,0.175,-3.885780586188E-17));
#2067 = VECTOR('',#2068,1.);
#2068 = DIRECTION('',(0.,2.22044604925E-16,1.));
#2069 = PLANE('',#2070);
#2070 = AXIS2_PLACEMENT_3D('',#2071,#2072,#2073);
#2071 = CARTESIAN_POINT('',(1.65,0.175,-3.885780586188E-17));
#2072 = DIRECTION('',(0.,1.,-2.22044604925E-16));
#2073 = DIRECTION('',(-1.,0.,0.));
#2074 = ADVANCED_FACE('',(#2075),#2086,.F.);
#2075 = FACE_BOUND('',#2076,.F.);
#2076 = EDGE_LOOP('',(#2077,#2078,#2079,#2080));
#2077 = ORIENTED_EDGE('',*,*,#879,.T.);
#2078 = ORIENTED_EDGE('',*,*,#2064,.T.);
#2079 = ORIENTED_EDGE('',*,*,#1427,.F.);
#2080 = ORIENTED_EDGE('',*,*,#2081,.F.);
#2081 = EDGE_CURVE('',#880,#1420,#2082,.T.);
#2082 = LINE('',#2083,#2084);
#2083 = CARTESIAN_POINT('',(1.65,0.475,-1.054711873394E-16));
#2084 = VECTOR('',#2085,1.);
#2085 = DIRECTION('',(0.,2.22044604925E-16,1.));
#2086 = PLANE('',#2087);
#2087 = AXIS2_PLACEMENT_3D('',#2088,#2089,#2090);
#2088 = CARTESIAN_POINT('',(1.65,0.475,-1.054711873394E-16));
#2089 = DIRECTION('',(-1.,0.,0.));
#2090 = DIRECTION('',(0.,-1.,2.22044604925E-16));
#2091 = ADVANCED_FACE('',(#2092),#2103,.F.);
#2092 = FACE_BOUND('',#2093,.F.);
#2093 = EDGE_LOOP('',(#2094,#2095,#2101,#2102));
#2094 = ORIENTED_EDGE('',*,*,#1419,.F.);
#2095 = ORIENTED_EDGE('',*,*,#2096,.F.);
#2096 = EDGE_CURVE('',#888,#1412,#2097,.T.);
#2097 = LINE('',#2098,#2099);
#2098 = CARTESIAN_POINT('',(1.23,0.475,-1.054711873394E-16));
#2099 = VECTOR('',#2100,1.);
#2100 = DIRECTION('',(0.,2.22044604925E-16,1.));
#2101 = ORIENTED_EDGE('',*,*,#887,.T.);
#2102 = ORIENTED_EDGE('',*,*,#2081,.T.);
#2103 = PLANE('',#2104);
#2104 = AXIS2_PLACEMENT_3D('',#2105,#2106,#2107);
#2105 = CARTESIAN_POINT('',(1.25,0.475,-1.054711873394E-16));
#2106 = DIRECTION('',(0.,-1.,2.22044604925E-16));
#2107 = DIRECTION('',(1.,0.,0.));
#2108 = ADVANCED_FACE('',(#2109),#2120,.T.);
#2109 = FACE_BOUND('',#2110,.F.);
#2110 = EDGE_LOOP('',(#2111,#2112,#2113,#2114));
#2111 = ORIENTED_EDGE('',*,*,#895,.F.);
#2112 = ORIENTED_EDGE('',*,*,#2096,.T.);
#2113 = ORIENTED_EDGE('',*,*,#1411,.T.);
#2114 = ORIENTED_EDGE('',*,*,#2115,.F.);
#2115 = EDGE_CURVE('',#896,#1404,#2116,.T.);
#2116 = LINE('',#2117,#2118);
#2117 = CARTESIAN_POINT('',(1.23,0.525,-1.165734175856E-16));
#2118 = VECTOR('',#2119,1.);
#2119 = DIRECTION('',(0.,2.22044604925E-16,1.));
#2120 = PLANE('',#2121);
#2121 = AXIS2_PLACEMENT_3D('',#2122,#2123,#2124);
#2122 = CARTESIAN_POINT('',(1.23,0.475,-1.054711873394E-16));
#2123 = DIRECTION('',(1.,0.,0.));
#2124 = DIRECTION('',(0.,1.,-2.22044604925E-16));
#2125 = ADVANCED_FACE('',(#2126),#2132,.T.);
#2126 = FACE_BOUND('',#2127,.F.);
#2127 = EDGE_LOOP('',(#2128,#2129,#2130,#2131));
#2128 = ORIENTED_EDGE('',*,*,#1801,.F.);
#2129 = ORIENTED_EDGE('',*,*,#903,.F.);
#2130 = ORIENTED_EDGE('',*,*,#2115,.T.);
#2131 = ORIENTED_EDGE('',*,*,#1403,.T.);
#2132 = PLANE('',#2133);
#2133 = AXIS2_PLACEMENT_3D('',#2134,#2135,#2136);
#2134 = CARTESIAN_POINT('',(1.23,0.525,-1.165734175856E-16));
#2135 = DIRECTION('',(0.,1.,-2.22044604925E-16));
#2136 = DIRECTION('',(-1.,0.,0.));
#2137 = ADVANCED_FACE('',(#2138),#2149,.T.);
#2138 = FACE_BOUND('',#2139,.F.);
#2139 = EDGE_LOOP('',(#2140,#2141,#2142,#2148));
#2140 = ORIENTED_EDGE('',*,*,#1624,.F.);
#2141 = ORIENTED_EDGE('',*,*,#1014,.F.);
#2142 = ORIENTED_EDGE('',*,*,#2143,.T.);
#2143 = EDGE_CURVE('',#1007,#1293,#2144,.T.);
#2144 = LINE('',#2145,#2146);
#2145 = CARTESIAN_POINT('',(-0.2,1.285,-2.853273173287E-16));
#2146 = VECTOR('',#2147,1.);
#2147 = DIRECTION('',(0.,2.22044604925E-16,1.));
#2148 = ORIENTED_EDGE('',*,*,#1292,.T.);
#2149 = PLANE('',#2150);
#2150 = AXIS2_PLACEMENT_3D('',#2151,#2152,#2153);
#2151 = CARTESIAN_POINT('',(-0.2,1.285,-2.853273173287E-16));
#2152 = DIRECTION('',(-1.,0.,0.));
#2153 = DIRECTION('',(0.,-1.,2.22044604925E-16));
#2154 = ADVANCED_FACE('',(#2155),#2166,.T.);
#2155 = FACE_BOUND('',#2156,.F.);
#2156 = EDGE_LOOP('',(#2157,#2158,#2164,#2165));
#2157 = ORIENTED_EDGE('',*,*,#1006,.F.);
#2158 = ORIENTED_EDGE('',*,*,#2159,.T.);
#2159 = EDGE_CURVE('',#999,#1301,#2160,.T.);
#2160 = LINE('',#2161,#2162);
#2161 = CARTESIAN_POINT('',(-0.1,1.285,-2.853273173287E-16));
#2162 = VECTOR('',#2163,1.);
#2163 = DIRECTION('',(0.,2.22044604925E-16,1.));
#2164 = ORIENTED_EDGE('',*,*,#1300,.T.);
#2165 = ORIENTED_EDGE('',*,*,#2143,.F.);
#2166 = PLANE('',#2167);
#2167 = AXIS2_PLACEMENT_3D('',#2168,#2169,#2170);
#2168 = CARTESIAN_POINT('',(-0.1,1.285,-2.853273173287E-16));
#2169 = DIRECTION('',(0.,1.,-2.22044604925E-16));
#2170 = DIRECTION('',(-1.,0.,0.));
#2171 = ADVANCED_FACE('',(#2172),#2183,.T.);
#2172 = FACE_BOUND('',#2173,.F.);
#2173 = EDGE_LOOP('',(#2174,#2175,#2181,#2182));
#2174 = ORIENTED_EDGE('',*,*,#998,.F.);
#2175 = ORIENTED_EDGE('',*,*,#2176,.T.);
#2176 = EDGE_CURVE('',#991,#1309,#2177,.T.);
#2177 = LINE('',#2178,#2179);
#2178 = CARTESIAN_POINT('',(-0.1,1.655,-3.674838211509E-16));
#2179 = VECTOR('',#2180,1.);
#2180 = DIRECTION('',(0.,2.22044604925E-16,1.));
#2181 = ORIENTED_EDGE('',*,*,#1308,.T.);
#2182 = ORIENTED_EDGE('',*,*,#2159,.F.);
#2183 = PLANE('',#2184);
#2184 = AXIS2_PLACEMENT_3D('',#2185,#2186,#2187);
#2185 = CARTESIAN_POINT('',(-0.1,1.655,-3.674838211509E-16));
#2186 = DIRECTION('',(-1.,0.,0.));
#2187 = DIRECTION('',(0.,-1.,2.22044604925E-16));
#2188 = ADVANCED_FACE('',(#2189),#2200,.T.);
#2189 = FACE_BOUND('',#2190,.F.);
#2190 = EDGE_LOOP('',(#2191,#2192,#2198,#2199));
#2191 = ORIENTED_EDGE('',*,*,#990,.F.);
#2192 = ORIENTED_EDGE('',*,*,#2193,.T.);
#2193 = EDGE_CURVE('',#983,#1317,#2194,.T.);
#2194 = LINE('',#2195,#2196);
#2195 = CARTESIAN_POINT('',(0.1,1.655,-3.674838211509E-16));
#2196 = VECTOR('',#2197,1.);
#2197 = DIRECTION('',(0.,2.22044604925E-16,1.));
#2198 = ORIENTED_EDGE('',*,*,#1316,.T.);
#2199 = ORIENTED_EDGE('',*,*,#2176,.F.);
#2200 = PLANE('',#2201);
#2201 = AXIS2_PLACEMENT_3D('',#2202,#2203,#2204);
#2202 = CARTESIAN_POINT('',(0.1,1.655,-3.674838211509E-16));
#2203 = DIRECTION('',(0.,1.,-2.22044604925E-16));
#2204 = DIRECTION('',(-1.,0.,0.));
#2205 = ADVANCED_FACE('',(#2206),#2212,.T.);
#2206 = FACE_BOUND('',#2207,.F.);
#2207 = EDGE_LOOP('',(#2208,#2209,#2210,#2211));
#2208 = ORIENTED_EDGE('',*,*,#982,.F.);
#2209 = ORIENTED_EDGE('',*,*,#647,.T.);
#2210 = ORIENTED_EDGE('',*,*,#1324,.T.);
#2211 = ORIENTED_EDGE('',*,*,#2193,.F.);
#2212 = PLANE('',#2213);
#2213 = AXIS2_PLACEMENT_3D('',#2214,#2215,#2216);
#2214 = CARTESIAN_POINT('',(0.1,1.285,-2.853273173287E-16));
#2215 = DIRECTION('',(1.,0.,0.));
#2216 = DIRECTION('',(0.,1.,-2.22044604925E-16));
#2217 = MANIFOLD_SOLID_BREP('',#2218);
#2218 = CLOSED_SHELL('',(#2219,#2291,#2363,#2595,#2667,#2739,#2811,#2842
    ,#2958,#3005,#3345,#3362,#3379,#3396,#3418,#3435,#3452,#3469,#3481,
    #3498,#3520,#3537,#3554,#3571,#3588,#3621,#3670,#3701,#3727,#3753,
    #3770,#3874,#3905,#3922,#3939,#3951,#3975,#3999,#4016,#4028,#4052,
    #4076,#4093,#4105,#4129,#4153,#4170,#4182,#4199,#4216,#4228,#4245,
    #4257,#4269,#4286,#4303,#4320,#4337,#4359,#4381,#4398,#4415,#4427,
    #4444,#4461,#4473,#4490,#4507,#4519,#4536,#4553,#4565,#4582,#4599));
#2219 = ADVANCED_FACE('',(#2220),#2286,.F.);
#2220 = FACE_BOUND('',#2221,.F.);
#2221 = EDGE_LOOP('',(#2222,#2232,#2240,#2248,#2256,#2264,#2272,#2280));
#2222 = ORIENTED_EDGE('',*,*,#2223,.T.);
#2223 = EDGE_CURVE('',#2224,#2226,#2228,.T.);
#2224 = VERTEX_POINT('',#2225);
#2225 = CARTESIAN_POINT('',(1.5,-1.125,5.E-02));
#2226 = VERTEX_POINT('',#2227);
#2227 = CARTESIAN_POINT('',(1.23,-1.125,5.E-02));
#2228 = LINE('',#2229,#2230);
#2229 = CARTESIAN_POINT('',(1.5,-1.125,5.E-02));
#2230 = VECTOR('',#2231,1.);
#2231 = DIRECTION('',(-1.,0.,0.));
#2232 = ORIENTED_EDGE('',*,*,#2233,.F.);
#2233 = EDGE_CURVE('',#2234,#2226,#2236,.T.);
#2234 = VERTEX_POINT('',#2235);
#2235 = CARTESIAN_POINT('',(1.23,-1.225,5.E-02));
#2236 = LINE('',#2237,#2238);
#2237 = CARTESIAN_POINT('',(1.23,-1.225,5.E-02));
#2238 = VECTOR('',#2239,1.);
#2239 = DIRECTION('',(0.,1.,-2.22044604925E-16));
#2240 = ORIENTED_EDGE('',*,*,#2241,.F.);
#2241 = EDGE_CURVE('',#2242,#2234,#2244,.T.);
#2242 = VERTEX_POINT('',#2243);
#2243 = CARTESIAN_POINT('',(0.2,-1.225,5.E-02));
#2244 = LINE('',#2245,#2246);
#2245 = CARTESIAN_POINT('',(0.2,-1.225,5.E-02));
#2246 = VECTOR('',#2247,1.);
#2247 = DIRECTION('',(1.,0.,0.));
#2248 = ORIENTED_EDGE('',*,*,#2249,.T.);
#2249 = EDGE_CURVE('',#2242,#2250,#2252,.T.);
#2250 = VERTEX_POINT('',#2251);
#2251 = CARTESIAN_POINT('',(0.2,-1.285,5.E-02));
#2252 = LINE('',#2253,#2254);
#2253 = CARTESIAN_POINT('',(0.2,-1.225,5.E-02));
#2254 = VECTOR('',#2255,1.);
#2255 = DIRECTION('',(0.,-1.,2.22044604925E-16));
#2256 = ORIENTED_EDGE('',*,*,#2257,.T.);
#2257 = EDGE_CURVE('',#2250,#2258,#2260,.T.);
#2258 = VERTEX_POINT('',#2259);
#2259 = CARTESIAN_POINT('',(0.1,-1.285,5.E-02));
#2260 = LINE('',#2261,#2262);
#2261 = CARTESIAN_POINT('',(0.2,-1.285,5.E-02));
#2262 = VECTOR('',#2263,1.);
#2263 = DIRECTION('',(-1.,0.,0.));
#2264 = ORIENTED_EDGE('',*,*,#2265,.F.);
#2265 = EDGE_CURVE('',#2266,#2258,#2268,.T.);
#2266 = VERTEX_POINT('',#2267);
#2267 = CARTESIAN_POINT('',(0.1,-1.575,5.E-02));
#2268 = LINE('',#2269,#2270);
#2269 = CARTESIAN_POINT('',(0.1,-1.575,5.E-02));
#2270 = VECTOR('',#2271,1.);
#2271 = DIRECTION('',(0.,1.,-2.22044604925E-16));
#2272 = ORIENTED_EDGE('',*,*,#2273,.T.);
#2273 = EDGE_CURVE('',#2266,#2274,#2276,.T.);
#2274 = VERTEX_POINT('',#2275);
#2275 = CARTESIAN_POINT('',(1.5,-1.575,5.E-02));
#2276 = LINE('',#2277,#2278);
#2277 = CARTESIAN_POINT('',(0.1,-1.575,5.E-02));
#2278 = VECTOR('',#2279,1.);
#2279 = DIRECTION('',(1.,0.,0.));
#2280 = ORIENTED_EDGE('',*,*,#2281,.T.);
#2281 = EDGE_CURVE('',#2274,#2224,#2282,.T.);
#2282 = LINE('',#2283,#2284);
#2283 = CARTESIAN_POINT('',(1.5,-1.575,5.E-02));
#2284 = VECTOR('',#2285,1.);
#2285 = DIRECTION('',(0.,1.,-2.22044604925E-16));
#2286 = PLANE('',#2287);
#2287 = AXIS2_PLACEMENT_3D('',#2288,#2289,#2290);
#2288 = CARTESIAN_POINT('',(0.,0.,5.E-02));
#2289 = DIRECTION('',(0.,2.22044604925E-16,1.));
#2290 = DIRECTION('',(1.,0.,0.));
#2291 = ADVANCED_FACE('',(#2292),#2358,.F.);
#2292 = FACE_BOUND('',#2293,.F.);
#2293 = EDGE_LOOP('',(#2294,#2304,#2312,#2320,#2328,#2336,#2344,#2352));
#2294 = ORIENTED_EDGE('',*,*,#2295,.F.);
#2295 = EDGE_CURVE('',#2296,#2298,#2300,.T.);
#2296 = VERTEX_POINT('',#2297);
#2297 = CARTESIAN_POINT('',(1.5,-0.825,5.E-02));
#2298 = VERTEX_POINT('',#2299);
#2299 = CARTESIAN_POINT('',(1.23,-0.825,5.E-02));
#2300 = LINE('',#2301,#2302);
#2301 = CARTESIAN_POINT('',(1.5,-0.825,5.E-02));
#2302 = VECTOR('',#2303,1.);
#2303 = DIRECTION('',(-1.,0.,0.));
#2304 = ORIENTED_EDGE('',*,*,#2305,.T.);
#2305 = EDGE_CURVE('',#2296,#2306,#2308,.T.);
#2306 = VERTEX_POINT('',#2307);
#2307 = CARTESIAN_POINT('',(1.5,-0.475,5.E-02));
#2308 = LINE('',#2309,#2310);
#2309 = CARTESIAN_POINT('',(1.5,-0.825,5.E-02));
#2310 = VECTOR('',#2311,1.);
#2311 = DIRECTION('',(0.,1.,-2.22044604925E-16));
#2312 = ORIENTED_EDGE('',*,*,#2313,.T.);
#2313 = EDGE_CURVE('',#2306,#2314,#2316,.T.);
#2314 = VERTEX_POINT('',#2315);
#2315 = CARTESIAN_POINT('',(1.23,-0.475,5.E-02));
#2316 = LINE('',#2317,#2318);
#2317 = CARTESIAN_POINT('',(1.5,-0.475,5.E-02));
#2318 = VECTOR('',#2319,1.);
#2319 = DIRECTION('',(-1.,0.,0.));
#2320 = ORIENTED_EDGE('',*,*,#2321,.F.);
#2321 = EDGE_CURVE('',#2322,#2314,#2324,.T.);
#2322 = VERTEX_POINT('',#2323);
#2323 = CARTESIAN_POINT('',(1.23,-0.525,5.E-02));
#2324 = LINE('',#2325,#2326);
#2325 = CARTESIAN_POINT('',(1.23,-0.525,5.E-02));
#2326 = VECTOR('',#2327,1.);
#2327 = DIRECTION('',(0.,1.,-2.22044604925E-16));
#2328 = ORIENTED_EDGE('',*,*,#2329,.F.);
#2329 = EDGE_CURVE('',#2330,#2322,#2332,.T.);
#2330 = VERTEX_POINT('',#2331);
#2331 = CARTESIAN_POINT('',(1.17,-0.525,5.E-02));
#2332 = LINE('',#2333,#2334);
#2333 = CARTESIAN_POINT('',(1.17,-0.525,5.E-02));
#2334 = VECTOR('',#2335,1.);
#2335 = DIRECTION('',(1.,0.,0.));
#2336 = ORIENTED_EDGE('',*,*,#2337,.F.);
#2337 = EDGE_CURVE('',#2338,#2330,#2340,.T.);
#2338 = VERTEX_POINT('',#2339);
#2339 = CARTESIAN_POINT('',(1.17,-0.775,5.E-02));
#2340 = LINE('',#2341,#2342);
#2341 = CARTESIAN_POINT('',(1.17,-0.775,5.E-02));
#2342 = VECTOR('',#2343,1.);
#2343 = DIRECTION('',(0.,1.,-2.22044604925E-16));
#2344 = ORIENTED_EDGE('',*,*,#2345,.F.);
#2345 = EDGE_CURVE('',#2346,#2338,#2348,.T.);
#2346 = VERTEX_POINT('',#2347);
#2347 = CARTESIAN_POINT('',(1.23,-0.775,5.E-02));
#2348 = LINE('',#2349,#2350);
#2349 = CARTESIAN_POINT('',(1.23,-0.775,5.E-02));
#2350 = VECTOR('',#2351,1.);
#2351 = DIRECTION('',(-1.,0.,0.));
#2352 = ORIENTED_EDGE('',*,*,#2353,.F.);
#2353 = EDGE_CURVE('',#2298,#2346,#2354,.T.);
#2354 = LINE('',#2355,#2356);
#2355 = CARTESIAN_POINT('',(1.23,-0.825,5.E-02));
#2356 = VECTOR('',#2357,1.);
#2357 = DIRECTION('',(0.,1.,-2.22044604925E-16));
#2358 = PLANE('',#2359);
#2359 = AXIS2_PLACEMENT_3D('',#2360,#2361,#2362);
#2360 = CARTESIAN_POINT('',(0.,0.,5.E-02));
#2361 = DIRECTION('',(0.,2.22044604925E-16,1.));
#2362 = DIRECTION('',(1.,0.,0.));
#2363 = ADVANCED_FACE('',(#2364),#2590,.F.);
#2364 = FACE_BOUND('',#2365,.F.);
#2365 = EDGE_LOOP('',(#2366,#2376,#2384,#2392,#2400,#2408,#2416,#2424,
    #2432,#2440,#2448,#2456,#2464,#2472,#2480,#2488,#2496,#2504,#2512,
    #2520,#2528,#2536,#2544,#2552,#2560,#2568,#2576,#2584));
#2366 = ORIENTED_EDGE('',*,*,#2367,.F.);
#2367 = EDGE_CURVE('',#2368,#2370,#2372,.T.);
#2368 = VERTEX_POINT('',#2369);
#2369 = CARTESIAN_POINT('',(-0.565,1.225,5.E-02));
#2370 = VERTEX_POINT('',#2371);
#2371 = CARTESIAN_POINT('',(-0.565,-1.225,5.E-02));
#2372 = LINE('',#2373,#2374);
#2373 = CARTESIAN_POINT('',(-0.565,1.225,5.E-02));
#2374 = VECTOR('',#2375,1.);
#2375 = DIRECTION('',(0.,-1.,2.22044604925E-16));
#2376 = ORIENTED_EDGE('',*,*,#2377,.F.);
#2377 = EDGE_CURVE('',#2378,#2368,#2380,.T.);
#2378 = VERTEX_POINT('',#2379);
#2379 = CARTESIAN_POINT('',(-0.2,1.225,5.E-02));
#2380 = LINE('',#2381,#2382);
#2381 = CARTESIAN_POINT('',(-0.2,1.225,5.E-02));
#2382 = VECTOR('',#2383,1.);
#2383 = DIRECTION('',(-1.,0.,0.));
#2384 = ORIENTED_EDGE('',*,*,#2385,.F.);
#2385 = EDGE_CURVE('',#2386,#2378,#2388,.T.);
#2386 = VERTEX_POINT('',#2387);
#2387 = CARTESIAN_POINT('',(-0.2,1.285,5.E-02));
#2388 = LINE('',#2389,#2390);
#2389 = CARTESIAN_POINT('',(-0.2,1.285,5.E-02));
#2390 = VECTOR('',#2391,1.);
#2391 = DIRECTION('',(0.,-1.,2.22044604925E-16));
#2392 = ORIENTED_EDGE('',*,*,#2393,.F.);
#2393 = EDGE_CURVE('',#2394,#2386,#2396,.T.);
#2394 = VERTEX_POINT('',#2395);
#2395 = CARTESIAN_POINT('',(-0.1,1.285,5.E-02));
#2396 = LINE('',#2397,#2398);
#2397 = CARTESIAN_POINT('',(-0.1,1.285,5.E-02));
#2398 = VECTOR('',#2399,1.);
#2399 = DIRECTION('',(-1.,0.,0.));
#2400 = ORIENTED_EDGE('',*,*,#2401,.F.);
#2401 = EDGE_CURVE('',#2402,#2394,#2404,.T.);
#2402 = VERTEX_POINT('',#2403);
#2403 = CARTESIAN_POINT('',(-0.1,1.575,5.E-02));
#2404 = LINE('',#2405,#2406);
#2405 = CARTESIAN_POINT('',(-0.1,1.575,5.E-02));
#2406 = VECTOR('',#2407,1.);
#2407 = DIRECTION('',(0.,-1.,2.22044604925E-16));
#2408 = ORIENTED_EDGE('',*,*,#2409,.F.);
#2409 = EDGE_CURVE('',#2410,#2402,#2412,.T.);
#2410 = VERTEX_POINT('',#2411);
#2411 = CARTESIAN_POINT('',(-1.5,1.575,5.E-02));
#2412 = LINE('',#2413,#2414);
#2413 = CARTESIAN_POINT('',(-1.5,1.575,5.E-02));
#2414 = VECTOR('',#2415,1.);
#2415 = DIRECTION('',(1.,0.,0.));
#2416 = ORIENTED_EDGE('',*,*,#2417,.F.);
#2417 = EDGE_CURVE('',#2418,#2410,#2420,.T.);
#2418 = VERTEX_POINT('',#2419);
#2419 = CARTESIAN_POINT('',(-1.5,1.125,5.E-02));
#2420 = LINE('',#2421,#2422);
#2421 = CARTESIAN_POINT('',(-1.5,1.125,5.E-02));
#2422 = VECTOR('',#2423,1.);
#2423 = DIRECTION('',(0.,1.,-2.22044604925E-16));
#2424 = ORIENTED_EDGE('',*,*,#2425,.T.);
#2425 = EDGE_CURVE('',#2418,#2426,#2428,.T.);
#2426 = VERTEX_POINT('',#2427);
#2427 = CARTESIAN_POINT('',(-1.25,1.125,5.E-02));
#2428 = LINE('',#2429,#2430);
#2429 = CARTESIAN_POINT('',(-1.5,1.125,5.E-02));
#2430 = VECTOR('',#2431,1.);
#2431 = DIRECTION('',(1.,0.,0.));
#2432 = ORIENTED_EDGE('',*,*,#2433,.F.);
#2433 = EDGE_CURVE('',#2434,#2426,#2436,.T.);
#2434 = VERTEX_POINT('',#2435);
#2435 = CARTESIAN_POINT('',(-1.25,0.825,5.E-02));
#2436 = LINE('',#2437,#2438);
#2437 = CARTESIAN_POINT('',(-1.25,0.825,5.E-02));
#2438 = VECTOR('',#2439,1.);
#2439 = DIRECTION('',(0.,1.,-2.22044604925E-16));
#2440 = ORIENTED_EDGE('',*,*,#2441,.F.);
#2441 = EDGE_CURVE('',#2442,#2434,#2444,.T.);
#2442 = VERTEX_POINT('',#2443);
#2443 = CARTESIAN_POINT('',(-1.5,0.825,5.E-02));
#2444 = LINE('',#2445,#2446);
#2445 = CARTESIAN_POINT('',(-1.5,0.825,5.E-02));
#2446 = VECTOR('',#2447,1.);
#2447 = DIRECTION('',(1.,0.,0.));
#2448 = ORIENTED_EDGE('',*,*,#2449,.F.);
#2449 = EDGE_CURVE('',#2450,#2442,#2452,.T.);
#2450 = VERTEX_POINT('',#2451);
#2451 = CARTESIAN_POINT('',(-1.5,0.475,5.E-02));
#2452 = LINE('',#2453,#2454);
#2453 = CARTESIAN_POINT('',(-1.5,0.475,5.E-02));
#2454 = VECTOR('',#2455,1.);
#2455 = DIRECTION('',(0.,1.,-2.22044604925E-16));
#2456 = ORIENTED_EDGE('',*,*,#2457,.T.);
#2457 = EDGE_CURVE('',#2450,#2458,#2460,.T.);
#2458 = VERTEX_POINT('',#2459);
#2459 = CARTESIAN_POINT('',(-1.25,0.475,5.E-02));
#2460 = LINE('',#2461,#2462);
#2461 = CARTESIAN_POINT('',(-1.5,0.475,5.E-02));
#2462 = VECTOR('',#2463,1.);
#2463 = DIRECTION('',(1.,0.,0.));
#2464 = ORIENTED_EDGE('',*,*,#2465,.F.);
#2465 = EDGE_CURVE('',#2466,#2458,#2468,.T.);
#2466 = VERTEX_POINT('',#2467);
#2467 = CARTESIAN_POINT('',(-1.25,0.175,5.E-02));
#2468 = LINE('',#2469,#2470);
#2469 = CARTESIAN_POINT('',(-1.25,0.175,5.E-02));
#2470 = VECTOR('',#2471,1.);
#2471 = DIRECTION('',(0.,1.,-2.22044604925E-16));
#2472 = ORIENTED_EDGE('',*,*,#2473,.F.);
#2473 = EDGE_CURVE('',#2474,#2466,#2476,.T.);
#2474 = VERTEX_POINT('',#2475);
#2475 = CARTESIAN_POINT('',(-1.5,0.175,5.E-02));
#2476 = LINE('',#2477,#2478);
#2477 = CARTESIAN_POINT('',(-1.5,0.175,5.E-02));
#2478 = VECTOR('',#2479,1.);
#2479 = DIRECTION('',(1.,0.,0.));
#2480 = ORIENTED_EDGE('',*,*,#2481,.F.);
#2481 = EDGE_CURVE('',#2482,#2474,#2484,.T.);
#2482 = VERTEX_POINT('',#2483);
#2483 = CARTESIAN_POINT('',(-1.5,-0.175,5.E-02));
#2484 = LINE('',#2485,#2486);
#2485 = CARTESIAN_POINT('',(-1.5,-0.175,5.E-02));
#2486 = VECTOR('',#2487,1.);
#2487 = DIRECTION('',(0.,1.,-2.22044604925E-16));
#2488 = ORIENTED_EDGE('',*,*,#2489,.T.);
#2489 = EDGE_CURVE('',#2482,#2490,#2492,.T.);
#2490 = VERTEX_POINT('',#2491);
#2491 = CARTESIAN_POINT('',(-1.25,-0.175,5.E-02));
#2492 = LINE('',#2493,#2494);
#2493 = CARTESIAN_POINT('',(-1.5,-0.175,5.E-02));
#2494 = VECTOR('',#2495,1.);
#2495 = DIRECTION('',(1.,0.,0.));
#2496 = ORIENTED_EDGE('',*,*,#2497,.F.);
#2497 = EDGE_CURVE('',#2498,#2490,#2500,.T.);
#2498 = VERTEX_POINT('',#2499);
#2499 = CARTESIAN_POINT('',(-1.25,-0.475,5.E-02));
#2500 = LINE('',#2501,#2502);
#2501 = CARTESIAN_POINT('',(-1.25,-0.475,5.E-02));
#2502 = VECTOR('',#2503,1.);
#2503 = DIRECTION('',(0.,1.,-2.22044604925E-16));
#2504 = ORIENTED_EDGE('',*,*,#2505,.F.);
#2505 = EDGE_CURVE('',#2506,#2498,#2508,.T.);
#2506 = VERTEX_POINT('',#2507);
#2507 = CARTESIAN_POINT('',(-1.5,-0.475,5.E-02));
#2508 = LINE('',#2509,#2510);
#2509 = CARTESIAN_POINT('',(-1.5,-0.475,5.E-02));
#2510 = VECTOR('',#2511,1.);
#2511 = DIRECTION('',(1.,0.,0.));
#2512 = ORIENTED_EDGE('',*,*,#2513,.F.);
#2513 = EDGE_CURVE('',#2514,#2506,#2516,.T.);
#2514 = VERTEX_POINT('',#2515);
#2515 = CARTESIAN_POINT('',(-1.5,-0.825,5.E-02));
#2516 = LINE('',#2517,#2518);
#2517 = CARTESIAN_POINT('',(-1.5,-0.825,5.E-02));
#2518 = VECTOR('',#2519,1.);
#2519 = DIRECTION('',(0.,1.,-2.22044604925E-16));
#2520 = ORIENTED_EDGE('',*,*,#2521,.T.);
#2521 = EDGE_CURVE('',#2514,#2522,#2524,.T.);
#2522 = VERTEX_POINT('',#2523);
#2523 = CARTESIAN_POINT('',(-1.25,-0.825,5.E-02));
#2524 = LINE('',#2525,#2526);
#2525 = CARTESIAN_POINT('',(-1.5,-0.825,5.E-02));
#2526 = VECTOR('',#2527,1.);
#2527 = DIRECTION('',(1.,0.,0.));
#2528 = ORIENTED_EDGE('',*,*,#2529,.F.);
#2529 = EDGE_CURVE('',#2530,#2522,#2532,.T.);
#2530 = VERTEX_POINT('',#2531);
#2531 = CARTESIAN_POINT('',(-1.25,-1.125,5.E-02));
#2532 = LINE('',#2533,#2534);
#2533 = CARTESIAN_POINT('',(-1.25,-1.125,5.E-02));
#2534 = VECTOR('',#2535,1.);
#2535 = DIRECTION('',(0.,1.,-2.22044604925E-16));
#2536 = ORIENTED_EDGE('',*,*,#2537,.F.);
#2537 = EDGE_CURVE('',#2538,#2530,#2540,.T.);
#2538 = VERTEX_POINT('',#2539);
#2539 = CARTESIAN_POINT('',(-1.5,-1.125,5.E-02));
#2540 = LINE('',#2541,#2542);
#2541 = CARTESIAN_POINT('',(-1.5,-1.125,5.E-02));
#2542 = VECTOR('',#2543,1.);
#2543 = DIRECTION('',(1.,0.,0.));
#2544 = ORIENTED_EDGE('',*,*,#2545,.F.);
#2545 = EDGE_CURVE('',#2546,#2538,#2548,.T.);
#2546 = VERTEX_POINT('',#2547);
#2547 = CARTESIAN_POINT('',(-1.5,-1.575,5.E-02));
#2548 = LINE('',#2549,#2550);
#2549 = CARTESIAN_POINT('',(-1.5,-1.575,5.E-02));
#2550 = VECTOR('',#2551,1.);
#2551 = DIRECTION('',(0.,1.,-2.22044604925E-16));
#2552 = ORIENTED_EDGE('',*,*,#2553,.T.);
#2553 = EDGE_CURVE('',#2546,#2554,#2556,.T.);
#2554 = VERTEX_POINT('',#2555);
#2555 = CARTESIAN_POINT('',(-0.1,-1.575,5.E-02));
#2556 = LINE('',#2557,#2558);
#2557 = CARTESIAN_POINT('',(-1.5,-1.575,5.E-02));
#2558 = VECTOR('',#2559,1.);
#2559 = DIRECTION('',(1.,0.,0.));
#2560 = ORIENTED_EDGE('',*,*,#2561,.T.);
#2561 = EDGE_CURVE('',#2554,#2562,#2564,.T.);
#2562 = VERTEX_POINT('',#2563);
#2563 = CARTESIAN_POINT('',(-0.1,-1.285,5.E-02));
#2564 = LINE('',#2565,#2566);
#2565 = CARTESIAN_POINT('',(-0.1,-1.575,5.E-02));
#2566 = VECTOR('',#2567,1.);
#2567 = DIRECTION('',(0.,1.,-2.22044604925E-16));
#2568 = ORIENTED_EDGE('',*,*,#2569,.T.);
#2569 = EDGE_CURVE('',#2562,#2570,#2572,.T.);
#2570 = VERTEX_POINT('',#2571);
#2571 = CARTESIAN_POINT('',(-0.2,-1.285,5.E-02));
#2572 = LINE('',#2573,#2574);
#2573 = CARTESIAN_POINT('',(-0.1,-1.285,5.E-02));
#2574 = VECTOR('',#2575,1.);
#2575 = DIRECTION('',(-1.,0.,0.));
#2576 = ORIENTED_EDGE('',*,*,#2577,.T.);
#2577 = EDGE_CURVE('',#2570,#2578,#2580,.T.);
#2578 = VERTEX_POINT('',#2579);
#2579 = CARTESIAN_POINT('',(-0.2,-1.225,5.E-02));
#2580 = LINE('',#2581,#2582);
#2581 = CARTESIAN_POINT('',(-0.2,-1.285,5.E-02));
#2582 = VECTOR('',#2583,1.);
#2583 = DIRECTION('',(0.,1.,-2.22044604925E-16));
#2584 = ORIENTED_EDGE('',*,*,#2585,.F.);
#2585 = EDGE_CURVE('',#2370,#2578,#2586,.T.);
#2586 = LINE('',#2587,#2588);
#2587 = CARTESIAN_POINT('',(-0.565,-1.225,5.E-02));
#2588 = VECTOR('',#2589,1.);
#2589 = DIRECTION('',(1.,0.,0.));
#2590 = PLANE('',#2591);
#2591 = AXIS2_PLACEMENT_3D('',#2592,#2593,#2594);
#2592 = CARTESIAN_POINT('',(0.,0.,5.E-02));
#2593 = DIRECTION('',(0.,2.22044604925E-16,1.));
#2594 = DIRECTION('',(1.,0.,0.));
#2595 = ADVANCED_FACE('',(#2596),#2662,.F.);
#2596 = FACE_BOUND('',#2597,.F.);
#2597 = EDGE_LOOP('',(#2598,#2608,#2616,#2624,#2632,#2640,#2648,#2656));
#2598 = ORIENTED_EDGE('',*,*,#2599,.F.);
#2599 = EDGE_CURVE('',#2600,#2602,#2604,.T.);
#2600 = VERTEX_POINT('',#2601);
#2601 = CARTESIAN_POINT('',(1.23,1.225,5.E-02));
#2602 = VERTEX_POINT('',#2603);
#2603 = CARTESIAN_POINT('',(0.2,1.225,5.E-02));
#2604 = LINE('',#2605,#2606);
#2605 = CARTESIAN_POINT('',(1.23,1.225,5.E-02));
#2606 = VECTOR('',#2607,1.);
#2607 = DIRECTION('',(-1.,0.,0.));
#2608 = ORIENTED_EDGE('',*,*,#2609,.F.);
#2609 = EDGE_CURVE('',#2610,#2600,#2612,.T.);
#2610 = VERTEX_POINT('',#2611);
#2611 = CARTESIAN_POINT('',(1.23,1.125,5.E-02));
#2612 = LINE('',#2613,#2614);
#2613 = CARTESIAN_POINT('',(1.23,1.125,5.E-02));
#2614 = VECTOR('',#2615,1.);
#2615 = DIRECTION('',(0.,1.,-2.22044604925E-16));
#2616 = ORIENTED_EDGE('',*,*,#2617,.F.);
#2617 = EDGE_CURVE('',#2618,#2610,#2620,.T.);
#2618 = VERTEX_POINT('',#2619);
#2619 = CARTESIAN_POINT('',(1.5,1.125,5.E-02));
#2620 = LINE('',#2621,#2622);
#2621 = CARTESIAN_POINT('',(1.5,1.125,5.E-02));
#2622 = VECTOR('',#2623,1.);
#2623 = DIRECTION('',(-1.,0.,0.));
#2624 = ORIENTED_EDGE('',*,*,#2625,.T.);
#2625 = EDGE_CURVE('',#2618,#2626,#2628,.T.);
#2626 = VERTEX_POINT('',#2627);
#2627 = CARTESIAN_POINT('',(1.5,1.575,5.E-02));
#2628 = LINE('',#2629,#2630);
#2629 = CARTESIAN_POINT('',(1.5,1.125,5.E-02));
#2630 = VECTOR('',#2631,1.);
#2631 = DIRECTION('',(0.,1.,-2.22044604925E-16));
#2632 = ORIENTED_EDGE('',*,*,#2633,.F.);
#2633 = EDGE_CURVE('',#2634,#2626,#2636,.T.);
#2634 = VERTEX_POINT('',#2635);
#2635 = CARTESIAN_POINT('',(0.1,1.575,5.E-02));
#2636 = LINE('',#2637,#2638);
#2637 = CARTESIAN_POINT('',(0.1,1.575,5.E-02));
#2638 = VECTOR('',#2639,1.);
#2639 = DIRECTION('',(1.,0.,0.));
#2640 = ORIENTED_EDGE('',*,*,#2641,.T.);
#2641 = EDGE_CURVE('',#2634,#2642,#2644,.T.);
#2642 = VERTEX_POINT('',#2643);
#2643 = CARTESIAN_POINT('',(0.1,1.285,5.E-02));
#2644 = LINE('',#2645,#2646);
#2645 = CARTESIAN_POINT('',(0.1,1.575,5.E-02));
#2646 = VECTOR('',#2647,1.);
#2647 = DIRECTION('',(0.,-1.,2.22044604925E-16));
#2648 = ORIENTED_EDGE('',*,*,#2649,.F.);
#2649 = EDGE_CURVE('',#2650,#2642,#2652,.T.);
#2650 = VERTEX_POINT('',#2651);
#2651 = CARTESIAN_POINT('',(0.2,1.285,5.E-02));
#2652 = LINE('',#2653,#2654);
#2653 = CARTESIAN_POINT('',(0.2,1.285,5.E-02));
#2654 = VECTOR('',#2655,1.);
#2655 = DIRECTION('',(-1.,0.,0.));
#2656 = ORIENTED_EDGE('',*,*,#2657,.F.);
#2657 = EDGE_CURVE('',#2602,#2650,#2658,.T.);
#2658 = LINE('',#2659,#2660);
#2659 = CARTESIAN_POINT('',(0.2,1.225,5.E-02));
#2660 = VECTOR('',#2661,1.);
#2661 = DIRECTION('',(0.,1.,-2.22044604925E-16));
#2662 = PLANE('',#2663);
#2663 = AXIS2_PLACEMENT_3D('',#2664,#2665,#2666);
#2664 = CARTESIAN_POINT('',(0.,0.,5.E-02));
#2665 = DIRECTION('',(0.,2.22044604925E-16,1.));
#2666 = DIRECTION('',(1.,0.,0.));
#2667 = ADVANCED_FACE('',(#2668),#2734,.F.);
#2668 = FACE_BOUND('',#2669,.F.);
#2669 = EDGE_LOOP('',(#2670,#2680,#2688,#2696,#2704,#2712,#2720,#2728));
#2670 = ORIENTED_EDGE('',*,*,#2671,.F.);
#2671 = EDGE_CURVE('',#2672,#2674,#2676,.T.);
#2672 = VERTEX_POINT('',#2673);
#2673 = CARTESIAN_POINT('',(1.5,-0.175,5.E-02));
#2674 = VERTEX_POINT('',#2675);
#2675 = CARTESIAN_POINT('',(1.23,-0.175,5.E-02));
#2676 = LINE('',#2677,#2678);
#2677 = CARTESIAN_POINT('',(1.5,-0.175,5.E-02));
#2678 = VECTOR('',#2679,1.);
#2679 = DIRECTION('',(-1.,0.,0.));
#2680 = ORIENTED_EDGE('',*,*,#2681,.T.);
#2681 = EDGE_CURVE('',#2672,#2682,#2684,.T.);
#2682 = VERTEX_POINT('',#2683);
#2683 = CARTESIAN_POINT('',(1.5,0.175,5.E-02));
#2684 = LINE('',#2685,#2686);
#2685 = CARTESIAN_POINT('',(1.5,-0.175,5.E-02));
#2686 = VECTOR('',#2687,1.);
#2687 = DIRECTION('',(0.,1.,-2.22044604925E-16));
#2688 = ORIENTED_EDGE('',*,*,#2689,.T.);
#2689 = EDGE_CURVE('',#2682,#2690,#2692,.T.);
#2690 = VERTEX_POINT('',#2691);
#2691 = CARTESIAN_POINT('',(1.23,0.175,5.E-02));
#2692 = LINE('',#2693,#2694);
#2693 = CARTESIAN_POINT('',(1.5,0.175,5.E-02));
#2694 = VECTOR('',#2695,1.);
#2695 = DIRECTION('',(-1.,0.,0.));
#2696 = ORIENTED_EDGE('',*,*,#2697,.F.);
#2697 = EDGE_CURVE('',#2698,#2690,#2700,.T.);
#2698 = VERTEX_POINT('',#2699);
#2699 = CARTESIAN_POINT('',(1.23,0.125,5.E-02));
#2700 = LINE('',#2701,#2702);
#2701 = CARTESIAN_POINT('',(1.23,0.125,5.E-02));
#2702 = VECTOR('',#2703,1.);
#2703 = DIRECTION('',(0.,1.,-2.22044604925E-16));
#2704 = ORIENTED_EDGE('',*,*,#2705,.F.);
#2705 = EDGE_CURVE('',#2706,#2698,#2708,.T.);
#2706 = VERTEX_POINT('',#2707);
#2707 = CARTESIAN_POINT('',(1.17,0.125,5.E-02));
#2708 = LINE('',#2709,#2710);
#2709 = CARTESIAN_POINT('',(1.17,0.125,5.E-02));
#2710 = VECTOR('',#2711,1.);
#2711 = DIRECTION('',(1.,0.,0.));
#2712 = ORIENTED_EDGE('',*,*,#2713,.F.);
#2713 = EDGE_CURVE('',#2714,#2706,#2716,.T.);
#2714 = VERTEX_POINT('',#2715);
#2715 = CARTESIAN_POINT('',(1.17,-0.125,5.E-02));
#2716 = LINE('',#2717,#2718);
#2717 = CARTESIAN_POINT('',(1.17,-0.125,5.E-02));
#2718 = VECTOR('',#2719,1.);
#2719 = DIRECTION('',(0.,1.,-2.22044604925E-16));
#2720 = ORIENTED_EDGE('',*,*,#2721,.F.);
#2721 = EDGE_CURVE('',#2722,#2714,#2724,.T.);
#2722 = VERTEX_POINT('',#2723);
#2723 = CARTESIAN_POINT('',(1.23,-0.125,5.E-02));
#2724 = LINE('',#2725,#2726);
#2725 = CARTESIAN_POINT('',(1.23,-0.125,5.E-02));
#2726 = VECTOR('',#2727,1.);
#2727 = DIRECTION('',(-1.,0.,0.));
#2728 = ORIENTED_EDGE('',*,*,#2729,.F.);
#2729 = EDGE_CURVE('',#2674,#2722,#2730,.T.);
#2730 = LINE('',#2731,#2732);
#2731 = CARTESIAN_POINT('',(1.23,-0.175,5.E-02));
#2732 = VECTOR('',#2733,1.);
#2733 = DIRECTION('',(0.,1.,-2.22044604925E-16));
#2734 = PLANE('',#2735);
#2735 = AXIS2_PLACEMENT_3D('',#2736,#2737,#2738);
#2736 = CARTESIAN_POINT('',(0.,0.,5.E-02));
#2737 = DIRECTION('',(0.,2.22044604925E-16,1.));
#2738 = DIRECTION('',(1.,0.,0.));
#2739 = ADVANCED_FACE('',(#2740),#2806,.F.);
#2740 = FACE_BOUND('',#2741,.F.);
#2741 = EDGE_LOOP('',(#2742,#2752,#2760,#2768,#2776,#2784,#2792,#2800));
#2742 = ORIENTED_EDGE('',*,*,#2743,.F.);
#2743 = EDGE_CURVE('',#2744,#2746,#2748,.T.);
#2744 = VERTEX_POINT('',#2745);
#2745 = CARTESIAN_POINT('',(1.5,0.475,5.E-02));
#2746 = VERTEX_POINT('',#2747);
#2747 = CARTESIAN_POINT('',(1.23,0.475,5.E-02));
#2748 = LINE('',#2749,#2750);
#2749 = CARTESIAN_POINT('',(1.5,0.475,5.E-02));
#2750 = VECTOR('',#2751,1.);
#2751 = DIRECTION('',(-1.,0.,0.));
#2752 = ORIENTED_EDGE('',*,*,#2753,.T.);
#2753 = EDGE_CURVE('',#2744,#2754,#2756,.T.);
#2754 = VERTEX_POINT('',#2755);
#2755 = CARTESIAN_POINT('',(1.5,0.825,5.E-02));
#2756 = LINE('',#2757,#2758);
#2757 = CARTESIAN_POINT('',(1.5,0.475,5.E-02));
#2758 = VECTOR('',#2759,1.);
#2759 = DIRECTION('',(0.,1.,-2.22044604925E-16));
#2760 = ORIENTED_EDGE('',*,*,#2761,.T.);
#2761 = EDGE_CURVE('',#2754,#2762,#2764,.T.);
#2762 = VERTEX_POINT('',#2763);
#2763 = CARTESIAN_POINT('',(1.23,0.825,5.E-02));
#2764 = LINE('',#2765,#2766);
#2765 = CARTESIAN_POINT('',(1.5,0.825,5.E-02));
#2766 = VECTOR('',#2767,1.);
#2767 = DIRECTION('',(-1.,0.,0.));
#2768 = ORIENTED_EDGE('',*,*,#2769,.F.);
#2769 = EDGE_CURVE('',#2770,#2762,#2772,.T.);
#2770 = VERTEX_POINT('',#2771);
#2771 = CARTESIAN_POINT('',(1.23,0.775,5.E-02));
#2772 = LINE('',#2773,#2774);
#2773 = CARTESIAN_POINT('',(1.23,0.775,5.E-02));
#2774 = VECTOR('',#2775,1.);
#2775 = DIRECTION('',(0.,1.,-2.22044604925E-16));
#2776 = ORIENTED_EDGE('',*,*,#2777,.F.);
#2777 = EDGE_CURVE('',#2778,#2770,#2780,.T.);
#2778 = VERTEX_POINT('',#2779);
#2779 = CARTESIAN_POINT('',(1.17,0.775,5.E-02));
#2780 = LINE('',#2781,#2782);
#2781 = CARTESIAN_POINT('',(1.17,0.775,5.E-02));
#2782 = VECTOR('',#2783,1.);
#2783 = DIRECTION('',(1.,0.,0.));
#2784 = ORIENTED_EDGE('',*,*,#2785,.F.);
#2785 = EDGE_CURVE('',#2786,#2778,#2788,.T.);
#2786 = VERTEX_POINT('',#2787);
#2787 = CARTESIAN_POINT('',(1.17,0.525,5.E-02));
#2788 = LINE('',#2789,#2790);
#2789 = CARTESIAN_POINT('',(1.17,0.525,5.E-02));
#2790 = VECTOR('',#2791,1.);
#2791 = DIRECTION('',(0.,1.,-2.22044604925E-16));
#2792 = ORIENTED_EDGE('',*,*,#2793,.F.);
#2793 = EDGE_CURVE('',#2794,#2786,#2796,.T.);
#2794 = VERTEX_POINT('',#2795);
#2795 = CARTESIAN_POINT('',(1.23,0.525,5.E-02));
#2796 = LINE('',#2797,#2798);
#2797 = CARTESIAN_POINT('',(1.23,0.525,5.E-02));
#2798 = VECTOR('',#2799,1.);
#2799 = DIRECTION('',(-1.,0.,0.));
#2800 = ORIENTED_EDGE('',*,*,#2801,.F.);
#2801 = EDGE_CURVE('',#2746,#2794,#2802,.T.);
#2802 = LINE('',#2803,#2804);
#2803 = CARTESIAN_POINT('',(1.23,0.475,5.E-02));
#2804 = VECTOR('',#2805,1.);
#2805 = DIRECTION('',(0.,1.,-2.22044604925E-16));
#2806 = PLANE('',#2807);
#2807 = AXIS2_PLACEMENT_3D('',#2808,#2809,#2810);
#2808 = CARTESIAN_POINT('',(0.,0.,5.E-02));
#2809 = DIRECTION('',(0.,2.22044604925E-16,1.));
#2810 = DIRECTION('',(1.,0.,0.));
#2811 = ADVANCED_FACE('',(#2812),#2837,.T.);
#2812 = FACE_BOUND('',#2813,.F.);
#2813 = EDGE_LOOP('',(#2814,#2815,#2823,#2831));
#2814 = ORIENTED_EDGE('',*,*,#2223,.F.);
#2815 = ORIENTED_EDGE('',*,*,#2816,.T.);
#2816 = EDGE_CURVE('',#2224,#2817,#2819,.T.);
#2817 = VERTEX_POINT('',#2818);
#2818 = CARTESIAN_POINT('',(1.473550952894,-1.125,0.2));
#2819 = LINE('',#2820,#2821);
#2820 = CARTESIAN_POINT('',(1.5,-1.125,5.E-02));
#2821 = VECTOR('',#2822,1.);
#2822 = DIRECTION('',(-0.173648177667,2.186712484447E-16,0.984807753012)
  );
#2823 = ORIENTED_EDGE('',*,*,#2824,.T.);
#2824 = EDGE_CURVE('',#2817,#2825,#2827,.T.);
#2825 = VERTEX_POINT('',#2826);
#2826 = CARTESIAN_POINT('',(1.23,-1.125,0.2));
#2827 = LINE('',#2828,#2829);
#2828 = CARTESIAN_POINT('',(1.473550952894,-1.125,0.2));
#2829 = VECTOR('',#2830,1.);
#2830 = DIRECTION('',(-1.,0.,0.));
#2831 = ORIENTED_EDGE('',*,*,#2832,.F.);
#2832 = EDGE_CURVE('',#2226,#2825,#2833,.T.);
#2833 = LINE('',#2834,#2835);
#2834 = CARTESIAN_POINT('',(1.23,-1.125,5.E-02));
#2835 = VECTOR('',#2836,1.);
#2836 = DIRECTION('',(0.,2.22044604925E-16,1.));
#2837 = PLANE('',#2838);
#2838 = AXIS2_PLACEMENT_3D('',#2839,#2840,#2841);
#2839 = CARTESIAN_POINT('',(1.65,-1.125,2.498001805407E-16));
#2840 = DIRECTION('',(0.,1.,-2.22044604925E-16));
#2841 = DIRECTION('',(-1.,0.,0.));
#2842 = ADVANCED_FACE('',(#2843),#2953,.T.);
#2843 = FACE_BOUND('',#2844,.F.);
#2844 = EDGE_LOOP('',(#2845,#2846,#2847,#2855,#2863,#2869,#2870,#2878,
    #2886,#2892,#2893,#2901,#2909,#2915,#2916,#2924,#2932,#2938,#2939,
    #2947));
#2845 = ORIENTED_EDGE('',*,*,#2816,.F.);
#2846 = ORIENTED_EDGE('',*,*,#2281,.F.);
#2847 = ORIENTED_EDGE('',*,*,#2848,.T.);
#2848 = EDGE_CURVE('',#2274,#2849,#2851,.T.);
#2849 = VERTEX_POINT('',#2850);
#2850 = CARTESIAN_POINT('',(1.379263690765,-1.454263690765,
    0.734729635533));
#2851 = LINE('',#2852,#2853);
#2852 = CARTESIAN_POINT('',(1.5,-1.575,5.E-02));
#2853 = VECTOR('',#2854,1.);
#2854 = DIRECTION('',(-0.171087869746,0.171087869746,0.970287525248));
#2855 = ORIENTED_EDGE('',*,*,#2856,.T.);
#2856 = EDGE_CURVE('',#2849,#2857,#2859,.T.);
#2857 = VERTEX_POINT('',#2858);
#2858 = CARTESIAN_POINT('',(1.379263690765,1.454263690765,0.734729635533
    ));
#2859 = LINE('',#2860,#2861);
#2860 = CARTESIAN_POINT('',(1.379263690765,-1.454263690765,
    0.734729635533));
#2861 = VECTOR('',#2862,1.);
#2862 = DIRECTION('',(0.,1.,-2.22044604925E-16));
#2863 = ORIENTED_EDGE('',*,*,#2864,.F.);
#2864 = EDGE_CURVE('',#2626,#2857,#2865,.T.);
#2865 = LINE('',#2866,#2867);
#2866 = CARTESIAN_POINT('',(1.5,1.575,5.E-02));
#2867 = VECTOR('',#2868,1.);
#2868 = DIRECTION('',(-0.171087869746,-0.171087869746,0.970287525248));
#2869 = ORIENTED_EDGE('',*,*,#2625,.F.);
#2870 = ORIENTED_EDGE('',*,*,#2871,.T.);
#2871 = EDGE_CURVE('',#2618,#2872,#2874,.T.);
#2872 = VERTEX_POINT('',#2873);
#2873 = CARTESIAN_POINT('',(1.473550952894,1.125,0.2));
#2874 = LINE('',#2875,#2876);
#2875 = CARTESIAN_POINT('',(1.5,1.125,5.E-02));
#2876 = VECTOR('',#2877,1.);
#2877 = DIRECTION('',(-0.173648177667,2.186712484447E-16,0.984807753012)
  );
#2878 = ORIENTED_EDGE('',*,*,#2879,.F.);
#2879 = EDGE_CURVE('',#2880,#2872,#2882,.T.);
#2880 = VERTEX_POINT('',#2881);
#2881 = CARTESIAN_POINT('',(1.473550952894,0.825,0.2));
#2882 = LINE('',#2883,#2884);
#2883 = CARTESIAN_POINT('',(1.473550952894,0.825,0.2));
#2884 = VECTOR('',#2885,1.);
#2885 = DIRECTION('',(0.,1.,-2.22044604925E-16));
#2886 = ORIENTED_EDGE('',*,*,#2887,.F.);
#2887 = EDGE_CURVE('',#2754,#2880,#2888,.T.);
#2888 = LINE('',#2889,#2890);
#2889 = CARTESIAN_POINT('',(1.5,0.825,5.E-02));
#2890 = VECTOR('',#2891,1.);
#2891 = DIRECTION('',(-0.173648177667,2.186712484447E-16,0.984807753012)
  );
#2892 = ORIENTED_EDGE('',*,*,#2753,.F.);
#2893 = ORIENTED_EDGE('',*,*,#2894,.T.);
#2894 = EDGE_CURVE('',#2744,#2895,#2897,.T.);
#2895 = VERTEX_POINT('',#2896);
#2896 = CARTESIAN_POINT('',(1.473550952894,0.475,0.2));
#2897 = LINE('',#2898,#2899);
#2898 = CARTESIAN_POINT('',(1.5,0.475,5.E-02));
#2899 = VECTOR('',#2900,1.);
#2900 = DIRECTION('',(-0.173648177667,2.186712484447E-16,0.984807753012)
  );
#2901 = ORIENTED_EDGE('',*,*,#2902,.F.);
#2902 = EDGE_CURVE('',#2903,#2895,#2905,.T.);
#2903 = VERTEX_POINT('',#2904);
#2904 = CARTESIAN_POINT('',(1.473550952894,0.175,0.2));
#2905 = LINE('',#2906,#2907);
#2906 = CARTESIAN_POINT('',(1.473550952894,0.175,0.2));
#2907 = VECTOR('',#2908,1.);
#2908 = DIRECTION('',(0.,1.,-2.22044604925E-16));
#2909 = ORIENTED_EDGE('',*,*,#2910,.F.);
#2910 = EDGE_CURVE('',#2682,#2903,#2911,.T.);
#2911 = LINE('',#2912,#2913);
#2912 = CARTESIAN_POINT('',(1.5,0.175,5.E-02));
#2913 = VECTOR('',#2914,1.);
#2914 = DIRECTION('',(-0.173648177667,2.186712484447E-16,0.984807753012)
  );
#2915 = ORIENTED_EDGE('',*,*,#2681,.F.);
#2916 = ORIENTED_EDGE('',*,*,#2917,.T.);
#2917 = EDGE_CURVE('',#2672,#2918,#2920,.T.);
#2918 = VERTEX_POINT('',#2919);
#2919 = CARTESIAN_POINT('',(1.473550952894,-0.175,0.2));
#2920 = LINE('',#2921,#2922);
#2921 = CARTESIAN_POINT('',(1.5,-0.175,5.E-02));
#2922 = VECTOR('',#2923,1.);
#2923 = DIRECTION('',(-0.173648177667,2.186712484447E-16,0.984807753012)
  );
#2924 = ORIENTED_EDGE('',*,*,#2925,.F.);
#2925 = EDGE_CURVE('',#2926,#2918,#2928,.T.);
#2926 = VERTEX_POINT('',#2927);
#2927 = CARTESIAN_POINT('',(1.473550952894,-0.475,0.2));
#2928 = LINE('',#2929,#2930);
#2929 = CARTESIAN_POINT('',(1.473550952894,-0.475,0.2));
#2930 = VECTOR('',#2931,1.);
#2931 = DIRECTION('',(0.,1.,-2.22044604925E-16));
#2932 = ORIENTED_EDGE('',*,*,#2933,.F.);
#2933 = EDGE_CURVE('',#2306,#2926,#2934,.T.);
#2934 = LINE('',#2935,#2936);
#2935 = CARTESIAN_POINT('',(1.5,-0.475,5.E-02));
#2936 = VECTOR('',#2937,1.);
#2937 = DIRECTION('',(-0.173648177667,2.186712484447E-16,0.984807753012)
  );
#2938 = ORIENTED_EDGE('',*,*,#2305,.F.);
#2939 = ORIENTED_EDGE('',*,*,#2940,.T.);
#2940 = EDGE_CURVE('',#2296,#2941,#2943,.T.);
#2941 = VERTEX_POINT('',#2942);
#2942 = CARTESIAN_POINT('',(1.473550952894,-0.825,0.2));
#2943 = LINE('',#2944,#2945);
#2944 = CARTESIAN_POINT('',(1.5,-0.825,5.E-02));
#2945 = VECTOR('',#2946,1.);
#2946 = DIRECTION('',(-0.173648177667,2.186712484447E-16,0.984807753012)
  );
#2947 = ORIENTED_EDGE('',*,*,#2948,.F.);
#2948 = EDGE_CURVE('',#2817,#2941,#2949,.T.);
#2949 = LINE('',#2950,#2951);
#2950 = CARTESIAN_POINT('',(1.473550952894,-1.125,0.2));
#2951 = VECTOR('',#2952,1.);
#2952 = DIRECTION('',(0.,1.,-2.22044604925E-16));
#2953 = PLANE('',#2954);
#2954 = AXIS2_PLACEMENT_3D('',#2955,#2956,#2957);
#2955 = CARTESIAN_POINT('',(1.5,-2.63242,5.E-02));
#2956 = DIRECTION('',(0.984807753012,3.8557641006E-17,0.173648177667));
#2957 = DIRECTION('',(0.,1.,-2.22044604925E-16));
#2958 = ADVANCED_FACE('',(#2959),#3000,.T.);
#2959 = FACE_BOUND('',#2960,.F.);
#2960 = EDGE_LOOP('',(#2961,#2971,#2977,#2978,#2986,#2992,#2993,#2994));
#2961 = ORIENTED_EDGE('',*,*,#2962,.T.);
#2962 = EDGE_CURVE('',#2963,#2965,#2967,.T.);
#2963 = VERTEX_POINT('',#2964);
#2964 = CARTESIAN_POINT('',(0.1,-1.548550952894,0.2));
#2965 = VERTEX_POINT('',#2966);
#2966 = CARTESIAN_POINT('',(-0.1,-1.548550952894,0.2));
#2967 = LINE('',#2968,#2969);
#2968 = CARTESIAN_POINT('',(0.1,-1.548550952894,0.2));
#2969 = VECTOR('',#2970,1.);
#2970 = DIRECTION('',(-1.,0.,0.));
#2971 = ORIENTED_EDGE('',*,*,#2972,.F.);
#2972 = EDGE_CURVE('',#2554,#2965,#2973,.T.);
#2973 = LINE('',#2974,#2975);
#2974 = CARTESIAN_POINT('',(-0.1,-1.575,5.E-02));
#2975 = VECTOR('',#2976,1.);
#2976 = DIRECTION('',(0.,0.173648177667,0.984807753012));
#2977 = ORIENTED_EDGE('',*,*,#2553,.F.);
#2978 = ORIENTED_EDGE('',*,*,#2979,.T.);
#2979 = EDGE_CURVE('',#2546,#2980,#2982,.T.);
#2980 = VERTEX_POINT('',#2981);
#2981 = CARTESIAN_POINT('',(-1.379263690765,-1.454263690765,
    0.734729635533));
#2982 = LINE('',#2983,#2984);
#2983 = CARTESIAN_POINT('',(-1.5,-1.575,5.E-02));
#2984 = VECTOR('',#2985,1.);
#2985 = DIRECTION('',(0.171087869746,0.171087869746,0.970287525248));
#2986 = ORIENTED_EDGE('',*,*,#2987,.T.);
#2987 = EDGE_CURVE('',#2980,#2849,#2988,.T.);
#2988 = LINE('',#2989,#2990);
#2989 = CARTESIAN_POINT('',(-1.379263690765,-1.454263690765,
    0.734729635533));
#2990 = VECTOR('',#2991,1.);
#2991 = DIRECTION('',(1.,0.,0.));
#2992 = ORIENTED_EDGE('',*,*,#2848,.F.);
#2993 = ORIENTED_EDGE('',*,*,#2273,.F.);
#2994 = ORIENTED_EDGE('',*,*,#2995,.T.);
#2995 = EDGE_CURVE('',#2266,#2963,#2996,.T.);
#2996 = LINE('',#2997,#2998);
#2997 = CARTESIAN_POINT('',(0.1,-1.575,5.E-02));
#2998 = VECTOR('',#2999,1.);
#2999 = DIRECTION('',(0.,0.173648177667,0.984807753012));
#3000 = PLANE('',#3001);
#3001 = AXIS2_PLACEMENT_3D('',#3002,#3003,#3004);
#3002 = CARTESIAN_POINT('',(-2.55742,-1.575,5.E-02));
#3003 = DIRECTION('',(0.,-0.984807753012,0.173648177667));
#3004 = DIRECTION('',(1.,0.,0.));
#3005 = ADVANCED_FACE('',(#3006),#3340,.T.);
#3006 = FACE_BOUND('',#3007,.F.);
#3007 = EDGE_LOOP('',(#3008,#3009,#3017,#3025,#3033,#3041,#3047,#3048,
    #3049,#3057,#3065,#3073,#3081,#3089,#3097,#3103,#3104,#3112,#3120,
    #3128,#3136,#3144,#3152,#3158,#3159,#3167,#3175,#3183,#3191,#3199,
    #3207,#3213,#3214,#3222,#3230,#3238,#3246,#3254,#3262,#3270,#3278,
    #3286,#3294,#3302,#3310,#3318,#3326,#3334));
#3008 = ORIENTED_EDGE('',*,*,#2962,.F.);
#3009 = ORIENTED_EDGE('',*,*,#3010,.F.);
#3010 = EDGE_CURVE('',#3011,#2963,#3013,.T.);
#3011 = VERTEX_POINT('',#3012);
#3012 = CARTESIAN_POINT('',(0.1,-1.285,0.2));
#3013 = LINE('',#3014,#3015);
#3014 = CARTESIAN_POINT('',(0.1,-1.285,0.2));
#3015 = VECTOR('',#3016,1.);
#3016 = DIRECTION('',(0.,-1.,2.22044604925E-16));
#3017 = ORIENTED_EDGE('',*,*,#3018,.F.);
#3018 = EDGE_CURVE('',#3019,#3011,#3021,.T.);
#3019 = VERTEX_POINT('',#3020);
#3020 = CARTESIAN_POINT('',(0.2,-1.285,0.2));
#3021 = LINE('',#3022,#3023);
#3022 = CARTESIAN_POINT('',(0.2,-1.285,0.2));
#3023 = VECTOR('',#3024,1.);
#3024 = DIRECTION('',(-1.,0.,0.));
#3025 = ORIENTED_EDGE('',*,*,#3026,.F.);
#3026 = EDGE_CURVE('',#3027,#3019,#3029,.T.);
#3027 = VERTEX_POINT('',#3028);
#3028 = CARTESIAN_POINT('',(0.2,-1.225,0.2));
#3029 = LINE('',#3030,#3031);
#3030 = CARTESIAN_POINT('',(0.2,-1.225,0.2));
#3031 = VECTOR('',#3032,1.);
#3032 = DIRECTION('',(0.,-1.,2.22044604925E-16));
#3033 = ORIENTED_EDGE('',*,*,#3034,.F.);
#3034 = EDGE_CURVE('',#3035,#3027,#3037,.T.);
#3035 = VERTEX_POINT('',#3036);
#3036 = CARTESIAN_POINT('',(1.23,-1.225,0.2));
#3037 = LINE('',#3038,#3039);
#3038 = CARTESIAN_POINT('',(1.23,-1.225,0.2));
#3039 = VECTOR('',#3040,1.);
#3040 = DIRECTION('',(-1.,0.,0.));
#3041 = ORIENTED_EDGE('',*,*,#3042,.F.);
#3042 = EDGE_CURVE('',#2825,#3035,#3043,.T.);
#3043 = LINE('',#3044,#3045);
#3044 = CARTESIAN_POINT('',(1.23,-1.125,0.2));
#3045 = VECTOR('',#3046,1.);
#3046 = DIRECTION('',(0.,-1.,2.22044604925E-16));
#3047 = ORIENTED_EDGE('',*,*,#2824,.F.);
#3048 = ORIENTED_EDGE('',*,*,#2948,.T.);
#3049 = ORIENTED_EDGE('',*,*,#3050,.F.);
#3050 = EDGE_CURVE('',#3051,#2941,#3053,.T.);
#3051 = VERTEX_POINT('',#3052);
#3052 = CARTESIAN_POINT('',(1.23,-0.825,0.2));
#3053 = LINE('',#3054,#3055);
#3054 = CARTESIAN_POINT('',(1.23,-0.825,0.2));
#3055 = VECTOR('',#3056,1.);
#3056 = DIRECTION('',(1.,0.,0.));
#3057 = ORIENTED_EDGE('',*,*,#3058,.T.);
#3058 = EDGE_CURVE('',#3051,#3059,#3061,.T.);
#3059 = VERTEX_POINT('',#3060);
#3060 = CARTESIAN_POINT('',(1.23,-0.775,0.2));
#3061 = LINE('',#3062,#3063);
#3062 = CARTESIAN_POINT('',(1.23,-0.825,0.2));
#3063 = VECTOR('',#3064,1.);
#3064 = DIRECTION('',(0.,1.,-2.22044604925E-16));
#3065 = ORIENTED_EDGE('',*,*,#3066,.T.);
#3066 = EDGE_CURVE('',#3059,#3067,#3069,.T.);
#3067 = VERTEX_POINT('',#3068);
#3068 = CARTESIAN_POINT('',(1.17,-0.775,0.2));
#3069 = LINE('',#3070,#3071);
#3070 = CARTESIAN_POINT('',(1.23,-0.775,0.2));
#3071 = VECTOR('',#3072,1.);
#3072 = DIRECTION('',(-1.,0.,0.));
#3073 = ORIENTED_EDGE('',*,*,#3074,.T.);
#3074 = EDGE_CURVE('',#3067,#3075,#3077,.T.);
#3075 = VERTEX_POINT('',#3076);
#3076 = CARTESIAN_POINT('',(1.17,-0.525,0.2));
#3077 = LINE('',#3078,#3079);
#3078 = CARTESIAN_POINT('',(1.17,-0.775,0.2));
#3079 = VECTOR('',#3080,1.);
#3080 = DIRECTION('',(0.,1.,-2.22044604925E-16));
#3081 = ORIENTED_EDGE('',*,*,#3082,.T.);
#3082 = EDGE_CURVE('',#3075,#3083,#3085,.T.);
#3083 = VERTEX_POINT('',#3084);
#3084 = CARTESIAN_POINT('',(1.23,-0.525,0.2));
#3085 = LINE('',#3086,#3087);
#3086 = CARTESIAN_POINT('',(1.17,-0.525,0.2));
#3087 = VECTOR('',#3088,1.);
#3088 = DIRECTION('',(1.,0.,0.));
#3089 = ORIENTED_EDGE('',*,*,#3090,.T.);
#3090 = EDGE_CURVE('',#3083,#3091,#3093,.T.);
#3091 = VERTEX_POINT('',#3092);
#3092 = CARTESIAN_POINT('',(1.23,-0.475,0.2));
#3093 = LINE('',#3094,#3095);
#3094 = CARTESIAN_POINT('',(1.23,-0.525,0.2));
#3095 = VECTOR('',#3096,1.);
#3096 = DIRECTION('',(0.,1.,-2.22044604925E-16));
#3097 = ORIENTED_EDGE('',*,*,#3098,.F.);
#3098 = EDGE_CURVE('',#2926,#3091,#3099,.T.);
#3099 = LINE('',#3100,#3101);
#3100 = CARTESIAN_POINT('',(1.473550952894,-0.475,0.2));
#3101 = VECTOR('',#3102,1.);
#3102 = DIRECTION('',(-1.,0.,0.));
#3103 = ORIENTED_EDGE('',*,*,#2925,.T.);
#3104 = ORIENTED_EDGE('',*,*,#3105,.F.);
#3105 = EDGE_CURVE('',#3106,#2918,#3108,.T.);
#3106 = VERTEX_POINT('',#3107);
#3107 = CARTESIAN_POINT('',(1.23,-0.175,0.2));
#3108 = LINE('',#3109,#3110);
#3109 = CARTESIAN_POINT('',(1.23,-0.175,0.2));
#3110 = VECTOR('',#3111,1.);
#3111 = DIRECTION('',(1.,0.,0.));
#3112 = ORIENTED_EDGE('',*,*,#3113,.T.);
#3113 = EDGE_CURVE('',#3106,#3114,#3116,.T.);
#3114 = VERTEX_POINT('',#3115);
#3115 = CARTESIAN_POINT('',(1.23,-0.125,0.2));
#3116 = LINE('',#3117,#3118);
#3117 = CARTESIAN_POINT('',(1.23,-0.175,0.2));
#3118 = VECTOR('',#3119,1.);
#3119 = DIRECTION('',(0.,1.,-2.22044604925E-16));
#3120 = ORIENTED_EDGE('',*,*,#3121,.T.);
#3121 = EDGE_CURVE('',#3114,#3122,#3124,.T.);
#3122 = VERTEX_POINT('',#3123);
#3123 = CARTESIAN_POINT('',(1.17,-0.125,0.2));
#3124 = LINE('',#3125,#3126);
#3125 = CARTESIAN_POINT('',(1.23,-0.125,0.2));
#3126 = VECTOR('',#3127,1.);
#3127 = DIRECTION('',(-1.,0.,0.));
#3128 = ORIENTED_EDGE('',*,*,#3129,.T.);
#3129 = EDGE_CURVE('',#3122,#3130,#3132,.T.);
#3130 = VERTEX_POINT('',#3131);
#3131 = CARTESIAN_POINT('',(1.17,0.125,0.2));
#3132 = LINE('',#3133,#3134);
#3133 = CARTESIAN_POINT('',(1.17,-0.125,0.2));
#3134 = VECTOR('',#3135,1.);
#3135 = DIRECTION('',(0.,1.,-2.22044604925E-16));
#3136 = ORIENTED_EDGE('',*,*,#3137,.T.);
#3137 = EDGE_CURVE('',#3130,#3138,#3140,.T.);
#3138 = VERTEX_POINT('',#3139);
#3139 = CARTESIAN_POINT('',(1.23,0.125,0.2));
#3140 = LINE('',#3141,#3142);
#3141 = CARTESIAN_POINT('',(1.17,0.125,0.2));
#3142 = VECTOR('',#3143,1.);
#3143 = DIRECTION('',(1.,0.,0.));
#3144 = ORIENTED_EDGE('',*,*,#3145,.T.);
#3145 = EDGE_CURVE('',#3138,#3146,#3148,.T.);
#3146 = VERTEX_POINT('',#3147);
#3147 = CARTESIAN_POINT('',(1.23,0.175,0.2));
#3148 = LINE('',#3149,#3150);
#3149 = CARTESIAN_POINT('',(1.23,0.125,0.2));
#3150 = VECTOR('',#3151,1.);
#3151 = DIRECTION('',(0.,1.,-2.22044604925E-16));
#3152 = ORIENTED_EDGE('',*,*,#3153,.F.);
#3153 = EDGE_CURVE('',#2903,#3146,#3154,.T.);
#3154 = LINE('',#3155,#3156);
#3155 = CARTESIAN_POINT('',(1.473550952894,0.175,0.2));
#3156 = VECTOR('',#3157,1.);
#3157 = DIRECTION('',(-1.,0.,0.));
#3158 = ORIENTED_EDGE('',*,*,#2902,.T.);
#3159 = ORIENTED_EDGE('',*,*,#3160,.F.);
#3160 = EDGE_CURVE('',#3161,#2895,#3163,.T.);
#3161 = VERTEX_POINT('',#3162);
#3162 = CARTESIAN_POINT('',(1.23,0.475,0.2));
#3163 = LINE('',#3164,#3165);
#3164 = CARTESIAN_POINT('',(1.23,0.475,0.2));
#3165 = VECTOR('',#3166,1.);
#3166 = DIRECTION('',(1.,0.,0.));
#3167 = ORIENTED_EDGE('',*,*,#3168,.T.);
#3168 = EDGE_CURVE('',#3161,#3169,#3171,.T.);
#3169 = VERTEX_POINT('',#3170);
#3170 = CARTESIAN_POINT('',(1.23,0.525,0.2));
#3171 = LINE('',#3172,#3173);
#3172 = CARTESIAN_POINT('',(1.23,0.475,0.2));
#3173 = VECTOR('',#3174,1.);
#3174 = DIRECTION('',(0.,1.,-2.22044604925E-16));
#3175 = ORIENTED_EDGE('',*,*,#3176,.T.);
#3176 = EDGE_CURVE('',#3169,#3177,#3179,.T.);
#3177 = VERTEX_POINT('',#3178);
#3178 = CARTESIAN_POINT('',(1.17,0.525,0.2));
#3179 = LINE('',#3180,#3181);
#3180 = CARTESIAN_POINT('',(1.23,0.525,0.2));
#3181 = VECTOR('',#3182,1.);
#3182 = DIRECTION('',(-1.,0.,0.));
#3183 = ORIENTED_EDGE('',*,*,#3184,.T.);
#3184 = EDGE_CURVE('',#3177,#3185,#3187,.T.);
#3185 = VERTEX_POINT('',#3186);
#3186 = CARTESIAN_POINT('',(1.17,0.775,0.2));
#3187 = LINE('',#3188,#3189);
#3188 = CARTESIAN_POINT('',(1.17,0.525,0.2));
#3189 = VECTOR('',#3190,1.);
#3190 = DIRECTION('',(0.,1.,-2.22044604925E-16));
#3191 = ORIENTED_EDGE('',*,*,#3192,.T.);
#3192 = EDGE_CURVE('',#3185,#3193,#3195,.T.);
#3193 = VERTEX_POINT('',#3194);
#3194 = CARTESIAN_POINT('',(1.23,0.775,0.2));
#3195 = LINE('',#3196,#3197);
#3196 = CARTESIAN_POINT('',(1.17,0.775,0.2));
#3197 = VECTOR('',#3198,1.);
#3198 = DIRECTION('',(1.,0.,0.));
#3199 = ORIENTED_EDGE('',*,*,#3200,.T.);
#3200 = EDGE_CURVE('',#3193,#3201,#3203,.T.);
#3201 = VERTEX_POINT('',#3202);
#3202 = CARTESIAN_POINT('',(1.23,0.825,0.2));
#3203 = LINE('',#3204,#3205);
#3204 = CARTESIAN_POINT('',(1.23,0.775,0.2));
#3205 = VECTOR('',#3206,1.);
#3206 = DIRECTION('',(0.,1.,-2.22044604925E-16));
#3207 = ORIENTED_EDGE('',*,*,#3208,.F.);
#3208 = EDGE_CURVE('',#2880,#3201,#3209,.T.);
#3209 = LINE('',#3210,#3211);
#3210 = CARTESIAN_POINT('',(1.473550952894,0.825,0.2));
#3211 = VECTOR('',#3212,1.);
#3212 = DIRECTION('',(-1.,0.,0.));
#3213 = ORIENTED_EDGE('',*,*,#2879,.T.);
#3214 = ORIENTED_EDGE('',*,*,#3215,.F.);
#3215 = EDGE_CURVE('',#3216,#2872,#3218,.T.);
#3216 = VERTEX_POINT('',#3217);
#3217 = CARTESIAN_POINT('',(1.23,1.125,0.2));
#3218 = LINE('',#3219,#3220);
#3219 = CARTESIAN_POINT('',(1.23,1.125,0.2));
#3220 = VECTOR('',#3221,1.);
#3221 = DIRECTION('',(1.,0.,0.));
#3222 = ORIENTED_EDGE('',*,*,#3223,.F.);
#3223 = EDGE_CURVE('',#3224,#3216,#3226,.T.);
#3224 = VERTEX_POINT('',#3225);
#3225 = CARTESIAN_POINT('',(1.23,1.225,0.2));
#3226 = LINE('',#3227,#3228);
#3227 = CARTESIAN_POINT('',(1.23,1.225,0.2));
#3228 = VECTOR('',#3229,1.);
#3229 = DIRECTION('',(0.,-1.,2.22044604925E-16));
#3230 = ORIENTED_EDGE('',*,*,#3231,.F.);
#3231 = EDGE_CURVE('',#3232,#3224,#3234,.T.);
#3232 = VERTEX_POINT('',#3233);
#3233 = CARTESIAN_POINT('',(0.2,1.225,0.2));
#3234 = LINE('',#3235,#3236);
#3235 = CARTESIAN_POINT('',(0.2,1.225,0.2));
#3236 = VECTOR('',#3237,1.);
#3237 = DIRECTION('',(1.,0.,0.));
#3238 = ORIENTED_EDGE('',*,*,#3239,.T.);
#3239 = EDGE_CURVE('',#3232,#3240,#3242,.T.);
#3240 = VERTEX_POINT('',#3241);
#3241 = CARTESIAN_POINT('',(0.2,1.285,0.2));
#3242 = LINE('',#3243,#3244);
#3243 = CARTESIAN_POINT('',(0.2,1.225,0.2));
#3244 = VECTOR('',#3245,1.);
#3245 = DIRECTION('',(0.,1.,-2.22044604925E-16));
#3246 = ORIENTED_EDGE('',*,*,#3247,.T.);
#3247 = EDGE_CURVE('',#3240,#3248,#3250,.T.);
#3248 = VERTEX_POINT('',#3249);
#3249 = CARTESIAN_POINT('',(0.1,1.285,0.2));
#3250 = LINE('',#3251,#3252);
#3251 = CARTESIAN_POINT('',(0.2,1.285,0.2));
#3252 = VECTOR('',#3253,1.);
#3253 = DIRECTION('',(-1.,0.,0.));
#3254 = ORIENTED_EDGE('',*,*,#3255,.T.);
#3255 = EDGE_CURVE('',#3248,#3256,#3258,.T.);
#3256 = VERTEX_POINT('',#3257);
#3257 = CARTESIAN_POINT('',(0.1,1.548550952894,0.2));
#3258 = LINE('',#3259,#3260);
#3259 = CARTESIAN_POINT('',(0.1,1.285,0.2));
#3260 = VECTOR('',#3261,1.);
#3261 = DIRECTION('',(0.,1.,-2.22044604925E-16));
#3262 = ORIENTED_EDGE('',*,*,#3263,.T.);
#3263 = EDGE_CURVE('',#3256,#3264,#3266,.T.);
#3264 = VERTEX_POINT('',#3265);
#3265 = CARTESIAN_POINT('',(-0.1,1.548550952894,0.2));
#3266 = LINE('',#3267,#3268);
#3267 = CARTESIAN_POINT('',(0.1,1.548550952894,0.2));
#3268 = VECTOR('',#3269,1.);
#3269 = DIRECTION('',(-1.,0.,0.));
#3270 = ORIENTED_EDGE('',*,*,#3271,.T.);
#3271 = EDGE_CURVE('',#3264,#3272,#3274,.T.);
#3272 = VERTEX_POINT('',#3273);
#3273 = CARTESIAN_POINT('',(-0.1,1.285,0.2));
#3274 = LINE('',#3275,#3276);
#3275 = CARTESIAN_POINT('',(-0.1,1.548550952894,0.2));
#3276 = VECTOR('',#3277,1.);
#3277 = DIRECTION('',(0.,-1.,2.22044604925E-16));
#3278 = ORIENTED_EDGE('',*,*,#3279,.T.);
#3279 = EDGE_CURVE('',#3272,#3280,#3282,.T.);
#3280 = VERTEX_POINT('',#3281);
#3281 = CARTESIAN_POINT('',(-0.2,1.285,0.2));
#3282 = LINE('',#3283,#3284);
#3283 = CARTESIAN_POINT('',(-0.1,1.285,0.2));
#3284 = VECTOR('',#3285,1.);
#3285 = DIRECTION('',(-1.,0.,0.));
#3286 = ORIENTED_EDGE('',*,*,#3287,.T.);
#3287 = EDGE_CURVE('',#3280,#3288,#3290,.T.);
#3288 = VERTEX_POINT('',#3289);
#3289 = CARTESIAN_POINT('',(-0.2,1.225,0.2));
#3290 = LINE('',#3291,#3292);
#3291 = CARTESIAN_POINT('',(-0.2,1.285,0.2));
#3292 = VECTOR('',#3293,1.);
#3293 = DIRECTION('',(0.,-1.,2.22044604925E-16));
#3294 = ORIENTED_EDGE('',*,*,#3295,.F.);
#3295 = EDGE_CURVE('',#3296,#3288,#3298,.T.);
#3296 = VERTEX_POINT('',#3297);
#3297 = CARTESIAN_POINT('',(-0.565,1.225,0.2));
#3298 = LINE('',#3299,#3300);
#3299 = CARTESIAN_POINT('',(-0.565,1.225,0.2));
#3300 = VECTOR('',#3301,1.);
#3301 = DIRECTION('',(1.,0.,0.));
#3302 = ORIENTED_EDGE('',*,*,#3303,.T.);
#3303 = EDGE_CURVE('',#3296,#3304,#3306,.T.);
#3304 = VERTEX_POINT('',#3305);
#3305 = CARTESIAN_POINT('',(-0.565,-1.225,0.2));
#3306 = LINE('',#3307,#3308);
#3307 = CARTESIAN_POINT('',(-0.565,1.225,0.2));
#3308 = VECTOR('',#3309,1.);
#3309 = DIRECTION('',(0.,-1.,2.22044604925E-16));
#3310 = ORIENTED_EDGE('',*,*,#3311,.F.);
#3311 = EDGE_CURVE('',#3312,#3304,#3314,.T.);
#3312 = VERTEX_POINT('',#3313);
#3313 = CARTESIAN_POINT('',(-0.2,-1.225,0.2));
#3314 = LINE('',#3315,#3316);
#3315 = CARTESIAN_POINT('',(-0.2,-1.225,0.2));
#3316 = VECTOR('',#3317,1.);
#3317 = DIRECTION('',(-1.,0.,0.));
#3318 = ORIENTED_EDGE('',*,*,#3319,.F.);
#3319 = EDGE_CURVE('',#3320,#3312,#3322,.T.);
#3320 = VERTEX_POINT('',#3321);
#3321 = CARTESIAN_POINT('',(-0.2,-1.285,0.2));
#3322 = LINE('',#3323,#3324);
#3323 = CARTESIAN_POINT('',(-0.2,-1.285,0.2));
#3324 = VECTOR('',#3325,1.);
#3325 = DIRECTION('',(0.,1.,-2.22044604925E-16));
#3326 = ORIENTED_EDGE('',*,*,#3327,.F.);
#3327 = EDGE_CURVE('',#3328,#3320,#3330,.T.);
#3328 = VERTEX_POINT('',#3329);
#3329 = CARTESIAN_POINT('',(-0.1,-1.285,0.2));
#3330 = LINE('',#3331,#3332);
#3331 = CARTESIAN_POINT('',(-0.1,-1.285,0.2));
#3332 = VECTOR('',#3333,1.);
#3333 = DIRECTION('',(-1.,0.,0.));
#3334 = ORIENTED_EDGE('',*,*,#3335,.F.);
#3335 = EDGE_CURVE('',#2965,#3328,#3336,.T.);
#3336 = LINE('',#3337,#3338);
#3337 = CARTESIAN_POINT('',(-0.1,-1.548550952894,0.2));
#3338 = VECTOR('',#3339,1.);
#3339 = DIRECTION('',(0.,1.,-2.22044604925E-16));
#3340 = PLANE('',#3341);
#3341 = AXIS2_PLACEMENT_3D('',#3342,#3343,#3344);
#3342 = CARTESIAN_POINT('',(0.,3.330669073875E-17,0.2));
#3343 = DIRECTION('',(0.,-2.22044604925E-16,-1.));
#3344 = DIRECTION('',(-1.,0.,0.));
#3345 = ADVANCED_FACE('',(#3346),#3357,.T.);
#3346 = FACE_BOUND('',#3347,.F.);
#3347 = EDGE_LOOP('',(#3348,#3349,#3355,#3356));
#3348 = ORIENTED_EDGE('',*,*,#2265,.T.);
#3349 = ORIENTED_EDGE('',*,*,#3350,.T.);
#3350 = EDGE_CURVE('',#2258,#3011,#3351,.T.);
#3351 = LINE('',#3352,#3353);
#3352 = CARTESIAN_POINT('',(0.1,-1.285,5.E-02));
#3353 = VECTOR('',#3354,1.);
#3354 = DIRECTION('',(0.,2.22044604925E-16,1.));
#3355 = ORIENTED_EDGE('',*,*,#3010,.T.);
#3356 = ORIENTED_EDGE('',*,*,#2995,.F.);
#3357 = PLANE('',#3358);
#3358 = AXIS2_PLACEMENT_3D('',#3359,#3360,#3361);
#3359 = CARTESIAN_POINT('',(0.1,-1.285,2.844946500602E-16));
#3360 = DIRECTION('',(-1.,0.,0.));
#3361 = DIRECTION('',(0.,-1.,2.22044604925E-16));
#3362 = ADVANCED_FACE('',(#3363),#3374,.T.);
#3363 = FACE_BOUND('',#3364,.F.);
#3364 = EDGE_LOOP('',(#3365,#3366,#3372,#3373));
#3365 = ORIENTED_EDGE('',*,*,#2257,.F.);
#3366 = ORIENTED_EDGE('',*,*,#3367,.T.);
#3367 = EDGE_CURVE('',#2250,#3019,#3368,.T.);
#3368 = LINE('',#3369,#3370);
#3369 = CARTESIAN_POINT('',(0.2,-1.285,5.E-02));
#3370 = VECTOR('',#3371,1.);
#3371 = DIRECTION('',(0.,2.22044604925E-16,1.));
#3372 = ORIENTED_EDGE('',*,*,#3018,.T.);
#3373 = ORIENTED_EDGE('',*,*,#3350,.F.);
#3374 = PLANE('',#3375);
#3375 = AXIS2_PLACEMENT_3D('',#3376,#3377,#3378);
#3376 = CARTESIAN_POINT('',(0.2,-1.285,2.844946500602E-16));
#3377 = DIRECTION('',(0.,1.,-2.22044604925E-16));
#3378 = DIRECTION('',(-1.,0.,0.));
#3379 = ADVANCED_FACE('',(#3380),#3391,.T.);
#3380 = FACE_BOUND('',#3381,.F.);
#3381 = EDGE_LOOP('',(#3382,#3383,#3389,#3390));
#3382 = ORIENTED_EDGE('',*,*,#2249,.F.);
#3383 = ORIENTED_EDGE('',*,*,#3384,.T.);
#3384 = EDGE_CURVE('',#2242,#3027,#3385,.T.);
#3385 = LINE('',#3386,#3387);
#3386 = CARTESIAN_POINT('',(0.2,-1.225,5.E-02));
#3387 = VECTOR('',#3388,1.);
#3388 = DIRECTION('',(0.,2.22044604925E-16,1.));
#3389 = ORIENTED_EDGE('',*,*,#3026,.T.);
#3390 = ORIENTED_EDGE('',*,*,#3367,.F.);
#3391 = PLANE('',#3392);
#3392 = AXIS2_PLACEMENT_3D('',#3393,#3394,#3395);
#3393 = CARTESIAN_POINT('',(0.2,-1.225,2.706168622524E-16));
#3394 = DIRECTION('',(-1.,0.,0.));
#3395 = DIRECTION('',(0.,-1.,2.22044604925E-16));
#3396 = ADVANCED_FACE('',(#3397),#3413,.F.);
#3397 = FACE_BOUND('',#3398,.F.);
#3398 = EDGE_LOOP('',(#3399,#3400,#3406,#3407));
#3399 = ORIENTED_EDGE('',*,*,#2585,.T.);
#3400 = ORIENTED_EDGE('',*,*,#3401,.T.);
#3401 = EDGE_CURVE('',#2578,#3312,#3402,.T.);
#3402 = LINE('',#3403,#3404);
#3403 = CARTESIAN_POINT('',(-0.2,-1.225,5.E-02));
#3404 = VECTOR('',#3405,1.);
#3405 = DIRECTION('',(0.,2.22044604925E-16,1.));
#3406 = ORIENTED_EDGE('',*,*,#3311,.T.);
#3407 = ORIENTED_EDGE('',*,*,#3408,.F.);
#3408 = EDGE_CURVE('',#2370,#3304,#3409,.T.);
#3409 = LINE('',#3410,#3411);
#3410 = CARTESIAN_POINT('',(-0.565,-1.225,5.E-02));
#3411 = VECTOR('',#3412,1.);
#3412 = DIRECTION('',(0.,2.22044604925E-16,1.));
#3413 = PLANE('',#3414);
#3414 = AXIS2_PLACEMENT_3D('',#3415,#3416,#3417);
#3415 = CARTESIAN_POINT('',(-0.565,-1.225,2.706168622524E-16));
#3416 = DIRECTION('',(0.,-1.,2.22044604925E-16));
#3417 = DIRECTION('',(1.,0.,0.));
#3418 = ADVANCED_FACE('',(#3419),#3430,.F.);
#3419 = FACE_BOUND('',#3420,.F.);
#3420 = EDGE_LOOP('',(#3421,#3422,#3428,#3429));
#3421 = ORIENTED_EDGE('',*,*,#2241,.T.);
#3422 = ORIENTED_EDGE('',*,*,#3423,.T.);
#3423 = EDGE_CURVE('',#2234,#3035,#3424,.T.);
#3424 = LINE('',#3425,#3426);
#3425 = CARTESIAN_POINT('',(1.23,-1.225,5.E-02));
#3426 = VECTOR('',#3427,1.);
#3427 = DIRECTION('',(0.,2.22044604925E-16,1.));
#3428 = ORIENTED_EDGE('',*,*,#3034,.T.);
#3429 = ORIENTED_EDGE('',*,*,#3384,.F.);
#3430 = PLANE('',#3431);
#3431 = AXIS2_PLACEMENT_3D('',#3432,#3433,#3434);
#3432 = CARTESIAN_POINT('',(-0.565,-1.225,2.706168622524E-16));
#3433 = DIRECTION('',(0.,-1.,2.22044604925E-16));
#3434 = DIRECTION('',(1.,0.,0.));
#3435 = ADVANCED_FACE('',(#3436),#3447,.T.);
#3436 = FACE_BOUND('',#3437,.F.);
#3437 = EDGE_LOOP('',(#3438,#3439,#3445,#3446));
#3438 = ORIENTED_EDGE('',*,*,#2577,.F.);
#3439 = ORIENTED_EDGE('',*,*,#3440,.T.);
#3440 = EDGE_CURVE('',#2570,#3320,#3441,.T.);
#3441 = LINE('',#3442,#3443);
#3442 = CARTESIAN_POINT('',(-0.2,-1.285,5.E-02));
#3443 = VECTOR('',#3444,1.);
#3444 = DIRECTION('',(0.,2.22044604925E-16,1.));
#3445 = ORIENTED_EDGE('',*,*,#3319,.T.);
#3446 = ORIENTED_EDGE('',*,*,#3401,.F.);
#3447 = PLANE('',#3448);
#3448 = AXIS2_PLACEMENT_3D('',#3449,#3450,#3451);
#3449 = CARTESIAN_POINT('',(-0.2,-1.285,2.844946500602E-16));
#3450 = DIRECTION('',(1.,0.,0.));
#3451 = DIRECTION('',(0.,1.,-2.22044604925E-16));
#3452 = ADVANCED_FACE('',(#3453),#3464,.T.);
#3453 = FACE_BOUND('',#3454,.F.);
#3454 = EDGE_LOOP('',(#3455,#3456,#3462,#3463));
#3455 = ORIENTED_EDGE('',*,*,#2569,.F.);
#3456 = ORIENTED_EDGE('',*,*,#3457,.T.);
#3457 = EDGE_CURVE('',#2562,#3328,#3458,.T.);
#3458 = LINE('',#3459,#3460);
#3459 = CARTESIAN_POINT('',(-0.1,-1.285,5.E-02));
#3460 = VECTOR('',#3461,1.);
#3461 = DIRECTION('',(0.,2.22044604925E-16,1.));
#3462 = ORIENTED_EDGE('',*,*,#3327,.T.);
#3463 = ORIENTED_EDGE('',*,*,#3440,.F.);
#3464 = PLANE('',#3465);
#3465 = AXIS2_PLACEMENT_3D('',#3466,#3467,#3468);
#3466 = CARTESIAN_POINT('',(-0.1,-1.285,2.844946500602E-16));
#3467 = DIRECTION('',(0.,1.,-2.22044604925E-16));
#3468 = DIRECTION('',(-1.,0.,0.));
#3469 = ADVANCED_FACE('',(#3470),#3476,.T.);
#3470 = FACE_BOUND('',#3471,.F.);
#3471 = EDGE_LOOP('',(#3472,#3473,#3474,#3475));
#3472 = ORIENTED_EDGE('',*,*,#2561,.F.);
#3473 = ORIENTED_EDGE('',*,*,#2972,.T.);
#3474 = ORIENTED_EDGE('',*,*,#3335,.T.);
#3475 = ORIENTED_EDGE('',*,*,#3457,.F.);
#3476 = PLANE('',#3477);
#3477 = AXIS2_PLACEMENT_3D('',#3478,#3479,#3480);
#3478 = CARTESIAN_POINT('',(-0.1,-1.655,3.677613769071E-16));
#3479 = DIRECTION('',(1.,0.,0.));
#3480 = DIRECTION('',(0.,1.,-2.22044604925E-16));
#3481 = ADVANCED_FACE('',(#3482),#3493,.F.);
#3482 = FACE_BOUND('',#3483,.F.);
#3483 = EDGE_LOOP('',(#3484,#3485,#3486,#3487));
#3484 = ORIENTED_EDGE('',*,*,#2367,.T.);
#3485 = ORIENTED_EDGE('',*,*,#3408,.T.);
#3486 = ORIENTED_EDGE('',*,*,#3303,.F.);
#3487 = ORIENTED_EDGE('',*,*,#3488,.F.);
#3488 = EDGE_CURVE('',#2368,#3296,#3489,.T.);
#3489 = LINE('',#3490,#3491);
#3490 = CARTESIAN_POINT('',(-0.565,1.225,5.E-02));
#3491 = VECTOR('',#3492,1.);
#3492 = DIRECTION('',(0.,2.22044604925E-16,1.));
#3493 = PLANE('',#3494);
#3494 = AXIS2_PLACEMENT_3D('',#3495,#3496,#3497);
#3495 = CARTESIAN_POINT('',(-0.565,1.225,-2.706168622524E-16));
#3496 = DIRECTION('',(-1.,0.,0.));
#3497 = DIRECTION('',(0.,-1.,2.22044604925E-16));
#3498 = ADVANCED_FACE('',(#3499),#3515,.F.);
#3499 = FACE_BOUND('',#3500,.F.);
#3500 = EDGE_LOOP('',(#3501,#3502,#3508,#3509));
#3501 = ORIENTED_EDGE('',*,*,#2599,.T.);
#3502 = ORIENTED_EDGE('',*,*,#3503,.T.);
#3503 = EDGE_CURVE('',#2602,#3232,#3504,.T.);
#3504 = LINE('',#3505,#3506);
#3505 = CARTESIAN_POINT('',(0.2,1.225,5.E-02));
#3506 = VECTOR('',#3507,1.);
#3507 = DIRECTION('',(0.,2.22044604925E-16,1.));
#3508 = ORIENTED_EDGE('',*,*,#3231,.T.);
#3509 = ORIENTED_EDGE('',*,*,#3510,.F.);
#3510 = EDGE_CURVE('',#2600,#3224,#3511,.T.);
#3511 = LINE('',#3512,#3513);
#3512 = CARTESIAN_POINT('',(1.23,1.225,5.E-02));
#3513 = VECTOR('',#3514,1.);
#3514 = DIRECTION('',(0.,2.22044604925E-16,1.));
#3515 = PLANE('',#3516);
#3516 = AXIS2_PLACEMENT_3D('',#3517,#3518,#3519);
#3517 = CARTESIAN_POINT('',(1.17,1.225,-2.706168622524E-16));
#3518 = DIRECTION('',(0.,1.,-2.22044604925E-16));
#3519 = DIRECTION('',(-1.,0.,0.));
#3520 = ADVANCED_FACE('',(#3521),#3532,.F.);
#3521 = FACE_BOUND('',#3522,.F.);
#3522 = EDGE_LOOP('',(#3523,#3524,#3525,#3526));
#3523 = ORIENTED_EDGE('',*,*,#2377,.T.);
#3524 = ORIENTED_EDGE('',*,*,#3488,.T.);
#3525 = ORIENTED_EDGE('',*,*,#3295,.T.);
#3526 = ORIENTED_EDGE('',*,*,#3527,.F.);
#3527 = EDGE_CURVE('',#2378,#3288,#3528,.T.);
#3528 = LINE('',#3529,#3530);
#3529 = CARTESIAN_POINT('',(-0.2,1.225,5.E-02));
#3530 = VECTOR('',#3531,1.);
#3531 = DIRECTION('',(0.,2.22044604925E-16,1.));
#3532 = PLANE('',#3533);
#3533 = AXIS2_PLACEMENT_3D('',#3534,#3535,#3536);
#3534 = CARTESIAN_POINT('',(1.17,1.225,-2.706168622524E-16));
#3535 = DIRECTION('',(0.,1.,-2.22044604925E-16));
#3536 = DIRECTION('',(-1.,0.,0.));
#3537 = ADVANCED_FACE('',(#3538),#3549,.F.);
#3538 = FACE_BOUND('',#3539,.F.);
#3539 = EDGE_LOOP('',(#3540,#3541,#3547,#3548));
#3540 = ORIENTED_EDGE('',*,*,#2657,.T.);
#3541 = ORIENTED_EDGE('',*,*,#3542,.T.);
#3542 = EDGE_CURVE('',#2650,#3240,#3543,.T.);
#3543 = LINE('',#3544,#3545);
#3544 = CARTESIAN_POINT('',(0.2,1.285,5.E-02));
#3545 = VECTOR('',#3546,1.);
#3546 = DIRECTION('',(0.,2.22044604925E-16,1.));
#3547 = ORIENTED_EDGE('',*,*,#3239,.F.);
#3548 = ORIENTED_EDGE('',*,*,#3503,.F.);
#3549 = PLANE('',#3550);
#3550 = AXIS2_PLACEMENT_3D('',#3551,#3552,#3553);
#3551 = CARTESIAN_POINT('',(0.2,1.225,-2.706168622524E-16));
#3552 = DIRECTION('',(1.,0.,0.));
#3553 = DIRECTION('',(0.,1.,-2.22044604925E-16));
#3554 = ADVANCED_FACE('',(#3555),#3566,.F.);
#3555 = FACE_BOUND('',#3556,.F.);
#3556 = EDGE_LOOP('',(#3557,#3558,#3564,#3565));
#3557 = ORIENTED_EDGE('',*,*,#2649,.T.);
#3558 = ORIENTED_EDGE('',*,*,#3559,.T.);
#3559 = EDGE_CURVE('',#2642,#3248,#3560,.T.);
#3560 = LINE('',#3561,#3562);
#3561 = CARTESIAN_POINT('',(0.1,1.285,5.E-02));
#3562 = VECTOR('',#3563,1.);
#3563 = DIRECTION('',(0.,2.22044604925E-16,1.));
#3564 = ORIENTED_EDGE('',*,*,#3247,.F.);
#3565 = ORIENTED_EDGE('',*,*,#3542,.F.);
#3566 = PLANE('',#3567);
#3567 = AXIS2_PLACEMENT_3D('',#3568,#3569,#3570);
#3568 = CARTESIAN_POINT('',(0.2,1.285,-2.844946500602E-16));
#3569 = DIRECTION('',(0.,1.,-2.22044604925E-16));
#3570 = DIRECTION('',(-1.,0.,0.));
#3571 = ADVANCED_FACE('',(#3572),#3583,.F.);
#3572 = FACE_BOUND('',#3573,.F.);
#3573 = EDGE_LOOP('',(#3574,#3575,#3581,#3582));
#3574 = ORIENTED_EDGE('',*,*,#2641,.F.);
#3575 = ORIENTED_EDGE('',*,*,#3576,.T.);
#3576 = EDGE_CURVE('',#2634,#3256,#3577,.T.);
#3577 = LINE('',#3578,#3579);
#3578 = CARTESIAN_POINT('',(0.1,1.575,5.E-02));
#3579 = VECTOR('',#3580,1.);
#3580 = DIRECTION('',(0.,-0.173648177667,0.984807753012));
#3581 = ORIENTED_EDGE('',*,*,#3255,.F.);
#3582 = ORIENTED_EDGE('',*,*,#3559,.F.);
#3583 = PLANE('',#3584);
#3584 = AXIS2_PLACEMENT_3D('',#3585,#3586,#3587);
#3585 = CARTESIAN_POINT('',(0.1,1.285,-2.844946500602E-16));
#3586 = DIRECTION('',(1.,0.,0.));
#3587 = DIRECTION('',(0.,1.,-2.22044604925E-16));
#3588 = ADVANCED_FACE('',(#3589),#3616,.T.);
#3589 = FACE_BOUND('',#3590,.F.);
#3590 = EDGE_LOOP('',(#3591,#3592,#3593,#3594,#3595,#3603,#3609,#3610));
#3591 = ORIENTED_EDGE('',*,*,#3263,.F.);
#3592 = ORIENTED_EDGE('',*,*,#3576,.F.);
#3593 = ORIENTED_EDGE('',*,*,#2633,.T.);
#3594 = ORIENTED_EDGE('',*,*,#2864,.T.);
#3595 = ORIENTED_EDGE('',*,*,#3596,.T.);
#3596 = EDGE_CURVE('',#2857,#3597,#3599,.T.);
#3597 = VERTEX_POINT('',#3598);
#3598 = CARTESIAN_POINT('',(-1.379263690765,1.454263690765,
    0.734729635533));
#3599 = LINE('',#3600,#3601);
#3600 = CARTESIAN_POINT('',(1.379263690765,1.454263690765,0.734729635533
    ));
#3601 = VECTOR('',#3602,1.);
#3602 = DIRECTION('',(-1.,0.,0.));
#3603 = ORIENTED_EDGE('',*,*,#3604,.F.);
#3604 = EDGE_CURVE('',#2410,#3597,#3605,.T.);
#3605 = LINE('',#3606,#3607);
#3606 = CARTESIAN_POINT('',(-1.5,1.575,5.E-02));
#3607 = VECTOR('',#3608,1.);
#3608 = DIRECTION('',(0.171087869746,-0.171087869746,0.970287525248));
#3609 = ORIENTED_EDGE('',*,*,#2409,.T.);
#3610 = ORIENTED_EDGE('',*,*,#3611,.T.);
#3611 = EDGE_CURVE('',#2402,#3264,#3612,.T.);
#3612 = LINE('',#3613,#3614);
#3613 = CARTESIAN_POINT('',(-0.1,1.575,5.E-02));
#3614 = VECTOR('',#3615,1.);
#3615 = DIRECTION('',(0.,-0.173648177667,0.984807753012));
#3616 = PLANE('',#3617);
#3617 = AXIS2_PLACEMENT_3D('',#3618,#3619,#3620);
#3618 = CARTESIAN_POINT('',(2.55742,1.575,5.E-02));
#3619 = DIRECTION('',(0.,0.984807753012,0.173648177667));
#3620 = DIRECTION('',(-1.,0.,0.));
#3621 = ADVANCED_FACE('',(#3622),#3665,.T.);
#3622 = FACE_BOUND('',#3623,.T.);
#3623 = EDGE_LOOP('',(#3624,#3641,#3642,#3659));
#3624 = ORIENTED_EDGE('',*,*,#3625,.F.);
#3625 = EDGE_CURVE('',#2857,#3626,#3628,.T.);
#3626 = VERTEX_POINT('',#3627);
#3627 = CARTESIAN_POINT('',(1.182302140162,1.257302140162,0.9));
#3628 = B_SPLINE_CURVE_WITH_KNOTS('',3,(#3629,#3630,#3631,#3632,#3633,
    #3634,#3635,#3636,#3637,#3638,#3639,#3640),.UNSPECIFIED.,.F.,.F.,(4,
    1,1,1,1,1,1,1,1,4),(0.,0.111111111111,0.222222222222,0.333333333333,
    0.444444444444,0.555555555556,0.666666666667,0.777777777778,
    0.888888888889,1.),.UNSPECIFIED.);
#3629 = CARTESIAN_POINT('',(1.379263690765,1.454263690765,0.734729635533
    ));
#3630 = CARTESIAN_POINT('',(1.376949327451,1.451949327451,0.747855042117
    ));
#3631 = CARTESIAN_POINT('',(1.369888477772,1.444888477772,0.772567643041
    ));
#3632 = CARTESIAN_POINT('',(1.354019629012,1.429019629012,0.804418239472
    ));
#3633 = CARTESIAN_POINT('',(1.334424302742,1.409424302742,0.831158364733
    ));
#3634 = CARTESIAN_POINT('',(1.312120141421,1.387120141421,0.853160589817
    ));
#3635 = CARTESIAN_POINT('',(1.287864612251,1.362864612251,0.870714655869
    ));
#3636 = CARTESIAN_POINT('',(1.262243497633,1.337243497633,0.884061328429
    ));
#3637 = CARTESIAN_POINT('',(1.23576669196,1.31076669196,0.893384424781)
  );
#3638 = CARTESIAN_POINT('',(1.208907482783,1.283907482783,0.89883544763)
  );
#3639 = CARTESIAN_POINT('',(1.191132645439,1.266132645439,0.9));
#3640 = CARTESIAN_POINT('',(1.182302140162,1.257302140162,0.9));
#3641 = ORIENTED_EDGE('',*,*,#3596,.T.);
#3642 = ORIENTED_EDGE('',*,*,#3643,.T.);
#3643 = EDGE_CURVE('',#3597,#3644,#3646,.T.);
#3644 = VERTEX_POINT('',#3645);
#3645 = CARTESIAN_POINT('',(-1.182302140162,1.257302140162,0.9));
#3646 = B_SPLINE_CURVE_WITH_KNOTS('',3,(#3647,#3648,#3649,#3650,#3651,
    #3652,#3653,#3654,#3655,#3656,#3657,#3658),.UNSPECIFIED.,.F.,.F.,(4,
    1,1,1,1,1,1,1,1,4),(0.,0.111111111111,0.222222222222,0.333333333333,
    0.444444444444,0.555555555556,0.666666666667,0.777777777778,
    0.888888888889,1.),.UNSPECIFIED.);
#3647 = CARTESIAN_POINT('',(-1.379263690765,1.454263690765,
    0.734729635533));
#3648 = CARTESIAN_POINT('',(-1.376949327451,1.451949327451,
    0.747855042117));
#3649 = CARTESIAN_POINT('',(-1.369888477772,1.444888477772,
    0.772567643041));
#3650 = CARTESIAN_POINT('',(-1.354019629012,1.429019629012,
    0.804418239472));
#3651 = CARTESIAN_POINT('',(-1.334424302742,1.409424302742,
    0.831158364733));
#3652 = CARTESIAN_POINT('',(-1.312120141421,1.387120141421,
    0.853160589817));
#3653 = CARTESIAN_POINT('',(-1.287864612251,1.362864612251,
    0.870714655869));
#3654 = CARTESIAN_POINT('',(-1.262243497633,1.337243497633,
    0.884061328429));
#3655 = CARTESIAN_POINT('',(-1.23576669196,1.31076669196,0.893384424781)
  );
#3656 = CARTESIAN_POINT('',(-1.208907482783,1.283907482783,0.89883544763
    ));
#3657 = CARTESIAN_POINT('',(-1.191132645439,1.266132645439,0.9));
#3658 = CARTESIAN_POINT('',(-1.182302140162,1.257302140162,0.9));
#3659 = ORIENTED_EDGE('',*,*,#3660,.F.);
#3660 = EDGE_CURVE('',#3626,#3644,#3661,.T.);
#3661 = LINE('',#3662,#3663);
#3662 = CARTESIAN_POINT('',(1.182302140162,1.257302140162,0.9));
#3663 = VECTOR('',#3664,1.);
#3664 = DIRECTION('',(-1.,0.,0.));
#3665 = CYLINDRICAL_SURFACE('',#3666,0.2);
#3666 = AXIS2_PLACEMENT_3D('',#3667,#3668,#3669);
#3667 = CARTESIAN_POINT('',(5.4108,1.257302140162,0.7));
#3668 = DIRECTION('',(-1.,0.,0.));
#3669 = DIRECTION('',(0.,2.22044604925E-16,1.));
#3670 = ADVANCED_FACE('',(#3671),#3696,.T.);
#3671 = FACE_BOUND('',#3672,.F.);
#3672 = EDGE_LOOP('',(#3673,#3681,#3689,#3695));
#3673 = ORIENTED_EDGE('',*,*,#3674,.F.);
#3674 = EDGE_CURVE('',#3675,#3626,#3677,.T.);
#3675 = VERTEX_POINT('',#3676);
#3676 = CARTESIAN_POINT('',(1.182302140162,-1.257302140162,0.9));
#3677 = LINE('',#3678,#3679);
#3678 = CARTESIAN_POINT('',(1.182302140162,-1.257302140162,0.9));
#3679 = VECTOR('',#3680,1.);
#3680 = DIRECTION('',(0.,1.,-2.22044604925E-16));
#3681 = ORIENTED_EDGE('',*,*,#3682,.F.);
#3682 = EDGE_CURVE('',#3683,#3675,#3685,.T.);
#3683 = VERTEX_POINT('',#3684);
#3684 = CARTESIAN_POINT('',(-1.182302140162,-1.257302140162,0.9));
#3685 = LINE('',#3686,#3687);
#3686 = CARTESIAN_POINT('',(-1.182302140162,-1.257302140162,0.9));
#3687 = VECTOR('',#3688,1.);
#3688 = DIRECTION('',(1.,0.,0.));
#3689 = ORIENTED_EDGE('',*,*,#3690,.F.);
#3690 = EDGE_CURVE('',#3644,#3683,#3691,.T.);
#3691 = LINE('',#3692,#3693);
#3692 = CARTESIAN_POINT('',(-1.182302140162,1.257302140162,0.9));
#3693 = VECTOR('',#3694,1.);
#3694 = DIRECTION('',(0.,-1.,2.22044604925E-16));
#3695 = ORIENTED_EDGE('',*,*,#3660,.F.);
#3696 = PLANE('',#3697);
#3697 = AXIS2_PLACEMENT_3D('',#3698,#3699,#3700);
#3698 = CARTESIAN_POINT('',(0.,1.887379141863E-16,0.9));
#3699 = DIRECTION('',(0.,2.22044604925E-16,1.));
#3700 = DIRECTION('',(1.,0.,0.));
#3701 = ADVANCED_FACE('',(#3702),#3722,.T.);
#3702 = FACE_BOUND('',#3703,.T.);
#3703 = EDGE_LOOP('',(#3704,#3705,#3706,#3721));
#3704 = ORIENTED_EDGE('',*,*,#3625,.T.);
#3705 = ORIENTED_EDGE('',*,*,#3674,.F.);
#3706 = ORIENTED_EDGE('',*,*,#3707,.F.);
#3707 = EDGE_CURVE('',#2849,#3675,#3708,.T.);
#3708 = B_SPLINE_CURVE_WITH_KNOTS('',3,(#3709,#3710,#3711,#3712,#3713,
    #3714,#3715,#3716,#3717,#3718,#3719,#3720),.UNSPECIFIED.,.F.,.F.,(4,
    1,1,1,1,1,1,1,1,4),(0.,0.111111111111,0.222222222222,0.333333333333,
    0.444444444444,0.555555555556,0.666666666667,0.777777777778,
    0.888888888889,1.),.UNSPECIFIED.);
#3709 = CARTESIAN_POINT('',(1.379263690765,-1.454263690765,
    0.734729635533));
#3710 = CARTESIAN_POINT('',(1.376949327451,-1.451949327451,
    0.747855042117));
#3711 = CARTESIAN_POINT('',(1.369888477772,-1.444888477772,
    0.772567643041));
#3712 = CARTESIAN_POINT('',(1.354019629012,-1.429019629012,
    0.804418239472));
#3713 = CARTESIAN_POINT('',(1.334424302742,-1.409424302742,
    0.831158364733));
#3714 = CARTESIAN_POINT('',(1.312120141421,-1.387120141421,
    0.853160589817));
#3715 = CARTESIAN_POINT('',(1.287864612251,-1.362864612251,
    0.870714655869));
#3716 = CARTESIAN_POINT('',(1.262243497633,-1.337243497633,
    0.884061328429));
#3717 = CARTESIAN_POINT('',(1.23576669196,-1.31076669196,0.893384424781)
  );
#3718 = CARTESIAN_POINT('',(1.208907482783,-1.283907482783,0.89883544763
    ));
#3719 = CARTESIAN_POINT('',(1.191132645439,-1.266132645439,0.9));
#3720 = CARTESIAN_POINT('',(1.182302140162,-1.257302140162,0.9));
#3721 = ORIENTED_EDGE('',*,*,#2856,.T.);
#3722 = CYLINDRICAL_SURFACE('',#3723,0.2);
#3723 = AXIS2_PLACEMENT_3D('',#3724,#3725,#3726);
#3724 = CARTESIAN_POINT('',(1.182302140162,-5.68134,0.7));
#3725 = DIRECTION('',(0.,1.,-2.22044604925E-16));
#3726 = DIRECTION('',(0.,2.22044604925E-16,1.));
#3727 = ADVANCED_FACE('',(#3728),#3748,.T.);
#3728 = FACE_BOUND('',#3729,.T.);
#3729 = EDGE_LOOP('',(#3730,#3731,#3732,#3747));
#3730 = ORIENTED_EDGE('',*,*,#3707,.T.);
#3731 = ORIENTED_EDGE('',*,*,#3682,.F.);
#3732 = ORIENTED_EDGE('',*,*,#3733,.F.);
#3733 = EDGE_CURVE('',#2980,#3683,#3734,.T.);
#3734 = B_SPLINE_CURVE_WITH_KNOTS('',3,(#3735,#3736,#3737,#3738,#3739,
    #3740,#3741,#3742,#3743,#3744,#3745,#3746),.UNSPECIFIED.,.F.,.F.,(4,
    1,1,1,1,1,1,1,1,4),(0.,0.111111111111,0.222222222222,0.333333333333,
    0.444444444444,0.555555555556,0.666666666667,0.777777777778,
    0.888888888889,1.),.UNSPECIFIED.);
#3735 = CARTESIAN_POINT('',(-1.379263690765,-1.454263690765,
    0.734729635533));
#3736 = CARTESIAN_POINT('',(-1.376949327451,-1.451949327451,
    0.747855042117));
#3737 = CARTESIAN_POINT('',(-1.369888477772,-1.444888477772,
    0.772567643041));
#3738 = CARTESIAN_POINT('',(-1.354019629012,-1.429019629012,
    0.804418239472));
#3739 = CARTESIAN_POINT('',(-1.334424302742,-1.409424302742,
    0.831158364733));
#3740 = CARTESIAN_POINT('',(-1.312120141421,-1.387120141421,
    0.853160589817));
#3741 = CARTESIAN_POINT('',(-1.287864612251,-1.362864612251,
    0.870714655869));
#3742 = CARTESIAN_POINT('',(-1.262243497633,-1.337243497633,
    0.884061328429));
#3743 = CARTESIAN_POINT('',(-1.23576669196,-1.31076669196,0.893384424781
    ));
#3744 = CARTESIAN_POINT('',(-1.208907482783,-1.283907482783,
    0.89883544763));
#3745 = CARTESIAN_POINT('',(-1.191132645439,-1.266132645439,0.9));
#3746 = CARTESIAN_POINT('',(-1.182302140162,-1.257302140162,0.9));
#3747 = ORIENTED_EDGE('',*,*,#2987,.T.);
#3748 = CYLINDRICAL_SURFACE('',#3749,0.2);
#3749 = AXIS2_PLACEMENT_3D('',#3750,#3751,#3752);
#3750 = CARTESIAN_POINT('',(-5.4108,-1.257302140162,0.7));
#3751 = DIRECTION('',(1.,0.,0.));
#3752 = DIRECTION('',(0.,2.22044604925E-16,1.));
#3753 = ADVANCED_FACE('',(#3754),#3765,.T.);
#3754 = FACE_BOUND('',#3755,.T.);
#3755 = EDGE_LOOP('',(#3756,#3757,#3758,#3759));
#3756 = ORIENTED_EDGE('',*,*,#3733,.T.);
#3757 = ORIENTED_EDGE('',*,*,#3690,.F.);
#3758 = ORIENTED_EDGE('',*,*,#3643,.F.);
#3759 = ORIENTED_EDGE('',*,*,#3760,.T.);
#3760 = EDGE_CURVE('',#3597,#2980,#3761,.T.);
#3761 = LINE('',#3762,#3763);
#3762 = CARTESIAN_POINT('',(-1.379263690765,1.454263690765,
    0.734729635533));
#3763 = VECTOR('',#3764,1.);
#3764 = DIRECTION('',(0.,-1.,2.22044604925E-16));
#3765 = CYLINDRICAL_SURFACE('',#3766,0.2);
#3766 = AXIS2_PLACEMENT_3D('',#3767,#3768,#3769);
#3767 = CARTESIAN_POINT('',(-1.182302140162,5.68134,0.7));
#3768 = DIRECTION('',(0.,-1.,2.22044604925E-16));
#3769 = DIRECTION('',(0.,2.22044604925E-16,1.));
#3770 = ADVANCED_FACE('',(#3771),#3869,.T.);
#3771 = FACE_BOUND('',#3772,.F.);
#3772 = EDGE_LOOP('',(#3773,#3783,#3789,#3790,#3791,#3792,#3793,#3794,
    #3802,#3810,#3816,#3817,#3825,#3833,#3839,#3840,#3848,#3856,#3862,
    #3863));
#3773 = ORIENTED_EDGE('',*,*,#3774,.T.);
#3774 = EDGE_CURVE('',#3775,#3777,#3779,.T.);
#3775 = VERTEX_POINT('',#3776);
#3776 = CARTESIAN_POINT('',(-1.473550952894,0.825,0.2));
#3777 = VERTEX_POINT('',#3778);
#3778 = CARTESIAN_POINT('',(-1.473550952894,1.125,0.2));
#3779 = LINE('',#3780,#3781);
#3780 = CARTESIAN_POINT('',(-1.473550952894,0.825,0.2));
#3781 = VECTOR('',#3782,1.);
#3782 = DIRECTION('',(0.,1.,-2.22044604925E-16));
#3783 = ORIENTED_EDGE('',*,*,#3784,.F.);
#3784 = EDGE_CURVE('',#2418,#3777,#3785,.T.);
#3785 = LINE('',#3786,#3787);
#3786 = CARTESIAN_POINT('',(-1.5,1.125,5.E-02));
#3787 = VECTOR('',#3788,1.);
#3788 = DIRECTION('',(0.173648177667,2.186712484447E-16,0.984807753012)
  );
#3789 = ORIENTED_EDGE('',*,*,#2417,.T.);
#3790 = ORIENTED_EDGE('',*,*,#3604,.T.);
#3791 = ORIENTED_EDGE('',*,*,#3760,.T.);
#3792 = ORIENTED_EDGE('',*,*,#2979,.F.);
#3793 = ORIENTED_EDGE('',*,*,#2545,.T.);
#3794 = ORIENTED_EDGE('',*,*,#3795,.T.);
#3795 = EDGE_CURVE('',#2538,#3796,#3798,.T.);
#3796 = VERTEX_POINT('',#3797);
#3797 = CARTESIAN_POINT('',(-1.473550952894,-1.125,0.2));
#3798 = LINE('',#3799,#3800);
#3799 = CARTESIAN_POINT('',(-1.5,-1.125,5.E-02));
#3800 = VECTOR('',#3801,1.);
#3801 = DIRECTION('',(0.173648177667,2.186712484447E-16,0.984807753012)
  );
#3802 = ORIENTED_EDGE('',*,*,#3803,.T.);
#3803 = EDGE_CURVE('',#3796,#3804,#3806,.T.);
#3804 = VERTEX_POINT('',#3805);
#3805 = CARTESIAN_POINT('',(-1.473550952894,-0.825,0.2));
#3806 = LINE('',#3807,#3808);
#3807 = CARTESIAN_POINT('',(-1.473550952894,-1.125,0.2));
#3808 = VECTOR('',#3809,1.);
#3809 = DIRECTION('',(0.,1.,-2.22044604925E-16));
#3810 = ORIENTED_EDGE('',*,*,#3811,.F.);
#3811 = EDGE_CURVE('',#2514,#3804,#3812,.T.);
#3812 = LINE('',#3813,#3814);
#3813 = CARTESIAN_POINT('',(-1.5,-0.825,5.E-02));
#3814 = VECTOR('',#3815,1.);
#3815 = DIRECTION('',(0.173648177667,2.186712484447E-16,0.984807753012)
  );
#3816 = ORIENTED_EDGE('',*,*,#2513,.T.);
#3817 = ORIENTED_EDGE('',*,*,#3818,.T.);
#3818 = EDGE_CURVE('',#2506,#3819,#3821,.T.);
#3819 = VERTEX_POINT('',#3820);
#3820 = CARTESIAN_POINT('',(-1.473550952894,-0.475,0.2));
#3821 = LINE('',#3822,#3823);
#3822 = CARTESIAN_POINT('',(-1.5,-0.475,5.E-02));
#3823 = VECTOR('',#3824,1.);
#3824 = DIRECTION('',(0.173648177667,2.186712484447E-16,0.984807753012)
  );
#3825 = ORIENTED_EDGE('',*,*,#3826,.T.);
#3826 = EDGE_CURVE('',#3819,#3827,#3829,.T.);
#3827 = VERTEX_POINT('',#3828);
#3828 = CARTESIAN_POINT('',(-1.473550952894,-0.175,0.2));
#3829 = LINE('',#3830,#3831);
#3830 = CARTESIAN_POINT('',(-1.473550952894,-0.475,0.2));
#3831 = VECTOR('',#3832,1.);
#3832 = DIRECTION('',(0.,1.,-2.22044604925E-16));
#3833 = ORIENTED_EDGE('',*,*,#3834,.F.);
#3834 = EDGE_CURVE('',#2482,#3827,#3835,.T.);
#3835 = LINE('',#3836,#3837);
#3836 = CARTESIAN_POINT('',(-1.5,-0.175,5.E-02));
#3837 = VECTOR('',#3838,1.);
#3838 = DIRECTION('',(0.173648177667,2.186712484447E-16,0.984807753012)
  );
#3839 = ORIENTED_EDGE('',*,*,#2481,.T.);
#3840 = ORIENTED_EDGE('',*,*,#3841,.T.);
#3841 = EDGE_CURVE('',#2474,#3842,#3844,.T.);
#3842 = VERTEX_POINT('',#3843);
#3843 = CARTESIAN_POINT('',(-1.473550952894,0.175,0.2));
#3844 = LINE('',#3845,#3846);
#3845 = CARTESIAN_POINT('',(-1.5,0.175,5.E-02));
#3846 = VECTOR('',#3847,1.);
#3847 = DIRECTION('',(0.173648177667,2.186712484447E-16,0.984807753012)
  );
#3848 = ORIENTED_EDGE('',*,*,#3849,.T.);
#3849 = EDGE_CURVE('',#3842,#3850,#3852,.T.);
#3850 = VERTEX_POINT('',#3851);
#3851 = CARTESIAN_POINT('',(-1.473550952894,0.475,0.2));
#3852 = LINE('',#3853,#3854);
#3853 = CARTESIAN_POINT('',(-1.473550952894,0.175,0.2));
#3854 = VECTOR('',#3855,1.);
#3855 = DIRECTION('',(0.,1.,-2.22044604925E-16));
#3856 = ORIENTED_EDGE('',*,*,#3857,.F.);
#3857 = EDGE_CURVE('',#2450,#3850,#3858,.T.);
#3858 = LINE('',#3859,#3860);
#3859 = CARTESIAN_POINT('',(-1.5,0.475,5.E-02));
#3860 = VECTOR('',#3861,1.);
#3861 = DIRECTION('',(0.173648177667,2.186712484447E-16,0.984807753012)
  );
#3862 = ORIENTED_EDGE('',*,*,#2449,.T.);
#3863 = ORIENTED_EDGE('',*,*,#3864,.T.);
#3864 = EDGE_CURVE('',#2442,#3775,#3865,.T.);
#3865 = LINE('',#3866,#3867);
#3866 = CARTESIAN_POINT('',(-1.5,0.825,5.E-02));
#3867 = VECTOR('',#3868,1.);
#3868 = DIRECTION('',(0.173648177667,2.186712484447E-16,0.984807753012)
  );
#3869 = PLANE('',#3870);
#3870 = AXIS2_PLACEMENT_3D('',#3871,#3872,#3873);
#3871 = CARTESIAN_POINT('',(-1.5,2.63242,5.E-02));
#3872 = DIRECTION('',(-0.984807753012,3.8557641006E-17,0.173648177667));
#3873 = DIRECTION('',(0.,-1.,2.22044604925E-16));
#3874 = ADVANCED_FACE('',(#3875),#3900,.F.);
#3875 = FACE_BOUND('',#3876,.F.);
#3876 = EDGE_LOOP('',(#3877,#3878,#3886,#3894));
#3877 = ORIENTED_EDGE('',*,*,#3774,.F.);
#3878 = ORIENTED_EDGE('',*,*,#3879,.T.);
#3879 = EDGE_CURVE('',#3775,#3880,#3882,.T.);
#3880 = VERTEX_POINT('',#3881);
#3881 = CARTESIAN_POINT('',(-1.25,0.825,0.2));
#3882 = LINE('',#3883,#3884);
#3883 = CARTESIAN_POINT('',(-1.473550952894,0.825,0.2));
#3884 = VECTOR('',#3885,1.);
#3885 = DIRECTION('',(1.,0.,0.));
#3886 = ORIENTED_EDGE('',*,*,#3887,.T.);
#3887 = EDGE_CURVE('',#3880,#3888,#3890,.T.);
#3888 = VERTEX_POINT('',#3889);
#3889 = CARTESIAN_POINT('',(-1.25,1.125,0.2));
#3890 = LINE('',#3891,#3892);
#3891 = CARTESIAN_POINT('',(-1.25,0.825,0.2));
#3892 = VECTOR('',#3893,1.);
#3893 = DIRECTION('',(0.,1.,-2.22044604925E-16));
#3894 = ORIENTED_EDGE('',*,*,#3895,.T.);
#3895 = EDGE_CURVE('',#3888,#3777,#3896,.T.);
#3896 = LINE('',#3897,#3898);
#3897 = CARTESIAN_POINT('',(-1.25,1.125,0.2));
#3898 = VECTOR('',#3899,1.);
#3899 = DIRECTION('',(-1.,0.,0.));
#3900 = PLANE('',#3901);
#3901 = AXIS2_PLACEMENT_3D('',#3902,#3903,#3904);
#3902 = CARTESIAN_POINT('',(0.,3.330669073875E-17,0.2));
#3903 = DIRECTION('',(0.,2.22044604925E-16,1.));
#3904 = DIRECTION('',(1.,0.,0.));
#3905 = ADVANCED_FACE('',(#3906),#3917,.F.);
#3906 = FACE_BOUND('',#3907,.F.);
#3907 = EDGE_LOOP('',(#3908,#3909,#3915,#3916));
#3908 = ORIENTED_EDGE('',*,*,#2441,.T.);
#3909 = ORIENTED_EDGE('',*,*,#3910,.T.);
#3910 = EDGE_CURVE('',#2434,#3880,#3911,.T.);
#3911 = LINE('',#3912,#3913);
#3912 = CARTESIAN_POINT('',(-1.25,0.825,5.E-02));
#3913 = VECTOR('',#3914,1.);
#3914 = DIRECTION('',(0.,2.22044604925E-16,1.));
#3915 = ORIENTED_EDGE('',*,*,#3879,.F.);
#3916 = ORIENTED_EDGE('',*,*,#3864,.F.);
#3917 = PLANE('',#3918);
#3918 = AXIS2_PLACEMENT_3D('',#3919,#3920,#3921);
#3919 = CARTESIAN_POINT('',(-1.65,0.825,-1.804112415016E-16));
#3920 = DIRECTION('',(0.,-1.,2.22044604925E-16));
#3921 = DIRECTION('',(1.,0.,0.));
#3922 = ADVANCED_FACE('',(#3923),#3934,.F.);
#3923 = FACE_BOUND('',#3924,.F.);
#3924 = EDGE_LOOP('',(#3925,#3926,#3932,#3933));
#3925 = ORIENTED_EDGE('',*,*,#2433,.T.);
#3926 = ORIENTED_EDGE('',*,*,#3927,.T.);
#3927 = EDGE_CURVE('',#2426,#3888,#3928,.T.);
#3928 = LINE('',#3929,#3930);
#3929 = CARTESIAN_POINT('',(-1.25,1.125,5.E-02));
#3930 = VECTOR('',#3931,1.);
#3931 = DIRECTION('',(0.,2.22044604925E-16,1.));
#3932 = ORIENTED_EDGE('',*,*,#3887,.F.);
#3933 = ORIENTED_EDGE('',*,*,#3910,.F.);
#3934 = PLANE('',#3935);
#3935 = AXIS2_PLACEMENT_3D('',#3936,#3937,#3938);
#3936 = CARTESIAN_POINT('',(-1.25,0.825,-1.804112415016E-16));
#3937 = DIRECTION('',(1.,0.,0.));
#3938 = DIRECTION('',(0.,1.,-2.22044604925E-16));
#3939 = ADVANCED_FACE('',(#3940),#3946,.F.);
#3940 = FACE_BOUND('',#3941,.F.);
#3941 = EDGE_LOOP('',(#3942,#3943,#3944,#3945));
#3942 = ORIENTED_EDGE('',*,*,#2425,.F.);
#3943 = ORIENTED_EDGE('',*,*,#3784,.T.);
#3944 = ORIENTED_EDGE('',*,*,#3895,.F.);
#3945 = ORIENTED_EDGE('',*,*,#3927,.F.);
#3946 = PLANE('',#3947);
#3947 = AXIS2_PLACEMENT_3D('',#3948,#3949,#3950);
#3948 = CARTESIAN_POINT('',(-1.25,1.125,-2.498001805407E-16));
#3949 = DIRECTION('',(0.,1.,-2.22044604925E-16));
#3950 = DIRECTION('',(-1.,0.,0.));
#3951 = ADVANCED_FACE('',(#3952),#3970,.F.);
#3952 = FACE_BOUND('',#3953,.F.);
#3953 = EDGE_LOOP('',(#3954,#3955,#3963,#3969));
#3954 = ORIENTED_EDGE('',*,*,#2537,.T.);
#3955 = ORIENTED_EDGE('',*,*,#3956,.T.);
#3956 = EDGE_CURVE('',#2530,#3957,#3959,.T.);
#3957 = VERTEX_POINT('',#3958);
#3958 = CARTESIAN_POINT('',(-1.25,-1.125,0.2));
#3959 = LINE('',#3960,#3961);
#3960 = CARTESIAN_POINT('',(-1.25,-1.125,5.E-02));
#3961 = VECTOR('',#3962,1.);
#3962 = DIRECTION('',(0.,2.22044604925E-16,1.));
#3963 = ORIENTED_EDGE('',*,*,#3964,.F.);
#3964 = EDGE_CURVE('',#3796,#3957,#3965,.T.);
#3965 = LINE('',#3966,#3967);
#3966 = CARTESIAN_POINT('',(-1.473550952894,-1.125,0.2));
#3967 = VECTOR('',#3968,1.);
#3968 = DIRECTION('',(1.,0.,0.));
#3969 = ORIENTED_EDGE('',*,*,#3795,.F.);
#3970 = PLANE('',#3971);
#3971 = AXIS2_PLACEMENT_3D('',#3972,#3973,#3974);
#3972 = CARTESIAN_POINT('',(-1.65,-1.125,2.498001805407E-16));
#3973 = DIRECTION('',(0.,-1.,2.22044604925E-16));
#3974 = DIRECTION('',(1.,0.,0.));
#3975 = ADVANCED_FACE('',(#3976),#3994,.F.);
#3976 = FACE_BOUND('',#3977,.F.);
#3977 = EDGE_LOOP('',(#3978,#3979,#3987,#3993));
#3978 = ORIENTED_EDGE('',*,*,#2529,.T.);
#3979 = ORIENTED_EDGE('',*,*,#3980,.T.);
#3980 = EDGE_CURVE('',#2522,#3981,#3983,.T.);
#3981 = VERTEX_POINT('',#3982);
#3982 = CARTESIAN_POINT('',(-1.25,-0.825,0.2));
#3983 = LINE('',#3984,#3985);
#3984 = CARTESIAN_POINT('',(-1.25,-0.825,5.E-02));
#3985 = VECTOR('',#3986,1.);
#3986 = DIRECTION('',(0.,2.22044604925E-16,1.));
#3987 = ORIENTED_EDGE('',*,*,#3988,.F.);
#3988 = EDGE_CURVE('',#3957,#3981,#3989,.T.);
#3989 = LINE('',#3990,#3991);
#3990 = CARTESIAN_POINT('',(-1.25,-1.125,0.2));
#3991 = VECTOR('',#3992,1.);
#3992 = DIRECTION('',(0.,1.,-2.22044604925E-16));
#3993 = ORIENTED_EDGE('',*,*,#3956,.F.);
#3994 = PLANE('',#3995);
#3995 = AXIS2_PLACEMENT_3D('',#3996,#3997,#3998);
#3996 = CARTESIAN_POINT('',(-1.25,-1.125,2.498001805407E-16));
#3997 = DIRECTION('',(1.,0.,0.));
#3998 = DIRECTION('',(0.,1.,-2.22044604925E-16));
#3999 = ADVANCED_FACE('',(#4000),#4011,.F.);
#4000 = FACE_BOUND('',#4001,.F.);
#4001 = EDGE_LOOP('',(#4002,#4003,#4004,#4010));
#4002 = ORIENTED_EDGE('',*,*,#2521,.F.);
#4003 = ORIENTED_EDGE('',*,*,#3811,.T.);
#4004 = ORIENTED_EDGE('',*,*,#4005,.F.);
#4005 = EDGE_CURVE('',#3981,#3804,#4006,.T.);
#4006 = LINE('',#4007,#4008);
#4007 = CARTESIAN_POINT('',(-1.25,-0.825,0.2));
#4008 = VECTOR('',#4009,1.);
#4009 = DIRECTION('',(-1.,0.,0.));
#4010 = ORIENTED_EDGE('',*,*,#3980,.F.);
#4011 = PLANE('',#4012);
#4012 = AXIS2_PLACEMENT_3D('',#4013,#4014,#4015);
#4013 = CARTESIAN_POINT('',(-1.25,-0.825,1.804112415016E-16));
#4014 = DIRECTION('',(0.,1.,-2.22044604925E-16));
#4015 = DIRECTION('',(-1.,0.,0.));
#4016 = ADVANCED_FACE('',(#4017),#4023,.F.);
#4017 = FACE_BOUND('',#4018,.F.);
#4018 = EDGE_LOOP('',(#4019,#4020,#4021,#4022));
#4019 = ORIENTED_EDGE('',*,*,#3803,.F.);
#4020 = ORIENTED_EDGE('',*,*,#3964,.T.);
#4021 = ORIENTED_EDGE('',*,*,#3988,.T.);
#4022 = ORIENTED_EDGE('',*,*,#4005,.T.);
#4023 = PLANE('',#4024);
#4024 = AXIS2_PLACEMENT_3D('',#4025,#4026,#4027);
#4025 = CARTESIAN_POINT('',(0.,3.330669073875E-17,0.2));
#4026 = DIRECTION('',(0.,2.22044604925E-16,1.));
#4027 = DIRECTION('',(1.,0.,0.));
#4028 = ADVANCED_FACE('',(#4029),#4047,.F.);
#4029 = FACE_BOUND('',#4030,.F.);
#4030 = EDGE_LOOP('',(#4031,#4032,#4040,#4046));
#4031 = ORIENTED_EDGE('',*,*,#2505,.T.);
#4032 = ORIENTED_EDGE('',*,*,#4033,.T.);
#4033 = EDGE_CURVE('',#2498,#4034,#4036,.T.);
#4034 = VERTEX_POINT('',#4035);
#4035 = CARTESIAN_POINT('',(-1.25,-0.475,0.2));
#4036 = LINE('',#4037,#4038);
#4037 = CARTESIAN_POINT('',(-1.25,-0.475,5.E-02));
#4038 = VECTOR('',#4039,1.);
#4039 = DIRECTION('',(0.,2.22044604925E-16,1.));
#4040 = ORIENTED_EDGE('',*,*,#4041,.F.);
#4041 = EDGE_CURVE('',#3819,#4034,#4042,.T.);
#4042 = LINE('',#4043,#4044);
#4043 = CARTESIAN_POINT('',(-1.473550952894,-0.475,0.2));
#4044 = VECTOR('',#4045,1.);
#4045 = DIRECTION('',(1.,0.,0.));
#4046 = ORIENTED_EDGE('',*,*,#3818,.F.);
#4047 = PLANE('',#4048);
#4048 = AXIS2_PLACEMENT_3D('',#4049,#4050,#4051);
#4049 = CARTESIAN_POINT('',(-1.65,-0.475,1.040834085586E-16));
#4050 = DIRECTION('',(0.,-1.,2.22044604925E-16));
#4051 = DIRECTION('',(1.,0.,0.));
#4052 = ADVANCED_FACE('',(#4053),#4071,.F.);
#4053 = FACE_BOUND('',#4054,.F.);
#4054 = EDGE_LOOP('',(#4055,#4056,#4064,#4070));
#4055 = ORIENTED_EDGE('',*,*,#2497,.T.);
#4056 = ORIENTED_EDGE('',*,*,#4057,.T.);
#4057 = EDGE_CURVE('',#2490,#4058,#4060,.T.);
#4058 = VERTEX_POINT('',#4059);
#4059 = CARTESIAN_POINT('',(-1.25,-0.175,0.2));
#4060 = LINE('',#4061,#4062);
#4061 = CARTESIAN_POINT('',(-1.25,-0.175,5.E-02));
#4062 = VECTOR('',#4063,1.);
#4063 = DIRECTION('',(0.,2.22044604925E-16,1.));
#4064 = ORIENTED_EDGE('',*,*,#4065,.F.);
#4065 = EDGE_CURVE('',#4034,#4058,#4066,.T.);
#4066 = LINE('',#4067,#4068);
#4067 = CARTESIAN_POINT('',(-1.25,-0.475,0.2));
#4068 = VECTOR('',#4069,1.);
#4069 = DIRECTION('',(0.,1.,-2.22044604925E-16));
#4070 = ORIENTED_EDGE('',*,*,#4033,.F.);
#4071 = PLANE('',#4072);
#4072 = AXIS2_PLACEMENT_3D('',#4073,#4074,#4075);
#4073 = CARTESIAN_POINT('',(-1.25,-0.475,1.040834085586E-16));
#4074 = DIRECTION('',(1.,0.,0.));
#4075 = DIRECTION('',(0.,1.,-2.22044604925E-16));
#4076 = ADVANCED_FACE('',(#4077),#4088,.F.);
#4077 = FACE_BOUND('',#4078,.F.);
#4078 = EDGE_LOOP('',(#4079,#4080,#4081,#4087));
#4079 = ORIENTED_EDGE('',*,*,#2489,.F.);
#4080 = ORIENTED_EDGE('',*,*,#3834,.T.);
#4081 = ORIENTED_EDGE('',*,*,#4082,.F.);
#4082 = EDGE_CURVE('',#4058,#3827,#4083,.T.);
#4083 = LINE('',#4084,#4085);
#4084 = CARTESIAN_POINT('',(-1.25,-0.175,0.2));
#4085 = VECTOR('',#4086,1.);
#4086 = DIRECTION('',(-1.,0.,0.));
#4087 = ORIENTED_EDGE('',*,*,#4057,.F.);
#4088 = PLANE('',#4089);
#4089 = AXIS2_PLACEMENT_3D('',#4090,#4091,#4092);
#4090 = CARTESIAN_POINT('',(-1.25,-0.175,4.163336342344E-17));
#4091 = DIRECTION('',(0.,1.,-2.22044604925E-16));
#4092 = DIRECTION('',(-1.,0.,0.));
#4093 = ADVANCED_FACE('',(#4094),#4100,.F.);
#4094 = FACE_BOUND('',#4095,.F.);
#4095 = EDGE_LOOP('',(#4096,#4097,#4098,#4099));
#4096 = ORIENTED_EDGE('',*,*,#3826,.F.);
#4097 = ORIENTED_EDGE('',*,*,#4041,.T.);
#4098 = ORIENTED_EDGE('',*,*,#4065,.T.);
#4099 = ORIENTED_EDGE('',*,*,#4082,.T.);
#4100 = PLANE('',#4101);
#4101 = AXIS2_PLACEMENT_3D('',#4102,#4103,#4104);
#4102 = CARTESIAN_POINT('',(0.,3.330669073875E-17,0.2));
#4103 = DIRECTION('',(0.,2.22044604925E-16,1.));
#4104 = DIRECTION('',(1.,0.,0.));
#4105 = ADVANCED_FACE('',(#4106),#4124,.F.);
#4106 = FACE_BOUND('',#4107,.F.);
#4107 = EDGE_LOOP('',(#4108,#4109,#4117,#4123));
#4108 = ORIENTED_EDGE('',*,*,#2473,.T.);
#4109 = ORIENTED_EDGE('',*,*,#4110,.T.);
#4110 = EDGE_CURVE('',#2466,#4111,#4113,.T.);
#4111 = VERTEX_POINT('',#4112);
#4112 = CARTESIAN_POINT('',(-1.25,0.175,0.2));
#4113 = LINE('',#4114,#4115);
#4114 = CARTESIAN_POINT('',(-1.25,0.175,5.E-02));
#4115 = VECTOR('',#4116,1.);
#4116 = DIRECTION('',(0.,2.22044604925E-16,1.));
#4117 = ORIENTED_EDGE('',*,*,#4118,.F.);
#4118 = EDGE_CURVE('',#3842,#4111,#4119,.T.);
#4119 = LINE('',#4120,#4121);
#4120 = CARTESIAN_POINT('',(-1.473550952894,0.175,0.2));
#4121 = VECTOR('',#4122,1.);
#4122 = DIRECTION('',(1.,0.,0.));
#4123 = ORIENTED_EDGE('',*,*,#3841,.F.);
#4124 = PLANE('',#4125);
#4125 = AXIS2_PLACEMENT_3D('',#4126,#4127,#4128);
#4126 = CARTESIAN_POINT('',(-1.65,0.175,-4.163336342344E-17));
#4127 = DIRECTION('',(0.,-1.,2.22044604925E-16));
#4128 = DIRECTION('',(1.,0.,0.));
#4129 = ADVANCED_FACE('',(#4130),#4148,.F.);
#4130 = FACE_BOUND('',#4131,.F.);
#4131 = EDGE_LOOP('',(#4132,#4133,#4141,#4147));
#4132 = ORIENTED_EDGE('',*,*,#2465,.T.);
#4133 = ORIENTED_EDGE('',*,*,#4134,.T.);
#4134 = EDGE_CURVE('',#2458,#4135,#4137,.T.);
#4135 = VERTEX_POINT('',#4136);
#4136 = CARTESIAN_POINT('',(-1.25,0.475,0.2));
#4137 = LINE('',#4138,#4139);
#4138 = CARTESIAN_POINT('',(-1.25,0.475,5.E-02));
#4139 = VECTOR('',#4140,1.);
#4140 = DIRECTION('',(0.,2.22044604925E-16,1.));
#4141 = ORIENTED_EDGE('',*,*,#4142,.F.);
#4142 = EDGE_CURVE('',#4111,#4135,#4143,.T.);
#4143 = LINE('',#4144,#4145);
#4144 = CARTESIAN_POINT('',(-1.25,0.175,0.2));
#4145 = VECTOR('',#4146,1.);
#4146 = DIRECTION('',(0.,1.,-2.22044604925E-16));
#4147 = ORIENTED_EDGE('',*,*,#4110,.F.);
#4148 = PLANE('',#4149);
#4149 = AXIS2_PLACEMENT_3D('',#4150,#4151,#4152);
#4150 = CARTESIAN_POINT('',(-1.25,0.175,-4.163336342344E-17));
#4151 = DIRECTION('',(1.,0.,0.));
#4152 = DIRECTION('',(0.,1.,-2.22044604925E-16));
#4153 = ADVANCED_FACE('',(#4154),#4165,.F.);
#4154 = FACE_BOUND('',#4155,.F.);
#4155 = EDGE_LOOP('',(#4156,#4157,#4158,#4164));
#4156 = ORIENTED_EDGE('',*,*,#2457,.F.);
#4157 = ORIENTED_EDGE('',*,*,#3857,.T.);
#4158 = ORIENTED_EDGE('',*,*,#4159,.F.);
#4159 = EDGE_CURVE('',#4135,#3850,#4160,.T.);
#4160 = LINE('',#4161,#4162);
#4161 = CARTESIAN_POINT('',(-1.25,0.475,0.2));
#4162 = VECTOR('',#4163,1.);
#4163 = DIRECTION('',(-1.,0.,0.));
#4164 = ORIENTED_EDGE('',*,*,#4134,.F.);
#4165 = PLANE('',#4166);
#4166 = AXIS2_PLACEMENT_3D('',#4167,#4168,#4169);
#4167 = CARTESIAN_POINT('',(-1.25,0.475,-1.040834085586E-16));
#4168 = DIRECTION('',(0.,1.,-2.22044604925E-16));
#4169 = DIRECTION('',(-1.,0.,0.));
#4170 = ADVANCED_FACE('',(#4171),#4177,.F.);
#4171 = FACE_BOUND('',#4172,.F.);
#4172 = EDGE_LOOP('',(#4173,#4174,#4175,#4176));
#4173 = ORIENTED_EDGE('',*,*,#3849,.F.);
#4174 = ORIENTED_EDGE('',*,*,#4118,.T.);
#4175 = ORIENTED_EDGE('',*,*,#4142,.T.);
#4176 = ORIENTED_EDGE('',*,*,#4159,.T.);
#4177 = PLANE('',#4178);
#4178 = AXIS2_PLACEMENT_3D('',#4179,#4180,#4181);
#4179 = CARTESIAN_POINT('',(0.,3.330669073875E-17,0.2));
#4180 = DIRECTION('',(0.,2.22044604925E-16,1.));
#4181 = DIRECTION('',(1.,0.,0.));
#4182 = ADVANCED_FACE('',(#4183),#4194,.F.);
#4183 = FACE_BOUND('',#4184,.F.);
#4184 = EDGE_LOOP('',(#4185,#4186,#4192,#4193));
#4185 = ORIENTED_EDGE('',*,*,#2401,.T.);
#4186 = ORIENTED_EDGE('',*,*,#4187,.T.);
#4187 = EDGE_CURVE('',#2394,#3272,#4188,.T.);
#4188 = LINE('',#4189,#4190);
#4189 = CARTESIAN_POINT('',(-0.1,1.285,5.E-02));
#4190 = VECTOR('',#4191,1.);
#4191 = DIRECTION('',(0.,2.22044604925E-16,1.));
#4192 = ORIENTED_EDGE('',*,*,#3271,.F.);
#4193 = ORIENTED_EDGE('',*,*,#3611,.F.);
#4194 = PLANE('',#4195);
#4195 = AXIS2_PLACEMENT_3D('',#4196,#4197,#4198);
#4196 = CARTESIAN_POINT('',(-0.1,1.655,-3.677613769071E-16));
#4197 = DIRECTION('',(-1.,0.,0.));
#4198 = DIRECTION('',(0.,-1.,2.22044604925E-16));
#4199 = ADVANCED_FACE('',(#4200),#4211,.F.);
#4200 = FACE_BOUND('',#4201,.F.);
#4201 = EDGE_LOOP('',(#4202,#4203,#4209,#4210));
#4202 = ORIENTED_EDGE('',*,*,#2393,.T.);
#4203 = ORIENTED_EDGE('',*,*,#4204,.T.);
#4204 = EDGE_CURVE('',#2386,#3280,#4205,.T.);
#4205 = LINE('',#4206,#4207);
#4206 = CARTESIAN_POINT('',(-0.2,1.285,5.E-02));
#4207 = VECTOR('',#4208,1.);
#4208 = DIRECTION('',(0.,2.22044604925E-16,1.));
#4209 = ORIENTED_EDGE('',*,*,#3279,.F.);
#4210 = ORIENTED_EDGE('',*,*,#4187,.F.);
#4211 = PLANE('',#4212);
#4212 = AXIS2_PLACEMENT_3D('',#4213,#4214,#4215);
#4213 = CARTESIAN_POINT('',(-0.1,1.285,-2.844946500602E-16));
#4214 = DIRECTION('',(0.,1.,-2.22044604925E-16));
#4215 = DIRECTION('',(-1.,0.,0.));
#4216 = ADVANCED_FACE('',(#4217),#4223,.F.);
#4217 = FACE_BOUND('',#4218,.F.);
#4218 = EDGE_LOOP('',(#4219,#4220,#4221,#4222));
#4219 = ORIENTED_EDGE('',*,*,#2385,.T.);
#4220 = ORIENTED_EDGE('',*,*,#3527,.T.);
#4221 = ORIENTED_EDGE('',*,*,#3287,.F.);
#4222 = ORIENTED_EDGE('',*,*,#4204,.F.);
#4223 = PLANE('',#4224);
#4224 = AXIS2_PLACEMENT_3D('',#4225,#4226,#4227);
#4225 = CARTESIAN_POINT('',(-0.2,1.285,-2.844946500602E-16));
#4226 = DIRECTION('',(-1.,0.,0.));
#4227 = DIRECTION('',(0.,-1.,2.22044604925E-16));
#4228 = ADVANCED_FACE('',(#4229),#4240,.F.);
#4229 = FACE_BOUND('',#4230,.F.);
#4230 = EDGE_LOOP('',(#4231,#4232,#4233,#4234));
#4231 = ORIENTED_EDGE('',*,*,#2609,.T.);
#4232 = ORIENTED_EDGE('',*,*,#3510,.T.);
#4233 = ORIENTED_EDGE('',*,*,#3223,.T.);
#4234 = ORIENTED_EDGE('',*,*,#4235,.F.);
#4235 = EDGE_CURVE('',#2610,#3216,#4236,.T.);
#4236 = LINE('',#4237,#4238);
#4237 = CARTESIAN_POINT('',(1.23,1.125,5.E-02));
#4238 = VECTOR('',#4239,1.);
#4239 = DIRECTION('',(0.,2.22044604925E-16,1.));
#4240 = PLANE('',#4241);
#4241 = AXIS2_PLACEMENT_3D('',#4242,#4243,#4244);
#4242 = CARTESIAN_POINT('',(1.23,1.125,-2.498001805407E-16));
#4243 = DIRECTION('',(1.,0.,0.));
#4244 = DIRECTION('',(0.,1.,-2.22044604925E-16));
#4245 = ADVANCED_FACE('',(#4246),#4252,.T.);
#4246 = FACE_BOUND('',#4247,.F.);
#4247 = EDGE_LOOP('',(#4248,#4249,#4250,#4251));
#4248 = ORIENTED_EDGE('',*,*,#2617,.T.);
#4249 = ORIENTED_EDGE('',*,*,#4235,.T.);
#4250 = ORIENTED_EDGE('',*,*,#3215,.T.);
#4251 = ORIENTED_EDGE('',*,*,#2871,.F.);
#4252 = PLANE('',#4253);
#4253 = AXIS2_PLACEMENT_3D('',#4254,#4255,#4256);
#4254 = CARTESIAN_POINT('',(1.25,1.125,-2.498001805407E-16));
#4255 = DIRECTION('',(0.,-1.,2.22044604925E-16));
#4256 = DIRECTION('',(1.,0.,0.));
#4257 = ADVANCED_FACE('',(#4258),#4264,.F.);
#4258 = FACE_BOUND('',#4259,.F.);
#4259 = EDGE_LOOP('',(#4260,#4261,#4262,#4263));
#4260 = ORIENTED_EDGE('',*,*,#2233,.T.);
#4261 = ORIENTED_EDGE('',*,*,#2832,.T.);
#4262 = ORIENTED_EDGE('',*,*,#3042,.T.);
#4263 = ORIENTED_EDGE('',*,*,#3423,.F.);
#4264 = PLANE('',#4265);
#4265 = AXIS2_PLACEMENT_3D('',#4266,#4267,#4268);
#4266 = CARTESIAN_POINT('',(1.23,-1.175,2.636779683485E-16));
#4267 = DIRECTION('',(1.,0.,0.));
#4268 = DIRECTION('',(0.,1.,-2.22044604925E-16));
#4269 = ADVANCED_FACE('',(#4270),#4281,.T.);
#4270 = FACE_BOUND('',#4271,.F.);
#4271 = EDGE_LOOP('',(#4272,#4273,#4279,#4280));
#4272 = ORIENTED_EDGE('',*,*,#2295,.T.);
#4273 = ORIENTED_EDGE('',*,*,#4274,.T.);
#4274 = EDGE_CURVE('',#2298,#3051,#4275,.T.);
#4275 = LINE('',#4276,#4277);
#4276 = CARTESIAN_POINT('',(1.23,-0.825,5.E-02));
#4277 = VECTOR('',#4278,1.);
#4278 = DIRECTION('',(0.,2.22044604925E-16,1.));
#4279 = ORIENTED_EDGE('',*,*,#3050,.T.);
#4280 = ORIENTED_EDGE('',*,*,#2940,.F.);
#4281 = PLANE('',#4282);
#4282 = AXIS2_PLACEMENT_3D('',#4283,#4284,#4285);
#4283 = CARTESIAN_POINT('',(1.25,-0.825,1.804112415016E-16));
#4284 = DIRECTION('',(0.,-1.,2.22044604925E-16));
#4285 = DIRECTION('',(1.,0.,0.));
#4286 = ADVANCED_FACE('',(#4287),#4298,.F.);
#4287 = FACE_BOUND('',#4288,.F.);
#4288 = EDGE_LOOP('',(#4289,#4290,#4296,#4297));
#4289 = ORIENTED_EDGE('',*,*,#2353,.T.);
#4290 = ORIENTED_EDGE('',*,*,#4291,.T.);
#4291 = EDGE_CURVE('',#2346,#3059,#4292,.T.);
#4292 = LINE('',#4293,#4294);
#4293 = CARTESIAN_POINT('',(1.23,-0.775,5.E-02));
#4294 = VECTOR('',#4295,1.);
#4295 = DIRECTION('',(0.,2.22044604925E-16,1.));
#4296 = ORIENTED_EDGE('',*,*,#3058,.F.);
#4297 = ORIENTED_EDGE('',*,*,#4274,.F.);
#4298 = PLANE('',#4299);
#4299 = AXIS2_PLACEMENT_3D('',#4300,#4301,#4302);
#4300 = CARTESIAN_POINT('',(1.23,-0.825,1.804112415016E-16));
#4301 = DIRECTION('',(1.,0.,0.));
#4302 = DIRECTION('',(0.,1.,-2.22044604925E-16));
#4303 = ADVANCED_FACE('',(#4304),#4315,.F.);
#4304 = FACE_BOUND('',#4305,.F.);
#4305 = EDGE_LOOP('',(#4306,#4307,#4313,#4314));
#4306 = ORIENTED_EDGE('',*,*,#2345,.T.);
#4307 = ORIENTED_EDGE('',*,*,#4308,.T.);
#4308 = EDGE_CURVE('',#2338,#3067,#4309,.T.);
#4309 = LINE('',#4310,#4311);
#4310 = CARTESIAN_POINT('',(1.17,-0.775,5.E-02));
#4311 = VECTOR('',#4312,1.);
#4312 = DIRECTION('',(0.,2.22044604925E-16,1.));
#4313 = ORIENTED_EDGE('',*,*,#3066,.F.);
#4314 = ORIENTED_EDGE('',*,*,#4291,.F.);
#4315 = PLANE('',#4316);
#4316 = AXIS2_PLACEMENT_3D('',#4317,#4318,#4319);
#4317 = CARTESIAN_POINT('',(1.23,-0.775,1.734723475977E-16));
#4318 = DIRECTION('',(0.,1.,-2.22044604925E-16));
#4319 = DIRECTION('',(-1.,0.,0.));
#4320 = ADVANCED_FACE('',(#4321),#4332,.F.);
#4321 = FACE_BOUND('',#4322,.F.);
#4322 = EDGE_LOOP('',(#4323,#4324,#4330,#4331));
#4323 = ORIENTED_EDGE('',*,*,#2337,.T.);
#4324 = ORIENTED_EDGE('',*,*,#4325,.T.);
#4325 = EDGE_CURVE('',#2330,#3075,#4326,.T.);
#4326 = LINE('',#4327,#4328);
#4327 = CARTESIAN_POINT('',(1.17,-0.525,5.E-02));
#4328 = VECTOR('',#4329,1.);
#4329 = DIRECTION('',(0.,2.22044604925E-16,1.));
#4330 = ORIENTED_EDGE('',*,*,#3074,.F.);
#4331 = ORIENTED_EDGE('',*,*,#4308,.F.);
#4332 = PLANE('',#4333);
#4333 = AXIS2_PLACEMENT_3D('',#4334,#4335,#4336);
#4334 = CARTESIAN_POINT('',(1.17,-1.225,2.706168622524E-16));
#4335 = DIRECTION('',(1.,0.,0.));
#4336 = DIRECTION('',(0.,1.,-2.22044604925E-16));
#4337 = ADVANCED_FACE('',(#4338),#4354,.F.);
#4338 = FACE_BOUND('',#4339,.F.);
#4339 = EDGE_LOOP('',(#4340,#4341,#4347,#4348));
#4340 = ORIENTED_EDGE('',*,*,#2713,.T.);
#4341 = ORIENTED_EDGE('',*,*,#4342,.T.);
#4342 = EDGE_CURVE('',#2706,#3130,#4343,.T.);
#4343 = LINE('',#4344,#4345);
#4344 = CARTESIAN_POINT('',(1.17,0.125,5.E-02));
#4345 = VECTOR('',#4346,1.);
#4346 = DIRECTION('',(0.,2.22044604925E-16,1.));
#4347 = ORIENTED_EDGE('',*,*,#3129,.F.);
#4348 = ORIENTED_EDGE('',*,*,#4349,.F.);
#4349 = EDGE_CURVE('',#2714,#3122,#4350,.T.);
#4350 = LINE('',#4351,#4352);
#4351 = CARTESIAN_POINT('',(1.17,-0.125,5.E-02));
#4352 = VECTOR('',#4353,1.);
#4353 = DIRECTION('',(0.,2.22044604925E-16,1.));
#4354 = PLANE('',#4355);
#4355 = AXIS2_PLACEMENT_3D('',#4356,#4357,#4358);
#4356 = CARTESIAN_POINT('',(1.17,-1.225,2.706168622524E-16));
#4357 = DIRECTION('',(1.,0.,0.));
#4358 = DIRECTION('',(0.,1.,-2.22044604925E-16));
#4359 = ADVANCED_FACE('',(#4360),#4376,.F.);
#4360 = FACE_BOUND('',#4361,.F.);
#4361 = EDGE_LOOP('',(#4362,#4363,#4369,#4370));
#4362 = ORIENTED_EDGE('',*,*,#2785,.T.);
#4363 = ORIENTED_EDGE('',*,*,#4364,.T.);
#4364 = EDGE_CURVE('',#2778,#3185,#4365,.T.);
#4365 = LINE('',#4366,#4367);
#4366 = CARTESIAN_POINT('',(1.17,0.775,5.E-02));
#4367 = VECTOR('',#4368,1.);
#4368 = DIRECTION('',(0.,2.22044604925E-16,1.));
#4369 = ORIENTED_EDGE('',*,*,#3184,.F.);
#4370 = ORIENTED_EDGE('',*,*,#4371,.F.);
#4371 = EDGE_CURVE('',#2786,#3177,#4372,.T.);
#4372 = LINE('',#4373,#4374);
#4373 = CARTESIAN_POINT('',(1.17,0.525,5.E-02));
#4374 = VECTOR('',#4375,1.);
#4375 = DIRECTION('',(0.,2.22044604925E-16,1.));
#4376 = PLANE('',#4377);
#4377 = AXIS2_PLACEMENT_3D('',#4378,#4379,#4380);
#4378 = CARTESIAN_POINT('',(1.17,-1.225,2.706168622524E-16));
#4379 = DIRECTION('',(1.,0.,0.));
#4380 = DIRECTION('',(0.,1.,-2.22044604925E-16));
#4381 = ADVANCED_FACE('',(#4382),#4393,.F.);
#4382 = FACE_BOUND('',#4383,.F.);
#4383 = EDGE_LOOP('',(#4384,#4385,#4391,#4392));
#4384 = ORIENTED_EDGE('',*,*,#2329,.T.);
#4385 = ORIENTED_EDGE('',*,*,#4386,.T.);
#4386 = EDGE_CURVE('',#2322,#3083,#4387,.T.);
#4387 = LINE('',#4388,#4389);
#4388 = CARTESIAN_POINT('',(1.23,-0.525,5.E-02));
#4389 = VECTOR('',#4390,1.);
#4390 = DIRECTION('',(0.,2.22044604925E-16,1.));
#4391 = ORIENTED_EDGE('',*,*,#3082,.F.);
#4392 = ORIENTED_EDGE('',*,*,#4325,.F.);
#4393 = PLANE('',#4394);
#4394 = AXIS2_PLACEMENT_3D('',#4395,#4396,#4397);
#4395 = CARTESIAN_POINT('',(1.17,-0.525,1.179611963664E-16));
#4396 = DIRECTION('',(0.,-1.,2.22044604925E-16));
#4397 = DIRECTION('',(1.,0.,0.));
#4398 = ADVANCED_FACE('',(#4399),#4410,.F.);
#4399 = FACE_BOUND('',#4400,.F.);
#4400 = EDGE_LOOP('',(#4401,#4402,#4408,#4409));
#4401 = ORIENTED_EDGE('',*,*,#2321,.T.);
#4402 = ORIENTED_EDGE('',*,*,#4403,.T.);
#4403 = EDGE_CURVE('',#2314,#3091,#4404,.T.);
#4404 = LINE('',#4405,#4406);
#4405 = CARTESIAN_POINT('',(1.23,-0.475,5.E-02));
#4406 = VECTOR('',#4407,1.);
#4407 = DIRECTION('',(0.,2.22044604925E-16,1.));
#4408 = ORIENTED_EDGE('',*,*,#3090,.F.);
#4409 = ORIENTED_EDGE('',*,*,#4386,.F.);
#4410 = PLANE('',#4411);
#4411 = AXIS2_PLACEMENT_3D('',#4412,#4413,#4414);
#4412 = CARTESIAN_POINT('',(1.23,-0.525,1.179611963664E-16));
#4413 = DIRECTION('',(1.,0.,0.));
#4414 = DIRECTION('',(0.,1.,-2.22044604925E-16));
#4415 = ADVANCED_FACE('',(#4416),#4422,.T.);
#4416 = FACE_BOUND('',#4417,.F.);
#4417 = EDGE_LOOP('',(#4418,#4419,#4420,#4421));
#4418 = ORIENTED_EDGE('',*,*,#2313,.F.);
#4419 = ORIENTED_EDGE('',*,*,#2933,.T.);
#4420 = ORIENTED_EDGE('',*,*,#3098,.T.);
#4421 = ORIENTED_EDGE('',*,*,#4403,.F.);
#4422 = PLANE('',#4423);
#4423 = AXIS2_PLACEMENT_3D('',#4424,#4425,#4426);
#4424 = CARTESIAN_POINT('',(1.65,-0.475,1.040834085586E-16));
#4425 = DIRECTION('',(0.,1.,-2.22044604925E-16));
#4426 = DIRECTION('',(-1.,0.,0.));
#4427 = ADVANCED_FACE('',(#4428),#4439,.F.);
#4428 = FACE_BOUND('',#4429,.F.);
#4429 = EDGE_LOOP('',(#4430,#4431,#4437,#4438));
#4430 = ORIENTED_EDGE('',*,*,#2705,.T.);
#4431 = ORIENTED_EDGE('',*,*,#4432,.T.);
#4432 = EDGE_CURVE('',#2698,#3138,#4433,.T.);
#4433 = LINE('',#4434,#4435);
#4434 = CARTESIAN_POINT('',(1.23,0.125,5.E-02));
#4435 = VECTOR('',#4436,1.);
#4436 = DIRECTION('',(0.,2.22044604925E-16,1.));
#4437 = ORIENTED_EDGE('',*,*,#3137,.F.);
#4438 = ORIENTED_EDGE('',*,*,#4342,.F.);
#4439 = PLANE('',#4440);
#4440 = AXIS2_PLACEMENT_3D('',#4441,#4442,#4443);
#4441 = CARTESIAN_POINT('',(1.17,0.125,-2.775557561563E-17));
#4442 = DIRECTION('',(0.,-1.,2.22044604925E-16));
#4443 = DIRECTION('',(1.,0.,0.));
#4444 = ADVANCED_FACE('',(#4445),#4456,.F.);
#4445 = FACE_BOUND('',#4446,.F.);
#4446 = EDGE_LOOP('',(#4447,#4448,#4454,#4455));
#4447 = ORIENTED_EDGE('',*,*,#2697,.T.);
#4448 = ORIENTED_EDGE('',*,*,#4449,.T.);
#4449 = EDGE_CURVE('',#2690,#3146,#4450,.T.);
#4450 = LINE('',#4451,#4452);
#4451 = CARTESIAN_POINT('',(1.23,0.175,5.E-02));
#4452 = VECTOR('',#4453,1.);
#4453 = DIRECTION('',(0.,2.22044604925E-16,1.));
#4454 = ORIENTED_EDGE('',*,*,#3145,.F.);
#4455 = ORIENTED_EDGE('',*,*,#4432,.F.);
#4456 = PLANE('',#4457);
#4457 = AXIS2_PLACEMENT_3D('',#4458,#4459,#4460);
#4458 = CARTESIAN_POINT('',(1.23,0.125,-2.775557561563E-17));
#4459 = DIRECTION('',(1.,0.,0.));
#4460 = DIRECTION('',(0.,1.,-2.22044604925E-16));
#4461 = ADVANCED_FACE('',(#4462),#4468,.T.);
#4462 = FACE_BOUND('',#4463,.F.);
#4463 = EDGE_LOOP('',(#4464,#4465,#4466,#4467));
#4464 = ORIENTED_EDGE('',*,*,#2689,.F.);
#4465 = ORIENTED_EDGE('',*,*,#2910,.T.);
#4466 = ORIENTED_EDGE('',*,*,#3153,.T.);
#4467 = ORIENTED_EDGE('',*,*,#4449,.F.);
#4468 = PLANE('',#4469);
#4469 = AXIS2_PLACEMENT_3D('',#4470,#4471,#4472);
#4470 = CARTESIAN_POINT('',(1.65,0.175,-4.163336342344E-17));
#4471 = DIRECTION('',(0.,1.,-2.22044604925E-16));
#4472 = DIRECTION('',(-1.,0.,0.));
#4473 = ADVANCED_FACE('',(#4474),#4485,.F.);
#4474 = FACE_BOUND('',#4475,.F.);
#4475 = EDGE_LOOP('',(#4476,#4477,#4478,#4479));
#4476 = ORIENTED_EDGE('',*,*,#2721,.T.);
#4477 = ORIENTED_EDGE('',*,*,#4349,.T.);
#4478 = ORIENTED_EDGE('',*,*,#3121,.F.);
#4479 = ORIENTED_EDGE('',*,*,#4480,.F.);
#4480 = EDGE_CURVE('',#2722,#3114,#4481,.T.);
#4481 = LINE('',#4482,#4483);
#4482 = CARTESIAN_POINT('',(1.23,-0.125,5.E-02));
#4483 = VECTOR('',#4484,1.);
#4484 = DIRECTION('',(0.,2.22044604925E-16,1.));
#4485 = PLANE('',#4486);
#4486 = AXIS2_PLACEMENT_3D('',#4487,#4488,#4489);
#4487 = CARTESIAN_POINT('',(1.23,-0.125,2.775557561563E-17));
#4488 = DIRECTION('',(0.,1.,-2.22044604925E-16));
#4489 = DIRECTION('',(-1.,0.,0.));
#4490 = ADVANCED_FACE('',(#4491),#4502,.F.);
#4491 = FACE_BOUND('',#4492,.F.);
#4492 = EDGE_LOOP('',(#4493,#4494,#4495,#4496));
#4493 = ORIENTED_EDGE('',*,*,#2729,.T.);
#4494 = ORIENTED_EDGE('',*,*,#4480,.T.);
#4495 = ORIENTED_EDGE('',*,*,#3113,.F.);
#4496 = ORIENTED_EDGE('',*,*,#4497,.F.);
#4497 = EDGE_CURVE('',#2674,#3106,#4498,.T.);
#4498 = LINE('',#4499,#4500);
#4499 = CARTESIAN_POINT('',(1.23,-0.175,5.E-02));
#4500 = VECTOR('',#4501,1.);
#4501 = DIRECTION('',(0.,2.22044604925E-16,1.));
#4502 = PLANE('',#4503);
#4503 = AXIS2_PLACEMENT_3D('',#4504,#4505,#4506);
#4504 = CARTESIAN_POINT('',(1.23,-0.175,4.163336342344E-17));
#4505 = DIRECTION('',(1.,0.,0.));
#4506 = DIRECTION('',(0.,1.,-2.22044604925E-16));
#4507 = ADVANCED_FACE('',(#4508),#4514,.T.);
#4508 = FACE_BOUND('',#4509,.F.);
#4509 = EDGE_LOOP('',(#4510,#4511,#4512,#4513));
#4510 = ORIENTED_EDGE('',*,*,#2671,.T.);
#4511 = ORIENTED_EDGE('',*,*,#4497,.T.);
#4512 = ORIENTED_EDGE('',*,*,#3105,.T.);
#4513 = ORIENTED_EDGE('',*,*,#2917,.F.);
#4514 = PLANE('',#4515);
#4515 = AXIS2_PLACEMENT_3D('',#4516,#4517,#4518);
#4516 = CARTESIAN_POINT('',(1.25,-0.175,4.163336342344E-17));
#4517 = DIRECTION('',(0.,-1.,2.22044604925E-16));
#4518 = DIRECTION('',(1.,0.,0.));
#4519 = ADVANCED_FACE('',(#4520),#4531,.F.);
#4520 = FACE_BOUND('',#4521,.F.);
#4521 = EDGE_LOOP('',(#4522,#4523,#4529,#4530));
#4522 = ORIENTED_EDGE('',*,*,#2777,.T.);
#4523 = ORIENTED_EDGE('',*,*,#4524,.T.);
#4524 = EDGE_CURVE('',#2770,#3193,#4525,.T.);
#4525 = LINE('',#4526,#4527);
#4526 = CARTESIAN_POINT('',(1.23,0.775,5.E-02));
#4527 = VECTOR('',#4528,1.);
#4528 = DIRECTION('',(0.,2.22044604925E-16,1.));
#4529 = ORIENTED_EDGE('',*,*,#3192,.F.);
#4530 = ORIENTED_EDGE('',*,*,#4364,.F.);
#4531 = PLANE('',#4532);
#4532 = AXIS2_PLACEMENT_3D('',#4533,#4534,#4535);
#4533 = CARTESIAN_POINT('',(1.17,0.775,-1.734723475977E-16));
#4534 = DIRECTION('',(0.,-1.,2.22044604925E-16));
#4535 = DIRECTION('',(1.,0.,0.));
#4536 = ADVANCED_FACE('',(#4537),#4548,.F.);
#4537 = FACE_BOUND('',#4538,.F.);
#4538 = EDGE_LOOP('',(#4539,#4540,#4546,#4547));
#4539 = ORIENTED_EDGE('',*,*,#2769,.T.);
#4540 = ORIENTED_EDGE('',*,*,#4541,.T.);
#4541 = EDGE_CURVE('',#2762,#3201,#4542,.T.);
#4542 = LINE('',#4543,#4544);
#4543 = CARTESIAN_POINT('',(1.23,0.825,5.E-02));
#4544 = VECTOR('',#4545,1.);
#4545 = DIRECTION('',(0.,2.22044604925E-16,1.));
#4546 = ORIENTED_EDGE('',*,*,#3200,.F.);
#4547 = ORIENTED_EDGE('',*,*,#4524,.F.);
#4548 = PLANE('',#4549);
#4549 = AXIS2_PLACEMENT_3D('',#4550,#4551,#4552);
#4550 = CARTESIAN_POINT('',(1.23,0.775,-1.734723475977E-16));
#4551 = DIRECTION('',(1.,0.,0.));
#4552 = DIRECTION('',(0.,1.,-2.22044604925E-16));
#4553 = ADVANCED_FACE('',(#4554),#4560,.T.);
#4554 = FACE_BOUND('',#4555,.F.);
#4555 = EDGE_LOOP('',(#4556,#4557,#4558,#4559));
#4556 = ORIENTED_EDGE('',*,*,#2761,.F.);
#4557 = ORIENTED_EDGE('',*,*,#2887,.T.);
#4558 = ORIENTED_EDGE('',*,*,#3208,.T.);
#4559 = ORIENTED_EDGE('',*,*,#4541,.F.);
#4560 = PLANE('',#4561);
#4561 = AXIS2_PLACEMENT_3D('',#4562,#4563,#4564);
#4562 = CARTESIAN_POINT('',(1.65,0.825,-1.804112415016E-16));
#4563 = DIRECTION('',(0.,1.,-2.22044604925E-16));
#4564 = DIRECTION('',(-1.,0.,0.));
#4565 = ADVANCED_FACE('',(#4566),#4577,.F.);
#4566 = FACE_BOUND('',#4567,.F.);
#4567 = EDGE_LOOP('',(#4568,#4569,#4570,#4571));
#4568 = ORIENTED_EDGE('',*,*,#2793,.T.);
#4569 = ORIENTED_EDGE('',*,*,#4371,.T.);
#4570 = ORIENTED_EDGE('',*,*,#3176,.F.);
#4571 = ORIENTED_EDGE('',*,*,#4572,.F.);
#4572 = EDGE_CURVE('',#2794,#3169,#4573,.T.);
#4573 = LINE('',#4574,#4575);
#4574 = CARTESIAN_POINT('',(1.23,0.525,5.E-02));
#4575 = VECTOR('',#4576,1.);
#4576 = DIRECTION('',(0.,2.22044604925E-16,1.));
#4577 = PLANE('',#4578);
#4578 = AXIS2_PLACEMENT_3D('',#4579,#4580,#4581);
#4579 = CARTESIAN_POINT('',(1.23,0.525,-1.179611963664E-16));
#4580 = DIRECTION('',(0.,1.,-2.22044604925E-16));
#4581 = DIRECTION('',(-1.,0.,0.));
#4582 = ADVANCED_FACE('',(#4583),#4594,.F.);
#4583 = FACE_BOUND('',#4584,.F.);
#4584 = EDGE_LOOP('',(#4585,#4586,#4587,#4588));
#4585 = ORIENTED_EDGE('',*,*,#2801,.T.);
#4586 = ORIENTED_EDGE('',*,*,#4572,.T.);
#4587 = ORIENTED_EDGE('',*,*,#3168,.F.);
#4588 = ORIENTED_EDGE('',*,*,#4589,.F.);
#4589 = EDGE_CURVE('',#2746,#3161,#4590,.T.);
#4590 = LINE('',#4591,#4592);
#4591 = CARTESIAN_POINT('',(1.23,0.475,5.E-02));
#4592 = VECTOR('',#4593,1.);
#4593 = DIRECTION('',(0.,2.22044604925E-16,1.));
#4594 = PLANE('',#4595);
#4595 = AXIS2_PLACEMENT_3D('',#4596,#4597,#4598);
#4596 = CARTESIAN_POINT('',(1.23,0.475,-1.040834085586E-16));
#4597 = DIRECTION('',(1.,0.,0.));
#4598 = DIRECTION('',(0.,1.,-2.22044604925E-16));
#4599 = ADVANCED_FACE('',(#4600),#4606,.T.);
#4600 = FACE_BOUND('',#4601,.F.);
#4601 = EDGE_LOOP('',(#4602,#4603,#4604,#4605));
#4602 = ORIENTED_EDGE('',*,*,#2743,.T.);
#4603 = ORIENTED_EDGE('',*,*,#4589,.T.);
#4604 = ORIENTED_EDGE('',*,*,#3160,.T.);
#4605 = ORIENTED_EDGE('',*,*,#2894,.F.);
#4606 = PLANE('',#4607);
#4607 = AXIS2_PLACEMENT_3D('',#4608,#4609,#4610);
#4608 = CARTESIAN_POINT('',(1.25,0.475,-1.040834085586E-16));
#4609 = DIRECTION('',(0.,-1.,2.22044604925E-16));
#4610 = DIRECTION('',(1.,0.,0.));
#4611 = ( GEOMETRIC_REPRESENTATION_CONTEXT(3) 
GLOBAL_UNCERTAINTY_ASSIGNED_CONTEXT((#4615)) 
GLOBAL_UNIT_ASSIGNED_CONTEXT((#4612,#4613,#4614)) REPRESENTATION_CONTEXT
('Context #1','3D Context with UNIT and UNCERTAINTY') );
#4612 = ( LENGTH_UNIT() NAMED_UNIT(*) SI_UNIT(.MILLI.,.METRE.) );
#4613 = ( NAMED_UNIT(*) PLANE_ANGLE_UNIT() SI_UNIT($,.RADIAN.) );
#4614 = ( NAMED_UNIT(*) SI_UNIT($,.STERADIAN.) SOLID_ANGLE_UNIT() );
#4615 = UNCERTAINTY_MEASURE_WITH_UNIT(LENGTH_MEASURE(1.E-07),#4612,
  'distance_accuracy_value','confusion accuracy');
#4616 = PRODUCT_RELATED_PRODUCT_CATEGORY('part',$,(#7));
#4617 = MECHANICAL_DESIGN_GEOMETRIC_PRESENTATION_REPRESENTATION('',(
    #4618,#4626,#4633,#4640,#4647,#4654,#4661,#4668,#4675,#4682,#4689,
    #4696,#4703,#4710,#4717,#4724,#4731,#4738,#4745,#4752,#4759,#4766,
    #4773,#4780,#4787,#4794,#4801,#4808,#4815,#4822,#4829,#4836,#4843,
    #4850,#4857,#4864,#4871,#4878,#4885,#4892,#4899,#4906,#4913,#4920,
    #4927,#4934,#4941,#4948,#4955,#4962,#4969,#4976,#4983,#4990,#4997,
    #5004,#5011,#5018,#5025,#5032,#5039,#5046,#5053,#5060,#5067,#5074,
    #5081,#5088,#5095,#5102,#5109,#5116,#5123,#5130,#5137,#5145,#5152,
    #5159,#5166,#5173,#5180,#5187,#5194,#5201,#5208,#5215,#5222,#5229,
    #5236,#5243,#5250,#5257,#5264,#5271,#5278,#5285,#5292,#5299,#5306,
    #5313,#5320,#5327,#5334,#5341,#5348,#5355,#5362,#5369,#5376,#5383,
    #5390,#5397,#5404,#5411,#5418,#5425,#5432,#5439,#5446,#5453,#5460,
    #5467,#5474,#5481,#5488,#5495,#5502,#5509,#5516,#5523,#5530,#5537,
    #5544,#5551,#5558,#5565,#5572,#5579,#5586,#5593,#5600,#5607,#5614,
    #5621,#5628,#5635,#5642,#5649),#4611);
#4618 = STYLED_ITEM('color',(#4619),#17);
#4619 = PRESENTATION_STYLE_ASSIGNMENT((#4620));
#4620 = SURFACE_STYLE_USAGE(.BOTH.,#4621);
#4621 = SURFACE_SIDE_STYLE('',(#4622));
#4622 = SURFACE_STYLE_FILL_AREA(#4623);
#4623 = FILL_AREA_STYLE('',(#4624));
#4624 = FILL_AREA_STYLE_COLOUR('',#4625);
#4625 = COLOUR_RGB('',0.827450990677,0.329412013292,7.058800011873E-02);
#4626 = STYLED_ITEM('color',(#4627),#57);
#4627 = PRESENTATION_STYLE_ASSIGNMENT((#4628));
#4628 = SURFACE_STYLE_USAGE(.BOTH.,#4629);
#4629 = SURFACE_SIDE_STYLE('',(#4630));
#4630 = SURFACE_STYLE_FILL_AREA(#4631);
#4631 = FILL_AREA_STYLE('',(#4632));
#4632 = FILL_AREA_STYLE_COLOUR('',#4625);
#4633 = STYLED_ITEM('color',(#4634),#88);
#4634 = PRESENTATION_STYLE_ASSIGNMENT((#4635));
#4635 = SURFACE_STYLE_USAGE(.BOTH.,#4636);
#4636 = SURFACE_SIDE_STYLE('',(#4637));
#4637 = SURFACE_STYLE_FILL_AREA(#4638);
#4638 = FILL_AREA_STYLE('',(#4639));
#4639 = FILL_AREA_STYLE_COLOUR('',#4625);
#4640 = STYLED_ITEM('color',(#4641),#112);
#4641 = PRESENTATION_STYLE_ASSIGNMENT((#4642));
#4642 = SURFACE_STYLE_USAGE(.BOTH.,#4643);
#4643 = SURFACE_SIDE_STYLE('',(#4644));
#4644 = SURFACE_STYLE_FILL_AREA(#4645);
#4645 = FILL_AREA_STYLE('',(#4646));
#4646 = FILL_AREA_STYLE_COLOUR('',#4625);
#4647 = STYLED_ITEM('color',(#4648),#136);
#4648 = PRESENTATION_STYLE_ASSIGNMENT((#4649));
#4649 = SURFACE_STYLE_USAGE(.BOTH.,#4650);
#4650 = SURFACE_SIDE_STYLE('',(#4651));
#4651 = SURFACE_STYLE_FILL_AREA(#4652);
#4652 = FILL_AREA_STYLE('',(#4653));
#4653 = FILL_AREA_STYLE_COLOUR('',#4625);
#4654 = STYLED_ITEM('color',(#4655),#153);
#4655 = PRESENTATION_STYLE_ASSIGNMENT((#4656));
#4656 = SURFACE_STYLE_USAGE(.BOTH.,#4657);
#4657 = SURFACE_SIDE_STYLE('',(#4658));
#4658 = SURFACE_STYLE_FILL_AREA(#4659);
#4659 = FILL_AREA_STYLE('',(#4660));
#4660 = FILL_AREA_STYLE_COLOUR('',#4625);
#4661 = STYLED_ITEM('color',(#4662),#167);
#4662 = PRESENTATION_STYLE_ASSIGNMENT((#4663));
#4663 = SURFACE_STYLE_USAGE(.BOTH.,#4664);
#4664 = SURFACE_SIDE_STYLE('',(#4665));
#4665 = SURFACE_STYLE_FILL_AREA(#4666);
#4666 = FILL_AREA_STYLE('',(#4667));
#4667 = FILL_AREA_STYLE_COLOUR('',#4625);
#4668 = STYLED_ITEM('color',(#4669),#207);
#4669 = PRESENTATION_STYLE_ASSIGNMENT((#4670));
#4670 = SURFACE_STYLE_USAGE(.BOTH.,#4671);
#4671 = SURFACE_SIDE_STYLE('',(#4672));
#4672 = SURFACE_STYLE_FILL_AREA(#4673);
#4673 = FILL_AREA_STYLE('',(#4674));
#4674 = FILL_AREA_STYLE_COLOUR('',#4625);
#4675 = STYLED_ITEM('color',(#4676),#238);
#4676 = PRESENTATION_STYLE_ASSIGNMENT((#4677));
#4677 = SURFACE_STYLE_USAGE(.BOTH.,#4678);
#4678 = SURFACE_SIDE_STYLE('',(#4679));
#4679 = SURFACE_STYLE_FILL_AREA(#4680);
#4680 = FILL_AREA_STYLE('',(#4681));
#4681 = FILL_AREA_STYLE_COLOUR('',#4625);
#4682 = STYLED_ITEM('color',(#4683),#262);
#4683 = PRESENTATION_STYLE_ASSIGNMENT((#4684));
#4684 = SURFACE_STYLE_USAGE(.BOTH.,#4685);
#4685 = SURFACE_SIDE_STYLE('',(#4686));
#4686 = SURFACE_STYLE_FILL_AREA(#4687);
#4687 = FILL_AREA_STYLE('',(#4688));
#4688 = FILL_AREA_STYLE_COLOUR('',#4625);
#4689 = STYLED_ITEM('color',(#4690),#286);
#4690 = PRESENTATION_STYLE_ASSIGNMENT((#4691));
#4691 = SURFACE_STYLE_USAGE(.BOTH.,#4692);
#4692 = SURFACE_SIDE_STYLE('',(#4693));
#4693 = SURFACE_STYLE_FILL_AREA(#4694);
#4694 = FILL_AREA_STYLE('',(#4695));
#4695 = FILL_AREA_STYLE_COLOUR('',#4625);
#4696 = STYLED_ITEM('color',(#4697),#303);
#4697 = PRESENTATION_STYLE_ASSIGNMENT((#4698));
#4698 = SURFACE_STYLE_USAGE(.BOTH.,#4699);
#4699 = SURFACE_SIDE_STYLE('',(#4700));
#4700 = SURFACE_STYLE_FILL_AREA(#4701);
#4701 = FILL_AREA_STYLE('',(#4702));
#4702 = FILL_AREA_STYLE_COLOUR('',#4625);
#4703 = STYLED_ITEM('color',(#4704),#317);
#4704 = PRESENTATION_STYLE_ASSIGNMENT((#4705));
#4705 = SURFACE_STYLE_USAGE(.BOTH.,#4706);
#4706 = SURFACE_SIDE_STYLE('',(#4707));
#4707 = SURFACE_STYLE_FILL_AREA(#4708);
#4708 = FILL_AREA_STYLE('',(#4709));
#4709 = FILL_AREA_STYLE_COLOUR('',#4625);
#4710 = STYLED_ITEM('color',(#4711),#357);
#4711 = PRESENTATION_STYLE_ASSIGNMENT((#4712));
#4712 = SURFACE_STYLE_USAGE(.BOTH.,#4713);
#4713 = SURFACE_SIDE_STYLE('',(#4714));
#4714 = SURFACE_STYLE_FILL_AREA(#4715);
#4715 = FILL_AREA_STYLE('',(#4716));
#4716 = FILL_AREA_STYLE_COLOUR('',#4625);
#4717 = STYLED_ITEM('color',(#4718),#388);
#4718 = PRESENTATION_STYLE_ASSIGNMENT((#4719));
#4719 = SURFACE_STYLE_USAGE(.BOTH.,#4720);
#4720 = SURFACE_SIDE_STYLE('',(#4721));
#4721 = SURFACE_STYLE_FILL_AREA(#4722);
#4722 = FILL_AREA_STYLE('',(#4723));
#4723 = FILL_AREA_STYLE_COLOUR('',#4625);
#4724 = STYLED_ITEM('color',(#4725),#412);
#4725 = PRESENTATION_STYLE_ASSIGNMENT((#4726));
#4726 = SURFACE_STYLE_USAGE(.BOTH.,#4727);
#4727 = SURFACE_SIDE_STYLE('',(#4728));
#4728 = SURFACE_STYLE_FILL_AREA(#4729);
#4729 = FILL_AREA_STYLE('',(#4730));
#4730 = FILL_AREA_STYLE_COLOUR('',#4625);
#4731 = STYLED_ITEM('color',(#4732),#436);
#4732 = PRESENTATION_STYLE_ASSIGNMENT((#4733));
#4733 = SURFACE_STYLE_USAGE(.BOTH.,#4734);
#4734 = SURFACE_SIDE_STYLE('',(#4735));
#4735 = SURFACE_STYLE_FILL_AREA(#4736);
#4736 = FILL_AREA_STYLE('',(#4737));
#4737 = FILL_AREA_STYLE_COLOUR('',#4625);
#4738 = STYLED_ITEM('color',(#4739),#453);
#4739 = PRESENTATION_STYLE_ASSIGNMENT((#4740));
#4740 = SURFACE_STYLE_USAGE(.BOTH.,#4741);
#4741 = SURFACE_SIDE_STYLE('',(#4742));
#4742 = SURFACE_STYLE_FILL_AREA(#4743);
#4743 = FILL_AREA_STYLE('',(#4744));
#4744 = FILL_AREA_STYLE_COLOUR('',#4625);
#4745 = STYLED_ITEM('color',(#4746),#467);
#4746 = PRESENTATION_STYLE_ASSIGNMENT((#4747));
#4747 = SURFACE_STYLE_USAGE(.BOTH.,#4748);
#4748 = SURFACE_SIDE_STYLE('',(#4749));
#4749 = SURFACE_STYLE_FILL_AREA(#4750);
#4750 = FILL_AREA_STYLE('',(#4751));
#4751 = FILL_AREA_STYLE_COLOUR('',#4625);
#4752 = STYLED_ITEM('color',(#4753),#507);
#4753 = PRESENTATION_STYLE_ASSIGNMENT((#4754));
#4754 = SURFACE_STYLE_USAGE(.BOTH.,#4755);
#4755 = SURFACE_SIDE_STYLE('',(#4756));
#4756 = SURFACE_STYLE_FILL_AREA(#4757);
#4757 = FILL_AREA_STYLE('',(#4758));
#4758 = FILL_AREA_STYLE_COLOUR('',#4625);
#4759 = STYLED_ITEM('color',(#4760),#538);
#4760 = PRESENTATION_STYLE_ASSIGNMENT((#4761));
#4761 = SURFACE_STYLE_USAGE(.BOTH.,#4762);
#4762 = SURFACE_SIDE_STYLE('',(#4763));
#4763 = SURFACE_STYLE_FILL_AREA(#4764);
#4764 = FILL_AREA_STYLE('',(#4765));
#4765 = FILL_AREA_STYLE_COLOUR('',#4625);
#4766 = STYLED_ITEM('color',(#4767),#562);
#4767 = PRESENTATION_STYLE_ASSIGNMENT((#4768));
#4768 = SURFACE_STYLE_USAGE(.BOTH.,#4769);
#4769 = SURFACE_SIDE_STYLE('',(#4770));
#4770 = SURFACE_STYLE_FILL_AREA(#4771);
#4771 = FILL_AREA_STYLE('',(#4772));
#4772 = FILL_AREA_STYLE_COLOUR('',#4625);
#4773 = STYLED_ITEM('color',(#4774),#586);
#4774 = PRESENTATION_STYLE_ASSIGNMENT((#4775));
#4775 = SURFACE_STYLE_USAGE(.BOTH.,#4776);
#4776 = SURFACE_SIDE_STYLE('',(#4777));
#4777 = SURFACE_STYLE_FILL_AREA(#4778);
#4778 = FILL_AREA_STYLE('',(#4779));
#4779 = FILL_AREA_STYLE_COLOUR('',#4625);
#4780 = STYLED_ITEM('color',(#4781),#603);
#4781 = PRESENTATION_STYLE_ASSIGNMENT((#4782));
#4782 = SURFACE_STYLE_USAGE(.BOTH.,#4783);
#4783 = SURFACE_SIDE_STYLE('',(#4784));
#4784 = SURFACE_STYLE_FILL_AREA(#4785);
#4785 = FILL_AREA_STYLE('',(#4786));
#4786 = FILL_AREA_STYLE_COLOUR('',#4625);
#4787 = STYLED_ITEM('color',(#4788),#617);
#4788 = PRESENTATION_STYLE_ASSIGNMENT((#4789));
#4789 = SURFACE_STYLE_USAGE(.BOTH.,#4790);
#4790 = SURFACE_SIDE_STYLE('',(#4791));
#4791 = SURFACE_STYLE_FILL_AREA(#4792);
#4792 = FILL_AREA_STYLE('',(#4793));
#4793 = FILL_AREA_STYLE_COLOUR('',#4625);
#4794 = STYLED_ITEM('color',(#4795),#657);
#4795 = PRESENTATION_STYLE_ASSIGNMENT((#4796));
#4796 = SURFACE_STYLE_USAGE(.BOTH.,#4797);
#4797 = SURFACE_SIDE_STYLE('',(#4798));
#4798 = SURFACE_STYLE_FILL_AREA(#4799);
#4799 = FILL_AREA_STYLE('',(#4800));
#4800 = FILL_AREA_STYLE_COLOUR('',#4625);
#4801 = STYLED_ITEM('color',(#4802),#1040);
#4802 = PRESENTATION_STYLE_ASSIGNMENT((#4803));
#4803 = SURFACE_STYLE_USAGE(.BOTH.,#4804);
#4804 = SURFACE_SIDE_STYLE('',(#4805));
#4805 = SURFACE_STYLE_FILL_AREA(#4806);
#4806 = FILL_AREA_STYLE('',(#4807));
#4807 = FILL_AREA_STYLE_COLOUR('',#4625);
#4808 = STYLED_ITEM('color',(#4809),#1071);
#4809 = PRESENTATION_STYLE_ASSIGNMENT((#4810));
#4810 = SURFACE_STYLE_USAGE(.BOTH.,#4811);
#4811 = SURFACE_SIDE_STYLE('',(#4812));
#4812 = SURFACE_STYLE_FILL_AREA(#4813);
#4813 = FILL_AREA_STYLE('',(#4814));
#4814 = FILL_AREA_STYLE_COLOUR('',#4625);
#4815 = STYLED_ITEM('color',(#4816),#1102);
#4816 = PRESENTATION_STYLE_ASSIGNMENT((#4817));
#4817 = SURFACE_STYLE_USAGE(.BOTH.,#4818);
#4818 = SURFACE_SIDE_STYLE('',(#4819));
#4819 = SURFACE_STYLE_FILL_AREA(#4820);
#4820 = FILL_AREA_STYLE('',(#4821));
#4821 = FILL_AREA_STYLE_COLOUR('',#4625);
#4822 = STYLED_ITEM('color',(#4823),#1126);
#4823 = PRESENTATION_STYLE_ASSIGNMENT((#4824));
#4824 = SURFACE_STYLE_USAGE(.BOTH.,#4825);
#4825 = SURFACE_SIDE_STYLE('',(#4826));
#4826 = SURFACE_STYLE_FILL_AREA(#4827);
#4827 = FILL_AREA_STYLE('',(#4828));
#4828 = FILL_AREA_STYLE_COLOUR('',#4625);
#4829 = STYLED_ITEM('color',(#4830),#1150);
#4830 = PRESENTATION_STYLE_ASSIGNMENT((#4831));
#4831 = SURFACE_STYLE_USAGE(.BOTH.,#4832);
#4832 = SURFACE_SIDE_STYLE('',(#4833));
#4833 = SURFACE_STYLE_FILL_AREA(#4834);
#4834 = FILL_AREA_STYLE('',(#4835));
#4835 = FILL_AREA_STYLE_COLOUR('',#4625);
#4836 = STYLED_ITEM('color',(#4837),#1174);
#4837 = PRESENTATION_STYLE_ASSIGNMENT((#4838));
#4838 = SURFACE_STYLE_USAGE(.BOTH.,#4839);
#4839 = SURFACE_SIDE_STYLE('',(#4840));
#4840 = SURFACE_STYLE_FILL_AREA(#4841);
#4841 = FILL_AREA_STYLE('',(#4842));
#4842 = FILL_AREA_STYLE_COLOUR('',#4625);
#4843 = STYLED_ITEM('color',(#4844),#1198);
#4844 = PRESENTATION_STYLE_ASSIGNMENT((#4845));
#4845 = SURFACE_STYLE_USAGE(.BOTH.,#4846);
#4846 = SURFACE_SIDE_STYLE('',(#4847));
#4847 = SURFACE_STYLE_FILL_AREA(#4848);
#4848 = FILL_AREA_STYLE('',(#4849));
#4849 = FILL_AREA_STYLE_COLOUR('',#4625);
#4850 = STYLED_ITEM('color',(#4851),#1222);
#4851 = PRESENTATION_STYLE_ASSIGNMENT((#4852));
#4852 = SURFACE_STYLE_USAGE(.BOTH.,#4853);
#4853 = SURFACE_SIDE_STYLE('',(#4854));
#4854 = SURFACE_STYLE_FILL_AREA(#4855);
#4855 = FILL_AREA_STYLE('',(#4856));
#4856 = FILL_AREA_STYLE_COLOUR('',#4625);
#4857 = STYLED_ITEM('color',(#4858),#1246);
#4858 = PRESENTATION_STYLE_ASSIGNMENT((#4859));
#4859 = SURFACE_STYLE_USAGE(.BOTH.,#4860);
#4860 = SURFACE_SIDE_STYLE('',(#4861));
#4861 = SURFACE_STYLE_FILL_AREA(#4862);
#4862 = FILL_AREA_STYLE('',(#4863));
#4863 = FILL_AREA_STYLE_COLOUR('',#4625);
#4864 = STYLED_ITEM('color',(#4865),#1263);
#4865 = PRESENTATION_STYLE_ASSIGNMENT((#4866));
#4866 = SURFACE_STYLE_USAGE(.BOTH.,#4867);
#4867 = SURFACE_SIDE_STYLE('',(#4868));
#4868 = SURFACE_STYLE_FILL_AREA(#4869);
#4869 = FILL_AREA_STYLE('',(#4870));
#4870 = FILL_AREA_STYLE_COLOUR('',#4625);
#4871 = STYLED_ITEM('color',(#4872),#1581);
#4872 = PRESENTATION_STYLE_ASSIGNMENT((#4873));
#4873 = SURFACE_STYLE_USAGE(.BOTH.,#4874);
#4874 = SURFACE_SIDE_STYLE('',(#4875));
#4875 = SURFACE_STYLE_FILL_AREA(#4876);
#4876 = FILL_AREA_STYLE('',(#4877));
#4877 = FILL_AREA_STYLE_COLOUR('',#4625);
#4878 = STYLED_ITEM('color',(#4879),#1598);
#4879 = PRESENTATION_STYLE_ASSIGNMENT((#4880));
#4880 = SURFACE_STYLE_USAGE(.BOTH.,#4881);
#4881 = SURFACE_SIDE_STYLE('',(#4882));
#4882 = SURFACE_STYLE_FILL_AREA(#4883);
#4883 = FILL_AREA_STYLE('',(#4884));
#4884 = FILL_AREA_STYLE_COLOUR('',#4625);
#4885 = STYLED_ITEM('color',(#4886),#1620);
#4886 = PRESENTATION_STYLE_ASSIGNMENT((#4887));
#4887 = SURFACE_STYLE_USAGE(.BOTH.,#4888);
#4888 = SURFACE_SIDE_STYLE('',(#4889));
#4889 = SURFACE_STYLE_FILL_AREA(#4890);
#4890 = FILL_AREA_STYLE('',(#4891));
#4891 = FILL_AREA_STYLE_COLOUR('',#4625);
#4892 = STYLED_ITEM('color',(#4893),#1637);
#4893 = PRESENTATION_STYLE_ASSIGNMENT((#4894));
#4894 = SURFACE_STYLE_USAGE(.BOTH.,#4895);
#4895 = SURFACE_SIDE_STYLE('',(#4896));
#4896 = SURFACE_STYLE_FILL_AREA(#4897);
#4897 = FILL_AREA_STYLE('',(#4898));
#4898 = FILL_AREA_STYLE_COLOUR('',#4625);
#4899 = STYLED_ITEM('color',(#4900),#1649);
#4900 = PRESENTATION_STYLE_ASSIGNMENT((#4901));
#4901 = SURFACE_STYLE_USAGE(.BOTH.,#4902);
#4902 = SURFACE_SIDE_STYLE('',(#4903));
#4903 = SURFACE_STYLE_FILL_AREA(#4904);
#4904 = FILL_AREA_STYLE('',(#4905));
#4905 = FILL_AREA_STYLE_COLOUR('',#4625);
#4906 = STYLED_ITEM('color',(#4907),#1666);
#4907 = PRESENTATION_STYLE_ASSIGNMENT((#4908));
#4908 = SURFACE_STYLE_USAGE(.BOTH.,#4909);
#4909 = SURFACE_SIDE_STYLE('',(#4910));
#4910 = SURFACE_STYLE_FILL_AREA(#4911);
#4911 = FILL_AREA_STYLE('',(#4912));
#4912 = FILL_AREA_STYLE_COLOUR('',#4625);
#4913 = STYLED_ITEM('color',(#4914),#1683);
#4914 = PRESENTATION_STYLE_ASSIGNMENT((#4915));
#4915 = SURFACE_STYLE_USAGE(.BOTH.,#4916);
#4916 = SURFACE_SIDE_STYLE('',(#4917));
#4917 = SURFACE_STYLE_FILL_AREA(#4918);
#4918 = FILL_AREA_STYLE('',(#4919));
#4919 = FILL_AREA_STYLE_COLOUR('',#4625);
#4920 = STYLED_ITEM('color',(#4921),#1700);
#4921 = PRESENTATION_STYLE_ASSIGNMENT((#4922));
#4922 = SURFACE_STYLE_USAGE(.BOTH.,#4923);
#4923 = SURFACE_SIDE_STYLE('',(#4924));
#4924 = SURFACE_STYLE_FILL_AREA(#4925);
#4925 = FILL_AREA_STYLE('',(#4926));
#4926 = FILL_AREA_STYLE_COLOUR('',#4625);
#4927 = STYLED_ITEM('color',(#4928),#1717);
#4928 = PRESENTATION_STYLE_ASSIGNMENT((#4929));
#4929 = SURFACE_STYLE_USAGE(.BOTH.,#4930);
#4930 = SURFACE_SIDE_STYLE('',(#4931));
#4931 = SURFACE_STYLE_FILL_AREA(#4932);
#4932 = FILL_AREA_STYLE('',(#4933));
#4933 = FILL_AREA_STYLE_COLOUR('',#4625);
#4934 = STYLED_ITEM('color',(#4935),#1734);
#4935 = PRESENTATION_STYLE_ASSIGNMENT((#4936));
#4936 = SURFACE_STYLE_USAGE(.BOTH.,#4937);
#4937 = SURFACE_SIDE_STYLE('',(#4938));
#4938 = SURFACE_STYLE_FILL_AREA(#4939);
#4939 = FILL_AREA_STYLE('',(#4940));
#4940 = FILL_AREA_STYLE_COLOUR('',#4625);
#4941 = STYLED_ITEM('color',(#4942),#1751);
#4942 = PRESENTATION_STYLE_ASSIGNMENT((#4943));
#4943 = SURFACE_STYLE_USAGE(.BOTH.,#4944);
#4944 = SURFACE_SIDE_STYLE('',(#4945));
#4945 = SURFACE_STYLE_FILL_AREA(#4946);
#4946 = FILL_AREA_STYLE('',(#4947));
#4947 = FILL_AREA_STYLE_COLOUR('',#4625);
#4948 = STYLED_ITEM('color',(#4949),#1773);
#4949 = PRESENTATION_STYLE_ASSIGNMENT((#4950));
#4950 = SURFACE_STYLE_USAGE(.BOTH.,#4951);
#4951 = SURFACE_SIDE_STYLE('',(#4952));
#4952 = SURFACE_STYLE_FILL_AREA(#4953);
#4953 = FILL_AREA_STYLE('',(#4954));
#4954 = FILL_AREA_STYLE_COLOUR('',#4625);
#4955 = STYLED_ITEM('color',(#4956),#1795);
#4956 = PRESENTATION_STYLE_ASSIGNMENT((#4957));
#4957 = SURFACE_STYLE_USAGE(.BOTH.,#4958);
#4958 = SURFACE_SIDE_STYLE('',(#4959));
#4959 = SURFACE_STYLE_FILL_AREA(#4960);
#4960 = FILL_AREA_STYLE('',(#4961));
#4961 = FILL_AREA_STYLE_COLOUR('',#4625);
#4962 = STYLED_ITEM('color',(#4963),#1812);
#4963 = PRESENTATION_STYLE_ASSIGNMENT((#4964));
#4964 = SURFACE_STYLE_USAGE(.BOTH.,#4965);
#4965 = SURFACE_SIDE_STYLE('',(#4966));
#4966 = SURFACE_STYLE_FILL_AREA(#4967);
#4967 = FILL_AREA_STYLE('',(#4968));
#4968 = FILL_AREA_STYLE_COLOUR('',#4625);
#4969 = STYLED_ITEM('color',(#4970),#1829);
#4970 = PRESENTATION_STYLE_ASSIGNMENT((#4971));
#4971 = SURFACE_STYLE_USAGE(.BOTH.,#4972);
#4972 = SURFACE_SIDE_STYLE('',(#4973));
#4973 = SURFACE_STYLE_FILL_AREA(#4974);
#4974 = FILL_AREA_STYLE('',(#4975));
#4975 = FILL_AREA_STYLE_COLOUR('',#4625);
#4976 = STYLED_ITEM('color',(#4977),#1846);
#4977 = PRESENTATION_STYLE_ASSIGNMENT((#4978));
#4978 = SURFACE_STYLE_USAGE(.BOTH.,#4979);
#4979 = SURFACE_SIDE_STYLE('',(#4980));
#4980 = SURFACE_STYLE_FILL_AREA(#4981);
#4981 = FILL_AREA_STYLE('',(#4982));
#4982 = FILL_AREA_STYLE_COLOUR('',#4625);
#4983 = STYLED_ITEM('color',(#4984),#1863);
#4984 = PRESENTATION_STYLE_ASSIGNMENT((#4985));
#4985 = SURFACE_STYLE_USAGE(.BOTH.,#4986);
#4986 = SURFACE_SIDE_STYLE('',(#4987));
#4987 = SURFACE_STYLE_FILL_AREA(#4988);
#4988 = FILL_AREA_STYLE('',(#4989));
#4989 = FILL_AREA_STYLE_COLOUR('',#4625);
#4990 = STYLED_ITEM('color',(#4991),#1880);
#4991 = PRESENTATION_STYLE_ASSIGNMENT((#4992));
#4992 = SURFACE_STYLE_USAGE(.BOTH.,#4993);
#4993 = SURFACE_SIDE_STYLE('',(#4994));
#4994 = SURFACE_STYLE_FILL_AREA(#4995);
#4995 = FILL_AREA_STYLE('',(#4996));
#4996 = FILL_AREA_STYLE_COLOUR('',#4625);
#4997 = STYLED_ITEM('color',(#4998),#1897);
#4998 = PRESENTATION_STYLE_ASSIGNMENT((#4999));
#4999 = SURFACE_STYLE_USAGE(.BOTH.,#5000);
#5000 = SURFACE_SIDE_STYLE('',(#5001));
#5001 = SURFACE_STYLE_FILL_AREA(#5002);
#5002 = FILL_AREA_STYLE('',(#5003));
#5003 = FILL_AREA_STYLE_COLOUR('',#4625);
#5004 = STYLED_ITEM('color',(#5005),#1914);
#5005 = PRESENTATION_STYLE_ASSIGNMENT((#5006));
#5006 = SURFACE_STYLE_USAGE(.BOTH.,#5007);
#5007 = SURFACE_SIDE_STYLE('',(#5008));
#5008 = SURFACE_STYLE_FILL_AREA(#5009);
#5009 = FILL_AREA_STYLE('',(#5010));
#5010 = FILL_AREA_STYLE_COLOUR('',#4625);
#5011 = STYLED_ITEM('color',(#5012),#1926);
#5012 = PRESENTATION_STYLE_ASSIGNMENT((#5013));
#5013 = SURFACE_STYLE_USAGE(.BOTH.,#5014);
#5014 = SURFACE_SIDE_STYLE('',(#5015));
#5015 = SURFACE_STYLE_FILL_AREA(#5016);
#5016 = FILL_AREA_STYLE('',(#5017));
#5017 = FILL_AREA_STYLE_COLOUR('',#4625);
#5018 = STYLED_ITEM('color',(#5019),#1943);
#5019 = PRESENTATION_STYLE_ASSIGNMENT((#5020));
#5020 = SURFACE_STYLE_USAGE(.BOTH.,#5021);
#5021 = SURFACE_SIDE_STYLE('',(#5022));
#5022 = SURFACE_STYLE_FILL_AREA(#5023);
#5023 = FILL_AREA_STYLE('',(#5024));
#5024 = FILL_AREA_STYLE_COLOUR('',#4625);
#5025 = STYLED_ITEM('color',(#5026),#1960);
#5026 = PRESENTATION_STYLE_ASSIGNMENT((#5027));
#5027 = SURFACE_STYLE_USAGE(.BOTH.,#5028);
#5028 = SURFACE_SIDE_STYLE('',(#5029));
#5029 = SURFACE_STYLE_FILL_AREA(#5030);
#5030 = FILL_AREA_STYLE('',(#5031));
#5031 = FILL_AREA_STYLE_COLOUR('',#4625);
#5032 = STYLED_ITEM('color',(#5033),#1977);
#5033 = PRESENTATION_STYLE_ASSIGNMENT((#5034));
#5034 = SURFACE_STYLE_USAGE(.BOTH.,#5035);
#5035 = SURFACE_SIDE_STYLE('',(#5036));
#5036 = SURFACE_STYLE_FILL_AREA(#5037);
#5037 = FILL_AREA_STYLE('',(#5038));
#5038 = FILL_AREA_STYLE_COLOUR('',#4625);
#5039 = STYLED_ITEM('color',(#5040),#1994);
#5040 = PRESENTATION_STYLE_ASSIGNMENT((#5041));
#5041 = SURFACE_STYLE_USAGE(.BOTH.,#5042);
#5042 = SURFACE_SIDE_STYLE('',(#5043));
#5043 = SURFACE_STYLE_FILL_AREA(#5044);
#5044 = FILL_AREA_STYLE('',(#5045));
#5045 = FILL_AREA_STYLE_COLOUR('',#4625);
#5046 = STYLED_ITEM('color',(#5047),#2011);
#5047 = PRESENTATION_STYLE_ASSIGNMENT((#5048));
#5048 = SURFACE_STYLE_USAGE(.BOTH.,#5049);
#5049 = SURFACE_SIDE_STYLE('',(#5050));
#5050 = SURFACE_STYLE_FILL_AREA(#5051);
#5051 = FILL_AREA_STYLE('',(#5052));
#5052 = FILL_AREA_STYLE_COLOUR('',#4625);
#5053 = STYLED_ITEM('color',(#5054),#2023);
#5054 = PRESENTATION_STYLE_ASSIGNMENT((#5055));
#5055 = SURFACE_STYLE_USAGE(.BOTH.,#5056);
#5056 = SURFACE_SIDE_STYLE('',(#5057));
#5057 = SURFACE_STYLE_FILL_AREA(#5058);
#5058 = FILL_AREA_STYLE('',(#5059));
#5059 = FILL_AREA_STYLE_COLOUR('',#4625);
#5060 = STYLED_ITEM('color',(#5061),#2040);
#5061 = PRESENTATION_STYLE_ASSIGNMENT((#5062));
#5062 = SURFACE_STYLE_USAGE(.BOTH.,#5063);
#5063 = SURFACE_SIDE_STYLE('',(#5064));
#5064 = SURFACE_STYLE_FILL_AREA(#5065);
#5065 = FILL_AREA_STYLE('',(#5066));
#5066 = FILL_AREA_STYLE_COLOUR('',#4625);
#5067 = STYLED_ITEM('color',(#5068),#2057);
#5068 = PRESENTATION_STYLE_ASSIGNMENT((#5069));
#5069 = SURFACE_STYLE_USAGE(.BOTH.,#5070);
#5070 = SURFACE_SIDE_STYLE('',(#5071));
#5071 = SURFACE_STYLE_FILL_AREA(#5072);
#5072 = FILL_AREA_STYLE('',(#5073));
#5073 = FILL_AREA_STYLE_COLOUR('',#4625);
#5074 = STYLED_ITEM('color',(#5075),#2074);
#5075 = PRESENTATION_STYLE_ASSIGNMENT((#5076));
#5076 = SURFACE_STYLE_USAGE(.BOTH.,#5077);
#5077 = SURFACE_SIDE_STYLE('',(#5078));
#5078 = SURFACE_STYLE_FILL_AREA(#5079);
#5079 = FILL_AREA_STYLE('',(#5080));
#5080 = FILL_AREA_STYLE_COLOUR('',#4625);
#5081 = STYLED_ITEM('color',(#5082),#2091);
#5082 = PRESENTATION_STYLE_ASSIGNMENT((#5083));
#5083 = SURFACE_STYLE_USAGE(.BOTH.,#5084);
#5084 = SURFACE_SIDE_STYLE('',(#5085));
#5085 = SURFACE_STYLE_FILL_AREA(#5086);
#5086 = FILL_AREA_STYLE('',(#5087));
#5087 = FILL_AREA_STYLE_COLOUR('',#4625);
#5088 = STYLED_ITEM('color',(#5089),#2108);
#5089 = PRESENTATION_STYLE_ASSIGNMENT((#5090));
#5090 = SURFACE_STYLE_USAGE(.BOTH.,#5091);
#5091 = SURFACE_SIDE_STYLE('',(#5092));
#5092 = SURFACE_STYLE_FILL_AREA(#5093);
#5093 = FILL_AREA_STYLE('',(#5094));
#5094 = FILL_AREA_STYLE_COLOUR('',#4625);
#5095 = STYLED_ITEM('color',(#5096),#2125);
#5096 = PRESENTATION_STYLE_ASSIGNMENT((#5097));
#5097 = SURFACE_STYLE_USAGE(.BOTH.,#5098);
#5098 = SURFACE_SIDE_STYLE('',(#5099));
#5099 = SURFACE_STYLE_FILL_AREA(#5100);
#5100 = FILL_AREA_STYLE('',(#5101));
#5101 = FILL_AREA_STYLE_COLOUR('',#4625);
#5102 = STYLED_ITEM('color',(#5103),#2137);
#5103 = PRESENTATION_STYLE_ASSIGNMENT((#5104));
#5104 = SURFACE_STYLE_USAGE(.BOTH.,#5105);
#5105 = SURFACE_SIDE_STYLE('',(#5106));
#5106 = SURFACE_STYLE_FILL_AREA(#5107);
#5107 = FILL_AREA_STYLE('',(#5108));
#5108 = FILL_AREA_STYLE_COLOUR('',#4625);
#5109 = STYLED_ITEM('color',(#5110),#2154);
#5110 = PRESENTATION_STYLE_ASSIGNMENT((#5111));
#5111 = SURFACE_STYLE_USAGE(.BOTH.,#5112);
#5112 = SURFACE_SIDE_STYLE('',(#5113));
#5113 = SURFACE_STYLE_FILL_AREA(#5114);
#5114 = FILL_AREA_STYLE('',(#5115));
#5115 = FILL_AREA_STYLE_COLOUR('',#4625);
#5116 = STYLED_ITEM('color',(#5117),#2171);
#5117 = PRESENTATION_STYLE_ASSIGNMENT((#5118));
#5118 = SURFACE_STYLE_USAGE(.BOTH.,#5119);
#5119 = SURFACE_SIDE_STYLE('',(#5120));
#5120 = SURFACE_STYLE_FILL_AREA(#5121);
#5121 = FILL_AREA_STYLE('',(#5122));
#5122 = FILL_AREA_STYLE_COLOUR('',#4625);
#5123 = STYLED_ITEM('color',(#5124),#2188);
#5124 = PRESENTATION_STYLE_ASSIGNMENT((#5125));
#5125 = SURFACE_STYLE_USAGE(.BOTH.,#5126);
#5126 = SURFACE_SIDE_STYLE('',(#5127));
#5127 = SURFACE_STYLE_FILL_AREA(#5128);
#5128 = FILL_AREA_STYLE('',(#5129));
#5129 = FILL_AREA_STYLE_COLOUR('',#4625);
#5130 = STYLED_ITEM('color',(#5131),#2205);
#5131 = PRESENTATION_STYLE_ASSIGNMENT((#5132));
#5132 = SURFACE_STYLE_USAGE(.BOTH.,#5133);
#5133 = SURFACE_SIDE_STYLE('',(#5134));
#5134 = SURFACE_STYLE_FILL_AREA(#5135);
#5135 = FILL_AREA_STYLE('',(#5136));
#5136 = FILL_AREA_STYLE_COLOUR('',#4625);
#5137 = STYLED_ITEM('color',(#5138),#2219);
#5138 = PRESENTATION_STYLE_ASSIGNMENT((#5139));
#5139 = SURFACE_STYLE_USAGE(.BOTH.,#5140);
#5140 = SURFACE_SIDE_STYLE('',(#5141));
#5141 = SURFACE_STYLE_FILL_AREA(#5142);
#5142 = FILL_AREA_STYLE('',(#5143));
#5143 = FILL_AREA_STYLE_COLOUR('',#5144);
#5144 = COLOUR_RGB('',0.274509996176,0.274509996176,0.274509996176);
#5145 = STYLED_ITEM('color',(#5146),#2291);
#5146 = PRESENTATION_STYLE_ASSIGNMENT((#5147));
#5147 = SURFACE_STYLE_USAGE(.BOTH.,#5148);
#5148 = SURFACE_SIDE_STYLE('',(#5149));
#5149 = SURFACE_STYLE_FILL_AREA(#5150);
#5150 = FILL_AREA_STYLE('',(#5151));
#5151 = FILL_AREA_STYLE_COLOUR('',#5144);
#5152 = STYLED_ITEM('color',(#5153),#2363);
#5153 = PRESENTATION_STYLE_ASSIGNMENT((#5154));
#5154 = SURFACE_STYLE_USAGE(.BOTH.,#5155);
#5155 = SURFACE_SIDE_STYLE('',(#5156));
#5156 = SURFACE_STYLE_FILL_AREA(#5157);
#5157 = FILL_AREA_STYLE('',(#5158));
#5158 = FILL_AREA_STYLE_COLOUR('',#5144);
#5159 = STYLED_ITEM('color',(#5160),#2595);
#5160 = PRESENTATION_STYLE_ASSIGNMENT((#5161));
#5161 = SURFACE_STYLE_USAGE(.BOTH.,#5162);
#5162 = SURFACE_SIDE_STYLE('',(#5163));
#5163 = SURFACE_STYLE_FILL_AREA(#5164);
#5164 = FILL_AREA_STYLE('',(#5165));
#5165 = FILL_AREA_STYLE_COLOUR('',#5144);
#5166 = STYLED_ITEM('color',(#5167),#2667);
#5167 = PRESENTATION_STYLE_ASSIGNMENT((#5168));
#5168 = SURFACE_STYLE_USAGE(.BOTH.,#5169);
#5169 = SURFACE_SIDE_STYLE('',(#5170));
#5170 = SURFACE_STYLE_FILL_AREA(#5171);
#5171 = FILL_AREA_STYLE('',(#5172));
#5172 = FILL_AREA_STYLE_COLOUR('',#5144);
#5173 = STYLED_ITEM('color',(#5174),#2739);
#5174 = PRESENTATION_STYLE_ASSIGNMENT((#5175));
#5175 = SURFACE_STYLE_USAGE(.BOTH.,#5176);
#5176 = SURFACE_SIDE_STYLE('',(#5177));
#5177 = SURFACE_STYLE_FILL_AREA(#5178);
#5178 = FILL_AREA_STYLE('',(#5179));
#5179 = FILL_AREA_STYLE_COLOUR('',#5144);
#5180 = STYLED_ITEM('color',(#5181),#2811);
#5181 = PRESENTATION_STYLE_ASSIGNMENT((#5182));
#5182 = SURFACE_STYLE_USAGE(.BOTH.,#5183);
#5183 = SURFACE_SIDE_STYLE('',(#5184));
#5184 = SURFACE_STYLE_FILL_AREA(#5185);
#5185 = FILL_AREA_STYLE('',(#5186));
#5186 = FILL_AREA_STYLE_COLOUR('',#5144);
#5187 = STYLED_ITEM('color',(#5188),#2842);
#5188 = PRESENTATION_STYLE_ASSIGNMENT((#5189));
#5189 = SURFACE_STYLE_USAGE(.BOTH.,#5190);
#5190 = SURFACE_SIDE_STYLE('',(#5191));
#5191 = SURFACE_STYLE_FILL_AREA(#5192);
#5192 = FILL_AREA_STYLE('',(#5193));
#5193 = FILL_AREA_STYLE_COLOUR('',#5144);
#5194 = STYLED_ITEM('color',(#5195),#2958);
#5195 = PRESENTATION_STYLE_ASSIGNMENT((#5196));
#5196 = SURFACE_STYLE_USAGE(.BOTH.,#5197);
#5197 = SURFACE_SIDE_STYLE('',(#5198));
#5198 = SURFACE_STYLE_FILL_AREA(#5199);
#5199 = FILL_AREA_STYLE('',(#5200));
#5200 = FILL_AREA_STYLE_COLOUR('',#5144);
#5201 = STYLED_ITEM('color',(#5202),#3005);
#5202 = PRESENTATION_STYLE_ASSIGNMENT((#5203));
#5203 = SURFACE_STYLE_USAGE(.BOTH.,#5204);
#5204 = SURFACE_SIDE_STYLE('',(#5205));
#5205 = SURFACE_STYLE_FILL_AREA(#5206);
#5206 = FILL_AREA_STYLE('',(#5207));
#5207 = FILL_AREA_STYLE_COLOUR('',#5144);
#5208 = STYLED_ITEM('color',(#5209),#3345);
#5209 = PRESENTATION_STYLE_ASSIGNMENT((#5210));
#5210 = SURFACE_STYLE_USAGE(.BOTH.,#5211);
#5211 = SURFACE_SIDE_STYLE('',(#5212));
#5212 = SURFACE_STYLE_FILL_AREA(#5213);
#5213 = FILL_AREA_STYLE('',(#5214));
#5214 = FILL_AREA_STYLE_COLOUR('',#5144);
#5215 = STYLED_ITEM('color',(#5216),#3362);
#5216 = PRESENTATION_STYLE_ASSIGNMENT((#5217));
#5217 = SURFACE_STYLE_USAGE(.BOTH.,#5218);
#5218 = SURFACE_SIDE_STYLE('',(#5219));
#5219 = SURFACE_STYLE_FILL_AREA(#5220);
#5220 = FILL_AREA_STYLE('',(#5221));
#5221 = FILL_AREA_STYLE_COLOUR('',#5144);
#5222 = STYLED_ITEM('color',(#5223),#3379);
#5223 = PRESENTATION_STYLE_ASSIGNMENT((#5224));
#5224 = SURFACE_STYLE_USAGE(.BOTH.,#5225);
#5225 = SURFACE_SIDE_STYLE('',(#5226));
#5226 = SURFACE_STYLE_FILL_AREA(#5227);
#5227 = FILL_AREA_STYLE('',(#5228));
#5228 = FILL_AREA_STYLE_COLOUR('',#5144);
#5229 = STYLED_ITEM('color',(#5230),#3396);
#5230 = PRESENTATION_STYLE_ASSIGNMENT((#5231));
#5231 = SURFACE_STYLE_USAGE(.BOTH.,#5232);
#5232 = SURFACE_SIDE_STYLE('',(#5233));
#5233 = SURFACE_STYLE_FILL_AREA(#5234);
#5234 = FILL_AREA_STYLE('',(#5235));
#5235 = FILL_AREA_STYLE_COLOUR('',#5144);
#5236 = STYLED_ITEM('color',(#5237),#3418);
#5237 = PRESENTATION_STYLE_ASSIGNMENT((#5238));
#5238 = SURFACE_STYLE_USAGE(.BOTH.,#5239);
#5239 = SURFACE_SIDE_STYLE('',(#5240));
#5240 = SURFACE_STYLE_FILL_AREA(#5241);
#5241 = FILL_AREA_STYLE('',(#5242));
#5242 = FILL_AREA_STYLE_COLOUR('',#5144);
#5243 = STYLED_ITEM('color',(#5244),#3435);
#5244 = PRESENTATION_STYLE_ASSIGNMENT((#5245));
#5245 = SURFACE_STYLE_USAGE(.BOTH.,#5246);
#5246 = SURFACE_SIDE_STYLE('',(#5247));
#5247 = SURFACE_STYLE_FILL_AREA(#5248);
#5248 = FILL_AREA_STYLE('',(#5249));
#5249 = FILL_AREA_STYLE_COLOUR('',#5144);
#5250 = STYLED_ITEM('color',(#5251),#3452);
#5251 = PRESENTATION_STYLE_ASSIGNMENT((#5252));
#5252 = SURFACE_STYLE_USAGE(.BOTH.,#5253);
#5253 = SURFACE_SIDE_STYLE('',(#5254));
#5254 = SURFACE_STYLE_FILL_AREA(#5255);
#5255 = FILL_AREA_STYLE('',(#5256));
#5256 = FILL_AREA_STYLE_COLOUR('',#5144);
#5257 = STYLED_ITEM('color',(#5258),#3469);
#5258 = PRESENTATION_STYLE_ASSIGNMENT((#5259));
#5259 = SURFACE_STYLE_USAGE(.BOTH.,#5260);
#5260 = SURFACE_SIDE_STYLE('',(#5261));
#5261 = SURFACE_STYLE_FILL_AREA(#5262);
#5262 = FILL_AREA_STYLE('',(#5263));
#5263 = FILL_AREA_STYLE_COLOUR('',#5144);
#5264 = STYLED_ITEM('color',(#5265),#3481);
#5265 = PRESENTATION_STYLE_ASSIGNMENT((#5266));
#5266 = SURFACE_STYLE_USAGE(.BOTH.,#5267);
#5267 = SURFACE_SIDE_STYLE('',(#5268));
#5268 = SURFACE_STYLE_FILL_AREA(#5269);
#5269 = FILL_AREA_STYLE('',(#5270));
#5270 = FILL_AREA_STYLE_COLOUR('',#5144);
#5271 = STYLED_ITEM('color',(#5272),#3498);
#5272 = PRESENTATION_STYLE_ASSIGNMENT((#5273));
#5273 = SURFACE_STYLE_USAGE(.BOTH.,#5274);
#5274 = SURFACE_SIDE_STYLE('',(#5275));
#5275 = SURFACE_STYLE_FILL_AREA(#5276);
#5276 = FILL_AREA_STYLE('',(#5277));
#5277 = FILL_AREA_STYLE_COLOUR('',#5144);
#5278 = STYLED_ITEM('color',(#5279),#3520);
#5279 = PRESENTATION_STYLE_ASSIGNMENT((#5280));
#5280 = SURFACE_STYLE_USAGE(.BOTH.,#5281);
#5281 = SURFACE_SIDE_STYLE('',(#5282));
#5282 = SURFACE_STYLE_FILL_AREA(#5283);
#5283 = FILL_AREA_STYLE('',(#5284));
#5284 = FILL_AREA_STYLE_COLOUR('',#5144);
#5285 = STYLED_ITEM('color',(#5286),#3537);
#5286 = PRESENTATION_STYLE_ASSIGNMENT((#5287));
#5287 = SURFACE_STYLE_USAGE(.BOTH.,#5288);
#5288 = SURFACE_SIDE_STYLE('',(#5289));
#5289 = SURFACE_STYLE_FILL_AREA(#5290);
#5290 = FILL_AREA_STYLE('',(#5291));
#5291 = FILL_AREA_STYLE_COLOUR('',#5144);
#5292 = STYLED_ITEM('color',(#5293),#3554);
#5293 = PRESENTATION_STYLE_ASSIGNMENT((#5294));
#5294 = SURFACE_STYLE_USAGE(.BOTH.,#5295);
#5295 = SURFACE_SIDE_STYLE('',(#5296));
#5296 = SURFACE_STYLE_FILL_AREA(#5297);
#5297 = FILL_AREA_STYLE('',(#5298));
#5298 = FILL_AREA_STYLE_COLOUR('',#5144);
#5299 = STYLED_ITEM('color',(#5300),#3571);
#5300 = PRESENTATION_STYLE_ASSIGNMENT((#5301));
#5301 = SURFACE_STYLE_USAGE(.BOTH.,#5302);
#5302 = SURFACE_SIDE_STYLE('',(#5303));
#5303 = SURFACE_STYLE_FILL_AREA(#5304);
#5304 = FILL_AREA_STYLE('',(#5305));
#5305 = FILL_AREA_STYLE_COLOUR('',#5144);
#5306 = STYLED_ITEM('color',(#5307),#3588);
#5307 = PRESENTATION_STYLE_ASSIGNMENT((#5308));
#5308 = SURFACE_STYLE_USAGE(.BOTH.,#5309);
#5309 = SURFACE_SIDE_STYLE('',(#5310));
#5310 = SURFACE_STYLE_FILL_AREA(#5311);
#5311 = FILL_AREA_STYLE('',(#5312));
#5312 = FILL_AREA_STYLE_COLOUR('',#5144);
#5313 = STYLED_ITEM('color',(#5314),#3621);
#5314 = PRESENTATION_STYLE_ASSIGNMENT((#5315));
#5315 = SURFACE_STYLE_USAGE(.BOTH.,#5316);
#5316 = SURFACE_SIDE_STYLE('',(#5317));
#5317 = SURFACE_STYLE_FILL_AREA(#5318);
#5318 = FILL_AREA_STYLE('',(#5319));
#5319 = FILL_AREA_STYLE_COLOUR('',#5144);
#5320 = STYLED_ITEM('color',(#5321),#3670);
#5321 = PRESENTATION_STYLE_ASSIGNMENT((#5322));
#5322 = SURFACE_STYLE_USAGE(.BOTH.,#5323);
#5323 = SURFACE_SIDE_STYLE('',(#5324));
#5324 = SURFACE_STYLE_FILL_AREA(#5325);
#5325 = FILL_AREA_STYLE('',(#5326));
#5326 = FILL_AREA_STYLE_COLOUR('',#5144);
#5327 = STYLED_ITEM('color',(#5328),#3701);
#5328 = PRESENTATION_STYLE_ASSIGNMENT((#5329));
#5329 = SURFACE_STYLE_USAGE(.BOTH.,#5330);
#5330 = SURFACE_SIDE_STYLE('',(#5331));
#5331 = SURFACE_STYLE_FILL_AREA(#5332);
#5332 = FILL_AREA_STYLE('',(#5333));
#5333 = FILL_AREA_STYLE_COLOUR('',#5144);
#5334 = STYLED_ITEM('color',(#5335),#3727);
#5335 = PRESENTATION_STYLE_ASSIGNMENT((#5336));
#5336 = SURFACE_STYLE_USAGE(.BOTH.,#5337);
#5337 = SURFACE_SIDE_STYLE('',(#5338));
#5338 = SURFACE_STYLE_FILL_AREA(#5339);
#5339 = FILL_AREA_STYLE('',(#5340));
#5340 = FILL_AREA_STYLE_COLOUR('',#5144);
#5341 = STYLED_ITEM('color',(#5342),#3753);
#5342 = PRESENTATION_STYLE_ASSIGNMENT((#5343));
#5343 = SURFACE_STYLE_USAGE(.BOTH.,#5344);
#5344 = SURFACE_SIDE_STYLE('',(#5345));
#5345 = SURFACE_STYLE_FILL_AREA(#5346);
#5346 = FILL_AREA_STYLE('',(#5347));
#5347 = FILL_AREA_STYLE_COLOUR('',#5144);
#5348 = STYLED_ITEM('color',(#5349),#3770);
#5349 = PRESENTATION_STYLE_ASSIGNMENT((#5350));
#5350 = SURFACE_STYLE_USAGE(.BOTH.,#5351);
#5351 = SURFACE_SIDE_STYLE('',(#5352));
#5352 = SURFACE_STYLE_FILL_AREA(#5353);
#5353 = FILL_AREA_STYLE('',(#5354));
#5354 = FILL_AREA_STYLE_COLOUR('',#5144);
#5355 = STYLED_ITEM('color',(#5356),#3874);
#5356 = PRESENTATION_STYLE_ASSIGNMENT((#5357));
#5357 = SURFACE_STYLE_USAGE(.BOTH.,#5358);
#5358 = SURFACE_SIDE_STYLE('',(#5359));
#5359 = SURFACE_STYLE_FILL_AREA(#5360);
#5360 = FILL_AREA_STYLE('',(#5361));
#5361 = FILL_AREA_STYLE_COLOUR('',#5144);
#5362 = STYLED_ITEM('color',(#5363),#3905);
#5363 = PRESENTATION_STYLE_ASSIGNMENT((#5364));
#5364 = SURFACE_STYLE_USAGE(.BOTH.,#5365);
#5365 = SURFACE_SIDE_STYLE('',(#5366));
#5366 = SURFACE_STYLE_FILL_AREA(#5367);
#5367 = FILL_AREA_STYLE('',(#5368));
#5368 = FILL_AREA_STYLE_COLOUR('',#5144);
#5369 = STYLED_ITEM('color',(#5370),#3922);
#5370 = PRESENTATION_STYLE_ASSIGNMENT((#5371));
#5371 = SURFACE_STYLE_USAGE(.BOTH.,#5372);
#5372 = SURFACE_SIDE_STYLE('',(#5373));
#5373 = SURFACE_STYLE_FILL_AREA(#5374);
#5374 = FILL_AREA_STYLE('',(#5375));
#5375 = FILL_AREA_STYLE_COLOUR('',#5144);
#5376 = STYLED_ITEM('color',(#5377),#3939);
#5377 = PRESENTATION_STYLE_ASSIGNMENT((#5378));
#5378 = SURFACE_STYLE_USAGE(.BOTH.,#5379);
#5379 = SURFACE_SIDE_STYLE('',(#5380));
#5380 = SURFACE_STYLE_FILL_AREA(#5381);
#5381 = FILL_AREA_STYLE('',(#5382));
#5382 = FILL_AREA_STYLE_COLOUR('',#5144);
#5383 = STYLED_ITEM('color',(#5384),#3951);
#5384 = PRESENTATION_STYLE_ASSIGNMENT((#5385));
#5385 = SURFACE_STYLE_USAGE(.BOTH.,#5386);
#5386 = SURFACE_SIDE_STYLE('',(#5387));
#5387 = SURFACE_STYLE_FILL_AREA(#5388);
#5388 = FILL_AREA_STYLE('',(#5389));
#5389 = FILL_AREA_STYLE_COLOUR('',#5144);
#5390 = STYLED_ITEM('color',(#5391),#3975);
#5391 = PRESENTATION_STYLE_ASSIGNMENT((#5392));
#5392 = SURFACE_STYLE_USAGE(.BOTH.,#5393);
#5393 = SURFACE_SIDE_STYLE('',(#5394));
#5394 = SURFACE_STYLE_FILL_AREA(#5395);
#5395 = FILL_AREA_STYLE('',(#5396));
#5396 = FILL_AREA_STYLE_COLOUR('',#5144);
#5397 = STYLED_ITEM('color',(#5398),#3999);
#5398 = PRESENTATION_STYLE_ASSIGNMENT((#5399));
#5399 = SURFACE_STYLE_USAGE(.BOTH.,#5400);
#5400 = SURFACE_SIDE_STYLE('',(#5401));
#5401 = SURFACE_STYLE_FILL_AREA(#5402);
#5402 = FILL_AREA_STYLE('',(#5403));
#5403 = FILL_AREA_STYLE_COLOUR('',#5144);
#5404 = STYLED_ITEM('color',(#5405),#4016);
#5405 = PRESENTATION_STYLE_ASSIGNMENT((#5406));
#5406 = SURFACE_STYLE_USAGE(.BOTH.,#5407);
#5407 = SURFACE_SIDE_STYLE('',(#5408));
#5408 = SURFACE_STYLE_FILL_AREA(#5409);
#5409 = FILL_AREA_STYLE('',(#5410));
#5410 = FILL_AREA_STYLE_COLOUR('',#5144);
#5411 = STYLED_ITEM('color',(#5412),#4028);
#5412 = PRESENTATION_STYLE_ASSIGNMENT((#5413));
#5413 = SURFACE_STYLE_USAGE(.BOTH.,#5414);
#5414 = SURFACE_SIDE_STYLE('',(#5415));
#5415 = SURFACE_STYLE_FILL_AREA(#5416);
#5416 = FILL_AREA_STYLE('',(#5417));
#5417 = FILL_AREA_STYLE_COLOUR('',#5144);
#5418 = STYLED_ITEM('color',(#5419),#4052);
#5419 = PRESENTATION_STYLE_ASSIGNMENT((#5420));
#5420 = SURFACE_STYLE_USAGE(.BOTH.,#5421);
#5421 = SURFACE_SIDE_STYLE('',(#5422));
#5422 = SURFACE_STYLE_FILL_AREA(#5423);
#5423 = FILL_AREA_STYLE('',(#5424));
#5424 = FILL_AREA_STYLE_COLOUR('',#5144);
#5425 = STYLED_ITEM('color',(#5426),#4076);
#5426 = PRESENTATION_STYLE_ASSIGNMENT((#5427));
#5427 = SURFACE_STYLE_USAGE(.BOTH.,#5428);
#5428 = SURFACE_SIDE_STYLE('',(#5429));
#5429 = SURFACE_STYLE_FILL_AREA(#5430);
#5430 = FILL_AREA_STYLE('',(#5431));
#5431 = FILL_AREA_STYLE_COLOUR('',#5144);
#5432 = STYLED_ITEM('color',(#5433),#4093);
#5433 = PRESENTATION_STYLE_ASSIGNMENT((#5434));
#5434 = SURFACE_STYLE_USAGE(.BOTH.,#5435);
#5435 = SURFACE_SIDE_STYLE('',(#5436));
#5436 = SURFACE_STYLE_FILL_AREA(#5437);
#5437 = FILL_AREA_STYLE('',(#5438));
#5438 = FILL_AREA_STYLE_COLOUR('',#5144);
#5439 = STYLED_ITEM('color',(#5440),#4105);
#5440 = PRESENTATION_STYLE_ASSIGNMENT((#5441));
#5441 = SURFACE_STYLE_USAGE(.BOTH.,#5442);
#5442 = SURFACE_SIDE_STYLE('',(#5443));
#5443 = SURFACE_STYLE_FILL_AREA(#5444);
#5444 = FILL_AREA_STYLE('',(#5445));
#5445 = FILL_AREA_STYLE_COLOUR('',#5144);
#5446 = STYLED_ITEM('color',(#5447),#4129);
#5447 = PRESENTATION_STYLE_ASSIGNMENT((#5448));
#5448 = SURFACE_STYLE_USAGE(.BOTH.,#5449);
#5449 = SURFACE_SIDE_STYLE('',(#5450));
#5450 = SURFACE_STYLE_FILL_AREA(#5451);
#5451 = FILL_AREA_STYLE('',(#5452));
#5452 = FILL_AREA_STYLE_COLOUR('',#5144);
#5453 = STYLED_ITEM('color',(#5454),#4153);
#5454 = PRESENTATION_STYLE_ASSIGNMENT((#5455));
#5455 = SURFACE_STYLE_USAGE(.BOTH.,#5456);
#5456 = SURFACE_SIDE_STYLE('',(#5457));
#5457 = SURFACE_STYLE_FILL_AREA(#5458);
#5458 = FILL_AREA_STYLE('',(#5459));
#5459 = FILL_AREA_STYLE_COLOUR('',#5144);
#5460 = STYLED_ITEM('color',(#5461),#4170);
#5461 = PRESENTATION_STYLE_ASSIGNMENT((#5462));
#5462 = SURFACE_STYLE_USAGE(.BOTH.,#5463);
#5463 = SURFACE_SIDE_STYLE('',(#5464));
#5464 = SURFACE_STYLE_FILL_AREA(#5465);
#5465 = FILL_AREA_STYLE('',(#5466));
#5466 = FILL_AREA_STYLE_COLOUR('',#5144);
#5467 = STYLED_ITEM('color',(#5468),#4182);
#5468 = PRESENTATION_STYLE_ASSIGNMENT((#5469));
#5469 = SURFACE_STYLE_USAGE(.BOTH.,#5470);
#5470 = SURFACE_SIDE_STYLE('',(#5471));
#5471 = SURFACE_STYLE_FILL_AREA(#5472);
#5472 = FILL_AREA_STYLE('',(#5473));
#5473 = FILL_AREA_STYLE_COLOUR('',#5144);
#5474 = STYLED_ITEM('color',(#5475),#4199);
#5475 = PRESENTATION_STYLE_ASSIGNMENT((#5476));
#5476 = SURFACE_STYLE_USAGE(.BOTH.,#5477);
#5477 = SURFACE_SIDE_STYLE('',(#5478));
#5478 = SURFACE_STYLE_FILL_AREA(#5479);
#5479 = FILL_AREA_STYLE('',(#5480));
#5480 = FILL_AREA_STYLE_COLOUR('',#5144);
#5481 = STYLED_ITEM('color',(#5482),#4216);
#5482 = PRESENTATION_STYLE_ASSIGNMENT((#5483));
#5483 = SURFACE_STYLE_USAGE(.BOTH.,#5484);
#5484 = SURFACE_SIDE_STYLE('',(#5485));
#5485 = SURFACE_STYLE_FILL_AREA(#5486);
#5486 = FILL_AREA_STYLE('',(#5487));
#5487 = FILL_AREA_STYLE_COLOUR('',#5144);
#5488 = STYLED_ITEM('color',(#5489),#4228);
#5489 = PRESENTATION_STYLE_ASSIGNMENT((#5490));
#5490 = SURFACE_STYLE_USAGE(.BOTH.,#5491);
#5491 = SURFACE_SIDE_STYLE('',(#5492));
#5492 = SURFACE_STYLE_FILL_AREA(#5493);
#5493 = FILL_AREA_STYLE('',(#5494));
#5494 = FILL_AREA_STYLE_COLOUR('',#5144);
#5495 = STYLED_ITEM('color',(#5496),#4245);
#5496 = PRESENTATION_STYLE_ASSIGNMENT((#5497));
#5497 = SURFACE_STYLE_USAGE(.BOTH.,#5498);
#5498 = SURFACE_SIDE_STYLE('',(#5499));
#5499 = SURFACE_STYLE_FILL_AREA(#5500);
#5500 = FILL_AREA_STYLE('',(#5501));
#5501 = FILL_AREA_STYLE_COLOUR('',#5144);
#5502 = STYLED_ITEM('color',(#5503),#4257);
#5503 = PRESENTATION_STYLE_ASSIGNMENT((#5504));
#5504 = SURFACE_STYLE_USAGE(.BOTH.,#5505);
#5505 = SURFACE_SIDE_STYLE('',(#5506));
#5506 = SURFACE_STYLE_FILL_AREA(#5507);
#5507 = FILL_AREA_STYLE('',(#5508));
#5508 = FILL_AREA_STYLE_COLOUR('',#5144);
#5509 = STYLED_ITEM('color',(#5510),#4269);
#5510 = PRESENTATION_STYLE_ASSIGNMENT((#5511));
#5511 = SURFACE_STYLE_USAGE(.BOTH.,#5512);
#5512 = SURFACE_SIDE_STYLE('',(#5513));
#5513 = SURFACE_STYLE_FILL_AREA(#5514);
#5514 = FILL_AREA_STYLE('',(#5515));
#5515 = FILL_AREA_STYLE_COLOUR('',#5144);
#5516 = STYLED_ITEM('color',(#5517),#4286);
#5517 = PRESENTATION_STYLE_ASSIGNMENT((#5518));
#5518 = SURFACE_STYLE_USAGE(.BOTH.,#5519);
#5519 = SURFACE_SIDE_STYLE('',(#5520));
#5520 = SURFACE_STYLE_FILL_AREA(#5521);
#5521 = FILL_AREA_STYLE('',(#5522));
#5522 = FILL_AREA_STYLE_COLOUR('',#5144);
#5523 = STYLED_ITEM('color',(#5524),#4303);
#5524 = PRESENTATION_STYLE_ASSIGNMENT((#5525));
#5525 = SURFACE_STYLE_USAGE(.BOTH.,#5526);
#5526 = SURFACE_SIDE_STYLE('',(#5527));
#5527 = SURFACE_STYLE_FILL_AREA(#5528);
#5528 = FILL_AREA_STYLE('',(#5529));
#5529 = FILL_AREA_STYLE_COLOUR('',#5144);
#5530 = STYLED_ITEM('color',(#5531),#4320);
#5531 = PRESENTATION_STYLE_ASSIGNMENT((#5532));
#5532 = SURFACE_STYLE_USAGE(.BOTH.,#5533);
#5533 = SURFACE_SIDE_STYLE('',(#5534));
#5534 = SURFACE_STYLE_FILL_AREA(#5535);
#5535 = FILL_AREA_STYLE('',(#5536));
#5536 = FILL_AREA_STYLE_COLOUR('',#5144);
#5537 = STYLED_ITEM('color',(#5538),#4337);
#5538 = PRESENTATION_STYLE_ASSIGNMENT((#5539));
#5539 = SURFACE_STYLE_USAGE(.BOTH.,#5540);
#5540 = SURFACE_SIDE_STYLE('',(#5541));
#5541 = SURFACE_STYLE_FILL_AREA(#5542);
#5542 = FILL_AREA_STYLE('',(#5543));
#5543 = FILL_AREA_STYLE_COLOUR('',#5144);
#5544 = STYLED_ITEM('color',(#5545),#4359);
#5545 = PRESENTATION_STYLE_ASSIGNMENT((#5546));
#5546 = SURFACE_STYLE_USAGE(.BOTH.,#5547);
#5547 = SURFACE_SIDE_STYLE('',(#5548));
#5548 = SURFACE_STYLE_FILL_AREA(#5549);
#5549 = FILL_AREA_STYLE('',(#5550));
#5550 = FILL_AREA_STYLE_COLOUR('',#5144);
#5551 = STYLED_ITEM('color',(#5552),#4381);
#5552 = PRESENTATION_STYLE_ASSIGNMENT((#5553));
#5553 = SURFACE_STYLE_USAGE(.BOTH.,#5554);
#5554 = SURFACE_SIDE_STYLE('',(#5555));
#5555 = SURFACE_STYLE_FILL_AREA(#5556);
#5556 = FILL_AREA_STYLE('',(#5557));
#5557 = FILL_AREA_STYLE_COLOUR('',#5144);
#5558 = STYLED_ITEM('color',(#5559),#4398);
#5559 = PRESENTATION_STYLE_ASSIGNMENT((#5560));
#5560 = SURFACE_STYLE_USAGE(.BOTH.,#5561);
#5561 = SURFACE_SIDE_STYLE('',(#5562));
#5562 = SURFACE_STYLE_FILL_AREA(#5563);
#5563 = FILL_AREA_STYLE('',(#5564));
#5564 = FILL_AREA_STYLE_COLOUR('',#5144);
#5565 = STYLED_ITEM('color',(#5566),#4415);
#5566 = PRESENTATION_STYLE_ASSIGNMENT((#5567));
#5567 = SURFACE_STYLE_USAGE(.BOTH.,#5568);
#5568 = SURFACE_SIDE_STYLE('',(#5569));
#5569 = SURFACE_STYLE_FILL_AREA(#5570);
#5570 = FILL_AREA_STYLE('',(#5571));
#5571 = FILL_AREA_STYLE_COLOUR('',#5144);
#5572 = STYLED_ITEM('color',(#5573),#4427);
#5573 = PRESENTATION_STYLE_ASSIGNMENT((#5574));
#5574 = SURFACE_STYLE_USAGE(.BOTH.,#5575);
#5575 = SURFACE_SIDE_STYLE('',(#5576));
#5576 = SURFACE_STYLE_FILL_AREA(#5577);
#5577 = FILL_AREA_STYLE('',(#5578));
#5578 = FILL_AREA_STYLE_COLOUR('',#5144);
#5579 = STYLED_ITEM('color',(#5580),#4444);
#5580 = PRESENTATION_STYLE_ASSIGNMENT((#5581));
#5581 = SURFACE_STYLE_USAGE(.BOTH.,#5582);
#5582 = SURFACE_SIDE_STYLE('',(#5583));
#5583 = SURFACE_STYLE_FILL_AREA(#5584);
#5584 = FILL_AREA_STYLE('',(#5585));
#5585 = FILL_AREA_STYLE_COLOUR('',#5144);
#5586 = STYLED_ITEM('color',(#5587),#4461);
#5587 = PRESENTATION_STYLE_ASSIGNMENT((#5588));
#5588 = SURFACE_STYLE_USAGE(.BOTH.,#5589);
#5589 = SURFACE_SIDE_STYLE('',(#5590));
#5590 = SURFACE_STYLE_FILL_AREA(#5591);
#5591 = FILL_AREA_STYLE('',(#5592));
#5592 = FILL_AREA_STYLE_COLOUR('',#5144);
#5593 = STYLED_ITEM('color',(#5594),#4473);
#5594 = PRESENTATION_STYLE_ASSIGNMENT((#5595));
#5595 = SURFACE_STYLE_USAGE(.BOTH.,#5596);
#5596 = SURFACE_SIDE_STYLE('',(#5597));
#5597 = SURFACE_STYLE_FILL_AREA(#5598);
#5598 = FILL_AREA_STYLE('',(#5599));
#5599 = FILL_AREA_STYLE_COLOUR('',#5144);
#5600 = STYLED_ITEM('color',(#5601),#4490);
#5601 = PRESENTATION_STYLE_ASSIGNMENT((#5602));
#5602 = SURFACE_STYLE_USAGE(.BOTH.,#5603);
#5603 = SURFACE_SIDE_STYLE('',(#5604));
#5604 = SURFACE_STYLE_FILL_AREA(#5605);
#5605 = FILL_AREA_STYLE('',(#5606));
#5606 = FILL_AREA_STYLE_COLOUR('',#5144);
#5607 = STYLED_ITEM('color',(#5608),#4507);
#5608 = PRESENTATION_STYLE_ASSIGNMENT((#5609));
#5609 = SURFACE_STYLE_USAGE(.BOTH.,#5610);
#5610 = SURFACE_SIDE_STYLE('',(#5611));
#5611 = SURFACE_STYLE_FILL_AREA(#5612);
#5612 = FILL_AREA_STYLE('',(#5613));
#5613 = FILL_AREA_STYLE_COLOUR('',#5144);
#5614 = STYLED_ITEM('color',(#5615),#4519);
#5615 = PRESENTATION_STYLE_ASSIGNMENT((#5616));
#5616 = SURFACE_STYLE_USAGE(.BOTH.,#5617);
#5617 = SURFACE_SIDE_STYLE('',(#5618));
#5618 = SURFACE_STYLE_FILL_AREA(#5619);
#5619 = FILL_AREA_STYLE('',(#5620));
#5620 = FILL_AREA_STYLE_COLOUR('',#5144);
#5621 = STYLED_ITEM('color',(#5622),#4536);
#5622 = PRESENTATION_STYLE_ASSIGNMENT((#5623));
#5623 = SURFACE_STYLE_USAGE(.BOTH.,#5624);
#5624 = SURFACE_SIDE_STYLE('',(#5625));
#5625 = SURFACE_STYLE_FILL_AREA(#5626);
#5626 = FILL_AREA_STYLE('',(#5627));
#5627 = FILL_AREA_STYLE_COLOUR('',#5144);
#5628 = STYLED_ITEM('color',(#5629),#4553);
#5629 = PRESENTATION_STYLE_ASSIGNMENT((#5630));
#5630 = SURFACE_STYLE_USAGE(.BOTH.,#5631);
#5631 = SURFACE_SIDE_STYLE('',(#5632));
#5632 = SURFACE_STYLE_FILL_AREA(#5633);
#5633 = FILL_AREA_STYLE('',(#5634));
#5634 = FILL_AREA_STYLE_COLOUR('',#5144);
#5635 = STYLED_ITEM('color',(#5636),#4565);
#5636 = PRESENTATION_STYLE_ASSIGNMENT((#5637));
#5637 = SURFACE_STYLE_USAGE(.BOTH.,#5638);
#5638 = SURFACE_SIDE_STYLE('',(#5639));
#5639 = SURFACE_STYLE_FILL_AREA(#5640);
#5640 = FILL_AREA_STYLE('',(#5641));
#5641 = FILL_AREA_STYLE_COLOUR('',#5144);
#5642 = STYLED_ITEM('color',(#5643),#4582);
#5643 = PRESENTATION_STYLE_ASSIGNMENT((#5644));
#5644 = SURFACE_STYLE_USAGE(.BOTH.,#5645);
#5645 = SURFACE_SIDE_STYLE('',(#5646));
#5646 = SURFACE_STYLE_FILL_AREA(#5647);
#5647 = FILL_AREA_STYLE('',(#5648));
#5648 = FILL_AREA_STYLE_COLOUR('',#5144);
#5649 = STYLED_ITEM('color',(#5650),#4599);
#5650 = PRESENTATION_STYLE_ASSIGNMENT((#5651));
#5651 = SURFACE_STYLE_USAGE(.BOTH.,#5652);
#5652 = SURFACE_SIDE_STYLE('',(#5653));
#5653 = SURFACE_STYLE_FILL_AREA(#5654);
#5654 = FILL_AREA_STYLE('',(#5655));
#5655 = FILL_AREA_STYLE_COLOUR('',#5144);
ENDSEC;
END-ISO-10303-21;
