#VRML V2.0 utf8
#kicad StepUp wrl exported

Shape { geometry IndexedFaceSet 
{ creaseAngle 0.50 coordIndex [0,1,2,-1,2,1,3,-1,3,1,4,-1,4,1,5,-1,5,1,6,-1,6,1,7,-1,8,9,10,-1,11,1,12,-1,12,1,13,-1,7,1,11,-1,9,14,10,-1,15,1,16,-1,16,1,17,-1,17,1,18,-1,18,1,0,-1,19,20,21,-1,22,20,23,-1,23,20,19,-1,21,24,19,-1,19,24,25,-1,22,26,20,-1,24,27,25,-1,25,27,28,-1,22,29,26,-1,27,30,28,-1,28,30,31,-1,22,32,29,-1,33,34,35,-1,35,34,36,-1,34,37,36,-1,36,37,38,-1,37,39,38,-1,38,39,40,-1,14,41,10,-1,42,41,43,-1,43,41,44,-1,44,41,45,-1,45,41,46,-1,46,41,47,-1,47,41,48,-1,48,41,49,-1,49,41,14,-1,39,50,40,-1,31,51,52,-1,40,50,53,-1,30,51,31,-1,42,54,41,-1,50,54,53,-1,15,55,1,-1,53,54,42,-1,56,55,57,-1,57,55,58,-1,54,59,41,-1,58,55,60,-1,60,55,15,-1,59,61,41,-1,62,63,64,-1,64,63,65,-1,64,66,67,-1,65,66,64,-1,61,68,41,-1,69,70,62,-1,62,70,63,-1,67,71,72,-1,66,71,67,-1,32,73,69,-1,22,73,32,-1,69,73,70,-1,72,74,75,-1,71,74,72,-1,76,77,78,-1,78,77,79,-1,79,80,81,-1,77,80,79,-1,81,82,83,-1,80,82,81,-1,83,84,85,-1,82,84,83,-1,85,86,87,-1,84,86,85,-1,87,88,89,-1,86,88,87,-1,75,90,91,-1,74,90,75,-1,68,92,41,-1,89,92,68,-1,88,92,89,-1,93,94,95,-1,95,94,96,-1,95,97,98,-1,96,97,95,-1,93,99,94,-1,100,99,93,-1,98,101,102,-1,97,101,98,-1,100,103,99,-1,104,103,100,-1,101,105,102,-1,102,105,106,-1,107,108,109,-1,109,108,110,-1,110,111,112,-1,108,111,110,-1,112,113,114,-1,111,113,112,-1,113,115,114,-1,114,115,116,-1,115,117,116,-1,116,117,118,-1,117,119,118,-1,118,119,120,-1,106,121,122,-1,105,121,106,-1,120,13,123,-1,119,13,120,-1,124,125,126,-1,127,125,124,-1,126,128,124,-1,124,128,129,-1,127,130,125,-1,131,130,127,-1,129,132,133,-1,128,132,129,-1,134,135,131,-1,131,135,130,-1,132,136,133,-1,133,136,137,-1,138,139,140,-1,140,139,141,-1,141,142,143,-1,134,144,135,-1,139,142,141,-1,145,144,146,-1,147,144,145,-1,135,144,147,-1,143,148,149,-1,142,148,143,-1,148,150,149,-1,149,150,151,-1,151,152,153,-1,136,154,137,-1,137,154,155,-1,150,152,151,-1,153,7,11,-1,144,156,146,-1,146,156,157,-1,152,7,153,-1,157,156,158,-1,157,159,160,-1,158,159,157,-1,144,161,156,-1,160,162,163,-1,159,162,160,-1,144,164,161,-1,163,165,166,-1,162,165,163,-1,144,167,164,-1,144,168,167,-1,144,169,168,-1,22,170,171,-1,171,172,22,-1,144,173,169,-1,144,174,173,-1,22,175,170,-1,172,176,22,-1,166,177,178,-1,22,179,175,-1,165,177,166,-1,180,181,182,-1,182,181,183,-1,184,181,185,-1,22,186,179,-1,185,181,56,-1,56,181,180,-1,56,180,174,-1,56,174,55,-1,55,174,144,-1,22,144,73,-1,73,144,104,-1,104,144,103,-1,103,144,134,-1,1,41,13,-1,13,41,123,-1,123,41,92,-1,187,188,189,-1,190,188,187,-1,22,191,186,-1,189,192,193,-1,188,192,189,-1,22,23,191,-1,193,194,195,-1,192,194,193,-1,41,196,10,-1,176,196,22,-1,197,196,176,-1,22,196,41,-1,195,0,2,-1,194,0,195,-1,197,198,196,-1,184,199,200,-1,184,185,199,-1]
coord Coordinate { point [-0.449649 0.455289 0.0098425,-0.295275 0.3937 0.0098425,-0.449649 0.332111 0.0098425,-0.441781 0.323231 0.0098425,-0.436268 0.312726 0.0098425,-0.433429 0.301207 0.0098425,-0.433429 0.289343 0.0098425,-0.436268 0.277824 0.0098425,-0.59055 -0.541338 0.0098425,-0.482283 -0.541338 0.0098425,-0.59055 -0.59055 0.0098425,-0.436268 0.115876 0.0098425,-0.433429 0.104357 0.0098425,-0.433429 0.0924931 0.0098425,-0.470505 -0.539907 0.0098425,-0.433429 0.498057 0.0098425,-0.433429 0.486193 0.0098425,-0.436268 0.474674 0.0098425,-0.441781 0.464169 0.0098425,0.449649 -0.455289 0.0098425,0.441781 -0.323231 0.0098425,0.449649 -0.332111 0.0098425,0.295275 -0.492125 0.0098425,0.441781 -0.464169 0.0098425,0.459412 -0.338851 0.0098425,0.459412 -0.448549 0.0098425,0.436268 -0.312726 0.0098425,0.470505 -0.343057 0.0098425,0.470505 -0.444343 0.0098425,0.433429 -0.301207 0.0098425,0.482283 -0.344488 0.0098425,0.482283 -0.442912 0.0098425,0.433429 -0.289343 0.0098425,-0.59055 -0.344488 0.0098425,-0.482283 -0.344488 0.0098425,-0.59055 -0.442912 0.0098425,-0.482283 -0.442912 0.0098425,-0.470505 -0.343057 0.0098425,-0.470505 -0.444343 0.0098425,-0.459412 -0.338851 0.0098425,-0.459412 -0.448549 0.0098425,-0.295275 -0.492125 0.0098425,-0.441781 -0.464169 0.0098425,-0.436268 -0.474674 0.0098425,-0.433429 -0.486193 0.0098425,-0.433429 -0.498057 0.0098425,-0.436268 -0.509576 0.0098425,-0.441781 -0.520081 0.0098425,-0.449649 -0.528961 0.0098425,-0.459412 -0.535701 0.0098425,-0.449649 -0.332111 0.0098425,0.59055 -0.344488 0.0098425,0.59055 -0.442912 0.0098425,-0.449649 -0.455289 0.0098425,-0.441781 -0.323231 0.0098425,-0.19685 0.492125 0.0098425,-0.459412 0.535701 0.0098425,-0.449649 0.528961 0.0098425,-0.441781 0.520081 0.0098425,-0.436268 -0.312726 0.0098425,-0.436268 0.509576 0.0098425,-0.433429 -0.301207 0.0098425,0.441781 -0.267319 0.0098425,0.441781 -0.126381 0.0098425,0.449649 -0.258439 0.0098425,0.449649 -0.135261 0.0098425,0.459412 -0.142001 0.0098425,0.459412 -0.251699 0.0098425,-0.433429 -0.289343 0.0098425,0.436268 -0.277824 0.0098425,0.436268 -0.115876 0.0098425,0.470505 -0.146207 0.0098425,0.470505 -0.247493 0.0098425,0.433429 -0.104357 0.0098425,0.482283 -0.147638 0.0098425,0.482283 -0.246062 0.0098425,-0.59055 -0.147638 0.0098425,-0.482283 -0.147638 0.0098425,-0.59055 -0.246062 0.0098425,-0.482283 -0.246062 0.0098425,-0.470505 -0.146207 0.0098425,-0.470505 -0.247493 0.0098425,-0.459412 -0.142001 0.0098425,-0.459412 -0.251699 0.0098425,-0.449649 -0.135261 0.0098425,-0.449649 -0.258439 0.0098425,-0.441781 -0.126381 0.0098425,-0.441781 -0.267319 0.0098425,-0.436268 -0.115876 0.0098425,-0.436268 -0.277824 0.0098425,0.59055 -0.147638 0.0098425,0.59055 -0.246062 0.0098425,-0.433429 -0.104357 0.0098425,0.441781 -0.0704691 0.0098425,0.441781 0.0704691 0.0098425,0.449649 -0.0615889 0.0098425,0.449649 0.0615889 0.0098425,0.459412 0.0548495 0.0098425,0.459412 -0.0548495 0.0098425,0.436268 0.080974 0.0098425,0.436268 -0.080974 0.0098425,0.470505 0.0506425 0.0098425,0.470505 -0.0506425 0.0098425,0.433429 0.0924931 0.0098425,0.433429 -0.0924931 0.0098425,0.482283 0.0492125 0.0098425,0.482283 -0.0492125 0.0098425,-0.59055 0.0492125 0.0098425,-0.482283 0.0492125 0.0098425,-0.59055 -0.0492125 0.0098425,-0.482283 -0.0492125 0.0098425,-0.470505 0.0506425 0.0098425,-0.470505 -0.0506425 0.0098425,-0.459412 0.0548495 0.0098425,-0.459412 -0.0548495 0.0098425,-0.449649 0.0615889 0.0098425,-0.449649 -0.0615889 0.0098425,-0.441781 0.0704691 0.0098425,-0.441781 -0.0704691 0.0098425,-0.436268 0.080974 0.0098425,-0.436268 -0.080974 0.0098425,0.59055 0.0492125 0.0098425,0.59055 -0.0492125 0.0098425,-0.433429 -0.0924931 0.0098425,0.449649 0.135261 0.0098425,0.441781 0.267319 0.0098425,0.449649 0.258439 0.0098425,0.441781 0.126381 0.0098425,0.459412 0.251699 0.0098425,0.459412 0.142001 0.0098425,0.436268 0.277824 0.0098425,0.436268 0.115876 0.0098425,0.470505 0.247493 0.0098425,0.470505 0.146207 0.0098425,0.433429 0.104357 0.0098425,0.433429 0.289343 0.0098425,0.482283 0.246062 0.0098425,0.482283 0.147638 0.0098425,-0.59055 0.246062 0.0098425,-0.482283 0.246062 0.0098425,-0.59055 0.147638 0.0098425,-0.482283 0.147638 0.0098425,-0.470505 0.247493 0.0098425,-0.470505 0.146207 0.0098425,0.295275 0.492125 0.0098425,0.436268 0.312726 0.0098425,0.441781 0.323231 0.0098425,0.433429 0.301207 0.0098425,-0.459412 0.251699 0.0098425,-0.459412 0.142001 0.0098425,-0.449649 0.258439 0.0098425,-0.449649 0.135261 0.0098425,-0.441781 0.267319 0.0098425,-0.441781 0.126381 0.0098425,0.59055 0.246062 0.0098425,0.59055 0.147638 0.0098425,0.441781 0.464169 0.0098425,0.449649 0.332111 0.0098425,0.449649 0.455289 0.0098425,0.459412 0.448549 0.0098425,0.459412 0.338851 0.0098425,0.436268 0.474674 0.0098425,0.470505 0.444343 0.0098425,0.470505 0.343057 0.0098425,0.433429 0.486193 0.0098425,0.482283 0.442912 0.0098425,0.482283 0.344488 0.0098425,0.433429 0.498057 0.0098425,0.436268 0.509576 0.0098425,0.441781 0.520081 0.0098425,0.441781 -0.520081 0.0098425,0.449649 -0.528961 0.0098425,0.459412 -0.535701 0.0098425,0.449649 0.528961 0.0098425,0.459412 0.535701 0.0098425,0.436268 -0.509576 0.0098425,0.470505 -0.539907 0.0098425,0.59055 0.442912 0.0098425,0.59055 0.344488 0.0098425,0.433429 -0.498057 0.0098425,0.470505 0.539907 0.0098425,0.59055 0.59055 0.0098425,0.482283 0.541338 0.0098425,0.59055 0.541338 0.0098425,-0.59055 0.59055 0.0098425,-0.470505 0.539907 0.0098425,0.433429 -0.486193 0.0098425,-0.59055 0.344488 0.0098425,-0.482283 0.442912 0.0098425,-0.482283 0.344488 0.0098425,-0.59055 0.442912 0.0098425,0.436268 -0.474674 0.0098425,-0.470505 0.444343 0.0098425,-0.470505 0.343057 0.0098425,-0.459412 0.448549 0.0098425,-0.459412 0.338851 0.0098425,0.59055 -0.59055 0.0098425,0.482283 -0.541338 0.0098425,0.59055 -0.541338 0.0098425,-0.482283 0.541338 0.0098425,-0.59055 0.541338 0.0098425]
}}
appearance Appearance{material Material{diffuseColor 0.27451 0.27451 0.27451
transparency 0}}}
Shape { geometry IndexedFaceSet 
{ creaseAngle 0.50 coordIndex [0,1,2,-1,2,1,3,-1]
coord Coordinate { point [-0.19685 0.492125 0.0098425,0.295275 0.492125 0.0098425,-0.19685 0.492125 0.03937,0.295275 0.492125 0.03937]
}}
appearance Appearance{material Material{diffuseColor 0.27451 0.27451 0.27451
transparency 0}}}
Shape { geometry IndexedFaceSet 
{ creaseAngle 0.50 coordIndex [0,1,2,-1,3,1,0,-1]
coord Coordinate { point [-0.19685 0.492125 0.0098425,-0.295275 0.3937 0.03937,-0.295275 0.3937 0.0098425,-0.19685 0.492125 0.03937]
}}
appearance Appearance{material Material{diffuseColor 0.27451 0.27451 0.27451
transparency 0}}}
Shape { geometry IndexedFaceSet 
{ creaseAngle 0.50 coordIndex [0,1,2,-1,2,1,3,-1]
coord Coordinate { point [-0.295275 -0.492125 0.0098425,-0.295275 0.3937 0.0098425,-0.295275 -0.492125 0.03937,-0.295275 0.3937 0.03937]
}}
appearance Appearance{material Material{diffuseColor 0.27451 0.27451 0.27451
transparency 0}}}
Shape { geometry IndexedFaceSet 
{ creaseAngle 0.50 coordIndex [0,1,2,-1,2,1,3,-1]
coord Coordinate { point [0.295275 -0.492125 0.0098425,-0.295275 -0.492125 0.0098425,0.295275 -0.492125 0.03937,-0.295275 -0.492125 0.03937]
}}
appearance Appearance{material Material{diffuseColor 0.27451 0.27451 0.27451
transparency 0}}}
Shape { geometry IndexedFaceSet 
{ creaseAngle 0.50 coordIndex [0,1,2,-1,2,1,3,-1]
coord Coordinate { point [0.295275 0.492125 0.0098425,0.295275 -0.492125 0.0098425,0.295275 0.492125 0.03937,0.295275 -0.492125 0.03937]
}}
appearance Appearance{material Material{diffuseColor 0.27451 0.27451 0.27451
transparency 0}}}
Shape { geometry IndexedFaceSet 
{ creaseAngle 0.50 coordIndex [0,1,2,-1,3,2,4,-1,3,4,5,-1,3,0,2,-1,6,7,8,-1,6,9,7,-1,10,6,11,-1,10,9,6,-1,12,1,0,-1,13,14,12,-1,15,13,12,-1,16,13,15,-1,17,18,13,-1,17,13,16,-1,19,16,15,-1,20,19,21,-1,22,23,19,-1,22,19,20,-1,24,21,10,-1,24,10,11,-1,24,20,21,-1,14,1,12,-1,10,0,3,-1,10,3,9,-1,15,21,19,-1]
coord Coordinate { point [-0.295275 -0.492125 0.03937,-0.334645 -0.531495 0.03937,-0.27559 -0.531495 0.03937,-0.19685 -0.531495 0.03937,-0.27559 -0.59055 0.03937,-0.19685 -0.59055 0.03937,0.27559 -0.531495 0.03937,0.19685 -0.59055 0.03937,0.27559 -0.59055 0.03937,0.19685 -0.531495 0.03937,0.295275 -0.492125 0.03937,0.334645 -0.531495 0.03937,-0.295275 0.3937 0.03937,-0.27559 0.531495 0.03937,-0.334645 0.531495 0.03937,-0.19685 0.492125 0.03937,-0.19685 0.531495 0.03937,-0.19685 0.59055 0.03937,-0.27559 0.59055 0.03937,0.19685 0.531495 0.03937,0.27559 0.531495 0.03937,0.295275 0.492125 0.03937,0.27559 0.59055 0.03937,0.19685 0.59055 0.03937,0.334645 0.531495 0.03937]
}}
appearance Appearance{material Material{diffuseColor 0.27451 0.27451 0.27451
transparency 0}}}
Shape { geometry IndexedFaceSet 
{ creaseAngle 0.50 coordIndex [0,1,2,-1,0,2,3,-1]
coord Coordinate { point [-0.27559 -0.531495 0.07874,-0.27559 -0.59055 0.07874,-0.27559 -0.59055 0.03937,-0.27559 -0.531495 0.03937]
}}
appearance Appearance{material Material{diffuseColor 0.27451 0.27451 0.27451
transparency 0}}}
Shape { geometry IndexedFaceSet 
{ creaseAngle 0.50 coordIndex [0,1,2,-1,0,2,3,-1,4,3,2,-1,5,1,0,-1,6,5,4,-1,6,4,7,-1,8,9,7,-1,8,10,9,-1,8,7,4,-1,8,4,2,-1,11,6,10,-1,11,10,8,-1,11,1,5,-1,11,5,6,-1]
coord Coordinate { point [-0.27559 -0.59055 0.07874,-0.59055 -0.59055 0.305118,-0.59055 -0.59055 0.0098425,-0.27559 -0.59055 0.03937,-0.19685 -0.59055 0.03937,-0.19685 -0.59055 0.07874,0.19685 -0.59055 0.07874,0.19685 -0.59055 0.03937,0.59055 -0.59055 0.0098425,0.27559 -0.59055 0.03937,0.27559 -0.59055 0.07874,0.59055 -0.59055 0.305118]
}}
appearance Appearance{material Material{diffuseColor 0.27451 0.27451 0.27451
transparency 0}}}
Shape { geometry IndexedFaceSet 
{ creaseAngle 0.50 coordIndex [0,1,2,-1,3,4,5,-1,3,6,4,-1,7,0,6,-1,7,1,0,-1,7,6,3,-1,8,7,3,-1,9,10,11,-1,9,8,10,-1,9,7,8,-1,12,7,9,-1,13,14,15,-1,13,12,14,-1,16,17,18,-1,16,19,17,-1,20,21,22,-1,20,23,21,-1,24,25,26,-1,27,16,23,-1,27,13,19,-1,27,20,25,-1,27,19,16,-1,27,23,20,-1,27,25,24,-1,27,7,12,-1,27,12,13,-1]
coord Coordinate { point [-0.59055 0.541338 0.03937,-0.59055 0.59055 0.0098425,-0.59055 0.541338 0.0098425,-0.59055 0.344488 0.03937,-0.59055 0.442912 0.0098425,-0.59055 0.344488 0.0098425,-0.59055 0.442912 0.03937,-0.59055 0.59055 0.305117,-0.59055 0.246062 0.03937,-0.59055 0.147638 0.03937,-0.59055 0.246062 0.0098425,-0.59055 0.147638 0.0098425,-0.59055 0.0492125 0.03937,-0.59055 -0.0492125 0.03937,-0.59055 0.0492125 0.0098425,-0.59055 -0.0492125 0.0098425,-0.59055 -0.246062 0.03937,-0.59055 -0.147638 0.0098425,-0.59055 -0.246062 0.0098425,-0.59055 -0.147638 0.03937,-0.59055 -0.442912 0.03937,-0.59055 -0.344488 0.0098425,-0.59055 -0.442912 0.0098425,-0.59055 -0.344488 0.03937,-0.59055 -0.59055 0.0098425,-0.59055 -0.541338 0.03937,-0.59055 -0.541338 0.0098425,-0.59055 -0.59055 0.305118]
}}
appearance Appearance{material Material{diffuseColor 0.27451 0.27451 0.27451
transparency 0}}}
Shape { geometry IndexedFaceSet 
{ creaseAngle 0.50 coordIndex [0,1,2,-1,0,3,1,-1]
coord Coordinate { point [-0.482283 -0.442912 0.03937,-0.59055 -0.442912 0.0098425,-0.482283 -0.442912 0.0098425,-0.59055 -0.442912 0.03937]
}}
appearance Appearance{material Material{diffuseColor 0.27451 0.27451 0.27451
transparency 0}}}
Shape { geometry IndexedFaceSet 
{ creaseAngle 0.50 coordIndex [0,1,2,-1,3,4,5,-1,6,7,8,-1,6,8,0,-1,9,10,11,-1,9,11,12,-1,9,12,13,-1,9,13,6,-1,9,2,4,-1,9,0,2,-1,9,4,3,-1,9,6,0,-1,14,3,15,-1,14,9,3,-1]
coord Coordinate { point [-0.436268 -0.509576 0.03937,-0.441781 -0.520081 0.03937,-0.449649 -0.528961 0.03937,-0.482283 -0.541338 0.03937,-0.459412 -0.535701 0.03937,-0.470505 -0.539907 0.03937,-0.436268 -0.474674 0.03937,-0.433429 -0.486193 0.03937,-0.433429 -0.498057 0.03937,-0.482283 -0.442912 0.03937,-0.470505 -0.444343 0.03937,-0.459412 -0.448549 0.03937,-0.449649 -0.455289 0.03937,-0.441781 -0.464169 0.03937,-0.59055 -0.442912 0.03937,-0.59055 -0.541338 0.03937]
}}
appearance Appearance{material Material{diffuseColor 0.27451 0.27451 0.27451
transparency 0}}}
Shape { geometry IndexedFaceSet 
{ creaseAngle 0.50 coordIndex [0,1,2,-1,0,3,1,-1]
coord Coordinate { point [-0.59055 -0.541338 0.03937,-0.482283 -0.541338 0.0098425,-0.59055 -0.541338 0.0098425,-0.482283 -0.541338 0.03937]
}}
appearance Appearance{material Material{diffuseColor 0.27451 0.27451 0.27451
transparency 0}}}
Shape { geometry IndexedFaceSet 
{ creaseAngle 0.50 coordIndex [0,1,2,-1,2,1,3,-1,3,4,5,-1,1,4,3,-1,5,6,7,-1,4,6,5,-1,7,8,9,-1,6,8,7,-1,9,10,11,-1,8,10,9,-1,11,12,13,-1,10,12,11,-1,13,14,15,-1,12,14,13,-1,15,16,17,-1,14,16,15,-1,17,18,19,-1,16,18,17,-1,19,20,21,-1,18,20,19,-1,21,22,23,-1,20,22,21,-1,23,24,25,-1,22,24,23,-1,25,26,27,-1,24,26,25,-1]
coord Coordinate { point [-0.482283 -0.442912 0.0098425,-0.470505 -0.444343 0.0098425,-0.482283 -0.442912 0.03937,-0.470505 -0.444343 0.03937,-0.459412 -0.448549 0.0098425,-0.459412 -0.448549 0.03937,-0.449649 -0.455289 0.0098425,-0.449649 -0.455289 0.03937,-0.441781 -0.464169 0.0098425,-0.441781 -0.464169 0.03937,-0.436268 -0.474674 0.0098425,-0.436268 -0.474674 0.03937,-0.433429 -0.486193 0.0098425,-0.433429 -0.486193 0.03937,-0.433429 -0.498057 0.0098425,-0.433429 -0.498057 0.03937,-0.436268 -0.509576 0.0098425,-0.436268 -0.509576 0.03937,-0.441781 -0.520081 0.0098425,-0.441781 -0.520081 0.03937,-0.449649 -0.528961 0.0098425,-0.449649 -0.528961 0.03937,-0.459412 -0.535701 0.0098425,-0.459412 -0.535701 0.03937,-0.470505 -0.539907 0.0098425,-0.470505 -0.539907 0.03937,-0.482283 -0.541338 0.0098425,-0.482283 -0.541338 0.03937]
}}
appearance Appearance{material Material{diffuseColor 0.27451 0.27451 0.27451
transparency 0}}}
Shape { geometry IndexedFaceSet 
{ creaseAngle 0.50 coordIndex [0,1,2,-1,0,3,1,-1]
coord Coordinate { point [-0.59055 -0.344488 0.03937,-0.482283 -0.344488 0.0098425,-0.59055 -0.344488 0.0098425,-0.482283 -0.344488 0.03937]
}}
appearance Appearance{material Material{diffuseColor 0.27451 0.27451 0.27451
transparency 0}}}
Shape { geometry IndexedFaceSet 
{ creaseAngle 0.50 coordIndex [0,1,2,-1,2,1,3,-1,3,4,5,-1,1,4,3,-1,5,6,7,-1,4,6,5,-1,7,8,9,-1,6,8,7,-1,9,10,11,-1,8,10,9,-1,11,12,13,-1,10,12,11,-1,13,14,15,-1,12,14,13,-1,15,16,17,-1,14,16,15,-1,17,18,19,-1,16,18,17,-1,19,20,21,-1,18,20,19,-1,21,22,23,-1,20,22,21,-1,23,24,25,-1,22,24,23,-1,25,26,27,-1,24,26,25,-1]
coord Coordinate { point [-0.482283 -0.246062 0.0098425,-0.470505 -0.247493 0.0098425,-0.482283 -0.246062 0.03937,-0.470505 -0.247493 0.03937,-0.459412 -0.251699 0.0098425,-0.459412 -0.251699 0.03937,-0.449649 -0.258439 0.0098425,-0.449649 -0.258439 0.03937,-0.441781 -0.267319 0.0098425,-0.441781 -0.267319 0.03937,-0.436268 -0.277824 0.0098425,-0.436268 -0.277824 0.03937,-0.433429 -0.289343 0.0098425,-0.433429 -0.289343 0.03937,-0.433429 -0.301207 0.0098425,-0.433429 -0.301207 0.03937,-0.436268 -0.312726 0.0098425,-0.436268 -0.312726 0.03937,-0.441781 -0.323231 0.0098425,-0.441781 -0.323231 0.03937,-0.449649 -0.332111 0.0098425,-0.449649 -0.332111 0.03937,-0.459412 -0.338851 0.0098425,-0.459412 -0.338851 0.03937,-0.470505 -0.343057 0.0098425,-0.470505 -0.343057 0.03937,-0.482283 -0.344488 0.0098425,-0.482283 -0.344488 0.03937]
}}
appearance Appearance{material Material{diffuseColor 0.27451 0.27451 0.27451
transparency 0}}}
Shape { geometry IndexedFaceSet 
{ creaseAngle 0.50 coordIndex [0,1,2,-1,0,3,1,-1]
coord Coordinate { point [-0.482283 -0.246062 0.03937,-0.59055 -0.246062 0.0098425,-0.482283 -0.246062 0.0098425,-0.59055 -0.246062 0.03937]
}}
appearance Appearance{material Material{diffuseColor 0.27451 0.27451 0.27451
transparency 0}}}
Shape { geometry IndexedFaceSet 
{ creaseAngle 0.50 coordIndex [0,1,2,-1,0,2,3,-1,4,5,6,-1,7,8,9,-1,7,9,10,-1,7,10,11,-1,7,11,4,-1,7,6,12,-1,7,12,13,-1,7,13,1,-1,7,4,6,-1,7,1,0,-1,14,0,15,-1,14,7,0,-1]
coord Coordinate { point [-0.482283 -0.344488 0.03937,-0.449649 -0.332111 0.03937,-0.459412 -0.338851 0.03937,-0.470505 -0.343057 0.03937,-0.436268 -0.277824 0.03937,-0.433429 -0.289343 0.03937,-0.433429 -0.301207 0.03937,-0.482283 -0.246062 0.03937,-0.470505 -0.247493 0.03937,-0.459412 -0.251699 0.03937,-0.449649 -0.258439 0.03937,-0.441781 -0.267319 0.03937,-0.436268 -0.312726 0.03937,-0.441781 -0.323231 0.03937,-0.59055 -0.246062 0.03937,-0.59055 -0.344488 0.03937]
}}
appearance Appearance{material Material{diffuseColor 0.27451 0.27451 0.27451
transparency 0}}}
Shape { geometry IndexedFaceSet 
{ creaseAngle 0.50 coordIndex [0,1,2,-1,0,3,1,-1]
coord Coordinate { point [-0.59055 -0.147638 0.03937,-0.482283 -0.147638 0.0098425,-0.59055 -0.147638 0.0098425,-0.482283 -0.147638 0.03937]
}}
appearance Appearance{material Material{diffuseColor 0.27451 0.27451 0.27451
transparency 0}}}
Shape { geometry IndexedFaceSet 
{ creaseAngle 0.50 coordIndex [0,1,2,-1,2,1,3,-1,3,4,5,-1,1,4,3,-1,5,6,7,-1,4,6,5,-1,7,8,9,-1,6,8,7,-1,9,10,11,-1,8,10,9,-1,11,12,13,-1,10,12,11,-1,13,14,15,-1,12,14,13,-1,15,16,17,-1,14,16,15,-1,17,18,19,-1,16,18,17,-1,19,20,21,-1,18,20,19,-1,21,22,23,-1,20,22,21,-1,23,24,25,-1,22,24,23,-1,25,26,27,-1,24,26,25,-1]
coord Coordinate { point [-0.482283 -0.0492125 0.0098425,-0.470505 -0.0506425 0.0098425,-0.482283 -0.0492125 0.03937,-0.470505 -0.0506425 0.03937,-0.459412 -0.0548495 0.0098425,-0.459412 -0.0548495 0.03937,-0.449649 -0.0615889 0.0098425,-0.449649 -0.0615889 0.03937,-0.441781 -0.0704691 0.0098425,-0.441781 -0.0704691 0.03937,-0.436268 -0.080974 0.0098425,-0.436268 -0.080974 0.03937,-0.433429 -0.0924931 0.0098425,-0.433429 -0.0924931 0.03937,-0.433429 -0.104357 0.0098425,-0.433429 -0.104357 0.03937,-0.436268 -0.115876 0.0098425,-0.436268 -0.115876 0.03937,-0.441781 -0.126381 0.0098425,-0.441781 -0.126381 0.03937,-0.449649 -0.135261 0.0098425,-0.449649 -0.135261 0.03937,-0.459412 -0.142001 0.0098425,-0.459412 -0.142001 0.03937,-0.470505 -0.146207 0.0098425,-0.470505 -0.146207 0.03937,-0.482283 -0.147638 0.0098425,-0.482283 -0.147638 0.03937]
}}
appearance Appearance{material Material{diffuseColor 0.27451 0.27451 0.27451
transparency 0}}}
Shape { geometry IndexedFaceSet 
{ creaseAngle 0.50 coordIndex [0,1,2,-1,0,3,1,-1]
coord Coordinate { point [-0.482283 -0.0492125 0.03937,-0.59055 -0.0492125 0.0098425,-0.482283 -0.0492125 0.0098425,-0.59055 -0.0492125 0.03937]
}}
appearance Appearance{material Material{diffuseColor 0.27451 0.27451 0.27451
transparency 0}}}
Shape { geometry IndexedFaceSet 
{ creaseAngle 0.50 coordIndex [0,1,2,-1,0,2,3,-1,0,3,4,-1,0,4,5,-1,6,7,8,-1,6,8,9,-1,6,9,10,-1,6,10,11,-1,6,11,12,-1,6,12,13,-1,6,13,1,-1,6,1,0,-1,14,0,15,-1,14,6,0,-1]
coord Coordinate { point [-0.482283 -0.147638 0.03937,-0.436268 -0.115876 0.03937,-0.441781 -0.126381 0.03937,-0.449649 -0.135261 0.03937,-0.459412 -0.142001 0.03937,-0.470505 -0.146207 0.03937,-0.482283 -0.0492125 0.03937,-0.470505 -0.0506425 0.03937,-0.459412 -0.0548495 0.03937,-0.449649 -0.0615889 0.03937,-0.441781 -0.0704691 0.03937,-0.436268 -0.080974 0.03937,-0.433429 -0.0924931 0.03937,-0.433429 -0.104357 0.03937,-0.59055 -0.0492125 0.03937,-0.59055 -0.147638 0.03937]
}}
appearance Appearance{material Material{diffuseColor 0.27451 0.27451 0.27451
transparency 0}}}
Shape { geometry IndexedFaceSet 
{ creaseAngle 0.50 coordIndex [0,1,2,-1,0,3,1,-1]
coord Coordinate { point [-0.59055 0.0492125 0.03937,-0.482283 0.0492125 0.0098425,-0.59055 0.0492125 0.0098425,-0.482283 0.0492125 0.03937]
}}
appearance Appearance{material Material{diffuseColor 0.27451 0.27451 0.27451
transparency 0}}}
Shape { geometry IndexedFaceSet 
{ creaseAngle 0.50 coordIndex [0,1,2,-1,2,1,3,-1,3,4,5,-1,1,4,3,-1,5,6,7,-1,4,6,5,-1,7,8,9,-1,6,8,7,-1,9,10,11,-1,8,10,9,-1,11,12,13,-1,10,12,11,-1,13,14,15,-1,12,14,13,-1,15,16,17,-1,14,16,15,-1,17,18,19,-1,16,18,17,-1,19,20,21,-1,18,20,19,-1,21,22,23,-1,20,22,21,-1,23,24,25,-1,22,24,23,-1,25,26,27,-1,24,26,25,-1]
coord Coordinate { point [-0.482283 0.147638 0.0098425,-0.470505 0.146207 0.0098425,-0.482283 0.147638 0.03937,-0.470505 0.146207 0.03937,-0.459412 0.142001 0.0098425,-0.459412 0.142001 0.03937,-0.449649 0.135261 0.0098425,-0.449649 0.135261 0.03937,-0.441781 0.126381 0.0098425,-0.441781 0.126381 0.03937,-0.436268 0.115876 0.0098425,-0.436268 0.115876 0.03937,-0.433429 0.104357 0.0098425,-0.433429 0.104357 0.03937,-0.433429 0.0924931 0.0098425,-0.433429 0.0924931 0.03937,-0.436268 0.080974 0.0098425,-0.436268 0.080974 0.03937,-0.441781 0.0704691 0.0098425,-0.441781 0.0704691 0.03937,-0.449649 0.0615889 0.0098425,-0.449649 0.0615889 0.03937,-0.459412 0.0548495 0.0098425,-0.459412 0.0548495 0.03937,-0.470505 0.0506425 0.0098425,-0.470505 0.0506425 0.03937,-0.482283 0.0492125 0.0098425,-0.482283 0.0492125 0.03937]
}}
appearance Appearance{material Material{diffuseColor 0.27451 0.27451 0.27451
transparency 0}}}
Shape { geometry IndexedFaceSet 
{ creaseAngle 0.50 coordIndex [0,1,2,-1,0,3,1,-1]
coord Coordinate { point [-0.482283 0.147638 0.03937,-0.59055 0.147638 0.0098425,-0.482283 0.147638 0.0098425,-0.59055 0.147638 0.03937]
}}
appearance Appearance{material Material{diffuseColor 0.27451 0.27451 0.27451
transparency 0}}}
Shape { geometry IndexedFaceSet 
{ creaseAngle 0.50 coordIndex [0,1,2,-1,0,2,3,-1,0,3,4,-1,0,4,5,-1,6,7,8,-1,6,8,9,-1,6,9,10,-1,6,10,11,-1,6,11,12,-1,6,12,13,-1,6,13,1,-1,6,1,0,-1,14,0,15,-1,14,6,0,-1]
coord Coordinate { point [-0.482283 0.0492125 0.03937,-0.436268 0.080974 0.03937,-0.441781 0.0704691 0.03937,-0.449649 0.0615889 0.03937,-0.459412 0.0548495 0.03937,-0.470505 0.0506425 0.03937,-0.482283 0.147638 0.03937,-0.470505 0.146207 0.03937,-0.459412 0.142001 0.03937,-0.449649 0.135261 0.03937,-0.441781 0.126381 0.03937,-0.436268 0.115876 0.03937,-0.433429 0.104357 0.03937,-0.433429 0.0924931 0.03937,-0.59055 0.147638 0.03937,-0.59055 0.0492125 0.03937]
}}
appearance Appearance{material Material{diffuseColor 0.27451 0.27451 0.27451
transparency 0}}}
Shape { geometry IndexedFaceSet 
{ creaseAngle 0.50 coordIndex [0,1,2,-1,0,3,1,-1]
coord Coordinate { point [-0.59055 0.246062 0.03937,-0.482283 0.246062 0.0098425,-0.59055 0.246062 0.0098425,-0.482283 0.246062 0.03937]
}}
appearance Appearance{material Material{diffuseColor 0.27451 0.27451 0.27451
transparency 0}}}
Shape { geometry IndexedFaceSet 
{ creaseAngle 0.50 coordIndex [0,1,2,-1,2,1,3,-1,3,4,5,-1,1,4,3,-1,5,6,7,-1,4,6,5,-1,7,8,9,-1,6,8,7,-1,9,10,11,-1,8,10,9,-1,11,12,13,-1,10,12,11,-1,13,14,15,-1,12,14,13,-1,15,16,17,-1,14,16,15,-1,17,18,19,-1,16,18,17,-1,19,20,21,-1,18,20,19,-1,21,22,23,-1,20,22,21,-1,23,24,25,-1,22,24,23,-1,25,26,27,-1,24,26,25,-1]
coord Coordinate { point [-0.482283 0.344488 0.0098425,-0.470505 0.343057 0.0098425,-0.482283 0.344488 0.03937,-0.470505 0.343057 0.03937,-0.459412 0.338851 0.0098425,-0.459412 0.338851 0.03937,-0.449649 0.332111 0.0098425,-0.449649 0.332111 0.03937,-0.441781 0.323231 0.0098425,-0.441781 0.323231 0.03937,-0.436268 0.312726 0.0098425,-0.436268 0.312726 0.03937,-0.433429 0.301207 0.0098425,-0.433429 0.301207 0.03937,-0.433429 0.289343 0.0098425,-0.433429 0.289343 0.03937,-0.436268 0.277824 0.0098425,-0.436268 0.277824 0.03937,-0.441781 0.267319 0.0098425,-0.441781 0.267319 0.03937,-0.449649 0.258439 0.0098425,-0.449649 0.258439 0.03937,-0.459412 0.251699 0.0098425,-0.459412 0.251699 0.03937,-0.470505 0.247493 0.0098425,-0.470505 0.247493 0.03937,-0.482283 0.246062 0.0098425,-0.482283 0.246062 0.03937]
}}
appearance Appearance{material Material{diffuseColor 0.27451 0.27451 0.27451
transparency 0}}}
Shape { geometry IndexedFaceSet 
{ creaseAngle 0.50 coordIndex [0,1,2,-1,0,3,1,-1]
coord Coordinate { point [-0.482283 0.344488 0.03937,-0.59055 0.344488 0.0098425,-0.482283 0.344488 0.0098425,-0.59055 0.344488 0.03937]
}}
appearance Appearance{material Material{diffuseColor 0.27451 0.27451 0.27451
transparency 0}}}
Shape { geometry IndexedFaceSet 
{ creaseAngle 0.50 coordIndex [0,1,2,-1,0,2,3,-1,4,5,6,-1,7,8,9,-1,7,9,10,-1,7,10,11,-1,7,11,4,-1,7,6,12,-1,7,12,13,-1,7,13,1,-1,7,4,6,-1,7,1,0,-1,14,0,15,-1,14,7,0,-1]
coord Coordinate { point [-0.482283 0.246062 0.03937,-0.449649 0.258439 0.03937,-0.459412 0.251699 0.03937,-0.470505 0.247493 0.03937,-0.436268 0.312726 0.03937,-0.433429 0.301207 0.03937,-0.433429 0.289343 0.03937,-0.482283 0.344488 0.03937,-0.470505 0.343057 0.03937,-0.459412 0.338851 0.03937,-0.449649 0.332111 0.03937,-0.441781 0.323231 0.03937,-0.436268 0.277824 0.03937,-0.441781 0.267319 0.03937,-0.59055 0.344488 0.03937,-0.59055 0.246062 0.03937]
}}
appearance Appearance{material Material{diffuseColor 0.27451 0.27451 0.27451
transparency 0}}}
Shape { geometry IndexedFaceSet 
{ creaseAngle 0.50 coordIndex [0,1,2,-1,0,3,1,-1]
coord Coordinate { point [-0.59055 0.442912 0.03937,-0.482283 0.442912 0.0098425,-0.59055 0.442912 0.0098425,-0.482283 0.442912 0.03937]
}}
appearance Appearance{material Material{diffuseColor 0.27451 0.27451 0.27451
transparency 0}}}
Shape { geometry IndexedFaceSet 
{ creaseAngle 0.50 coordIndex [0,1,2,-1,2,1,3,-1,3,4,5,-1,1,4,3,-1,5,6,7,-1,4,6,5,-1,7,8,9,-1,6,8,7,-1,9,10,11,-1,8,10,9,-1,11,12,13,-1,10,12,11,-1,13,14,15,-1,12,14,13,-1,15,16,17,-1,14,16,15,-1,17,18,19,-1,16,18,17,-1,19,20,21,-1,18,20,19,-1,21,22,23,-1,20,22,21,-1,23,24,25,-1,22,24,23,-1,25,26,27,-1,24,26,25,-1]
coord Coordinate { point [-0.482283 0.541338 0.0098425,-0.470505 0.539907 0.0098425,-0.482283 0.541338 0.03937,-0.470505 0.539907 0.03937,-0.459412 0.535701 0.0098425,-0.459412 0.535701 0.03937,-0.449649 0.528961 0.0098425,-0.449649 0.528961 0.03937,-0.441781 0.520081 0.0098425,-0.441781 0.520081 0.03937,-0.436268 0.509576 0.0098425,-0.436268 0.509576 0.03937,-0.433429 0.498057 0.0098425,-0.433429 0.498057 0.03937,-0.433429 0.486193 0.0098425,-0.433429 0.486193 0.03937,-0.436268 0.474674 0.0098425,-0.436268 0.474674 0.03937,-0.441781 0.464169 0.0098425,-0.441781 0.464169 0.03937,-0.449649 0.455289 0.0098425,-0.449649 0.455289 0.03937,-0.459412 0.448549 0.0098425,-0.459412 0.448549 0.03937,-0.470505 0.444343 0.0098425,-0.470505 0.444343 0.03937,-0.482283 0.442912 0.0098425,-0.482283 0.442912 0.03937]
}}
appearance Appearance{material Material{diffuseColor 0.27451 0.27451 0.27451
transparency 0}}}
Shape { geometry IndexedFaceSet 
{ creaseAngle 0.50 coordIndex [0,1,2,-1,0,3,1,-1]
coord Coordinate { point [-0.482283 0.541338 0.03937,-0.59055 0.541338 0.0098425,-0.482283 0.541338 0.0098425,-0.59055 0.541338 0.03937]
}}
appearance Appearance{material Material{diffuseColor 0.27451 0.27451 0.27451
transparency 0}}}
Shape { geometry IndexedFaceSet 
{ creaseAngle 0.50 coordIndex [0,1,2,-1,3,4,5,-1,6,7,8,-1,6,8,0,-1,9,10,11,-1,9,11,12,-1,9,12,13,-1,9,13,6,-1,9,2,4,-1,9,0,2,-1,9,4,3,-1,9,6,0,-1,14,3,15,-1,14,9,3,-1]
coord Coordinate { point [-0.436268 0.474674 0.03937,-0.441781 0.464169 0.03937,-0.449649 0.455289 0.03937,-0.482283 0.442912 0.03937,-0.459412 0.448549 0.03937,-0.470505 0.444343 0.03937,-0.436268 0.509576 0.03937,-0.433429 0.498057 0.03937,-0.433429 0.486193 0.03937,-0.482283 0.541338 0.03937,-0.470505 0.539907 0.03937,-0.459412 0.535701 0.03937,-0.449649 0.528961 0.03937,-0.441781 0.520081 0.03937,-0.59055 0.541338 0.03937,-0.59055 0.442912 0.03937]
}}
appearance Appearance{material Material{diffuseColor 0.27451 0.27451 0.27451
transparency 0}}}
Shape { geometry IndexedFaceSet 
{ creaseAngle 0.50 coordIndex [0,1,2,-1,0,2,3,-1,4,3,2,-1,5,1,0,-1,6,5,4,-1,6,4,7,-1,8,9,7,-1,8,10,9,-1,8,7,4,-1,8,4,2,-1,11,6,10,-1,11,10,8,-1,11,1,5,-1,11,5,6,-1]
coord Coordinate { point [0.27559 0.59055 0.07874,0.59055 0.59055 0.305117,0.59055 0.59055 0.0098425,0.27559 0.59055 0.03937,0.19685 0.59055 0.03937,0.19685 0.59055 0.07874,-0.19685 0.59055 0.07874,-0.19685 0.59055 0.03937,-0.59055 0.59055 0.0098425,-0.27559 0.59055 0.03937,-0.27559 0.59055 0.07874,-0.59055 0.59055 0.305117]
}}
appearance Appearance{material Material{diffuseColor 0.27451 0.27451 0.27451
transparency 0}}}
Shape { geometry IndexedFaceSet 
{ creaseAngle 0.50 coordIndex [0,1,2,-1,3,4,5,-1,3,5,6,-1,7,0,4,-1,7,1,0,-1,7,4,3,-1,8,7,3,-1,9,10,11,-1,9,8,10,-1,9,7,8,-1,12,7,9,-1,13,14,15,-1,13,12,14,-1,16,17,18,-1,16,19,17,-1,20,21,22,-1,20,23,21,-1,24,25,26,-1,27,20,25,-1,27,16,23,-1,27,13,19,-1,27,19,16,-1,27,23,20,-1,27,25,24,-1,27,7,12,-1,27,12,13,-1]
coord Coordinate { point [0.59055 -0.541338 0.03937,0.59055 -0.59055 0.0098425,0.59055 -0.541338 0.0098425,0.59055 -0.344488 0.03937,0.59055 -0.442912 0.03937,0.59055 -0.442912 0.0098425,0.59055 -0.344488 0.0098425,0.59055 -0.59055 0.305118,0.59055 -0.246062 0.03937,0.59055 -0.147638 0.03937,0.59055 -0.246062 0.0098425,0.59055 -0.147638 0.0098425,0.59055 -0.0492125 0.03937,0.59055 0.0492125 0.03937,0.59055 -0.0492125 0.0098425,0.59055 0.0492125 0.0098425,0.59055 0.246062 0.03937,0.59055 0.147638 0.0098425,0.59055 0.246062 0.0098425,0.59055 0.147638 0.03937,0.59055 0.442912 0.03937,0.59055 0.344488 0.0098425,0.59055 0.442912 0.0098425,0.59055 0.344488 0.03937,0.59055 0.59055 0.0098425,0.59055 0.541338 0.03937,0.59055 0.541338 0.0098425,0.59055 0.59055 0.305117]
}}
appearance Appearance{material Material{diffuseColor 0.27451 0.27451 0.27451
transparency 0}}}
Shape { geometry IndexedFaceSet 
{ creaseAngle 0.50 coordIndex [0,1,2,-1,3,1,0,-1]
coord Coordinate { point [0.59055 -0.442912 0.0098425,0.482283 -0.442912 0.03937,0.482283 -0.442912 0.0098425,0.59055 -0.442912 0.03937]
}}
appearance Appearance{material Material{diffuseColor 0.27451 0.27451 0.27451
transparency 0}}}
Shape { geometry IndexedFaceSet 
{ creaseAngle 0.50 coordIndex [0,1,2,-1,3,1,0,-1,2,4,5,-1,1,4,2,-1,5,6,7,-1,4,6,5,-1,7,8,9,-1,6,8,7,-1,9,10,11,-1,8,10,9,-1,11,12,13,-1,10,12,11,-1,13,14,15,-1,12,14,13,-1,15,16,17,-1,14,16,15,-1,17,18,19,-1,16,18,17,-1,19,20,21,-1,18,20,19,-1,21,22,23,-1,20,22,21,-1,23,24,25,-1,22,24,23,-1,25,26,27,-1,24,26,25,-1]
coord Coordinate { point [0.482283 -0.442912 0.0098425,0.470505 -0.444343 0.03937,0.470505 -0.444343 0.0098425,0.482283 -0.442912 0.03937,0.459412 -0.448549 0.03937,0.459412 -0.448549 0.0098425,0.449649 -0.455289 0.03937,0.449649 -0.455289 0.0098425,0.441781 -0.464169 0.03937,0.441781 -0.464169 0.0098425,0.436268 -0.474674 0.03937,0.436268 -0.474674 0.0098425,0.433429 -0.486193 0.03937,0.433429 -0.486193 0.0098425,0.433429 -0.498057 0.03937,0.433429 -0.498057 0.0098425,0.436268 -0.509576 0.03937,0.436268 -0.509576 0.0098425,0.441781 -0.520081 0.03937,0.441781 -0.520081 0.0098425,0.449649 -0.528961 0.03937,0.449649 -0.528961 0.0098425,0.459412 -0.535701 0.03937,0.459412 -0.535701 0.0098425,0.470505 -0.539907 0.03937,0.470505 -0.539907 0.0098425,0.482283 -0.541338 0.03937,0.482283 -0.541338 0.0098425]
}}
appearance Appearance{material Material{diffuseColor 0.27451 0.27451 0.27451
transparency 0}}}
Shape { geometry IndexedFaceSet 
{ creaseAngle 0.50 coordIndex [0,1,2,-1,3,1,0,-1]
coord Coordinate { point [0.482283 -0.541338 0.0098425,0.59055 -0.541338 0.03937,0.59055 -0.541338 0.0098425,0.482283 -0.541338 0.03937]
}}
appearance Appearance{material Material{diffuseColor 0.27451 0.27451 0.27451
transparency 0}}}
Shape { geometry IndexedFaceSet 
{ creaseAngle 0.50 coordIndex [0,1,2,-1,3,4,5,-1,6,7,8,-1,8,7,1,-1,9,10,11,-1,11,10,12,-1,12,10,13,-1,13,10,7,-1,2,10,3,-1,1,10,2,-1,3,10,4,-1,7,10,1,-1,4,14,15,-1,10,14,4,-1]
coord Coordinate { point [0.441781 -0.520081 0.03937,0.436268 -0.509576 0.03937,0.449649 -0.528961 0.03937,0.459412 -0.535701 0.03937,0.482283 -0.541338 0.03937,0.470505 -0.539907 0.03937,0.433429 -0.486193 0.03937,0.436268 -0.474674 0.03937,0.433429 -0.498057 0.03937,0.470505 -0.444343 0.03937,0.482283 -0.442912 0.03937,0.459412 -0.448549 0.03937,0.449649 -0.455289 0.03937,0.441781 -0.464169 0.03937,0.59055 -0.442912 0.03937,0.59055 -0.541338 0.03937]
}}
appearance Appearance{material Material{diffuseColor 0.27451 0.27451 0.27451
transparency 0}}}
Shape { geometry IndexedFaceSet 
{ creaseAngle 0.50 coordIndex [0,1,2,-1,0,2,3,-1]
coord Coordinate { point [0.59055 0.59055 0.305117,-0.59055 0.59055 0.305117,-0.59055 -0.59055 0.305118,0.59055 -0.59055 0.305118]
}}
appearance Appearance{material Material{diffuseColor 0.27451 0.27451 0.27451
transparency 0}}}
Shape { geometry IndexedFaceSet 
{ creaseAngle 0.50 coordIndex [0,1,2,-1,3,1,0,-1]
coord Coordinate { point [0.59055 0.541338 0.0098425,0.482283 0.541338 0.03937,0.482283 0.541338 0.0098425,0.59055 0.541338 0.03937]
}}
appearance Appearance{material Material{diffuseColor 0.27451 0.27451 0.27451
transparency 0}}}
Shape { geometry IndexedFaceSet 
{ creaseAngle 0.50 coordIndex [0,1,2,-1,3,1,0,-1,2,4,5,-1,1,4,2,-1,5,6,7,-1,4,6,5,-1,7,8,9,-1,6,8,7,-1,9,10,11,-1,8,10,9,-1,11,12,13,-1,10,12,11,-1,13,14,15,-1,12,14,13,-1,15,16,17,-1,14,16,15,-1,17,18,19,-1,16,18,17,-1,19,20,21,-1,18,20,19,-1,21,22,23,-1,20,22,21,-1,23,24,25,-1,22,24,23,-1,25,26,27,-1,24,26,25,-1]
coord Coordinate { point [0.482283 0.541338 0.0098425,0.470505 0.539907 0.03937,0.470505 0.539907 0.0098425,0.482283 0.541338 0.03937,0.459412 0.535701 0.03937,0.459412 0.535701 0.0098425,0.449649 0.528961 0.03937,0.449649 0.528961 0.0098425,0.441781 0.520081 0.03937,0.441781 0.520081 0.0098425,0.436268 0.509576 0.03937,0.436268 0.509576 0.0098425,0.433429 0.498057 0.03937,0.433429 0.498057 0.0098425,0.433429 0.486193 0.03937,0.433429 0.486193 0.0098425,0.436268 0.474674 0.03937,0.436268 0.474674 0.0098425,0.441781 0.464169 0.03937,0.441781 0.464169 0.0098425,0.449649 0.455289 0.03937,0.449649 0.455289 0.0098425,0.459412 0.448549 0.03937,0.459412 0.448549 0.0098425,0.470505 0.444343 0.03937,0.470505 0.444343 0.0098425,0.482283 0.442912 0.03937,0.482283 0.442912 0.0098425]
}}
appearance Appearance{material Material{diffuseColor 0.27451 0.27451 0.27451
transparency 0}}}
Shape { geometry IndexedFaceSet 
{ creaseAngle 0.50 coordIndex [0,1,2,-1,3,1,0,-1]
coord Coordinate { point [0.482283 0.442912 0.0098425,0.59055 0.442912 0.03937,0.59055 0.442912 0.0098425,0.482283 0.442912 0.03937]
}}
appearance Appearance{material Material{diffuseColor 0.27451 0.27451 0.27451
transparency 0}}}
Shape { geometry IndexedFaceSet 
{ creaseAngle 0.50 coordIndex [0,1,2,-1,3,4,5,-1,6,7,8,-1,8,7,1,-1,9,10,11,-1,11,10,12,-1,12,10,13,-1,13,10,7,-1,2,10,3,-1,1,10,2,-1,3,10,4,-1,7,10,1,-1,4,14,15,-1,10,14,4,-1]
coord Coordinate { point [0.441781 0.464169 0.03937,0.436268 0.474674 0.03937,0.449649 0.455289 0.03937,0.459412 0.448549 0.03937,0.482283 0.442912 0.03937,0.470505 0.444343 0.03937,0.433429 0.498057 0.03937,0.436268 0.509576 0.03937,0.433429 0.486193 0.03937,0.470505 0.539907 0.03937,0.482283 0.541338 0.03937,0.459412 0.535701 0.03937,0.449649 0.528961 0.03937,0.441781 0.520081 0.03937,0.59055 0.541338 0.03937,0.59055 0.442912 0.03937]
}}
appearance Appearance{material Material{diffuseColor 0.27451 0.27451 0.27451
transparency 0}}}
Shape { geometry IndexedFaceSet 
{ creaseAngle 0.50 coordIndex [0,1,2,-1,3,1,0,-1]
coord Coordinate { point [0.59055 0.344488 0.0098425,0.482283 0.344488 0.03937,0.482283 0.344488 0.0098425,0.59055 0.344488 0.03937]
}}
appearance Appearance{material Material{diffuseColor 0.27451 0.27451 0.27451
transparency 0}}}
Shape { geometry IndexedFaceSet 
{ creaseAngle 0.50 coordIndex [0,1,2,-1,3,1,0,-1,2,4,5,-1,1,4,2,-1,5,6,7,-1,4,6,5,-1,7,8,9,-1,6,8,7,-1,9,10,11,-1,8,10,9,-1,11,12,13,-1,10,12,11,-1,13,14,15,-1,12,14,13,-1,15,16,17,-1,14,16,15,-1,17,18,19,-1,16,18,17,-1,19,20,21,-1,18,20,19,-1,21,22,23,-1,20,22,21,-1,23,24,25,-1,22,24,23,-1,25,26,27,-1,24,26,25,-1]
coord Coordinate { point [0.482283 0.344488 0.0098425,0.470505 0.343057 0.03937,0.470505 0.343057 0.0098425,0.482283 0.344488 0.03937,0.459412 0.338851 0.03937,0.459412 0.338851 0.0098425,0.449649 0.332111 0.03937,0.449649 0.332111 0.0098425,0.441781 0.323231 0.03937,0.441781 0.323231 0.0098425,0.436268 0.312726 0.03937,0.436268 0.312726 0.0098425,0.433429 0.301207 0.03937,0.433429 0.301207 0.0098425,0.433429 0.289343 0.03937,0.433429 0.289343 0.0098425,0.436268 0.277824 0.03937,0.436268 0.277824 0.0098425,0.441781 0.267319 0.03937,0.441781 0.267319 0.0098425,0.449649 0.258439 0.03937,0.449649 0.258439 0.0098425,0.459412 0.251699 0.03937,0.459412 0.251699 0.0098425,0.470505 0.247493 0.03937,0.470505 0.247493 0.0098425,0.482283 0.246062 0.03937,0.482283 0.246062 0.0098425]
}}
appearance Appearance{material Material{diffuseColor 0.27451 0.27451 0.27451
transparency 0}}}
Shape { geometry IndexedFaceSet 
{ creaseAngle 0.50 coordIndex [0,1,2,-1,3,1,0,-1]
coord Coordinate { point [0.482283 0.246062 0.0098425,0.59055 0.246062 0.03937,0.59055 0.246062 0.0098425,0.482283 0.246062 0.03937]
}}
appearance Appearance{material Material{diffuseColor 0.27451 0.27451 0.27451
transparency 0}}}
Shape { geometry IndexedFaceSet 
{ creaseAngle 0.50 coordIndex [0,1,2,-1,2,1,3,-1,4,5,6,-1,7,8,9,-1,9,8,10,-1,10,8,11,-1,11,8,5,-1,6,8,12,-1,12,8,13,-1,13,8,0,-1,5,8,6,-1,0,8,1,-1,1,14,15,-1,8,14,1,-1]
coord Coordinate { point [0.449649 0.258439 0.03937,0.482283 0.246062 0.03937,0.459412 0.251699 0.03937,0.470505 0.247493 0.03937,0.433429 0.301207 0.03937,0.436268 0.312726 0.03937,0.433429 0.289343 0.03937,0.470505 0.343057 0.03937,0.482283 0.344488 0.03937,0.459412 0.338851 0.03937,0.449649 0.332111 0.03937,0.441781 0.323231 0.03937,0.436268 0.277824 0.03937,0.441781 0.267319 0.03937,0.59055 0.344488 0.03937,0.59055 0.246062 0.03937]
}}
appearance Appearance{material Material{diffuseColor 0.27451 0.27451 0.27451
transparency 0}}}
Shape { geometry IndexedFaceSet 
{ creaseAngle 0.50 coordIndex [0,1,2,-1,3,1,0,-1]
coord Coordinate { point [0.59055 0.147638 0.0098425,0.482283 0.147638 0.03937,0.482283 0.147638 0.0098425,0.59055 0.147638 0.03937]
}}
appearance Appearance{material Material{diffuseColor 0.27451 0.27451 0.27451
transparency 0}}}
Shape { geometry IndexedFaceSet 
{ creaseAngle 0.50 coordIndex [0,1,2,-1,3,1,0,-1,2,4,5,-1,1,4,2,-1,5,6,7,-1,4,6,5,-1,7,8,9,-1,6,8,7,-1,9,10,11,-1,8,10,9,-1,11,12,13,-1,10,12,11,-1,13,14,15,-1,12,14,13,-1,15,16,17,-1,14,16,15,-1,17,18,19,-1,16,18,17,-1,19,20,21,-1,18,20,19,-1,21,22,23,-1,20,22,21,-1,23,24,25,-1,22,24,23,-1,25,26,27,-1,24,26,25,-1]
coord Coordinate { point [0.482283 0.147638 0.0098425,0.470505 0.146207 0.03937,0.470505 0.146207 0.0098425,0.482283 0.147638 0.03937,0.459412 0.142001 0.03937,0.459412 0.142001 0.0098425,0.449649 0.135261 0.03937,0.449649 0.135261 0.0098425,0.441781 0.126381 0.03937,0.441781 0.126381 0.0098425,0.436268 0.115876 0.03937,0.436268 0.115876 0.0098425,0.433429 0.104357 0.03937,0.433429 0.104357 0.0098425,0.433429 0.0924931 0.03937,0.433429 0.0924931 0.0098425,0.436268 0.080974 0.03937,0.436268 0.080974 0.0098425,0.441781 0.0704691 0.03937,0.441781 0.0704691 0.0098425,0.449649 0.0615889 0.03937,0.449649 0.0615889 0.0098425,0.459412 0.0548495 0.03937,0.459412 0.0548495 0.0098425,0.470505 0.0506425 0.03937,0.470505 0.0506425 0.0098425,0.482283 0.0492125 0.03937,0.482283 0.0492125 0.0098425]
}}
appearance Appearance{material Material{diffuseColor 0.27451 0.27451 0.27451
transparency 0}}}
Shape { geometry IndexedFaceSet 
{ creaseAngle 0.50 coordIndex [0,1,2,-1,3,1,0,-1]
coord Coordinate { point [0.482283 0.0492125 0.0098425,0.59055 0.0492125 0.03937,0.59055 0.0492125 0.0098425,0.482283 0.0492125 0.03937]
}}
appearance Appearance{material Material{diffuseColor 0.27451 0.27451 0.27451
transparency 0}}}
Shape { geometry IndexedFaceSet 
{ creaseAngle 0.50 coordIndex [0,1,2,-1,2,1,3,-1,3,1,4,-1,4,1,5,-1,6,7,8,-1,8,7,9,-1,9,7,10,-1,10,7,11,-1,11,7,12,-1,12,7,13,-1,13,7,0,-1,0,7,1,-1,1,14,15,-1,7,14,1,-1]
coord Coordinate { point [0.436268 0.080974 0.03937,0.482283 0.0492125 0.03937,0.441781 0.0704691 0.03937,0.449649 0.0615889 0.03937,0.459412 0.0548495 0.03937,0.470505 0.0506425 0.03937,0.470505 0.146207 0.03937,0.482283 0.147638 0.03937,0.459412 0.142001 0.03937,0.449649 0.135261 0.03937,0.441781 0.126381 0.03937,0.436268 0.115876 0.03937,0.433429 0.104357 0.03937,0.433429 0.0924931 0.03937,0.59055 0.147638 0.03937,0.59055 0.0492125 0.03937]
}}
appearance Appearance{material Material{diffuseColor 0.27451 0.27451 0.27451
transparency 0}}}
Shape { geometry IndexedFaceSet 
{ creaseAngle 0.50 coordIndex [0,1,2,-1,3,1,0,-1]
coord Coordinate { point [0.59055 -0.0492125 0.0098425,0.482283 -0.0492125 0.03937,0.482283 -0.0492125 0.0098425,0.59055 -0.0492125 0.03937]
}}
appearance Appearance{material Material{diffuseColor 0.27451 0.27451 0.27451
transparency 0}}}
Shape { geometry IndexedFaceSet 
{ creaseAngle 0.50 coordIndex [0,1,2,-1,3,1,0,-1,2,4,5,-1,1,4,2,-1,5,6,7,-1,4,6,5,-1,7,8,9,-1,6,8,7,-1,9,10,11,-1,8,10,9,-1,11,12,13,-1,10,12,11,-1,13,14,15,-1,12,14,13,-1,15,16,17,-1,14,16,15,-1,17,18,19,-1,16,18,17,-1,19,20,21,-1,18,20,19,-1,21,22,23,-1,20,22,21,-1,23,24,25,-1,22,24,23,-1,25,26,27,-1,24,26,25,-1]
coord Coordinate { point [0.482283 -0.0492125 0.0098425,0.470505 -0.0506425 0.03937,0.470505 -0.0506425 0.0098425,0.482283 -0.0492125 0.03937,0.459412 -0.0548495 0.03937,0.459412 -0.0548495 0.0098425,0.449649 -0.0615889 0.03937,0.449649 -0.0615889 0.0098425,0.441781 -0.0704691 0.03937,0.441781 -0.0704691 0.0098425,0.436268 -0.080974 0.03937,0.436268 -0.080974 0.0098425,0.433429 -0.0924931 0.03937,0.433429 -0.0924931 0.0098425,0.433429 -0.104357 0.03937,0.433429 -0.104357 0.0098425,0.436268 -0.115876 0.03937,0.436268 -0.115876 0.0098425,0.441781 -0.126381 0.03937,0.441781 -0.126381 0.0098425,0.449649 -0.135261 0.03937,0.449649 -0.135261 0.0098425,0.459412 -0.142001 0.03937,0.459412 -0.142001 0.0098425,0.470505 -0.146207 0.03937,0.470505 -0.146207 0.0098425,0.482283 -0.147638 0.03937,0.482283 -0.147638 0.0098425]
}}
appearance Appearance{material Material{diffuseColor 0.27451 0.27451 0.27451
transparency 0}}}
Shape { geometry IndexedFaceSet 
{ creaseAngle 0.50 coordIndex [0,1,2,-1,3,1,0,-1]
coord Coordinate { point [0.482283 -0.147638 0.0098425,0.59055 -0.147638 0.03937,0.59055 -0.147638 0.0098425,0.482283 -0.147638 0.03937]
}}
appearance Appearance{material Material{diffuseColor 0.27451 0.27451 0.27451
transparency 0}}}
Shape { geometry IndexedFaceSet 
{ creaseAngle 0.50 coordIndex [0,1,2,-1,2,1,3,-1,3,1,4,-1,4,1,5,-1,6,7,8,-1,8,7,9,-1,9,7,10,-1,10,7,11,-1,11,7,12,-1,12,7,13,-1,13,7,0,-1,0,7,1,-1,1,14,15,-1,7,14,1,-1]
coord Coordinate { point [0.436268 -0.115876 0.03937,0.482283 -0.147638 0.03937,0.441781 -0.126381 0.03937,0.449649 -0.135261 0.03937,0.459412 -0.142001 0.03937,0.470505 -0.146207 0.03937,0.470505 -0.0506425 0.03937,0.482283 -0.0492125 0.03937,0.459412 -0.0548495 0.03937,0.449649 -0.0615889 0.03937,0.441781 -0.0704691 0.03937,0.436268 -0.080974 0.03937,0.433429 -0.0924931 0.03937,0.433429 -0.104357 0.03937,0.59055 -0.0492125 0.03937,0.59055 -0.147638 0.03937]
}}
appearance Appearance{material Material{diffuseColor 0.27451 0.27451 0.27451
transparency 0}}}
Shape { geometry IndexedFaceSet 
{ creaseAngle 0.50 coordIndex [0,1,2,-1,3,1,0,-1]
coord Coordinate { point [0.59055 -0.246062 0.0098425,0.482283 -0.246062 0.03937,0.482283 -0.246062 0.0098425,0.59055 -0.246062 0.03937]
}}
appearance Appearance{material Material{diffuseColor 0.27451 0.27451 0.27451
transparency 0}}}
Shape { geometry IndexedFaceSet 
{ creaseAngle 0.50 coordIndex [0,1,2,-1,3,1,0,-1,2,4,5,-1,1,4,2,-1,5,6,7,-1,4,6,5,-1,7,8,9,-1,6,8,7,-1,9,10,11,-1,8,10,9,-1,11,12,13,-1,10,12,11,-1,13,14,15,-1,12,14,13,-1,15,16,17,-1,14,16,15,-1,17,18,19,-1,16,18,17,-1,19,20,21,-1,18,20,19,-1,21,22,23,-1,20,22,21,-1,23,24,25,-1,22,24,23,-1,25,26,27,-1,24,26,25,-1]
coord Coordinate { point [0.482283 -0.246062 0.0098425,0.470505 -0.247493 0.03937,0.470505 -0.247493 0.0098425,0.482283 -0.246062 0.03937,0.459412 -0.251699 0.03937,0.459412 -0.251699 0.0098425,0.449649 -0.258439 0.03937,0.449649 -0.258439 0.0098425,0.441781 -0.267319 0.03937,0.441781 -0.267319 0.0098425,0.436268 -0.277824 0.03937,0.436268 -0.277824 0.0098425,0.433429 -0.289343 0.03937,0.433429 -0.289343 0.0098425,0.433429 -0.301207 0.03937,0.433429 -0.301207 0.0098425,0.436268 -0.312726 0.03937,0.436268 -0.312726 0.0098425,0.441781 -0.323231 0.03937,0.441781 -0.323231 0.0098425,0.449649 -0.332111 0.03937,0.449649 -0.332111 0.0098425,0.459412 -0.338851 0.03937,0.459412 -0.338851 0.0098425,0.470505 -0.343057 0.03937,0.470505 -0.343057 0.0098425,0.482283 -0.344488 0.03937,0.482283 -0.344488 0.0098425]
}}
appearance Appearance{material Material{diffuseColor 0.27451 0.27451 0.27451
transparency 0}}}
Shape { geometry IndexedFaceSet 
{ creaseAngle 0.50 coordIndex [0,1,2,-1,3,1,0,-1]
coord Coordinate { point [0.482283 -0.344488 0.0098425,0.59055 -0.344488 0.03937,0.59055 -0.344488 0.0098425,0.482283 -0.344488 0.03937]
}}
appearance Appearance{material Material{diffuseColor 0.27451 0.27451 0.27451
transparency 0}}}
Shape { geometry IndexedFaceSet 
{ creaseAngle 0.50 coordIndex [0,1,2,-1,2,1,3,-1,4,5,6,-1,7,8,9,-1,9,8,10,-1,10,8,11,-1,11,8,5,-1,6,8,12,-1,12,8,13,-1,13,8,0,-1,5,8,6,-1,0,8,1,-1,1,14,15,-1,8,14,1,-1]
coord Coordinate { point [0.449649 -0.332111 0.03937,0.482283 -0.344488 0.03937,0.459412 -0.338851 0.03937,0.470505 -0.343057 0.03937,0.433429 -0.289343 0.03937,0.436268 -0.277824 0.03937,0.433429 -0.301207 0.03937,0.470505 -0.247493 0.03937,0.482283 -0.246062 0.03937,0.459412 -0.251699 0.03937,0.449649 -0.258439 0.03937,0.441781 -0.267319 0.03937,0.436268 -0.312726 0.03937,0.441781 -0.323231 0.03937,0.59055 -0.246062 0.03937,0.59055 -0.344488 0.03937]
}}
appearance Appearance{material Material{diffuseColor 0.27451 0.27451 0.27451
transparency 0}}}
Shape { geometry IndexedFaceSet 
{ creaseAngle 0.50 coordIndex [0,1,2,-1,2,1,3,-1]
coord Coordinate { point [-0.27559 0.59055 0.07874,-0.27559 0.531495 0.07874,-0.27559 0.59055 0.03937,-0.27559 0.531495 0.03937]
}}
appearance Appearance{material Material{diffuseColor 0.27451 0.27451 0.27451
transparency 0}}}
Shape { geometry IndexedFaceSet 
{ creaseAngle 0.50 coordIndex [0,1,2,-1,2,1,3,-1]
coord Coordinate { point [-0.27559 0.531495 0.07874,-0.334645 0.531495 0.07874,-0.27559 0.531495 0.03937,-0.334645 0.531495 0.03937]
}}
appearance Appearance{material Material{diffuseColor 0.27451 0.27451 0.27451
transparency 0}}}
Shape { geometry IndexedFaceSet 
{ creaseAngle 0.50 coordIndex [0,1,2,-1,2,1,3,-1]
coord Coordinate { point [0.19685 0.531495 0.07874,-0.19685 0.531495 0.07874,0.19685 0.531495 0.03937,-0.19685 0.531495 0.03937]
}}
appearance Appearance{material Material{diffuseColor 0.27451 0.27451 0.27451
transparency 0}}}
Shape { geometry IndexedFaceSet 
{ creaseAngle 0.50 coordIndex [0,1,2,-1,2,1,3,-1]
coord Coordinate { point [0.334645 0.531495 0.07874,0.27559 0.531495 0.07874,0.334645 0.531495 0.03937,0.27559 0.531495 0.03937]
}}
appearance Appearance{material Material{diffuseColor 0.27451 0.27451 0.27451
transparency 0}}}
Shape { geometry IndexedFaceSet 
{ creaseAngle 0.50 coordIndex [0,1,2,-1,3,1,0,-1]
coord Coordinate { point [-0.334645 0.531495 0.03937,-0.334645 -0.531495 0.07874,-0.334645 -0.531495 0.03937,-0.334645 0.531495 0.07874]
}}
appearance Appearance{material Material{diffuseColor 0.27451 0.27451 0.27451
transparency 0}}}
Shape { geometry IndexedFaceSet 
{ creaseAngle 0.50 coordIndex [0,1,2,-1,2,1,3,-1]
coord Coordinate { point [-0.334645 -0.531495 0.07874,-0.27559 -0.531495 0.07874,-0.334645 -0.531495 0.03937,-0.27559 -0.531495 0.03937]
}}
appearance Appearance{material Material{diffuseColor 0.27451 0.27451 0.27451
transparency 0}}}
Shape { geometry IndexedFaceSet 
{ creaseAngle 0.50 coordIndex [0,1,2,-1,2,1,3,-1]
coord Coordinate { point [-0.19685 -0.531495 0.07874,0.19685 -0.531495 0.07874,-0.19685 -0.531495 0.03937,0.19685 -0.531495 0.03937]
}}
appearance Appearance{material Material{diffuseColor 0.27451 0.27451 0.27451
transparency 0}}}
Shape { geometry IndexedFaceSet 
{ creaseAngle 0.50 coordIndex [0,1,2,-1,2,1,3,-1]
coord Coordinate { point [0.27559 -0.531495 0.07874,0.334645 -0.531495 0.07874,0.27559 -0.531495 0.03937,0.334645 -0.531495 0.03937]
}}
appearance Appearance{material Material{diffuseColor 0.27451 0.27451 0.27451
transparency 0}}}
Shape { geometry IndexedFaceSet 
{ creaseAngle 0.50 coordIndex [0,1,2,-1,3,1,0,-1,4,5,6,-1,6,5,7,-1,8,9,10,-1,10,9,3,-1,3,11,1,-1,9,11,3,-1,12,13,9,-1,9,13,11,-1,1,14,4,-1,11,14,1,-1,14,15,4,-1,4,15,5,-1,16,17,14,-1,14,17,15,-1,5,18,19,-1,15,18,5,-1]
coord Coordinate { point [-0.27559 -0.59055 0.07874,-0.19685 -0.531495 0.07874,-0.19685 -0.59055 0.07874,-0.27559 -0.531495 0.07874,0.19685 -0.531495 0.07874,0.27559 -0.531495 0.07874,0.19685 -0.59055 0.07874,0.27559 -0.59055 0.07874,-0.334645 0.531495 0.07874,-0.27559 0.531495 0.07874,-0.334645 -0.531495 0.07874,-0.19685 0.531495 0.07874,-0.27559 0.59055 0.07874,-0.19685 0.59055 0.07874,0.19685 0.531495 0.07874,0.27559 0.531495 0.07874,0.19685 0.59055 0.07874,0.27559 0.59055 0.07874,0.334645 0.531495 0.07874,0.334645 -0.531495 0.07874]
}}
appearance Appearance{material Material{diffuseColor 0.27451 0.27451 0.27451
transparency 0}}}
Shape { geometry IndexedFaceSet 
{ creaseAngle 0.50 coordIndex [0,1,2,-1,0,3,1,-1]
coord Coordinate { point [-0.19685 -0.59055 0.07874,-0.19685 -0.531495 0.03937,-0.19685 -0.59055 0.03937,-0.19685 -0.531495 0.07874]
}}
appearance Appearance{material Material{diffuseColor 0.27451 0.27451 0.27451
transparency 0}}}
Shape { geometry IndexedFaceSet 
{ creaseAngle 0.50 coordIndex [0,1,2,-1,2,1,3,-1]
coord Coordinate { point [0.19685 -0.531495 0.07874,0.19685 -0.59055 0.07874,0.19685 -0.531495 0.03937,0.19685 -0.59055 0.03937]
}}
appearance Appearance{material Material{diffuseColor 0.27451 0.27451 0.27451
transparency 0}}}
Shape { geometry IndexedFaceSet 
{ creaseAngle 0.50 coordIndex [0,1,2,-1,2,1,3,-1]
coord Coordinate { point [0.27559 -0.59055 0.07874,0.27559 -0.531495 0.07874,0.27559 -0.59055 0.03937,0.27559 -0.531495 0.03937]
}}
appearance Appearance{material Material{diffuseColor 0.27451 0.27451 0.27451
transparency 0}}}
Shape { geometry IndexedFaceSet 
{ creaseAngle 0.50 coordIndex [0,1,2,-1,3,1,0,-1]
coord Coordinate { point [0.334645 -0.531495 0.03937,0.334645 0.531495 0.07874,0.334645 0.531495 0.03937,0.334645 -0.531495 0.07874]
}}
appearance Appearance{material Material{diffuseColor 0.27451 0.27451 0.27451
transparency 0}}}
Shape { geometry IndexedFaceSet 
{ creaseAngle 0.50 coordIndex [0,1,2,-1,0,2,3,-1]
coord Coordinate { point [0.27559 0.531495 0.07874,0.27559 0.59055 0.07874,0.27559 0.59055 0.03937,0.27559 0.531495 0.03937]
}}
appearance Appearance{material Material{diffuseColor 0.27451 0.27451 0.27451
transparency 0}}}
Shape { geometry IndexedFaceSet 
{ creaseAngle 0.50 coordIndex [0,1,2,-1,0,3,1,-1]
coord Coordinate { point [0.19685 0.59055 0.07874,0.19685 0.531495 0.03937,0.19685 0.59055 0.03937,0.19685 0.531495 0.07874]
}}
appearance Appearance{material Material{diffuseColor 0.27451 0.27451 0.27451
transparency 0}}}
Shape { geometry IndexedFaceSet 
{ creaseAngle 0.50 coordIndex [0,1,2,-1,2,1,3,-1]
coord Coordinate { point [-0.19685 0.531495 0.07874,-0.19685 0.59055 0.07874,-0.19685 0.531495 0.03937,-0.19685 0.59055 0.03937]
}}
appearance Appearance{material Material{diffuseColor 0.27451 0.27451 0.27451
transparency 0}}}
Shape { geometry IndexedFaceSet 
{ creaseAngle 0.50 coordIndex [0,1,2,-1,3,1,0,-1]
coord Coordinate { point [-0.19685 -0.531495 0.03937,-0.19685 -0.59055 0.07874,-0.19685 -0.59055 0.03937,-0.19685 -0.531495 0.07874]
}}
appearance Appearance{material Material{diffuseColor 0.8 0.8 0.8
transparency 0}}}
Shape { geometry IndexedFaceSet 
{ creaseAngle 0.50 coordIndex [0,1,2,-1,2,3,4,-1,4,3,5,-1,1,3,2,-1,6,7,8,-1,8,7,9,-1,7,10,11,-1,6,10,7,-1,0,12,1,-1,13,14,12,-1,14,15,12,-1,14,16,15,-1,17,18,14,-1,14,18,16,-1,16,19,15,-1,19,20,21,-1,22,23,19,-1,19,23,20,-1,21,24,10,-1,10,24,11,-1,20,24,21,-1,0,13,12,-1,21,15,19,-1,1,10,3,-1,3,10,6,-1]
coord Coordinate { point [-0.334645 -0.531495 0.03937,-0.295275 -0.492125 0.03937,-0.27559 -0.531495 0.03937,-0.19685 -0.531495 0.03937,-0.27559 -0.59055 0.03937,-0.19685 -0.59055 0.03937,0.19685 -0.531495 0.03937,0.27559 -0.531495 0.03937,0.19685 -0.59055 0.03937,0.27559 -0.59055 0.03937,0.295275 -0.492125 0.03937,0.334645 -0.531495 0.03937,-0.295275 0.3937 0.03937,-0.334645 0.531495 0.03937,-0.27559 0.531495 0.03937,-0.19685 0.492125 0.03937,-0.19685 0.531495 0.03937,-0.27559 0.59055 0.03937,-0.19685 0.59055 0.03937,0.19685 0.531495 0.03937,0.27559 0.531495 0.03937,0.295275 0.492125 0.03937,0.19685 0.59055 0.03937,0.27559 0.59055 0.03937,0.334645 0.531495 0.03937]
}}
appearance Appearance{material Material{diffuseColor 0.8 0.8 0.8
transparency 0}}}
Shape { geometry IndexedFaceSet 
{ creaseAngle 0.50 coordIndex [0,1,2,-1,0,3,1,-1]
coord Coordinate { point [-0.27559 -0.531495 0.07874,-0.334645 -0.531495 0.03937,-0.27559 -0.531495 0.03937,-0.334645 -0.531495 0.07874]
}}
appearance Appearance{material Material{diffuseColor 0.8 0.8 0.8
transparency 0}}}
Shape { geometry IndexedFaceSet 
{ creaseAngle 0.50 coordIndex [0,1,2,-1,0,3,1,-1]
coord Coordinate { point [0.19685 -0.531495 0.07874,-0.19685 -0.531495 0.03937,0.19685 -0.531495 0.03937,-0.19685 -0.531495 0.07874]
}}
appearance Appearance{material Material{diffuseColor 0.8 0.8 0.8
transparency 0}}}
Shape { geometry IndexedFaceSet 
{ creaseAngle 0.50 coordIndex [0,1,2,-1,0,2,3,-1]
coord Coordinate { point [0.334645 -0.531495 0.07874,0.27559 -0.531495 0.07874,0.27559 -0.531495 0.03937,0.334645 -0.531495 0.03937]
}}
appearance Appearance{material Material{diffuseColor 0.8 0.8 0.8
transparency 0}}}
Shape { geometry IndexedFaceSet 
{ creaseAngle 0.50 coordIndex [0,1,2,-1,3,1,0,-1]
coord Coordinate { point [-0.27559 -0.59055 0.03937,-0.27559 -0.531495 0.07874,-0.27559 -0.531495 0.03937,-0.27559 -0.59055 0.07874]
}}
appearance Appearance{material Material{diffuseColor 0.8 0.8 0.8
transparency 0}}}
Shape { geometry IndexedFaceSet 
{ creaseAngle 0.50 coordIndex [0,1,2,-1,0,3,1,-1,4,5,6,-1,4,7,5,-1,8,9,3,-1,8,10,9,-1,11,3,0,-1,11,8,3,-1,12,13,8,-1,12,8,11,-1,14,0,7,-1,14,11,0,-1,15,7,4,-1,15,14,7,-1,16,17,14,-1,16,14,15,-1,18,4,19,-1,18,15,4,-1]
coord Coordinate { point [-0.19685 -0.531495 0.07874,-0.27559 -0.59055 0.07874,-0.19685 -0.59055 0.07874,-0.27559 -0.531495 0.07874,0.27559 -0.531495 0.07874,0.19685 -0.59055 0.07874,0.27559 -0.59055 0.07874,0.19685 -0.531495 0.07874,-0.27559 0.531495 0.07874,-0.334645 -0.531495 0.07874,-0.334645 0.531495 0.07874,-0.19685 0.531495 0.07874,-0.19685 0.59055 0.07874,-0.27559 0.59055 0.07874,0.19685 0.531495 0.07874,0.27559 0.531495 0.07874,0.27559 0.59055 0.07874,0.19685 0.59055 0.07874,0.334645 0.531495 0.07874,0.334645 -0.531495 0.07874]
}}
appearance Appearance{material Material{diffuseColor 0.8 0.8 0.8
transparency 0}}}
Shape { geometry IndexedFaceSet 
{ creaseAngle 0.50 coordIndex [0,1,2,-1,0,3,1,-1]
coord Coordinate { point [0.27559 -0.531495 0.07874,0.27559 -0.59055 0.03937,0.27559 -0.531495 0.03937,0.27559 -0.59055 0.07874]
}}
appearance Appearance{material Material{diffuseColor 0.8 0.8 0.8
transparency 0}}}
Shape { geometry IndexedFaceSet 
{ creaseAngle 0.50 coordIndex [0,1,2,-1,0,3,1,-1]
coord Coordinate { point [0.27559 -0.59055 0.07874,0.19685 -0.59055 0.03937,0.27559 -0.59055 0.03937,0.19685 -0.59055 0.07874]
}}
appearance Appearance{material Material{diffuseColor 0.8 0.8 0.8
transparency 0}}}
Shape { geometry IndexedFaceSet 
{ creaseAngle 0.50 coordIndex [0,1,2,-1,0,3,1,-1]
coord Coordinate { point [0.19685 -0.59055 0.07874,0.19685 -0.531495 0.03937,0.19685 -0.59055 0.03937,0.19685 -0.531495 0.07874]
}}
appearance Appearance{material Material{diffuseColor 0.8 0.8 0.8
transparency 0}}}
Shape { geometry IndexedFaceSet 
{ creaseAngle 0.50 coordIndex [0,1,2,-1,3,1,0,-1]
coord Coordinate { point [-0.19685 -0.59055 0.03937,-0.27559 -0.59055 0.07874,-0.27559 -0.59055 0.03937,-0.19685 -0.59055 0.07874]
}}
appearance Appearance{material Material{diffuseColor 0.8 0.8 0.8
transparency 0}}}
Shape { geometry IndexedFaceSet 
{ creaseAngle 0.50 coordIndex [0,1,2,-1,0,3,1,-1]
coord Coordinate { point [-0.334645 -0.531495 0.07874,-0.334645 0.531495 0.03937,-0.334645 -0.531495 0.03937,-0.334645 0.531495 0.07874]
}}
appearance Appearance{material Material{diffuseColor 0.8 0.8 0.8
transparency 0}}}
Shape { geometry IndexedFaceSet 
{ creaseAngle 0.50 coordIndex [0,1,2,-1,0,2,3,-1]
coord Coordinate { point [-0.334645 0.531495 0.07874,-0.27559 0.531495 0.07874,-0.27559 0.531495 0.03937,-0.334645 0.531495 0.03937]
}}
appearance Appearance{material Material{diffuseColor 0.8 0.8 0.8
transparency 0}}}
Shape { geometry IndexedFaceSet 
{ creaseAngle 0.50 coordIndex [0,1,2,-1,0,2,3,-1]
coord Coordinate { point [-0.19685 0.531495 0.07874,0.19685 0.531495 0.07874,0.19685 0.531495 0.03937,-0.19685 0.531495 0.03937]
}}
appearance Appearance{material Material{diffuseColor 0.8 0.8 0.8
transparency 0}}}
Shape { geometry IndexedFaceSet 
{ creaseAngle 0.50 coordIndex [0,1,2,-1,0,3,1,-1]
coord Coordinate { point [0.27559 0.531495 0.07874,0.334645 0.531495 0.03937,0.27559 0.531495 0.03937,0.334645 0.531495 0.07874]
}}
appearance Appearance{material Material{diffuseColor 0.8 0.8 0.8
transparency 0}}}
Shape { geometry IndexedFaceSet 
{ creaseAngle 0.50 coordIndex [0,1,2,-1,0,3,1,-1]
coord Coordinate { point [-0.27559 0.531495 0.07874,-0.27559 0.59055 0.03937,-0.27559 0.531495 0.03937,-0.27559 0.59055 0.07874]
}}
appearance Appearance{material Material{diffuseColor 0.8 0.8 0.8
transparency 0}}}
Shape { geometry IndexedFaceSet 
{ creaseAngle 0.50 coordIndex [0,1,2,-1,0,3,1,-1]
coord Coordinate { point [-0.27559 0.59055 0.07874,-0.19685 0.59055 0.03937,-0.27559 0.59055 0.03937,-0.19685 0.59055 0.07874]
}}
appearance Appearance{material Material{diffuseColor 0.8 0.8 0.8
transparency 0}}}
Shape { geometry IndexedFaceSet 
{ creaseAngle 0.50 coordIndex [0,1,2,-1,0,2,3,-1]
coord Coordinate { point [-0.19685 0.59055 0.07874,-0.19685 0.531495 0.07874,-0.19685 0.531495 0.03937,-0.19685 0.59055 0.03937]
}}
appearance Appearance{material Material{diffuseColor 0.8 0.8 0.8
transparency 0}}}
Shape { geometry IndexedFaceSet 
{ creaseAngle 0.50 coordIndex [0,1,2,-1,3,1,0,-1]
coord Coordinate { point [0.19685 0.531495 0.03937,0.19685 0.59055 0.07874,0.19685 0.59055 0.03937,0.19685 0.531495 0.07874]
}}
appearance Appearance{material Material{diffuseColor 0.8 0.8 0.8
transparency 0}}}
Shape { geometry IndexedFaceSet 
{ creaseAngle 0.50 coordIndex [0,1,2,-1,3,1,0,-1]
coord Coordinate { point [0.19685 0.59055 0.03937,0.27559 0.59055 0.07874,0.27559 0.59055 0.03937,0.19685 0.59055 0.07874]
}}
appearance Appearance{material Material{diffuseColor 0.8 0.8 0.8
transparency 0}}}
Shape { geometry IndexedFaceSet 
{ creaseAngle 0.50 coordIndex [0,1,2,-1,3,1,0,-1]
coord Coordinate { point [0.27559 0.59055 0.03937,0.27559 0.531495 0.07874,0.27559 0.531495 0.03937,0.27559 0.59055 0.07874]
}}
appearance Appearance{material Material{diffuseColor 0.8 0.8 0.8
transparency 0}}}
Shape { geometry IndexedFaceSet 
{ creaseAngle 0.50 coordIndex [0,1,2,-1,0,3,1,-1]
coord Coordinate { point [0.334645 0.531495 0.07874,0.334645 -0.531495 0.03937,0.334645 0.531495 0.03937,0.334645 -0.531495 0.07874]
}}
appearance Appearance{material Material{diffuseColor 0.8 0.8 0.8
transparency 0}}}
Shape { geometry IndexedFaceSet 
{ creaseAngle 0.50 coordIndex [0,1,2,-1,0,3,1,-1]
coord Coordinate { point [-0.295275 0.3937 -8.7419e-17,-0.295275 -0.492125 0.03937,-0.295275 0.3937 0.03937,-0.295275 -0.492125 1.09274e-16]
}}
appearance Appearance{material Material{diffuseColor 0.8 0.8 0.8
transparency 0}}}
Shape { geometry IndexedFaceSet 
{ creaseAngle 0.50 coordIndex [0,1,2,-1,0,3,1,-1]
coord Coordinate { point [-0.295275 0.3937 0.03937,-0.19685 0.492125 -1.09274e-16,-0.295275 0.3937 -8.7419e-17,-0.19685 0.492125 0.03937]
}}
appearance Appearance{material Material{diffuseColor 0.8 0.8 0.8
transparency 0}}}
Shape { geometry IndexedFaceSet 
{ creaseAngle 0.50 coordIndex [0,1,2,-1,0,3,1,-1,4,3,0,-1]
coord Coordinate { point [-0.295275 0.3937 -8.7419e-17,0.295275 -0.492125 1.09274e-16,-0.295275 -0.492125 1.09274e-16,0.295275 0.492125 -1.09274e-16,-0.19685 0.492125 -1.09274e-16]
}}
appearance Appearance{material Material{diffuseColor 1 1 1
transparency 0}}}
Shape { geometry IndexedFaceSet 
{ creaseAngle 0.50 coordIndex [0,1,2,-1,0,3,1,-1]
coord Coordinate { point [-0.295275 -0.492125 1.09274e-16,0.295275 -0.492125 0.03937,-0.295275 -0.492125 0.03937,0.295275 -0.492125 1.09274e-16]
}}
appearance Appearance{material Material{diffuseColor 0.8 0.8 0.8
transparency 0}}}
Shape { geometry IndexedFaceSet 
{ creaseAngle 0.50 coordIndex [0,1,2,-1,0,3,1,-1]
coord Coordinate { point [0.295275 -0.492125 1.09274e-16,0.295275 0.492125 0.03937,0.295275 -0.492125 0.03937,0.295275 0.492125 -1.09274e-16]
}}
appearance Appearance{material Material{diffuseColor 0.8 0.8 0.8
transparency 0}}}
Shape { geometry IndexedFaceSet 
{ creaseAngle 0.50 coordIndex [0,1,2,-1,0,2,3,-1]
coord Coordinate { point [0.295275 0.492125 -1.09274e-16,-0.19685 0.492125 -1.09274e-16,-0.19685 0.492125 0.03937,0.295275 0.492125 0.03937]
}}
appearance Appearance{material Material{diffuseColor 0.8 0.8 0.8
transparency 0}}}
Shape { geometry IndexedFaceSet 
{ creaseAngle 0.50 coordIndex [0,1,2,-1,3,4,5,-1,6,7,8,-1,8,7,1,-1,9,10,11,-1,11,10,12,-1,12,10,13,-1,13,10,7,-1,2,10,3,-1,1,10,2,-1,3,10,4,-1,7,10,1,-1,4,14,15,-1,10,14,4,-1]
coord Coordinate { point [0.441781 -0.520081 1.15481e-16,0.436268 -0.509576 1.13149e-16,0.449649 -0.528961 1.17453e-16,0.459412 -0.535701 1.18949e-16,0.482283 -0.541338 1.20201e-16,0.470505 -0.539907 1.19884e-16,0.433429 -0.486193 1.07957e-16,0.436268 -0.474674 1.05399e-16,0.433429 -0.498057 1.10591e-16,0.470505 -0.444343 9.86639e-17,0.482283 -0.442912 9.83463e-17,0.459412 -0.448549 9.9598e-17,0.449649 -0.455289 1.01094e-16,0.441781 -0.464169 1.03066e-16,0.59055 -0.442912 9.83463e-17,0.59055 -0.541338 1.20201e-16]
}}
appearance Appearance{material Material{diffuseColor 0.980392 0.980392 0.980392
transparency 0}}}
Shape { geometry IndexedFaceSet 
{ creaseAngle 0.50 coordIndex [0,1,2,-1,0,3,1,-1]
coord Coordinate { point [0.482283 -0.442912 0.03937,0.59055 -0.442912 9.83463e-17,0.482283 -0.442912 9.83463e-17,0.59055 -0.442912 0.03937]
}}
appearance Appearance{material Material{diffuseColor 0.8 0.8 0.8
transparency 0}}}
Shape { geometry IndexedFaceSet 
{ creaseAngle 0.50 coordIndex [0,1,2,-1,0,3,1,-1]
coord Coordinate { point [0.59055 -0.442912 0.03937,0.59055 -0.541338 1.20201e-16,0.59055 -0.442912 9.83463e-17,0.59055 -0.541338 0.03937]
}}
appearance Appearance{material Material{diffuseColor 0.8 0.8 0.8
transparency 0}}}
Shape { geometry IndexedFaceSet 
{ creaseAngle 0.50 coordIndex [0,1,2,-1,0,3,1,-1]
coord Coordinate { point [0.59055 -0.541338 0.03937,0.482283 -0.541338 1.20201e-16,0.59055 -0.541338 1.20201e-16,0.482283 -0.541338 0.03937]
}}
appearance Appearance{material Material{diffuseColor 0.8 0.8 0.8
transparency 0}}}
Shape { geometry IndexedFaceSet 
{ creaseAngle 0.50 coordIndex [0,1,2,-1,0,2,3,-1,4,3,5,-1,4,0,3,-1,6,5,7,-1,6,4,5,-1,8,7,9,-1,8,6,7,-1,10,9,11,-1,10,8,9,-1,12,11,13,-1,12,10,11,-1,14,13,15,-1,14,12,13,-1,16,15,17,-1,16,14,15,-1,18,17,19,-1,18,16,17,-1,20,19,21,-1,20,18,19,-1,22,21,23,-1,22,20,21,-1,24,23,25,-1,24,22,23,-1,26,25,27,-1,26,24,25,-1]
coord Coordinate { point [0.470505 -0.444343 0.03937,0.482283 -0.442912 0.03937,0.482283 -0.442912 9.83463e-17,0.470505 -0.444343 9.86639e-17,0.459412 -0.448549 0.03937,0.459412 -0.448549 9.9598e-17,0.449649 -0.455289 0.03937,0.449649 -0.455289 1.01094e-16,0.441781 -0.464169 0.03937,0.441781 -0.464169 1.03066e-16,0.436268 -0.474674 0.03937,0.436268 -0.474674 1.05399e-16,0.433429 -0.486193 0.03937,0.433429 -0.486193 1.07957e-16,0.433429 -0.498057 0.03937,0.433429 -0.498057 1.10591e-16,0.436268 -0.509576 0.03937,0.436268 -0.509576 1.13149e-16,0.441781 -0.520081 0.03937,0.441781 -0.520081 1.15481e-16,0.449649 -0.528961 0.03937,0.449649 -0.528961 1.17453e-16,0.459412 -0.535701 0.03937,0.459412 -0.535701 1.18949e-16,0.470505 -0.539907 0.03937,0.470505 -0.539907 1.19884e-16,0.482283 -0.541338 0.03937,0.482283 -0.541338 1.20201e-16]
}}
appearance Appearance{material Material{diffuseColor 0.8 0.8 0.8
transparency 0}}}
Shape { geometry IndexedFaceSet 
{ creaseAngle 0.50 coordIndex [0,1,2,-1,3,4,5,-1,6,7,8,-1,6,8,0,-1,9,10,11,-1,9,11,12,-1,9,12,13,-1,9,13,6,-1,9,2,4,-1,9,0,2,-1,9,4,3,-1,9,6,0,-1,14,3,15,-1,14,9,3,-1]
coord Coordinate { point [0.436268 -0.509576 0.03937,0.441781 -0.520081 0.03937,0.449649 -0.528961 0.03937,0.482283 -0.541338 0.03937,0.459412 -0.535701 0.03937,0.470505 -0.539907 0.03937,0.436268 -0.474674 0.03937,0.433429 -0.486193 0.03937,0.433429 -0.498057 0.03937,0.482283 -0.442912 0.03937,0.470505 -0.444343 0.03937,0.459412 -0.448549 0.03937,0.449649 -0.455289 0.03937,0.441781 -0.464169 0.03937,0.59055 -0.442912 0.03937,0.59055 -0.541338 0.03937]
}}
appearance Appearance{material Material{diffuseColor 0.8 0.8 0.8
transparency 0}}}
Shape { geometry IndexedFaceSet 
{ creaseAngle 0.50 coordIndex [0,1,2,-1,2,1,3,-1,4,5,6,-1,7,8,9,-1,9,8,10,-1,10,8,11,-1,11,8,5,-1,6,8,12,-1,12,8,13,-1,13,8,0,-1,5,8,6,-1,0,8,1,-1,1,14,15,-1,8,14,1,-1]
coord Coordinate { point [0.449649 -0.332111 7.37435e-17,0.482283 -0.344488 7.64916e-17,0.459412 -0.338851 7.52399e-17,0.470505 -0.343057 7.61741e-17,0.433429 -0.289343 6.42471e-17,0.436268 -0.277824 6.16893e-17,0.433429 -0.301207 6.68814e-17,0.470505 -0.247493 5.49544e-17,0.482283 -0.246062 5.46369e-17,0.459412 -0.251699 5.58885e-17,0.449649 -0.258439 5.7385e-17,0.441781 -0.267319 5.93568e-17,0.436268 -0.312726 6.94391e-17,0.441781 -0.323231 7.17717e-17,0.59055 -0.246062 5.46369e-17,0.59055 -0.344488 7.64916e-17]
}}
appearance Appearance{material Material{diffuseColor 0.980392 0.980392 0.980392
transparency 0}}}
Shape { geometry IndexedFaceSet 
{ creaseAngle 0.50 coordIndex [0,1,2,-1,0,3,1,-1]
coord Coordinate { point [0.482283 -0.246062 0.03937,0.59055 -0.246062 5.46369e-17,0.482283 -0.246062 5.46369e-17,0.59055 -0.246062 0.03937]
}}
appearance Appearance{material Material{diffuseColor 0.8 0.8 0.8
transparency 0}}}
Shape { geometry IndexedFaceSet 
{ creaseAngle 0.50 coordIndex [0,1,2,-1,0,3,1,-1]
coord Coordinate { point [0.59055 -0.246062 0.03937,0.59055 -0.344488 7.64916e-17,0.59055 -0.246062 5.46369e-17,0.59055 -0.344488 0.03937]
}}
appearance Appearance{material Material{diffuseColor 0.8 0.8 0.8
transparency 0}}}
Shape { geometry IndexedFaceSet 
{ creaseAngle 0.50 coordIndex [0,1,2,-1,0,3,1,-1]
coord Coordinate { point [0.59055 -0.344488 0.03937,0.482283 -0.344488 7.64916e-17,0.59055 -0.344488 7.64916e-17,0.482283 -0.344488 0.03937]
}}
appearance Appearance{material Material{diffuseColor 0.8 0.8 0.8
transparency 0}}}
Shape { geometry IndexedFaceSet 
{ creaseAngle 0.50 coordIndex [0,1,2,-1,0,2,3,-1,4,3,5,-1,4,0,3,-1,6,5,7,-1,6,4,5,-1,8,7,9,-1,8,6,7,-1,10,9,11,-1,10,8,9,-1,12,11,13,-1,12,10,11,-1,14,13,15,-1,14,12,13,-1,16,15,17,-1,16,14,15,-1,18,17,19,-1,18,16,17,-1,20,19,21,-1,20,18,19,-1,22,21,23,-1,22,20,21,-1,24,23,25,-1,24,22,23,-1,26,25,27,-1,26,24,25,-1]
coord Coordinate { point [0.470505 -0.247493 0.03937,0.482283 -0.246062 0.03937,0.482283 -0.246062 5.46369e-17,0.470505 -0.247493 5.49544e-17,0.459412 -0.251699 0.03937,0.459412 -0.251699 5.58885e-17,0.449649 -0.258439 0.03937,0.449649 -0.258439 5.7385e-17,0.441781 -0.267319 0.03937,0.441781 -0.267319 5.93568e-17,0.436268 -0.277824 0.03937,0.436268 -0.277824 6.16893e-17,0.433429 -0.289343 0.03937,0.433429 -0.289343 6.42471e-17,0.433429 -0.301207 0.03937,0.433429 -0.301207 6.68814e-17,0.436268 -0.312726 0.03937,0.436268 -0.312726 6.94391e-17,0.441781 -0.323231 0.03937,0.441781 -0.323231 7.17717e-17,0.449649 -0.332111 0.03937,0.449649 -0.332111 7.37435e-17,0.459412 -0.338851 0.03937,0.459412 -0.338851 7.52399e-17,0.470505 -0.343057 0.03937,0.470505 -0.343057 7.61741e-17,0.482283 -0.344488 0.03937,0.482283 -0.344488 7.64916e-17]
}}
appearance Appearance{material Material{diffuseColor 0.8 0.8 0.8
transparency 0}}}
Shape { geometry IndexedFaceSet 
{ creaseAngle 0.50 coordIndex [0,1,2,-1,0,2,3,-1,4,5,6,-1,7,8,9,-1,7,9,10,-1,7,10,11,-1,7,11,4,-1,7,6,12,-1,7,12,13,-1,7,13,1,-1,7,4,6,-1,7,1,0,-1,14,0,15,-1,14,7,0,-1]
coord Coordinate { point [0.482283 -0.344488 0.03937,0.449649 -0.332111 0.03937,0.459412 -0.338851 0.03937,0.470505 -0.343057 0.03937,0.436268 -0.277824 0.03937,0.433429 -0.289343 0.03937,0.433429 -0.301207 0.03937,0.482283 -0.246062 0.03937,0.470505 -0.247493 0.03937,0.459412 -0.251699 0.03937,0.449649 -0.258439 0.03937,0.441781 -0.267319 0.03937,0.436268 -0.312726 0.03937,0.441781 -0.323231 0.03937,0.59055 -0.246062 0.03937,0.59055 -0.344488 0.03937]
}}
appearance Appearance{material Material{diffuseColor 0.8 0.8 0.8
transparency 0}}}
Shape { geometry IndexedFaceSet 
{ creaseAngle 0.50 coordIndex [0,1,2,-1,2,1,3,-1,3,1,4,-1,4,1,5,-1,6,7,8,-1,8,7,9,-1,9,7,10,-1,10,7,11,-1,11,7,12,-1,12,7,13,-1,13,7,0,-1,0,7,1,-1,1,14,15,-1,7,14,1,-1]
coord Coordinate { point [0.436268 -0.115876 2.57296e-17,0.482283 -0.147638 3.27821e-17,0.441781 -0.126381 2.80622e-17,0.449649 -0.135261 3.0034e-17,0.459412 -0.142001 3.15304e-17,0.470505 -0.146207 3.24646e-17,0.470505 -0.0506425 1.12449e-17,0.482283 -0.0492125 1.09274e-17,0.459412 -0.0548495 1.2179e-17,0.449649 -0.0615889 1.36755e-17,0.441781 -0.0704691 1.56473e-17,0.436268 -0.080974 1.79798e-17,0.433429 -0.0924931 2.05376e-17,0.433429 -0.104357 2.31719e-17,0.59055 -0.0492125 1.09274e-17,0.59055 -0.147638 3.27821e-17]
}}
appearance Appearance{material Material{diffuseColor 0.980392 0.980392 0.980392
transparency 0}}}
Shape { geometry IndexedFaceSet 
{ creaseAngle 0.50 coordIndex [0,1,2,-1,0,3,1,-1]
coord Coordinate { point [0.482283 -0.0492125 0.03937,0.59055 -0.0492125 1.09274e-17,0.482283 -0.0492125 1.09274e-17,0.59055 -0.0492125 0.03937]
}}
appearance Appearance{material Material{diffuseColor 0.8 0.8 0.8
transparency 0}}}
Shape { geometry IndexedFaceSet 
{ creaseAngle 0.50 coordIndex [0,1,2,-1,0,3,1,-1]
coord Coordinate { point [0.59055 -0.0492125 0.03937,0.59055 -0.147638 3.27821e-17,0.59055 -0.0492125 1.09274e-17,0.59055 -0.147638 0.03937]
}}
appearance Appearance{material Material{diffuseColor 0.8 0.8 0.8
transparency 0}}}
Shape { geometry IndexedFaceSet 
{ creaseAngle 0.50 coordIndex [0,1,2,-1,0,3,1,-1]
coord Coordinate { point [0.59055 -0.147638 0.03937,0.482283 -0.147638 3.27821e-17,0.59055 -0.147638 3.27821e-17,0.482283 -0.147638 0.03937]
}}
appearance Appearance{material Material{diffuseColor 0.8 0.8 0.8
transparency 0}}}
Shape { geometry IndexedFaceSet 
{ creaseAngle 0.50 coordIndex [0,1,2,-1,0,2,3,-1,4,3,5,-1,4,0,3,-1,6,5,7,-1,6,4,5,-1,8,7,9,-1,8,6,7,-1,10,9,11,-1,10,8,9,-1,12,11,13,-1,12,10,11,-1,14,13,15,-1,14,12,13,-1,16,15,17,-1,16,14,15,-1,18,17,19,-1,18,16,17,-1,20,19,21,-1,20,18,19,-1,22,21,23,-1,22,20,21,-1,24,23,25,-1,24,22,23,-1,26,25,27,-1,26,24,25,-1]
coord Coordinate { point [0.470505 -0.0506425 0.03937,0.482283 -0.0492125 0.03937,0.482283 -0.0492125 1.09274e-17,0.470505 -0.0506425 1.12449e-17,0.459412 -0.0548495 0.03937,0.459412 -0.0548495 1.2179e-17,0.449649 -0.0615889 0.03937,0.449649 -0.0615889 1.36755e-17,0.441781 -0.0704691 0.03937,0.441781 -0.0704691 1.56473e-17,0.436268 -0.080974 0.03937,0.436268 -0.080974 1.79798e-17,0.433429 -0.0924931 0.03937,0.433429 -0.0924931 2.05376e-17,0.433429 -0.104357 0.03937,0.433429 -0.104357 2.31719e-17,0.436268 -0.115876 0.03937,0.436268 -0.115876 2.57296e-17,0.441781 -0.126381 0.03937,0.441781 -0.126381 2.80622e-17,0.449649 -0.135261 0.03937,0.449649 -0.135261 3.0034e-17,0.459412 -0.142001 0.03937,0.459412 -0.142001 3.15304e-17,0.470505 -0.146207 0.03937,0.470505 -0.146207 3.24646e-17,0.482283 -0.147638 0.03937,0.482283 -0.147638 3.27821e-17]
}}
appearance Appearance{material Material{diffuseColor 0.8 0.8 0.8
transparency 0}}}
Shape { geometry IndexedFaceSet 
{ creaseAngle 0.50 coordIndex [0,1,2,-1,0,2,3,-1,0,3,4,-1,0,4,5,-1,6,7,8,-1,6,8,9,-1,6,9,10,-1,6,10,11,-1,6,11,12,-1,6,12,13,-1,6,13,1,-1,6,1,0,-1,14,0,15,-1,14,6,0,-1]
coord Coordinate { point [0.482283 -0.147638 0.03937,0.436268 -0.115876 0.03937,0.441781 -0.126381 0.03937,0.449649 -0.135261 0.03937,0.459412 -0.142001 0.03937,0.470505 -0.146207 0.03937,0.482283 -0.0492125 0.03937,0.470505 -0.0506425 0.03937,0.459412 -0.0548495 0.03937,0.449649 -0.0615889 0.03937,0.441781 -0.0704691 0.03937,0.436268 -0.080974 0.03937,0.433429 -0.0924931 0.03937,0.433429 -0.104357 0.03937,0.59055 -0.0492125 0.03937,0.59055 -0.147638 0.03937]
}}
appearance Appearance{material Material{diffuseColor 0.8 0.8 0.8
transparency 0}}}
Shape { geometry IndexedFaceSet 
{ creaseAngle 0.50 coordIndex [0,1,2,-1,2,1,3,-1,3,1,4,-1,4,1,5,-1,6,7,8,-1,8,7,9,-1,9,7,10,-1,10,7,11,-1,11,7,12,-1,12,7,13,-1,13,7,0,-1,0,7,1,-1,1,14,15,-1,7,14,1,-1]
coord Coordinate { point [0.436268 0.080974 -1.79798e-17,0.482283 0.0492125 -1.09274e-17,0.441781 0.0704691 -1.56473e-17,0.449649 0.0615889 -1.36755e-17,0.459412 0.0548495 -1.2179e-17,0.470505 0.0506425 -1.12449e-17,0.470505 0.146207 -3.24646e-17,0.482283 0.147638 -3.27821e-17,0.459412 0.142001 -3.15304e-17,0.449649 0.135261 -3.0034e-17,0.441781 0.126381 -2.80622e-17,0.436268 0.115876 -2.57296e-17,0.433429 0.104357 -2.31719e-17,0.433429 0.0924931 -2.05376e-17,0.59055 0.147638 -3.27821e-17,0.59055 0.0492125 -1.09274e-17]
}}
appearance Appearance{material Material{diffuseColor 0.980392 0.980392 0.980392
transparency 0}}}
Shape { geometry IndexedFaceSet 
{ creaseAngle 0.50 coordIndex [0,1,2,-1,0,3,1,-1]
coord Coordinate { point [0.482283 0.147638 0.03937,0.59055 0.147638 -3.27821e-17,0.482283 0.147638 -3.27821e-17,0.59055 0.147638 0.03937]
}}
appearance Appearance{material Material{diffuseColor 0.8 0.8 0.8
transparency 0}}}
Shape { geometry IndexedFaceSet 
{ creaseAngle 0.50 coordIndex [0,1,2,-1,0,3,1,-1]
coord Coordinate { point [0.59055 0.147638 0.03937,0.59055 0.0492125 -1.09274e-17,0.59055 0.147638 -3.27821e-17,0.59055 0.0492125 0.03937]
}}
appearance Appearance{material Material{diffuseColor 0.8 0.8 0.8
transparency 0}}}
Shape { geometry IndexedFaceSet 
{ creaseAngle 0.50 coordIndex [0,1,2,-1,0,3,1,-1]
coord Coordinate { point [0.59055 0.0492125 0.03937,0.482283 0.0492125 -1.09274e-17,0.59055 0.0492125 -1.09274e-17,0.482283 0.0492125 0.03937]
}}
appearance Appearance{material Material{diffuseColor 0.8 0.8 0.8
transparency 0}}}
Shape { geometry IndexedFaceSet 
{ creaseAngle 0.50 coordIndex [0,1,2,-1,0,2,3,-1,4,3,5,-1,4,0,3,-1,6,5,7,-1,6,4,5,-1,8,7,9,-1,8,6,7,-1,10,9,11,-1,10,8,9,-1,12,11,13,-1,12,10,11,-1,14,13,15,-1,14,12,13,-1,16,15,17,-1,16,14,15,-1,18,17,19,-1,18,16,17,-1,20,19,21,-1,20,18,19,-1,22,21,23,-1,22,20,21,-1,24,23,25,-1,24,22,23,-1,26,25,27,-1,26,24,25,-1]
coord Coordinate { point [0.470505 0.146207 0.03937,0.482283 0.147638 0.03937,0.482283 0.147638 -3.27821e-17,0.470505 0.146207 -3.24646e-17,0.459412 0.142001 0.03937,0.459412 0.142001 -3.15304e-17,0.449649 0.135261 0.03937,0.449649 0.135261 -3.0034e-17,0.441781 0.126381 0.03937,0.441781 0.126381 -2.80622e-17,0.436268 0.115876 0.03937,0.436268 0.115876 -2.57296e-17,0.433429 0.104357 0.03937,0.433429 0.104357 -2.31719e-17,0.433429 0.0924931 0.03937,0.433429 0.0924931 -2.05376e-17,0.436268 0.080974 0.03937,0.436268 0.080974 -1.79798e-17,0.441781 0.0704691 0.03937,0.441781 0.0704691 -1.56473e-17,0.449649 0.0615889 0.03937,0.449649 0.0615889 -1.36755e-17,0.459412 0.0548495 0.03937,0.459412 0.0548495 -1.2179e-17,0.470505 0.0506425 0.03937,0.470505 0.0506425 -1.12449e-17,0.482283 0.0492125 0.03937,0.482283 0.0492125 -1.09274e-17]
}}
appearance Appearance{material Material{diffuseColor 0.8 0.8 0.8
transparency 0}}}
Shape { geometry IndexedFaceSet 
{ creaseAngle 0.50 coordIndex [0,1,2,-1,0,2,3,-1,0,3,4,-1,0,4,5,-1,6,7,8,-1,6,8,9,-1,6,9,10,-1,6,10,11,-1,6,11,12,-1,6,12,13,-1,6,13,1,-1,6,1,0,-1,14,0,15,-1,14,6,0,-1]
coord Coordinate { point [0.482283 0.0492125 0.03937,0.436268 0.080974 0.03937,0.441781 0.0704691 0.03937,0.449649 0.0615889 0.03937,0.459412 0.0548495 0.03937,0.470505 0.0506425 0.03937,0.482283 0.147638 0.03937,0.470505 0.146207 0.03937,0.459412 0.142001 0.03937,0.449649 0.135261 0.03937,0.441781 0.126381 0.03937,0.436268 0.115876 0.03937,0.433429 0.104357 0.03937,0.433429 0.0924931 0.03937,0.59055 0.147638 0.03937,0.59055 0.0492125 0.03937]
}}
appearance Appearance{material Material{diffuseColor 0.8 0.8 0.8
transparency 0}}}
Shape { geometry IndexedFaceSet 
{ creaseAngle 0.50 coordIndex [0,1,2,-1,2,1,3,-1,4,5,6,-1,7,8,9,-1,9,8,10,-1,10,8,11,-1,11,8,5,-1,6,8,12,-1,12,8,13,-1,13,8,0,-1,5,8,6,-1,0,8,1,-1,1,14,15,-1,8,14,1,-1]
coord Coordinate { point [0.449649 0.258439 -5.7385e-17,0.482283 0.246062 -5.46369e-17,0.459412 0.251699 -5.58885e-17,0.470505 0.247493 -5.49544e-17,0.433429 0.301207 -6.68814e-17,0.436268 0.312726 -6.94391e-17,0.433429 0.289343 -6.42471e-17,0.470505 0.343057 -7.61741e-17,0.482283 0.344488 -7.64916e-17,0.459412 0.338851 -7.52399e-17,0.449649 0.332111 -7.37435e-17,0.441781 0.323231 -7.17717e-17,0.436268 0.277824 -6.16893e-17,0.441781 0.267319 -5.93568e-17,0.59055 0.344488 -7.64916e-17,0.59055 0.246062 -5.46369e-17]
}}
appearance Appearance{material Material{diffuseColor 0.980392 0.980392 0.980392
transparency 0}}}
Shape { geometry IndexedFaceSet 
{ creaseAngle 0.50 coordIndex [0,1,2,-1,0,3,1,-1]
coord Coordinate { point [0.482283 0.344488 0.03937,0.59055 0.344488 -7.64916e-17,0.482283 0.344488 -7.64916e-17,0.59055 0.344488 0.03937]
}}
appearance Appearance{material Material{diffuseColor 0.8 0.8 0.8
transparency 0}}}
Shape { geometry IndexedFaceSet 
{ creaseAngle 0.50 coordIndex [0,1,2,-1,0,3,1,-1]
coord Coordinate { point [0.59055 0.344488 0.03937,0.59055 0.246062 -5.46369e-17,0.59055 0.344488 -7.64916e-17,0.59055 0.246062 0.03937]
}}
appearance Appearance{material Material{diffuseColor 0.8 0.8 0.8
transparency 0}}}
Shape { geometry IndexedFaceSet 
{ creaseAngle 0.50 coordIndex [0,1,2,-1,0,3,1,-1]
coord Coordinate { point [0.59055 0.246062 0.03937,0.482283 0.246062 -5.46369e-17,0.59055 0.246062 -5.46369e-17,0.482283 0.246062 0.03937]
}}
appearance Appearance{material Material{diffuseColor 0.8 0.8 0.8
transparency 0}}}
Shape { geometry IndexedFaceSet 
{ creaseAngle 0.50 coordIndex [0,1,2,-1,0,2,3,-1,4,3,5,-1,4,0,3,-1,6,5,7,-1,6,4,5,-1,8,7,9,-1,8,6,7,-1,10,9,11,-1,10,8,9,-1,12,11,13,-1,12,10,11,-1,14,13,15,-1,14,12,13,-1,16,15,17,-1,16,14,15,-1,18,17,19,-1,18,16,17,-1,20,19,21,-1,20,18,19,-1,22,21,23,-1,22,20,21,-1,24,23,25,-1,24,22,23,-1,26,25,27,-1,26,24,25,-1]
coord Coordinate { point [0.470505 0.343057 0.03937,0.482283 0.344488 0.03937,0.482283 0.344488 -7.64916e-17,0.470505 0.343057 -7.61741e-17,0.459412 0.338851 0.03937,0.459412 0.338851 -7.52399e-17,0.449649 0.332111 0.03937,0.449649 0.332111 -7.37435e-17,0.441781 0.323231 0.03937,0.441781 0.323231 -7.17717e-17,0.436268 0.312726 0.03937,0.436268 0.312726 -6.94391e-17,0.433429 0.301207 0.03937,0.433429 0.301207 -6.68814e-17,0.433429 0.289343 0.03937,0.433429 0.289343 -6.42471e-17,0.436268 0.277824 0.03937,0.436268 0.277824 -6.16893e-17,0.441781 0.267319 0.03937,0.441781 0.267319 -5.93568e-17,0.449649 0.258439 0.03937,0.449649 0.258439 -5.7385e-17,0.459412 0.251699 0.03937,0.459412 0.251699 -5.58885e-17,0.470505 0.247493 0.03937,0.470505 0.247493 -5.49544e-17,0.482283 0.246062 0.03937,0.482283 0.246062 -5.46369e-17]
}}
appearance Appearance{material Material{diffuseColor 0.8 0.8 0.8
transparency 0}}}
Shape { geometry IndexedFaceSet 
{ creaseAngle 0.50 coordIndex [0,1,2,-1,0,2,3,-1,4,5,6,-1,7,8,9,-1,7,9,10,-1,7,10,11,-1,7,11,4,-1,7,6,12,-1,7,12,13,-1,7,13,1,-1,7,4,6,-1,7,1,0,-1,14,0,15,-1,14,7,0,-1]
coord Coordinate { point [0.482283 0.246062 0.03937,0.449649 0.258439 0.03937,0.459412 0.251699 0.03937,0.470505 0.247493 0.03937,0.436268 0.312726 0.03937,0.433429 0.301207 0.03937,0.433429 0.289343 0.03937,0.482283 0.344488 0.03937,0.470505 0.343057 0.03937,0.459412 0.338851 0.03937,0.449649 0.332111 0.03937,0.441781 0.323231 0.03937,0.436268 0.277824 0.03937,0.441781 0.267319 0.03937,0.59055 0.344488 0.03937,0.59055 0.246062 0.03937]
}}
appearance Appearance{material Material{diffuseColor 0.8 0.8 0.8
transparency 0}}}
Shape { geometry IndexedFaceSet 
{ creaseAngle 0.50 coordIndex [0,1,2,-1,3,4,5,-1,6,7,8,-1,6,8,0,-1,9,10,11,-1,9,11,12,-1,9,12,13,-1,9,13,6,-1,9,2,4,-1,9,0,2,-1,9,4,3,-1,9,6,0,-1,14,3,15,-1,14,9,3,-1]
coord Coordinate { point [-0.436268 -0.509576 1.13149e-16,-0.441781 -0.520081 1.15481e-16,-0.449649 -0.528961 1.17453e-16,-0.482283 -0.541338 1.20201e-16,-0.459412 -0.535701 1.18949e-16,-0.470505 -0.539907 1.19884e-16,-0.436268 -0.474674 1.05399e-16,-0.433429 -0.486193 1.07957e-16,-0.433429 -0.498057 1.10591e-16,-0.482283 -0.442912 9.83463e-17,-0.470505 -0.444343 9.86639e-17,-0.459412 -0.448549 9.9598e-17,-0.449649 -0.455289 1.01094e-16,-0.441781 -0.464169 1.03066e-16,-0.59055 -0.442912 9.83463e-17,-0.59055 -0.541338 1.20201e-16]
}}
appearance Appearance{material Material{diffuseColor 0.980392 0.980392 0.980392
transparency 0}}}
Shape { geometry IndexedFaceSet 
{ creaseAngle 0.50 coordIndex [0,1,2,-1,3,1,0,-1]
coord Coordinate { point [-0.59055 -0.442912 9.83463e-17,-0.482283 -0.442912 0.03937,-0.482283 -0.442912 9.83463e-17,-0.59055 -0.442912 0.03937]
}}
appearance Appearance{material Material{diffuseColor 0.8 0.8 0.8
transparency 0}}}
Shape { geometry IndexedFaceSet 
{ creaseAngle 0.50 coordIndex [0,1,2,-1,0,2,3,-1,4,3,5,-1,4,0,3,-1,6,5,7,-1,6,4,5,-1,8,7,9,-1,8,6,7,-1,10,9,11,-1,10,8,9,-1,12,11,13,-1,12,10,11,-1,14,13,15,-1,14,12,13,-1,16,15,17,-1,16,14,15,-1,18,17,19,-1,18,16,17,-1,20,19,21,-1,20,18,19,-1,22,21,23,-1,22,20,21,-1,24,23,25,-1,24,22,23,-1,26,25,27,-1,26,24,25,-1]
coord Coordinate { point [-0.470505 -0.444343 9.86639e-17,-0.482283 -0.442912 9.83463e-17,-0.482283 -0.442912 0.03937,-0.470505 -0.444343 0.03937,-0.459412 -0.448549 9.9598e-17,-0.459412 -0.448549 0.03937,-0.449649 -0.455289 1.01094e-16,-0.449649 -0.455289 0.03937,-0.441781 -0.464169 1.03066e-16,-0.441781 -0.464169 0.03937,-0.436268 -0.474674 1.05399e-16,-0.436268 -0.474674 0.03937,-0.433429 -0.486193 1.07957e-16,-0.433429 -0.486193 0.03937,-0.433429 -0.498057 1.10591e-16,-0.433429 -0.498057 0.03937,-0.436268 -0.509576 1.13149e-16,-0.436268 -0.509576 0.03937,-0.441781 -0.520081 1.15481e-16,-0.441781 -0.520081 0.03937,-0.449649 -0.528961 1.17453e-16,-0.449649 -0.528961 0.03937,-0.459412 -0.535701 1.18949e-16,-0.459412 -0.535701 0.03937,-0.470505 -0.539907 1.19884e-16,-0.470505 -0.539907 0.03937,-0.482283 -0.541338 1.20201e-16,-0.482283 -0.541338 0.03937]
}}
appearance Appearance{material Material{diffuseColor 0.8 0.8 0.8
transparency 0}}}
Shape { geometry IndexedFaceSet 
{ creaseAngle 0.50 coordIndex [0,1,2,-1,3,1,0,-1]
coord Coordinate { point [-0.482283 -0.541338 1.20201e-16,-0.59055 -0.541338 0.03937,-0.59055 -0.541338 1.20201e-16,-0.482283 -0.541338 0.03937]
}}
appearance Appearance{material Material{diffuseColor 0.8 0.8 0.8
transparency 0}}}
Shape { geometry IndexedFaceSet 
{ creaseAngle 0.50 coordIndex [0,1,2,-1,3,1,0,-1]
coord Coordinate { point [-0.59055 -0.541338 1.20201e-16,-0.59055 -0.442912 0.03937,-0.59055 -0.442912 9.83463e-17,-0.59055 -0.541338 0.03937]
}}
appearance Appearance{material Material{diffuseColor 0.8 0.8 0.8
transparency 0}}}
Shape { geometry IndexedFaceSet 
{ creaseAngle 0.50 coordIndex [0,1,2,-1,3,4,5,-1,6,7,8,-1,8,7,1,-1,9,10,11,-1,11,10,12,-1,12,10,13,-1,13,10,7,-1,2,10,3,-1,1,10,2,-1,3,10,4,-1,7,10,1,-1,4,14,15,-1,10,14,4,-1]
coord Coordinate { point [-0.441781 -0.520081 0.03937,-0.436268 -0.509576 0.03937,-0.449649 -0.528961 0.03937,-0.459412 -0.535701 0.03937,-0.482283 -0.541338 0.03937,-0.470505 -0.539907 0.03937,-0.433429 -0.486193 0.03937,-0.436268 -0.474674 0.03937,-0.433429 -0.498057 0.03937,-0.470505 -0.444343 0.03937,-0.482283 -0.442912 0.03937,-0.459412 -0.448549 0.03937,-0.449649 -0.455289 0.03937,-0.441781 -0.464169 0.03937,-0.59055 -0.442912 0.03937,-0.59055 -0.541338 0.03937]
}}
appearance Appearance{material Material{diffuseColor 0.8 0.8 0.8
transparency 0}}}
Shape { geometry IndexedFaceSet 
{ creaseAngle 0.50 coordIndex [0,1,2,-1,0,2,3,-1,4,5,6,-1,7,8,9,-1,7,9,10,-1,7,10,11,-1,7,11,4,-1,7,6,12,-1,7,12,13,-1,7,13,1,-1,7,4,6,-1,7,1,0,-1,14,0,15,-1,14,7,0,-1]
coord Coordinate { point [-0.482283 -0.344488 7.64916e-17,-0.449649 -0.332111 7.37435e-17,-0.459412 -0.338851 7.52399e-17,-0.470505 -0.343057 7.61741e-17,-0.436268 -0.277824 6.16893e-17,-0.433429 -0.289343 6.42471e-17,-0.433429 -0.301207 6.68814e-17,-0.482283 -0.246062 5.46369e-17,-0.470505 -0.247493 5.49544e-17,-0.459412 -0.251699 5.58885e-17,-0.449649 -0.258439 5.7385e-17,-0.441781 -0.267319 5.93568e-17,-0.436268 -0.312726 6.94391e-17,-0.441781 -0.323231 7.17717e-17,-0.59055 -0.246062 5.46369e-17,-0.59055 -0.344488 7.64916e-17]
}}
appearance Appearance{material Material{diffuseColor 0.980392 0.980392 0.980392
transparency 0}}}
Shape { geometry IndexedFaceSet 
{ creaseAngle 0.50 coordIndex [0,1,2,-1,3,1,0,-1]
coord Coordinate { point [-0.59055 -0.246062 5.46369e-17,-0.482283 -0.246062 0.03937,-0.482283 -0.246062 5.46369e-17,-0.59055 -0.246062 0.03937]
}}
appearance Appearance{material Material{diffuseColor 0.8 0.8 0.8
transparency 0}}}
Shape { geometry IndexedFaceSet 
{ creaseAngle 0.50 coordIndex [0,1,2,-1,0,2,3,-1,4,3,5,-1,4,0,3,-1,6,5,7,-1,6,4,5,-1,8,7,9,-1,8,6,7,-1,10,9,11,-1,10,8,9,-1,12,11,13,-1,12,10,11,-1,14,13,15,-1,14,12,13,-1,16,15,17,-1,16,14,15,-1,18,17,19,-1,18,16,17,-1,20,19,21,-1,20,18,19,-1,22,21,23,-1,22,20,21,-1,24,23,25,-1,24,22,23,-1,26,25,27,-1,26,24,25,-1]
coord Coordinate { point [-0.470505 -0.247493 5.49544e-17,-0.482283 -0.246062 5.46369e-17,-0.482283 -0.246062 0.03937,-0.470505 -0.247493 0.03937,-0.459412 -0.251699 5.58885e-17,-0.459412 -0.251699 0.03937,-0.449649 -0.258439 5.7385e-17,-0.449649 -0.258439 0.03937,-0.441781 -0.267319 5.93568e-17,-0.441781 -0.267319 0.03937,-0.436268 -0.277824 6.16893e-17,-0.436268 -0.277824 0.03937,-0.433429 -0.289343 6.42471e-17,-0.433429 -0.289343 0.03937,-0.433429 -0.301207 6.68814e-17,-0.433429 -0.301207 0.03937,-0.436268 -0.312726 6.94391e-17,-0.436268 -0.312726 0.03937,-0.441781 -0.323231 7.17717e-17,-0.441781 -0.323231 0.03937,-0.449649 -0.332111 7.37435e-17,-0.449649 -0.332111 0.03937,-0.459412 -0.338851 7.52399e-17,-0.459412 -0.338851 0.03937,-0.470505 -0.343057 7.61741e-17,-0.470505 -0.343057 0.03937,-0.482283 -0.344488 7.64916e-17,-0.482283 -0.344488 0.03937]
}}
appearance Appearance{material Material{diffuseColor 0.8 0.8 0.8
transparency 0}}}
Shape { geometry IndexedFaceSet 
{ creaseAngle 0.50 coordIndex [0,1,2,-1,3,1,0,-1]
coord Coordinate { point [-0.482283 -0.344488 7.64916e-17,-0.59055 -0.344488 0.03937,-0.59055 -0.344488 7.64916e-17,-0.482283 -0.344488 0.03937]
}}
appearance Appearance{material Material{diffuseColor 0.8 0.8 0.8
transparency 0}}}
Shape { geometry IndexedFaceSet 
{ creaseAngle 0.50 coordIndex [0,1,2,-1,3,1,0,-1]
coord Coordinate { point [-0.59055 -0.344488 7.64916e-17,-0.59055 -0.246062 0.03937,-0.59055 -0.246062 5.46369e-17,-0.59055 -0.344488 0.03937]
}}
appearance Appearance{material Material{diffuseColor 0.8 0.8 0.8
transparency 0}}}
Shape { geometry IndexedFaceSet 
{ creaseAngle 0.50 coordIndex [0,1,2,-1,2,1,3,-1,4,5,6,-1,7,8,9,-1,9,8,10,-1,10,8,11,-1,11,8,5,-1,6,8,12,-1,12,8,13,-1,13,8,0,-1,5,8,6,-1,0,8,1,-1,1,14,15,-1,8,14,1,-1]
coord Coordinate { point [-0.449649 -0.332111 0.03937,-0.482283 -0.344488 0.03937,-0.459412 -0.338851 0.03937,-0.470505 -0.343057 0.03937,-0.433429 -0.289343 0.03937,-0.436268 -0.277824 0.03937,-0.433429 -0.301207 0.03937,-0.470505 -0.247493 0.03937,-0.482283 -0.246062 0.03937,-0.459412 -0.251699 0.03937,-0.449649 -0.258439 0.03937,-0.441781 -0.267319 0.03937,-0.436268 -0.312726 0.03937,-0.441781 -0.323231 0.03937,-0.59055 -0.246062 0.03937,-0.59055 -0.344488 0.03937]
}}
appearance Appearance{material Material{diffuseColor 0.8 0.8 0.8
transparency 0}}}
Shape { geometry IndexedFaceSet 
{ creaseAngle 0.50 coordIndex [0,1,2,-1,0,2,3,-1,0,3,4,-1,0,4,5,-1,6,7,8,-1,6,8,9,-1,6,9,10,-1,6,10,11,-1,6,11,12,-1,6,12,13,-1,6,13,1,-1,6,1,0,-1,14,0,15,-1,14,6,0,-1]
coord Coordinate { point [-0.482283 -0.147638 3.27821e-17,-0.436268 -0.115876 2.57296e-17,-0.441781 -0.126381 2.80622e-17,-0.449649 -0.135261 3.0034e-17,-0.459412 -0.142001 3.15304e-17,-0.470505 -0.146207 3.24646e-17,-0.482283 -0.0492125 1.09274e-17,-0.470505 -0.0506425 1.12449e-17,-0.459412 -0.0548495 1.2179e-17,-0.449649 -0.0615889 1.36755e-17,-0.441781 -0.0704691 1.56473e-17,-0.436268 -0.080974 1.79798e-17,-0.433429 -0.0924931 2.05376e-17,-0.433429 -0.104357 2.31719e-17,-0.59055 -0.0492125 1.09274e-17,-0.59055 -0.147638 3.27821e-17]
}}
appearance Appearance{material Material{diffuseColor 0.980392 0.980392 0.980392
transparency 0}}}
Shape { geometry IndexedFaceSet 
{ creaseAngle 0.50 coordIndex [0,1,2,-1,3,1,0,-1]
coord Coordinate { point [-0.59055 -0.0492125 1.09274e-17,-0.482283 -0.0492125 0.03937,-0.482283 -0.0492125 1.09274e-17,-0.59055 -0.0492125 0.03937]
}}
appearance Appearance{material Material{diffuseColor 0.8 0.8 0.8
transparency 0}}}
Shape { geometry IndexedFaceSet 
{ creaseAngle 0.50 coordIndex [0,1,2,-1,0,2,3,-1,4,3,5,-1,4,0,3,-1,6,5,7,-1,6,4,5,-1,8,7,9,-1,8,6,7,-1,10,9,11,-1,10,8,9,-1,12,11,13,-1,12,10,11,-1,14,13,15,-1,14,12,13,-1,16,15,17,-1,16,14,15,-1,18,17,19,-1,18,16,17,-1,20,19,21,-1,20,18,19,-1,22,21,23,-1,22,20,21,-1,24,23,25,-1,24,22,23,-1,26,25,27,-1,26,24,25,-1]
coord Coordinate { point [-0.470505 -0.0506425 1.12449e-17,-0.482283 -0.0492125 1.09274e-17,-0.482283 -0.0492125 0.03937,-0.470505 -0.0506425 0.03937,-0.459412 -0.0548495 1.2179e-17,-0.459412 -0.0548495 0.03937,-0.449649 -0.0615889 1.36755e-17,-0.449649 -0.0615889 0.03937,-0.441781 -0.0704691 1.56473e-17,-0.441781 -0.0704691 0.03937,-0.436268 -0.080974 1.79798e-17,-0.436268 -0.080974 0.03937,-0.433429 -0.0924931 2.05376e-17,-0.433429 -0.0924931 0.03937,-0.433429 -0.104357 2.31719e-17,-0.433429 -0.104357 0.03937,-0.436268 -0.115876 2.57296e-17,-0.436268 -0.115876 0.03937,-0.441781 -0.126381 2.80622e-17,-0.441781 -0.126381 0.03937,-0.449649 -0.135261 3.0034e-17,-0.449649 -0.135261 0.03937,-0.459412 -0.142001 3.15304e-17,-0.459412 -0.142001 0.03937,-0.470505 -0.146207 3.24646e-17,-0.470505 -0.146207 0.03937,-0.482283 -0.147638 3.27821e-17,-0.482283 -0.147638 0.03937]
}}
appearance Appearance{material Material{diffuseColor 0.8 0.8 0.8
transparency 0}}}
Shape { geometry IndexedFaceSet 
{ creaseAngle 0.50 coordIndex [0,1,2,-1,3,1,0,-1]
coord Coordinate { point [-0.482283 -0.147638 3.27821e-17,-0.59055 -0.147638 0.03937,-0.59055 -0.147638 3.27821e-17,-0.482283 -0.147638 0.03937]
}}
appearance Appearance{material Material{diffuseColor 0.8 0.8 0.8
transparency 0}}}
Shape { geometry IndexedFaceSet 
{ creaseAngle 0.50 coordIndex [0,1,2,-1,3,1,0,-1]
coord Coordinate { point [-0.59055 -0.147638 3.27821e-17,-0.59055 -0.0492125 0.03937,-0.59055 -0.0492125 1.09274e-17,-0.59055 -0.147638 0.03937]
}}
appearance Appearance{material Material{diffuseColor 0.8 0.8 0.8
transparency 0}}}
Shape { geometry IndexedFaceSet 
{ creaseAngle 0.50 coordIndex [0,1,2,-1,2,1,3,-1,3,1,4,-1,4,1,5,-1,6,7,8,-1,8,7,9,-1,9,7,10,-1,10,7,11,-1,11,7,12,-1,12,7,13,-1,13,7,0,-1,0,7,1,-1,1,14,15,-1,7,14,1,-1]
coord Coordinate { point [-0.436268 -0.115876 0.03937,-0.482283 -0.147638 0.03937,-0.441781 -0.126381 0.03937,-0.449649 -0.135261 0.03937,-0.459412 -0.142001 0.03937,-0.470505 -0.146207 0.03937,-0.470505 -0.0506425 0.03937,-0.482283 -0.0492125 0.03937,-0.459412 -0.0548495 0.03937,-0.449649 -0.0615889 0.03937,-0.441781 -0.0704691 0.03937,-0.436268 -0.080974 0.03937,-0.433429 -0.0924931 0.03937,-0.433429 -0.104357 0.03937,-0.59055 -0.0492125 0.03937,-0.59055 -0.147638 0.03937]
}}
appearance Appearance{material Material{diffuseColor 0.8 0.8 0.8
transparency 0}}}
Shape { geometry IndexedFaceSet 
{ creaseAngle 0.50 coordIndex [0,1,2,-1,0,2,3,-1,0,3,4,-1,0,4,5,-1,6,7,8,-1,6,8,9,-1,6,9,10,-1,6,10,11,-1,6,11,12,-1,6,12,13,-1,6,13,1,-1,6,1,0,-1,14,0,15,-1,14,6,0,-1]
coord Coordinate { point [-0.482283 0.0492125 -1.09274e-17,-0.436268 0.080974 -1.79798e-17,-0.441781 0.0704691 -1.56473e-17,-0.449649 0.0615889 -1.36755e-17,-0.459412 0.0548495 -1.2179e-17,-0.470505 0.0506425 -1.12449e-17,-0.482283 0.147638 -3.27821e-17,-0.470505 0.146207 -3.24646e-17,-0.459412 0.142001 -3.15304e-17,-0.449649 0.135261 -3.0034e-17,-0.441781 0.126381 -2.80622e-17,-0.436268 0.115876 -2.57296e-17,-0.433429 0.104357 -2.31719e-17,-0.433429 0.0924931 -2.05376e-17,-0.59055 0.147638 -3.27821e-17,-0.59055 0.0492125 -1.09274e-17]
}}
appearance Appearance{material Material{diffuseColor 0.980392 0.980392 0.980392
transparency 0}}}
Shape { geometry IndexedFaceSet 
{ creaseAngle 0.50 coordIndex [0,1,2,-1,3,1,0,-1]
coord Coordinate { point [-0.59055 0.147638 -3.27821e-17,-0.482283 0.147638 0.03937,-0.482283 0.147638 -3.27821e-17,-0.59055 0.147638 0.03937]
}}
appearance Appearance{material Material{diffuseColor 0.8 0.8 0.8
transparency 0}}}
Shape { geometry IndexedFaceSet 
{ creaseAngle 0.50 coordIndex [0,1,2,-1,0,2,3,-1,4,3,5,-1,4,0,3,-1,6,5,7,-1,6,4,5,-1,8,7,9,-1,8,6,7,-1,10,9,11,-1,10,8,9,-1,12,11,13,-1,12,10,11,-1,14,13,15,-1,14,12,13,-1,16,15,17,-1,16,14,15,-1,18,17,19,-1,18,16,17,-1,20,19,21,-1,20,18,19,-1,22,21,23,-1,22,20,21,-1,24,23,25,-1,24,22,23,-1,26,25,27,-1,26,24,25,-1]
coord Coordinate { point [-0.470505 0.146207 -3.24646e-17,-0.482283 0.147638 -3.27821e-17,-0.482283 0.147638 0.03937,-0.470505 0.146207 0.03937,-0.459412 0.142001 -3.15304e-17,-0.459412 0.142001 0.03937,-0.449649 0.135261 -3.0034e-17,-0.449649 0.135261 0.03937,-0.441781 0.126381 -2.80622e-17,-0.441781 0.126381 0.03937,-0.436268 0.115876 -2.57296e-17,-0.436268 0.115876 0.03937,-0.433429 0.104357 -2.31719e-17,-0.433429 0.104357 0.03937,-0.433429 0.0924931 -2.05376e-17,-0.433429 0.0924931 0.03937,-0.436268 0.080974 -1.79798e-17,-0.436268 0.080974 0.03937,-0.441781 0.0704691 -1.56473e-17,-0.441781 0.0704691 0.03937,-0.449649 0.0615889 -1.36755e-17,-0.449649 0.0615889 0.03937,-0.459412 0.0548495 -1.2179e-17,-0.459412 0.0548495 0.03937,-0.470505 0.0506425 -1.12449e-17,-0.470505 0.0506425 0.03937,-0.482283 0.0492125 -1.09274e-17,-0.482283 0.0492125 0.03937]
}}
appearance Appearance{material Material{diffuseColor 0.8 0.8 0.8
transparency 0}}}
Shape { geometry IndexedFaceSet 
{ creaseAngle 0.50 coordIndex [0,1,2,-1,3,1,0,-1]
coord Coordinate { point [-0.482283 0.0492125 -1.09274e-17,-0.59055 0.0492125 0.03937,-0.59055 0.0492125 -1.09274e-17,-0.482283 0.0492125 0.03937]
}}
appearance Appearance{material Material{diffuseColor 0.8 0.8 0.8
transparency 0}}}
Shape { geometry IndexedFaceSet 
{ creaseAngle 0.50 coordIndex [0,1,2,-1,3,1,0,-1]
coord Coordinate { point [-0.59055 0.0492125 -1.09274e-17,-0.59055 0.147638 0.03937,-0.59055 0.147638 -3.27821e-17,-0.59055 0.0492125 0.03937]
}}
appearance Appearance{material Material{diffuseColor 0.8 0.8 0.8
transparency 0}}}
Shape { geometry IndexedFaceSet 
{ creaseAngle 0.50 coordIndex [0,1,2,-1,2,1,3,-1,3,1,4,-1,4,1,5,-1,6,7,8,-1,8,7,9,-1,9,7,10,-1,10,7,11,-1,11,7,12,-1,12,7,13,-1,13,7,0,-1,0,7,1,-1,1,14,15,-1,7,14,1,-1]
coord Coordinate { point [-0.436268 0.080974 0.03937,-0.482283 0.0492125 0.03937,-0.441781 0.0704691 0.03937,-0.449649 0.0615889 0.03937,-0.459412 0.0548495 0.03937,-0.470505 0.0506425 0.03937,-0.470505 0.146207 0.03937,-0.482283 0.147638 0.03937,-0.459412 0.142001 0.03937,-0.449649 0.135261 0.03937,-0.441781 0.126381 0.03937,-0.436268 0.115876 0.03937,-0.433429 0.104357 0.03937,-0.433429 0.0924931 0.03937,-0.59055 0.147638 0.03937,-0.59055 0.0492125 0.03937]
}}
appearance Appearance{material Material{diffuseColor 0.8 0.8 0.8
transparency 0}}}
Shape { geometry IndexedFaceSet 
{ creaseAngle 0.50 coordIndex [0,1,2,-1,0,2,3,-1,4,5,6,-1,7,8,9,-1,7,9,10,-1,7,10,11,-1,7,11,4,-1,7,6,12,-1,7,12,13,-1,7,13,1,-1,7,4,6,-1,7,1,0,-1,14,0,15,-1,14,7,0,-1]
coord Coordinate { point [-0.482283 0.246062 -5.46369e-17,-0.449649 0.258439 -5.7385e-17,-0.459412 0.251699 -5.58885e-17,-0.470505 0.247493 -5.49544e-17,-0.436268 0.312726 -6.94391e-17,-0.433429 0.301207 -6.68814e-17,-0.433429 0.289343 -6.42471e-17,-0.482283 0.344488 -7.64916e-17,-0.470505 0.343057 -7.61741e-17,-0.459412 0.338851 -7.52399e-17,-0.449649 0.332111 -7.37435e-17,-0.441781 0.323231 -7.17717e-17,-0.436268 0.277824 -6.16893e-17,-0.441781 0.267319 -5.93568e-17,-0.59055 0.344488 -7.64916e-17,-0.59055 0.246062 -5.46369e-17]
}}
appearance Appearance{material Material{diffuseColor 0.980392 0.980392 0.980392
transparency 0}}}
Shape { geometry IndexedFaceSet 
{ creaseAngle 0.50 coordIndex [0,1,2,-1,3,1,0,-1]
coord Coordinate { point [-0.59055 0.344488 -7.64916e-17,-0.482283 0.344488 0.03937,-0.482283 0.344488 -7.64916e-17,-0.59055 0.344488 0.03937]
}}
appearance Appearance{material Material{diffuseColor 0.8 0.8 0.8
transparency 0}}}
Shape { geometry IndexedFaceSet 
{ creaseAngle 0.50 coordIndex [0,1,2,-1,0,2,3,-1,4,3,5,-1,4,0,3,-1,6,5,7,-1,6,4,5,-1,8,7,9,-1,8,6,7,-1,10,9,11,-1,10,8,9,-1,12,11,13,-1,12,10,11,-1,14,13,15,-1,14,12,13,-1,16,15,17,-1,16,14,15,-1,18,17,19,-1,18,16,17,-1,20,19,21,-1,20,18,19,-1,22,21,23,-1,22,20,21,-1,24,23,25,-1,24,22,23,-1,26,25,27,-1,26,24,25,-1]
coord Coordinate { point [-0.470505 0.343057 -7.61741e-17,-0.482283 0.344488 -7.64916e-17,-0.482283 0.344488 0.03937,-0.470505 0.343057 0.03937,-0.459412 0.338851 -7.52399e-17,-0.459412 0.338851 0.03937,-0.449649 0.332111 -7.37435e-17,-0.449649 0.332111 0.03937,-0.441781 0.323231 -7.17717e-17,-0.441781 0.323231 0.03937,-0.436268 0.312726 -6.94391e-17,-0.436268 0.312726 0.03937,-0.433429 0.301207 -6.68814e-17,-0.433429 0.301207 0.03937,-0.433429 0.289343 -6.42471e-17,-0.433429 0.289343 0.03937,-0.436268 0.277824 -6.16893e-17,-0.436268 0.277824 0.03937,-0.441781 0.267319 -5.93568e-17,-0.441781 0.267319 0.03937,-0.449649 0.258439 -5.7385e-17,-0.449649 0.258439 0.03937,-0.459412 0.251699 -5.58885e-17,-0.459412 0.251699 0.03937,-0.470505 0.247493 -5.49544e-17,-0.470505 0.247493 0.03937,-0.482283 0.246062 -5.46369e-17,-0.482283 0.246062 0.03937]
}}
appearance Appearance{material Material{diffuseColor 0.8 0.8 0.8
transparency 0}}}
Shape { geometry IndexedFaceSet 
{ creaseAngle 0.50 coordIndex [0,1,2,-1,3,1,0,-1]
coord Coordinate { point [-0.482283 0.246062 -5.46369e-17,-0.59055 0.246062 0.03937,-0.59055 0.246062 -5.46369e-17,-0.482283 0.246062 0.03937]
}}
appearance Appearance{material Material{diffuseColor 0.8 0.8 0.8
transparency 0}}}
Shape { geometry IndexedFaceSet 
{ creaseAngle 0.50 coordIndex [0,1,2,-1,3,1,0,-1]
coord Coordinate { point [-0.59055 0.246062 -5.46369e-17,-0.59055 0.344488 0.03937,-0.59055 0.344488 -7.64916e-17,-0.59055 0.246062 0.03937]
}}
appearance Appearance{material Material{diffuseColor 0.8 0.8 0.8
transparency 0}}}
Shape { geometry IndexedFaceSet 
{ creaseAngle 0.50 coordIndex [0,1,2,-1,2,1,3,-1,4,5,6,-1,7,8,9,-1,9,8,10,-1,10,8,11,-1,11,8,5,-1,6,8,12,-1,12,8,13,-1,13,8,0,-1,5,8,6,-1,0,8,1,-1,1,14,15,-1,8,14,1,-1]
coord Coordinate { point [-0.449649 0.258439 0.03937,-0.482283 0.246062 0.03937,-0.459412 0.251699 0.03937,-0.470505 0.247493 0.03937,-0.433429 0.301207 0.03937,-0.436268 0.312726 0.03937,-0.433429 0.289343 0.03937,-0.470505 0.343057 0.03937,-0.482283 0.344488 0.03937,-0.459412 0.338851 0.03937,-0.449649 0.332111 0.03937,-0.441781 0.323231 0.03937,-0.436268 0.277824 0.03937,-0.441781 0.267319 0.03937,-0.59055 0.344488 0.03937,-0.59055 0.246062 0.03937]
}}
appearance Appearance{material Material{diffuseColor 0.8 0.8 0.8
transparency 0}}}
Shape { geometry IndexedFaceSet 
{ creaseAngle 0.50 coordIndex [0,1,2,-1,3,4,5,-1,6,7,8,-1,8,7,1,-1,9,10,11,-1,11,10,12,-1,12,10,13,-1,13,10,7,-1,2,10,3,-1,1,10,2,-1,3,10,4,-1,7,10,1,-1,4,14,15,-1,10,14,4,-1]
coord Coordinate { point [0.441781 0.464169 -1.03066e-16,0.436268 0.474674 -1.05399e-16,0.449649 0.455289 -1.01094e-16,0.459412 0.448549 -9.9598e-17,0.482283 0.442912 -9.83463e-17,0.470505 0.444343 -9.86639e-17,0.433429 0.498057 -1.10591e-16,0.436268 0.509576 -1.13149e-16,0.433429 0.486193 -1.07957e-16,0.470505 0.539907 -1.19884e-16,0.482283 0.541338 -1.20201e-16,0.459412 0.535701 -1.18949e-16,0.449649 0.528961 -1.17453e-16,0.441781 0.520081 -1.15481e-16,0.59055 0.541338 -1.20201e-16,0.59055 0.442912 -9.83463e-17]
}}
appearance Appearance{material Material{diffuseColor 0.980392 0.980392 0.980392
transparency 0}}}
Shape { geometry IndexedFaceSet 
{ creaseAngle 0.50 coordIndex [0,1,2,-1,0,3,1,-1]
coord Coordinate { point [0.482283 0.541338 0.03937,0.59055 0.541338 -1.20201e-16,0.482283 0.541338 -1.20201e-16,0.59055 0.541338 0.03937]
}}
appearance Appearance{material Material{diffuseColor 0.8 0.8 0.8
transparency 0}}}
Shape { geometry IndexedFaceSet 
{ creaseAngle 0.50 coordIndex [0,1,2,-1,0,3,1,-1]
coord Coordinate { point [0.59055 0.541338 0.03937,0.59055 0.442912 -9.83463e-17,0.59055 0.541338 -1.20201e-16,0.59055 0.442912 0.03937]
}}
appearance Appearance{material Material{diffuseColor 0.8 0.8 0.8
transparency 0}}}
Shape { geometry IndexedFaceSet 
{ creaseAngle 0.50 coordIndex [0,1,2,-1,0,3,1,-1]
coord Coordinate { point [0.59055 0.442912 0.03937,0.482283 0.442912 -9.83463e-17,0.59055 0.442912 -9.83463e-17,0.482283 0.442912 0.03937]
}}
appearance Appearance{material Material{diffuseColor 0.8 0.8 0.8
transparency 0}}}
Shape { geometry IndexedFaceSet 
{ creaseAngle 0.50 coordIndex [0,1,2,-1,0,2,3,-1,4,3,5,-1,4,0,3,-1,6,5,7,-1,6,4,5,-1,8,7,9,-1,8,6,7,-1,10,9,11,-1,10,8,9,-1,12,11,13,-1,12,10,11,-1,14,13,15,-1,14,12,13,-1,16,15,17,-1,16,14,15,-1,18,17,19,-1,18,16,17,-1,20,19,21,-1,20,18,19,-1,22,21,23,-1,22,20,21,-1,24,23,25,-1,24,22,23,-1,26,25,27,-1,26,24,25,-1]
coord Coordinate { point [0.470505 0.539907 0.03937,0.482283 0.541338 0.03937,0.482283 0.541338 -1.20201e-16,0.470505 0.539907 -1.19884e-16,0.459412 0.535701 0.03937,0.459412 0.535701 -1.18949e-16,0.449649 0.528961 0.03937,0.449649 0.528961 -1.17453e-16,0.441781 0.520081 0.03937,0.441781 0.520081 -1.15481e-16,0.436268 0.509576 0.03937,0.436268 0.509576 -1.13149e-16,0.433429 0.498057 0.03937,0.433429 0.498057 -1.10591e-16,0.433429 0.486193 0.03937,0.433429 0.486193 -1.07957e-16,0.436268 0.474674 0.03937,0.436268 0.474674 -1.05399e-16,0.441781 0.464169 0.03937,0.441781 0.464169 -1.03066e-16,0.449649 0.455289 0.03937,0.449649 0.455289 -1.01094e-16,0.459412 0.448549 0.03937,0.459412 0.448549 -9.9598e-17,0.470505 0.444343 0.03937,0.470505 0.444343 -9.86639e-17,0.482283 0.442912 0.03937,0.482283 0.442912 -9.83463e-17]
}}
appearance Appearance{material Material{diffuseColor 0.8 0.8 0.8
transparency 0}}}
Shape { geometry IndexedFaceSet 
{ creaseAngle 0.50 coordIndex [0,1,2,-1,3,4,5,-1,6,7,8,-1,6,8,0,-1,9,10,11,-1,9,11,12,-1,9,12,13,-1,9,13,6,-1,9,2,4,-1,9,0,2,-1,9,4,3,-1,9,6,0,-1,14,3,15,-1,14,9,3,-1]
coord Coordinate { point [0.436268 0.474674 0.03937,0.441781 0.464169 0.03937,0.449649 0.455289 0.03937,0.482283 0.442912 0.03937,0.459412 0.448549 0.03937,0.470505 0.444343 0.03937,0.436268 0.509576 0.03937,0.433429 0.498057 0.03937,0.433429 0.486193 0.03937,0.482283 0.541338 0.03937,0.470505 0.539907 0.03937,0.459412 0.535701 0.03937,0.449649 0.528961 0.03937,0.441781 0.520081 0.03937,0.59055 0.541338 0.03937,0.59055 0.442912 0.03937]
}}
appearance Appearance{material Material{diffuseColor 0.8 0.8 0.8
transparency 0}}}
Shape { geometry IndexedFaceSet 
{ creaseAngle 0.50 coordIndex [0,1,2,-1,3,4,5,-1,6,7,8,-1,6,8,0,-1,9,10,11,-1,9,11,12,-1,9,12,13,-1,9,13,6,-1,9,2,4,-1,9,0,2,-1,9,4,3,-1,9,6,0,-1,14,3,15,-1,14,9,3,-1]
coord Coordinate { point [-0.436268 0.474674 -1.05399e-16,-0.441781 0.464169 -1.03066e-16,-0.449649 0.455289 -1.01094e-16,-0.482283 0.442912 -9.83463e-17,-0.459412 0.448549 -9.9598e-17,-0.470505 0.444343 -9.86639e-17,-0.436268 0.509576 -1.13149e-16,-0.433429 0.498057 -1.10591e-16,-0.433429 0.486193 -1.07957e-16,-0.482283 0.541338 -1.20201e-16,-0.470505 0.539907 -1.19884e-16,-0.459412 0.535701 -1.18949e-16,-0.449649 0.528961 -1.17453e-16,-0.441781 0.520081 -1.15481e-16,-0.59055 0.541338 -1.20201e-16,-0.59055 0.442912 -9.83463e-17]
}}
appearance Appearance{material Material{diffuseColor 0.980392 0.980392 0.980392
transparency 0}}}
Shape { geometry IndexedFaceSet 
{ creaseAngle 0.50 coordIndex [0,1,2,-1,3,1,0,-1]
coord Coordinate { point [-0.59055 0.541338 -1.20201e-16,-0.482283 0.541338 0.03937,-0.482283 0.541338 -1.20201e-16,-0.59055 0.541338 0.03937]
}}
appearance Appearance{material Material{diffuseColor 0.8 0.8 0.8
transparency 0}}}
Shape { geometry IndexedFaceSet 
{ creaseAngle 0.50 coordIndex [0,1,2,-1,0,2,3,-1,4,3,5,-1,4,0,3,-1,6,5,7,-1,6,4,5,-1,8,7,9,-1,8,6,7,-1,10,9,11,-1,10,8,9,-1,12,11,13,-1,12,10,11,-1,14,13,15,-1,14,12,13,-1,16,15,17,-1,16,14,15,-1,18,17,19,-1,18,16,17,-1,20,19,21,-1,20,18,19,-1,22,21,23,-1,22,20,21,-1,24,23,25,-1,24,22,23,-1,26,25,27,-1,26,24,25,-1]
coord Coordinate { point [-0.470505 0.539907 -1.19884e-16,-0.482283 0.541338 -1.20201e-16,-0.482283 0.541338 0.03937,-0.470505 0.539907 0.03937,-0.459412 0.535701 -1.18949e-16,-0.459412 0.535701 0.03937,-0.449649 0.528961 -1.17453e-16,-0.449649 0.528961 0.03937,-0.441781 0.520081 -1.15481e-16,-0.441781 0.520081 0.03937,-0.436268 0.509576 -1.13149e-16,-0.436268 0.509576 0.03937,-0.433429 0.498057 -1.10591e-16,-0.433429 0.498057 0.03937,-0.433429 0.486193 -1.07957e-16,-0.433429 0.486193 0.03937,-0.436268 0.474674 -1.05399e-16,-0.436268 0.474674 0.03937,-0.441781 0.464169 -1.03066e-16,-0.441781 0.464169 0.03937,-0.449649 0.455289 -1.01094e-16,-0.449649 0.455289 0.03937,-0.459412 0.448549 -9.9598e-17,-0.459412 0.448549 0.03937,-0.470505 0.444343 -9.86639e-17,-0.470505 0.444343 0.03937,-0.482283 0.442912 -9.83463e-17,-0.482283 0.442912 0.03937]
}}
appearance Appearance{material Material{diffuseColor 0.8 0.8 0.8
transparency 0}}}
Shape { geometry IndexedFaceSet 
{ creaseAngle 0.50 coordIndex [0,1,2,-1,3,1,0,-1]
coord Coordinate { point [-0.482283 0.442912 -9.83463e-17,-0.59055 0.442912 0.03937,-0.59055 0.442912 -9.83463e-17,-0.482283 0.442912 0.03937]
}}
appearance Appearance{material Material{diffuseColor 0.8 0.8 0.8
transparency 0}}}
Shape { geometry IndexedFaceSet 
{ creaseAngle 0.50 coordIndex [0,1,2,-1,3,1,0,-1]
coord Coordinate { point [-0.59055 0.442912 -9.83463e-17,-0.59055 0.541338 0.03937,-0.59055 0.541338 -1.20201e-16,-0.59055 0.442912 0.03937]
}}
appearance Appearance{material Material{diffuseColor 0.8 0.8 0.8
transparency 0}}}
Shape { geometry IndexedFaceSet 
{ creaseAngle 0.50 coordIndex [0,1,2,-1,3,4,5,-1,6,7,8,-1,8,7,1,-1,9,10,11,-1,11,10,12,-1,12,10,13,-1,13,10,7,-1,2,10,3,-1,1,10,2,-1,3,10,4,-1,7,10,1,-1,4,14,15,-1,10,14,4,-1]
coord Coordinate { point [-0.441781 0.464169 0.03937,-0.436268 0.474674 0.03937,-0.449649 0.455289 0.03937,-0.459412 0.448549 0.03937,-0.482283 0.442912 0.03937,-0.470505 0.444343 0.03937,-0.433429 0.498057 0.03937,-0.436268 0.509576 0.03937,-0.433429 0.486193 0.03937,-0.470505 0.539907 0.03937,-0.482283 0.541338 0.03937,-0.459412 0.535701 0.03937,-0.449649 0.528961 0.03937,-0.441781 0.520081 0.03937,-0.59055 0.541338 0.03937,-0.59055 0.442912 0.03937]
}}
appearance Appearance{material Material{diffuseColor 0.8 0.8 0.8
transparency 0}}}
