ISO-10303-21;
HEADER;
FILE_DESCRIPTION(('FreeCAD Model'),'2;1');
FILE_NAME('/home/kenny/DRR0012C_ASM_cp.step','2019-04-15T13:53:49',(
    'kicad StepUp'),('ksu MCAD'),'Open CASCADE STEP processor 7.3',
  'FreeCAD','Unknown');
FILE_SCHEMA(('AUTOMOTIVE_DESIGN { 1 0 10303 214 1 1 1 1 }'));
ENDSEC;
DATA;
#1 = APPLICATION_PROTOCOL_DEFINITION('international standard',
  'automotive_design',2000,#2);
#2 = APPLICATION_CONTEXT(
  'core data for automotive mechanical design processes');
#3 = SHAPE_DEFINITION_REPRESENTATION(#4,#10);
#4 = PRODUCT_DEFINITION_SHAPE('','',#5);
#5 = PRODUCT_DEFINITION('design','',#6,#9);
#6 = PRODUCT_DEFINITION_FORMATION('','',#7);
#7 = PRODUCT('DRR0012C_ASM_cp','DRR0012C_ASM_cp','',(#8));
#8 = PRODUCT_CONTEXT('',#2,'mechanical');
#9 = PRODUCT_DEFINITION_CONTEXT('part definition',#2,'design');
#10 = SHAPE_REPRESENTATION('',(#11,#15,#2594,#3447,#3599,#3751,#3903,
    #4055,#4207,#4359,#4511,#4663,#4815,#4967,#5119,#5271,#5279,#5287,
    #5295,#5303,#5311,#5319,#5327,#5335,#5343,#5351,#5359,#5367,#5375,
    #5383,#5391,#5399,#5407,#5415,#5423,#5431,#5439,#5447,#5455,#5463,
    #5471,#5479,#5487,#5495,#5503,#5511,#5519,#5527,#5535,#5543,#5551,
    #5559,#5567,#5575,#5583,#5591,#5599,#5607,#5615,#5623,#5631,#5639,
    #5647,#5655,#5663,#5671,#5679,#5687,#5695,#5703,#5711,#5719,#5727,
    #5735,#5743,#5751,#5759,#5767,#5775,#5783,#5791,#5799,#5807,#5815,
    #5823,#5831,#5839,#5847,#5855,#5863,#5871,#5879,#5887,#5895,#5903,
    #5911,#5919,#5927,#5935,#5943,#5951,#5959,#5967,#5975,#5983,#5991,
    #5999,#6007,#6015,#6023,#6031,#6039,#6047,#6055,#6063,#6071,#6079,
    #6087,#6095,#6103,#6111,#6119,#6127,#6135,#6143,#6151,#6159,#6167,
    #6175,#6183,#6191,#6199,#6207,#6215,#6223,#6231,#6239,#6247,#6255,
    #6263,#6271,#6279,#6287,#6295,#6303,#6311,#6319,#6327,#6335,#6343,
    #6351,#6359,#6367,#6375,#6383,#6391,#6399,#6407,#6415,#6423,#6431,
    #6439,#6447,#6455,#6463,#6471,#6479,#6488,#6496,#6504,#6512,#6520,
    #6528,#6536,#6544,#6552,#6560,#6568,#6576,#6584,#6592,#6600,#6608,
    #6617,#6625,#6634,#6642,#6650,#6658,#6667,#6675,#6684,#6692,#6700,
    #6708,#6716,#6724,#6732,#6740,#6748,#6756,#6764,#6772,#6780,#6788,
    #6796,#6804,#6813,#6821,#6830,#6838,#6846,#6854,#6863,#6871,#6880,
    #6888,#6896,#6904,#6912,#6920,#6928,#6936,#6944,#6952,#6960,#6968,
    #6976,#6984,#6992,#7000,#7009,#7017,#7026,#7034,#7042,#7050,#7059,
    #7067,#7076,#7084,#7092,#7100,#7108,#7116,#7124,#7132,#7140,#7148,
    #7156,#7164,#7172,#7180,#7188,#7196,#7205,#7213,#7222,#7230,#7238,
    #7246,#7255,#7263,#7272,#7280,#7288,#7296,#7304,#7312,#7320,#7328,
    #7336,#7344,#7352,#7360,#7368,#7376,#7384,#7392,#7401,#7409,#7418,
    #7426,#7434,#7442,#7451,#7459,#7467,#7475,#7484,#7492,#7500,#7508,
    #7516,#7524,#7533,#7541,#7550,#7558,#7566,#7574,#7582,#7590,#7598,
    #7606,#7614,#7622,#7631,#7639,#7647,#7655,#7663,#7671,#7680,#7688,
    #7696,#7704,#7712,#7720,#7729,#7737,#7746,#7754,#7762,#7770,#7778,
    #7786,#7794,#7802,#7810,#7818,#7827,#7835,#7843,#7851,#7859,#7867,
    #7876,#7884,#7892,#7900,#7908,#7916,#7925,#7933,#7942,#7950,#7958,
    #7966,#7974,#7982,#7990,#7998,#8006,#8014,#8023,#8031,#8039,#8047,
    #8055,#8063,#8072,#8080,#8088,#8096,#8104,#8112,#8121,#8129,#8138,
    #8146,#8154,#8162,#8170,#8178,#8186,#8194,#8202,#8210,#8219,#8227,
    #8235,#8243,#8251,#8259,#8268,#8276,#8284,#8292,#8300,#8308,#8317,
    #8325,#8334,#8342,#8350,#8358,#8366,#8374,#8382,#8390,#8398,#8406,
    #8415,#8423,#8431,#8439,#8448,#8456,#8464,#8472,#8480,#8488,#8496,
    #8504,#8512,#8520,#8528,#8536,#8544,#8552,#8560,#8568,#8577,#8585,
    #8594,#8602,#8610,#8618,#8627,#8635,#8643,#8651,#8660,#8668,#8676,
    #8684,#8692,#8700,#8709,#8717,#8726,#8734,#8742,#8750,#8758,#8766,
    #8774,#8782,#8790,#8798,#8807,#8815),#8823);
#11 = AXIS2_PLACEMENT_3D('',#12,#13,#14);
#12 = CARTESIAN_POINT('',(0.,0.,0.));
#13 = DIRECTION('',(0.,0.,1.));
#14 = DIRECTION('',(1.,0.,-0.));
#15 = MANIFOLD_SOLID_BREP('',#16);
#16 = CLOSED_SHELL('',(#17,#495,#526,#550,#574,#598,#615,#790,#821,#895,
    #1057,#1081,#1106,#1123,#1135,#1159,#1184,#1201,#1213,#1237,#1262,
    #1279,#1291,#1315,#1340,#1357,#1369,#1393,#1418,#1435,#1447,#1471,
    #1496,#1513,#1525,#1599,#1754,#1778,#1803,#1820,#1832,#1844,#1868,
    #1893,#1910,#1922,#1946,#1971,#1988,#2000,#2024,#2049,#2066,#2078,
    #2102,#2127,#2144,#2156,#2180,#2205,#2222,#2234,#2258,#2282,#2313,
    #2344,#2368,#2385,#2416,#2447,#2510,#2522,#2534,#2546,#2558,#2570,
    #2582));
#17 = ADVANCED_FACE('',(#18,#448),#490,.F.);
#18 = FACE_BOUND('',#19,.F.);
#19 = EDGE_LOOP('',(#20,#30,#38,#46,#55,#63,#71,#79,#88,#96,#104,#112,
    #121,#129,#137,#145,#154,#162,#170,#178,#187,#195,#203,#211,#219,
    #227,#236,#244,#252,#260,#269,#277,#285,#293,#302,#310,#318,#326,
    #335,#343,#351,#359,#368,#376,#384,#392,#401,#409,#417,#425,#433,
    #441));
#20 = ORIENTED_EDGE('',*,*,#21,.F.);
#21 = EDGE_CURVE('',#22,#24,#26,.T.);
#22 = VERTEX_POINT('',#23);
#23 = CARTESIAN_POINT('',(1.5,-1.125,2.5E-02));
#24 = VERTEX_POINT('',#25);
#25 = CARTESIAN_POINT('',(1.225,-1.125,2.5E-02));
#26 = LINE('',#27,#28);
#27 = CARTESIAN_POINT('',(1.5,-1.125,2.5E-02));
#28 = VECTOR('',#29,1.);
#29 = DIRECTION('',(-1.,0.,0.));
#30 = ORIENTED_EDGE('',*,*,#31,.T.);
#31 = EDGE_CURVE('',#22,#32,#34,.T.);
#32 = VERTEX_POINT('',#33);
#33 = CARTESIAN_POINT('',(1.5,-0.875,2.5E-02));
#34 = LINE('',#35,#36);
#35 = CARTESIAN_POINT('',(1.5,-1.125,2.5E-02));
#36 = VECTOR('',#37,1.);
#37 = DIRECTION('',(0.,1.,-2.22044604925E-16));
#38 = ORIENTED_EDGE('',*,*,#39,.T.);
#39 = EDGE_CURVE('',#32,#40,#42,.T.);
#40 = VERTEX_POINT('',#41);
#41 = CARTESIAN_POINT('',(1.225,-0.875,2.5E-02));
#42 = LINE('',#43,#44);
#43 = CARTESIAN_POINT('',(1.5,-0.875,2.5E-02));
#44 = VECTOR('',#45,1.);
#45 = DIRECTION('',(-1.,0.,0.));
#46 = ORIENTED_EDGE('',*,*,#47,.F.);
#47 = EDGE_CURVE('',#48,#40,#50,.T.);
#48 = VERTEX_POINT('',#49);
#49 = CARTESIAN_POINT('',(1.225,-0.625,2.5E-02));
#50 = CIRCLE('',#51,0.125);
#51 = AXIS2_PLACEMENT_3D('',#52,#53,#54);
#52 = CARTESIAN_POINT('',(1.225,-0.75,2.5E-02));
#53 = DIRECTION('',(0.,2.22044604925E-16,1.));
#54 = DIRECTION('',(0.,1.,-2.22044604925E-16));
#55 = ORIENTED_EDGE('',*,*,#56,.F.);
#56 = EDGE_CURVE('',#57,#48,#59,.T.);
#57 = VERTEX_POINT('',#58);
#58 = CARTESIAN_POINT('',(1.5,-0.625,2.5E-02));
#59 = LINE('',#60,#61);
#60 = CARTESIAN_POINT('',(1.5,-0.625,2.5E-02));
#61 = VECTOR('',#62,1.);
#62 = DIRECTION('',(-1.,0.,0.));
#63 = ORIENTED_EDGE('',*,*,#64,.T.);
#64 = EDGE_CURVE('',#57,#65,#67,.T.);
#65 = VERTEX_POINT('',#66);
#66 = CARTESIAN_POINT('',(1.5,-0.375,2.5E-02));
#67 = LINE('',#68,#69);
#68 = CARTESIAN_POINT('',(1.5,-0.625,2.5E-02));
#69 = VECTOR('',#70,1.);
#70 = DIRECTION('',(0.,1.,-2.22044604925E-16));
#71 = ORIENTED_EDGE('',*,*,#72,.T.);
#72 = EDGE_CURVE('',#65,#73,#75,.T.);
#73 = VERTEX_POINT('',#74);
#74 = CARTESIAN_POINT('',(1.225,-0.375,2.5E-02));
#75 = LINE('',#76,#77);
#76 = CARTESIAN_POINT('',(1.5,-0.375,2.5E-02));
#77 = VECTOR('',#78,1.);
#78 = DIRECTION('',(-1.,0.,0.));
#79 = ORIENTED_EDGE('',*,*,#80,.F.);
#80 = EDGE_CURVE('',#81,#73,#83,.T.);
#81 = VERTEX_POINT('',#82);
#82 = CARTESIAN_POINT('',(1.225,-0.125,2.5E-02));
#83 = CIRCLE('',#84,0.125);
#84 = AXIS2_PLACEMENT_3D('',#85,#86,#87);
#85 = CARTESIAN_POINT('',(1.225,-0.25,2.5E-02));
#86 = DIRECTION('',(0.,2.22044604925E-16,1.));
#87 = DIRECTION('',(0.,1.,-2.22044604925E-16));
#88 = ORIENTED_EDGE('',*,*,#89,.F.);
#89 = EDGE_CURVE('',#90,#81,#92,.T.);
#90 = VERTEX_POINT('',#91);
#91 = CARTESIAN_POINT('',(1.5,-0.125,2.5E-02));
#92 = LINE('',#93,#94);
#93 = CARTESIAN_POINT('',(1.5,-0.125,2.5E-02));
#94 = VECTOR('',#95,1.);
#95 = DIRECTION('',(-1.,0.,0.));
#96 = ORIENTED_EDGE('',*,*,#97,.T.);
#97 = EDGE_CURVE('',#90,#98,#100,.T.);
#98 = VERTEX_POINT('',#99);
#99 = CARTESIAN_POINT('',(1.5,0.125,2.5E-02));
#100 = LINE('',#101,#102);
#101 = CARTESIAN_POINT('',(1.5,-0.125,2.5E-02));
#102 = VECTOR('',#103,1.);
#103 = DIRECTION('',(0.,1.,-2.22044604925E-16));
#104 = ORIENTED_EDGE('',*,*,#105,.T.);
#105 = EDGE_CURVE('',#98,#106,#108,.T.);
#106 = VERTEX_POINT('',#107);
#107 = CARTESIAN_POINT('',(1.225,0.125,2.5E-02));
#108 = LINE('',#109,#110);
#109 = CARTESIAN_POINT('',(1.5,0.125,2.5E-02));
#110 = VECTOR('',#111,1.);
#111 = DIRECTION('',(-1.,0.,0.));
#112 = ORIENTED_EDGE('',*,*,#113,.F.);
#113 = EDGE_CURVE('',#114,#106,#116,.T.);
#114 = VERTEX_POINT('',#115);
#115 = CARTESIAN_POINT('',(1.225,0.375,2.5E-02));
#116 = CIRCLE('',#117,0.125);
#117 = AXIS2_PLACEMENT_3D('',#118,#119,#120);
#118 = CARTESIAN_POINT('',(1.225,0.25,2.5E-02));
#119 = DIRECTION('',(0.,2.22044604925E-16,1.));
#120 = DIRECTION('',(0.,1.,-2.22044604925E-16));
#121 = ORIENTED_EDGE('',*,*,#122,.F.);
#122 = EDGE_CURVE('',#123,#114,#125,.T.);
#123 = VERTEX_POINT('',#124);
#124 = CARTESIAN_POINT('',(1.5,0.375,2.5E-02));
#125 = LINE('',#126,#127);
#126 = CARTESIAN_POINT('',(1.5,0.375,2.5E-02));
#127 = VECTOR('',#128,1.);
#128 = DIRECTION('',(-1.,0.,0.));
#129 = ORIENTED_EDGE('',*,*,#130,.T.);
#130 = EDGE_CURVE('',#123,#131,#133,.T.);
#131 = VERTEX_POINT('',#132);
#132 = CARTESIAN_POINT('',(1.5,0.625,2.5E-02));
#133 = LINE('',#134,#135);
#134 = CARTESIAN_POINT('',(1.5,0.375,2.5E-02));
#135 = VECTOR('',#136,1.);
#136 = DIRECTION('',(0.,1.,-2.22044604925E-16));
#137 = ORIENTED_EDGE('',*,*,#138,.T.);
#138 = EDGE_CURVE('',#131,#139,#141,.T.);
#139 = VERTEX_POINT('',#140);
#140 = CARTESIAN_POINT('',(1.225,0.625,2.5E-02));
#141 = LINE('',#142,#143);
#142 = CARTESIAN_POINT('',(1.5,0.625,2.5E-02));
#143 = VECTOR('',#144,1.);
#144 = DIRECTION('',(-1.,0.,0.));
#145 = ORIENTED_EDGE('',*,*,#146,.F.);
#146 = EDGE_CURVE('',#147,#139,#149,.T.);
#147 = VERTEX_POINT('',#148);
#148 = CARTESIAN_POINT('',(1.225,0.875,2.5E-02));
#149 = CIRCLE('',#150,0.125);
#150 = AXIS2_PLACEMENT_3D('',#151,#152,#153);
#151 = CARTESIAN_POINT('',(1.225,0.75,2.5E-02));
#152 = DIRECTION('',(0.,2.22044604925E-16,1.));
#153 = DIRECTION('',(0.,1.,-2.22044604925E-16));
#154 = ORIENTED_EDGE('',*,*,#155,.F.);
#155 = EDGE_CURVE('',#156,#147,#158,.T.);
#156 = VERTEX_POINT('',#157);
#157 = CARTESIAN_POINT('',(1.5,0.875,2.5E-02));
#158 = LINE('',#159,#160);
#159 = CARTESIAN_POINT('',(1.5,0.875,2.5E-02));
#160 = VECTOR('',#161,1.);
#161 = DIRECTION('',(-1.,0.,0.));
#162 = ORIENTED_EDGE('',*,*,#163,.T.);
#163 = EDGE_CURVE('',#156,#164,#166,.T.);
#164 = VERTEX_POINT('',#165);
#165 = CARTESIAN_POINT('',(1.5,1.125,2.5E-02));
#166 = LINE('',#167,#168);
#167 = CARTESIAN_POINT('',(1.5,0.875,2.5E-02));
#168 = VECTOR('',#169,1.);
#169 = DIRECTION('',(0.,1.,-2.22044604925E-16));
#170 = ORIENTED_EDGE('',*,*,#171,.T.);
#171 = EDGE_CURVE('',#164,#172,#174,.T.);
#172 = VERTEX_POINT('',#173);
#173 = CARTESIAN_POINT('',(1.225,1.125,2.5E-02));
#174 = LINE('',#175,#176);
#175 = CARTESIAN_POINT('',(1.5,1.125,2.5E-02));
#176 = VECTOR('',#177,1.);
#177 = DIRECTION('',(-1.,0.,0.));
#178 = ORIENTED_EDGE('',*,*,#179,.F.);
#179 = EDGE_CURVE('',#180,#172,#182,.T.);
#180 = VERTEX_POINT('',#181);
#181 = CARTESIAN_POINT('',(1.225,1.375,2.5E-02));
#182 = CIRCLE('',#183,0.125);
#183 = AXIS2_PLACEMENT_3D('',#184,#185,#186);
#184 = CARTESIAN_POINT('',(1.225,1.25,2.5E-02));
#185 = DIRECTION('',(0.,2.22044604925E-16,1.));
#186 = DIRECTION('',(0.,1.,-2.22044604925E-16));
#187 = ORIENTED_EDGE('',*,*,#188,.F.);
#188 = EDGE_CURVE('',#189,#180,#191,.T.);
#189 = VERTEX_POINT('',#190);
#190 = CARTESIAN_POINT('',(1.5,1.375,2.5E-02));
#191 = LINE('',#192,#193);
#192 = CARTESIAN_POINT('',(1.5,1.375,2.5E-02));
#193 = VECTOR('',#194,1.);
#194 = DIRECTION('',(-1.,0.,0.));
#195 = ORIENTED_EDGE('',*,*,#196,.T.);
#196 = EDGE_CURVE('',#189,#197,#199,.T.);
#197 = VERTEX_POINT('',#198);
#198 = CARTESIAN_POINT('',(1.5,1.5,2.5E-02));
#199 = LINE('',#200,#201);
#200 = CARTESIAN_POINT('',(1.5,1.375,2.5E-02));
#201 = VECTOR('',#202,1.);
#202 = DIRECTION('',(0.,1.,-2.22044604925E-16));
#203 = ORIENTED_EDGE('',*,*,#204,.T.);
#204 = EDGE_CURVE('',#197,#205,#207,.T.);
#205 = VERTEX_POINT('',#206);
#206 = CARTESIAN_POINT('',(-1.5,1.5,2.5E-02));
#207 = LINE('',#208,#209);
#208 = CARTESIAN_POINT('',(1.5,1.5,2.5E-02));
#209 = VECTOR('',#210,1.);
#210 = DIRECTION('',(-1.,0.,0.));
#211 = ORIENTED_EDGE('',*,*,#212,.T.);
#212 = EDGE_CURVE('',#205,#213,#215,.T.);
#213 = VERTEX_POINT('',#214);
#214 = CARTESIAN_POINT('',(-1.5,1.375,2.5E-02));
#215 = LINE('',#216,#217);
#216 = CARTESIAN_POINT('',(-1.5,1.5,2.5E-02));
#217 = VECTOR('',#218,1.);
#218 = DIRECTION('',(0.,-1.,2.22044604925E-16));
#219 = ORIENTED_EDGE('',*,*,#220,.T.);
#220 = EDGE_CURVE('',#213,#221,#223,.T.);
#221 = VERTEX_POINT('',#222);
#222 = CARTESIAN_POINT('',(-1.225,1.375,2.5E-02));
#223 = LINE('',#224,#225);
#224 = CARTESIAN_POINT('',(-1.5,1.375,2.5E-02));
#225 = VECTOR('',#226,1.);
#226 = DIRECTION('',(1.,0.,0.));
#227 = ORIENTED_EDGE('',*,*,#228,.T.);
#228 = EDGE_CURVE('',#221,#229,#231,.T.);
#229 = VERTEX_POINT('',#230);
#230 = CARTESIAN_POINT('',(-1.225,1.125,2.5E-02));
#231 = CIRCLE('',#232,0.125);
#232 = AXIS2_PLACEMENT_3D('',#233,#234,#235);
#233 = CARTESIAN_POINT('',(-1.225,1.25,2.5E-02));
#234 = DIRECTION('',(0.,-2.22044604925E-16,-1.));
#235 = DIRECTION('',(0.,1.,-2.22044604925E-16));
#236 = ORIENTED_EDGE('',*,*,#237,.F.);
#237 = EDGE_CURVE('',#238,#229,#240,.T.);
#238 = VERTEX_POINT('',#239);
#239 = CARTESIAN_POINT('',(-1.5,1.125,2.5E-02));
#240 = LINE('',#241,#242);
#241 = CARTESIAN_POINT('',(-1.5,1.125,2.5E-02));
#242 = VECTOR('',#243,1.);
#243 = DIRECTION('',(1.,0.,0.));
#244 = ORIENTED_EDGE('',*,*,#245,.T.);
#245 = EDGE_CURVE('',#238,#246,#248,.T.);
#246 = VERTEX_POINT('',#247);
#247 = CARTESIAN_POINT('',(-1.5,0.875,2.5E-02));
#248 = LINE('',#249,#250);
#249 = CARTESIAN_POINT('',(-1.5,1.125,2.5E-02));
#250 = VECTOR('',#251,1.);
#251 = DIRECTION('',(0.,-1.,2.22044604925E-16));
#252 = ORIENTED_EDGE('',*,*,#253,.T.);
#253 = EDGE_CURVE('',#246,#254,#256,.T.);
#254 = VERTEX_POINT('',#255);
#255 = CARTESIAN_POINT('',(-1.225,0.875,2.5E-02));
#256 = LINE('',#257,#258);
#257 = CARTESIAN_POINT('',(-1.5,0.875,2.5E-02));
#258 = VECTOR('',#259,1.);
#259 = DIRECTION('',(1.,0.,0.));
#260 = ORIENTED_EDGE('',*,*,#261,.T.);
#261 = EDGE_CURVE('',#254,#262,#264,.T.);
#262 = VERTEX_POINT('',#263);
#263 = CARTESIAN_POINT('',(-1.225,0.625,2.5E-02));
#264 = CIRCLE('',#265,0.125);
#265 = AXIS2_PLACEMENT_3D('',#266,#267,#268);
#266 = CARTESIAN_POINT('',(-1.225,0.75,2.5E-02));
#267 = DIRECTION('',(0.,-2.22044604925E-16,-1.));
#268 = DIRECTION('',(0.,1.,-2.22044604925E-16));
#269 = ORIENTED_EDGE('',*,*,#270,.F.);
#270 = EDGE_CURVE('',#271,#262,#273,.T.);
#271 = VERTEX_POINT('',#272);
#272 = CARTESIAN_POINT('',(-1.5,0.625,2.5E-02));
#273 = LINE('',#274,#275);
#274 = CARTESIAN_POINT('',(-1.5,0.625,2.5E-02));
#275 = VECTOR('',#276,1.);
#276 = DIRECTION('',(1.,0.,0.));
#277 = ORIENTED_EDGE('',*,*,#278,.T.);
#278 = EDGE_CURVE('',#271,#279,#281,.T.);
#279 = VERTEX_POINT('',#280);
#280 = CARTESIAN_POINT('',(-1.5,0.375,2.5E-02));
#281 = LINE('',#282,#283);
#282 = CARTESIAN_POINT('',(-1.5,0.625,2.5E-02));
#283 = VECTOR('',#284,1.);
#284 = DIRECTION('',(0.,-1.,2.22044604925E-16));
#285 = ORIENTED_EDGE('',*,*,#286,.T.);
#286 = EDGE_CURVE('',#279,#287,#289,.T.);
#287 = VERTEX_POINT('',#288);
#288 = CARTESIAN_POINT('',(-1.225,0.375,2.5E-02));
#289 = LINE('',#290,#291);
#290 = CARTESIAN_POINT('',(-1.5,0.375,2.5E-02));
#291 = VECTOR('',#292,1.);
#292 = DIRECTION('',(1.,0.,0.));
#293 = ORIENTED_EDGE('',*,*,#294,.T.);
#294 = EDGE_CURVE('',#287,#295,#297,.T.);
#295 = VERTEX_POINT('',#296);
#296 = CARTESIAN_POINT('',(-1.225,0.125,2.5E-02));
#297 = CIRCLE('',#298,0.125);
#298 = AXIS2_PLACEMENT_3D('',#299,#300,#301);
#299 = CARTESIAN_POINT('',(-1.225,0.25,2.5E-02));
#300 = DIRECTION('',(0.,-2.22044604925E-16,-1.));
#301 = DIRECTION('',(0.,1.,-2.22044604925E-16));
#302 = ORIENTED_EDGE('',*,*,#303,.F.);
#303 = EDGE_CURVE('',#304,#295,#306,.T.);
#304 = VERTEX_POINT('',#305);
#305 = CARTESIAN_POINT('',(-1.5,0.125,2.5E-02));
#306 = LINE('',#307,#308);
#307 = CARTESIAN_POINT('',(-1.5,0.125,2.5E-02));
#308 = VECTOR('',#309,1.);
#309 = DIRECTION('',(1.,0.,0.));
#310 = ORIENTED_EDGE('',*,*,#311,.T.);
#311 = EDGE_CURVE('',#304,#312,#314,.T.);
#312 = VERTEX_POINT('',#313);
#313 = CARTESIAN_POINT('',(-1.5,-0.125,2.5E-02));
#314 = LINE('',#315,#316);
#315 = CARTESIAN_POINT('',(-1.5,0.125,2.5E-02));
#316 = VECTOR('',#317,1.);
#317 = DIRECTION('',(0.,-1.,2.22044604925E-16));
#318 = ORIENTED_EDGE('',*,*,#319,.T.);
#319 = EDGE_CURVE('',#312,#320,#322,.T.);
#320 = VERTEX_POINT('',#321);
#321 = CARTESIAN_POINT('',(-1.225,-0.125,2.5E-02));
#322 = LINE('',#323,#324);
#323 = CARTESIAN_POINT('',(-1.5,-0.125,2.5E-02));
#324 = VECTOR('',#325,1.);
#325 = DIRECTION('',(1.,0.,0.));
#326 = ORIENTED_EDGE('',*,*,#327,.T.);
#327 = EDGE_CURVE('',#320,#328,#330,.T.);
#328 = VERTEX_POINT('',#329);
#329 = CARTESIAN_POINT('',(-1.225,-0.375,2.5E-02));
#330 = CIRCLE('',#331,0.125);
#331 = AXIS2_PLACEMENT_3D('',#332,#333,#334);
#332 = CARTESIAN_POINT('',(-1.225,-0.25,2.5E-02));
#333 = DIRECTION('',(0.,-2.22044604925E-16,-1.));
#334 = DIRECTION('',(0.,1.,-2.22044604925E-16));
#335 = ORIENTED_EDGE('',*,*,#336,.F.);
#336 = EDGE_CURVE('',#337,#328,#339,.T.);
#337 = VERTEX_POINT('',#338);
#338 = CARTESIAN_POINT('',(-1.5,-0.375,2.5E-02));
#339 = LINE('',#340,#341);
#340 = CARTESIAN_POINT('',(-1.5,-0.375,2.5E-02));
#341 = VECTOR('',#342,1.);
#342 = DIRECTION('',(1.,0.,0.));
#343 = ORIENTED_EDGE('',*,*,#344,.T.);
#344 = EDGE_CURVE('',#337,#345,#347,.T.);
#345 = VERTEX_POINT('',#346);
#346 = CARTESIAN_POINT('',(-1.5,-0.625,2.5E-02));
#347 = LINE('',#348,#349);
#348 = CARTESIAN_POINT('',(-1.5,-0.375,2.5E-02));
#349 = VECTOR('',#350,1.);
#350 = DIRECTION('',(0.,-1.,2.22044604925E-16));
#351 = ORIENTED_EDGE('',*,*,#352,.T.);
#352 = EDGE_CURVE('',#345,#353,#355,.T.);
#353 = VERTEX_POINT('',#354);
#354 = CARTESIAN_POINT('',(-1.225,-0.625,2.5E-02));
#355 = LINE('',#356,#357);
#356 = CARTESIAN_POINT('',(-1.5,-0.625,2.5E-02));
#357 = VECTOR('',#358,1.);
#358 = DIRECTION('',(1.,0.,0.));
#359 = ORIENTED_EDGE('',*,*,#360,.T.);
#360 = EDGE_CURVE('',#353,#361,#363,.T.);
#361 = VERTEX_POINT('',#362);
#362 = CARTESIAN_POINT('',(-1.225,-0.875,2.5E-02));
#363 = CIRCLE('',#364,0.125);
#364 = AXIS2_PLACEMENT_3D('',#365,#366,#367);
#365 = CARTESIAN_POINT('',(-1.225,-0.75,2.5E-02));
#366 = DIRECTION('',(0.,-2.22044604925E-16,-1.));
#367 = DIRECTION('',(0.,1.,-2.22044604925E-16));
#368 = ORIENTED_EDGE('',*,*,#369,.F.);
#369 = EDGE_CURVE('',#370,#361,#372,.T.);
#370 = VERTEX_POINT('',#371);
#371 = CARTESIAN_POINT('',(-1.5,-0.875,2.5E-02));
#372 = LINE('',#373,#374);
#373 = CARTESIAN_POINT('',(-1.5,-0.875,2.5E-02));
#374 = VECTOR('',#375,1.);
#375 = DIRECTION('',(1.,0.,0.));
#376 = ORIENTED_EDGE('',*,*,#377,.T.);
#377 = EDGE_CURVE('',#370,#378,#380,.T.);
#378 = VERTEX_POINT('',#379);
#379 = CARTESIAN_POINT('',(-1.5,-1.125,2.5E-02));
#380 = LINE('',#381,#382);
#381 = CARTESIAN_POINT('',(-1.5,-0.875,2.5E-02));
#382 = VECTOR('',#383,1.);
#383 = DIRECTION('',(0.,-1.,2.22044604925E-16));
#384 = ORIENTED_EDGE('',*,*,#385,.T.);
#385 = EDGE_CURVE('',#378,#386,#388,.T.);
#386 = VERTEX_POINT('',#387);
#387 = CARTESIAN_POINT('',(-1.225,-1.125,2.5E-02));
#388 = LINE('',#389,#390);
#389 = CARTESIAN_POINT('',(-1.5,-1.125,2.5E-02));
#390 = VECTOR('',#391,1.);
#391 = DIRECTION('',(1.,0.,0.));
#392 = ORIENTED_EDGE('',*,*,#393,.T.);
#393 = EDGE_CURVE('',#386,#394,#396,.T.);
#394 = VERTEX_POINT('',#395);
#395 = CARTESIAN_POINT('',(-1.225,-1.375,2.5E-02));
#396 = CIRCLE('',#397,0.125);
#397 = AXIS2_PLACEMENT_3D('',#398,#399,#400);
#398 = CARTESIAN_POINT('',(-1.225,-1.25,2.5E-02));
#399 = DIRECTION('',(0.,-2.22044604925E-16,-1.));
#400 = DIRECTION('',(0.,1.,-2.22044604925E-16));
#401 = ORIENTED_EDGE('',*,*,#402,.F.);
#402 = EDGE_CURVE('',#403,#394,#405,.T.);
#403 = VERTEX_POINT('',#404);
#404 = CARTESIAN_POINT('',(-1.5,-1.375,2.5E-02));
#405 = LINE('',#406,#407);
#406 = CARTESIAN_POINT('',(-1.5,-1.375,2.5E-02));
#407 = VECTOR('',#408,1.);
#408 = DIRECTION('',(1.,0.,0.));
#409 = ORIENTED_EDGE('',*,*,#410,.T.);
#410 = EDGE_CURVE('',#403,#411,#413,.T.);
#411 = VERTEX_POINT('',#412);
#412 = CARTESIAN_POINT('',(-1.5,-1.5,2.5E-02));
#413 = LINE('',#414,#415);
#414 = CARTESIAN_POINT('',(-1.5,-1.375,2.5E-02));
#415 = VECTOR('',#416,1.);
#416 = DIRECTION('',(0.,-1.,2.22044604925E-16));
#417 = ORIENTED_EDGE('',*,*,#418,.T.);
#418 = EDGE_CURVE('',#411,#419,#421,.T.);
#419 = VERTEX_POINT('',#420);
#420 = CARTESIAN_POINT('',(1.5,-1.5,2.5E-02));
#421 = LINE('',#422,#423);
#422 = CARTESIAN_POINT('',(-1.5,-1.5,2.5E-02));
#423 = VECTOR('',#424,1.);
#424 = DIRECTION('',(1.,0.,0.));
#425 = ORIENTED_EDGE('',*,*,#426,.T.);
#426 = EDGE_CURVE('',#419,#427,#429,.T.);
#427 = VERTEX_POINT('',#428);
#428 = CARTESIAN_POINT('',(1.5,-1.375,2.5E-02));
#429 = LINE('',#430,#431);
#430 = CARTESIAN_POINT('',(1.5,-1.5,2.5E-02));
#431 = VECTOR('',#432,1.);
#432 = DIRECTION('',(0.,1.,-2.22044604925E-16));
#433 = ORIENTED_EDGE('',*,*,#434,.T.);
#434 = EDGE_CURVE('',#427,#435,#437,.T.);
#435 = VERTEX_POINT('',#436);
#436 = CARTESIAN_POINT('',(1.225,-1.375,2.5E-02));
#437 = LINE('',#438,#439);
#438 = CARTESIAN_POINT('',(1.5,-1.375,2.5E-02));
#439 = VECTOR('',#440,1.);
#440 = DIRECTION('',(-1.,0.,0.));
#441 = ORIENTED_EDGE('',*,*,#442,.F.);
#442 = EDGE_CURVE('',#24,#435,#443,.T.);
#443 = CIRCLE('',#444,0.125);
#444 = AXIS2_PLACEMENT_3D('',#445,#446,#447);
#445 = CARTESIAN_POINT('',(1.225,-1.25,2.5E-02));
#446 = DIRECTION('',(0.,2.22044604925E-16,1.));
#447 = DIRECTION('',(0.,1.,-2.22044604925E-16));
#448 = FACE_BOUND('',#449,.F.);
#449 = EDGE_LOOP('',(#450,#460,#468,#476,#484));
#450 = ORIENTED_EDGE('',*,*,#451,.T.);
#451 = EDGE_CURVE('',#452,#454,#456,.T.);
#452 = VERTEX_POINT('',#453);
#453 = CARTESIAN_POINT('',(-0.5,1.25,2.5E-02));
#454 = VERTEX_POINT('',#455);
#455 = CARTESIAN_POINT('',(0.75,1.25,2.5E-02));
#456 = LINE('',#457,#458);
#457 = CARTESIAN_POINT('',(-0.5,1.25,2.5E-02));
#458 = VECTOR('',#459,1.);
#459 = DIRECTION('',(1.,0.,0.));
#460 = ORIENTED_EDGE('',*,*,#461,.T.);
#461 = EDGE_CURVE('',#454,#462,#464,.T.);
#462 = VERTEX_POINT('',#463);
#463 = CARTESIAN_POINT('',(0.75,-1.25,2.5E-02));
#464 = LINE('',#465,#466);
#465 = CARTESIAN_POINT('',(0.75,1.25,2.5E-02));
#466 = VECTOR('',#467,1.);
#467 = DIRECTION('',(0.,-1.,2.22044604925E-16));
#468 = ORIENTED_EDGE('',*,*,#469,.T.);
#469 = EDGE_CURVE('',#462,#470,#472,.T.);
#470 = VERTEX_POINT('',#471);
#471 = CARTESIAN_POINT('',(-0.75,-1.25,2.5E-02));
#472 = LINE('',#473,#474);
#473 = CARTESIAN_POINT('',(0.75,-1.25,2.5E-02));
#474 = VECTOR('',#475,1.);
#475 = DIRECTION('',(-1.,0.,0.));
#476 = ORIENTED_EDGE('',*,*,#477,.T.);
#477 = EDGE_CURVE('',#470,#478,#480,.T.);
#478 = VERTEX_POINT('',#479);
#479 = CARTESIAN_POINT('',(-0.75,1.,2.5E-02));
#480 = LINE('',#481,#482);
#481 = CARTESIAN_POINT('',(-0.75,-1.25,2.5E-02));
#482 = VECTOR('',#483,1.);
#483 = DIRECTION('',(0.,1.,-2.22044604925E-16));
#484 = ORIENTED_EDGE('',*,*,#485,.F.);
#485 = EDGE_CURVE('',#452,#478,#486,.T.);
#486 = LINE('',#487,#488);
#487 = CARTESIAN_POINT('',(-0.5,1.25,2.5E-02));
#488 = VECTOR('',#489,1.);
#489 = DIRECTION('',(-0.707106781187,-0.707106781187,1.570092458684E-16)
  );
#490 = PLANE('',#491);
#491 = AXIS2_PLACEMENT_3D('',#492,#493,#494);
#492 = CARTESIAN_POINT('',(0.,0.,2.5E-02));
#493 = DIRECTION('',(0.,2.22044604925E-16,1.));
#494 = DIRECTION('',(1.,0.,0.));
#495 = ADVANCED_FACE('',(#496),#521,.F.);
#496 = FACE_BOUND('',#497,.F.);
#497 = EDGE_LOOP('',(#498,#499,#507,#515));
#498 = ORIENTED_EDGE('',*,*,#451,.F.);
#499 = ORIENTED_EDGE('',*,*,#500,.T.);
#500 = EDGE_CURVE('',#452,#501,#503,.T.);
#501 = VERTEX_POINT('',#502);
#502 = CARTESIAN_POINT('',(-0.5,1.25,1.E-01));
#503 = LINE('',#504,#505);
#504 = CARTESIAN_POINT('',(-0.5,1.25,2.5E-02));
#505 = VECTOR('',#506,1.);
#506 = DIRECTION('',(0.,2.22044604925E-16,1.));
#507 = ORIENTED_EDGE('',*,*,#508,.T.);
#508 = EDGE_CURVE('',#501,#509,#511,.T.);
#509 = VERTEX_POINT('',#510);
#510 = CARTESIAN_POINT('',(0.75,1.25,1.E-01));
#511 = LINE('',#512,#513);
#512 = CARTESIAN_POINT('',(-0.5,1.25,1.E-01));
#513 = VECTOR('',#514,1.);
#514 = DIRECTION('',(1.,0.,0.));
#515 = ORIENTED_EDGE('',*,*,#516,.T.);
#516 = EDGE_CURVE('',#509,#454,#517,.T.);
#517 = LINE('',#518,#519);
#518 = CARTESIAN_POINT('',(0.75,1.25,1.E-01));
#519 = VECTOR('',#520,1.);
#520 = DIRECTION('',(0.,-2.22044604925E-16,-1.));
#521 = PLANE('',#522);
#522 = AXIS2_PLACEMENT_3D('',#523,#524,#525);
#523 = CARTESIAN_POINT('',(-0.75,1.25,1.E-01));
#524 = DIRECTION('',(0.,1.,-2.22044604925E-16));
#525 = DIRECTION('',(1.,0.,0.));
#526 = ADVANCED_FACE('',(#527),#545,.F.);
#527 = FACE_BOUND('',#528,.F.);
#528 = EDGE_LOOP('',(#529,#530,#538,#544));
#529 = ORIENTED_EDGE('',*,*,#485,.T.);
#530 = ORIENTED_EDGE('',*,*,#531,.T.);
#531 = EDGE_CURVE('',#478,#532,#534,.T.);
#532 = VERTEX_POINT('',#533);
#533 = CARTESIAN_POINT('',(-0.75,1.,1.E-01));
#534 = LINE('',#535,#536);
#535 = CARTESIAN_POINT('',(-0.75,1.,2.5E-02));
#536 = VECTOR('',#537,1.);
#537 = DIRECTION('',(0.,2.22044604925E-16,1.));
#538 = ORIENTED_EDGE('',*,*,#539,.F.);
#539 = EDGE_CURVE('',#501,#532,#540,.T.);
#540 = LINE('',#541,#542);
#541 = CARTESIAN_POINT('',(-0.5,1.25,1.E-01));
#542 = VECTOR('',#543,1.);
#543 = DIRECTION('',(-0.707106781187,-0.707106781187,1.570092458684E-16)
  );
#544 = ORIENTED_EDGE('',*,*,#500,.F.);
#545 = PLANE('',#546);
#546 = AXIS2_PLACEMENT_3D('',#547,#548,#549);
#547 = CARTESIAN_POINT('',(-0.625,1.125,5.E-02));
#548 = DIRECTION('',(-0.707106781187,0.707106781187,-1.570092458684E-16)
  );
#549 = DIRECTION('',(-0.707106781187,-0.707106781187,1.570092458684E-16)
  );
#550 = ADVANCED_FACE('',(#551),#569,.F.);
#551 = FACE_BOUND('',#552,.F.);
#552 = EDGE_LOOP('',(#553,#554,#562,#568));
#553 = ORIENTED_EDGE('',*,*,#477,.F.);
#554 = ORIENTED_EDGE('',*,*,#555,.F.);
#555 = EDGE_CURVE('',#556,#470,#558,.T.);
#556 = VERTEX_POINT('',#557);
#557 = CARTESIAN_POINT('',(-0.75,-1.25,0.1));
#558 = LINE('',#559,#560);
#559 = CARTESIAN_POINT('',(-0.75,-1.25,0.1));
#560 = VECTOR('',#561,1.);
#561 = DIRECTION('',(0.,-2.22044604925E-16,-1.));
#562 = ORIENTED_EDGE('',*,*,#563,.T.);
#563 = EDGE_CURVE('',#556,#532,#564,.T.);
#564 = LINE('',#565,#566);
#565 = CARTESIAN_POINT('',(-0.75,-1.25,0.1));
#566 = VECTOR('',#567,1.);
#567 = DIRECTION('',(0.,1.,-2.22044604925E-16));
#568 = ORIENTED_EDGE('',*,*,#531,.F.);
#569 = PLANE('',#570);
#570 = AXIS2_PLACEMENT_3D('',#571,#572,#573);
#571 = CARTESIAN_POINT('',(-0.75,-1.25,0.1));
#572 = DIRECTION('',(-1.,0.,0.));
#573 = DIRECTION('',(0.,1.,-2.22044604925E-16));
#574 = ADVANCED_FACE('',(#575),#593,.F.);
#575 = FACE_BOUND('',#576,.F.);
#576 = EDGE_LOOP('',(#577,#578,#586,#592));
#577 = ORIENTED_EDGE('',*,*,#469,.F.);
#578 = ORIENTED_EDGE('',*,*,#579,.F.);
#579 = EDGE_CURVE('',#580,#462,#582,.T.);
#580 = VERTEX_POINT('',#581);
#581 = CARTESIAN_POINT('',(0.75,-1.25,0.1));
#582 = LINE('',#583,#584);
#583 = CARTESIAN_POINT('',(0.75,-1.25,0.1));
#584 = VECTOR('',#585,1.);
#585 = DIRECTION('',(0.,-2.22044604925E-16,-1.));
#586 = ORIENTED_EDGE('',*,*,#587,.T.);
#587 = EDGE_CURVE('',#580,#556,#588,.T.);
#588 = LINE('',#589,#590);
#589 = CARTESIAN_POINT('',(0.75,-1.25,0.1));
#590 = VECTOR('',#591,1.);
#591 = DIRECTION('',(-1.,0.,0.));
#592 = ORIENTED_EDGE('',*,*,#555,.T.);
#593 = PLANE('',#594);
#594 = AXIS2_PLACEMENT_3D('',#595,#596,#597);
#595 = CARTESIAN_POINT('',(0.75,-1.25,0.1));
#596 = DIRECTION('',(0.,-1.,2.22044604925E-16));
#597 = DIRECTION('',(-1.,0.,0.));
#598 = ADVANCED_FACE('',(#599),#610,.F.);
#599 = FACE_BOUND('',#600,.F.);
#600 = EDGE_LOOP('',(#601,#602,#603,#609));
#601 = ORIENTED_EDGE('',*,*,#461,.F.);
#602 = ORIENTED_EDGE('',*,*,#516,.F.);
#603 = ORIENTED_EDGE('',*,*,#604,.T.);
#604 = EDGE_CURVE('',#509,#580,#605,.T.);
#605 = LINE('',#606,#607);
#606 = CARTESIAN_POINT('',(0.75,1.25,1.E-01));
#607 = VECTOR('',#608,1.);
#608 = DIRECTION('',(0.,-1.,2.22044604925E-16));
#609 = ORIENTED_EDGE('',*,*,#579,.T.);
#610 = PLANE('',#611);
#611 = AXIS2_PLACEMENT_3D('',#612,#613,#614);
#612 = CARTESIAN_POINT('',(0.75,1.25,1.E-01));
#613 = DIRECTION('',(1.,0.,0.));
#614 = DIRECTION('',(0.,-1.,2.22044604925E-16));
#615 = ADVANCED_FACE('',(#616,#778),#785,.T.);
#616 = FACE_BOUND('',#617,.F.);
#617 = EDGE_LOOP('',(#618,#628,#636,#644,#652,#660,#668,#676,#684,#692,
    #700,#708,#716,#724,#732,#740,#748,#756,#764,#772));
#618 = ORIENTED_EDGE('',*,*,#619,.T.);
#619 = EDGE_CURVE('',#620,#622,#624,.T.);
#620 = VERTEX_POINT('',#621);
#621 = CARTESIAN_POINT('',(-0.7,-1.5,0.1));
#622 = VERTEX_POINT('',#623);
#623 = CARTESIAN_POINT('',(-0.7,-1.35,0.1));
#624 = LINE('',#625,#626);
#625 = CARTESIAN_POINT('',(-0.7,-1.5,0.1));
#626 = VECTOR('',#627,1.);
#627 = DIRECTION('',(0.,1.,-2.22044604925E-16));
#628 = ORIENTED_EDGE('',*,*,#629,.F.);
#629 = EDGE_CURVE('',#630,#622,#632,.T.);
#630 = VERTEX_POINT('',#631);
#631 = CARTESIAN_POINT('',(-0.85,-1.35,0.1));
#632 = LINE('',#633,#634);
#633 = CARTESIAN_POINT('',(-0.85,-1.35,0.1));
#634 = VECTOR('',#635,1.);
#635 = DIRECTION('',(1.,0.,0.));
#636 = ORIENTED_EDGE('',*,*,#637,.F.);
#637 = EDGE_CURVE('',#638,#630,#640,.T.);
#638 = VERTEX_POINT('',#639);
#639 = CARTESIAN_POINT('',(-0.85,1.35,1.E-01));
#640 = LINE('',#641,#642);
#641 = CARTESIAN_POINT('',(-0.85,1.35,1.E-01));
#642 = VECTOR('',#643,1.);
#643 = DIRECTION('',(0.,-1.,2.22044604925E-16));
#644 = ORIENTED_EDGE('',*,*,#645,.F.);
#645 = EDGE_CURVE('',#646,#638,#648,.T.);
#646 = VERTEX_POINT('',#647);
#647 = CARTESIAN_POINT('',(-0.7,1.35,1.E-01));
#648 = LINE('',#649,#650);
#649 = CARTESIAN_POINT('',(-0.7,1.35,1.E-01));
#650 = VECTOR('',#651,1.);
#651 = DIRECTION('',(-1.,0.,0.));
#652 = ORIENTED_EDGE('',*,*,#653,.F.);
#653 = EDGE_CURVE('',#654,#646,#656,.T.);
#654 = VERTEX_POINT('',#655);
#655 = CARTESIAN_POINT('',(-0.7,1.5,1.E-01));
#656 = LINE('',#657,#658);
#657 = CARTESIAN_POINT('',(-0.7,1.5,1.E-01));
#658 = VECTOR('',#659,1.);
#659 = DIRECTION('',(0.,-1.,2.22044604925E-16));
#660 = ORIENTED_EDGE('',*,*,#661,.T.);
#661 = EDGE_CURVE('',#654,#662,#664,.T.);
#662 = VERTEX_POINT('',#663);
#663 = CARTESIAN_POINT('',(-0.5,1.5,1.E-01));
#664 = LINE('',#665,#666);
#665 = CARTESIAN_POINT('',(-0.7,1.5,1.E-01));
#666 = VECTOR('',#667,1.);
#667 = DIRECTION('',(1.,0.,0.));
#668 = ORIENTED_EDGE('',*,*,#669,.F.);
#669 = EDGE_CURVE('',#670,#662,#672,.T.);
#670 = VERTEX_POINT('',#671);
#671 = CARTESIAN_POINT('',(-0.5,1.35,1.E-01));
#672 = LINE('',#673,#674);
#673 = CARTESIAN_POINT('',(-0.5,1.35,1.E-01));
#674 = VECTOR('',#675,1.);
#675 = DIRECTION('',(0.,1.,-2.22044604925E-16));
#676 = ORIENTED_EDGE('',*,*,#677,.F.);
#677 = EDGE_CURVE('',#678,#670,#680,.T.);
#678 = VERTEX_POINT('',#679);
#679 = CARTESIAN_POINT('',(0.5,1.35,1.E-01));
#680 = LINE('',#681,#682);
#681 = CARTESIAN_POINT('',(0.5,1.35,1.E-01));
#682 = VECTOR('',#683,1.);
#683 = DIRECTION('',(-1.,0.,0.));
#684 = ORIENTED_EDGE('',*,*,#685,.T.);
#685 = EDGE_CURVE('',#678,#686,#688,.T.);
#686 = VERTEX_POINT('',#687);
#687 = CARTESIAN_POINT('',(0.5,1.5,1.E-01));
#688 = LINE('',#689,#690);
#689 = CARTESIAN_POINT('',(0.5,1.35,1.E-01));
#690 = VECTOR('',#691,1.);
#691 = DIRECTION('',(0.,1.,-2.22044604925E-16));
#692 = ORIENTED_EDGE('',*,*,#693,.T.);
#693 = EDGE_CURVE('',#686,#694,#696,.T.);
#694 = VERTEX_POINT('',#695);
#695 = CARTESIAN_POINT('',(0.7,1.5,1.E-01));
#696 = LINE('',#697,#698);
#697 = CARTESIAN_POINT('',(0.5,1.5,1.E-01));
#698 = VECTOR('',#699,1.);
#699 = DIRECTION('',(1.,0.,0.));
#700 = ORIENTED_EDGE('',*,*,#701,.T.);
#701 = EDGE_CURVE('',#694,#702,#704,.T.);
#702 = VERTEX_POINT('',#703);
#703 = CARTESIAN_POINT('',(0.7,1.35,1.E-01));
#704 = LINE('',#705,#706);
#705 = CARTESIAN_POINT('',(0.7,1.5,1.E-01));
#706 = VECTOR('',#707,1.);
#707 = DIRECTION('',(0.,-1.,2.22044604925E-16));
#708 = ORIENTED_EDGE('',*,*,#709,.F.);
#709 = EDGE_CURVE('',#710,#702,#712,.T.);
#710 = VERTEX_POINT('',#711);
#711 = CARTESIAN_POINT('',(0.85,1.35,1.E-01));
#712 = LINE('',#713,#714);
#713 = CARTESIAN_POINT('',(0.85,1.35,1.E-01));
#714 = VECTOR('',#715,1.);
#715 = DIRECTION('',(-1.,0.,0.));
#716 = ORIENTED_EDGE('',*,*,#717,.F.);
#717 = EDGE_CURVE('',#718,#710,#720,.T.);
#718 = VERTEX_POINT('',#719);
#719 = CARTESIAN_POINT('',(0.85,-1.35,0.1));
#720 = LINE('',#721,#722);
#721 = CARTESIAN_POINT('',(0.85,-1.35,0.1));
#722 = VECTOR('',#723,1.);
#723 = DIRECTION('',(0.,1.,-2.22044604925E-16));
#724 = ORIENTED_EDGE('',*,*,#725,.F.);
#725 = EDGE_CURVE('',#726,#718,#728,.T.);
#726 = VERTEX_POINT('',#727);
#727 = CARTESIAN_POINT('',(0.7,-1.35,0.1));
#728 = LINE('',#729,#730);
#729 = CARTESIAN_POINT('',(0.7,-1.35,0.1));
#730 = VECTOR('',#731,1.);
#731 = DIRECTION('',(1.,0.,0.));
#732 = ORIENTED_EDGE('',*,*,#733,.F.);
#733 = EDGE_CURVE('',#734,#726,#736,.T.);
#734 = VERTEX_POINT('',#735);
#735 = CARTESIAN_POINT('',(0.7,-1.5,0.1));
#736 = LINE('',#737,#738);
#737 = CARTESIAN_POINT('',(0.7,-1.5,0.1));
#738 = VECTOR('',#739,1.);
#739 = DIRECTION('',(0.,1.,-2.22044604925E-16));
#740 = ORIENTED_EDGE('',*,*,#741,.F.);
#741 = EDGE_CURVE('',#742,#734,#744,.T.);
#742 = VERTEX_POINT('',#743);
#743 = CARTESIAN_POINT('',(0.5,-1.5,0.1));
#744 = LINE('',#745,#746);
#745 = CARTESIAN_POINT('',(0.5,-1.5,0.1));
#746 = VECTOR('',#747,1.);
#747 = DIRECTION('',(1.,0.,0.));
#748 = ORIENTED_EDGE('',*,*,#749,.F.);
#749 = EDGE_CURVE('',#750,#742,#752,.T.);
#750 = VERTEX_POINT('',#751);
#751 = CARTESIAN_POINT('',(0.5,-1.35,0.1));
#752 = LINE('',#753,#754);
#753 = CARTESIAN_POINT('',(0.5,-1.35,0.1));
#754 = VECTOR('',#755,1.);
#755 = DIRECTION('',(0.,-1.,2.22044604925E-16));
#756 = ORIENTED_EDGE('',*,*,#757,.F.);
#757 = EDGE_CURVE('',#758,#750,#760,.T.);
#758 = VERTEX_POINT('',#759);
#759 = CARTESIAN_POINT('',(-0.5,-1.35,0.1));
#760 = LINE('',#761,#762);
#761 = CARTESIAN_POINT('',(-0.5,-1.35,0.1));
#762 = VECTOR('',#763,1.);
#763 = DIRECTION('',(1.,0.,0.));
#764 = ORIENTED_EDGE('',*,*,#765,.T.);
#765 = EDGE_CURVE('',#758,#766,#768,.T.);
#766 = VERTEX_POINT('',#767);
#767 = CARTESIAN_POINT('',(-0.5,-1.5,0.1));
#768 = LINE('',#769,#770);
#769 = CARTESIAN_POINT('',(-0.5,-1.35,0.1));
#770 = VECTOR('',#771,1.);
#771 = DIRECTION('',(0.,-1.,2.22044604925E-16));
#772 = ORIENTED_EDGE('',*,*,#773,.F.);
#773 = EDGE_CURVE('',#620,#766,#774,.T.);
#774 = LINE('',#775,#776);
#775 = CARTESIAN_POINT('',(-0.7,-1.5,0.1));
#776 = VECTOR('',#777,1.);
#777 = DIRECTION('',(1.,0.,0.));
#778 = FACE_BOUND('',#779,.F.);
#779 = EDGE_LOOP('',(#780,#781,#782,#783,#784));
#780 = ORIENTED_EDGE('',*,*,#563,.F.);
#781 = ORIENTED_EDGE('',*,*,#587,.F.);
#782 = ORIENTED_EDGE('',*,*,#604,.F.);
#783 = ORIENTED_EDGE('',*,*,#508,.F.);
#784 = ORIENTED_EDGE('',*,*,#539,.T.);
#785 = PLANE('',#786);
#786 = AXIS2_PLACEMENT_3D('',#787,#788,#789);
#787 = CARTESIAN_POINT('',(0.,1.665334536938E-17,0.1));
#788 = DIRECTION('',(0.,2.22044604925E-16,1.));
#789 = DIRECTION('',(1.,0.,0.));
#790 = ADVANCED_FACE('',(#791),#816,.T.);
#791 = FACE_BOUND('',#792,.F.);
#792 = EDGE_LOOP('',(#793,#801,#809,#815));
#793 = ORIENTED_EDGE('',*,*,#794,.T.);
#794 = EDGE_CURVE('',#620,#795,#797,.T.);
#795 = VERTEX_POINT('',#796);
#796 = CARTESIAN_POINT('',(-0.7,-1.5,0.2));
#797 = LINE('',#798,#799);
#798 = CARTESIAN_POINT('',(-0.7,-1.5,0.1));
#799 = VECTOR('',#800,1.);
#800 = DIRECTION('',(0.,2.22044604925E-16,1.));
#801 = ORIENTED_EDGE('',*,*,#802,.T.);
#802 = EDGE_CURVE('',#795,#803,#805,.T.);
#803 = VERTEX_POINT('',#804);
#804 = CARTESIAN_POINT('',(-0.7,-1.35,0.2));
#805 = LINE('',#806,#807);
#806 = CARTESIAN_POINT('',(-0.7,-1.5,0.2));
#807 = VECTOR('',#808,1.);
#808 = DIRECTION('',(0.,1.,-2.22044604925E-16));
#809 = ORIENTED_EDGE('',*,*,#810,.F.);
#810 = EDGE_CURVE('',#622,#803,#811,.T.);
#811 = LINE('',#812,#813);
#812 = CARTESIAN_POINT('',(-0.7,-1.35,0.1));
#813 = VECTOR('',#814,1.);
#814 = DIRECTION('',(0.,2.22044604925E-16,1.));
#815 = ORIENTED_EDGE('',*,*,#619,.F.);
#816 = PLANE('',#817);
#817 = AXIS2_PLACEMENT_3D('',#818,#819,#820);
#818 = CARTESIAN_POINT('',(-0.7,-1.5,0.1));
#819 = DIRECTION('',(1.,0.,0.));
#820 = DIRECTION('',(0.,1.,-2.22044604925E-16));
#821 = ADVANCED_FACE('',(#822,#847,#865),#890,.T.);
#822 = FACE_BOUND('',#823,.F.);
#823 = EDGE_LOOP('',(#824,#825,#833,#841));
#824 = ORIENTED_EDGE('',*,*,#418,.F.);
#825 = ORIENTED_EDGE('',*,*,#826,.T.);
#826 = EDGE_CURVE('',#411,#827,#829,.T.);
#827 = VERTEX_POINT('',#828);
#828 = CARTESIAN_POINT('',(-1.5,-1.5,0.775));
#829 = LINE('',#830,#831);
#830 = CARTESIAN_POINT('',(-1.5,-1.5,2.5E-02));
#831 = VECTOR('',#832,1.);
#832 = DIRECTION('',(0.,2.22044604925E-16,1.));
#833 = ORIENTED_EDGE('',*,*,#834,.T.);
#834 = EDGE_CURVE('',#827,#835,#837,.T.);
#835 = VERTEX_POINT('',#836);
#836 = CARTESIAN_POINT('',(1.5,-1.5,0.775));
#837 = LINE('',#838,#839);
#838 = CARTESIAN_POINT('',(-1.5,-1.5,0.775));
#839 = VECTOR('',#840,1.);
#840 = DIRECTION('',(1.,0.,0.));
#841 = ORIENTED_EDGE('',*,*,#842,.F.);
#842 = EDGE_CURVE('',#419,#835,#843,.T.);
#843 = LINE('',#844,#845);
#844 = CARTESIAN_POINT('',(1.5,-1.5,2.5E-02));
#845 = VECTOR('',#846,1.);
#846 = DIRECTION('',(0.,2.22044604925E-16,1.));
#847 = FACE_BOUND('',#848,.F.);
#848 = EDGE_LOOP('',(#849,#850,#858,#864));
#849 = ORIENTED_EDGE('',*,*,#773,.T.);
#850 = ORIENTED_EDGE('',*,*,#851,.T.);
#851 = EDGE_CURVE('',#766,#852,#854,.T.);
#852 = VERTEX_POINT('',#853);
#853 = CARTESIAN_POINT('',(-0.5,-1.5,0.2));
#854 = LINE('',#855,#856);
#855 = CARTESIAN_POINT('',(-0.5,-1.5,0.1));
#856 = VECTOR('',#857,1.);
#857 = DIRECTION('',(0.,2.22044604925E-16,1.));
#858 = ORIENTED_EDGE('',*,*,#859,.F.);
#859 = EDGE_CURVE('',#795,#852,#860,.T.);
#860 = LINE('',#861,#862);
#861 = CARTESIAN_POINT('',(-0.7,-1.5,0.2));
#862 = VECTOR('',#863,1.);
#863 = DIRECTION('',(1.,0.,0.));
#864 = ORIENTED_EDGE('',*,*,#794,.F.);
#865 = FACE_BOUND('',#866,.F.);
#866 = EDGE_LOOP('',(#867,#868,#876,#884));
#867 = ORIENTED_EDGE('',*,*,#741,.T.);
#868 = ORIENTED_EDGE('',*,*,#869,.T.);
#869 = EDGE_CURVE('',#734,#870,#872,.T.);
#870 = VERTEX_POINT('',#871);
#871 = CARTESIAN_POINT('',(0.7,-1.5,0.2));
#872 = LINE('',#873,#874);
#873 = CARTESIAN_POINT('',(0.7,-1.5,0.1));
#874 = VECTOR('',#875,1.);
#875 = DIRECTION('',(0.,2.22044604925E-16,1.));
#876 = ORIENTED_EDGE('',*,*,#877,.F.);
#877 = EDGE_CURVE('',#878,#870,#880,.T.);
#878 = VERTEX_POINT('',#879);
#879 = CARTESIAN_POINT('',(0.5,-1.5,0.2));
#880 = LINE('',#881,#882);
#881 = CARTESIAN_POINT('',(0.5,-1.5,0.2));
#882 = VECTOR('',#883,1.);
#883 = DIRECTION('',(1.,0.,0.));
#884 = ORIENTED_EDGE('',*,*,#885,.F.);
#885 = EDGE_CURVE('',#742,#878,#886,.T.);
#886 = LINE('',#887,#888);
#887 = CARTESIAN_POINT('',(0.5,-1.5,0.1));
#888 = VECTOR('',#889,1.);
#889 = DIRECTION('',(0.,2.22044604925E-16,1.));
#890 = PLANE('',#891);
#891 = AXIS2_PLACEMENT_3D('',#892,#893,#894);
#892 = CARTESIAN_POINT('',(-1.5,-1.5,2.5E-02));
#893 = DIRECTION('',(0.,-1.,2.22044604925E-16));
#894 = DIRECTION('',(1.,0.,0.));
#895 = ADVANCED_FACE('',(#896),#1052,.T.);
#896 = FACE_BOUND('',#897,.F.);
#897 = EDGE_LOOP('',(#898,#906,#907,#915,#923,#929,#930,#938,#946,#952,
    #953,#961,#969,#975,#976,#984,#992,#998,#999,#1007,#1015,#1021,#1022
    ,#1030,#1036,#1037,#1038,#1046));
#898 = ORIENTED_EDGE('',*,*,#899,.F.);
#899 = EDGE_CURVE('',#378,#900,#902,.T.);
#900 = VERTEX_POINT('',#901);
#901 = CARTESIAN_POINT('',(-1.5,-1.125,0.1));
#902 = LINE('',#903,#904);
#903 = CARTESIAN_POINT('',(-1.5,-1.125,2.5E-02));
#904 = VECTOR('',#905,1.);
#905 = DIRECTION('',(0.,2.22044604925E-16,1.));
#906 = ORIENTED_EDGE('',*,*,#377,.F.);
#907 = ORIENTED_EDGE('',*,*,#908,.T.);
#908 = EDGE_CURVE('',#370,#909,#911,.T.);
#909 = VERTEX_POINT('',#910);
#910 = CARTESIAN_POINT('',(-1.5,-0.875,0.1));
#911 = LINE('',#912,#913);
#912 = CARTESIAN_POINT('',(-1.5,-0.875,2.5E-02));
#913 = VECTOR('',#914,1.);
#914 = DIRECTION('',(0.,2.22044604925E-16,1.));
#915 = ORIENTED_EDGE('',*,*,#916,.T.);
#916 = EDGE_CURVE('',#909,#917,#919,.T.);
#917 = VERTEX_POINT('',#918);
#918 = CARTESIAN_POINT('',(-1.5,-0.625,0.1));
#919 = LINE('',#920,#921);
#920 = CARTESIAN_POINT('',(-1.5,-0.875,0.1));
#921 = VECTOR('',#922,1.);
#922 = DIRECTION('',(0.,1.,-2.22044604925E-16));
#923 = ORIENTED_EDGE('',*,*,#924,.F.);
#924 = EDGE_CURVE('',#345,#917,#925,.T.);
#925 = LINE('',#926,#927);
#926 = CARTESIAN_POINT('',(-1.5,-0.625,2.5E-02));
#927 = VECTOR('',#928,1.);
#928 = DIRECTION('',(0.,2.22044604925E-16,1.));
#929 = ORIENTED_EDGE('',*,*,#344,.F.);
#930 = ORIENTED_EDGE('',*,*,#931,.T.);
#931 = EDGE_CURVE('',#337,#932,#934,.T.);
#932 = VERTEX_POINT('',#933);
#933 = CARTESIAN_POINT('',(-1.5,-0.375,0.1));
#934 = LINE('',#935,#936);
#935 = CARTESIAN_POINT('',(-1.5,-0.375,2.5E-02));
#936 = VECTOR('',#937,1.);
#937 = DIRECTION('',(0.,2.22044604925E-16,1.));
#938 = ORIENTED_EDGE('',*,*,#939,.T.);
#939 = EDGE_CURVE('',#932,#940,#942,.T.);
#940 = VERTEX_POINT('',#941);
#941 = CARTESIAN_POINT('',(-1.5,-0.125,0.1));
#942 = LINE('',#943,#944);
#943 = CARTESIAN_POINT('',(-1.5,-0.375,0.1));
#944 = VECTOR('',#945,1.);
#945 = DIRECTION('',(0.,1.,-2.22044604925E-16));
#946 = ORIENTED_EDGE('',*,*,#947,.F.);
#947 = EDGE_CURVE('',#312,#940,#948,.T.);
#948 = LINE('',#949,#950);
#949 = CARTESIAN_POINT('',(-1.5,-0.125,2.5E-02));
#950 = VECTOR('',#951,1.);
#951 = DIRECTION('',(0.,2.22044604925E-16,1.));
#952 = ORIENTED_EDGE('',*,*,#311,.F.);
#953 = ORIENTED_EDGE('',*,*,#954,.T.);
#954 = EDGE_CURVE('',#304,#955,#957,.T.);
#955 = VERTEX_POINT('',#956);
#956 = CARTESIAN_POINT('',(-1.5,0.125,1.E-01));
#957 = LINE('',#958,#959);
#958 = CARTESIAN_POINT('',(-1.5,0.125,2.5E-02));
#959 = VECTOR('',#960,1.);
#960 = DIRECTION('',(0.,2.22044604925E-16,1.));
#961 = ORIENTED_EDGE('',*,*,#962,.T.);
#962 = EDGE_CURVE('',#955,#963,#965,.T.);
#963 = VERTEX_POINT('',#964);
#964 = CARTESIAN_POINT('',(-1.5,0.375,1.E-01));
#965 = LINE('',#966,#967);
#966 = CARTESIAN_POINT('',(-1.5,0.125,1.E-01));
#967 = VECTOR('',#968,1.);
#968 = DIRECTION('',(0.,1.,-2.22044604925E-16));
#969 = ORIENTED_EDGE('',*,*,#970,.F.);
#970 = EDGE_CURVE('',#279,#963,#971,.T.);
#971 = LINE('',#972,#973);
#972 = CARTESIAN_POINT('',(-1.5,0.375,2.5E-02));
#973 = VECTOR('',#974,1.);
#974 = DIRECTION('',(0.,2.22044604925E-16,1.));
#975 = ORIENTED_EDGE('',*,*,#278,.F.);
#976 = ORIENTED_EDGE('',*,*,#977,.T.);
#977 = EDGE_CURVE('',#271,#978,#980,.T.);
#978 = VERTEX_POINT('',#979);
#979 = CARTESIAN_POINT('',(-1.5,0.625,1.E-01));
#980 = LINE('',#981,#982);
#981 = CARTESIAN_POINT('',(-1.5,0.625,2.5E-02));
#982 = VECTOR('',#983,1.);
#983 = DIRECTION('',(0.,2.22044604925E-16,1.));
#984 = ORIENTED_EDGE('',*,*,#985,.T.);
#985 = EDGE_CURVE('',#978,#986,#988,.T.);
#986 = VERTEX_POINT('',#987);
#987 = CARTESIAN_POINT('',(-1.5,0.875,1.E-01));
#988 = LINE('',#989,#990);
#989 = CARTESIAN_POINT('',(-1.5,0.625,1.E-01));
#990 = VECTOR('',#991,1.);
#991 = DIRECTION('',(0.,1.,-2.22044604925E-16));
#992 = ORIENTED_EDGE('',*,*,#993,.F.);
#993 = EDGE_CURVE('',#246,#986,#994,.T.);
#994 = LINE('',#995,#996);
#995 = CARTESIAN_POINT('',(-1.5,0.875,2.5E-02));
#996 = VECTOR('',#997,1.);
#997 = DIRECTION('',(0.,2.22044604925E-16,1.));
#998 = ORIENTED_EDGE('',*,*,#245,.F.);
#999 = ORIENTED_EDGE('',*,*,#1000,.T.);
#1000 = EDGE_CURVE('',#238,#1001,#1003,.T.);
#1001 = VERTEX_POINT('',#1002);
#1002 = CARTESIAN_POINT('',(-1.5,1.125,1.E-01));
#1003 = LINE('',#1004,#1005);
#1004 = CARTESIAN_POINT('',(-1.5,1.125,2.5E-02));
#1005 = VECTOR('',#1006,1.);
#1006 = DIRECTION('',(0.,2.22044604925E-16,1.));
#1007 = ORIENTED_EDGE('',*,*,#1008,.T.);
#1008 = EDGE_CURVE('',#1001,#1009,#1011,.T.);
#1009 = VERTEX_POINT('',#1010);
#1010 = CARTESIAN_POINT('',(-1.5,1.375,1.E-01));
#1011 = LINE('',#1012,#1013);
#1012 = CARTESIAN_POINT('',(-1.5,1.125,1.E-01));
#1013 = VECTOR('',#1014,1.);
#1014 = DIRECTION('',(0.,1.,-2.22044604925E-16));
#1015 = ORIENTED_EDGE('',*,*,#1016,.F.);
#1016 = EDGE_CURVE('',#213,#1009,#1017,.T.);
#1017 = LINE('',#1018,#1019);
#1018 = CARTESIAN_POINT('',(-1.5,1.375,2.5E-02));
#1019 = VECTOR('',#1020,1.);
#1020 = DIRECTION('',(0.,2.22044604925E-16,1.));
#1021 = ORIENTED_EDGE('',*,*,#212,.F.);
#1022 = ORIENTED_EDGE('',*,*,#1023,.T.);
#1023 = EDGE_CURVE('',#205,#1024,#1026,.T.);
#1024 = VERTEX_POINT('',#1025);
#1025 = CARTESIAN_POINT('',(-1.5,1.5,0.775));
#1026 = LINE('',#1027,#1028);
#1027 = CARTESIAN_POINT('',(-1.5,1.5,2.5E-02));
#1028 = VECTOR('',#1029,1.);
#1029 = DIRECTION('',(0.,2.22044604925E-16,1.));
#1030 = ORIENTED_EDGE('',*,*,#1031,.T.);
#1031 = EDGE_CURVE('',#1024,#827,#1032,.T.);
#1032 = LINE('',#1033,#1034);
#1033 = CARTESIAN_POINT('',(-1.5,1.5,0.775));
#1034 = VECTOR('',#1035,1.);
#1035 = DIRECTION('',(0.,-1.,2.22044604925E-16));
#1036 = ORIENTED_EDGE('',*,*,#826,.F.);
#1037 = ORIENTED_EDGE('',*,*,#410,.F.);
#1038 = ORIENTED_EDGE('',*,*,#1039,.T.);
#1039 = EDGE_CURVE('',#403,#1040,#1042,.T.);
#1040 = VERTEX_POINT('',#1041);
#1041 = CARTESIAN_POINT('',(-1.5,-1.375,0.1));
#1042 = LINE('',#1043,#1044);
#1043 = CARTESIAN_POINT('',(-1.5,-1.375,2.5E-02));
#1044 = VECTOR('',#1045,1.);
#1045 = DIRECTION('',(0.,2.22044604925E-16,1.));
#1046 = ORIENTED_EDGE('',*,*,#1047,.T.);
#1047 = EDGE_CURVE('',#1040,#900,#1048,.T.);
#1048 = LINE('',#1049,#1050);
#1049 = CARTESIAN_POINT('',(-1.5,-1.375,0.1));
#1050 = VECTOR('',#1051,1.);
#1051 = DIRECTION('',(0.,1.,-2.22044604925E-16));
#1052 = PLANE('',#1053);
#1053 = AXIS2_PLACEMENT_3D('',#1054,#1055,#1056);
#1054 = CARTESIAN_POINT('',(-1.5,1.5,2.5E-02));
#1055 = DIRECTION('',(-1.,0.,0.));
#1056 = DIRECTION('',(0.,-1.,2.22044604925E-16));
#1057 = ADVANCED_FACE('',(#1058),#1076,.T.);
#1058 = FACE_BOUND('',#1059,.F.);
#1059 = EDGE_LOOP('',(#1060,#1061,#1062,#1070));
#1060 = ORIENTED_EDGE('',*,*,#385,.F.);
#1061 = ORIENTED_EDGE('',*,*,#899,.T.);
#1062 = ORIENTED_EDGE('',*,*,#1063,.T.);
#1063 = EDGE_CURVE('',#900,#1064,#1066,.T.);
#1064 = VERTEX_POINT('',#1065);
#1065 = CARTESIAN_POINT('',(-1.225,-1.125,0.1));
#1066 = LINE('',#1067,#1068);
#1067 = CARTESIAN_POINT('',(-1.5,-1.125,0.1));
#1068 = VECTOR('',#1069,1.);
#1069 = DIRECTION('',(1.,0.,0.));
#1070 = ORIENTED_EDGE('',*,*,#1071,.F.);
#1071 = EDGE_CURVE('',#386,#1064,#1072,.T.);
#1072 = LINE('',#1073,#1074);
#1073 = CARTESIAN_POINT('',(-1.225,-1.125,2.5E-02));
#1074 = VECTOR('',#1075,1.);
#1075 = DIRECTION('',(0.,2.22044604925E-16,1.));
#1076 = PLANE('',#1077);
#1077 = AXIS2_PLACEMENT_3D('',#1078,#1079,#1080);
#1078 = CARTESIAN_POINT('',(-1.5,-1.125,2.498001805407E-16));
#1079 = DIRECTION('',(0.,-1.,2.22044604925E-16));
#1080 = DIRECTION('',(1.,0.,0.));
#1081 = ADVANCED_FACE('',(#1082),#1101,.T.);
#1082 = FACE_BOUND('',#1083,.F.);
#1083 = EDGE_LOOP('',(#1084,#1085,#1093,#1100));
#1084 = ORIENTED_EDGE('',*,*,#1047,.F.);
#1085 = ORIENTED_EDGE('',*,*,#1086,.F.);
#1086 = EDGE_CURVE('',#1087,#1040,#1089,.T.);
#1087 = VERTEX_POINT('',#1088);
#1088 = CARTESIAN_POINT('',(-1.225,-1.375,0.1));
#1089 = LINE('',#1090,#1091);
#1090 = CARTESIAN_POINT('',(-1.225,-1.375,0.1));
#1091 = VECTOR('',#1092,1.);
#1092 = DIRECTION('',(-1.,0.,0.));
#1093 = ORIENTED_EDGE('',*,*,#1094,.F.);
#1094 = EDGE_CURVE('',#1064,#1087,#1095,.T.);
#1095 = CIRCLE('',#1096,0.125);
#1096 = AXIS2_PLACEMENT_3D('',#1097,#1098,#1099);
#1097 = CARTESIAN_POINT('',(-1.225,-1.25,0.1));
#1098 = DIRECTION('',(0.,-2.22044604925E-16,-1.));
#1099 = DIRECTION('',(0.,1.,-2.22044604925E-16));
#1100 = ORIENTED_EDGE('',*,*,#1063,.F.);
#1101 = PLANE('',#1102);
#1102 = AXIS2_PLACEMENT_3D('',#1103,#1104,#1105);
#1103 = CARTESIAN_POINT('',(0.,1.665334536938E-17,0.1));
#1104 = DIRECTION('',(0.,-2.22044604925E-16,-1.));
#1105 = DIRECTION('',(-1.,0.,0.));
#1106 = ADVANCED_FACE('',(#1107),#1118,.T.);
#1107 = FACE_BOUND('',#1108,.F.);
#1108 = EDGE_LOOP('',(#1109,#1110,#1116,#1117));
#1109 = ORIENTED_EDGE('',*,*,#402,.T.);
#1110 = ORIENTED_EDGE('',*,*,#1111,.T.);
#1111 = EDGE_CURVE('',#394,#1087,#1112,.T.);
#1112 = LINE('',#1113,#1114);
#1113 = CARTESIAN_POINT('',(-1.225,-1.375,2.5E-02));
#1114 = VECTOR('',#1115,1.);
#1115 = DIRECTION('',(0.,2.22044604925E-16,1.));
#1116 = ORIENTED_EDGE('',*,*,#1086,.T.);
#1117 = ORIENTED_EDGE('',*,*,#1039,.F.);
#1118 = PLANE('',#1119);
#1119 = AXIS2_PLACEMENT_3D('',#1120,#1121,#1122);
#1120 = CARTESIAN_POINT('',(-1.225,-1.375,3.053113317719E-16));
#1121 = DIRECTION('',(0.,1.,-2.22044604925E-16));
#1122 = DIRECTION('',(-1.,0.,0.));
#1123 = ADVANCED_FACE('',(#1124),#1130,.F.);
#1124 = FACE_BOUND('',#1125,.F.);
#1125 = EDGE_LOOP('',(#1126,#1127,#1128,#1129));
#1126 = ORIENTED_EDGE('',*,*,#393,.F.);
#1127 = ORIENTED_EDGE('',*,*,#1071,.T.);
#1128 = ORIENTED_EDGE('',*,*,#1094,.T.);
#1129 = ORIENTED_EDGE('',*,*,#1111,.F.);
#1130 = CYLINDRICAL_SURFACE('',#1131,0.125);
#1131 = AXIS2_PLACEMENT_3D('',#1132,#1133,#1134);
#1132 = CARTESIAN_POINT('',(-1.225,-1.25,2.775557561563E-16));
#1133 = DIRECTION('',(0.,-2.22044604925E-16,-1.));
#1134 = DIRECTION('',(-1.,0.,0.));
#1135 = ADVANCED_FACE('',(#1136),#1154,.T.);
#1136 = FACE_BOUND('',#1137,.F.);
#1137 = EDGE_LOOP('',(#1138,#1139,#1147,#1153));
#1138 = ORIENTED_EDGE('',*,*,#369,.T.);
#1139 = ORIENTED_EDGE('',*,*,#1140,.T.);
#1140 = EDGE_CURVE('',#361,#1141,#1143,.T.);
#1141 = VERTEX_POINT('',#1142);
#1142 = CARTESIAN_POINT('',(-1.225,-0.875,0.1));
#1143 = LINE('',#1144,#1145);
#1144 = CARTESIAN_POINT('',(-1.225,-0.875,2.5E-02));
#1145 = VECTOR('',#1146,1.);
#1146 = DIRECTION('',(0.,2.22044604925E-16,1.));
#1147 = ORIENTED_EDGE('',*,*,#1148,.T.);
#1148 = EDGE_CURVE('',#1141,#909,#1149,.T.);
#1149 = LINE('',#1150,#1151);
#1150 = CARTESIAN_POINT('',(-1.225,-0.875,0.1));
#1151 = VECTOR('',#1152,1.);
#1152 = DIRECTION('',(-1.,0.,0.));
#1153 = ORIENTED_EDGE('',*,*,#908,.F.);
#1154 = PLANE('',#1155);
#1155 = AXIS2_PLACEMENT_3D('',#1156,#1157,#1158);
#1156 = CARTESIAN_POINT('',(-1.225,-0.875,1.942890293094E-16));
#1157 = DIRECTION('',(0.,1.,-2.22044604925E-16));
#1158 = DIRECTION('',(-1.,0.,0.));
#1159 = ADVANCED_FACE('',(#1160),#1179,.F.);
#1160 = FACE_BOUND('',#1161,.F.);
#1161 = EDGE_LOOP('',(#1162,#1163,#1171,#1178));
#1162 = ORIENTED_EDGE('',*,*,#360,.F.);
#1163 = ORIENTED_EDGE('',*,*,#1164,.T.);
#1164 = EDGE_CURVE('',#353,#1165,#1167,.T.);
#1165 = VERTEX_POINT('',#1166);
#1166 = CARTESIAN_POINT('',(-1.225,-0.625,0.1));
#1167 = LINE('',#1168,#1169);
#1168 = CARTESIAN_POINT('',(-1.225,-0.625,2.5E-02));
#1169 = VECTOR('',#1170,1.);
#1170 = DIRECTION('',(0.,2.22044604925E-16,1.));
#1171 = ORIENTED_EDGE('',*,*,#1172,.T.);
#1172 = EDGE_CURVE('',#1165,#1141,#1173,.T.);
#1173 = CIRCLE('',#1174,0.125);
#1174 = AXIS2_PLACEMENT_3D('',#1175,#1176,#1177);
#1175 = CARTESIAN_POINT('',(-1.225,-0.75,0.1));
#1176 = DIRECTION('',(0.,-2.22044604925E-16,-1.));
#1177 = DIRECTION('',(0.,1.,-2.22044604925E-16));
#1178 = ORIENTED_EDGE('',*,*,#1140,.F.);
#1179 = CYLINDRICAL_SURFACE('',#1180,0.125);
#1180 = AXIS2_PLACEMENT_3D('',#1181,#1182,#1183);
#1181 = CARTESIAN_POINT('',(-1.225,-0.75,1.665334536938E-16));
#1182 = DIRECTION('',(0.,-2.22044604925E-16,-1.));
#1183 = DIRECTION('',(-1.,0.,0.));
#1184 = ADVANCED_FACE('',(#1185),#1196,.T.);
#1185 = FACE_BOUND('',#1186,.F.);
#1186 = EDGE_LOOP('',(#1187,#1188,#1189,#1195));
#1187 = ORIENTED_EDGE('',*,*,#352,.F.);
#1188 = ORIENTED_EDGE('',*,*,#924,.T.);
#1189 = ORIENTED_EDGE('',*,*,#1190,.T.);
#1190 = EDGE_CURVE('',#917,#1165,#1191,.T.);
#1191 = LINE('',#1192,#1193);
#1192 = CARTESIAN_POINT('',(-1.5,-0.625,0.1));
#1193 = VECTOR('',#1194,1.);
#1194 = DIRECTION('',(1.,0.,0.));
#1195 = ORIENTED_EDGE('',*,*,#1164,.F.);
#1196 = PLANE('',#1197);
#1197 = AXIS2_PLACEMENT_3D('',#1198,#1199,#1200);
#1198 = CARTESIAN_POINT('',(-1.5,-0.625,1.387778780781E-16));
#1199 = DIRECTION('',(0.,-1.,2.22044604925E-16));
#1200 = DIRECTION('',(1.,0.,0.));
#1201 = ADVANCED_FACE('',(#1202),#1208,.T.);
#1202 = FACE_BOUND('',#1203,.F.);
#1203 = EDGE_LOOP('',(#1204,#1205,#1206,#1207));
#1204 = ORIENTED_EDGE('',*,*,#916,.F.);
#1205 = ORIENTED_EDGE('',*,*,#1148,.F.);
#1206 = ORIENTED_EDGE('',*,*,#1172,.F.);
#1207 = ORIENTED_EDGE('',*,*,#1190,.F.);
#1208 = PLANE('',#1209);
#1209 = AXIS2_PLACEMENT_3D('',#1210,#1211,#1212);
#1210 = CARTESIAN_POINT('',(0.,1.665334536938E-17,0.1));
#1211 = DIRECTION('',(0.,-2.22044604925E-16,-1.));
#1212 = DIRECTION('',(-1.,0.,0.));
#1213 = ADVANCED_FACE('',(#1214),#1232,.T.);
#1214 = FACE_BOUND('',#1215,.F.);
#1215 = EDGE_LOOP('',(#1216,#1217,#1225,#1231));
#1216 = ORIENTED_EDGE('',*,*,#336,.T.);
#1217 = ORIENTED_EDGE('',*,*,#1218,.T.);
#1218 = EDGE_CURVE('',#328,#1219,#1221,.T.);
#1219 = VERTEX_POINT('',#1220);
#1220 = CARTESIAN_POINT('',(-1.225,-0.375,0.1));
#1221 = LINE('',#1222,#1223);
#1222 = CARTESIAN_POINT('',(-1.225,-0.375,2.5E-02));
#1223 = VECTOR('',#1224,1.);
#1224 = DIRECTION('',(0.,2.22044604925E-16,1.));
#1225 = ORIENTED_EDGE('',*,*,#1226,.T.);
#1226 = EDGE_CURVE('',#1219,#932,#1227,.T.);
#1227 = LINE('',#1228,#1229);
#1228 = CARTESIAN_POINT('',(-1.225,-0.375,0.1));
#1229 = VECTOR('',#1230,1.);
#1230 = DIRECTION('',(-1.,0.,0.));
#1231 = ORIENTED_EDGE('',*,*,#931,.F.);
#1232 = PLANE('',#1233);
#1233 = AXIS2_PLACEMENT_3D('',#1234,#1235,#1236);
#1234 = CARTESIAN_POINT('',(-1.225,-0.375,8.326672684689E-17));
#1235 = DIRECTION('',(0.,1.,-2.22044604925E-16));
#1236 = DIRECTION('',(-1.,0.,0.));
#1237 = ADVANCED_FACE('',(#1238),#1257,.F.);
#1238 = FACE_BOUND('',#1239,.F.);
#1239 = EDGE_LOOP('',(#1240,#1241,#1249,#1256));
#1240 = ORIENTED_EDGE('',*,*,#327,.F.);
#1241 = ORIENTED_EDGE('',*,*,#1242,.T.);
#1242 = EDGE_CURVE('',#320,#1243,#1245,.T.);
#1243 = VERTEX_POINT('',#1244);
#1244 = CARTESIAN_POINT('',(-1.225,-0.125,0.1));
#1245 = LINE('',#1246,#1247);
#1246 = CARTESIAN_POINT('',(-1.225,-0.125,2.5E-02));
#1247 = VECTOR('',#1248,1.);
#1248 = DIRECTION('',(0.,2.22044604925E-16,1.));
#1249 = ORIENTED_EDGE('',*,*,#1250,.T.);
#1250 = EDGE_CURVE('',#1243,#1219,#1251,.T.);
#1251 = CIRCLE('',#1252,0.125);
#1252 = AXIS2_PLACEMENT_3D('',#1253,#1254,#1255);
#1253 = CARTESIAN_POINT('',(-1.225,-0.25,0.1));
#1254 = DIRECTION('',(0.,-2.22044604925E-16,-1.));
#1255 = DIRECTION('',(0.,1.,-2.22044604925E-16));
#1256 = ORIENTED_EDGE('',*,*,#1218,.F.);
#1257 = CYLINDRICAL_SURFACE('',#1258,0.125);
#1258 = AXIS2_PLACEMENT_3D('',#1259,#1260,#1261);
#1259 = CARTESIAN_POINT('',(-1.225,-0.25,5.551115123126E-17));
#1260 = DIRECTION('',(0.,-2.22044604925E-16,-1.));
#1261 = DIRECTION('',(-1.,0.,0.));
#1262 = ADVANCED_FACE('',(#1263),#1274,.T.);
#1263 = FACE_BOUND('',#1264,.F.);
#1264 = EDGE_LOOP('',(#1265,#1266,#1267,#1273));
#1265 = ORIENTED_EDGE('',*,*,#319,.F.);
#1266 = ORIENTED_EDGE('',*,*,#947,.T.);
#1267 = ORIENTED_EDGE('',*,*,#1268,.T.);
#1268 = EDGE_CURVE('',#940,#1243,#1269,.T.);
#1269 = LINE('',#1270,#1271);
#1270 = CARTESIAN_POINT('',(-1.5,-0.125,0.1));
#1271 = VECTOR('',#1272,1.);
#1272 = DIRECTION('',(1.,0.,0.));
#1273 = ORIENTED_EDGE('',*,*,#1242,.F.);
#1274 = PLANE('',#1275);
#1275 = AXIS2_PLACEMENT_3D('',#1276,#1277,#1278);
#1276 = CARTESIAN_POINT('',(-1.5,-0.125,2.775557561563E-17));
#1277 = DIRECTION('',(0.,-1.,2.22044604925E-16));
#1278 = DIRECTION('',(1.,0.,0.));
#1279 = ADVANCED_FACE('',(#1280),#1286,.T.);
#1280 = FACE_BOUND('',#1281,.F.);
#1281 = EDGE_LOOP('',(#1282,#1283,#1284,#1285));
#1282 = ORIENTED_EDGE('',*,*,#939,.F.);
#1283 = ORIENTED_EDGE('',*,*,#1226,.F.);
#1284 = ORIENTED_EDGE('',*,*,#1250,.F.);
#1285 = ORIENTED_EDGE('',*,*,#1268,.F.);
#1286 = PLANE('',#1287);
#1287 = AXIS2_PLACEMENT_3D('',#1288,#1289,#1290);
#1288 = CARTESIAN_POINT('',(0.,1.665334536938E-17,0.1));
#1289 = DIRECTION('',(0.,-2.22044604925E-16,-1.));
#1290 = DIRECTION('',(-1.,0.,0.));
#1291 = ADVANCED_FACE('',(#1292),#1310,.T.);
#1292 = FACE_BOUND('',#1293,.F.);
#1293 = EDGE_LOOP('',(#1294,#1295,#1303,#1309));
#1294 = ORIENTED_EDGE('',*,*,#303,.T.);
#1295 = ORIENTED_EDGE('',*,*,#1296,.T.);
#1296 = EDGE_CURVE('',#295,#1297,#1299,.T.);
#1297 = VERTEX_POINT('',#1298);
#1298 = CARTESIAN_POINT('',(-1.225,0.125,1.E-01));
#1299 = LINE('',#1300,#1301);
#1300 = CARTESIAN_POINT('',(-1.225,0.125,2.5E-02));
#1301 = VECTOR('',#1302,1.);
#1302 = DIRECTION('',(0.,2.22044604925E-16,1.));
#1303 = ORIENTED_EDGE('',*,*,#1304,.T.);
#1304 = EDGE_CURVE('',#1297,#955,#1305,.T.);
#1305 = LINE('',#1306,#1307);
#1306 = CARTESIAN_POINT('',(-1.225,0.125,1.E-01));
#1307 = VECTOR('',#1308,1.);
#1308 = DIRECTION('',(-1.,0.,0.));
#1309 = ORIENTED_EDGE('',*,*,#954,.F.);
#1310 = PLANE('',#1311);
#1311 = AXIS2_PLACEMENT_3D('',#1312,#1313,#1314);
#1312 = CARTESIAN_POINT('',(-1.225,0.125,-2.775557561563E-17));
#1313 = DIRECTION('',(0.,1.,-2.22044604925E-16));
#1314 = DIRECTION('',(-1.,0.,0.));
#1315 = ADVANCED_FACE('',(#1316),#1335,.F.);
#1316 = FACE_BOUND('',#1317,.F.);
#1317 = EDGE_LOOP('',(#1318,#1319,#1327,#1334));
#1318 = ORIENTED_EDGE('',*,*,#294,.F.);
#1319 = ORIENTED_EDGE('',*,*,#1320,.T.);
#1320 = EDGE_CURVE('',#287,#1321,#1323,.T.);
#1321 = VERTEX_POINT('',#1322);
#1322 = CARTESIAN_POINT('',(-1.225,0.375,1.E-01));
#1323 = LINE('',#1324,#1325);
#1324 = CARTESIAN_POINT('',(-1.225,0.375,2.5E-02));
#1325 = VECTOR('',#1326,1.);
#1326 = DIRECTION('',(0.,2.22044604925E-16,1.));
#1327 = ORIENTED_EDGE('',*,*,#1328,.T.);
#1328 = EDGE_CURVE('',#1321,#1297,#1329,.T.);
#1329 = CIRCLE('',#1330,0.125);
#1330 = AXIS2_PLACEMENT_3D('',#1331,#1332,#1333);
#1331 = CARTESIAN_POINT('',(-1.225,0.25,1.E-01));
#1332 = DIRECTION('',(0.,-2.22044604925E-16,-1.));
#1333 = DIRECTION('',(0.,1.,-2.22044604925E-16));
#1334 = ORIENTED_EDGE('',*,*,#1296,.F.);
#1335 = CYLINDRICAL_SURFACE('',#1336,0.125);
#1336 = AXIS2_PLACEMENT_3D('',#1337,#1338,#1339);
#1337 = CARTESIAN_POINT('',(-1.225,0.25,-5.551115123126E-17));
#1338 = DIRECTION('',(0.,-2.22044604925E-16,-1.));
#1339 = DIRECTION('',(-1.,0.,0.));
#1340 = ADVANCED_FACE('',(#1341),#1352,.T.);
#1341 = FACE_BOUND('',#1342,.F.);
#1342 = EDGE_LOOP('',(#1343,#1344,#1345,#1351));
#1343 = ORIENTED_EDGE('',*,*,#286,.F.);
#1344 = ORIENTED_EDGE('',*,*,#970,.T.);
#1345 = ORIENTED_EDGE('',*,*,#1346,.T.);
#1346 = EDGE_CURVE('',#963,#1321,#1347,.T.);
#1347 = LINE('',#1348,#1349);
#1348 = CARTESIAN_POINT('',(-1.5,0.375,1.E-01));
#1349 = VECTOR('',#1350,1.);
#1350 = DIRECTION('',(1.,0.,0.));
#1351 = ORIENTED_EDGE('',*,*,#1320,.F.);
#1352 = PLANE('',#1353);
#1353 = AXIS2_PLACEMENT_3D('',#1354,#1355,#1356);
#1354 = CARTESIAN_POINT('',(-1.5,0.375,-8.326672684689E-17));
#1355 = DIRECTION('',(0.,-1.,2.22044604925E-16));
#1356 = DIRECTION('',(1.,0.,0.));
#1357 = ADVANCED_FACE('',(#1358),#1364,.T.);
#1358 = FACE_BOUND('',#1359,.F.);
#1359 = EDGE_LOOP('',(#1360,#1361,#1362,#1363));
#1360 = ORIENTED_EDGE('',*,*,#962,.F.);
#1361 = ORIENTED_EDGE('',*,*,#1304,.F.);
#1362 = ORIENTED_EDGE('',*,*,#1328,.F.);
#1363 = ORIENTED_EDGE('',*,*,#1346,.F.);
#1364 = PLANE('',#1365);
#1365 = AXIS2_PLACEMENT_3D('',#1366,#1367,#1368);
#1366 = CARTESIAN_POINT('',(0.,1.665334536938E-17,0.1));
#1367 = DIRECTION('',(0.,-2.22044604925E-16,-1.));
#1368 = DIRECTION('',(-1.,0.,0.));
#1369 = ADVANCED_FACE('',(#1370),#1388,.T.);
#1370 = FACE_BOUND('',#1371,.F.);
#1371 = EDGE_LOOP('',(#1372,#1373,#1381,#1387));
#1372 = ORIENTED_EDGE('',*,*,#270,.T.);
#1373 = ORIENTED_EDGE('',*,*,#1374,.T.);
#1374 = EDGE_CURVE('',#262,#1375,#1377,.T.);
#1375 = VERTEX_POINT('',#1376);
#1376 = CARTESIAN_POINT('',(-1.225,0.625,1.E-01));
#1377 = LINE('',#1378,#1379);
#1378 = CARTESIAN_POINT('',(-1.225,0.625,2.5E-02));
#1379 = VECTOR('',#1380,1.);
#1380 = DIRECTION('',(0.,2.22044604925E-16,1.));
#1381 = ORIENTED_EDGE('',*,*,#1382,.T.);
#1382 = EDGE_CURVE('',#1375,#978,#1383,.T.);
#1383 = LINE('',#1384,#1385);
#1384 = CARTESIAN_POINT('',(-1.225,0.625,1.E-01));
#1385 = VECTOR('',#1386,1.);
#1386 = DIRECTION('',(-1.,0.,0.));
#1387 = ORIENTED_EDGE('',*,*,#977,.F.);
#1388 = PLANE('',#1389);
#1389 = AXIS2_PLACEMENT_3D('',#1390,#1391,#1392);
#1390 = CARTESIAN_POINT('',(-1.225,0.625,-1.387778780781E-16));
#1391 = DIRECTION('',(0.,1.,-2.22044604925E-16));
#1392 = DIRECTION('',(-1.,0.,0.));
#1393 = ADVANCED_FACE('',(#1394),#1413,.F.);
#1394 = FACE_BOUND('',#1395,.F.);
#1395 = EDGE_LOOP('',(#1396,#1397,#1405,#1412));
#1396 = ORIENTED_EDGE('',*,*,#261,.F.);
#1397 = ORIENTED_EDGE('',*,*,#1398,.T.);
#1398 = EDGE_CURVE('',#254,#1399,#1401,.T.);
#1399 = VERTEX_POINT('',#1400);
#1400 = CARTESIAN_POINT('',(-1.225,0.875,1.E-01));
#1401 = LINE('',#1402,#1403);
#1402 = CARTESIAN_POINT('',(-1.225,0.875,2.5E-02));
#1403 = VECTOR('',#1404,1.);
#1404 = DIRECTION('',(0.,2.22044604925E-16,1.));
#1405 = ORIENTED_EDGE('',*,*,#1406,.T.);
#1406 = EDGE_CURVE('',#1399,#1375,#1407,.T.);
#1407 = CIRCLE('',#1408,0.125);
#1408 = AXIS2_PLACEMENT_3D('',#1409,#1410,#1411);
#1409 = CARTESIAN_POINT('',(-1.225,0.75,1.E-01));
#1410 = DIRECTION('',(0.,-2.22044604925E-16,-1.));
#1411 = DIRECTION('',(0.,1.,-2.22044604925E-16));
#1412 = ORIENTED_EDGE('',*,*,#1374,.F.);
#1413 = CYLINDRICAL_SURFACE('',#1414,0.125);
#1414 = AXIS2_PLACEMENT_3D('',#1415,#1416,#1417);
#1415 = CARTESIAN_POINT('',(-1.225,0.75,-1.665334536938E-16));
#1416 = DIRECTION('',(0.,-2.22044604925E-16,-1.));
#1417 = DIRECTION('',(-1.,0.,0.));
#1418 = ADVANCED_FACE('',(#1419),#1430,.T.);
#1419 = FACE_BOUND('',#1420,.F.);
#1420 = EDGE_LOOP('',(#1421,#1422,#1423,#1429));
#1421 = ORIENTED_EDGE('',*,*,#253,.F.);
#1422 = ORIENTED_EDGE('',*,*,#993,.T.);
#1423 = ORIENTED_EDGE('',*,*,#1424,.T.);
#1424 = EDGE_CURVE('',#986,#1399,#1425,.T.);
#1425 = LINE('',#1426,#1427);
#1426 = CARTESIAN_POINT('',(-1.5,0.875,1.E-01));
#1427 = VECTOR('',#1428,1.);
#1428 = DIRECTION('',(1.,0.,0.));
#1429 = ORIENTED_EDGE('',*,*,#1398,.F.);
#1430 = PLANE('',#1431);
#1431 = AXIS2_PLACEMENT_3D('',#1432,#1433,#1434);
#1432 = CARTESIAN_POINT('',(-1.5,0.875,-1.942890293094E-16));
#1433 = DIRECTION('',(0.,-1.,2.22044604925E-16));
#1434 = DIRECTION('',(1.,0.,0.));
#1435 = ADVANCED_FACE('',(#1436),#1442,.T.);
#1436 = FACE_BOUND('',#1437,.F.);
#1437 = EDGE_LOOP('',(#1438,#1439,#1440,#1441));
#1438 = ORIENTED_EDGE('',*,*,#985,.F.);
#1439 = ORIENTED_EDGE('',*,*,#1382,.F.);
#1440 = ORIENTED_EDGE('',*,*,#1406,.F.);
#1441 = ORIENTED_EDGE('',*,*,#1424,.F.);
#1442 = PLANE('',#1443);
#1443 = AXIS2_PLACEMENT_3D('',#1444,#1445,#1446);
#1444 = CARTESIAN_POINT('',(0.,1.665334536938E-17,0.1));
#1445 = DIRECTION('',(0.,-2.22044604925E-16,-1.));
#1446 = DIRECTION('',(-1.,0.,0.));
#1447 = ADVANCED_FACE('',(#1448),#1466,.T.);
#1448 = FACE_BOUND('',#1449,.F.);
#1449 = EDGE_LOOP('',(#1450,#1451,#1459,#1465));
#1450 = ORIENTED_EDGE('',*,*,#237,.T.);
#1451 = ORIENTED_EDGE('',*,*,#1452,.T.);
#1452 = EDGE_CURVE('',#229,#1453,#1455,.T.);
#1453 = VERTEX_POINT('',#1454);
#1454 = CARTESIAN_POINT('',(-1.225,1.125,1.E-01));
#1455 = LINE('',#1456,#1457);
#1456 = CARTESIAN_POINT('',(-1.225,1.125,2.5E-02));
#1457 = VECTOR('',#1458,1.);
#1458 = DIRECTION('',(0.,2.22044604925E-16,1.));
#1459 = ORIENTED_EDGE('',*,*,#1460,.T.);
#1460 = EDGE_CURVE('',#1453,#1001,#1461,.T.);
#1461 = LINE('',#1462,#1463);
#1462 = CARTESIAN_POINT('',(-1.225,1.125,1.E-01));
#1463 = VECTOR('',#1464,1.);
#1464 = DIRECTION('',(-1.,0.,0.));
#1465 = ORIENTED_EDGE('',*,*,#1000,.F.);
#1466 = PLANE('',#1467);
#1467 = AXIS2_PLACEMENT_3D('',#1468,#1469,#1470);
#1468 = CARTESIAN_POINT('',(-1.225,1.125,-2.498001805407E-16));
#1469 = DIRECTION('',(0.,1.,-2.22044604925E-16));
#1470 = DIRECTION('',(-1.,0.,0.));
#1471 = ADVANCED_FACE('',(#1472),#1491,.F.);
#1472 = FACE_BOUND('',#1473,.F.);
#1473 = EDGE_LOOP('',(#1474,#1475,#1483,#1490));
#1474 = ORIENTED_EDGE('',*,*,#228,.F.);
#1475 = ORIENTED_EDGE('',*,*,#1476,.T.);
#1476 = EDGE_CURVE('',#221,#1477,#1479,.T.);
#1477 = VERTEX_POINT('',#1478);
#1478 = CARTESIAN_POINT('',(-1.225,1.375,1.E-01));
#1479 = LINE('',#1480,#1481);
#1480 = CARTESIAN_POINT('',(-1.225,1.375,2.5E-02));
#1481 = VECTOR('',#1482,1.);
#1482 = DIRECTION('',(0.,2.22044604925E-16,1.));
#1483 = ORIENTED_EDGE('',*,*,#1484,.T.);
#1484 = EDGE_CURVE('',#1477,#1453,#1485,.T.);
#1485 = CIRCLE('',#1486,0.125);
#1486 = AXIS2_PLACEMENT_3D('',#1487,#1488,#1489);
#1487 = CARTESIAN_POINT('',(-1.225,1.25,1.E-01));
#1488 = DIRECTION('',(0.,-2.22044604925E-16,-1.));
#1489 = DIRECTION('',(0.,1.,-2.22044604925E-16));
#1490 = ORIENTED_EDGE('',*,*,#1452,.F.);
#1491 = CYLINDRICAL_SURFACE('',#1492,0.125);
#1492 = AXIS2_PLACEMENT_3D('',#1493,#1494,#1495);
#1493 = CARTESIAN_POINT('',(-1.225,1.25,-2.775557561563E-16));
#1494 = DIRECTION('',(0.,-2.22044604925E-16,-1.));
#1495 = DIRECTION('',(-1.,0.,0.));
#1496 = ADVANCED_FACE('',(#1497),#1508,.T.);
#1497 = FACE_BOUND('',#1498,.F.);
#1498 = EDGE_LOOP('',(#1499,#1500,#1501,#1507));
#1499 = ORIENTED_EDGE('',*,*,#220,.F.);
#1500 = ORIENTED_EDGE('',*,*,#1016,.T.);
#1501 = ORIENTED_EDGE('',*,*,#1502,.T.);
#1502 = EDGE_CURVE('',#1009,#1477,#1503,.T.);
#1503 = LINE('',#1504,#1505);
#1504 = CARTESIAN_POINT('',(-1.5,1.375,1.E-01));
#1505 = VECTOR('',#1506,1.);
#1506 = DIRECTION('',(1.,0.,0.));
#1507 = ORIENTED_EDGE('',*,*,#1476,.F.);
#1508 = PLANE('',#1509);
#1509 = AXIS2_PLACEMENT_3D('',#1510,#1511,#1512);
#1510 = CARTESIAN_POINT('',(-1.5,1.375,-3.053113317719E-16));
#1511 = DIRECTION('',(0.,-1.,2.22044604925E-16));
#1512 = DIRECTION('',(1.,0.,0.));
#1513 = ADVANCED_FACE('',(#1514),#1520,.T.);
#1514 = FACE_BOUND('',#1515,.F.);
#1515 = EDGE_LOOP('',(#1516,#1517,#1518,#1519));
#1516 = ORIENTED_EDGE('',*,*,#1008,.F.);
#1517 = ORIENTED_EDGE('',*,*,#1460,.F.);
#1518 = ORIENTED_EDGE('',*,*,#1484,.F.);
#1519 = ORIENTED_EDGE('',*,*,#1502,.F.);
#1520 = PLANE('',#1521);
#1521 = AXIS2_PLACEMENT_3D('',#1522,#1523,#1524);
#1522 = CARTESIAN_POINT('',(0.,1.665334536938E-17,0.1));
#1523 = DIRECTION('',(0.,-2.22044604925E-16,-1.));
#1524 = DIRECTION('',(-1.,0.,0.));
#1525 = ADVANCED_FACE('',(#1526,#1544,#1569),#1594,.T.);
#1526 = FACE_BOUND('',#1527,.F.);
#1527 = EDGE_LOOP('',(#1528,#1529,#1537,#1543));
#1528 = ORIENTED_EDGE('',*,*,#204,.F.);
#1529 = ORIENTED_EDGE('',*,*,#1530,.T.);
#1530 = EDGE_CURVE('',#197,#1531,#1533,.T.);
#1531 = VERTEX_POINT('',#1532);
#1532 = CARTESIAN_POINT('',(1.5,1.5,0.775));
#1533 = LINE('',#1534,#1535);
#1534 = CARTESIAN_POINT('',(1.5,1.5,2.5E-02));
#1535 = VECTOR('',#1536,1.);
#1536 = DIRECTION('',(0.,2.22044604925E-16,1.));
#1537 = ORIENTED_EDGE('',*,*,#1538,.T.);
#1538 = EDGE_CURVE('',#1531,#1024,#1539,.T.);
#1539 = LINE('',#1540,#1541);
#1540 = CARTESIAN_POINT('',(1.5,1.5,0.775));
#1541 = VECTOR('',#1542,1.);
#1542 = DIRECTION('',(-1.,0.,0.));
#1543 = ORIENTED_EDGE('',*,*,#1023,.F.);
#1544 = FACE_BOUND('',#1545,.F.);
#1545 = EDGE_LOOP('',(#1546,#1547,#1555,#1563));
#1546 = ORIENTED_EDGE('',*,*,#661,.F.);
#1547 = ORIENTED_EDGE('',*,*,#1548,.T.);
#1548 = EDGE_CURVE('',#654,#1549,#1551,.T.);
#1549 = VERTEX_POINT('',#1550);
#1550 = CARTESIAN_POINT('',(-0.7,1.5,0.2));
#1551 = LINE('',#1552,#1553);
#1552 = CARTESIAN_POINT('',(-0.7,1.5,1.E-01));
#1553 = VECTOR('',#1554,1.);
#1554 = DIRECTION('',(0.,2.22044604925E-16,1.));
#1555 = ORIENTED_EDGE('',*,*,#1556,.T.);
#1556 = EDGE_CURVE('',#1549,#1557,#1559,.T.);
#1557 = VERTEX_POINT('',#1558);
#1558 = CARTESIAN_POINT('',(-0.5,1.5,0.2));
#1559 = LINE('',#1560,#1561);
#1560 = CARTESIAN_POINT('',(-0.7,1.5,0.2));
#1561 = VECTOR('',#1562,1.);
#1562 = DIRECTION('',(1.,0.,0.));
#1563 = ORIENTED_EDGE('',*,*,#1564,.F.);
#1564 = EDGE_CURVE('',#662,#1557,#1565,.T.);
#1565 = LINE('',#1566,#1567);
#1566 = CARTESIAN_POINT('',(-0.5,1.5,1.E-01));
#1567 = VECTOR('',#1568,1.);
#1568 = DIRECTION('',(0.,2.22044604925E-16,1.));
#1569 = FACE_BOUND('',#1570,.F.);
#1570 = EDGE_LOOP('',(#1571,#1572,#1580,#1588));
#1571 = ORIENTED_EDGE('',*,*,#693,.F.);
#1572 = ORIENTED_EDGE('',*,*,#1573,.T.);
#1573 = EDGE_CURVE('',#686,#1574,#1576,.T.);
#1574 = VERTEX_POINT('',#1575);
#1575 = CARTESIAN_POINT('',(0.5,1.5,0.2));
#1576 = LINE('',#1577,#1578);
#1577 = CARTESIAN_POINT('',(0.5,1.5,1.E-01));
#1578 = VECTOR('',#1579,1.);
#1579 = DIRECTION('',(0.,2.22044604925E-16,1.));
#1580 = ORIENTED_EDGE('',*,*,#1581,.T.);
#1581 = EDGE_CURVE('',#1574,#1582,#1584,.T.);
#1582 = VERTEX_POINT('',#1583);
#1583 = CARTESIAN_POINT('',(0.7,1.5,0.2));
#1584 = LINE('',#1585,#1586);
#1585 = CARTESIAN_POINT('',(0.5,1.5,0.2));
#1586 = VECTOR('',#1587,1.);
#1587 = DIRECTION('',(1.,0.,0.));
#1588 = ORIENTED_EDGE('',*,*,#1589,.F.);
#1589 = EDGE_CURVE('',#694,#1582,#1590,.T.);
#1590 = LINE('',#1591,#1592);
#1591 = CARTESIAN_POINT('',(0.7,1.5,1.E-01));
#1592 = VECTOR('',#1593,1.);
#1593 = DIRECTION('',(0.,2.22044604925E-16,1.));
#1594 = PLANE('',#1595);
#1595 = AXIS2_PLACEMENT_3D('',#1596,#1597,#1598);
#1596 = CARTESIAN_POINT('',(1.5,1.5,2.5E-02));
#1597 = DIRECTION('',(0.,1.,-2.22044604925E-16));
#1598 = DIRECTION('',(-1.,0.,0.));
#1599 = ADVANCED_FACE('',(#1600),#1749,.T.);
#1600 = FACE_BOUND('',#1601,.F.);
#1601 = EDGE_LOOP('',(#1602,#1610,#1618,#1624,#1625,#1626,#1632,#1633,
    #1634,#1642,#1650,#1656,#1657,#1665,#1673,#1679,#1680,#1688,#1696,
    #1702,#1703,#1711,#1719,#1725,#1726,#1734,#1742,#1748));
#1602 = ORIENTED_EDGE('',*,*,#1603,.T.);
#1603 = EDGE_CURVE('',#22,#1604,#1606,.T.);
#1604 = VERTEX_POINT('',#1605);
#1605 = CARTESIAN_POINT('',(1.5,-1.125,0.1));
#1606 = LINE('',#1607,#1608);
#1607 = CARTESIAN_POINT('',(1.5,-1.125,2.5E-02));
#1608 = VECTOR('',#1609,1.);
#1609 = DIRECTION('',(0.,2.22044604925E-16,1.));
#1610 = ORIENTED_EDGE('',*,*,#1611,.F.);
#1611 = EDGE_CURVE('',#1612,#1604,#1614,.T.);
#1612 = VERTEX_POINT('',#1613);
#1613 = CARTESIAN_POINT('',(1.5,-1.375,0.1));
#1614 = LINE('',#1615,#1616);
#1615 = CARTESIAN_POINT('',(1.5,-1.375,0.1));
#1616 = VECTOR('',#1617,1.);
#1617 = DIRECTION('',(0.,1.,-2.22044604925E-16));
#1618 = ORIENTED_EDGE('',*,*,#1619,.F.);
#1619 = EDGE_CURVE('',#427,#1612,#1620,.T.);
#1620 = LINE('',#1621,#1622);
#1621 = CARTESIAN_POINT('',(1.5,-1.375,2.5E-02));
#1622 = VECTOR('',#1623,1.);
#1623 = DIRECTION('',(0.,2.22044604925E-16,1.));
#1624 = ORIENTED_EDGE('',*,*,#426,.F.);
#1625 = ORIENTED_EDGE('',*,*,#842,.T.);
#1626 = ORIENTED_EDGE('',*,*,#1627,.T.);
#1627 = EDGE_CURVE('',#835,#1531,#1628,.T.);
#1628 = LINE('',#1629,#1630);
#1629 = CARTESIAN_POINT('',(1.5,-1.5,0.775));
#1630 = VECTOR('',#1631,1.);
#1631 = DIRECTION('',(0.,1.,-2.22044604925E-16));
#1632 = ORIENTED_EDGE('',*,*,#1530,.F.);
#1633 = ORIENTED_EDGE('',*,*,#196,.F.);
#1634 = ORIENTED_EDGE('',*,*,#1635,.T.);
#1635 = EDGE_CURVE('',#189,#1636,#1638,.T.);
#1636 = VERTEX_POINT('',#1637);
#1637 = CARTESIAN_POINT('',(1.5,1.375,1.E-01));
#1638 = LINE('',#1639,#1640);
#1639 = CARTESIAN_POINT('',(1.5,1.375,2.5E-02));
#1640 = VECTOR('',#1641,1.);
#1641 = DIRECTION('',(0.,2.22044604925E-16,1.));
#1642 = ORIENTED_EDGE('',*,*,#1643,.F.);
#1643 = EDGE_CURVE('',#1644,#1636,#1646,.T.);
#1644 = VERTEX_POINT('',#1645);
#1645 = CARTESIAN_POINT('',(1.5,1.125,1.E-01));
#1646 = LINE('',#1647,#1648);
#1647 = CARTESIAN_POINT('',(1.5,1.125,1.E-01));
#1648 = VECTOR('',#1649,1.);
#1649 = DIRECTION('',(0.,1.,-2.22044604925E-16));
#1650 = ORIENTED_EDGE('',*,*,#1651,.F.);
#1651 = EDGE_CURVE('',#164,#1644,#1652,.T.);
#1652 = LINE('',#1653,#1654);
#1653 = CARTESIAN_POINT('',(1.5,1.125,2.5E-02));
#1654 = VECTOR('',#1655,1.);
#1655 = DIRECTION('',(0.,2.22044604925E-16,1.));
#1656 = ORIENTED_EDGE('',*,*,#163,.F.);
#1657 = ORIENTED_EDGE('',*,*,#1658,.T.);
#1658 = EDGE_CURVE('',#156,#1659,#1661,.T.);
#1659 = VERTEX_POINT('',#1660);
#1660 = CARTESIAN_POINT('',(1.5,0.875,1.E-01));
#1661 = LINE('',#1662,#1663);
#1662 = CARTESIAN_POINT('',(1.5,0.875,2.5E-02));
#1663 = VECTOR('',#1664,1.);
#1664 = DIRECTION('',(0.,2.22044604925E-16,1.));
#1665 = ORIENTED_EDGE('',*,*,#1666,.F.);
#1666 = EDGE_CURVE('',#1667,#1659,#1669,.T.);
#1667 = VERTEX_POINT('',#1668);
#1668 = CARTESIAN_POINT('',(1.5,0.625,1.E-01));
#1669 = LINE('',#1670,#1671);
#1670 = CARTESIAN_POINT('',(1.5,0.625,1.E-01));
#1671 = VECTOR('',#1672,1.);
#1672 = DIRECTION('',(0.,1.,-2.22044604925E-16));
#1673 = ORIENTED_EDGE('',*,*,#1674,.F.);
#1674 = EDGE_CURVE('',#131,#1667,#1675,.T.);
#1675 = LINE('',#1676,#1677);
#1676 = CARTESIAN_POINT('',(1.5,0.625,2.5E-02));
#1677 = VECTOR('',#1678,1.);
#1678 = DIRECTION('',(0.,2.22044604925E-16,1.));
#1679 = ORIENTED_EDGE('',*,*,#130,.F.);
#1680 = ORIENTED_EDGE('',*,*,#1681,.T.);
#1681 = EDGE_CURVE('',#123,#1682,#1684,.T.);
#1682 = VERTEX_POINT('',#1683);
#1683 = CARTESIAN_POINT('',(1.5,0.375,1.E-01));
#1684 = LINE('',#1685,#1686);
#1685 = CARTESIAN_POINT('',(1.5,0.375,2.5E-02));
#1686 = VECTOR('',#1687,1.);
#1687 = DIRECTION('',(0.,2.22044604925E-16,1.));
#1688 = ORIENTED_EDGE('',*,*,#1689,.F.);
#1689 = EDGE_CURVE('',#1690,#1682,#1692,.T.);
#1690 = VERTEX_POINT('',#1691);
#1691 = CARTESIAN_POINT('',(1.5,0.125,1.E-01));
#1692 = LINE('',#1693,#1694);
#1693 = CARTESIAN_POINT('',(1.5,0.125,1.E-01));
#1694 = VECTOR('',#1695,1.);
#1695 = DIRECTION('',(0.,1.,-2.22044604925E-16));
#1696 = ORIENTED_EDGE('',*,*,#1697,.F.);
#1697 = EDGE_CURVE('',#98,#1690,#1698,.T.);
#1698 = LINE('',#1699,#1700);
#1699 = CARTESIAN_POINT('',(1.5,0.125,2.5E-02));
#1700 = VECTOR('',#1701,1.);
#1701 = DIRECTION('',(0.,2.22044604925E-16,1.));
#1702 = ORIENTED_EDGE('',*,*,#97,.F.);
#1703 = ORIENTED_EDGE('',*,*,#1704,.T.);
#1704 = EDGE_CURVE('',#90,#1705,#1707,.T.);
#1705 = VERTEX_POINT('',#1706);
#1706 = CARTESIAN_POINT('',(1.5,-0.125,0.1));
#1707 = LINE('',#1708,#1709);
#1708 = CARTESIAN_POINT('',(1.5,-0.125,2.5E-02));
#1709 = VECTOR('',#1710,1.);
#1710 = DIRECTION('',(0.,2.22044604925E-16,1.));
#1711 = ORIENTED_EDGE('',*,*,#1712,.F.);
#1712 = EDGE_CURVE('',#1713,#1705,#1715,.T.);
#1713 = VERTEX_POINT('',#1714);
#1714 = CARTESIAN_POINT('',(1.5,-0.375,0.1));
#1715 = LINE('',#1716,#1717);
#1716 = CARTESIAN_POINT('',(1.5,-0.375,0.1));
#1717 = VECTOR('',#1718,1.);
#1718 = DIRECTION('',(0.,1.,-2.22044604925E-16));
#1719 = ORIENTED_EDGE('',*,*,#1720,.F.);
#1720 = EDGE_CURVE('',#65,#1713,#1721,.T.);
#1721 = LINE('',#1722,#1723);
#1722 = CARTESIAN_POINT('',(1.5,-0.375,2.5E-02));
#1723 = VECTOR('',#1724,1.);
#1724 = DIRECTION('',(0.,2.22044604925E-16,1.));
#1725 = ORIENTED_EDGE('',*,*,#64,.F.);
#1726 = ORIENTED_EDGE('',*,*,#1727,.T.);
#1727 = EDGE_CURVE('',#57,#1728,#1730,.T.);
#1728 = VERTEX_POINT('',#1729);
#1729 = CARTESIAN_POINT('',(1.5,-0.625,0.1));
#1730 = LINE('',#1731,#1732);
#1731 = CARTESIAN_POINT('',(1.5,-0.625,2.5E-02));
#1732 = VECTOR('',#1733,1.);
#1733 = DIRECTION('',(0.,2.22044604925E-16,1.));
#1734 = ORIENTED_EDGE('',*,*,#1735,.F.);
#1735 = EDGE_CURVE('',#1736,#1728,#1738,.T.);
#1736 = VERTEX_POINT('',#1737);
#1737 = CARTESIAN_POINT('',(1.5,-0.875,0.1));
#1738 = LINE('',#1739,#1740);
#1739 = CARTESIAN_POINT('',(1.5,-0.875,0.1));
#1740 = VECTOR('',#1741,1.);
#1741 = DIRECTION('',(0.,1.,-2.22044604925E-16));
#1742 = ORIENTED_EDGE('',*,*,#1743,.F.);
#1743 = EDGE_CURVE('',#32,#1736,#1744,.T.);
#1744 = LINE('',#1745,#1746);
#1745 = CARTESIAN_POINT('',(1.5,-0.875,2.5E-02));
#1746 = VECTOR('',#1747,1.);
#1747 = DIRECTION('',(0.,2.22044604925E-16,1.));
#1748 = ORIENTED_EDGE('',*,*,#31,.F.);
#1749 = PLANE('',#1750);
#1750 = AXIS2_PLACEMENT_3D('',#1751,#1752,#1753);
#1751 = CARTESIAN_POINT('',(1.5,-1.5,2.5E-02));
#1752 = DIRECTION('',(1.,0.,0.));
#1753 = DIRECTION('',(0.,1.,-2.22044604925E-16));
#1754 = ADVANCED_FACE('',(#1755),#1773,.F.);
#1755 = FACE_BOUND('',#1756,.F.);
#1756 = EDGE_LOOP('',(#1757,#1758,#1766,#1772));
#1757 = ORIENTED_EDGE('',*,*,#21,.T.);
#1758 = ORIENTED_EDGE('',*,*,#1759,.T.);
#1759 = EDGE_CURVE('',#24,#1760,#1762,.T.);
#1760 = VERTEX_POINT('',#1761);
#1761 = CARTESIAN_POINT('',(1.225,-1.125,0.1));
#1762 = LINE('',#1763,#1764);
#1763 = CARTESIAN_POINT('',(1.225,-1.125,2.5E-02));
#1764 = VECTOR('',#1765,1.);
#1765 = DIRECTION('',(0.,2.22044604925E-16,1.));
#1766 = ORIENTED_EDGE('',*,*,#1767,.F.);
#1767 = EDGE_CURVE('',#1604,#1760,#1768,.T.);
#1768 = LINE('',#1769,#1770);
#1769 = CARTESIAN_POINT('',(1.5,-1.125,0.1));
#1770 = VECTOR('',#1771,1.);
#1771 = DIRECTION('',(-1.,0.,0.));
#1772 = ORIENTED_EDGE('',*,*,#1603,.F.);
#1773 = PLANE('',#1774);
#1774 = AXIS2_PLACEMENT_3D('',#1775,#1776,#1777);
#1775 = CARTESIAN_POINT('',(1.5,-1.125,2.498001805407E-16));
#1776 = DIRECTION('',(0.,1.,-2.22044604925E-16));
#1777 = DIRECTION('',(-1.,0.,0.));
#1778 = ADVANCED_FACE('',(#1779),#1798,.F.);
#1779 = FACE_BOUND('',#1780,.F.);
#1780 = EDGE_LOOP('',(#1781,#1782,#1790,#1797));
#1781 = ORIENTED_EDGE('',*,*,#442,.T.);
#1782 = ORIENTED_EDGE('',*,*,#1783,.T.);
#1783 = EDGE_CURVE('',#435,#1784,#1786,.T.);
#1784 = VERTEX_POINT('',#1785);
#1785 = CARTESIAN_POINT('',(1.225,-1.375,0.1));
#1786 = LINE('',#1787,#1788);
#1787 = CARTESIAN_POINT('',(1.225,-1.375,2.5E-02));
#1788 = VECTOR('',#1789,1.);
#1789 = DIRECTION('',(0.,2.22044604925E-16,1.));
#1790 = ORIENTED_EDGE('',*,*,#1791,.F.);
#1791 = EDGE_CURVE('',#1760,#1784,#1792,.T.);
#1792 = CIRCLE('',#1793,0.125);
#1793 = AXIS2_PLACEMENT_3D('',#1794,#1795,#1796);
#1794 = CARTESIAN_POINT('',(1.225,-1.25,0.1));
#1795 = DIRECTION('',(0.,2.22044604925E-16,1.));
#1796 = DIRECTION('',(0.,1.,-2.22044604925E-16));
#1797 = ORIENTED_EDGE('',*,*,#1759,.F.);
#1798 = CYLINDRICAL_SURFACE('',#1799,0.125);
#1799 = AXIS2_PLACEMENT_3D('',#1800,#1801,#1802);
#1800 = CARTESIAN_POINT('',(1.225,-1.25,2.775557561563E-16));
#1801 = DIRECTION('',(0.,2.22044604925E-16,1.));
#1802 = DIRECTION('',(1.,0.,0.));
#1803 = ADVANCED_FACE('',(#1804),#1815,.F.);
#1804 = FACE_BOUND('',#1805,.F.);
#1805 = EDGE_LOOP('',(#1806,#1807,#1808,#1814));
#1806 = ORIENTED_EDGE('',*,*,#434,.F.);
#1807 = ORIENTED_EDGE('',*,*,#1619,.T.);
#1808 = ORIENTED_EDGE('',*,*,#1809,.F.);
#1809 = EDGE_CURVE('',#1784,#1612,#1810,.T.);
#1810 = LINE('',#1811,#1812);
#1811 = CARTESIAN_POINT('',(1.225,-1.375,0.1));
#1812 = VECTOR('',#1813,1.);
#1813 = DIRECTION('',(1.,0.,0.));
#1814 = ORIENTED_EDGE('',*,*,#1783,.F.);
#1815 = PLANE('',#1816);
#1816 = AXIS2_PLACEMENT_3D('',#1817,#1818,#1819);
#1817 = CARTESIAN_POINT('',(1.225,-1.375,3.053113317719E-16));
#1818 = DIRECTION('',(0.,-1.,2.22044604925E-16));
#1819 = DIRECTION('',(1.,0.,0.));
#1820 = ADVANCED_FACE('',(#1821),#1827,.F.);
#1821 = FACE_BOUND('',#1822,.F.);
#1822 = EDGE_LOOP('',(#1823,#1824,#1825,#1826));
#1823 = ORIENTED_EDGE('',*,*,#1611,.T.);
#1824 = ORIENTED_EDGE('',*,*,#1767,.T.);
#1825 = ORIENTED_EDGE('',*,*,#1791,.T.);
#1826 = ORIENTED_EDGE('',*,*,#1809,.T.);
#1827 = PLANE('',#1828);
#1828 = AXIS2_PLACEMENT_3D('',#1829,#1830,#1831);
#1829 = CARTESIAN_POINT('',(0.,1.665334536938E-17,0.1));
#1830 = DIRECTION('',(0.,2.22044604925E-16,1.));
#1831 = DIRECTION('',(1.,0.,0.));
#1832 = ADVANCED_FACE('',(#1833),#1839,.T.);
#1833 = FACE_BOUND('',#1834,.F.);
#1834 = EDGE_LOOP('',(#1835,#1836,#1837,#1838));
#1835 = ORIENTED_EDGE('',*,*,#1031,.F.);
#1836 = ORIENTED_EDGE('',*,*,#1538,.F.);
#1837 = ORIENTED_EDGE('',*,*,#1627,.F.);
#1838 = ORIENTED_EDGE('',*,*,#834,.F.);
#1839 = PLANE('',#1840);
#1840 = AXIS2_PLACEMENT_3D('',#1841,#1842,#1843);
#1841 = CARTESIAN_POINT('',(0.,1.665334536938E-16,0.775));
#1842 = DIRECTION('',(0.,2.22044604925E-16,1.));
#1843 = DIRECTION('',(1.,0.,0.));
#1844 = ADVANCED_FACE('',(#1845),#1863,.F.);
#1845 = FACE_BOUND('',#1846,.F.);
#1846 = EDGE_LOOP('',(#1847,#1848,#1856,#1862));
#1847 = ORIENTED_EDGE('',*,*,#188,.T.);
#1848 = ORIENTED_EDGE('',*,*,#1849,.T.);
#1849 = EDGE_CURVE('',#180,#1850,#1852,.T.);
#1850 = VERTEX_POINT('',#1851);
#1851 = CARTESIAN_POINT('',(1.225,1.375,1.E-01));
#1852 = LINE('',#1853,#1854);
#1853 = CARTESIAN_POINT('',(1.225,1.375,2.5E-02));
#1854 = VECTOR('',#1855,1.);
#1855 = DIRECTION('',(0.,2.22044604925E-16,1.));
#1856 = ORIENTED_EDGE('',*,*,#1857,.F.);
#1857 = EDGE_CURVE('',#1636,#1850,#1858,.T.);
#1858 = LINE('',#1859,#1860);
#1859 = CARTESIAN_POINT('',(1.5,1.375,1.E-01));
#1860 = VECTOR('',#1861,1.);
#1861 = DIRECTION('',(-1.,0.,0.));
#1862 = ORIENTED_EDGE('',*,*,#1635,.F.);
#1863 = PLANE('',#1864);
#1864 = AXIS2_PLACEMENT_3D('',#1865,#1866,#1867);
#1865 = CARTESIAN_POINT('',(1.5,1.375,-3.053113317719E-16));
#1866 = DIRECTION('',(0.,1.,-2.22044604925E-16));
#1867 = DIRECTION('',(-1.,0.,0.));
#1868 = ADVANCED_FACE('',(#1869),#1888,.F.);
#1869 = FACE_BOUND('',#1870,.F.);
#1870 = EDGE_LOOP('',(#1871,#1872,#1880,#1887));
#1871 = ORIENTED_EDGE('',*,*,#179,.T.);
#1872 = ORIENTED_EDGE('',*,*,#1873,.T.);
#1873 = EDGE_CURVE('',#172,#1874,#1876,.T.);
#1874 = VERTEX_POINT('',#1875);
#1875 = CARTESIAN_POINT('',(1.225,1.125,1.E-01));
#1876 = LINE('',#1877,#1878);
#1877 = CARTESIAN_POINT('',(1.225,1.125,2.5E-02));
#1878 = VECTOR('',#1879,1.);
#1879 = DIRECTION('',(0.,2.22044604925E-16,1.));
#1880 = ORIENTED_EDGE('',*,*,#1881,.F.);
#1881 = EDGE_CURVE('',#1850,#1874,#1882,.T.);
#1882 = CIRCLE('',#1883,0.125);
#1883 = AXIS2_PLACEMENT_3D('',#1884,#1885,#1886);
#1884 = CARTESIAN_POINT('',(1.225,1.25,1.E-01));
#1885 = DIRECTION('',(0.,2.22044604925E-16,1.));
#1886 = DIRECTION('',(0.,1.,-2.22044604925E-16));
#1887 = ORIENTED_EDGE('',*,*,#1849,.F.);
#1888 = CYLINDRICAL_SURFACE('',#1889,0.125);
#1889 = AXIS2_PLACEMENT_3D('',#1890,#1891,#1892);
#1890 = CARTESIAN_POINT('',(1.225,1.25,-2.775557561563E-16));
#1891 = DIRECTION('',(0.,2.22044604925E-16,1.));
#1892 = DIRECTION('',(1.,0.,0.));
#1893 = ADVANCED_FACE('',(#1894),#1905,.F.);
#1894 = FACE_BOUND('',#1895,.F.);
#1895 = EDGE_LOOP('',(#1896,#1897,#1898,#1904));
#1896 = ORIENTED_EDGE('',*,*,#171,.F.);
#1897 = ORIENTED_EDGE('',*,*,#1651,.T.);
#1898 = ORIENTED_EDGE('',*,*,#1899,.F.);
#1899 = EDGE_CURVE('',#1874,#1644,#1900,.T.);
#1900 = LINE('',#1901,#1902);
#1901 = CARTESIAN_POINT('',(1.225,1.125,1.E-01));
#1902 = VECTOR('',#1903,1.);
#1903 = DIRECTION('',(1.,0.,0.));
#1904 = ORIENTED_EDGE('',*,*,#1873,.F.);
#1905 = PLANE('',#1906);
#1906 = AXIS2_PLACEMENT_3D('',#1907,#1908,#1909);
#1907 = CARTESIAN_POINT('',(1.225,1.125,-2.498001805407E-16));
#1908 = DIRECTION('',(0.,-1.,2.22044604925E-16));
#1909 = DIRECTION('',(1.,0.,0.));
#1910 = ADVANCED_FACE('',(#1911),#1917,.F.);
#1911 = FACE_BOUND('',#1912,.F.);
#1912 = EDGE_LOOP('',(#1913,#1914,#1915,#1916));
#1913 = ORIENTED_EDGE('',*,*,#1643,.T.);
#1914 = ORIENTED_EDGE('',*,*,#1857,.T.);
#1915 = ORIENTED_EDGE('',*,*,#1881,.T.);
#1916 = ORIENTED_EDGE('',*,*,#1899,.T.);
#1917 = PLANE('',#1918);
#1918 = AXIS2_PLACEMENT_3D('',#1919,#1920,#1921);
#1919 = CARTESIAN_POINT('',(0.,1.665334536938E-17,0.1));
#1920 = DIRECTION('',(0.,2.22044604925E-16,1.));
#1921 = DIRECTION('',(1.,0.,0.));
#1922 = ADVANCED_FACE('',(#1923),#1941,.F.);
#1923 = FACE_BOUND('',#1924,.F.);
#1924 = EDGE_LOOP('',(#1925,#1926,#1934,#1940));
#1925 = ORIENTED_EDGE('',*,*,#155,.T.);
#1926 = ORIENTED_EDGE('',*,*,#1927,.T.);
#1927 = EDGE_CURVE('',#147,#1928,#1930,.T.);
#1928 = VERTEX_POINT('',#1929);
#1929 = CARTESIAN_POINT('',(1.225,0.875,1.E-01));
#1930 = LINE('',#1931,#1932);
#1931 = CARTESIAN_POINT('',(1.225,0.875,2.5E-02));
#1932 = VECTOR('',#1933,1.);
#1933 = DIRECTION('',(0.,2.22044604925E-16,1.));
#1934 = ORIENTED_EDGE('',*,*,#1935,.F.);
#1935 = EDGE_CURVE('',#1659,#1928,#1936,.T.);
#1936 = LINE('',#1937,#1938);
#1937 = CARTESIAN_POINT('',(1.5,0.875,1.E-01));
#1938 = VECTOR('',#1939,1.);
#1939 = DIRECTION('',(-1.,0.,0.));
#1940 = ORIENTED_EDGE('',*,*,#1658,.F.);
#1941 = PLANE('',#1942);
#1942 = AXIS2_PLACEMENT_3D('',#1943,#1944,#1945);
#1943 = CARTESIAN_POINT('',(1.5,0.875,-1.942890293094E-16));
#1944 = DIRECTION('',(0.,1.,-2.22044604925E-16));
#1945 = DIRECTION('',(-1.,0.,0.));
#1946 = ADVANCED_FACE('',(#1947),#1966,.F.);
#1947 = FACE_BOUND('',#1948,.F.);
#1948 = EDGE_LOOP('',(#1949,#1950,#1958,#1965));
#1949 = ORIENTED_EDGE('',*,*,#146,.T.);
#1950 = ORIENTED_EDGE('',*,*,#1951,.T.);
#1951 = EDGE_CURVE('',#139,#1952,#1954,.T.);
#1952 = VERTEX_POINT('',#1953);
#1953 = CARTESIAN_POINT('',(1.225,0.625,1.E-01));
#1954 = LINE('',#1955,#1956);
#1955 = CARTESIAN_POINT('',(1.225,0.625,2.5E-02));
#1956 = VECTOR('',#1957,1.);
#1957 = DIRECTION('',(0.,2.22044604925E-16,1.));
#1958 = ORIENTED_EDGE('',*,*,#1959,.F.);
#1959 = EDGE_CURVE('',#1928,#1952,#1960,.T.);
#1960 = CIRCLE('',#1961,0.125);
#1961 = AXIS2_PLACEMENT_3D('',#1962,#1963,#1964);
#1962 = CARTESIAN_POINT('',(1.225,0.75,1.E-01));
#1963 = DIRECTION('',(0.,2.22044604925E-16,1.));
#1964 = DIRECTION('',(0.,1.,-2.22044604925E-16));
#1965 = ORIENTED_EDGE('',*,*,#1927,.F.);
#1966 = CYLINDRICAL_SURFACE('',#1967,0.125);
#1967 = AXIS2_PLACEMENT_3D('',#1968,#1969,#1970);
#1968 = CARTESIAN_POINT('',(1.225,0.75,-1.665334536938E-16));
#1969 = DIRECTION('',(0.,2.22044604925E-16,1.));
#1970 = DIRECTION('',(1.,0.,0.));
#1971 = ADVANCED_FACE('',(#1972),#1983,.F.);
#1972 = FACE_BOUND('',#1973,.F.);
#1973 = EDGE_LOOP('',(#1974,#1975,#1976,#1982));
#1974 = ORIENTED_EDGE('',*,*,#138,.F.);
#1975 = ORIENTED_EDGE('',*,*,#1674,.T.);
#1976 = ORIENTED_EDGE('',*,*,#1977,.F.);
#1977 = EDGE_CURVE('',#1952,#1667,#1978,.T.);
#1978 = LINE('',#1979,#1980);
#1979 = CARTESIAN_POINT('',(1.225,0.625,1.E-01));
#1980 = VECTOR('',#1981,1.);
#1981 = DIRECTION('',(1.,0.,0.));
#1982 = ORIENTED_EDGE('',*,*,#1951,.F.);
#1983 = PLANE('',#1984);
#1984 = AXIS2_PLACEMENT_3D('',#1985,#1986,#1987);
#1985 = CARTESIAN_POINT('',(1.225,0.625,-1.387778780781E-16));
#1986 = DIRECTION('',(0.,-1.,2.22044604925E-16));
#1987 = DIRECTION('',(1.,0.,0.));
#1988 = ADVANCED_FACE('',(#1989),#1995,.F.);
#1989 = FACE_BOUND('',#1990,.F.);
#1990 = EDGE_LOOP('',(#1991,#1992,#1993,#1994));
#1991 = ORIENTED_EDGE('',*,*,#1666,.T.);
#1992 = ORIENTED_EDGE('',*,*,#1935,.T.);
#1993 = ORIENTED_EDGE('',*,*,#1959,.T.);
#1994 = ORIENTED_EDGE('',*,*,#1977,.T.);
#1995 = PLANE('',#1996);
#1996 = AXIS2_PLACEMENT_3D('',#1997,#1998,#1999);
#1997 = CARTESIAN_POINT('',(0.,1.665334536938E-17,0.1));
#1998 = DIRECTION('',(0.,2.22044604925E-16,1.));
#1999 = DIRECTION('',(1.,0.,0.));
#2000 = ADVANCED_FACE('',(#2001),#2019,.F.);
#2001 = FACE_BOUND('',#2002,.F.);
#2002 = EDGE_LOOP('',(#2003,#2004,#2012,#2018));
#2003 = ORIENTED_EDGE('',*,*,#122,.T.);
#2004 = ORIENTED_EDGE('',*,*,#2005,.T.);
#2005 = EDGE_CURVE('',#114,#2006,#2008,.T.);
#2006 = VERTEX_POINT('',#2007);
#2007 = CARTESIAN_POINT('',(1.225,0.375,1.E-01));
#2008 = LINE('',#2009,#2010);
#2009 = CARTESIAN_POINT('',(1.225,0.375,2.5E-02));
#2010 = VECTOR('',#2011,1.);
#2011 = DIRECTION('',(0.,2.22044604925E-16,1.));
#2012 = ORIENTED_EDGE('',*,*,#2013,.F.);
#2013 = EDGE_CURVE('',#1682,#2006,#2014,.T.);
#2014 = LINE('',#2015,#2016);
#2015 = CARTESIAN_POINT('',(1.5,0.375,1.E-01));
#2016 = VECTOR('',#2017,1.);
#2017 = DIRECTION('',(-1.,0.,0.));
#2018 = ORIENTED_EDGE('',*,*,#1681,.F.);
#2019 = PLANE('',#2020);
#2020 = AXIS2_PLACEMENT_3D('',#2021,#2022,#2023);
#2021 = CARTESIAN_POINT('',(1.5,0.375,-8.326672684689E-17));
#2022 = DIRECTION('',(0.,1.,-2.22044604925E-16));
#2023 = DIRECTION('',(-1.,0.,0.));
#2024 = ADVANCED_FACE('',(#2025),#2044,.F.);
#2025 = FACE_BOUND('',#2026,.F.);
#2026 = EDGE_LOOP('',(#2027,#2028,#2036,#2043));
#2027 = ORIENTED_EDGE('',*,*,#113,.T.);
#2028 = ORIENTED_EDGE('',*,*,#2029,.T.);
#2029 = EDGE_CURVE('',#106,#2030,#2032,.T.);
#2030 = VERTEX_POINT('',#2031);
#2031 = CARTESIAN_POINT('',(1.225,0.125,1.E-01));
#2032 = LINE('',#2033,#2034);
#2033 = CARTESIAN_POINT('',(1.225,0.125,2.5E-02));
#2034 = VECTOR('',#2035,1.);
#2035 = DIRECTION('',(0.,2.22044604925E-16,1.));
#2036 = ORIENTED_EDGE('',*,*,#2037,.F.);
#2037 = EDGE_CURVE('',#2006,#2030,#2038,.T.);
#2038 = CIRCLE('',#2039,0.125);
#2039 = AXIS2_PLACEMENT_3D('',#2040,#2041,#2042);
#2040 = CARTESIAN_POINT('',(1.225,0.25,1.E-01));
#2041 = DIRECTION('',(0.,2.22044604925E-16,1.));
#2042 = DIRECTION('',(0.,1.,-2.22044604925E-16));
#2043 = ORIENTED_EDGE('',*,*,#2005,.F.);
#2044 = CYLINDRICAL_SURFACE('',#2045,0.125);
#2045 = AXIS2_PLACEMENT_3D('',#2046,#2047,#2048);
#2046 = CARTESIAN_POINT('',(1.225,0.25,-5.551115123126E-17));
#2047 = DIRECTION('',(0.,2.22044604925E-16,1.));
#2048 = DIRECTION('',(1.,0.,0.));
#2049 = ADVANCED_FACE('',(#2050),#2061,.F.);
#2050 = FACE_BOUND('',#2051,.F.);
#2051 = EDGE_LOOP('',(#2052,#2053,#2054,#2060));
#2052 = ORIENTED_EDGE('',*,*,#105,.F.);
#2053 = ORIENTED_EDGE('',*,*,#1697,.T.);
#2054 = ORIENTED_EDGE('',*,*,#2055,.F.);
#2055 = EDGE_CURVE('',#2030,#1690,#2056,.T.);
#2056 = LINE('',#2057,#2058);
#2057 = CARTESIAN_POINT('',(1.225,0.125,1.E-01));
#2058 = VECTOR('',#2059,1.);
#2059 = DIRECTION('',(1.,0.,0.));
#2060 = ORIENTED_EDGE('',*,*,#2029,.F.);
#2061 = PLANE('',#2062);
#2062 = AXIS2_PLACEMENT_3D('',#2063,#2064,#2065);
#2063 = CARTESIAN_POINT('',(1.225,0.125,-2.775557561563E-17));
#2064 = DIRECTION('',(0.,-1.,2.22044604925E-16));
#2065 = DIRECTION('',(1.,0.,0.));
#2066 = ADVANCED_FACE('',(#2067),#2073,.F.);
#2067 = FACE_BOUND('',#2068,.F.);
#2068 = EDGE_LOOP('',(#2069,#2070,#2071,#2072));
#2069 = ORIENTED_EDGE('',*,*,#1689,.T.);
#2070 = ORIENTED_EDGE('',*,*,#2013,.T.);
#2071 = ORIENTED_EDGE('',*,*,#2037,.T.);
#2072 = ORIENTED_EDGE('',*,*,#2055,.T.);
#2073 = PLANE('',#2074);
#2074 = AXIS2_PLACEMENT_3D('',#2075,#2076,#2077);
#2075 = CARTESIAN_POINT('',(0.,1.665334536938E-17,0.1));
#2076 = DIRECTION('',(0.,2.22044604925E-16,1.));
#2077 = DIRECTION('',(1.,0.,0.));
#2078 = ADVANCED_FACE('',(#2079),#2097,.F.);
#2079 = FACE_BOUND('',#2080,.F.);
#2080 = EDGE_LOOP('',(#2081,#2082,#2090,#2096));
#2081 = ORIENTED_EDGE('',*,*,#89,.T.);
#2082 = ORIENTED_EDGE('',*,*,#2083,.T.);
#2083 = EDGE_CURVE('',#81,#2084,#2086,.T.);
#2084 = VERTEX_POINT('',#2085);
#2085 = CARTESIAN_POINT('',(1.225,-0.125,0.1));
#2086 = LINE('',#2087,#2088);
#2087 = CARTESIAN_POINT('',(1.225,-0.125,2.5E-02));
#2088 = VECTOR('',#2089,1.);
#2089 = DIRECTION('',(0.,2.22044604925E-16,1.));
#2090 = ORIENTED_EDGE('',*,*,#2091,.F.);
#2091 = EDGE_CURVE('',#1705,#2084,#2092,.T.);
#2092 = LINE('',#2093,#2094);
#2093 = CARTESIAN_POINT('',(1.5,-0.125,0.1));
#2094 = VECTOR('',#2095,1.);
#2095 = DIRECTION('',(-1.,0.,0.));
#2096 = ORIENTED_EDGE('',*,*,#1704,.F.);
#2097 = PLANE('',#2098);
#2098 = AXIS2_PLACEMENT_3D('',#2099,#2100,#2101);
#2099 = CARTESIAN_POINT('',(1.5,-0.125,2.775557561563E-17));
#2100 = DIRECTION('',(0.,1.,-2.22044604925E-16));
#2101 = DIRECTION('',(-1.,0.,0.));
#2102 = ADVANCED_FACE('',(#2103),#2122,.F.);
#2103 = FACE_BOUND('',#2104,.F.);
#2104 = EDGE_LOOP('',(#2105,#2106,#2114,#2121));
#2105 = ORIENTED_EDGE('',*,*,#80,.T.);
#2106 = ORIENTED_EDGE('',*,*,#2107,.T.);
#2107 = EDGE_CURVE('',#73,#2108,#2110,.T.);
#2108 = VERTEX_POINT('',#2109);
#2109 = CARTESIAN_POINT('',(1.225,-0.375,0.1));
#2110 = LINE('',#2111,#2112);
#2111 = CARTESIAN_POINT('',(1.225,-0.375,2.5E-02));
#2112 = VECTOR('',#2113,1.);
#2113 = DIRECTION('',(0.,2.22044604925E-16,1.));
#2114 = ORIENTED_EDGE('',*,*,#2115,.F.);
#2115 = EDGE_CURVE('',#2084,#2108,#2116,.T.);
#2116 = CIRCLE('',#2117,0.125);
#2117 = AXIS2_PLACEMENT_3D('',#2118,#2119,#2120);
#2118 = CARTESIAN_POINT('',(1.225,-0.25,0.1));
#2119 = DIRECTION('',(0.,2.22044604925E-16,1.));
#2120 = DIRECTION('',(0.,1.,-2.22044604925E-16));
#2121 = ORIENTED_EDGE('',*,*,#2083,.F.);
#2122 = CYLINDRICAL_SURFACE('',#2123,0.125);
#2123 = AXIS2_PLACEMENT_3D('',#2124,#2125,#2126);
#2124 = CARTESIAN_POINT('',(1.225,-0.25,5.551115123126E-17));
#2125 = DIRECTION('',(0.,2.22044604925E-16,1.));
#2126 = DIRECTION('',(1.,0.,0.));
#2127 = ADVANCED_FACE('',(#2128),#2139,.F.);
#2128 = FACE_BOUND('',#2129,.F.);
#2129 = EDGE_LOOP('',(#2130,#2131,#2132,#2138));
#2130 = ORIENTED_EDGE('',*,*,#72,.F.);
#2131 = ORIENTED_EDGE('',*,*,#1720,.T.);
#2132 = ORIENTED_EDGE('',*,*,#2133,.F.);
#2133 = EDGE_CURVE('',#2108,#1713,#2134,.T.);
#2134 = LINE('',#2135,#2136);
#2135 = CARTESIAN_POINT('',(1.225,-0.375,0.1));
#2136 = VECTOR('',#2137,1.);
#2137 = DIRECTION('',(1.,0.,0.));
#2138 = ORIENTED_EDGE('',*,*,#2107,.F.);
#2139 = PLANE('',#2140);
#2140 = AXIS2_PLACEMENT_3D('',#2141,#2142,#2143);
#2141 = CARTESIAN_POINT('',(1.225,-0.375,8.326672684689E-17));
#2142 = DIRECTION('',(0.,-1.,2.22044604925E-16));
#2143 = DIRECTION('',(1.,0.,0.));
#2144 = ADVANCED_FACE('',(#2145),#2151,.F.);
#2145 = FACE_BOUND('',#2146,.F.);
#2146 = EDGE_LOOP('',(#2147,#2148,#2149,#2150));
#2147 = ORIENTED_EDGE('',*,*,#1712,.T.);
#2148 = ORIENTED_EDGE('',*,*,#2091,.T.);
#2149 = ORIENTED_EDGE('',*,*,#2115,.T.);
#2150 = ORIENTED_EDGE('',*,*,#2133,.T.);
#2151 = PLANE('',#2152);
#2152 = AXIS2_PLACEMENT_3D('',#2153,#2154,#2155);
#2153 = CARTESIAN_POINT('',(0.,1.665334536938E-17,0.1));
#2154 = DIRECTION('',(0.,2.22044604925E-16,1.));
#2155 = DIRECTION('',(1.,0.,0.));
#2156 = ADVANCED_FACE('',(#2157),#2175,.F.);
#2157 = FACE_BOUND('',#2158,.F.);
#2158 = EDGE_LOOP('',(#2159,#2160,#2168,#2174));
#2159 = ORIENTED_EDGE('',*,*,#56,.T.);
#2160 = ORIENTED_EDGE('',*,*,#2161,.T.);
#2161 = EDGE_CURVE('',#48,#2162,#2164,.T.);
#2162 = VERTEX_POINT('',#2163);
#2163 = CARTESIAN_POINT('',(1.225,-0.625,0.1));
#2164 = LINE('',#2165,#2166);
#2165 = CARTESIAN_POINT('',(1.225,-0.625,2.5E-02));
#2166 = VECTOR('',#2167,1.);
#2167 = DIRECTION('',(0.,2.22044604925E-16,1.));
#2168 = ORIENTED_EDGE('',*,*,#2169,.F.);
#2169 = EDGE_CURVE('',#1728,#2162,#2170,.T.);
#2170 = LINE('',#2171,#2172);
#2171 = CARTESIAN_POINT('',(1.5,-0.625,0.1));
#2172 = VECTOR('',#2173,1.);
#2173 = DIRECTION('',(-1.,0.,0.));
#2174 = ORIENTED_EDGE('',*,*,#1727,.F.);
#2175 = PLANE('',#2176);
#2176 = AXIS2_PLACEMENT_3D('',#2177,#2178,#2179);
#2177 = CARTESIAN_POINT('',(1.5,-0.625,1.387778780781E-16));
#2178 = DIRECTION('',(0.,1.,-2.22044604925E-16));
#2179 = DIRECTION('',(-1.,0.,0.));
#2180 = ADVANCED_FACE('',(#2181),#2200,.F.);
#2181 = FACE_BOUND('',#2182,.F.);
#2182 = EDGE_LOOP('',(#2183,#2184,#2192,#2199));
#2183 = ORIENTED_EDGE('',*,*,#47,.T.);
#2184 = ORIENTED_EDGE('',*,*,#2185,.T.);
#2185 = EDGE_CURVE('',#40,#2186,#2188,.T.);
#2186 = VERTEX_POINT('',#2187);
#2187 = CARTESIAN_POINT('',(1.225,-0.875,0.1));
#2188 = LINE('',#2189,#2190);
#2189 = CARTESIAN_POINT('',(1.225,-0.875,2.5E-02));
#2190 = VECTOR('',#2191,1.);
#2191 = DIRECTION('',(0.,2.22044604925E-16,1.));
#2192 = ORIENTED_EDGE('',*,*,#2193,.F.);
#2193 = EDGE_CURVE('',#2162,#2186,#2194,.T.);
#2194 = CIRCLE('',#2195,0.125);
#2195 = AXIS2_PLACEMENT_3D('',#2196,#2197,#2198);
#2196 = CARTESIAN_POINT('',(1.225,-0.75,0.1));
#2197 = DIRECTION('',(0.,2.22044604925E-16,1.));
#2198 = DIRECTION('',(0.,1.,-2.22044604925E-16));
#2199 = ORIENTED_EDGE('',*,*,#2161,.F.);
#2200 = CYLINDRICAL_SURFACE('',#2201,0.125);
#2201 = AXIS2_PLACEMENT_3D('',#2202,#2203,#2204);
#2202 = CARTESIAN_POINT('',(1.225,-0.75,1.665334536938E-16));
#2203 = DIRECTION('',(0.,2.22044604925E-16,1.));
#2204 = DIRECTION('',(1.,0.,0.));
#2205 = ADVANCED_FACE('',(#2206),#2217,.F.);
#2206 = FACE_BOUND('',#2207,.F.);
#2207 = EDGE_LOOP('',(#2208,#2209,#2210,#2216));
#2208 = ORIENTED_EDGE('',*,*,#39,.F.);
#2209 = ORIENTED_EDGE('',*,*,#1743,.T.);
#2210 = ORIENTED_EDGE('',*,*,#2211,.F.);
#2211 = EDGE_CURVE('',#2186,#1736,#2212,.T.);
#2212 = LINE('',#2213,#2214);
#2213 = CARTESIAN_POINT('',(1.225,-0.875,0.1));
#2214 = VECTOR('',#2215,1.);
#2215 = DIRECTION('',(1.,0.,0.));
#2216 = ORIENTED_EDGE('',*,*,#2185,.F.);
#2217 = PLANE('',#2218);
#2218 = AXIS2_PLACEMENT_3D('',#2219,#2220,#2221);
#2219 = CARTESIAN_POINT('',(1.225,-0.875,1.942890293094E-16));
#2220 = DIRECTION('',(0.,-1.,2.22044604925E-16));
#2221 = DIRECTION('',(1.,0.,0.));
#2222 = ADVANCED_FACE('',(#2223),#2229,.F.);
#2223 = FACE_BOUND('',#2224,.F.);
#2224 = EDGE_LOOP('',(#2225,#2226,#2227,#2228));
#2225 = ORIENTED_EDGE('',*,*,#1735,.T.);
#2226 = ORIENTED_EDGE('',*,*,#2169,.T.);
#2227 = ORIENTED_EDGE('',*,*,#2193,.T.);
#2228 = ORIENTED_EDGE('',*,*,#2211,.T.);
#2229 = PLANE('',#2230);
#2230 = AXIS2_PLACEMENT_3D('',#2231,#2232,#2233);
#2231 = CARTESIAN_POINT('',(0.,1.665334536938E-17,0.1));
#2232 = DIRECTION('',(0.,2.22044604925E-16,1.));
#2233 = DIRECTION('',(1.,0.,0.));
#2234 = ADVANCED_FACE('',(#2235),#2253,.F.);
#2235 = FACE_BOUND('',#2236,.F.);
#2236 = EDGE_LOOP('',(#2237,#2238,#2239,#2247));
#2237 = ORIENTED_EDGE('',*,*,#1548,.F.);
#2238 = ORIENTED_EDGE('',*,*,#653,.T.);
#2239 = ORIENTED_EDGE('',*,*,#2240,.T.);
#2240 = EDGE_CURVE('',#646,#2241,#2243,.T.);
#2241 = VERTEX_POINT('',#2242);
#2242 = CARTESIAN_POINT('',(-0.7,1.35,0.2));
#2243 = LINE('',#2244,#2245);
#2244 = CARTESIAN_POINT('',(-0.7,1.35,1.E-01));
#2245 = VECTOR('',#2246,1.);
#2246 = DIRECTION('',(0.,2.22044604925E-16,1.));
#2247 = ORIENTED_EDGE('',*,*,#2248,.F.);
#2248 = EDGE_CURVE('',#1549,#2241,#2249,.T.);
#2249 = LINE('',#2250,#2251);
#2250 = CARTESIAN_POINT('',(-0.7,1.5,0.2));
#2251 = VECTOR('',#2252,1.);
#2252 = DIRECTION('',(0.,-1.,2.22044604925E-16));
#2253 = PLANE('',#2254);
#2254 = AXIS2_PLACEMENT_3D('',#2255,#2256,#2257);
#2255 = CARTESIAN_POINT('',(-0.7,1.5,1.E-01));
#2256 = DIRECTION('',(-1.,0.,0.));
#2257 = DIRECTION('',(0.,-1.,2.22044604925E-16));
#2258 = ADVANCED_FACE('',(#2259),#2277,.F.);
#2259 = FACE_BOUND('',#2260,.F.);
#2260 = EDGE_LOOP('',(#2261,#2262,#2263,#2271));
#2261 = ORIENTED_EDGE('',*,*,#2240,.F.);
#2262 = ORIENTED_EDGE('',*,*,#645,.T.);
#2263 = ORIENTED_EDGE('',*,*,#2264,.T.);
#2264 = EDGE_CURVE('',#638,#2265,#2267,.T.);
#2265 = VERTEX_POINT('',#2266);
#2266 = CARTESIAN_POINT('',(-0.85,1.35,0.2));
#2267 = LINE('',#2268,#2269);
#2268 = CARTESIAN_POINT('',(-0.85,1.35,1.E-01));
#2269 = VECTOR('',#2270,1.);
#2270 = DIRECTION('',(0.,2.22044604925E-16,1.));
#2271 = ORIENTED_EDGE('',*,*,#2272,.F.);
#2272 = EDGE_CURVE('',#2241,#2265,#2273,.T.);
#2273 = LINE('',#2274,#2275);
#2274 = CARTESIAN_POINT('',(-0.7,1.35,0.2));
#2275 = VECTOR('',#2276,1.);
#2276 = DIRECTION('',(-1.,0.,0.));
#2277 = PLANE('',#2278);
#2278 = AXIS2_PLACEMENT_3D('',#2279,#2280,#2281);
#2279 = CARTESIAN_POINT('',(0.85,1.35,1.E-01));
#2280 = DIRECTION('',(0.,1.,-2.22044604925E-16));
#2281 = DIRECTION('',(-1.,0.,0.));
#2282 = ADVANCED_FACE('',(#2283),#2308,.F.);
#2283 = FACE_BOUND('',#2284,.F.);
#2284 = EDGE_LOOP('',(#2285,#2293,#2294,#2302));
#2285 = ORIENTED_EDGE('',*,*,#2286,.F.);
#2286 = EDGE_CURVE('',#678,#2287,#2289,.T.);
#2287 = VERTEX_POINT('',#2288);
#2288 = CARTESIAN_POINT('',(0.5,1.35,0.2));
#2289 = LINE('',#2290,#2291);
#2290 = CARTESIAN_POINT('',(0.5,1.35,1.E-01));
#2291 = VECTOR('',#2292,1.);
#2292 = DIRECTION('',(0.,2.22044604925E-16,1.));
#2293 = ORIENTED_EDGE('',*,*,#677,.T.);
#2294 = ORIENTED_EDGE('',*,*,#2295,.T.);
#2295 = EDGE_CURVE('',#670,#2296,#2298,.T.);
#2296 = VERTEX_POINT('',#2297);
#2297 = CARTESIAN_POINT('',(-0.5,1.35,0.2));
#2298 = LINE('',#2299,#2300);
#2299 = CARTESIAN_POINT('',(-0.5,1.35,1.E-01));
#2300 = VECTOR('',#2301,1.);
#2301 = DIRECTION('',(0.,2.22044604925E-16,1.));
#2302 = ORIENTED_EDGE('',*,*,#2303,.F.);
#2303 = EDGE_CURVE('',#2287,#2296,#2304,.T.);
#2304 = LINE('',#2305,#2306);
#2305 = CARTESIAN_POINT('',(0.5,1.35,0.2));
#2306 = VECTOR('',#2307,1.);
#2307 = DIRECTION('',(-1.,0.,0.));
#2308 = PLANE('',#2309);
#2309 = AXIS2_PLACEMENT_3D('',#2310,#2311,#2312);
#2310 = CARTESIAN_POINT('',(0.85,1.35,1.E-01));
#2311 = DIRECTION('',(0.,1.,-2.22044604925E-16));
#2312 = DIRECTION('',(-1.,0.,0.));
#2313 = ADVANCED_FACE('',(#2314),#2339,.F.);
#2314 = FACE_BOUND('',#2315,.F.);
#2315 = EDGE_LOOP('',(#2316,#2324,#2332,#2338));
#2316 = ORIENTED_EDGE('',*,*,#2317,.T.);
#2317 = EDGE_CURVE('',#702,#2318,#2320,.T.);
#2318 = VERTEX_POINT('',#2319);
#2319 = CARTESIAN_POINT('',(0.7,1.35,0.2));
#2320 = LINE('',#2321,#2322);
#2321 = CARTESIAN_POINT('',(0.7,1.35,1.E-01));
#2322 = VECTOR('',#2323,1.);
#2323 = DIRECTION('',(0.,2.22044604925E-16,1.));
#2324 = ORIENTED_EDGE('',*,*,#2325,.F.);
#2325 = EDGE_CURVE('',#2326,#2318,#2328,.T.);
#2326 = VERTEX_POINT('',#2327);
#2327 = CARTESIAN_POINT('',(0.85,1.35,0.2));
#2328 = LINE('',#2329,#2330);
#2329 = CARTESIAN_POINT('',(0.85,1.35,0.2));
#2330 = VECTOR('',#2331,1.);
#2331 = DIRECTION('',(-1.,0.,0.));
#2332 = ORIENTED_EDGE('',*,*,#2333,.F.);
#2333 = EDGE_CURVE('',#710,#2326,#2334,.T.);
#2334 = LINE('',#2335,#2336);
#2335 = CARTESIAN_POINT('',(0.85,1.35,1.E-01));
#2336 = VECTOR('',#2337,1.);
#2337 = DIRECTION('',(0.,2.22044604925E-16,1.));
#2338 = ORIENTED_EDGE('',*,*,#709,.T.);
#2339 = PLANE('',#2340);
#2340 = AXIS2_PLACEMENT_3D('',#2341,#2342,#2343);
#2341 = CARTESIAN_POINT('',(0.85,1.35,1.E-01));
#2342 = DIRECTION('',(0.,1.,-2.22044604925E-16));
#2343 = DIRECTION('',(-1.,0.,0.));
#2344 = ADVANCED_FACE('',(#2345),#2363,.F.);
#2345 = FACE_BOUND('',#2346,.F.);
#2346 = EDGE_LOOP('',(#2347,#2348,#2356,#2362));
#2347 = ORIENTED_EDGE('',*,*,#637,.T.);
#2348 = ORIENTED_EDGE('',*,*,#2349,.T.);
#2349 = EDGE_CURVE('',#630,#2350,#2352,.T.);
#2350 = VERTEX_POINT('',#2351);
#2351 = CARTESIAN_POINT('',(-0.85,-1.35,0.2));
#2352 = LINE('',#2353,#2354);
#2353 = CARTESIAN_POINT('',(-0.85,-1.35,0.1));
#2354 = VECTOR('',#2355,1.);
#2355 = DIRECTION('',(0.,2.22044604925E-16,1.));
#2356 = ORIENTED_EDGE('',*,*,#2357,.F.);
#2357 = EDGE_CURVE('',#2265,#2350,#2358,.T.);
#2358 = LINE('',#2359,#2360);
#2359 = CARTESIAN_POINT('',(-0.85,1.35,0.2));
#2360 = VECTOR('',#2361,1.);
#2361 = DIRECTION('',(0.,-1.,2.22044604925E-16));
#2362 = ORIENTED_EDGE('',*,*,#2264,.F.);
#2363 = PLANE('',#2364);
#2364 = AXIS2_PLACEMENT_3D('',#2365,#2366,#2367);
#2365 = CARTESIAN_POINT('',(-0.85,1.35,1.E-01));
#2366 = DIRECTION('',(-1.,0.,0.));
#2367 = DIRECTION('',(0.,-1.,2.22044604925E-16));
#2368 = ADVANCED_FACE('',(#2369),#2380,.F.);
#2369 = FACE_BOUND('',#2370,.F.);
#2370 = EDGE_LOOP('',(#2371,#2372,#2378,#2379));
#2371 = ORIENTED_EDGE('',*,*,#810,.T.);
#2372 = ORIENTED_EDGE('',*,*,#2373,.F.);
#2373 = EDGE_CURVE('',#2350,#803,#2374,.T.);
#2374 = LINE('',#2375,#2376);
#2375 = CARTESIAN_POINT('',(-0.85,-1.35,0.2));
#2376 = VECTOR('',#2377,1.);
#2377 = DIRECTION('',(1.,0.,0.));
#2378 = ORIENTED_EDGE('',*,*,#2349,.F.);
#2379 = ORIENTED_EDGE('',*,*,#629,.T.);
#2380 = PLANE('',#2381);
#2381 = AXIS2_PLACEMENT_3D('',#2382,#2383,#2384);
#2382 = CARTESIAN_POINT('',(-0.85,-1.35,0.1));
#2383 = DIRECTION('',(0.,-1.,2.22044604925E-16));
#2384 = DIRECTION('',(1.,0.,0.));
#2385 = ADVANCED_FACE('',(#2386),#2411,.F.);
#2386 = FACE_BOUND('',#2387,.F.);
#2387 = EDGE_LOOP('',(#2388,#2396,#2404,#2410));
#2388 = ORIENTED_EDGE('',*,*,#2389,.T.);
#2389 = EDGE_CURVE('',#750,#2390,#2392,.T.);
#2390 = VERTEX_POINT('',#2391);
#2391 = CARTESIAN_POINT('',(0.5,-1.35,0.2));
#2392 = LINE('',#2393,#2394);
#2393 = CARTESIAN_POINT('',(0.5,-1.35,0.1));
#2394 = VECTOR('',#2395,1.);
#2395 = DIRECTION('',(0.,2.22044604925E-16,1.));
#2396 = ORIENTED_EDGE('',*,*,#2397,.F.);
#2397 = EDGE_CURVE('',#2398,#2390,#2400,.T.);
#2398 = VERTEX_POINT('',#2399);
#2399 = CARTESIAN_POINT('',(-0.5,-1.35,0.2));
#2400 = LINE('',#2401,#2402);
#2401 = CARTESIAN_POINT('',(-0.5,-1.35,0.2));
#2402 = VECTOR('',#2403,1.);
#2403 = DIRECTION('',(1.,0.,0.));
#2404 = ORIENTED_EDGE('',*,*,#2405,.F.);
#2405 = EDGE_CURVE('',#758,#2398,#2406,.T.);
#2406 = LINE('',#2407,#2408);
#2407 = CARTESIAN_POINT('',(-0.5,-1.35,0.1));
#2408 = VECTOR('',#2409,1.);
#2409 = DIRECTION('',(0.,2.22044604925E-16,1.));
#2410 = ORIENTED_EDGE('',*,*,#757,.T.);
#2411 = PLANE('',#2412);
#2412 = AXIS2_PLACEMENT_3D('',#2413,#2414,#2415);
#2413 = CARTESIAN_POINT('',(-0.85,-1.35,0.1));
#2414 = DIRECTION('',(0.,-1.,2.22044604925E-16));
#2415 = DIRECTION('',(1.,0.,0.));
#2416 = ADVANCED_FACE('',(#2417),#2442,.F.);
#2417 = FACE_BOUND('',#2418,.F.);
#2418 = EDGE_LOOP('',(#2419,#2427,#2428,#2436));
#2419 = ORIENTED_EDGE('',*,*,#2420,.F.);
#2420 = EDGE_CURVE('',#726,#2421,#2423,.T.);
#2421 = VERTEX_POINT('',#2422);
#2422 = CARTESIAN_POINT('',(0.7,-1.35,0.2));
#2423 = LINE('',#2424,#2425);
#2424 = CARTESIAN_POINT('',(0.7,-1.35,0.1));
#2425 = VECTOR('',#2426,1.);
#2426 = DIRECTION('',(0.,2.22044604925E-16,1.));
#2427 = ORIENTED_EDGE('',*,*,#725,.T.);
#2428 = ORIENTED_EDGE('',*,*,#2429,.T.);
#2429 = EDGE_CURVE('',#718,#2430,#2432,.T.);
#2430 = VERTEX_POINT('',#2431);
#2431 = CARTESIAN_POINT('',(0.85,-1.35,0.2));
#2432 = LINE('',#2433,#2434);
#2433 = CARTESIAN_POINT('',(0.85,-1.35,0.1));
#2434 = VECTOR('',#2435,1.);
#2435 = DIRECTION('',(0.,2.22044604925E-16,1.));
#2436 = ORIENTED_EDGE('',*,*,#2437,.F.);
#2437 = EDGE_CURVE('',#2421,#2430,#2438,.T.);
#2438 = LINE('',#2439,#2440);
#2439 = CARTESIAN_POINT('',(0.7,-1.35,0.2));
#2440 = VECTOR('',#2441,1.);
#2441 = DIRECTION('',(1.,0.,0.));
#2442 = PLANE('',#2443);
#2443 = AXIS2_PLACEMENT_3D('',#2444,#2445,#2446);
#2444 = CARTESIAN_POINT('',(-0.85,-1.35,0.1));
#2445 = DIRECTION('',(0.,-1.,2.22044604925E-16));
#2446 = DIRECTION('',(1.,0.,0.));
#2447 = ADVANCED_FACE('',(#2448),#2505,.F.);
#2448 = FACE_BOUND('',#2449,.F.);
#2449 = EDGE_LOOP('',(#2450,#2451,#2457,#2458,#2464,#2465,#2471,#2472,
    #2478,#2479,#2485,#2486,#2492,#2493,#2499,#2500,#2501,#2502,#2503,
    #2504));
#2450 = ORIENTED_EDGE('',*,*,#859,.T.);
#2451 = ORIENTED_EDGE('',*,*,#2452,.F.);
#2452 = EDGE_CURVE('',#2398,#852,#2453,.T.);
#2453 = LINE('',#2454,#2455);
#2454 = CARTESIAN_POINT('',(-0.5,-1.35,0.2));
#2455 = VECTOR('',#2456,1.);
#2456 = DIRECTION('',(0.,-1.,2.22044604925E-16));
#2457 = ORIENTED_EDGE('',*,*,#2397,.T.);
#2458 = ORIENTED_EDGE('',*,*,#2459,.T.);
#2459 = EDGE_CURVE('',#2390,#878,#2460,.T.);
#2460 = LINE('',#2461,#2462);
#2461 = CARTESIAN_POINT('',(0.5,-1.35,0.2));
#2462 = VECTOR('',#2463,1.);
#2463 = DIRECTION('',(0.,-1.,2.22044604925E-16));
#2464 = ORIENTED_EDGE('',*,*,#877,.T.);
#2465 = ORIENTED_EDGE('',*,*,#2466,.T.);
#2466 = EDGE_CURVE('',#870,#2421,#2467,.T.);
#2467 = LINE('',#2468,#2469);
#2468 = CARTESIAN_POINT('',(0.7,-1.5,0.2));
#2469 = VECTOR('',#2470,1.);
#2470 = DIRECTION('',(0.,1.,-2.22044604925E-16));
#2471 = ORIENTED_EDGE('',*,*,#2437,.T.);
#2472 = ORIENTED_EDGE('',*,*,#2473,.T.);
#2473 = EDGE_CURVE('',#2430,#2326,#2474,.T.);
#2474 = LINE('',#2475,#2476);
#2475 = CARTESIAN_POINT('',(0.85,-1.35,0.2));
#2476 = VECTOR('',#2477,1.);
#2477 = DIRECTION('',(0.,1.,-2.22044604925E-16));
#2478 = ORIENTED_EDGE('',*,*,#2325,.T.);
#2479 = ORIENTED_EDGE('',*,*,#2480,.F.);
#2480 = EDGE_CURVE('',#1582,#2318,#2481,.T.);
#2481 = LINE('',#2482,#2483);
#2482 = CARTESIAN_POINT('',(0.7,1.5,0.2));
#2483 = VECTOR('',#2484,1.);
#2484 = DIRECTION('',(0.,-1.,2.22044604925E-16));
#2485 = ORIENTED_EDGE('',*,*,#1581,.F.);
#2486 = ORIENTED_EDGE('',*,*,#2487,.F.);
#2487 = EDGE_CURVE('',#2287,#1574,#2488,.T.);
#2488 = LINE('',#2489,#2490);
#2489 = CARTESIAN_POINT('',(0.5,1.35,0.2));
#2490 = VECTOR('',#2491,1.);
#2491 = DIRECTION('',(0.,1.,-2.22044604925E-16));
#2492 = ORIENTED_EDGE('',*,*,#2303,.T.);
#2493 = ORIENTED_EDGE('',*,*,#2494,.T.);
#2494 = EDGE_CURVE('',#2296,#1557,#2495,.T.);
#2495 = LINE('',#2496,#2497);
#2496 = CARTESIAN_POINT('',(-0.5,1.35,0.2));
#2497 = VECTOR('',#2498,1.);
#2498 = DIRECTION('',(0.,1.,-2.22044604925E-16));
#2499 = ORIENTED_EDGE('',*,*,#1556,.F.);
#2500 = ORIENTED_EDGE('',*,*,#2248,.T.);
#2501 = ORIENTED_EDGE('',*,*,#2272,.T.);
#2502 = ORIENTED_EDGE('',*,*,#2357,.T.);
#2503 = ORIENTED_EDGE('',*,*,#2373,.T.);
#2504 = ORIENTED_EDGE('',*,*,#802,.F.);
#2505 = PLANE('',#2506);
#2506 = AXIS2_PLACEMENT_3D('',#2507,#2508,#2509);
#2507 = CARTESIAN_POINT('',(0.,3.885780586188E-17,0.2));
#2508 = DIRECTION('',(0.,2.22044604925E-16,1.));
#2509 = DIRECTION('',(1.,0.,0.));
#2510 = ADVANCED_FACE('',(#2511),#2517,.T.);
#2511 = FACE_BOUND('',#2512,.F.);
#2512 = EDGE_LOOP('',(#2513,#2514,#2515,#2516));
#2513 = ORIENTED_EDGE('',*,*,#851,.F.);
#2514 = ORIENTED_EDGE('',*,*,#765,.F.);
#2515 = ORIENTED_EDGE('',*,*,#2405,.T.);
#2516 = ORIENTED_EDGE('',*,*,#2452,.T.);
#2517 = PLANE('',#2518);
#2518 = AXIS2_PLACEMENT_3D('',#2519,#2520,#2521);
#2519 = CARTESIAN_POINT('',(-0.5,-1.35,0.1));
#2520 = DIRECTION('',(-1.,0.,0.));
#2521 = DIRECTION('',(0.,-1.,2.22044604925E-16));
#2522 = ADVANCED_FACE('',(#2523),#2529,.F.);
#2523 = FACE_BOUND('',#2524,.F.);
#2524 = EDGE_LOOP('',(#2525,#2526,#2527,#2528));
#2525 = ORIENTED_EDGE('',*,*,#885,.T.);
#2526 = ORIENTED_EDGE('',*,*,#2459,.F.);
#2527 = ORIENTED_EDGE('',*,*,#2389,.F.);
#2528 = ORIENTED_EDGE('',*,*,#749,.T.);
#2529 = PLANE('',#2530);
#2530 = AXIS2_PLACEMENT_3D('',#2531,#2532,#2533);
#2531 = CARTESIAN_POINT('',(0.5,-1.35,0.1));
#2532 = DIRECTION('',(-1.,0.,0.));
#2533 = DIRECTION('',(0.,-1.,2.22044604925E-16));
#2534 = ADVANCED_FACE('',(#2535),#2541,.F.);
#2535 = FACE_BOUND('',#2536,.F.);
#2536 = EDGE_LOOP('',(#2537,#2538,#2539,#2540));
#2537 = ORIENTED_EDGE('',*,*,#869,.F.);
#2538 = ORIENTED_EDGE('',*,*,#733,.T.);
#2539 = ORIENTED_EDGE('',*,*,#2420,.T.);
#2540 = ORIENTED_EDGE('',*,*,#2466,.F.);
#2541 = PLANE('',#2542);
#2542 = AXIS2_PLACEMENT_3D('',#2543,#2544,#2545);
#2543 = CARTESIAN_POINT('',(0.7,-1.5,0.1));
#2544 = DIRECTION('',(1.,0.,0.));
#2545 = DIRECTION('',(0.,1.,-2.22044604925E-16));
#2546 = ADVANCED_FACE('',(#2547),#2553,.F.);
#2547 = FACE_BOUND('',#2548,.F.);
#2548 = EDGE_LOOP('',(#2549,#2550,#2551,#2552));
#2549 = ORIENTED_EDGE('',*,*,#717,.T.);
#2550 = ORIENTED_EDGE('',*,*,#2333,.T.);
#2551 = ORIENTED_EDGE('',*,*,#2473,.F.);
#2552 = ORIENTED_EDGE('',*,*,#2429,.F.);
#2553 = PLANE('',#2554);
#2554 = AXIS2_PLACEMENT_3D('',#2555,#2556,#2557);
#2555 = CARTESIAN_POINT('',(0.85,-1.35,0.1));
#2556 = DIRECTION('',(1.,0.,0.));
#2557 = DIRECTION('',(0.,1.,-2.22044604925E-16));
#2558 = ADVANCED_FACE('',(#2559),#2565,.T.);
#2559 = FACE_BOUND('',#2560,.F.);
#2560 = EDGE_LOOP('',(#2561,#2562,#2563,#2564));
#2561 = ORIENTED_EDGE('',*,*,#1589,.T.);
#2562 = ORIENTED_EDGE('',*,*,#2480,.T.);
#2563 = ORIENTED_EDGE('',*,*,#2317,.F.);
#2564 = ORIENTED_EDGE('',*,*,#701,.F.);
#2565 = PLANE('',#2566);
#2566 = AXIS2_PLACEMENT_3D('',#2567,#2568,#2569);
#2567 = CARTESIAN_POINT('',(0.7,1.5,1.E-01));
#2568 = DIRECTION('',(-1.,0.,0.));
#2569 = DIRECTION('',(0.,-1.,2.22044604925E-16));
#2570 = ADVANCED_FACE('',(#2571),#2577,.T.);
#2571 = FACE_BOUND('',#2572,.F.);
#2572 = EDGE_LOOP('',(#2573,#2574,#2575,#2576));
#2573 = ORIENTED_EDGE('',*,*,#1573,.F.);
#2574 = ORIENTED_EDGE('',*,*,#685,.F.);
#2575 = ORIENTED_EDGE('',*,*,#2286,.T.);
#2576 = ORIENTED_EDGE('',*,*,#2487,.T.);
#2577 = PLANE('',#2578);
#2578 = AXIS2_PLACEMENT_3D('',#2579,#2580,#2581);
#2579 = CARTESIAN_POINT('',(0.5,1.35,1.E-01));
#2580 = DIRECTION('',(1.,0.,0.));
#2581 = DIRECTION('',(0.,1.,-2.22044604925E-16));
#2582 = ADVANCED_FACE('',(#2583),#2589,.F.);
#2583 = FACE_BOUND('',#2584,.F.);
#2584 = EDGE_LOOP('',(#2585,#2586,#2587,#2588));
#2585 = ORIENTED_EDGE('',*,*,#1564,.T.);
#2586 = ORIENTED_EDGE('',*,*,#2494,.F.);
#2587 = ORIENTED_EDGE('',*,*,#2295,.F.);
#2588 = ORIENTED_EDGE('',*,*,#669,.T.);
#2589 = PLANE('',#2590);
#2590 = AXIS2_PLACEMENT_3D('',#2591,#2592,#2593);
#2591 = CARTESIAN_POINT('',(-0.5,1.35,1.E-01));
#2592 = DIRECTION('',(1.,0.,0.));
#2593 = DIRECTION('',(0.,1.,-2.22044604925E-16));
#2594 = MANIFOLD_SOLID_BREP('',#2595);
#2595 = CLOSED_SHELL('',(#2596,#2636,#2837,#2868,#2892,#2923,#2947,#3074
    ,#3091,#3108,#3120,#3132,#3149,#3166,#3188,#3210,#3227,#3244,#3256,
    #3273,#3290,#3302,#3314,#3345,#3369,#3401,#3418,#3435));
#2596 = ADVANCED_FACE('',(#2597),#2631,.F.);
#2597 = FACE_BOUND('',#2598,.F.);
#2598 = EDGE_LOOP('',(#2599,#2609,#2617,#2625));
#2599 = ORIENTED_EDGE('',*,*,#2600,.T.);
#2600 = EDGE_CURVE('',#2601,#2603,#2605,.T.);
#2601 = VERTEX_POINT('',#2602);
#2602 = CARTESIAN_POINT('',(-0.5,-1.35,0.1));
#2603 = VERTEX_POINT('',#2604);
#2604 = CARTESIAN_POINT('',(-0.5,-1.5,0.1));
#2605 = LINE('',#2606,#2607);
#2606 = CARTESIAN_POINT('',(-0.5,-1.35,0.1));
#2607 = VECTOR('',#2608,1.);
#2608 = DIRECTION('',(0.,-1.,2.22044604925E-16));
#2609 = ORIENTED_EDGE('',*,*,#2610,.T.);
#2610 = EDGE_CURVE('',#2603,#2611,#2613,.T.);
#2611 = VERTEX_POINT('',#2612);
#2612 = CARTESIAN_POINT('',(-0.5,-1.5,0.2));
#2613 = LINE('',#2614,#2615);
#2614 = CARTESIAN_POINT('',(-0.5,-1.5,0.1));
#2615 = VECTOR('',#2616,1.);
#2616 = DIRECTION('',(0.,2.22044604925E-16,1.));
#2617 = ORIENTED_EDGE('',*,*,#2618,.F.);
#2618 = EDGE_CURVE('',#2619,#2611,#2621,.T.);
#2619 = VERTEX_POINT('',#2620);
#2620 = CARTESIAN_POINT('',(-0.5,-1.35,0.2));
#2621 = LINE('',#2622,#2623);
#2622 = CARTESIAN_POINT('',(-0.5,-1.35,0.2));
#2623 = VECTOR('',#2624,1.);
#2624 = DIRECTION('',(0.,-1.,2.22044604925E-16));
#2625 = ORIENTED_EDGE('',*,*,#2626,.F.);
#2626 = EDGE_CURVE('',#2601,#2619,#2627,.T.);
#2627 = LINE('',#2628,#2629);
#2628 = CARTESIAN_POINT('',(-0.5,-1.35,0.1));
#2629 = VECTOR('',#2630,1.);
#2630 = DIRECTION('',(0.,2.22044604925E-16,1.));
#2631 = PLANE('',#2632);
#2632 = AXIS2_PLACEMENT_3D('',#2633,#2634,#2635);
#2633 = CARTESIAN_POINT('',(-0.5,-1.35,0.1));
#2634 = DIRECTION('',(-1.,0.,0.));
#2635 = DIRECTION('',(0.,-1.,2.22044604925E-16));
#2636 = ADVANCED_FACE('',(#2637,#2790),#2832,.F.);
#2637 = FACE_BOUND('',#2638,.F.);
#2638 = EDGE_LOOP('',(#2639,#2647,#2655,#2663,#2671,#2679,#2687,#2695,
    #2703,#2711,#2719,#2727,#2735,#2743,#2751,#2759,#2767,#2775,#2783,
    #2789));
#2639 = ORIENTED_EDGE('',*,*,#2640,.T.);
#2640 = EDGE_CURVE('',#2601,#2641,#2643,.T.);
#2641 = VERTEX_POINT('',#2642);
#2642 = CARTESIAN_POINT('',(0.5,-1.35,0.1));
#2643 = LINE('',#2644,#2645);
#2644 = CARTESIAN_POINT('',(-0.5,-1.35,0.1));
#2645 = VECTOR('',#2646,1.);
#2646 = DIRECTION('',(1.,0.,0.));
#2647 = ORIENTED_EDGE('',*,*,#2648,.T.);
#2648 = EDGE_CURVE('',#2641,#2649,#2651,.T.);
#2649 = VERTEX_POINT('',#2650);
#2650 = CARTESIAN_POINT('',(0.5,-1.5,0.1));
#2651 = LINE('',#2652,#2653);
#2652 = CARTESIAN_POINT('',(0.5,-1.35,0.1));
#2653 = VECTOR('',#2654,1.);
#2654 = DIRECTION('',(0.,-1.,2.22044604925E-16));
#2655 = ORIENTED_EDGE('',*,*,#2656,.T.);
#2656 = EDGE_CURVE('',#2649,#2657,#2659,.T.);
#2657 = VERTEX_POINT('',#2658);
#2658 = CARTESIAN_POINT('',(0.7,-1.5,0.1));
#2659 = LINE('',#2660,#2661);
#2660 = CARTESIAN_POINT('',(0.5,-1.5,0.1));
#2661 = VECTOR('',#2662,1.);
#2662 = DIRECTION('',(1.,0.,0.));
#2663 = ORIENTED_EDGE('',*,*,#2664,.T.);
#2664 = EDGE_CURVE('',#2657,#2665,#2667,.T.);
#2665 = VERTEX_POINT('',#2666);
#2666 = CARTESIAN_POINT('',(0.7,-1.35,0.1));
#2667 = LINE('',#2668,#2669);
#2668 = CARTESIAN_POINT('',(0.7,-1.5,0.1));
#2669 = VECTOR('',#2670,1.);
#2670 = DIRECTION('',(0.,1.,-2.22044604925E-16));
#2671 = ORIENTED_EDGE('',*,*,#2672,.T.);
#2672 = EDGE_CURVE('',#2665,#2673,#2675,.T.);
#2673 = VERTEX_POINT('',#2674);
#2674 = CARTESIAN_POINT('',(0.85,-1.35,0.1));
#2675 = LINE('',#2676,#2677);
#2676 = CARTESIAN_POINT('',(0.7,-1.35,0.1));
#2677 = VECTOR('',#2678,1.);
#2678 = DIRECTION('',(1.,0.,0.));
#2679 = ORIENTED_EDGE('',*,*,#2680,.T.);
#2680 = EDGE_CURVE('',#2673,#2681,#2683,.T.);
#2681 = VERTEX_POINT('',#2682);
#2682 = CARTESIAN_POINT('',(0.85,1.35,1.E-01));
#2683 = LINE('',#2684,#2685);
#2684 = CARTESIAN_POINT('',(0.85,-1.35,0.1));
#2685 = VECTOR('',#2686,1.);
#2686 = DIRECTION('',(0.,1.,-2.22044604925E-16));
#2687 = ORIENTED_EDGE('',*,*,#2688,.T.);
#2688 = EDGE_CURVE('',#2681,#2689,#2691,.T.);
#2689 = VERTEX_POINT('',#2690);
#2690 = CARTESIAN_POINT('',(0.7,1.35,1.E-01));
#2691 = LINE('',#2692,#2693);
#2692 = CARTESIAN_POINT('',(0.85,1.35,1.E-01));
#2693 = VECTOR('',#2694,1.);
#2694 = DIRECTION('',(-1.,0.,0.));
#2695 = ORIENTED_EDGE('',*,*,#2696,.F.);
#2696 = EDGE_CURVE('',#2697,#2689,#2699,.T.);
#2697 = VERTEX_POINT('',#2698);
#2698 = CARTESIAN_POINT('',(0.7,1.5,1.E-01));
#2699 = LINE('',#2700,#2701);
#2700 = CARTESIAN_POINT('',(0.7,1.5,1.E-01));
#2701 = VECTOR('',#2702,1.);
#2702 = DIRECTION('',(0.,-1.,2.22044604925E-16));
#2703 = ORIENTED_EDGE('',*,*,#2704,.F.);
#2704 = EDGE_CURVE('',#2705,#2697,#2707,.T.);
#2705 = VERTEX_POINT('',#2706);
#2706 = CARTESIAN_POINT('',(0.5,1.5,1.E-01));
#2707 = LINE('',#2708,#2709);
#2708 = CARTESIAN_POINT('',(0.5,1.5,1.E-01));
#2709 = VECTOR('',#2710,1.);
#2710 = DIRECTION('',(1.,0.,0.));
#2711 = ORIENTED_EDGE('',*,*,#2712,.F.);
#2712 = EDGE_CURVE('',#2713,#2705,#2715,.T.);
#2713 = VERTEX_POINT('',#2714);
#2714 = CARTESIAN_POINT('',(0.5,1.35,1.E-01));
#2715 = LINE('',#2716,#2717);
#2716 = CARTESIAN_POINT('',(0.5,1.35,1.E-01));
#2717 = VECTOR('',#2718,1.);
#2718 = DIRECTION('',(0.,1.,-2.22044604925E-16));
#2719 = ORIENTED_EDGE('',*,*,#2720,.T.);
#2720 = EDGE_CURVE('',#2713,#2721,#2723,.T.);
#2721 = VERTEX_POINT('',#2722);
#2722 = CARTESIAN_POINT('',(-0.5,1.35,1.E-01));
#2723 = LINE('',#2724,#2725);
#2724 = CARTESIAN_POINT('',(0.5,1.35,1.E-01));
#2725 = VECTOR('',#2726,1.);
#2726 = DIRECTION('',(-1.,0.,0.));
#2727 = ORIENTED_EDGE('',*,*,#2728,.T.);
#2728 = EDGE_CURVE('',#2721,#2729,#2731,.T.);
#2729 = VERTEX_POINT('',#2730);
#2730 = CARTESIAN_POINT('',(-0.5,1.5,1.E-01));
#2731 = LINE('',#2732,#2733);
#2732 = CARTESIAN_POINT('',(-0.5,1.35,1.E-01));
#2733 = VECTOR('',#2734,1.);
#2734 = DIRECTION('',(0.,1.,-2.22044604925E-16));
#2735 = ORIENTED_EDGE('',*,*,#2736,.T.);
#2736 = EDGE_CURVE('',#2729,#2737,#2739,.T.);
#2737 = VERTEX_POINT('',#2738);
#2738 = CARTESIAN_POINT('',(-0.7,1.5,1.E-01));
#2739 = LINE('',#2740,#2741);
#2740 = CARTESIAN_POINT('',(-0.5,1.5,1.E-01));
#2741 = VECTOR('',#2742,1.);
#2742 = DIRECTION('',(-1.,0.,0.));
#2743 = ORIENTED_EDGE('',*,*,#2744,.T.);
#2744 = EDGE_CURVE('',#2737,#2745,#2747,.T.);
#2745 = VERTEX_POINT('',#2746);
#2746 = CARTESIAN_POINT('',(-0.7,1.35,1.E-01));
#2747 = LINE('',#2748,#2749);
#2748 = CARTESIAN_POINT('',(-0.7,1.5,1.E-01));
#2749 = VECTOR('',#2750,1.);
#2750 = DIRECTION('',(0.,-1.,2.22044604925E-16));
#2751 = ORIENTED_EDGE('',*,*,#2752,.T.);
#2752 = EDGE_CURVE('',#2745,#2753,#2755,.T.);
#2753 = VERTEX_POINT('',#2754);
#2754 = CARTESIAN_POINT('',(-0.85,1.35,1.E-01));
#2755 = LINE('',#2756,#2757);
#2756 = CARTESIAN_POINT('',(-0.7,1.35,1.E-01));
#2757 = VECTOR('',#2758,1.);
#2758 = DIRECTION('',(-1.,0.,0.));
#2759 = ORIENTED_EDGE('',*,*,#2760,.T.);
#2760 = EDGE_CURVE('',#2753,#2761,#2763,.T.);
#2761 = VERTEX_POINT('',#2762);
#2762 = CARTESIAN_POINT('',(-0.85,-1.35,0.1));
#2763 = LINE('',#2764,#2765);
#2764 = CARTESIAN_POINT('',(-0.85,1.35,1.E-01));
#2765 = VECTOR('',#2766,1.);
#2766 = DIRECTION('',(0.,-1.,2.22044604925E-16));
#2767 = ORIENTED_EDGE('',*,*,#2768,.T.);
#2768 = EDGE_CURVE('',#2761,#2769,#2771,.T.);
#2769 = VERTEX_POINT('',#2770);
#2770 = CARTESIAN_POINT('',(-0.7,-1.35,0.1));
#2771 = LINE('',#2772,#2773);
#2772 = CARTESIAN_POINT('',(-0.85,-1.35,0.1));
#2773 = VECTOR('',#2774,1.);
#2774 = DIRECTION('',(1.,0.,0.));
#2775 = ORIENTED_EDGE('',*,*,#2776,.F.);
#2776 = EDGE_CURVE('',#2777,#2769,#2779,.T.);
#2777 = VERTEX_POINT('',#2778);
#2778 = CARTESIAN_POINT('',(-0.7,-1.5,0.1));
#2779 = LINE('',#2780,#2781);
#2780 = CARTESIAN_POINT('',(-0.7,-1.5,0.1));
#2781 = VECTOR('',#2782,1.);
#2782 = DIRECTION('',(0.,1.,-2.22044604925E-16));
#2783 = ORIENTED_EDGE('',*,*,#2784,.F.);
#2784 = EDGE_CURVE('',#2603,#2777,#2785,.T.);
#2785 = LINE('',#2786,#2787);
#2786 = CARTESIAN_POINT('',(-0.5,-1.5,0.1));
#2787 = VECTOR('',#2788,1.);
#2788 = DIRECTION('',(-1.,0.,0.));
#2789 = ORIENTED_EDGE('',*,*,#2600,.F.);
#2790 = FACE_BOUND('',#2791,.F.);
#2791 = EDGE_LOOP('',(#2792,#2802,#2810,#2818,#2826));
#2792 = ORIENTED_EDGE('',*,*,#2793,.T.);
#2793 = EDGE_CURVE('',#2794,#2796,#2798,.T.);
#2794 = VERTEX_POINT('',#2795);
#2795 = CARTESIAN_POINT('',(-0.75,-1.25,0.1));
#2796 = VERTEX_POINT('',#2797);
#2797 = CARTESIAN_POINT('',(-0.75,1.,1.E-01));
#2798 = LINE('',#2799,#2800);
#2799 = CARTESIAN_POINT('',(-0.75,-1.25,0.1));
#2800 = VECTOR('',#2801,1.);
#2801 = DIRECTION('',(0.,1.,-2.22044604925E-16));
#2802 = ORIENTED_EDGE('',*,*,#2803,.F.);
#2803 = EDGE_CURVE('',#2804,#2796,#2806,.T.);
#2804 = VERTEX_POINT('',#2805);
#2805 = CARTESIAN_POINT('',(-0.5,1.25,1.E-01));
#2806 = LINE('',#2807,#2808);
#2807 = CARTESIAN_POINT('',(-0.5,1.25,1.E-01));
#2808 = VECTOR('',#2809,1.);
#2809 = DIRECTION('',(-0.707106781187,-0.707106781187,1.570092458684E-16
    ));
#2810 = ORIENTED_EDGE('',*,*,#2811,.T.);
#2811 = EDGE_CURVE('',#2804,#2812,#2814,.T.);
#2812 = VERTEX_POINT('',#2813);
#2813 = CARTESIAN_POINT('',(0.75,1.25,1.E-01));
#2814 = LINE('',#2815,#2816);
#2815 = CARTESIAN_POINT('',(-0.5,1.25,1.E-01));
#2816 = VECTOR('',#2817,1.);
#2817 = DIRECTION('',(1.,0.,0.));
#2818 = ORIENTED_EDGE('',*,*,#2819,.T.);
#2819 = EDGE_CURVE('',#2812,#2820,#2822,.T.);
#2820 = VERTEX_POINT('',#2821);
#2821 = CARTESIAN_POINT('',(0.75,-1.25,0.1));
#2822 = LINE('',#2823,#2824);
#2823 = CARTESIAN_POINT('',(0.75,1.25,1.E-01));
#2824 = VECTOR('',#2825,1.);
#2825 = DIRECTION('',(0.,-1.,2.22044604925E-16));
#2826 = ORIENTED_EDGE('',*,*,#2827,.T.);
#2827 = EDGE_CURVE('',#2820,#2794,#2828,.T.);
#2828 = LINE('',#2829,#2830);
#2829 = CARTESIAN_POINT('',(0.75,-1.25,0.1));
#2830 = VECTOR('',#2831,1.);
#2831 = DIRECTION('',(-1.,0.,0.));
#2832 = PLANE('',#2833);
#2833 = AXIS2_PLACEMENT_3D('',#2834,#2835,#2836);
#2834 = CARTESIAN_POINT('',(0.,2.22044604925E-17,0.1));
#2835 = DIRECTION('',(0.,2.22044604925E-16,1.));
#2836 = DIRECTION('',(1.,0.,0.));
#2837 = ADVANCED_FACE('',(#2838),#2863,.T.);
#2838 = FACE_BOUND('',#2839,.F.);
#2839 = EDGE_LOOP('',(#2840,#2848,#2849,#2857));
#2840 = ORIENTED_EDGE('',*,*,#2841,.F.);
#2841 = EDGE_CURVE('',#2769,#2842,#2844,.T.);
#2842 = VERTEX_POINT('',#2843);
#2843 = CARTESIAN_POINT('',(-0.7,-1.35,0.2));
#2844 = LINE('',#2845,#2846);
#2845 = CARTESIAN_POINT('',(-0.7,-1.35,0.1));
#2846 = VECTOR('',#2847,1.);
#2847 = DIRECTION('',(0.,2.22044604925E-16,1.));
#2848 = ORIENTED_EDGE('',*,*,#2768,.F.);
#2849 = ORIENTED_EDGE('',*,*,#2850,.T.);
#2850 = EDGE_CURVE('',#2761,#2851,#2853,.T.);
#2851 = VERTEX_POINT('',#2852);
#2852 = CARTESIAN_POINT('',(-0.85,-1.35,0.2));
#2853 = LINE('',#2854,#2855);
#2854 = CARTESIAN_POINT('',(-0.85,-1.35,0.1));
#2855 = VECTOR('',#2856,1.);
#2856 = DIRECTION('',(0.,2.22044604925E-16,1.));
#2857 = ORIENTED_EDGE('',*,*,#2858,.T.);
#2858 = EDGE_CURVE('',#2851,#2842,#2859,.T.);
#2859 = LINE('',#2860,#2861);
#2860 = CARTESIAN_POINT('',(-0.85,-1.35,0.2));
#2861 = VECTOR('',#2862,1.);
#2862 = DIRECTION('',(1.,0.,0.));
#2863 = PLANE('',#2864);
#2864 = AXIS2_PLACEMENT_3D('',#2865,#2866,#2867);
#2865 = CARTESIAN_POINT('',(-0.85,-1.35,0.1));
#2866 = DIRECTION('',(0.,-1.,2.22044604925E-16));
#2867 = DIRECTION('',(1.,0.,0.));
#2868 = ADVANCED_FACE('',(#2869),#2887,.T.);
#2869 = FACE_BOUND('',#2870,.F.);
#2870 = EDGE_LOOP('',(#2871,#2879,#2880,#2881));
#2871 = ORIENTED_EDGE('',*,*,#2872,.F.);
#2872 = EDGE_CURVE('',#2641,#2873,#2875,.T.);
#2873 = VERTEX_POINT('',#2874);
#2874 = CARTESIAN_POINT('',(0.5,-1.35,0.2));
#2875 = LINE('',#2876,#2877);
#2876 = CARTESIAN_POINT('',(0.5,-1.35,0.1));
#2877 = VECTOR('',#2878,1.);
#2878 = DIRECTION('',(0.,2.22044604925E-16,1.));
#2879 = ORIENTED_EDGE('',*,*,#2640,.F.);
#2880 = ORIENTED_EDGE('',*,*,#2626,.T.);
#2881 = ORIENTED_EDGE('',*,*,#2882,.T.);
#2882 = EDGE_CURVE('',#2619,#2873,#2883,.T.);
#2883 = LINE('',#2884,#2885);
#2884 = CARTESIAN_POINT('',(-0.5,-1.35,0.2));
#2885 = VECTOR('',#2886,1.);
#2886 = DIRECTION('',(1.,0.,0.));
#2887 = PLANE('',#2888);
#2888 = AXIS2_PLACEMENT_3D('',#2889,#2890,#2891);
#2889 = CARTESIAN_POINT('',(-0.85,-1.35,0.1));
#2890 = DIRECTION('',(0.,-1.,2.22044604925E-16));
#2891 = DIRECTION('',(1.,0.,0.));
#2892 = ADVANCED_FACE('',(#2893),#2918,.T.);
#2893 = FACE_BOUND('',#2894,.F.);
#2894 = EDGE_LOOP('',(#2895,#2903,#2911,#2917));
#2895 = ORIENTED_EDGE('',*,*,#2896,.T.);
#2896 = EDGE_CURVE('',#2665,#2897,#2899,.T.);
#2897 = VERTEX_POINT('',#2898);
#2898 = CARTESIAN_POINT('',(0.7,-1.35,0.2));
#2899 = LINE('',#2900,#2901);
#2900 = CARTESIAN_POINT('',(0.7,-1.35,0.1));
#2901 = VECTOR('',#2902,1.);
#2902 = DIRECTION('',(0.,2.22044604925E-16,1.));
#2903 = ORIENTED_EDGE('',*,*,#2904,.T.);
#2904 = EDGE_CURVE('',#2897,#2905,#2907,.T.);
#2905 = VERTEX_POINT('',#2906);
#2906 = CARTESIAN_POINT('',(0.85,-1.35,0.2));
#2907 = LINE('',#2908,#2909);
#2908 = CARTESIAN_POINT('',(0.7,-1.35,0.2));
#2909 = VECTOR('',#2910,1.);
#2910 = DIRECTION('',(1.,0.,0.));
#2911 = ORIENTED_EDGE('',*,*,#2912,.F.);
#2912 = EDGE_CURVE('',#2673,#2905,#2913,.T.);
#2913 = LINE('',#2914,#2915);
#2914 = CARTESIAN_POINT('',(0.85,-1.35,0.1));
#2915 = VECTOR('',#2916,1.);
#2916 = DIRECTION('',(0.,2.22044604925E-16,1.));
#2917 = ORIENTED_EDGE('',*,*,#2672,.F.);
#2918 = PLANE('',#2919);
#2919 = AXIS2_PLACEMENT_3D('',#2920,#2921,#2922);
#2920 = CARTESIAN_POINT('',(-0.85,-1.35,0.1));
#2921 = DIRECTION('',(0.,-1.,2.22044604925E-16));
#2922 = DIRECTION('',(1.,0.,0.));
#2923 = ADVANCED_FACE('',(#2924),#2942,.F.);
#2924 = FACE_BOUND('',#2925,.F.);
#2925 = EDGE_LOOP('',(#2926,#2927,#2928,#2936));
#2926 = ORIENTED_EDGE('',*,*,#2776,.T.);
#2927 = ORIENTED_EDGE('',*,*,#2841,.T.);
#2928 = ORIENTED_EDGE('',*,*,#2929,.F.);
#2929 = EDGE_CURVE('',#2930,#2842,#2932,.T.);
#2930 = VERTEX_POINT('',#2931);
#2931 = CARTESIAN_POINT('',(-0.7,-1.5,0.2));
#2932 = LINE('',#2933,#2934);
#2933 = CARTESIAN_POINT('',(-0.7,-1.5,0.2));
#2934 = VECTOR('',#2935,1.);
#2935 = DIRECTION('',(0.,1.,-2.22044604925E-16));
#2936 = ORIENTED_EDGE('',*,*,#2937,.F.);
#2937 = EDGE_CURVE('',#2777,#2930,#2938,.T.);
#2938 = LINE('',#2939,#2940);
#2939 = CARTESIAN_POINT('',(-0.7,-1.5,0.1));
#2940 = VECTOR('',#2941,1.);
#2941 = DIRECTION('',(0.,2.22044604925E-16,1.));
#2942 = PLANE('',#2943);
#2943 = AXIS2_PLACEMENT_3D('',#2944,#2945,#2946);
#2944 = CARTESIAN_POINT('',(-0.7,-1.5,0.1));
#2945 = DIRECTION('',(1.,0.,0.));
#2946 = DIRECTION('',(0.,1.,-2.22044604925E-16));
#2947 = ADVANCED_FACE('',(#2948),#3069,.T.);
#2948 = FACE_BOUND('',#2949,.F.);
#2949 = EDGE_LOOP('',(#2950,#2951,#2959,#2967,#2973,#2974,#2975,#2981,
    #2982,#2983,#2991,#2999,#3007,#3015,#3023,#3031,#3039,#3047,#3055,
    #3063));
#2950 = ORIENTED_EDGE('',*,*,#2904,.F.);
#2951 = ORIENTED_EDGE('',*,*,#2952,.F.);
#2952 = EDGE_CURVE('',#2953,#2897,#2955,.T.);
#2953 = VERTEX_POINT('',#2954);
#2954 = CARTESIAN_POINT('',(0.7,-1.5,0.2));
#2955 = LINE('',#2956,#2957);
#2956 = CARTESIAN_POINT('',(0.7,-1.5,0.2));
#2957 = VECTOR('',#2958,1.);
#2958 = DIRECTION('',(0.,1.,-2.22044604925E-16));
#2959 = ORIENTED_EDGE('',*,*,#2960,.F.);
#2960 = EDGE_CURVE('',#2961,#2953,#2963,.T.);
#2961 = VERTEX_POINT('',#2962);
#2962 = CARTESIAN_POINT('',(0.5,-1.5,0.2));
#2963 = LINE('',#2964,#2965);
#2964 = CARTESIAN_POINT('',(0.5,-1.5,0.2));
#2965 = VECTOR('',#2966,1.);
#2966 = DIRECTION('',(1.,0.,0.));
#2967 = ORIENTED_EDGE('',*,*,#2968,.F.);
#2968 = EDGE_CURVE('',#2873,#2961,#2969,.T.);
#2969 = LINE('',#2970,#2971);
#2970 = CARTESIAN_POINT('',(0.5,-1.35,0.2));
#2971 = VECTOR('',#2972,1.);
#2972 = DIRECTION('',(0.,-1.,2.22044604925E-16));
#2973 = ORIENTED_EDGE('',*,*,#2882,.F.);
#2974 = ORIENTED_EDGE('',*,*,#2618,.T.);
#2975 = ORIENTED_EDGE('',*,*,#2976,.T.);
#2976 = EDGE_CURVE('',#2611,#2930,#2977,.T.);
#2977 = LINE('',#2978,#2979);
#2978 = CARTESIAN_POINT('',(-0.5,-1.5,0.2));
#2979 = VECTOR('',#2980,1.);
#2980 = DIRECTION('',(-1.,0.,0.));
#2981 = ORIENTED_EDGE('',*,*,#2929,.T.);
#2982 = ORIENTED_EDGE('',*,*,#2858,.F.);
#2983 = ORIENTED_EDGE('',*,*,#2984,.F.);
#2984 = EDGE_CURVE('',#2985,#2851,#2987,.T.);
#2985 = VERTEX_POINT('',#2986);
#2986 = CARTESIAN_POINT('',(-0.85,1.35,0.2));
#2987 = LINE('',#2988,#2989);
#2988 = CARTESIAN_POINT('',(-0.85,1.35,0.2));
#2989 = VECTOR('',#2990,1.);
#2990 = DIRECTION('',(0.,-1.,2.22044604925E-16));
#2991 = ORIENTED_EDGE('',*,*,#2992,.F.);
#2992 = EDGE_CURVE('',#2993,#2985,#2995,.T.);
#2993 = VERTEX_POINT('',#2994);
#2994 = CARTESIAN_POINT('',(-0.7,1.35,0.2));
#2995 = LINE('',#2996,#2997);
#2996 = CARTESIAN_POINT('',(-0.7,1.35,0.2));
#2997 = VECTOR('',#2998,1.);
#2998 = DIRECTION('',(-1.,0.,0.));
#2999 = ORIENTED_EDGE('',*,*,#3000,.F.);
#3000 = EDGE_CURVE('',#3001,#2993,#3003,.T.);
#3001 = VERTEX_POINT('',#3002);
#3002 = CARTESIAN_POINT('',(-0.7,1.5,0.2));
#3003 = LINE('',#3004,#3005);
#3004 = CARTESIAN_POINT('',(-0.7,1.5,0.2));
#3005 = VECTOR('',#3006,1.);
#3006 = DIRECTION('',(0.,-1.,2.22044604925E-16));
#3007 = ORIENTED_EDGE('',*,*,#3008,.F.);
#3008 = EDGE_CURVE('',#3009,#3001,#3011,.T.);
#3009 = VERTEX_POINT('',#3010);
#3010 = CARTESIAN_POINT('',(-0.5,1.5,0.2));
#3011 = LINE('',#3012,#3013);
#3012 = CARTESIAN_POINT('',(-0.5,1.5,0.2));
#3013 = VECTOR('',#3014,1.);
#3014 = DIRECTION('',(-1.,0.,0.));
#3015 = ORIENTED_EDGE('',*,*,#3016,.F.);
#3016 = EDGE_CURVE('',#3017,#3009,#3019,.T.);
#3017 = VERTEX_POINT('',#3018);
#3018 = CARTESIAN_POINT('',(-0.5,1.35,0.2));
#3019 = LINE('',#3020,#3021);
#3020 = CARTESIAN_POINT('',(-0.5,1.35,0.2));
#3021 = VECTOR('',#3022,1.);
#3022 = DIRECTION('',(0.,1.,-2.22044604925E-16));
#3023 = ORIENTED_EDGE('',*,*,#3024,.F.);
#3024 = EDGE_CURVE('',#3025,#3017,#3027,.T.);
#3025 = VERTEX_POINT('',#3026);
#3026 = CARTESIAN_POINT('',(0.5,1.35,0.2));
#3027 = LINE('',#3028,#3029);
#3028 = CARTESIAN_POINT('',(0.5,1.35,0.2));
#3029 = VECTOR('',#3030,1.);
#3030 = DIRECTION('',(-1.,0.,0.));
#3031 = ORIENTED_EDGE('',*,*,#3032,.T.);
#3032 = EDGE_CURVE('',#3025,#3033,#3035,.T.);
#3033 = VERTEX_POINT('',#3034);
#3034 = CARTESIAN_POINT('',(0.5,1.5,0.2));
#3035 = LINE('',#3036,#3037);
#3036 = CARTESIAN_POINT('',(0.5,1.35,0.2));
#3037 = VECTOR('',#3038,1.);
#3038 = DIRECTION('',(0.,1.,-2.22044604925E-16));
#3039 = ORIENTED_EDGE('',*,*,#3040,.T.);
#3040 = EDGE_CURVE('',#3033,#3041,#3043,.T.);
#3041 = VERTEX_POINT('',#3042);
#3042 = CARTESIAN_POINT('',(0.7,1.5,0.2));
#3043 = LINE('',#3044,#3045);
#3044 = CARTESIAN_POINT('',(0.5,1.5,0.2));
#3045 = VECTOR('',#3046,1.);
#3046 = DIRECTION('',(1.,0.,0.));
#3047 = ORIENTED_EDGE('',*,*,#3048,.T.);
#3048 = EDGE_CURVE('',#3041,#3049,#3051,.T.);
#3049 = VERTEX_POINT('',#3050);
#3050 = CARTESIAN_POINT('',(0.7,1.35,0.2));
#3051 = LINE('',#3052,#3053);
#3052 = CARTESIAN_POINT('',(0.7,1.5,0.2));
#3053 = VECTOR('',#3054,1.);
#3054 = DIRECTION('',(0.,-1.,2.22044604925E-16));
#3055 = ORIENTED_EDGE('',*,*,#3056,.F.);
#3056 = EDGE_CURVE('',#3057,#3049,#3059,.T.);
#3057 = VERTEX_POINT('',#3058);
#3058 = CARTESIAN_POINT('',(0.85,1.35,0.2));
#3059 = LINE('',#3060,#3061);
#3060 = CARTESIAN_POINT('',(0.85,1.35,0.2));
#3061 = VECTOR('',#3062,1.);
#3062 = DIRECTION('',(-1.,0.,0.));
#3063 = ORIENTED_EDGE('',*,*,#3064,.F.);
#3064 = EDGE_CURVE('',#2905,#3057,#3065,.T.);
#3065 = LINE('',#3066,#3067);
#3066 = CARTESIAN_POINT('',(0.85,-1.35,0.2));
#3067 = VECTOR('',#3068,1.);
#3068 = DIRECTION('',(0.,1.,-2.22044604925E-16));
#3069 = PLANE('',#3070);
#3070 = AXIS2_PLACEMENT_3D('',#3071,#3072,#3073);
#3071 = CARTESIAN_POINT('',(0.,4.440892098501E-17,0.2));
#3072 = DIRECTION('',(0.,2.22044604925E-16,1.));
#3073 = DIRECTION('',(1.,0.,0.));
#3074 = ADVANCED_FACE('',(#3075),#3086,.T.);
#3075 = FACE_BOUND('',#3076,.F.);
#3076 = EDGE_LOOP('',(#3077,#3078,#3084,#3085));
#3077 = ORIENTED_EDGE('',*,*,#2664,.F.);
#3078 = ORIENTED_EDGE('',*,*,#3079,.T.);
#3079 = EDGE_CURVE('',#2657,#2953,#3080,.T.);
#3080 = LINE('',#3081,#3082);
#3081 = CARTESIAN_POINT('',(0.7,-1.5,0.1));
#3082 = VECTOR('',#3083,1.);
#3083 = DIRECTION('',(0.,2.22044604925E-16,1.));
#3084 = ORIENTED_EDGE('',*,*,#2952,.T.);
#3085 = ORIENTED_EDGE('',*,*,#2896,.F.);
#3086 = PLANE('',#3087);
#3087 = AXIS2_PLACEMENT_3D('',#3088,#3089,#3090);
#3088 = CARTESIAN_POINT('',(0.7,-1.5,0.1));
#3089 = DIRECTION('',(1.,0.,0.));
#3090 = DIRECTION('',(0.,1.,-2.22044604925E-16));
#3091 = ADVANCED_FACE('',(#3092),#3103,.T.);
#3092 = FACE_BOUND('',#3093,.F.);
#3093 = EDGE_LOOP('',(#3094,#3095,#3101,#3102));
#3094 = ORIENTED_EDGE('',*,*,#2656,.F.);
#3095 = ORIENTED_EDGE('',*,*,#3096,.T.);
#3096 = EDGE_CURVE('',#2649,#2961,#3097,.T.);
#3097 = LINE('',#3098,#3099);
#3098 = CARTESIAN_POINT('',(0.5,-1.5,0.1));
#3099 = VECTOR('',#3100,1.);
#3100 = DIRECTION('',(0.,2.22044604925E-16,1.));
#3101 = ORIENTED_EDGE('',*,*,#2960,.T.);
#3102 = ORIENTED_EDGE('',*,*,#3079,.F.);
#3103 = PLANE('',#3104);
#3104 = AXIS2_PLACEMENT_3D('',#3105,#3106,#3107);
#3105 = CARTESIAN_POINT('',(0.5,-1.5,0.1));
#3106 = DIRECTION('',(0.,-1.,2.22044604925E-16));
#3107 = DIRECTION('',(1.,0.,0.));
#3108 = ADVANCED_FACE('',(#3109),#3115,.T.);
#3109 = FACE_BOUND('',#3110,.F.);
#3110 = EDGE_LOOP('',(#3111,#3112,#3113,#3114));
#3111 = ORIENTED_EDGE('',*,*,#2648,.F.);
#3112 = ORIENTED_EDGE('',*,*,#2872,.T.);
#3113 = ORIENTED_EDGE('',*,*,#2968,.T.);
#3114 = ORIENTED_EDGE('',*,*,#3096,.F.);
#3115 = PLANE('',#3116);
#3116 = AXIS2_PLACEMENT_3D('',#3117,#3118,#3119);
#3117 = CARTESIAN_POINT('',(0.5,-1.35,0.1));
#3118 = DIRECTION('',(-1.,0.,0.));
#3119 = DIRECTION('',(0.,-1.,2.22044604925E-16));
#3120 = ADVANCED_FACE('',(#3121),#3127,.F.);
#3121 = FACE_BOUND('',#3122,.F.);
#3122 = EDGE_LOOP('',(#3123,#3124,#3125,#3126));
#3123 = ORIENTED_EDGE('',*,*,#2784,.T.);
#3124 = ORIENTED_EDGE('',*,*,#2937,.T.);
#3125 = ORIENTED_EDGE('',*,*,#2976,.F.);
#3126 = ORIENTED_EDGE('',*,*,#2610,.F.);
#3127 = PLANE('',#3128);
#3128 = AXIS2_PLACEMENT_3D('',#3129,#3130,#3131);
#3129 = CARTESIAN_POINT('',(-0.5,-1.5,0.1));
#3130 = DIRECTION('',(0.,1.,-2.22044604925E-16));
#3131 = DIRECTION('',(-1.,0.,0.));
#3132 = ADVANCED_FACE('',(#3133),#3144,.T.);
#3133 = FACE_BOUND('',#3134,.F.);
#3134 = EDGE_LOOP('',(#3135,#3136,#3142,#3143));
#3135 = ORIENTED_EDGE('',*,*,#2760,.F.);
#3136 = ORIENTED_EDGE('',*,*,#3137,.T.);
#3137 = EDGE_CURVE('',#2753,#2985,#3138,.T.);
#3138 = LINE('',#3139,#3140);
#3139 = CARTESIAN_POINT('',(-0.85,1.35,1.E-01));
#3140 = VECTOR('',#3141,1.);
#3141 = DIRECTION('',(0.,2.22044604925E-16,1.));
#3142 = ORIENTED_EDGE('',*,*,#2984,.T.);
#3143 = ORIENTED_EDGE('',*,*,#2850,.F.);
#3144 = PLANE('',#3145);
#3145 = AXIS2_PLACEMENT_3D('',#3146,#3147,#3148);
#3146 = CARTESIAN_POINT('',(-0.85,1.35,1.E-01));
#3147 = DIRECTION('',(-1.,0.,0.));
#3148 = DIRECTION('',(0.,-1.,2.22044604925E-16));
#3149 = ADVANCED_FACE('',(#3150),#3161,.T.);
#3150 = FACE_BOUND('',#3151,.F.);
#3151 = EDGE_LOOP('',(#3152,#3158,#3159,#3160));
#3152 = ORIENTED_EDGE('',*,*,#3153,.T.);
#3153 = EDGE_CURVE('',#2745,#2993,#3154,.T.);
#3154 = LINE('',#3155,#3156);
#3155 = CARTESIAN_POINT('',(-0.7,1.35,1.E-01));
#3156 = VECTOR('',#3157,1.);
#3157 = DIRECTION('',(0.,2.22044604925E-16,1.));
#3158 = ORIENTED_EDGE('',*,*,#2992,.T.);
#3159 = ORIENTED_EDGE('',*,*,#3137,.F.);
#3160 = ORIENTED_EDGE('',*,*,#2752,.F.);
#3161 = PLANE('',#3162);
#3162 = AXIS2_PLACEMENT_3D('',#3163,#3164,#3165);
#3163 = CARTESIAN_POINT('',(0.85,1.35,1.E-01));
#3164 = DIRECTION('',(0.,1.,-2.22044604925E-16));
#3165 = DIRECTION('',(-1.,0.,0.));
#3166 = ADVANCED_FACE('',(#3167),#3183,.T.);
#3167 = FACE_BOUND('',#3168,.F.);
#3168 = EDGE_LOOP('',(#3169,#3175,#3176,#3182));
#3169 = ORIENTED_EDGE('',*,*,#3170,.T.);
#3170 = EDGE_CURVE('',#2713,#3025,#3171,.T.);
#3171 = LINE('',#3172,#3173);
#3172 = CARTESIAN_POINT('',(0.5,1.35,1.E-01));
#3173 = VECTOR('',#3174,1.);
#3174 = DIRECTION('',(0.,2.22044604925E-16,1.));
#3175 = ORIENTED_EDGE('',*,*,#3024,.T.);
#3176 = ORIENTED_EDGE('',*,*,#3177,.F.);
#3177 = EDGE_CURVE('',#2721,#3017,#3178,.T.);
#3178 = LINE('',#3179,#3180);
#3179 = CARTESIAN_POINT('',(-0.5,1.35,1.E-01));
#3180 = VECTOR('',#3181,1.);
#3181 = DIRECTION('',(0.,2.22044604925E-16,1.));
#3182 = ORIENTED_EDGE('',*,*,#2720,.F.);
#3183 = PLANE('',#3184);
#3184 = AXIS2_PLACEMENT_3D('',#3185,#3186,#3187);
#3185 = CARTESIAN_POINT('',(0.85,1.35,1.E-01));
#3186 = DIRECTION('',(0.,1.,-2.22044604925E-16));
#3187 = DIRECTION('',(-1.,0.,0.));
#3188 = ADVANCED_FACE('',(#3189),#3205,.T.);
#3189 = FACE_BOUND('',#3190,.F.);
#3190 = EDGE_LOOP('',(#3191,#3197,#3198,#3204));
#3191 = ORIENTED_EDGE('',*,*,#3192,.F.);
#3192 = EDGE_CURVE('',#2689,#3049,#3193,.T.);
#3193 = LINE('',#3194,#3195);
#3194 = CARTESIAN_POINT('',(0.7,1.35,1.E-01));
#3195 = VECTOR('',#3196,1.);
#3196 = DIRECTION('',(0.,2.22044604925E-16,1.));
#3197 = ORIENTED_EDGE('',*,*,#2688,.F.);
#3198 = ORIENTED_EDGE('',*,*,#3199,.T.);
#3199 = EDGE_CURVE('',#2681,#3057,#3200,.T.);
#3200 = LINE('',#3201,#3202);
#3201 = CARTESIAN_POINT('',(0.85,1.35,1.E-01));
#3202 = VECTOR('',#3203,1.);
#3203 = DIRECTION('',(0.,2.22044604925E-16,1.));
#3204 = ORIENTED_EDGE('',*,*,#3056,.T.);
#3205 = PLANE('',#3206);
#3206 = AXIS2_PLACEMENT_3D('',#3207,#3208,#3209);
#3207 = CARTESIAN_POINT('',(0.85,1.35,1.E-01));
#3208 = DIRECTION('',(0.,1.,-2.22044604925E-16));
#3209 = DIRECTION('',(-1.,0.,0.));
#3210 = ADVANCED_FACE('',(#3211),#3222,.T.);
#3211 = FACE_BOUND('',#3212,.F.);
#3212 = EDGE_LOOP('',(#3213,#3214,#3215,#3221));
#3213 = ORIENTED_EDGE('',*,*,#3153,.F.);
#3214 = ORIENTED_EDGE('',*,*,#2744,.F.);
#3215 = ORIENTED_EDGE('',*,*,#3216,.T.);
#3216 = EDGE_CURVE('',#2737,#3001,#3217,.T.);
#3217 = LINE('',#3218,#3219);
#3218 = CARTESIAN_POINT('',(-0.7,1.5,1.E-01));
#3219 = VECTOR('',#3220,1.);
#3220 = DIRECTION('',(0.,2.22044604925E-16,1.));
#3221 = ORIENTED_EDGE('',*,*,#3000,.T.);
#3222 = PLANE('',#3223);
#3223 = AXIS2_PLACEMENT_3D('',#3224,#3225,#3226);
#3224 = CARTESIAN_POINT('',(-0.7,1.5,1.E-01));
#3225 = DIRECTION('',(-1.,0.,0.));
#3226 = DIRECTION('',(0.,-1.,2.22044604925E-16));
#3227 = ADVANCED_FACE('',(#3228),#3239,.T.);
#3228 = FACE_BOUND('',#3229,.F.);
#3229 = EDGE_LOOP('',(#3230,#3231,#3237,#3238));
#3230 = ORIENTED_EDGE('',*,*,#2736,.F.);
#3231 = ORIENTED_EDGE('',*,*,#3232,.T.);
#3232 = EDGE_CURVE('',#2729,#3009,#3233,.T.);
#3233 = LINE('',#3234,#3235);
#3234 = CARTESIAN_POINT('',(-0.5,1.5,1.E-01));
#3235 = VECTOR('',#3236,1.);
#3236 = DIRECTION('',(0.,2.22044604925E-16,1.));
#3237 = ORIENTED_EDGE('',*,*,#3008,.T.);
#3238 = ORIENTED_EDGE('',*,*,#3216,.F.);
#3239 = PLANE('',#3240);
#3240 = AXIS2_PLACEMENT_3D('',#3241,#3242,#3243);
#3241 = CARTESIAN_POINT('',(-0.5,1.5,1.E-01));
#3242 = DIRECTION('',(0.,1.,-2.22044604925E-16));
#3243 = DIRECTION('',(-1.,0.,0.));
#3244 = ADVANCED_FACE('',(#3245),#3251,.T.);
#3245 = FACE_BOUND('',#3246,.F.);
#3246 = EDGE_LOOP('',(#3247,#3248,#3249,#3250));
#3247 = ORIENTED_EDGE('',*,*,#3177,.T.);
#3248 = ORIENTED_EDGE('',*,*,#3016,.T.);
#3249 = ORIENTED_EDGE('',*,*,#3232,.F.);
#3250 = ORIENTED_EDGE('',*,*,#2728,.F.);
#3251 = PLANE('',#3252);
#3252 = AXIS2_PLACEMENT_3D('',#3253,#3254,#3255);
#3253 = CARTESIAN_POINT('',(-0.5,1.35,1.E-01));
#3254 = DIRECTION('',(1.,0.,0.));
#3255 = DIRECTION('',(0.,1.,-2.22044604925E-16));
#3256 = ADVANCED_FACE('',(#3257),#3268,.F.);
#3257 = FACE_BOUND('',#3258,.F.);
#3258 = EDGE_LOOP('',(#3259,#3260,#3266,#3267));
#3259 = ORIENTED_EDGE('',*,*,#2712,.T.);
#3260 = ORIENTED_EDGE('',*,*,#3261,.T.);
#3261 = EDGE_CURVE('',#2705,#3033,#3262,.T.);
#3262 = LINE('',#3263,#3264);
#3263 = CARTESIAN_POINT('',(0.5,1.5,1.E-01));
#3264 = VECTOR('',#3265,1.);
#3265 = DIRECTION('',(0.,2.22044604925E-16,1.));
#3266 = ORIENTED_EDGE('',*,*,#3032,.F.);
#3267 = ORIENTED_EDGE('',*,*,#3170,.F.);
#3268 = PLANE('',#3269);
#3269 = AXIS2_PLACEMENT_3D('',#3270,#3271,#3272);
#3270 = CARTESIAN_POINT('',(0.5,1.35,1.E-01));
#3271 = DIRECTION('',(1.,0.,0.));
#3272 = DIRECTION('',(0.,1.,-2.22044604925E-16));
#3273 = ADVANCED_FACE('',(#3274),#3285,.F.);
#3274 = FACE_BOUND('',#3275,.F.);
#3275 = EDGE_LOOP('',(#3276,#3277,#3283,#3284));
#3276 = ORIENTED_EDGE('',*,*,#2704,.T.);
#3277 = ORIENTED_EDGE('',*,*,#3278,.T.);
#3278 = EDGE_CURVE('',#2697,#3041,#3279,.T.);
#3279 = LINE('',#3280,#3281);
#3280 = CARTESIAN_POINT('',(0.7,1.5,1.E-01));
#3281 = VECTOR('',#3282,1.);
#3282 = DIRECTION('',(0.,2.22044604925E-16,1.));
#3283 = ORIENTED_EDGE('',*,*,#3040,.F.);
#3284 = ORIENTED_EDGE('',*,*,#3261,.F.);
#3285 = PLANE('',#3286);
#3286 = AXIS2_PLACEMENT_3D('',#3287,#3288,#3289);
#3287 = CARTESIAN_POINT('',(0.5,1.5,1.E-01));
#3288 = DIRECTION('',(0.,-1.,2.22044604925E-16));
#3289 = DIRECTION('',(1.,0.,0.));
#3290 = ADVANCED_FACE('',(#3291),#3297,.F.);
#3291 = FACE_BOUND('',#3292,.F.);
#3292 = EDGE_LOOP('',(#3293,#3294,#3295,#3296));
#3293 = ORIENTED_EDGE('',*,*,#2696,.T.);
#3294 = ORIENTED_EDGE('',*,*,#3192,.T.);
#3295 = ORIENTED_EDGE('',*,*,#3048,.F.);
#3296 = ORIENTED_EDGE('',*,*,#3278,.F.);
#3297 = PLANE('',#3298);
#3298 = AXIS2_PLACEMENT_3D('',#3299,#3300,#3301);
#3299 = CARTESIAN_POINT('',(0.7,1.5,1.E-01));
#3300 = DIRECTION('',(-1.,0.,0.));
#3301 = DIRECTION('',(0.,-1.,2.22044604925E-16));
#3302 = ADVANCED_FACE('',(#3303),#3309,.T.);
#3303 = FACE_BOUND('',#3304,.F.);
#3304 = EDGE_LOOP('',(#3305,#3306,#3307,#3308));
#3305 = ORIENTED_EDGE('',*,*,#2680,.F.);
#3306 = ORIENTED_EDGE('',*,*,#2912,.T.);
#3307 = ORIENTED_EDGE('',*,*,#3064,.T.);
#3308 = ORIENTED_EDGE('',*,*,#3199,.F.);
#3309 = PLANE('',#3310);
#3310 = AXIS2_PLACEMENT_3D('',#3311,#3312,#3313);
#3311 = CARTESIAN_POINT('',(0.85,-1.35,0.1));
#3312 = DIRECTION('',(1.,0.,0.));
#3313 = DIRECTION('',(0.,1.,-2.22044604925E-16));
#3314 = ADVANCED_FACE('',(#3315),#3340,.T.);
#3315 = FACE_BOUND('',#3316,.F.);
#3316 = EDGE_LOOP('',(#3317,#3325,#3326,#3334));
#3317 = ORIENTED_EDGE('',*,*,#3318,.T.);
#3318 = EDGE_CURVE('',#3319,#2796,#3321,.T.);
#3319 = VERTEX_POINT('',#3320);
#3320 = CARTESIAN_POINT('',(-0.75,1.,-2.22044604925E-16));
#3321 = LINE('',#3322,#3323);
#3322 = CARTESIAN_POINT('',(-0.75,1.,-2.22044604925E-16));
#3323 = VECTOR('',#3324,1.);
#3324 = DIRECTION('',(0.,2.22044604925E-16,1.));
#3325 = ORIENTED_EDGE('',*,*,#2793,.F.);
#3326 = ORIENTED_EDGE('',*,*,#3327,.T.);
#3327 = EDGE_CURVE('',#2794,#3328,#3330,.T.);
#3328 = VERTEX_POINT('',#3329);
#3329 = CARTESIAN_POINT('',(-0.75,-1.25,2.775557561563E-16));
#3330 = LINE('',#3331,#3332);
#3331 = CARTESIAN_POINT('',(-0.75,-1.25,0.1));
#3332 = VECTOR('',#3333,1.);
#3333 = DIRECTION('',(0.,-2.22044604925E-16,-1.));
#3334 = ORIENTED_EDGE('',*,*,#3335,.T.);
#3335 = EDGE_CURVE('',#3328,#3319,#3336,.T.);
#3336 = LINE('',#3337,#3338);
#3337 = CARTESIAN_POINT('',(-0.75,-1.25,2.775557561563E-16));
#3338 = VECTOR('',#3339,1.);
#3339 = DIRECTION('',(0.,1.,-2.22044604925E-16));
#3340 = PLANE('',#3341);
#3341 = AXIS2_PLACEMENT_3D('',#3342,#3343,#3344);
#3342 = CARTESIAN_POINT('',(-0.75,-1.25,0.1));
#3343 = DIRECTION('',(-1.,0.,0.));
#3344 = DIRECTION('',(0.,1.,-2.22044604925E-16));
#3345 = ADVANCED_FACE('',(#3346),#3364,.T.);
#3346 = FACE_BOUND('',#3347,.F.);
#3347 = EDGE_LOOP('',(#3348,#3349,#3357,#3363));
#3348 = ORIENTED_EDGE('',*,*,#3318,.F.);
#3349 = ORIENTED_EDGE('',*,*,#3350,.T.);
#3350 = EDGE_CURVE('',#3319,#3351,#3353,.T.);
#3351 = VERTEX_POINT('',#3352);
#3352 = CARTESIAN_POINT('',(-0.5,1.25,-2.775557561563E-16));
#3353 = LINE('',#3354,#3355);
#3354 = CARTESIAN_POINT('',(-0.75,1.,-2.22044604925E-16));
#3355 = VECTOR('',#3356,1.);
#3356 = DIRECTION('',(0.707106781187,0.707106781187,-1.570092458684E-16)
  );
#3357 = ORIENTED_EDGE('',*,*,#3358,.T.);
#3358 = EDGE_CURVE('',#3351,#2804,#3359,.T.);
#3359 = LINE('',#3360,#3361);
#3360 = CARTESIAN_POINT('',(-0.5,1.25,-2.775557561563E-16));
#3361 = VECTOR('',#3362,1.);
#3362 = DIRECTION('',(0.,2.22044604925E-16,1.));
#3363 = ORIENTED_EDGE('',*,*,#2803,.T.);
#3364 = PLANE('',#3365);
#3365 = AXIS2_PLACEMENT_3D('',#3366,#3367,#3368);
#3366 = CARTESIAN_POINT('',(-0.625,1.125,5.E-02));
#3367 = DIRECTION('',(-0.707106781187,0.707106781187,-1.570092458684E-16
    ));
#3368 = DIRECTION('',(-0.707106781187,-0.707106781187,1.570092458684E-16
    ));
#3369 = ADVANCED_FACE('',(#3370),#3396,.T.);
#3370 = FACE_BOUND('',#3371,.F.);
#3371 = EDGE_LOOP('',(#3372,#3373,#3374,#3382,#3390));
#3372 = ORIENTED_EDGE('',*,*,#3350,.F.);
#3373 = ORIENTED_EDGE('',*,*,#3335,.F.);
#3374 = ORIENTED_EDGE('',*,*,#3375,.F.);
#3375 = EDGE_CURVE('',#3376,#3328,#3378,.T.);
#3376 = VERTEX_POINT('',#3377);
#3377 = CARTESIAN_POINT('',(0.75,-1.25,2.775557561563E-16));
#3378 = LINE('',#3379,#3380);
#3379 = CARTESIAN_POINT('',(0.75,-1.25,2.775557561563E-16));
#3380 = VECTOR('',#3381,1.);
#3381 = DIRECTION('',(-1.,0.,0.));
#3382 = ORIENTED_EDGE('',*,*,#3383,.F.);
#3383 = EDGE_CURVE('',#3384,#3376,#3386,.T.);
#3384 = VERTEX_POINT('',#3385);
#3385 = CARTESIAN_POINT('',(0.75,1.25,-2.775557561563E-16));
#3386 = LINE('',#3387,#3388);
#3387 = CARTESIAN_POINT('',(0.75,1.25,-2.775557561563E-16));
#3388 = VECTOR('',#3389,1.);
#3389 = DIRECTION('',(0.,-1.,2.22044604925E-16));
#3390 = ORIENTED_EDGE('',*,*,#3391,.F.);
#3391 = EDGE_CURVE('',#3351,#3384,#3392,.T.);
#3392 = LINE('',#3393,#3394);
#3393 = CARTESIAN_POINT('',(-0.5,1.25,-2.775557561563E-16));
#3394 = VECTOR('',#3395,1.);
#3395 = DIRECTION('',(1.,0.,0.));
#3396 = PLANE('',#3397);
#3397 = AXIS2_PLACEMENT_3D('',#3398,#3399,#3400);
#3398 = CARTESIAN_POINT('',(0.,0.,0.));
#3399 = DIRECTION('',(0.,-2.22044604925E-16,-1.));
#3400 = DIRECTION('',(-1.,0.,0.));
#3401 = ADVANCED_FACE('',(#3402),#3413,.T.);
#3402 = FACE_BOUND('',#3403,.F.);
#3403 = EDGE_LOOP('',(#3404,#3405,#3411,#3412));
#3404 = ORIENTED_EDGE('',*,*,#2827,.F.);
#3405 = ORIENTED_EDGE('',*,*,#3406,.T.);
#3406 = EDGE_CURVE('',#2820,#3376,#3407,.T.);
#3407 = LINE('',#3408,#3409);
#3408 = CARTESIAN_POINT('',(0.75,-1.25,0.1));
#3409 = VECTOR('',#3410,1.);
#3410 = DIRECTION('',(0.,-2.22044604925E-16,-1.));
#3411 = ORIENTED_EDGE('',*,*,#3375,.T.);
#3412 = ORIENTED_EDGE('',*,*,#3327,.F.);
#3413 = PLANE('',#3414);
#3414 = AXIS2_PLACEMENT_3D('',#3415,#3416,#3417);
#3415 = CARTESIAN_POINT('',(0.75,-1.25,0.1));
#3416 = DIRECTION('',(0.,-1.,2.22044604925E-16));
#3417 = DIRECTION('',(-1.,0.,0.));
#3418 = ADVANCED_FACE('',(#3419),#3430,.T.);
#3419 = FACE_BOUND('',#3420,.F.);
#3420 = EDGE_LOOP('',(#3421,#3422,#3428,#3429));
#3421 = ORIENTED_EDGE('',*,*,#2819,.F.);
#3422 = ORIENTED_EDGE('',*,*,#3423,.T.);
#3423 = EDGE_CURVE('',#2812,#3384,#3424,.T.);
#3424 = LINE('',#3425,#3426);
#3425 = CARTESIAN_POINT('',(0.75,1.25,1.E-01));
#3426 = VECTOR('',#3427,1.);
#3427 = DIRECTION('',(0.,-2.22044604925E-16,-1.));
#3428 = ORIENTED_EDGE('',*,*,#3383,.T.);
#3429 = ORIENTED_EDGE('',*,*,#3406,.F.);
#3430 = PLANE('',#3431);
#3431 = AXIS2_PLACEMENT_3D('',#3432,#3433,#3434);
#3432 = CARTESIAN_POINT('',(0.75,1.25,1.E-01));
#3433 = DIRECTION('',(1.,0.,0.));
#3434 = DIRECTION('',(0.,-1.,2.22044604925E-16));
#3435 = ADVANCED_FACE('',(#3436),#3442,.T.);
#3436 = FACE_BOUND('',#3437,.F.);
#3437 = EDGE_LOOP('',(#3438,#3439,#3440,#3441));
#3438 = ORIENTED_EDGE('',*,*,#3358,.F.);
#3439 = ORIENTED_EDGE('',*,*,#3391,.T.);
#3440 = ORIENTED_EDGE('',*,*,#3423,.F.);
#3441 = ORIENTED_EDGE('',*,*,#2811,.F.);
#3442 = PLANE('',#3443);
#3443 = AXIS2_PLACEMENT_3D('',#3444,#3445,#3446);
#3444 = CARTESIAN_POINT('',(-0.75,1.25,1.E-01));
#3445 = DIRECTION('',(0.,1.,-2.22044604925E-16));
#3446 = DIRECTION('',(1.,0.,0.));
#3447 = MANIFOLD_SOLID_BREP('',#3448);
#3448 = CLOSED_SHELL('',(#3449,#3490,#3521,#3545,#3569,#3587));
#3449 = ADVANCED_FACE('',(#3450),#3485,.F.);
#3450 = FACE_BOUND('',#3451,.F.);
#3451 = EDGE_LOOP('',(#3452,#3462,#3471,#3479));
#3452 = ORIENTED_EDGE('',*,*,#3453,.T.);
#3453 = EDGE_CURVE('',#3454,#3456,#3458,.T.);
#3454 = VERTEX_POINT('',#3455);
#3455 = CARTESIAN_POINT('',(1.5,-1.125,2.498001805407E-16));
#3456 = VERTEX_POINT('',#3457);
#3457 = CARTESIAN_POINT('',(1.225,-1.125,2.498001805407E-16));
#3458 = LINE('',#3459,#3460);
#3459 = CARTESIAN_POINT('',(1.5,-1.125,2.498001805407E-16));
#3460 = VECTOR('',#3461,1.);
#3461 = DIRECTION('',(-1.,0.,0.));
#3462 = ORIENTED_EDGE('',*,*,#3463,.T.);
#3463 = EDGE_CURVE('',#3456,#3464,#3466,.T.);
#3464 = VERTEX_POINT('',#3465);
#3465 = CARTESIAN_POINT('',(1.225,-1.375,3.053113317719E-16));
#3466 = CIRCLE('',#3467,0.125);
#3467 = AXIS2_PLACEMENT_3D('',#3468,#3469,#3470);
#3468 = CARTESIAN_POINT('',(1.225,-1.25,2.775557561563E-16));
#3469 = DIRECTION('',(0.,2.22044604925E-16,1.));
#3470 = DIRECTION('',(0.,1.,-2.22044604925E-16));
#3471 = ORIENTED_EDGE('',*,*,#3472,.T.);
#3472 = EDGE_CURVE('',#3464,#3473,#3475,.T.);
#3473 = VERTEX_POINT('',#3474);
#3474 = CARTESIAN_POINT('',(1.5,-1.375,3.053113317719E-16));
#3475 = LINE('',#3476,#3477);
#3476 = CARTESIAN_POINT('',(1.225,-1.375,3.053113317719E-16));
#3477 = VECTOR('',#3478,1.);
#3478 = DIRECTION('',(1.,0.,0.));
#3479 = ORIENTED_EDGE('',*,*,#3480,.T.);
#3480 = EDGE_CURVE('',#3473,#3454,#3481,.T.);
#3481 = LINE('',#3482,#3483);
#3482 = CARTESIAN_POINT('',(1.5,-1.375,3.053113317719E-16));
#3483 = VECTOR('',#3484,1.);
#3484 = DIRECTION('',(0.,1.,-2.22044604925E-16));
#3485 = PLANE('',#3486);
#3486 = AXIS2_PLACEMENT_3D('',#3487,#3488,#3489);
#3487 = CARTESIAN_POINT('',(0.,0.,0.));
#3488 = DIRECTION('',(0.,2.22044604925E-16,1.));
#3489 = DIRECTION('',(1.,0.,0.));
#3490 = ADVANCED_FACE('',(#3491),#3516,.T.);
#3491 = FACE_BOUND('',#3492,.F.);
#3492 = EDGE_LOOP('',(#3493,#3494,#3502,#3510));
#3493 = ORIENTED_EDGE('',*,*,#3453,.F.);
#3494 = ORIENTED_EDGE('',*,*,#3495,.T.);
#3495 = EDGE_CURVE('',#3454,#3496,#3498,.T.);
#3496 = VERTEX_POINT('',#3497);
#3497 = CARTESIAN_POINT('',(1.5,-1.125,0.1));
#3498 = LINE('',#3499,#3500);
#3499 = CARTESIAN_POINT('',(1.5,-1.125,2.498001805407E-16));
#3500 = VECTOR('',#3501,1.);
#3501 = DIRECTION('',(0.,2.22044604925E-16,1.));
#3502 = ORIENTED_EDGE('',*,*,#3503,.T.);
#3503 = EDGE_CURVE('',#3496,#3504,#3506,.T.);
#3504 = VERTEX_POINT('',#3505);
#3505 = CARTESIAN_POINT('',(1.225,-1.125,0.1));
#3506 = LINE('',#3507,#3508);
#3507 = CARTESIAN_POINT('',(1.5,-1.125,0.1));
#3508 = VECTOR('',#3509,1.);
#3509 = DIRECTION('',(-1.,0.,0.));
#3510 = ORIENTED_EDGE('',*,*,#3511,.F.);
#3511 = EDGE_CURVE('',#3456,#3504,#3512,.T.);
#3512 = LINE('',#3513,#3514);
#3513 = CARTESIAN_POINT('',(1.225,-1.125,2.498001805407E-16));
#3514 = VECTOR('',#3515,1.);
#3515 = DIRECTION('',(0.,2.22044604925E-16,1.));
#3516 = PLANE('',#3517);
#3517 = AXIS2_PLACEMENT_3D('',#3518,#3519,#3520);
#3518 = CARTESIAN_POINT('',(1.5,-1.125,2.498001805407E-16));
#3519 = DIRECTION('',(0.,1.,-2.22044604925E-16));
#3520 = DIRECTION('',(-1.,0.,0.));
#3521 = ADVANCED_FACE('',(#3522),#3540,.T.);
#3522 = FACE_BOUND('',#3523,.F.);
#3523 = EDGE_LOOP('',(#3524,#3525,#3533,#3539));
#3524 = ORIENTED_EDGE('',*,*,#3480,.F.);
#3525 = ORIENTED_EDGE('',*,*,#3526,.T.);
#3526 = EDGE_CURVE('',#3473,#3527,#3529,.T.);
#3527 = VERTEX_POINT('',#3528);
#3528 = CARTESIAN_POINT('',(1.5,-1.375,0.1));
#3529 = LINE('',#3530,#3531);
#3530 = CARTESIAN_POINT('',(1.5,-1.375,3.053113317719E-16));
#3531 = VECTOR('',#3532,1.);
#3532 = DIRECTION('',(0.,2.22044604925E-16,1.));
#3533 = ORIENTED_EDGE('',*,*,#3534,.T.);
#3534 = EDGE_CURVE('',#3527,#3496,#3535,.T.);
#3535 = LINE('',#3536,#3537);
#3536 = CARTESIAN_POINT('',(1.5,-1.375,0.1));
#3537 = VECTOR('',#3538,1.);
#3538 = DIRECTION('',(0.,1.,-2.22044604925E-16));
#3539 = ORIENTED_EDGE('',*,*,#3495,.F.);
#3540 = PLANE('',#3541);
#3541 = AXIS2_PLACEMENT_3D('',#3542,#3543,#3544);
#3542 = CARTESIAN_POINT('',(1.5,-1.375,3.053113317719E-16));
#3543 = DIRECTION('',(1.,0.,0.));
#3544 = DIRECTION('',(0.,1.,-2.22044604925E-16));
#3545 = ADVANCED_FACE('',(#3546),#3564,.T.);
#3546 = FACE_BOUND('',#3547,.F.);
#3547 = EDGE_LOOP('',(#3548,#3549,#3557,#3563));
#3548 = ORIENTED_EDGE('',*,*,#3472,.F.);
#3549 = ORIENTED_EDGE('',*,*,#3550,.T.);
#3550 = EDGE_CURVE('',#3464,#3551,#3553,.T.);
#3551 = VERTEX_POINT('',#3552);
#3552 = CARTESIAN_POINT('',(1.225,-1.375,0.1));
#3553 = LINE('',#3554,#3555);
#3554 = CARTESIAN_POINT('',(1.225,-1.375,3.053113317719E-16));
#3555 = VECTOR('',#3556,1.);
#3556 = DIRECTION('',(0.,2.22044604925E-16,1.));
#3557 = ORIENTED_EDGE('',*,*,#3558,.T.);
#3558 = EDGE_CURVE('',#3551,#3527,#3559,.T.);
#3559 = LINE('',#3560,#3561);
#3560 = CARTESIAN_POINT('',(1.225,-1.375,0.1));
#3561 = VECTOR('',#3562,1.);
#3562 = DIRECTION('',(1.,0.,0.));
#3563 = ORIENTED_EDGE('',*,*,#3526,.F.);
#3564 = PLANE('',#3565);
#3565 = AXIS2_PLACEMENT_3D('',#3566,#3567,#3568);
#3566 = CARTESIAN_POINT('',(1.225,-1.375,3.053113317719E-16));
#3567 = DIRECTION('',(0.,-1.,2.22044604925E-16));
#3568 = DIRECTION('',(1.,0.,0.));
#3569 = ADVANCED_FACE('',(#3570),#3582,.T.);
#3570 = FACE_BOUND('',#3571,.T.);
#3571 = EDGE_LOOP('',(#3572,#3573,#3580,#3581));
#3572 = ORIENTED_EDGE('',*,*,#3550,.T.);
#3573 = ORIENTED_EDGE('',*,*,#3574,.F.);
#3574 = EDGE_CURVE('',#3504,#3551,#3575,.T.);
#3575 = CIRCLE('',#3576,0.125);
#3576 = AXIS2_PLACEMENT_3D('',#3577,#3578,#3579);
#3577 = CARTESIAN_POINT('',(1.225,-1.25,0.1));
#3578 = DIRECTION('',(0.,2.22044604925E-16,1.));
#3579 = DIRECTION('',(0.,1.,-2.22044604925E-16));
#3580 = ORIENTED_EDGE('',*,*,#3511,.F.);
#3581 = ORIENTED_EDGE('',*,*,#3463,.T.);
#3582 = CYLINDRICAL_SURFACE('',#3583,0.125);
#3583 = AXIS2_PLACEMENT_3D('',#3584,#3585,#3586);
#3584 = CARTESIAN_POINT('',(1.225,-1.25,2.775557561563E-16));
#3585 = DIRECTION('',(0.,2.22044604925E-16,1.));
#3586 = DIRECTION('',(1.,0.,0.));
#3587 = ADVANCED_FACE('',(#3588),#3594,.T.);
#3588 = FACE_BOUND('',#3589,.F.);
#3589 = EDGE_LOOP('',(#3590,#3591,#3592,#3593));
#3590 = ORIENTED_EDGE('',*,*,#3503,.F.);
#3591 = ORIENTED_EDGE('',*,*,#3534,.F.);
#3592 = ORIENTED_EDGE('',*,*,#3558,.F.);
#3593 = ORIENTED_EDGE('',*,*,#3574,.F.);
#3594 = PLANE('',#3595);
#3595 = AXIS2_PLACEMENT_3D('',#3596,#3597,#3598);
#3596 = CARTESIAN_POINT('',(0.,2.22044604925E-17,0.1));
#3597 = DIRECTION('',(0.,2.22044604925E-16,1.));
#3598 = DIRECTION('',(1.,0.,0.));
#3599 = MANIFOLD_SOLID_BREP('',#3600);
#3600 = CLOSED_SHELL('',(#3601,#3642,#3673,#3697,#3721,#3739));
#3601 = ADVANCED_FACE('',(#3602),#3637,.F.);
#3602 = FACE_BOUND('',#3603,.F.);
#3603 = EDGE_LOOP('',(#3604,#3614,#3623,#3631));
#3604 = ORIENTED_EDGE('',*,*,#3605,.T.);
#3605 = EDGE_CURVE('',#3606,#3608,#3610,.T.);
#3606 = VERTEX_POINT('',#3607);
#3607 = CARTESIAN_POINT('',(1.5,-0.625,1.387778780781E-16));
#3608 = VERTEX_POINT('',#3609);
#3609 = CARTESIAN_POINT('',(1.225,-0.625,1.387778780781E-16));
#3610 = LINE('',#3611,#3612);
#3611 = CARTESIAN_POINT('',(1.5,-0.625,1.387778780781E-16));
#3612 = VECTOR('',#3613,1.);
#3613 = DIRECTION('',(-1.,0.,0.));
#3614 = ORIENTED_EDGE('',*,*,#3615,.T.);
#3615 = EDGE_CURVE('',#3608,#3616,#3618,.T.);
#3616 = VERTEX_POINT('',#3617);
#3617 = CARTESIAN_POINT('',(1.225,-0.875,1.942890293094E-16));
#3618 = CIRCLE('',#3619,0.125);
#3619 = AXIS2_PLACEMENT_3D('',#3620,#3621,#3622);
#3620 = CARTESIAN_POINT('',(1.225,-0.75,1.665334536938E-16));
#3621 = DIRECTION('',(0.,2.22044604925E-16,1.));
#3622 = DIRECTION('',(0.,1.,-2.22044604925E-16));
#3623 = ORIENTED_EDGE('',*,*,#3624,.T.);
#3624 = EDGE_CURVE('',#3616,#3625,#3627,.T.);
#3625 = VERTEX_POINT('',#3626);
#3626 = CARTESIAN_POINT('',(1.5,-0.875,1.942890293094E-16));
#3627 = LINE('',#3628,#3629);
#3628 = CARTESIAN_POINT('',(1.225,-0.875,1.942890293094E-16));
#3629 = VECTOR('',#3630,1.);
#3630 = DIRECTION('',(1.,0.,0.));
#3631 = ORIENTED_EDGE('',*,*,#3632,.T.);
#3632 = EDGE_CURVE('',#3625,#3606,#3633,.T.);
#3633 = LINE('',#3634,#3635);
#3634 = CARTESIAN_POINT('',(1.5,-0.875,1.942890293094E-16));
#3635 = VECTOR('',#3636,1.);
#3636 = DIRECTION('',(0.,1.,-2.22044604925E-16));
#3637 = PLANE('',#3638);
#3638 = AXIS2_PLACEMENT_3D('',#3639,#3640,#3641);
#3639 = CARTESIAN_POINT('',(0.,0.,0.));
#3640 = DIRECTION('',(0.,2.22044604925E-16,1.));
#3641 = DIRECTION('',(1.,0.,0.));
#3642 = ADVANCED_FACE('',(#3643),#3668,.T.);
#3643 = FACE_BOUND('',#3644,.F.);
#3644 = EDGE_LOOP('',(#3645,#3646,#3654,#3662));
#3645 = ORIENTED_EDGE('',*,*,#3605,.F.);
#3646 = ORIENTED_EDGE('',*,*,#3647,.T.);
#3647 = EDGE_CURVE('',#3606,#3648,#3650,.T.);
#3648 = VERTEX_POINT('',#3649);
#3649 = CARTESIAN_POINT('',(1.5,-0.625,0.1));
#3650 = LINE('',#3651,#3652);
#3651 = CARTESIAN_POINT('',(1.5,-0.625,1.387778780781E-16));
#3652 = VECTOR('',#3653,1.);
#3653 = DIRECTION('',(0.,2.22044604925E-16,1.));
#3654 = ORIENTED_EDGE('',*,*,#3655,.T.);
#3655 = EDGE_CURVE('',#3648,#3656,#3658,.T.);
#3656 = VERTEX_POINT('',#3657);
#3657 = CARTESIAN_POINT('',(1.225,-0.625,0.1));
#3658 = LINE('',#3659,#3660);
#3659 = CARTESIAN_POINT('',(1.5,-0.625,0.1));
#3660 = VECTOR('',#3661,1.);
#3661 = DIRECTION('',(-1.,0.,0.));
#3662 = ORIENTED_EDGE('',*,*,#3663,.F.);
#3663 = EDGE_CURVE('',#3608,#3656,#3664,.T.);
#3664 = LINE('',#3665,#3666);
#3665 = CARTESIAN_POINT('',(1.225,-0.625,1.387778780781E-16));
#3666 = VECTOR('',#3667,1.);
#3667 = DIRECTION('',(0.,2.22044604925E-16,1.));
#3668 = PLANE('',#3669);
#3669 = AXIS2_PLACEMENT_3D('',#3670,#3671,#3672);
#3670 = CARTESIAN_POINT('',(1.5,-0.625,1.387778780781E-16));
#3671 = DIRECTION('',(0.,1.,-2.22044604925E-16));
#3672 = DIRECTION('',(-1.,0.,0.));
#3673 = ADVANCED_FACE('',(#3674),#3692,.T.);
#3674 = FACE_BOUND('',#3675,.F.);
#3675 = EDGE_LOOP('',(#3676,#3677,#3685,#3691));
#3676 = ORIENTED_EDGE('',*,*,#3632,.F.);
#3677 = ORIENTED_EDGE('',*,*,#3678,.T.);
#3678 = EDGE_CURVE('',#3625,#3679,#3681,.T.);
#3679 = VERTEX_POINT('',#3680);
#3680 = CARTESIAN_POINT('',(1.5,-0.875,0.1));
#3681 = LINE('',#3682,#3683);
#3682 = CARTESIAN_POINT('',(1.5,-0.875,1.942890293094E-16));
#3683 = VECTOR('',#3684,1.);
#3684 = DIRECTION('',(0.,2.22044604925E-16,1.));
#3685 = ORIENTED_EDGE('',*,*,#3686,.T.);
#3686 = EDGE_CURVE('',#3679,#3648,#3687,.T.);
#3687 = LINE('',#3688,#3689);
#3688 = CARTESIAN_POINT('',(1.5,-0.875,0.1));
#3689 = VECTOR('',#3690,1.);
#3690 = DIRECTION('',(0.,1.,-2.22044604925E-16));
#3691 = ORIENTED_EDGE('',*,*,#3647,.F.);
#3692 = PLANE('',#3693);
#3693 = AXIS2_PLACEMENT_3D('',#3694,#3695,#3696);
#3694 = CARTESIAN_POINT('',(1.5,-0.875,1.942890293094E-16));
#3695 = DIRECTION('',(1.,0.,0.));
#3696 = DIRECTION('',(0.,1.,-2.22044604925E-16));
#3697 = ADVANCED_FACE('',(#3698),#3716,.T.);
#3698 = FACE_BOUND('',#3699,.F.);
#3699 = EDGE_LOOP('',(#3700,#3701,#3709,#3715));
#3700 = ORIENTED_EDGE('',*,*,#3624,.F.);
#3701 = ORIENTED_EDGE('',*,*,#3702,.T.);
#3702 = EDGE_CURVE('',#3616,#3703,#3705,.T.);
#3703 = VERTEX_POINT('',#3704);
#3704 = CARTESIAN_POINT('',(1.225,-0.875,0.1));
#3705 = LINE('',#3706,#3707);
#3706 = CARTESIAN_POINT('',(1.225,-0.875,1.942890293094E-16));
#3707 = VECTOR('',#3708,1.);
#3708 = DIRECTION('',(0.,2.22044604925E-16,1.));
#3709 = ORIENTED_EDGE('',*,*,#3710,.T.);
#3710 = EDGE_CURVE('',#3703,#3679,#3711,.T.);
#3711 = LINE('',#3712,#3713);
#3712 = CARTESIAN_POINT('',(1.225,-0.875,0.1));
#3713 = VECTOR('',#3714,1.);
#3714 = DIRECTION('',(1.,0.,0.));
#3715 = ORIENTED_EDGE('',*,*,#3678,.F.);
#3716 = PLANE('',#3717);
#3717 = AXIS2_PLACEMENT_3D('',#3718,#3719,#3720);
#3718 = CARTESIAN_POINT('',(1.225,-0.875,1.942890293094E-16));
#3719 = DIRECTION('',(0.,-1.,2.22044604925E-16));
#3720 = DIRECTION('',(1.,0.,0.));
#3721 = ADVANCED_FACE('',(#3722),#3734,.T.);
#3722 = FACE_BOUND('',#3723,.T.);
#3723 = EDGE_LOOP('',(#3724,#3725,#3732,#3733));
#3724 = ORIENTED_EDGE('',*,*,#3702,.T.);
#3725 = ORIENTED_EDGE('',*,*,#3726,.F.);
#3726 = EDGE_CURVE('',#3656,#3703,#3727,.T.);
#3727 = CIRCLE('',#3728,0.125);
#3728 = AXIS2_PLACEMENT_3D('',#3729,#3730,#3731);
#3729 = CARTESIAN_POINT('',(1.225,-0.75,0.1));
#3730 = DIRECTION('',(0.,2.22044604925E-16,1.));
#3731 = DIRECTION('',(0.,1.,-2.22044604925E-16));
#3732 = ORIENTED_EDGE('',*,*,#3663,.F.);
#3733 = ORIENTED_EDGE('',*,*,#3615,.T.);
#3734 = CYLINDRICAL_SURFACE('',#3735,0.125);
#3735 = AXIS2_PLACEMENT_3D('',#3736,#3737,#3738);
#3736 = CARTESIAN_POINT('',(1.225,-0.75,1.665334536938E-16));
#3737 = DIRECTION('',(0.,2.22044604925E-16,1.));
#3738 = DIRECTION('',(1.,0.,0.));
#3739 = ADVANCED_FACE('',(#3740),#3746,.T.);
#3740 = FACE_BOUND('',#3741,.F.);
#3741 = EDGE_LOOP('',(#3742,#3743,#3744,#3745));
#3742 = ORIENTED_EDGE('',*,*,#3655,.F.);
#3743 = ORIENTED_EDGE('',*,*,#3686,.F.);
#3744 = ORIENTED_EDGE('',*,*,#3710,.F.);
#3745 = ORIENTED_EDGE('',*,*,#3726,.F.);
#3746 = PLANE('',#3747);
#3747 = AXIS2_PLACEMENT_3D('',#3748,#3749,#3750);
#3748 = CARTESIAN_POINT('',(0.,2.22044604925E-17,0.1));
#3749 = DIRECTION('',(0.,2.22044604925E-16,1.));
#3750 = DIRECTION('',(1.,0.,0.));
#3751 = MANIFOLD_SOLID_BREP('',#3752);
#3752 = CLOSED_SHELL('',(#3753,#3794,#3825,#3849,#3873,#3891));
#3753 = ADVANCED_FACE('',(#3754),#3789,.F.);
#3754 = FACE_BOUND('',#3755,.F.);
#3755 = EDGE_LOOP('',(#3756,#3766,#3775,#3783));
#3756 = ORIENTED_EDGE('',*,*,#3757,.T.);
#3757 = EDGE_CURVE('',#3758,#3760,#3762,.T.);
#3758 = VERTEX_POINT('',#3759);
#3759 = CARTESIAN_POINT('',(1.5,-0.125,2.775557561563E-17));
#3760 = VERTEX_POINT('',#3761);
#3761 = CARTESIAN_POINT('',(1.225,-0.125,2.775557561563E-17));
#3762 = LINE('',#3763,#3764);
#3763 = CARTESIAN_POINT('',(1.5,-0.125,2.775557561563E-17));
#3764 = VECTOR('',#3765,1.);
#3765 = DIRECTION('',(-1.,0.,0.));
#3766 = ORIENTED_EDGE('',*,*,#3767,.T.);
#3767 = EDGE_CURVE('',#3760,#3768,#3770,.T.);
#3768 = VERTEX_POINT('',#3769);
#3769 = CARTESIAN_POINT('',(1.225,-0.375,8.326672684689E-17));
#3770 = CIRCLE('',#3771,0.125);
#3771 = AXIS2_PLACEMENT_3D('',#3772,#3773,#3774);
#3772 = CARTESIAN_POINT('',(1.225,-0.25,5.551115123126E-17));
#3773 = DIRECTION('',(0.,2.22044604925E-16,1.));
#3774 = DIRECTION('',(0.,1.,-2.22044604925E-16));
#3775 = ORIENTED_EDGE('',*,*,#3776,.T.);
#3776 = EDGE_CURVE('',#3768,#3777,#3779,.T.);
#3777 = VERTEX_POINT('',#3778);
#3778 = CARTESIAN_POINT('',(1.5,-0.375,8.326672684689E-17));
#3779 = LINE('',#3780,#3781);
#3780 = CARTESIAN_POINT('',(1.225,-0.375,8.326672684689E-17));
#3781 = VECTOR('',#3782,1.);
#3782 = DIRECTION('',(1.,0.,0.));
#3783 = ORIENTED_EDGE('',*,*,#3784,.T.);
#3784 = EDGE_CURVE('',#3777,#3758,#3785,.T.);
#3785 = LINE('',#3786,#3787);
#3786 = CARTESIAN_POINT('',(1.5,-0.375,8.326672684689E-17));
#3787 = VECTOR('',#3788,1.);
#3788 = DIRECTION('',(0.,1.,-2.22044604925E-16));
#3789 = PLANE('',#3790);
#3790 = AXIS2_PLACEMENT_3D('',#3791,#3792,#3793);
#3791 = CARTESIAN_POINT('',(0.,0.,0.));
#3792 = DIRECTION('',(0.,2.22044604925E-16,1.));
#3793 = DIRECTION('',(1.,0.,0.));
#3794 = ADVANCED_FACE('',(#3795),#3820,.T.);
#3795 = FACE_BOUND('',#3796,.F.);
#3796 = EDGE_LOOP('',(#3797,#3798,#3806,#3814));
#3797 = ORIENTED_EDGE('',*,*,#3757,.F.);
#3798 = ORIENTED_EDGE('',*,*,#3799,.T.);
#3799 = EDGE_CURVE('',#3758,#3800,#3802,.T.);
#3800 = VERTEX_POINT('',#3801);
#3801 = CARTESIAN_POINT('',(1.5,-0.125,0.1));
#3802 = LINE('',#3803,#3804);
#3803 = CARTESIAN_POINT('',(1.5,-0.125,2.775557561563E-17));
#3804 = VECTOR('',#3805,1.);
#3805 = DIRECTION('',(0.,2.22044604925E-16,1.));
#3806 = ORIENTED_EDGE('',*,*,#3807,.T.);
#3807 = EDGE_CURVE('',#3800,#3808,#3810,.T.);
#3808 = VERTEX_POINT('',#3809);
#3809 = CARTESIAN_POINT('',(1.225,-0.125,0.1));
#3810 = LINE('',#3811,#3812);
#3811 = CARTESIAN_POINT('',(1.5,-0.125,0.1));
#3812 = VECTOR('',#3813,1.);
#3813 = DIRECTION('',(-1.,0.,0.));
#3814 = ORIENTED_EDGE('',*,*,#3815,.F.);
#3815 = EDGE_CURVE('',#3760,#3808,#3816,.T.);
#3816 = LINE('',#3817,#3818);
#3817 = CARTESIAN_POINT('',(1.225,-0.125,2.775557561563E-17));
#3818 = VECTOR('',#3819,1.);
#3819 = DIRECTION('',(0.,2.22044604925E-16,1.));
#3820 = PLANE('',#3821);
#3821 = AXIS2_PLACEMENT_3D('',#3822,#3823,#3824);
#3822 = CARTESIAN_POINT('',(1.5,-0.125,2.775557561563E-17));
#3823 = DIRECTION('',(0.,1.,-2.22044604925E-16));
#3824 = DIRECTION('',(-1.,0.,0.));
#3825 = ADVANCED_FACE('',(#3826),#3844,.T.);
#3826 = FACE_BOUND('',#3827,.F.);
#3827 = EDGE_LOOP('',(#3828,#3829,#3837,#3843));
#3828 = ORIENTED_EDGE('',*,*,#3784,.F.);
#3829 = ORIENTED_EDGE('',*,*,#3830,.T.);
#3830 = EDGE_CURVE('',#3777,#3831,#3833,.T.);
#3831 = VERTEX_POINT('',#3832);
#3832 = CARTESIAN_POINT('',(1.5,-0.375,0.1));
#3833 = LINE('',#3834,#3835);
#3834 = CARTESIAN_POINT('',(1.5,-0.375,8.326672684689E-17));
#3835 = VECTOR('',#3836,1.);
#3836 = DIRECTION('',(0.,2.22044604925E-16,1.));
#3837 = ORIENTED_EDGE('',*,*,#3838,.T.);
#3838 = EDGE_CURVE('',#3831,#3800,#3839,.T.);
#3839 = LINE('',#3840,#3841);
#3840 = CARTESIAN_POINT('',(1.5,-0.375,0.1));
#3841 = VECTOR('',#3842,1.);
#3842 = DIRECTION('',(0.,1.,-2.22044604925E-16));
#3843 = ORIENTED_EDGE('',*,*,#3799,.F.);
#3844 = PLANE('',#3845);
#3845 = AXIS2_PLACEMENT_3D('',#3846,#3847,#3848);
#3846 = CARTESIAN_POINT('',(1.5,-0.375,8.326672684689E-17));
#3847 = DIRECTION('',(1.,0.,0.));
#3848 = DIRECTION('',(0.,1.,-2.22044604925E-16));
#3849 = ADVANCED_FACE('',(#3850),#3868,.T.);
#3850 = FACE_BOUND('',#3851,.F.);
#3851 = EDGE_LOOP('',(#3852,#3853,#3861,#3867));
#3852 = ORIENTED_EDGE('',*,*,#3776,.F.);
#3853 = ORIENTED_EDGE('',*,*,#3854,.T.);
#3854 = EDGE_CURVE('',#3768,#3855,#3857,.T.);
#3855 = VERTEX_POINT('',#3856);
#3856 = CARTESIAN_POINT('',(1.225,-0.375,0.1));
#3857 = LINE('',#3858,#3859);
#3858 = CARTESIAN_POINT('',(1.225,-0.375,8.326672684689E-17));
#3859 = VECTOR('',#3860,1.);
#3860 = DIRECTION('',(0.,2.22044604925E-16,1.));
#3861 = ORIENTED_EDGE('',*,*,#3862,.T.);
#3862 = EDGE_CURVE('',#3855,#3831,#3863,.T.);
#3863 = LINE('',#3864,#3865);
#3864 = CARTESIAN_POINT('',(1.225,-0.375,0.1));
#3865 = VECTOR('',#3866,1.);
#3866 = DIRECTION('',(1.,0.,0.));
#3867 = ORIENTED_EDGE('',*,*,#3830,.F.);
#3868 = PLANE('',#3869);
#3869 = AXIS2_PLACEMENT_3D('',#3870,#3871,#3872);
#3870 = CARTESIAN_POINT('',(1.225,-0.375,8.326672684689E-17));
#3871 = DIRECTION('',(0.,-1.,2.22044604925E-16));
#3872 = DIRECTION('',(1.,0.,0.));
#3873 = ADVANCED_FACE('',(#3874),#3886,.T.);
#3874 = FACE_BOUND('',#3875,.T.);
#3875 = EDGE_LOOP('',(#3876,#3877,#3884,#3885));
#3876 = ORIENTED_EDGE('',*,*,#3854,.T.);
#3877 = ORIENTED_EDGE('',*,*,#3878,.F.);
#3878 = EDGE_CURVE('',#3808,#3855,#3879,.T.);
#3879 = CIRCLE('',#3880,0.125);
#3880 = AXIS2_PLACEMENT_3D('',#3881,#3882,#3883);
#3881 = CARTESIAN_POINT('',(1.225,-0.25,0.1));
#3882 = DIRECTION('',(0.,2.22044604925E-16,1.));
#3883 = DIRECTION('',(0.,1.,-2.22044604925E-16));
#3884 = ORIENTED_EDGE('',*,*,#3815,.F.);
#3885 = ORIENTED_EDGE('',*,*,#3767,.T.);
#3886 = CYLINDRICAL_SURFACE('',#3887,0.125);
#3887 = AXIS2_PLACEMENT_3D('',#3888,#3889,#3890);
#3888 = CARTESIAN_POINT('',(1.225,-0.25,5.551115123126E-17));
#3889 = DIRECTION('',(0.,2.22044604925E-16,1.));
#3890 = DIRECTION('',(1.,0.,0.));
#3891 = ADVANCED_FACE('',(#3892),#3898,.T.);
#3892 = FACE_BOUND('',#3893,.F.);
#3893 = EDGE_LOOP('',(#3894,#3895,#3896,#3897));
#3894 = ORIENTED_EDGE('',*,*,#3807,.F.);
#3895 = ORIENTED_EDGE('',*,*,#3838,.F.);
#3896 = ORIENTED_EDGE('',*,*,#3862,.F.);
#3897 = ORIENTED_EDGE('',*,*,#3878,.F.);
#3898 = PLANE('',#3899);
#3899 = AXIS2_PLACEMENT_3D('',#3900,#3901,#3902);
#3900 = CARTESIAN_POINT('',(0.,2.22044604925E-17,0.1));
#3901 = DIRECTION('',(0.,2.22044604925E-16,1.));
#3902 = DIRECTION('',(1.,0.,0.));
#3903 = MANIFOLD_SOLID_BREP('',#3904);
#3904 = CLOSED_SHELL('',(#3905,#3946,#3977,#4001,#4025,#4043));
#3905 = ADVANCED_FACE('',(#3906),#3941,.F.);
#3906 = FACE_BOUND('',#3907,.F.);
#3907 = EDGE_LOOP('',(#3908,#3918,#3927,#3935));
#3908 = ORIENTED_EDGE('',*,*,#3909,.T.);
#3909 = EDGE_CURVE('',#3910,#3912,#3914,.T.);
#3910 = VERTEX_POINT('',#3911);
#3911 = CARTESIAN_POINT('',(1.5,0.375,-8.326672684689E-17));
#3912 = VERTEX_POINT('',#3913);
#3913 = CARTESIAN_POINT('',(1.225,0.375,-8.326672684689E-17));
#3914 = LINE('',#3915,#3916);
#3915 = CARTESIAN_POINT('',(1.5,0.375,-8.326672684689E-17));
#3916 = VECTOR('',#3917,1.);
#3917 = DIRECTION('',(-1.,0.,0.));
#3918 = ORIENTED_EDGE('',*,*,#3919,.T.);
#3919 = EDGE_CURVE('',#3912,#3920,#3922,.T.);
#3920 = VERTEX_POINT('',#3921);
#3921 = CARTESIAN_POINT('',(1.225,0.125,-2.775557561563E-17));
#3922 = CIRCLE('',#3923,0.125);
#3923 = AXIS2_PLACEMENT_3D('',#3924,#3925,#3926);
#3924 = CARTESIAN_POINT('',(1.225,0.25,-5.551115123126E-17));
#3925 = DIRECTION('',(0.,2.22044604925E-16,1.));
#3926 = DIRECTION('',(0.,1.,-2.22044604925E-16));
#3927 = ORIENTED_EDGE('',*,*,#3928,.T.);
#3928 = EDGE_CURVE('',#3920,#3929,#3931,.T.);
#3929 = VERTEX_POINT('',#3930);
#3930 = CARTESIAN_POINT('',(1.5,0.125,-2.775557561563E-17));
#3931 = LINE('',#3932,#3933);
#3932 = CARTESIAN_POINT('',(1.225,0.125,-2.775557561563E-17));
#3933 = VECTOR('',#3934,1.);
#3934 = DIRECTION('',(1.,0.,0.));
#3935 = ORIENTED_EDGE('',*,*,#3936,.T.);
#3936 = EDGE_CURVE('',#3929,#3910,#3937,.T.);
#3937 = LINE('',#3938,#3939);
#3938 = CARTESIAN_POINT('',(1.5,0.125,-2.775557561563E-17));
#3939 = VECTOR('',#3940,1.);
#3940 = DIRECTION('',(0.,1.,-2.22044604925E-16));
#3941 = PLANE('',#3942);
#3942 = AXIS2_PLACEMENT_3D('',#3943,#3944,#3945);
#3943 = CARTESIAN_POINT('',(0.,0.,0.));
#3944 = DIRECTION('',(0.,2.22044604925E-16,1.));
#3945 = DIRECTION('',(1.,0.,0.));
#3946 = ADVANCED_FACE('',(#3947),#3972,.T.);
#3947 = FACE_BOUND('',#3948,.F.);
#3948 = EDGE_LOOP('',(#3949,#3950,#3958,#3966));
#3949 = ORIENTED_EDGE('',*,*,#3909,.F.);
#3950 = ORIENTED_EDGE('',*,*,#3951,.T.);
#3951 = EDGE_CURVE('',#3910,#3952,#3954,.T.);
#3952 = VERTEX_POINT('',#3953);
#3953 = CARTESIAN_POINT('',(1.5,0.375,1.E-01));
#3954 = LINE('',#3955,#3956);
#3955 = CARTESIAN_POINT('',(1.5,0.375,-8.326672684689E-17));
#3956 = VECTOR('',#3957,1.);
#3957 = DIRECTION('',(0.,2.22044604925E-16,1.));
#3958 = ORIENTED_EDGE('',*,*,#3959,.T.);
#3959 = EDGE_CURVE('',#3952,#3960,#3962,.T.);
#3960 = VERTEX_POINT('',#3961);
#3961 = CARTESIAN_POINT('',(1.225,0.375,1.E-01));
#3962 = LINE('',#3963,#3964);
#3963 = CARTESIAN_POINT('',(1.5,0.375,1.E-01));
#3964 = VECTOR('',#3965,1.);
#3965 = DIRECTION('',(-1.,0.,0.));
#3966 = ORIENTED_EDGE('',*,*,#3967,.F.);
#3967 = EDGE_CURVE('',#3912,#3960,#3968,.T.);
#3968 = LINE('',#3969,#3970);
#3969 = CARTESIAN_POINT('',(1.225,0.375,-8.326672684689E-17));
#3970 = VECTOR('',#3971,1.);
#3971 = DIRECTION('',(0.,2.22044604925E-16,1.));
#3972 = PLANE('',#3973);
#3973 = AXIS2_PLACEMENT_3D('',#3974,#3975,#3976);
#3974 = CARTESIAN_POINT('',(1.5,0.375,-8.326672684689E-17));
#3975 = DIRECTION('',(0.,1.,-2.22044604925E-16));
#3976 = DIRECTION('',(-1.,0.,0.));
#3977 = ADVANCED_FACE('',(#3978),#3996,.T.);
#3978 = FACE_BOUND('',#3979,.F.);
#3979 = EDGE_LOOP('',(#3980,#3981,#3989,#3995));
#3980 = ORIENTED_EDGE('',*,*,#3936,.F.);
#3981 = ORIENTED_EDGE('',*,*,#3982,.T.);
#3982 = EDGE_CURVE('',#3929,#3983,#3985,.T.);
#3983 = VERTEX_POINT('',#3984);
#3984 = CARTESIAN_POINT('',(1.5,0.125,1.E-01));
#3985 = LINE('',#3986,#3987);
#3986 = CARTESIAN_POINT('',(1.5,0.125,-2.775557561563E-17));
#3987 = VECTOR('',#3988,1.);
#3988 = DIRECTION('',(0.,2.22044604925E-16,1.));
#3989 = ORIENTED_EDGE('',*,*,#3990,.T.);
#3990 = EDGE_CURVE('',#3983,#3952,#3991,.T.);
#3991 = LINE('',#3992,#3993);
#3992 = CARTESIAN_POINT('',(1.5,0.125,1.E-01));
#3993 = VECTOR('',#3994,1.);
#3994 = DIRECTION('',(0.,1.,-2.22044604925E-16));
#3995 = ORIENTED_EDGE('',*,*,#3951,.F.);
#3996 = PLANE('',#3997);
#3997 = AXIS2_PLACEMENT_3D('',#3998,#3999,#4000);
#3998 = CARTESIAN_POINT('',(1.5,0.125,-2.775557561563E-17));
#3999 = DIRECTION('',(1.,0.,0.));
#4000 = DIRECTION('',(0.,1.,-2.22044604925E-16));
#4001 = ADVANCED_FACE('',(#4002),#4020,.T.);
#4002 = FACE_BOUND('',#4003,.F.);
#4003 = EDGE_LOOP('',(#4004,#4005,#4013,#4019));
#4004 = ORIENTED_EDGE('',*,*,#3928,.F.);
#4005 = ORIENTED_EDGE('',*,*,#4006,.T.);
#4006 = EDGE_CURVE('',#3920,#4007,#4009,.T.);
#4007 = VERTEX_POINT('',#4008);
#4008 = CARTESIAN_POINT('',(1.225,0.125,1.E-01));
#4009 = LINE('',#4010,#4011);
#4010 = CARTESIAN_POINT('',(1.225,0.125,-2.775557561563E-17));
#4011 = VECTOR('',#4012,1.);
#4012 = DIRECTION('',(0.,2.22044604925E-16,1.));
#4013 = ORIENTED_EDGE('',*,*,#4014,.T.);
#4014 = EDGE_CURVE('',#4007,#3983,#4015,.T.);
#4015 = LINE('',#4016,#4017);
#4016 = CARTESIAN_POINT('',(1.225,0.125,1.E-01));
#4017 = VECTOR('',#4018,1.);
#4018 = DIRECTION('',(1.,0.,0.));
#4019 = ORIENTED_EDGE('',*,*,#3982,.F.);
#4020 = PLANE('',#4021);
#4021 = AXIS2_PLACEMENT_3D('',#4022,#4023,#4024);
#4022 = CARTESIAN_POINT('',(1.225,0.125,-2.775557561563E-17));
#4023 = DIRECTION('',(0.,-1.,2.22044604925E-16));
#4024 = DIRECTION('',(1.,0.,0.));
#4025 = ADVANCED_FACE('',(#4026),#4038,.T.);
#4026 = FACE_BOUND('',#4027,.T.);
#4027 = EDGE_LOOP('',(#4028,#4029,#4036,#4037));
#4028 = ORIENTED_EDGE('',*,*,#4006,.T.);
#4029 = ORIENTED_EDGE('',*,*,#4030,.F.);
#4030 = EDGE_CURVE('',#3960,#4007,#4031,.T.);
#4031 = CIRCLE('',#4032,0.125);
#4032 = AXIS2_PLACEMENT_3D('',#4033,#4034,#4035);
#4033 = CARTESIAN_POINT('',(1.225,0.25,1.E-01));
#4034 = DIRECTION('',(0.,2.22044604925E-16,1.));
#4035 = DIRECTION('',(0.,1.,-2.22044604925E-16));
#4036 = ORIENTED_EDGE('',*,*,#3967,.F.);
#4037 = ORIENTED_EDGE('',*,*,#3919,.T.);
#4038 = CYLINDRICAL_SURFACE('',#4039,0.125);
#4039 = AXIS2_PLACEMENT_3D('',#4040,#4041,#4042);
#4040 = CARTESIAN_POINT('',(1.225,0.25,-5.551115123126E-17));
#4041 = DIRECTION('',(0.,2.22044604925E-16,1.));
#4042 = DIRECTION('',(1.,0.,0.));
#4043 = ADVANCED_FACE('',(#4044),#4050,.T.);
#4044 = FACE_BOUND('',#4045,.F.);
#4045 = EDGE_LOOP('',(#4046,#4047,#4048,#4049));
#4046 = ORIENTED_EDGE('',*,*,#3959,.F.);
#4047 = ORIENTED_EDGE('',*,*,#3990,.F.);
#4048 = ORIENTED_EDGE('',*,*,#4014,.F.);
#4049 = ORIENTED_EDGE('',*,*,#4030,.F.);
#4050 = PLANE('',#4051);
#4051 = AXIS2_PLACEMENT_3D('',#4052,#4053,#4054);
#4052 = CARTESIAN_POINT('',(0.,2.22044604925E-17,0.1));
#4053 = DIRECTION('',(0.,2.22044604925E-16,1.));
#4054 = DIRECTION('',(1.,0.,0.));
#4055 = MANIFOLD_SOLID_BREP('',#4056);
#4056 = CLOSED_SHELL('',(#4057,#4098,#4129,#4153,#4177,#4195));
#4057 = ADVANCED_FACE('',(#4058),#4093,.F.);
#4058 = FACE_BOUND('',#4059,.F.);
#4059 = EDGE_LOOP('',(#4060,#4070,#4079,#4087));
#4060 = ORIENTED_EDGE('',*,*,#4061,.T.);
#4061 = EDGE_CURVE('',#4062,#4064,#4066,.T.);
#4062 = VERTEX_POINT('',#4063);
#4063 = CARTESIAN_POINT('',(1.5,0.875,-1.942890293094E-16));
#4064 = VERTEX_POINT('',#4065);
#4065 = CARTESIAN_POINT('',(1.225,0.875,-1.942890293094E-16));
#4066 = LINE('',#4067,#4068);
#4067 = CARTESIAN_POINT('',(1.5,0.875,-1.942890293094E-16));
#4068 = VECTOR('',#4069,1.);
#4069 = DIRECTION('',(-1.,0.,0.));
#4070 = ORIENTED_EDGE('',*,*,#4071,.T.);
#4071 = EDGE_CURVE('',#4064,#4072,#4074,.T.);
#4072 = VERTEX_POINT('',#4073);
#4073 = CARTESIAN_POINT('',(1.225,0.625,-1.387778780781E-16));
#4074 = CIRCLE('',#4075,0.125);
#4075 = AXIS2_PLACEMENT_3D('',#4076,#4077,#4078);
#4076 = CARTESIAN_POINT('',(1.225,0.75,-1.665334536938E-16));
#4077 = DIRECTION('',(0.,2.22044604925E-16,1.));
#4078 = DIRECTION('',(0.,1.,-2.22044604925E-16));
#4079 = ORIENTED_EDGE('',*,*,#4080,.T.);
#4080 = EDGE_CURVE('',#4072,#4081,#4083,.T.);
#4081 = VERTEX_POINT('',#4082);
#4082 = CARTESIAN_POINT('',(1.5,0.625,-1.387778780781E-16));
#4083 = LINE('',#4084,#4085);
#4084 = CARTESIAN_POINT('',(1.225,0.625,-1.387778780781E-16));
#4085 = VECTOR('',#4086,1.);
#4086 = DIRECTION('',(1.,0.,0.));
#4087 = ORIENTED_EDGE('',*,*,#4088,.T.);
#4088 = EDGE_CURVE('',#4081,#4062,#4089,.T.);
#4089 = LINE('',#4090,#4091);
#4090 = CARTESIAN_POINT('',(1.5,0.625,-1.387778780781E-16));
#4091 = VECTOR('',#4092,1.);
#4092 = DIRECTION('',(0.,1.,-2.22044604925E-16));
#4093 = PLANE('',#4094);
#4094 = AXIS2_PLACEMENT_3D('',#4095,#4096,#4097);
#4095 = CARTESIAN_POINT('',(0.,0.,0.));
#4096 = DIRECTION('',(0.,2.22044604925E-16,1.));
#4097 = DIRECTION('',(1.,0.,0.));
#4098 = ADVANCED_FACE('',(#4099),#4124,.T.);
#4099 = FACE_BOUND('',#4100,.F.);
#4100 = EDGE_LOOP('',(#4101,#4102,#4110,#4118));
#4101 = ORIENTED_EDGE('',*,*,#4061,.F.);
#4102 = ORIENTED_EDGE('',*,*,#4103,.T.);
#4103 = EDGE_CURVE('',#4062,#4104,#4106,.T.);
#4104 = VERTEX_POINT('',#4105);
#4105 = CARTESIAN_POINT('',(1.5,0.875,1.E-01));
#4106 = LINE('',#4107,#4108);
#4107 = CARTESIAN_POINT('',(1.5,0.875,-1.942890293094E-16));
#4108 = VECTOR('',#4109,1.);
#4109 = DIRECTION('',(0.,2.22044604925E-16,1.));
#4110 = ORIENTED_EDGE('',*,*,#4111,.T.);
#4111 = EDGE_CURVE('',#4104,#4112,#4114,.T.);
#4112 = VERTEX_POINT('',#4113);
#4113 = CARTESIAN_POINT('',(1.225,0.875,1.E-01));
#4114 = LINE('',#4115,#4116);
#4115 = CARTESIAN_POINT('',(1.5,0.875,1.E-01));
#4116 = VECTOR('',#4117,1.);
#4117 = DIRECTION('',(-1.,0.,0.));
#4118 = ORIENTED_EDGE('',*,*,#4119,.F.);
#4119 = EDGE_CURVE('',#4064,#4112,#4120,.T.);
#4120 = LINE('',#4121,#4122);
#4121 = CARTESIAN_POINT('',(1.225,0.875,-1.942890293094E-16));
#4122 = VECTOR('',#4123,1.);
#4123 = DIRECTION('',(0.,2.22044604925E-16,1.));
#4124 = PLANE('',#4125);
#4125 = AXIS2_PLACEMENT_3D('',#4126,#4127,#4128);
#4126 = CARTESIAN_POINT('',(1.5,0.875,-1.942890293094E-16));
#4127 = DIRECTION('',(0.,1.,-2.22044604925E-16));
#4128 = DIRECTION('',(-1.,0.,0.));
#4129 = ADVANCED_FACE('',(#4130),#4148,.T.);
#4130 = FACE_BOUND('',#4131,.F.);
#4131 = EDGE_LOOP('',(#4132,#4133,#4141,#4147));
#4132 = ORIENTED_EDGE('',*,*,#4088,.F.);
#4133 = ORIENTED_EDGE('',*,*,#4134,.T.);
#4134 = EDGE_CURVE('',#4081,#4135,#4137,.T.);
#4135 = VERTEX_POINT('',#4136);
#4136 = CARTESIAN_POINT('',(1.5,0.625,1.E-01));
#4137 = LINE('',#4138,#4139);
#4138 = CARTESIAN_POINT('',(1.5,0.625,-1.387778780781E-16));
#4139 = VECTOR('',#4140,1.);
#4140 = DIRECTION('',(0.,2.22044604925E-16,1.));
#4141 = ORIENTED_EDGE('',*,*,#4142,.T.);
#4142 = EDGE_CURVE('',#4135,#4104,#4143,.T.);
#4143 = LINE('',#4144,#4145);
#4144 = CARTESIAN_POINT('',(1.5,0.625,1.E-01));
#4145 = VECTOR('',#4146,1.);
#4146 = DIRECTION('',(0.,1.,-2.22044604925E-16));
#4147 = ORIENTED_EDGE('',*,*,#4103,.F.);
#4148 = PLANE('',#4149);
#4149 = AXIS2_PLACEMENT_3D('',#4150,#4151,#4152);
#4150 = CARTESIAN_POINT('',(1.5,0.625,-1.387778780781E-16));
#4151 = DIRECTION('',(1.,0.,0.));
#4152 = DIRECTION('',(0.,1.,-2.22044604925E-16));
#4153 = ADVANCED_FACE('',(#4154),#4172,.T.);
#4154 = FACE_BOUND('',#4155,.F.);
#4155 = EDGE_LOOP('',(#4156,#4157,#4165,#4171));
#4156 = ORIENTED_EDGE('',*,*,#4080,.F.);
#4157 = ORIENTED_EDGE('',*,*,#4158,.T.);
#4158 = EDGE_CURVE('',#4072,#4159,#4161,.T.);
#4159 = VERTEX_POINT('',#4160);
#4160 = CARTESIAN_POINT('',(1.225,0.625,1.E-01));
#4161 = LINE('',#4162,#4163);
#4162 = CARTESIAN_POINT('',(1.225,0.625,-1.387778780781E-16));
#4163 = VECTOR('',#4164,1.);
#4164 = DIRECTION('',(0.,2.22044604925E-16,1.));
#4165 = ORIENTED_EDGE('',*,*,#4166,.T.);
#4166 = EDGE_CURVE('',#4159,#4135,#4167,.T.);
#4167 = LINE('',#4168,#4169);
#4168 = CARTESIAN_POINT('',(1.225,0.625,1.E-01));
#4169 = VECTOR('',#4170,1.);
#4170 = DIRECTION('',(1.,0.,0.));
#4171 = ORIENTED_EDGE('',*,*,#4134,.F.);
#4172 = PLANE('',#4173);
#4173 = AXIS2_PLACEMENT_3D('',#4174,#4175,#4176);
#4174 = CARTESIAN_POINT('',(1.225,0.625,-1.387778780781E-16));
#4175 = DIRECTION('',(0.,-1.,2.22044604925E-16));
#4176 = DIRECTION('',(1.,0.,0.));
#4177 = ADVANCED_FACE('',(#4178),#4190,.T.);
#4178 = FACE_BOUND('',#4179,.T.);
#4179 = EDGE_LOOP('',(#4180,#4181,#4188,#4189));
#4180 = ORIENTED_EDGE('',*,*,#4158,.T.);
#4181 = ORIENTED_EDGE('',*,*,#4182,.F.);
#4182 = EDGE_CURVE('',#4112,#4159,#4183,.T.);
#4183 = CIRCLE('',#4184,0.125);
#4184 = AXIS2_PLACEMENT_3D('',#4185,#4186,#4187);
#4185 = CARTESIAN_POINT('',(1.225,0.75,1.E-01));
#4186 = DIRECTION('',(0.,2.22044604925E-16,1.));
#4187 = DIRECTION('',(0.,1.,-2.22044604925E-16));
#4188 = ORIENTED_EDGE('',*,*,#4119,.F.);
#4189 = ORIENTED_EDGE('',*,*,#4071,.T.);
#4190 = CYLINDRICAL_SURFACE('',#4191,0.125);
#4191 = AXIS2_PLACEMENT_3D('',#4192,#4193,#4194);
#4192 = CARTESIAN_POINT('',(1.225,0.75,-1.665334536938E-16));
#4193 = DIRECTION('',(0.,2.22044604925E-16,1.));
#4194 = DIRECTION('',(1.,0.,0.));
#4195 = ADVANCED_FACE('',(#4196),#4202,.T.);
#4196 = FACE_BOUND('',#4197,.F.);
#4197 = EDGE_LOOP('',(#4198,#4199,#4200,#4201));
#4198 = ORIENTED_EDGE('',*,*,#4111,.F.);
#4199 = ORIENTED_EDGE('',*,*,#4142,.F.);
#4200 = ORIENTED_EDGE('',*,*,#4166,.F.);
#4201 = ORIENTED_EDGE('',*,*,#4182,.F.);
#4202 = PLANE('',#4203);
#4203 = AXIS2_PLACEMENT_3D('',#4204,#4205,#4206);
#4204 = CARTESIAN_POINT('',(0.,2.22044604925E-17,0.1));
#4205 = DIRECTION('',(0.,2.22044604925E-16,1.));
#4206 = DIRECTION('',(1.,0.,0.));
#4207 = MANIFOLD_SOLID_BREP('',#4208);
#4208 = CLOSED_SHELL('',(#4209,#4250,#4281,#4306,#4330,#4347));
#4209 = ADVANCED_FACE('',(#4210),#4245,.T.);
#4210 = FACE_BOUND('',#4211,.F.);
#4211 = EDGE_LOOP('',(#4212,#4222,#4230,#4238));
#4212 = ORIENTED_EDGE('',*,*,#4213,.F.);
#4213 = EDGE_CURVE('',#4214,#4216,#4218,.T.);
#4214 = VERTEX_POINT('',#4215);
#4215 = CARTESIAN_POINT('',(-1.5,-1.125,2.498001805407E-16));
#4216 = VERTEX_POINT('',#4217);
#4217 = CARTESIAN_POINT('',(-1.225,-1.125,2.498001805407E-16));
#4218 = LINE('',#4219,#4220);
#4219 = CARTESIAN_POINT('',(-1.5,-1.125,2.498001805407E-16));
#4220 = VECTOR('',#4221,1.);
#4221 = DIRECTION('',(1.,0.,0.));
#4222 = ORIENTED_EDGE('',*,*,#4223,.F.);
#4223 = EDGE_CURVE('',#4224,#4214,#4226,.T.);
#4224 = VERTEX_POINT('',#4225);
#4225 = CARTESIAN_POINT('',(-1.5,-1.375,3.053113317719E-16));
#4226 = LINE('',#4227,#4228);
#4227 = CARTESIAN_POINT('',(-1.5,-1.375,3.053113317719E-16));
#4228 = VECTOR('',#4229,1.);
#4229 = DIRECTION('',(0.,1.,-2.22044604925E-16));
#4230 = ORIENTED_EDGE('',*,*,#4231,.F.);
#4231 = EDGE_CURVE('',#4232,#4224,#4234,.T.);
#4232 = VERTEX_POINT('',#4233);
#4233 = CARTESIAN_POINT('',(-1.225,-1.375,3.053113317719E-16));
#4234 = LINE('',#4235,#4236);
#4235 = CARTESIAN_POINT('',(-1.225,-1.375,3.053113317719E-16));
#4236 = VECTOR('',#4237,1.);
#4237 = DIRECTION('',(-1.,0.,0.));
#4238 = ORIENTED_EDGE('',*,*,#4239,.F.);
#4239 = EDGE_CURVE('',#4216,#4232,#4240,.T.);
#4240 = CIRCLE('',#4241,0.125);
#4241 = AXIS2_PLACEMENT_3D('',#4242,#4243,#4244);
#4242 = CARTESIAN_POINT('',(-1.225,-1.25,2.775557561563E-16));
#4243 = DIRECTION('',(0.,-2.22044604925E-16,-1.));
#4244 = DIRECTION('',(0.,1.,-2.22044604925E-16));
#4245 = PLANE('',#4246);
#4246 = AXIS2_PLACEMENT_3D('',#4247,#4248,#4249);
#4247 = CARTESIAN_POINT('',(0.,0.,0.));
#4248 = DIRECTION('',(0.,-2.22044604925E-16,-1.));
#4249 = DIRECTION('',(-1.,0.,0.));
#4250 = ADVANCED_FACE('',(#4251),#4276,.F.);
#4251 = FACE_BOUND('',#4252,.F.);
#4252 = EDGE_LOOP('',(#4253,#4254,#4262,#4270));
#4253 = ORIENTED_EDGE('',*,*,#4213,.T.);
#4254 = ORIENTED_EDGE('',*,*,#4255,.T.);
#4255 = EDGE_CURVE('',#4216,#4256,#4258,.T.);
#4256 = VERTEX_POINT('',#4257);
#4257 = CARTESIAN_POINT('',(-1.225,-1.125,0.1));
#4258 = LINE('',#4259,#4260);
#4259 = CARTESIAN_POINT('',(-1.225,-1.125,2.498001805407E-16));
#4260 = VECTOR('',#4261,1.);
#4261 = DIRECTION('',(0.,2.22044604925E-16,1.));
#4262 = ORIENTED_EDGE('',*,*,#4263,.F.);
#4263 = EDGE_CURVE('',#4264,#4256,#4266,.T.);
#4264 = VERTEX_POINT('',#4265);
#4265 = CARTESIAN_POINT('',(-1.5,-1.125,0.1));
#4266 = LINE('',#4267,#4268);
#4267 = CARTESIAN_POINT('',(-1.5,-1.125,0.1));
#4268 = VECTOR('',#4269,1.);
#4269 = DIRECTION('',(1.,0.,0.));
#4270 = ORIENTED_EDGE('',*,*,#4271,.F.);
#4271 = EDGE_CURVE('',#4214,#4264,#4272,.T.);
#4272 = LINE('',#4273,#4274);
#4273 = CARTESIAN_POINT('',(-1.5,-1.125,2.498001805407E-16));
#4274 = VECTOR('',#4275,1.);
#4275 = DIRECTION('',(0.,2.22044604925E-16,1.));
#4276 = PLANE('',#4277);
#4277 = AXIS2_PLACEMENT_3D('',#4278,#4279,#4280);
#4278 = CARTESIAN_POINT('',(-1.5,-1.125,2.498001805407E-16));
#4279 = DIRECTION('',(0.,-1.,2.22044604925E-16));
#4280 = DIRECTION('',(1.,0.,0.));
#4281 = ADVANCED_FACE('',(#4282),#4301,.T.);
#4282 = FACE_BOUND('',#4283,.T.);
#4283 = EDGE_LOOP('',(#4284,#4285,#4294,#4300));
#4284 = ORIENTED_EDGE('',*,*,#4255,.T.);
#4285 = ORIENTED_EDGE('',*,*,#4286,.T.);
#4286 = EDGE_CURVE('',#4256,#4287,#4289,.T.);
#4287 = VERTEX_POINT('',#4288);
#4288 = CARTESIAN_POINT('',(-1.225,-1.375,0.1));
#4289 = CIRCLE('',#4290,0.125);
#4290 = AXIS2_PLACEMENT_3D('',#4291,#4292,#4293);
#4291 = CARTESIAN_POINT('',(-1.225,-1.25,0.1));
#4292 = DIRECTION('',(0.,-2.22044604925E-16,-1.));
#4293 = DIRECTION('',(0.,1.,-2.22044604925E-16));
#4294 = ORIENTED_EDGE('',*,*,#4295,.F.);
#4295 = EDGE_CURVE('',#4232,#4287,#4296,.T.);
#4296 = LINE('',#4297,#4298);
#4297 = CARTESIAN_POINT('',(-1.225,-1.375,3.053113317719E-16));
#4298 = VECTOR('',#4299,1.);
#4299 = DIRECTION('',(0.,2.22044604925E-16,1.));
#4300 = ORIENTED_EDGE('',*,*,#4239,.F.);
#4301 = CYLINDRICAL_SURFACE('',#4302,0.125);
#4302 = AXIS2_PLACEMENT_3D('',#4303,#4304,#4305);
#4303 = CARTESIAN_POINT('',(-1.225,-1.25,2.775557561563E-16));
#4304 = DIRECTION('',(0.,-2.22044604925E-16,-1.));
#4305 = DIRECTION('',(-1.,0.,0.));
#4306 = ADVANCED_FACE('',(#4307),#4325,.F.);
#4307 = FACE_BOUND('',#4308,.F.);
#4308 = EDGE_LOOP('',(#4309,#4310,#4318,#4324));
#4309 = ORIENTED_EDGE('',*,*,#4231,.T.);
#4310 = ORIENTED_EDGE('',*,*,#4311,.T.);
#4311 = EDGE_CURVE('',#4224,#4312,#4314,.T.);
#4312 = VERTEX_POINT('',#4313);
#4313 = CARTESIAN_POINT('',(-1.5,-1.375,0.1));
#4314 = LINE('',#4315,#4316);
#4315 = CARTESIAN_POINT('',(-1.5,-1.375,3.053113317719E-16));
#4316 = VECTOR('',#4317,1.);
#4317 = DIRECTION('',(0.,2.22044604925E-16,1.));
#4318 = ORIENTED_EDGE('',*,*,#4319,.F.);
#4319 = EDGE_CURVE('',#4287,#4312,#4320,.T.);
#4320 = LINE('',#4321,#4322);
#4321 = CARTESIAN_POINT('',(-1.225,-1.375,0.1));
#4322 = VECTOR('',#4323,1.);
#4323 = DIRECTION('',(-1.,0.,0.));
#4324 = ORIENTED_EDGE('',*,*,#4295,.F.);
#4325 = PLANE('',#4326);
#4326 = AXIS2_PLACEMENT_3D('',#4327,#4328,#4329);
#4327 = CARTESIAN_POINT('',(-1.225,-1.375,3.053113317719E-16));
#4328 = DIRECTION('',(0.,1.,-2.22044604925E-16));
#4329 = DIRECTION('',(-1.,0.,0.));
#4330 = ADVANCED_FACE('',(#4331),#4342,.F.);
#4331 = FACE_BOUND('',#4332,.F.);
#4332 = EDGE_LOOP('',(#4333,#4334,#4335,#4341));
#4333 = ORIENTED_EDGE('',*,*,#4223,.T.);
#4334 = ORIENTED_EDGE('',*,*,#4271,.T.);
#4335 = ORIENTED_EDGE('',*,*,#4336,.F.);
#4336 = EDGE_CURVE('',#4312,#4264,#4337,.T.);
#4337 = LINE('',#4338,#4339);
#4338 = CARTESIAN_POINT('',(-1.5,-1.375,0.1));
#4339 = VECTOR('',#4340,1.);
#4340 = DIRECTION('',(0.,1.,-2.22044604925E-16));
#4341 = ORIENTED_EDGE('',*,*,#4311,.F.);
#4342 = PLANE('',#4343);
#4343 = AXIS2_PLACEMENT_3D('',#4344,#4345,#4346);
#4344 = CARTESIAN_POINT('',(-1.5,-1.375,3.053113317719E-16));
#4345 = DIRECTION('',(1.,0.,0.));
#4346 = DIRECTION('',(0.,1.,-2.22044604925E-16));
#4347 = ADVANCED_FACE('',(#4348),#4354,.F.);
#4348 = FACE_BOUND('',#4349,.F.);
#4349 = EDGE_LOOP('',(#4350,#4351,#4352,#4353));
#4350 = ORIENTED_EDGE('',*,*,#4263,.T.);
#4351 = ORIENTED_EDGE('',*,*,#4286,.T.);
#4352 = ORIENTED_EDGE('',*,*,#4319,.T.);
#4353 = ORIENTED_EDGE('',*,*,#4336,.T.);
#4354 = PLANE('',#4355);
#4355 = AXIS2_PLACEMENT_3D('',#4356,#4357,#4358);
#4356 = CARTESIAN_POINT('',(0.,2.22044604925E-17,0.1));
#4357 = DIRECTION('',(0.,-2.22044604925E-16,-1.));
#4358 = DIRECTION('',(-1.,0.,0.));
#4359 = MANIFOLD_SOLID_BREP('',#4360);
#4360 = CLOSED_SHELL('',(#4361,#4402,#4433,#4458,#4482,#4499));
#4361 = ADVANCED_FACE('',(#4362),#4397,.T.);
#4362 = FACE_BOUND('',#4363,.F.);
#4363 = EDGE_LOOP('',(#4364,#4374,#4382,#4390));
#4364 = ORIENTED_EDGE('',*,*,#4365,.F.);
#4365 = EDGE_CURVE('',#4366,#4368,#4370,.T.);
#4366 = VERTEX_POINT('',#4367);
#4367 = CARTESIAN_POINT('',(-1.5,-0.625,1.387778780781E-16));
#4368 = VERTEX_POINT('',#4369);
#4369 = CARTESIAN_POINT('',(-1.225,-0.625,1.387778780781E-16));
#4370 = LINE('',#4371,#4372);
#4371 = CARTESIAN_POINT('',(-1.5,-0.625,1.387778780781E-16));
#4372 = VECTOR('',#4373,1.);
#4373 = DIRECTION('',(1.,0.,0.));
#4374 = ORIENTED_EDGE('',*,*,#4375,.F.);
#4375 = EDGE_CURVE('',#4376,#4366,#4378,.T.);
#4376 = VERTEX_POINT('',#4377);
#4377 = CARTESIAN_POINT('',(-1.5,-0.875,1.942890293094E-16));
#4378 = LINE('',#4379,#4380);
#4379 = CARTESIAN_POINT('',(-1.5,-0.875,1.942890293094E-16));
#4380 = VECTOR('',#4381,1.);
#4381 = DIRECTION('',(0.,1.,-2.22044604925E-16));
#4382 = ORIENTED_EDGE('',*,*,#4383,.F.);
#4383 = EDGE_CURVE('',#4384,#4376,#4386,.T.);
#4384 = VERTEX_POINT('',#4385);
#4385 = CARTESIAN_POINT('',(-1.225,-0.875,1.942890293094E-16));
#4386 = LINE('',#4387,#4388);
#4387 = CARTESIAN_POINT('',(-1.225,-0.875,1.942890293094E-16));
#4388 = VECTOR('',#4389,1.);
#4389 = DIRECTION('',(-1.,0.,0.));
#4390 = ORIENTED_EDGE('',*,*,#4391,.F.);
#4391 = EDGE_CURVE('',#4368,#4384,#4392,.T.);
#4392 = CIRCLE('',#4393,0.125);
#4393 = AXIS2_PLACEMENT_3D('',#4394,#4395,#4396);
#4394 = CARTESIAN_POINT('',(-1.225,-0.75,1.665334536938E-16));
#4395 = DIRECTION('',(0.,-2.22044604925E-16,-1.));
#4396 = DIRECTION('',(0.,1.,-2.22044604925E-16));
#4397 = PLANE('',#4398);
#4398 = AXIS2_PLACEMENT_3D('',#4399,#4400,#4401);
#4399 = CARTESIAN_POINT('',(0.,0.,0.));
#4400 = DIRECTION('',(0.,-2.22044604925E-16,-1.));
#4401 = DIRECTION('',(-1.,0.,0.));
#4402 = ADVANCED_FACE('',(#4403),#4428,.F.);
#4403 = FACE_BOUND('',#4404,.F.);
#4404 = EDGE_LOOP('',(#4405,#4406,#4414,#4422));
#4405 = ORIENTED_EDGE('',*,*,#4365,.T.);
#4406 = ORIENTED_EDGE('',*,*,#4407,.T.);
#4407 = EDGE_CURVE('',#4368,#4408,#4410,.T.);
#4408 = VERTEX_POINT('',#4409);
#4409 = CARTESIAN_POINT('',(-1.225,-0.625,0.1));
#4410 = LINE('',#4411,#4412);
#4411 = CARTESIAN_POINT('',(-1.225,-0.625,1.387778780781E-16));
#4412 = VECTOR('',#4413,1.);
#4413 = DIRECTION('',(0.,2.22044604925E-16,1.));
#4414 = ORIENTED_EDGE('',*,*,#4415,.F.);
#4415 = EDGE_CURVE('',#4416,#4408,#4418,.T.);
#4416 = VERTEX_POINT('',#4417);
#4417 = CARTESIAN_POINT('',(-1.5,-0.625,0.1));
#4418 = LINE('',#4419,#4420);
#4419 = CARTESIAN_POINT('',(-1.5,-0.625,0.1));
#4420 = VECTOR('',#4421,1.);
#4421 = DIRECTION('',(1.,0.,0.));
#4422 = ORIENTED_EDGE('',*,*,#4423,.F.);
#4423 = EDGE_CURVE('',#4366,#4416,#4424,.T.);
#4424 = LINE('',#4425,#4426);
#4425 = CARTESIAN_POINT('',(-1.5,-0.625,1.387778780781E-16));
#4426 = VECTOR('',#4427,1.);
#4427 = DIRECTION('',(0.,2.22044604925E-16,1.));
#4428 = PLANE('',#4429);
#4429 = AXIS2_PLACEMENT_3D('',#4430,#4431,#4432);
#4430 = CARTESIAN_POINT('',(-1.5,-0.625,1.387778780781E-16));
#4431 = DIRECTION('',(0.,-1.,2.22044604925E-16));
#4432 = DIRECTION('',(1.,0.,0.));
#4433 = ADVANCED_FACE('',(#4434),#4453,.T.);
#4434 = FACE_BOUND('',#4435,.T.);
#4435 = EDGE_LOOP('',(#4436,#4437,#4446,#4452));
#4436 = ORIENTED_EDGE('',*,*,#4407,.T.);
#4437 = ORIENTED_EDGE('',*,*,#4438,.T.);
#4438 = EDGE_CURVE('',#4408,#4439,#4441,.T.);
#4439 = VERTEX_POINT('',#4440);
#4440 = CARTESIAN_POINT('',(-1.225,-0.875,0.1));
#4441 = CIRCLE('',#4442,0.125);
#4442 = AXIS2_PLACEMENT_3D('',#4443,#4444,#4445);
#4443 = CARTESIAN_POINT('',(-1.225,-0.75,0.1));
#4444 = DIRECTION('',(0.,-2.22044604925E-16,-1.));
#4445 = DIRECTION('',(0.,1.,-2.22044604925E-16));
#4446 = ORIENTED_EDGE('',*,*,#4447,.F.);
#4447 = EDGE_CURVE('',#4384,#4439,#4448,.T.);
#4448 = LINE('',#4449,#4450);
#4449 = CARTESIAN_POINT('',(-1.225,-0.875,1.942890293094E-16));
#4450 = VECTOR('',#4451,1.);
#4451 = DIRECTION('',(0.,2.22044604925E-16,1.));
#4452 = ORIENTED_EDGE('',*,*,#4391,.F.);
#4453 = CYLINDRICAL_SURFACE('',#4454,0.125);
#4454 = AXIS2_PLACEMENT_3D('',#4455,#4456,#4457);
#4455 = CARTESIAN_POINT('',(-1.225,-0.75,1.665334536938E-16));
#4456 = DIRECTION('',(0.,-2.22044604925E-16,-1.));
#4457 = DIRECTION('',(-1.,0.,0.));
#4458 = ADVANCED_FACE('',(#4459),#4477,.F.);
#4459 = FACE_BOUND('',#4460,.F.);
#4460 = EDGE_LOOP('',(#4461,#4462,#4470,#4476));
#4461 = ORIENTED_EDGE('',*,*,#4383,.T.);
#4462 = ORIENTED_EDGE('',*,*,#4463,.T.);
#4463 = EDGE_CURVE('',#4376,#4464,#4466,.T.);
#4464 = VERTEX_POINT('',#4465);
#4465 = CARTESIAN_POINT('',(-1.5,-0.875,0.1));
#4466 = LINE('',#4467,#4468);
#4467 = CARTESIAN_POINT('',(-1.5,-0.875,1.942890293094E-16));
#4468 = VECTOR('',#4469,1.);
#4469 = DIRECTION('',(0.,2.22044604925E-16,1.));
#4470 = ORIENTED_EDGE('',*,*,#4471,.F.);
#4471 = EDGE_CURVE('',#4439,#4464,#4472,.T.);
#4472 = LINE('',#4473,#4474);
#4473 = CARTESIAN_POINT('',(-1.225,-0.875,0.1));
#4474 = VECTOR('',#4475,1.);
#4475 = DIRECTION('',(-1.,0.,0.));
#4476 = ORIENTED_EDGE('',*,*,#4447,.F.);
#4477 = PLANE('',#4478);
#4478 = AXIS2_PLACEMENT_3D('',#4479,#4480,#4481);
#4479 = CARTESIAN_POINT('',(-1.225,-0.875,1.942890293094E-16));
#4480 = DIRECTION('',(0.,1.,-2.22044604925E-16));
#4481 = DIRECTION('',(-1.,0.,0.));
#4482 = ADVANCED_FACE('',(#4483),#4494,.F.);
#4483 = FACE_BOUND('',#4484,.F.);
#4484 = EDGE_LOOP('',(#4485,#4486,#4487,#4493));
#4485 = ORIENTED_EDGE('',*,*,#4375,.T.);
#4486 = ORIENTED_EDGE('',*,*,#4423,.T.);
#4487 = ORIENTED_EDGE('',*,*,#4488,.F.);
#4488 = EDGE_CURVE('',#4464,#4416,#4489,.T.);
#4489 = LINE('',#4490,#4491);
#4490 = CARTESIAN_POINT('',(-1.5,-0.875,0.1));
#4491 = VECTOR('',#4492,1.);
#4492 = DIRECTION('',(0.,1.,-2.22044604925E-16));
#4493 = ORIENTED_EDGE('',*,*,#4463,.F.);
#4494 = PLANE('',#4495);
#4495 = AXIS2_PLACEMENT_3D('',#4496,#4497,#4498);
#4496 = CARTESIAN_POINT('',(-1.5,-0.875,1.942890293094E-16));
#4497 = DIRECTION('',(1.,0.,0.));
#4498 = DIRECTION('',(0.,1.,-2.22044604925E-16));
#4499 = ADVANCED_FACE('',(#4500),#4506,.F.);
#4500 = FACE_BOUND('',#4501,.F.);
#4501 = EDGE_LOOP('',(#4502,#4503,#4504,#4505));
#4502 = ORIENTED_EDGE('',*,*,#4415,.T.);
#4503 = ORIENTED_EDGE('',*,*,#4438,.T.);
#4504 = ORIENTED_EDGE('',*,*,#4471,.T.);
#4505 = ORIENTED_EDGE('',*,*,#4488,.T.);
#4506 = PLANE('',#4507);
#4507 = AXIS2_PLACEMENT_3D('',#4508,#4509,#4510);
#4508 = CARTESIAN_POINT('',(0.,2.22044604925E-17,0.1));
#4509 = DIRECTION('',(0.,-2.22044604925E-16,-1.));
#4510 = DIRECTION('',(-1.,0.,0.));
#4511 = MANIFOLD_SOLID_BREP('',#4512);
#4512 = CLOSED_SHELL('',(#4513,#4554,#4585,#4610,#4634,#4651));
#4513 = ADVANCED_FACE('',(#4514),#4549,.T.);
#4514 = FACE_BOUND('',#4515,.F.);
#4515 = EDGE_LOOP('',(#4516,#4526,#4534,#4542));
#4516 = ORIENTED_EDGE('',*,*,#4517,.F.);
#4517 = EDGE_CURVE('',#4518,#4520,#4522,.T.);
#4518 = VERTEX_POINT('',#4519);
#4519 = CARTESIAN_POINT('',(-1.5,-0.125,2.775557561563E-17));
#4520 = VERTEX_POINT('',#4521);
#4521 = CARTESIAN_POINT('',(-1.225,-0.125,2.775557561563E-17));
#4522 = LINE('',#4523,#4524);
#4523 = CARTESIAN_POINT('',(-1.5,-0.125,2.775557561563E-17));
#4524 = VECTOR('',#4525,1.);
#4525 = DIRECTION('',(1.,0.,0.));
#4526 = ORIENTED_EDGE('',*,*,#4527,.F.);
#4527 = EDGE_CURVE('',#4528,#4518,#4530,.T.);
#4528 = VERTEX_POINT('',#4529);
#4529 = CARTESIAN_POINT('',(-1.5,-0.375,8.326672684689E-17));
#4530 = LINE('',#4531,#4532);
#4531 = CARTESIAN_POINT('',(-1.5,-0.375,8.326672684689E-17));
#4532 = VECTOR('',#4533,1.);
#4533 = DIRECTION('',(0.,1.,-2.22044604925E-16));
#4534 = ORIENTED_EDGE('',*,*,#4535,.F.);
#4535 = EDGE_CURVE('',#4536,#4528,#4538,.T.);
#4536 = VERTEX_POINT('',#4537);
#4537 = CARTESIAN_POINT('',(-1.225,-0.375,8.326672684689E-17));
#4538 = LINE('',#4539,#4540);
#4539 = CARTESIAN_POINT('',(-1.225,-0.375,8.326672684689E-17));
#4540 = VECTOR('',#4541,1.);
#4541 = DIRECTION('',(-1.,0.,0.));
#4542 = ORIENTED_EDGE('',*,*,#4543,.F.);
#4543 = EDGE_CURVE('',#4520,#4536,#4544,.T.);
#4544 = CIRCLE('',#4545,0.125);
#4545 = AXIS2_PLACEMENT_3D('',#4546,#4547,#4548);
#4546 = CARTESIAN_POINT('',(-1.225,-0.25,5.551115123126E-17));
#4547 = DIRECTION('',(0.,-2.22044604925E-16,-1.));
#4548 = DIRECTION('',(0.,1.,-2.22044604925E-16));
#4549 = PLANE('',#4550);
#4550 = AXIS2_PLACEMENT_3D('',#4551,#4552,#4553);
#4551 = CARTESIAN_POINT('',(0.,0.,0.));
#4552 = DIRECTION('',(0.,-2.22044604925E-16,-1.));
#4553 = DIRECTION('',(-1.,0.,0.));
#4554 = ADVANCED_FACE('',(#4555),#4580,.F.);
#4555 = FACE_BOUND('',#4556,.F.);
#4556 = EDGE_LOOP('',(#4557,#4558,#4566,#4574));
#4557 = ORIENTED_EDGE('',*,*,#4517,.T.);
#4558 = ORIENTED_EDGE('',*,*,#4559,.T.);
#4559 = EDGE_CURVE('',#4520,#4560,#4562,.T.);
#4560 = VERTEX_POINT('',#4561);
#4561 = CARTESIAN_POINT('',(-1.225,-0.125,0.1));
#4562 = LINE('',#4563,#4564);
#4563 = CARTESIAN_POINT('',(-1.225,-0.125,2.775557561563E-17));
#4564 = VECTOR('',#4565,1.);
#4565 = DIRECTION('',(0.,2.22044604925E-16,1.));
#4566 = ORIENTED_EDGE('',*,*,#4567,.F.);
#4567 = EDGE_CURVE('',#4568,#4560,#4570,.T.);
#4568 = VERTEX_POINT('',#4569);
#4569 = CARTESIAN_POINT('',(-1.5,-0.125,0.1));
#4570 = LINE('',#4571,#4572);
#4571 = CARTESIAN_POINT('',(-1.5,-0.125,0.1));
#4572 = VECTOR('',#4573,1.);
#4573 = DIRECTION('',(1.,0.,0.));
#4574 = ORIENTED_EDGE('',*,*,#4575,.F.);
#4575 = EDGE_CURVE('',#4518,#4568,#4576,.T.);
#4576 = LINE('',#4577,#4578);
#4577 = CARTESIAN_POINT('',(-1.5,-0.125,2.775557561563E-17));
#4578 = VECTOR('',#4579,1.);
#4579 = DIRECTION('',(0.,2.22044604925E-16,1.));
#4580 = PLANE('',#4581);
#4581 = AXIS2_PLACEMENT_3D('',#4582,#4583,#4584);
#4582 = CARTESIAN_POINT('',(-1.5,-0.125,2.775557561563E-17));
#4583 = DIRECTION('',(0.,-1.,2.22044604925E-16));
#4584 = DIRECTION('',(1.,0.,0.));
#4585 = ADVANCED_FACE('',(#4586),#4605,.T.);
#4586 = FACE_BOUND('',#4587,.T.);
#4587 = EDGE_LOOP('',(#4588,#4589,#4598,#4604));
#4588 = ORIENTED_EDGE('',*,*,#4559,.T.);
#4589 = ORIENTED_EDGE('',*,*,#4590,.T.);
#4590 = EDGE_CURVE('',#4560,#4591,#4593,.T.);
#4591 = VERTEX_POINT('',#4592);
#4592 = CARTESIAN_POINT('',(-1.225,-0.375,0.1));
#4593 = CIRCLE('',#4594,0.125);
#4594 = AXIS2_PLACEMENT_3D('',#4595,#4596,#4597);
#4595 = CARTESIAN_POINT('',(-1.225,-0.25,0.1));
#4596 = DIRECTION('',(0.,-2.22044604925E-16,-1.));
#4597 = DIRECTION('',(0.,1.,-2.22044604925E-16));
#4598 = ORIENTED_EDGE('',*,*,#4599,.F.);
#4599 = EDGE_CURVE('',#4536,#4591,#4600,.T.);
#4600 = LINE('',#4601,#4602);
#4601 = CARTESIAN_POINT('',(-1.225,-0.375,8.326672684689E-17));
#4602 = VECTOR('',#4603,1.);
#4603 = DIRECTION('',(0.,2.22044604925E-16,1.));
#4604 = ORIENTED_EDGE('',*,*,#4543,.F.);
#4605 = CYLINDRICAL_SURFACE('',#4606,0.125);
#4606 = AXIS2_PLACEMENT_3D('',#4607,#4608,#4609);
#4607 = CARTESIAN_POINT('',(-1.225,-0.25,5.551115123126E-17));
#4608 = DIRECTION('',(0.,-2.22044604925E-16,-1.));
#4609 = DIRECTION('',(-1.,0.,0.));
#4610 = ADVANCED_FACE('',(#4611),#4629,.F.);
#4611 = FACE_BOUND('',#4612,.F.);
#4612 = EDGE_LOOP('',(#4613,#4614,#4622,#4628));
#4613 = ORIENTED_EDGE('',*,*,#4535,.T.);
#4614 = ORIENTED_EDGE('',*,*,#4615,.T.);
#4615 = EDGE_CURVE('',#4528,#4616,#4618,.T.);
#4616 = VERTEX_POINT('',#4617);
#4617 = CARTESIAN_POINT('',(-1.5,-0.375,0.1));
#4618 = LINE('',#4619,#4620);
#4619 = CARTESIAN_POINT('',(-1.5,-0.375,8.326672684689E-17));
#4620 = VECTOR('',#4621,1.);
#4621 = DIRECTION('',(0.,2.22044604925E-16,1.));
#4622 = ORIENTED_EDGE('',*,*,#4623,.F.);
#4623 = EDGE_CURVE('',#4591,#4616,#4624,.T.);
#4624 = LINE('',#4625,#4626);
#4625 = CARTESIAN_POINT('',(-1.225,-0.375,0.1));
#4626 = VECTOR('',#4627,1.);
#4627 = DIRECTION('',(-1.,0.,0.));
#4628 = ORIENTED_EDGE('',*,*,#4599,.F.);
#4629 = PLANE('',#4630);
#4630 = AXIS2_PLACEMENT_3D('',#4631,#4632,#4633);
#4631 = CARTESIAN_POINT('',(-1.225,-0.375,8.326672684689E-17));
#4632 = DIRECTION('',(0.,1.,-2.22044604925E-16));
#4633 = DIRECTION('',(-1.,0.,0.));
#4634 = ADVANCED_FACE('',(#4635),#4646,.F.);
#4635 = FACE_BOUND('',#4636,.F.);
#4636 = EDGE_LOOP('',(#4637,#4638,#4639,#4645));
#4637 = ORIENTED_EDGE('',*,*,#4527,.T.);
#4638 = ORIENTED_EDGE('',*,*,#4575,.T.);
#4639 = ORIENTED_EDGE('',*,*,#4640,.F.);
#4640 = EDGE_CURVE('',#4616,#4568,#4641,.T.);
#4641 = LINE('',#4642,#4643);
#4642 = CARTESIAN_POINT('',(-1.5,-0.375,0.1));
#4643 = VECTOR('',#4644,1.);
#4644 = DIRECTION('',(0.,1.,-2.22044604925E-16));
#4645 = ORIENTED_EDGE('',*,*,#4615,.F.);
#4646 = PLANE('',#4647);
#4647 = AXIS2_PLACEMENT_3D('',#4648,#4649,#4650);
#4648 = CARTESIAN_POINT('',(-1.5,-0.375,8.326672684689E-17));
#4649 = DIRECTION('',(1.,0.,0.));
#4650 = DIRECTION('',(0.,1.,-2.22044604925E-16));
#4651 = ADVANCED_FACE('',(#4652),#4658,.F.);
#4652 = FACE_BOUND('',#4653,.F.);
#4653 = EDGE_LOOP('',(#4654,#4655,#4656,#4657));
#4654 = ORIENTED_EDGE('',*,*,#4567,.T.);
#4655 = ORIENTED_EDGE('',*,*,#4590,.T.);
#4656 = ORIENTED_EDGE('',*,*,#4623,.T.);
#4657 = ORIENTED_EDGE('',*,*,#4640,.T.);
#4658 = PLANE('',#4659);
#4659 = AXIS2_PLACEMENT_3D('',#4660,#4661,#4662);
#4660 = CARTESIAN_POINT('',(0.,2.22044604925E-17,0.1));
#4661 = DIRECTION('',(0.,-2.22044604925E-16,-1.));
#4662 = DIRECTION('',(-1.,0.,0.));
#4663 = MANIFOLD_SOLID_BREP('',#4664);
#4664 = CLOSED_SHELL('',(#4665,#4706,#4737,#4762,#4786,#4803));
#4665 = ADVANCED_FACE('',(#4666),#4701,.T.);
#4666 = FACE_BOUND('',#4667,.F.);
#4667 = EDGE_LOOP('',(#4668,#4678,#4686,#4694));
#4668 = ORIENTED_EDGE('',*,*,#4669,.F.);
#4669 = EDGE_CURVE('',#4670,#4672,#4674,.T.);
#4670 = VERTEX_POINT('',#4671);
#4671 = CARTESIAN_POINT('',(-1.5,0.375,-8.326672684689E-17));
#4672 = VERTEX_POINT('',#4673);
#4673 = CARTESIAN_POINT('',(-1.225,0.375,-8.326672684689E-17));
#4674 = LINE('',#4675,#4676);
#4675 = CARTESIAN_POINT('',(-1.5,0.375,-8.326672684689E-17));
#4676 = VECTOR('',#4677,1.);
#4677 = DIRECTION('',(1.,0.,0.));
#4678 = ORIENTED_EDGE('',*,*,#4679,.F.);
#4679 = EDGE_CURVE('',#4680,#4670,#4682,.T.);
#4680 = VERTEX_POINT('',#4681);
#4681 = CARTESIAN_POINT('',(-1.5,0.125,-2.775557561563E-17));
#4682 = LINE('',#4683,#4684);
#4683 = CARTESIAN_POINT('',(-1.5,0.125,-2.775557561563E-17));
#4684 = VECTOR('',#4685,1.);
#4685 = DIRECTION('',(0.,1.,-2.22044604925E-16));
#4686 = ORIENTED_EDGE('',*,*,#4687,.F.);
#4687 = EDGE_CURVE('',#4688,#4680,#4690,.T.);
#4688 = VERTEX_POINT('',#4689);
#4689 = CARTESIAN_POINT('',(-1.225,0.125,-2.775557561563E-17));
#4690 = LINE('',#4691,#4692);
#4691 = CARTESIAN_POINT('',(-1.225,0.125,-2.775557561563E-17));
#4692 = VECTOR('',#4693,1.);
#4693 = DIRECTION('',(-1.,0.,0.));
#4694 = ORIENTED_EDGE('',*,*,#4695,.F.);
#4695 = EDGE_CURVE('',#4672,#4688,#4696,.T.);
#4696 = CIRCLE('',#4697,0.125);
#4697 = AXIS2_PLACEMENT_3D('',#4698,#4699,#4700);
#4698 = CARTESIAN_POINT('',(-1.225,0.25,-5.551115123126E-17));
#4699 = DIRECTION('',(0.,-2.22044604925E-16,-1.));
#4700 = DIRECTION('',(0.,1.,-2.22044604925E-16));
#4701 = PLANE('',#4702);
#4702 = AXIS2_PLACEMENT_3D('',#4703,#4704,#4705);
#4703 = CARTESIAN_POINT('',(0.,0.,0.));
#4704 = DIRECTION('',(0.,-2.22044604925E-16,-1.));
#4705 = DIRECTION('',(-1.,0.,0.));
#4706 = ADVANCED_FACE('',(#4707),#4732,.F.);
#4707 = FACE_BOUND('',#4708,.F.);
#4708 = EDGE_LOOP('',(#4709,#4710,#4718,#4726));
#4709 = ORIENTED_EDGE('',*,*,#4669,.T.);
#4710 = ORIENTED_EDGE('',*,*,#4711,.T.);
#4711 = EDGE_CURVE('',#4672,#4712,#4714,.T.);
#4712 = VERTEX_POINT('',#4713);
#4713 = CARTESIAN_POINT('',(-1.225,0.375,1.E-01));
#4714 = LINE('',#4715,#4716);
#4715 = CARTESIAN_POINT('',(-1.225,0.375,-8.326672684689E-17));
#4716 = VECTOR('',#4717,1.);
#4717 = DIRECTION('',(0.,2.22044604925E-16,1.));
#4718 = ORIENTED_EDGE('',*,*,#4719,.F.);
#4719 = EDGE_CURVE('',#4720,#4712,#4722,.T.);
#4720 = VERTEX_POINT('',#4721);
#4721 = CARTESIAN_POINT('',(-1.5,0.375,1.E-01));
#4722 = LINE('',#4723,#4724);
#4723 = CARTESIAN_POINT('',(-1.5,0.375,1.E-01));
#4724 = VECTOR('',#4725,1.);
#4725 = DIRECTION('',(1.,0.,0.));
#4726 = ORIENTED_EDGE('',*,*,#4727,.F.);
#4727 = EDGE_CURVE('',#4670,#4720,#4728,.T.);
#4728 = LINE('',#4729,#4730);
#4729 = CARTESIAN_POINT('',(-1.5,0.375,-8.326672684689E-17));
#4730 = VECTOR('',#4731,1.);
#4731 = DIRECTION('',(0.,2.22044604925E-16,1.));
#4732 = PLANE('',#4733);
#4733 = AXIS2_PLACEMENT_3D('',#4734,#4735,#4736);
#4734 = CARTESIAN_POINT('',(-1.5,0.375,-8.326672684689E-17));
#4735 = DIRECTION('',(0.,-1.,2.22044604925E-16));
#4736 = DIRECTION('',(1.,0.,0.));
#4737 = ADVANCED_FACE('',(#4738),#4757,.T.);
#4738 = FACE_BOUND('',#4739,.T.);
#4739 = EDGE_LOOP('',(#4740,#4741,#4750,#4756));
#4740 = ORIENTED_EDGE('',*,*,#4711,.T.);
#4741 = ORIENTED_EDGE('',*,*,#4742,.T.);
#4742 = EDGE_CURVE('',#4712,#4743,#4745,.T.);
#4743 = VERTEX_POINT('',#4744);
#4744 = CARTESIAN_POINT('',(-1.225,0.125,1.E-01));
#4745 = CIRCLE('',#4746,0.125);
#4746 = AXIS2_PLACEMENT_3D('',#4747,#4748,#4749);
#4747 = CARTESIAN_POINT('',(-1.225,0.25,1.E-01));
#4748 = DIRECTION('',(0.,-2.22044604925E-16,-1.));
#4749 = DIRECTION('',(0.,1.,-2.22044604925E-16));
#4750 = ORIENTED_EDGE('',*,*,#4751,.F.);
#4751 = EDGE_CURVE('',#4688,#4743,#4752,.T.);
#4752 = LINE('',#4753,#4754);
#4753 = CARTESIAN_POINT('',(-1.225,0.125,-2.775557561563E-17));
#4754 = VECTOR('',#4755,1.);
#4755 = DIRECTION('',(0.,2.22044604925E-16,1.));
#4756 = ORIENTED_EDGE('',*,*,#4695,.F.);
#4757 = CYLINDRICAL_SURFACE('',#4758,0.125);
#4758 = AXIS2_PLACEMENT_3D('',#4759,#4760,#4761);
#4759 = CARTESIAN_POINT('',(-1.225,0.25,-5.551115123126E-17));
#4760 = DIRECTION('',(0.,-2.22044604925E-16,-1.));
#4761 = DIRECTION('',(-1.,0.,0.));
#4762 = ADVANCED_FACE('',(#4763),#4781,.F.);
#4763 = FACE_BOUND('',#4764,.F.);
#4764 = EDGE_LOOP('',(#4765,#4766,#4774,#4780));
#4765 = ORIENTED_EDGE('',*,*,#4687,.T.);
#4766 = ORIENTED_EDGE('',*,*,#4767,.T.);
#4767 = EDGE_CURVE('',#4680,#4768,#4770,.T.);
#4768 = VERTEX_POINT('',#4769);
#4769 = CARTESIAN_POINT('',(-1.5,0.125,1.E-01));
#4770 = LINE('',#4771,#4772);
#4771 = CARTESIAN_POINT('',(-1.5,0.125,-2.775557561563E-17));
#4772 = VECTOR('',#4773,1.);
#4773 = DIRECTION('',(0.,2.22044604925E-16,1.));
#4774 = ORIENTED_EDGE('',*,*,#4775,.F.);
#4775 = EDGE_CURVE('',#4743,#4768,#4776,.T.);
#4776 = LINE('',#4777,#4778);
#4777 = CARTESIAN_POINT('',(-1.225,0.125,1.E-01));
#4778 = VECTOR('',#4779,1.);
#4779 = DIRECTION('',(-1.,0.,0.));
#4780 = ORIENTED_EDGE('',*,*,#4751,.F.);
#4781 = PLANE('',#4782);
#4782 = AXIS2_PLACEMENT_3D('',#4783,#4784,#4785);
#4783 = CARTESIAN_POINT('',(-1.225,0.125,-2.775557561563E-17));
#4784 = DIRECTION('',(0.,1.,-2.22044604925E-16));
#4785 = DIRECTION('',(-1.,0.,0.));
#4786 = ADVANCED_FACE('',(#4787),#4798,.F.);
#4787 = FACE_BOUND('',#4788,.F.);
#4788 = EDGE_LOOP('',(#4789,#4790,#4791,#4797));
#4789 = ORIENTED_EDGE('',*,*,#4679,.T.);
#4790 = ORIENTED_EDGE('',*,*,#4727,.T.);
#4791 = ORIENTED_EDGE('',*,*,#4792,.F.);
#4792 = EDGE_CURVE('',#4768,#4720,#4793,.T.);
#4793 = LINE('',#4794,#4795);
#4794 = CARTESIAN_POINT('',(-1.5,0.125,1.E-01));
#4795 = VECTOR('',#4796,1.);
#4796 = DIRECTION('',(0.,1.,-2.22044604925E-16));
#4797 = ORIENTED_EDGE('',*,*,#4767,.F.);
#4798 = PLANE('',#4799);
#4799 = AXIS2_PLACEMENT_3D('',#4800,#4801,#4802);
#4800 = CARTESIAN_POINT('',(-1.5,0.125,-2.775557561563E-17));
#4801 = DIRECTION('',(1.,0.,0.));
#4802 = DIRECTION('',(0.,1.,-2.22044604925E-16));
#4803 = ADVANCED_FACE('',(#4804),#4810,.F.);
#4804 = FACE_BOUND('',#4805,.F.);
#4805 = EDGE_LOOP('',(#4806,#4807,#4808,#4809));
#4806 = ORIENTED_EDGE('',*,*,#4719,.T.);
#4807 = ORIENTED_EDGE('',*,*,#4742,.T.);
#4808 = ORIENTED_EDGE('',*,*,#4775,.T.);
#4809 = ORIENTED_EDGE('',*,*,#4792,.T.);
#4810 = PLANE('',#4811);
#4811 = AXIS2_PLACEMENT_3D('',#4812,#4813,#4814);
#4812 = CARTESIAN_POINT('',(0.,2.22044604925E-17,0.1));
#4813 = DIRECTION('',(0.,-2.22044604925E-16,-1.));
#4814 = DIRECTION('',(-1.,0.,0.));
#4815 = MANIFOLD_SOLID_BREP('',#4816);
#4816 = CLOSED_SHELL('',(#4817,#4858,#4889,#4914,#4938,#4955));
#4817 = ADVANCED_FACE('',(#4818),#4853,.T.);
#4818 = FACE_BOUND('',#4819,.F.);
#4819 = EDGE_LOOP('',(#4820,#4830,#4838,#4846));
#4820 = ORIENTED_EDGE('',*,*,#4821,.F.);
#4821 = EDGE_CURVE('',#4822,#4824,#4826,.T.);
#4822 = VERTEX_POINT('',#4823);
#4823 = CARTESIAN_POINT('',(-1.5,0.875,-1.942890293094E-16));
#4824 = VERTEX_POINT('',#4825);
#4825 = CARTESIAN_POINT('',(-1.225,0.875,-1.942890293094E-16));
#4826 = LINE('',#4827,#4828);
#4827 = CARTESIAN_POINT('',(-1.5,0.875,-1.942890293094E-16));
#4828 = VECTOR('',#4829,1.);
#4829 = DIRECTION('',(1.,0.,0.));
#4830 = ORIENTED_EDGE('',*,*,#4831,.F.);
#4831 = EDGE_CURVE('',#4832,#4822,#4834,.T.);
#4832 = VERTEX_POINT('',#4833);
#4833 = CARTESIAN_POINT('',(-1.5,0.625,-1.387778780781E-16));
#4834 = LINE('',#4835,#4836);
#4835 = CARTESIAN_POINT('',(-1.5,0.625,-1.387778780781E-16));
#4836 = VECTOR('',#4837,1.);
#4837 = DIRECTION('',(0.,1.,-2.22044604925E-16));
#4838 = ORIENTED_EDGE('',*,*,#4839,.F.);
#4839 = EDGE_CURVE('',#4840,#4832,#4842,.T.);
#4840 = VERTEX_POINT('',#4841);
#4841 = CARTESIAN_POINT('',(-1.225,0.625,-1.387778780781E-16));
#4842 = LINE('',#4843,#4844);
#4843 = CARTESIAN_POINT('',(-1.225,0.625,-1.387778780781E-16));
#4844 = VECTOR('',#4845,1.);
#4845 = DIRECTION('',(-1.,0.,0.));
#4846 = ORIENTED_EDGE('',*,*,#4847,.F.);
#4847 = EDGE_CURVE('',#4824,#4840,#4848,.T.);
#4848 = CIRCLE('',#4849,0.125);
#4849 = AXIS2_PLACEMENT_3D('',#4850,#4851,#4852);
#4850 = CARTESIAN_POINT('',(-1.225,0.75,-1.665334536938E-16));
#4851 = DIRECTION('',(0.,-2.22044604925E-16,-1.));
#4852 = DIRECTION('',(0.,1.,-2.22044604925E-16));
#4853 = PLANE('',#4854);
#4854 = AXIS2_PLACEMENT_3D('',#4855,#4856,#4857);
#4855 = CARTESIAN_POINT('',(0.,0.,0.));
#4856 = DIRECTION('',(0.,-2.22044604925E-16,-1.));
#4857 = DIRECTION('',(-1.,0.,0.));
#4858 = ADVANCED_FACE('',(#4859),#4884,.F.);
#4859 = FACE_BOUND('',#4860,.F.);
#4860 = EDGE_LOOP('',(#4861,#4862,#4870,#4878));
#4861 = ORIENTED_EDGE('',*,*,#4821,.T.);
#4862 = ORIENTED_EDGE('',*,*,#4863,.T.);
#4863 = EDGE_CURVE('',#4824,#4864,#4866,.T.);
#4864 = VERTEX_POINT('',#4865);
#4865 = CARTESIAN_POINT('',(-1.225,0.875,1.E-01));
#4866 = LINE('',#4867,#4868);
#4867 = CARTESIAN_POINT('',(-1.225,0.875,-1.942890293094E-16));
#4868 = VECTOR('',#4869,1.);
#4869 = DIRECTION('',(0.,2.22044604925E-16,1.));
#4870 = ORIENTED_EDGE('',*,*,#4871,.F.);
#4871 = EDGE_CURVE('',#4872,#4864,#4874,.T.);
#4872 = VERTEX_POINT('',#4873);
#4873 = CARTESIAN_POINT('',(-1.5,0.875,1.E-01));
#4874 = LINE('',#4875,#4876);
#4875 = CARTESIAN_POINT('',(-1.5,0.875,1.E-01));
#4876 = VECTOR('',#4877,1.);
#4877 = DIRECTION('',(1.,0.,0.));
#4878 = ORIENTED_EDGE('',*,*,#4879,.F.);
#4879 = EDGE_CURVE('',#4822,#4872,#4880,.T.);
#4880 = LINE('',#4881,#4882);
#4881 = CARTESIAN_POINT('',(-1.5,0.875,-1.942890293094E-16));
#4882 = VECTOR('',#4883,1.);
#4883 = DIRECTION('',(0.,2.22044604925E-16,1.));
#4884 = PLANE('',#4885);
#4885 = AXIS2_PLACEMENT_3D('',#4886,#4887,#4888);
#4886 = CARTESIAN_POINT('',(-1.5,0.875,-1.942890293094E-16));
#4887 = DIRECTION('',(0.,-1.,2.22044604925E-16));
#4888 = DIRECTION('',(1.,0.,0.));
#4889 = ADVANCED_FACE('',(#4890),#4909,.T.);
#4890 = FACE_BOUND('',#4891,.T.);
#4891 = EDGE_LOOP('',(#4892,#4893,#4902,#4908));
#4892 = ORIENTED_EDGE('',*,*,#4863,.T.);
#4893 = ORIENTED_EDGE('',*,*,#4894,.T.);
#4894 = EDGE_CURVE('',#4864,#4895,#4897,.T.);
#4895 = VERTEX_POINT('',#4896);
#4896 = CARTESIAN_POINT('',(-1.225,0.625,1.E-01));
#4897 = CIRCLE('',#4898,0.125);
#4898 = AXIS2_PLACEMENT_3D('',#4899,#4900,#4901);
#4899 = CARTESIAN_POINT('',(-1.225,0.75,1.E-01));
#4900 = DIRECTION('',(0.,-2.22044604925E-16,-1.));
#4901 = DIRECTION('',(0.,1.,-2.22044604925E-16));
#4902 = ORIENTED_EDGE('',*,*,#4903,.F.);
#4903 = EDGE_CURVE('',#4840,#4895,#4904,.T.);
#4904 = LINE('',#4905,#4906);
#4905 = CARTESIAN_POINT('',(-1.225,0.625,-1.387778780781E-16));
#4906 = VECTOR('',#4907,1.);
#4907 = DIRECTION('',(0.,2.22044604925E-16,1.));
#4908 = ORIENTED_EDGE('',*,*,#4847,.F.);
#4909 = CYLINDRICAL_SURFACE('',#4910,0.125);
#4910 = AXIS2_PLACEMENT_3D('',#4911,#4912,#4913);
#4911 = CARTESIAN_POINT('',(-1.225,0.75,-1.665334536938E-16));
#4912 = DIRECTION('',(0.,-2.22044604925E-16,-1.));
#4913 = DIRECTION('',(-1.,0.,0.));
#4914 = ADVANCED_FACE('',(#4915),#4933,.F.);
#4915 = FACE_BOUND('',#4916,.F.);
#4916 = EDGE_LOOP('',(#4917,#4918,#4926,#4932));
#4917 = ORIENTED_EDGE('',*,*,#4839,.T.);
#4918 = ORIENTED_EDGE('',*,*,#4919,.T.);
#4919 = EDGE_CURVE('',#4832,#4920,#4922,.T.);
#4920 = VERTEX_POINT('',#4921);
#4921 = CARTESIAN_POINT('',(-1.5,0.625,1.E-01));
#4922 = LINE('',#4923,#4924);
#4923 = CARTESIAN_POINT('',(-1.5,0.625,-1.387778780781E-16));
#4924 = VECTOR('',#4925,1.);
#4925 = DIRECTION('',(0.,2.22044604925E-16,1.));
#4926 = ORIENTED_EDGE('',*,*,#4927,.F.);
#4927 = EDGE_CURVE('',#4895,#4920,#4928,.T.);
#4928 = LINE('',#4929,#4930);
#4929 = CARTESIAN_POINT('',(-1.225,0.625,1.E-01));
#4930 = VECTOR('',#4931,1.);
#4931 = DIRECTION('',(-1.,0.,0.));
#4932 = ORIENTED_EDGE('',*,*,#4903,.F.);
#4933 = PLANE('',#4934);
#4934 = AXIS2_PLACEMENT_3D('',#4935,#4936,#4937);
#4935 = CARTESIAN_POINT('',(-1.225,0.625,-1.387778780781E-16));
#4936 = DIRECTION('',(0.,1.,-2.22044604925E-16));
#4937 = DIRECTION('',(-1.,0.,0.));
#4938 = ADVANCED_FACE('',(#4939),#4950,.F.);
#4939 = FACE_BOUND('',#4940,.F.);
#4940 = EDGE_LOOP('',(#4941,#4942,#4943,#4949));
#4941 = ORIENTED_EDGE('',*,*,#4831,.T.);
#4942 = ORIENTED_EDGE('',*,*,#4879,.T.);
#4943 = ORIENTED_EDGE('',*,*,#4944,.F.);
#4944 = EDGE_CURVE('',#4920,#4872,#4945,.T.);
#4945 = LINE('',#4946,#4947);
#4946 = CARTESIAN_POINT('',(-1.5,0.625,1.E-01));
#4947 = VECTOR('',#4948,1.);
#4948 = DIRECTION('',(0.,1.,-2.22044604925E-16));
#4949 = ORIENTED_EDGE('',*,*,#4919,.F.);
#4950 = PLANE('',#4951);
#4951 = AXIS2_PLACEMENT_3D('',#4952,#4953,#4954);
#4952 = CARTESIAN_POINT('',(-1.5,0.625,-1.387778780781E-16));
#4953 = DIRECTION('',(1.,0.,0.));
#4954 = DIRECTION('',(0.,1.,-2.22044604925E-16));
#4955 = ADVANCED_FACE('',(#4956),#4962,.F.);
#4956 = FACE_BOUND('',#4957,.F.);
#4957 = EDGE_LOOP('',(#4958,#4959,#4960,#4961));
#4958 = ORIENTED_EDGE('',*,*,#4871,.T.);
#4959 = ORIENTED_EDGE('',*,*,#4894,.T.);
#4960 = ORIENTED_EDGE('',*,*,#4927,.T.);
#4961 = ORIENTED_EDGE('',*,*,#4944,.T.);
#4962 = PLANE('',#4963);
#4963 = AXIS2_PLACEMENT_3D('',#4964,#4965,#4966);
#4964 = CARTESIAN_POINT('',(0.,2.22044604925E-17,0.1));
#4965 = DIRECTION('',(0.,-2.22044604925E-16,-1.));
#4966 = DIRECTION('',(-1.,0.,0.));
#4967 = MANIFOLD_SOLID_BREP('',#4968);
#4968 = CLOSED_SHELL('',(#4969,#5010,#5041,#5065,#5089,#5107));
#4969 = ADVANCED_FACE('',(#4970),#5005,.F.);
#4970 = FACE_BOUND('',#4971,.F.);
#4971 = EDGE_LOOP('',(#4972,#4982,#4991,#4999));
#4972 = ORIENTED_EDGE('',*,*,#4973,.T.);
#4973 = EDGE_CURVE('',#4974,#4976,#4978,.T.);
#4974 = VERTEX_POINT('',#4975);
#4975 = CARTESIAN_POINT('',(1.5,1.375,-3.053113317719E-16));
#4976 = VERTEX_POINT('',#4977);
#4977 = CARTESIAN_POINT('',(1.225,1.375,-3.053113317719E-16));
#4978 = LINE('',#4979,#4980);
#4979 = CARTESIAN_POINT('',(1.5,1.375,-3.053113317719E-16));
#4980 = VECTOR('',#4981,1.);
#4981 = DIRECTION('',(-1.,0.,0.));
#4982 = ORIENTED_EDGE('',*,*,#4983,.T.);
#4983 = EDGE_CURVE('',#4976,#4984,#4986,.T.);
#4984 = VERTEX_POINT('',#4985);
#4985 = CARTESIAN_POINT('',(1.225,1.125,-2.498001805407E-16));
#4986 = CIRCLE('',#4987,0.125);
#4987 = AXIS2_PLACEMENT_3D('',#4988,#4989,#4990);
#4988 = CARTESIAN_POINT('',(1.225,1.25,-2.775557561563E-16));
#4989 = DIRECTION('',(0.,2.22044604925E-16,1.));
#4990 = DIRECTION('',(0.,1.,-2.22044604925E-16));
#4991 = ORIENTED_EDGE('',*,*,#4992,.T.);
#4992 = EDGE_CURVE('',#4984,#4993,#4995,.T.);
#4993 = VERTEX_POINT('',#4994);
#4994 = CARTESIAN_POINT('',(1.5,1.125,-2.498001805407E-16));
#4995 = LINE('',#4996,#4997);
#4996 = CARTESIAN_POINT('',(1.225,1.125,-2.498001805407E-16));
#4997 = VECTOR('',#4998,1.);
#4998 = DIRECTION('',(1.,0.,0.));
#4999 = ORIENTED_EDGE('',*,*,#5000,.T.);
#5000 = EDGE_CURVE('',#4993,#4974,#5001,.T.);
#5001 = LINE('',#5002,#5003);
#5002 = CARTESIAN_POINT('',(1.5,1.125,-2.498001805407E-16));
#5003 = VECTOR('',#5004,1.);
#5004 = DIRECTION('',(0.,1.,-2.22044604925E-16));
#5005 = PLANE('',#5006);
#5006 = AXIS2_PLACEMENT_3D('',#5007,#5008,#5009);
#5007 = CARTESIAN_POINT('',(0.,0.,0.));
#5008 = DIRECTION('',(0.,2.22044604925E-16,1.));
#5009 = DIRECTION('',(1.,0.,0.));
#5010 = ADVANCED_FACE('',(#5011),#5036,.T.);
#5011 = FACE_BOUND('',#5012,.F.);
#5012 = EDGE_LOOP('',(#5013,#5014,#5022,#5030));
#5013 = ORIENTED_EDGE('',*,*,#4973,.F.);
#5014 = ORIENTED_EDGE('',*,*,#5015,.T.);
#5015 = EDGE_CURVE('',#4974,#5016,#5018,.T.);
#5016 = VERTEX_POINT('',#5017);
#5017 = CARTESIAN_POINT('',(1.5,1.375,1.E-01));
#5018 = LINE('',#5019,#5020);
#5019 = CARTESIAN_POINT('',(1.5,1.375,-3.053113317719E-16));
#5020 = VECTOR('',#5021,1.);
#5021 = DIRECTION('',(0.,2.22044604925E-16,1.));
#5022 = ORIENTED_EDGE('',*,*,#5023,.T.);
#5023 = EDGE_CURVE('',#5016,#5024,#5026,.T.);
#5024 = VERTEX_POINT('',#5025);
#5025 = CARTESIAN_POINT('',(1.225,1.375,1.E-01));
#5026 = LINE('',#5027,#5028);
#5027 = CARTESIAN_POINT('',(1.5,1.375,1.E-01));
#5028 = VECTOR('',#5029,1.);
#5029 = DIRECTION('',(-1.,0.,0.));
#5030 = ORIENTED_EDGE('',*,*,#5031,.F.);
#5031 = EDGE_CURVE('',#4976,#5024,#5032,.T.);
#5032 = LINE('',#5033,#5034);
#5033 = CARTESIAN_POINT('',(1.225,1.375,-3.053113317719E-16));
#5034 = VECTOR('',#5035,1.);
#5035 = DIRECTION('',(0.,2.22044604925E-16,1.));
#5036 = PLANE('',#5037);
#5037 = AXIS2_PLACEMENT_3D('',#5038,#5039,#5040);
#5038 = CARTESIAN_POINT('',(1.5,1.375,-3.053113317719E-16));
#5039 = DIRECTION('',(0.,1.,-2.22044604925E-16));
#5040 = DIRECTION('',(-1.,0.,0.));
#5041 = ADVANCED_FACE('',(#5042),#5060,.T.);
#5042 = FACE_BOUND('',#5043,.F.);
#5043 = EDGE_LOOP('',(#5044,#5045,#5053,#5059));
#5044 = ORIENTED_EDGE('',*,*,#5000,.F.);
#5045 = ORIENTED_EDGE('',*,*,#5046,.T.);
#5046 = EDGE_CURVE('',#4993,#5047,#5049,.T.);
#5047 = VERTEX_POINT('',#5048);
#5048 = CARTESIAN_POINT('',(1.5,1.125,1.E-01));
#5049 = LINE('',#5050,#5051);
#5050 = CARTESIAN_POINT('',(1.5,1.125,-2.498001805407E-16));
#5051 = VECTOR('',#5052,1.);
#5052 = DIRECTION('',(0.,2.22044604925E-16,1.));
#5053 = ORIENTED_EDGE('',*,*,#5054,.T.);
#5054 = EDGE_CURVE('',#5047,#5016,#5055,.T.);
#5055 = LINE('',#5056,#5057);
#5056 = CARTESIAN_POINT('',(1.5,1.125,1.E-01));
#5057 = VECTOR('',#5058,1.);
#5058 = DIRECTION('',(0.,1.,-2.22044604925E-16));
#5059 = ORIENTED_EDGE('',*,*,#5015,.F.);
#5060 = PLANE('',#5061);
#5061 = AXIS2_PLACEMENT_3D('',#5062,#5063,#5064);
#5062 = CARTESIAN_POINT('',(1.5,1.125,-2.498001805407E-16));
#5063 = DIRECTION('',(1.,0.,0.));
#5064 = DIRECTION('',(0.,1.,-2.22044604925E-16));
#5065 = ADVANCED_FACE('',(#5066),#5084,.T.);
#5066 = FACE_BOUND('',#5067,.F.);
#5067 = EDGE_LOOP('',(#5068,#5069,#5077,#5083));
#5068 = ORIENTED_EDGE('',*,*,#4992,.F.);
#5069 = ORIENTED_EDGE('',*,*,#5070,.T.);
#5070 = EDGE_CURVE('',#4984,#5071,#5073,.T.);
#5071 = VERTEX_POINT('',#5072);
#5072 = CARTESIAN_POINT('',(1.225,1.125,1.E-01));
#5073 = LINE('',#5074,#5075);
#5074 = CARTESIAN_POINT('',(1.225,1.125,-2.498001805407E-16));
#5075 = VECTOR('',#5076,1.);
#5076 = DIRECTION('',(0.,2.22044604925E-16,1.));
#5077 = ORIENTED_EDGE('',*,*,#5078,.T.);
#5078 = EDGE_CURVE('',#5071,#5047,#5079,.T.);
#5079 = LINE('',#5080,#5081);
#5080 = CARTESIAN_POINT('',(1.225,1.125,1.E-01));
#5081 = VECTOR('',#5082,1.);
#5082 = DIRECTION('',(1.,0.,0.));
#5083 = ORIENTED_EDGE('',*,*,#5046,.F.);
#5084 = PLANE('',#5085);
#5085 = AXIS2_PLACEMENT_3D('',#5086,#5087,#5088);
#5086 = CARTESIAN_POINT('',(1.225,1.125,-2.498001805407E-16));
#5087 = DIRECTION('',(0.,-1.,2.22044604925E-16));
#5088 = DIRECTION('',(1.,0.,0.));
#5089 = ADVANCED_FACE('',(#5090),#5102,.T.);
#5090 = FACE_BOUND('',#5091,.T.);
#5091 = EDGE_LOOP('',(#5092,#5093,#5100,#5101));
#5092 = ORIENTED_EDGE('',*,*,#5070,.T.);
#5093 = ORIENTED_EDGE('',*,*,#5094,.F.);
#5094 = EDGE_CURVE('',#5024,#5071,#5095,.T.);
#5095 = CIRCLE('',#5096,0.125);
#5096 = AXIS2_PLACEMENT_3D('',#5097,#5098,#5099);
#5097 = CARTESIAN_POINT('',(1.225,1.25,1.E-01));
#5098 = DIRECTION('',(0.,2.22044604925E-16,1.));
#5099 = DIRECTION('',(0.,1.,-2.22044604925E-16));
#5100 = ORIENTED_EDGE('',*,*,#5031,.F.);
#5101 = ORIENTED_EDGE('',*,*,#4983,.T.);
#5102 = CYLINDRICAL_SURFACE('',#5103,0.125);
#5103 = AXIS2_PLACEMENT_3D('',#5104,#5105,#5106);
#5104 = CARTESIAN_POINT('',(1.225,1.25,-2.775557561563E-16));
#5105 = DIRECTION('',(0.,2.22044604925E-16,1.));
#5106 = DIRECTION('',(1.,0.,0.));
#5107 = ADVANCED_FACE('',(#5108),#5114,.T.);
#5108 = FACE_BOUND('',#5109,.F.);
#5109 = EDGE_LOOP('',(#5110,#5111,#5112,#5113));
#5110 = ORIENTED_EDGE('',*,*,#5023,.F.);
#5111 = ORIENTED_EDGE('',*,*,#5054,.F.);
#5112 = ORIENTED_EDGE('',*,*,#5078,.F.);
#5113 = ORIENTED_EDGE('',*,*,#5094,.F.);
#5114 = PLANE('',#5115);
#5115 = AXIS2_PLACEMENT_3D('',#5116,#5117,#5118);
#5116 = CARTESIAN_POINT('',(0.,2.22044604925E-17,0.1));
#5117 = DIRECTION('',(0.,2.22044604925E-16,1.));
#5118 = DIRECTION('',(1.,0.,0.));
#5119 = MANIFOLD_SOLID_BREP('',#5120);
#5120 = CLOSED_SHELL('',(#5121,#5162,#5193,#5218,#5242,#5259));
#5121 = ADVANCED_FACE('',(#5122),#5157,.T.);
#5122 = FACE_BOUND('',#5123,.F.);
#5123 = EDGE_LOOP('',(#5124,#5134,#5142,#5150));
#5124 = ORIENTED_EDGE('',*,*,#5125,.F.);
#5125 = EDGE_CURVE('',#5126,#5128,#5130,.T.);
#5126 = VERTEX_POINT('',#5127);
#5127 = CARTESIAN_POINT('',(-1.5,1.375,-3.053113317719E-16));
#5128 = VERTEX_POINT('',#5129);
#5129 = CARTESIAN_POINT('',(-1.225,1.375,-3.053113317719E-16));
#5130 = LINE('',#5131,#5132);
#5131 = CARTESIAN_POINT('',(-1.5,1.375,-3.053113317719E-16));
#5132 = VECTOR('',#5133,1.);
#5133 = DIRECTION('',(1.,0.,0.));
#5134 = ORIENTED_EDGE('',*,*,#5135,.F.);
#5135 = EDGE_CURVE('',#5136,#5126,#5138,.T.);
#5136 = VERTEX_POINT('',#5137);
#5137 = CARTESIAN_POINT('',(-1.5,1.125,-2.498001805407E-16));
#5138 = LINE('',#5139,#5140);
#5139 = CARTESIAN_POINT('',(-1.5,1.125,-2.498001805407E-16));
#5140 = VECTOR('',#5141,1.);
#5141 = DIRECTION('',(0.,1.,-2.22044604925E-16));
#5142 = ORIENTED_EDGE('',*,*,#5143,.F.);
#5143 = EDGE_CURVE('',#5144,#5136,#5146,.T.);
#5144 = VERTEX_POINT('',#5145);
#5145 = CARTESIAN_POINT('',(-1.225,1.125,-2.498001805407E-16));
#5146 = LINE('',#5147,#5148);
#5147 = CARTESIAN_POINT('',(-1.225,1.125,-2.498001805407E-16));
#5148 = VECTOR('',#5149,1.);
#5149 = DIRECTION('',(-1.,0.,0.));
#5150 = ORIENTED_EDGE('',*,*,#5151,.F.);
#5151 = EDGE_CURVE('',#5128,#5144,#5152,.T.);
#5152 = CIRCLE('',#5153,0.125);
#5153 = AXIS2_PLACEMENT_3D('',#5154,#5155,#5156);
#5154 = CARTESIAN_POINT('',(-1.225,1.25,-2.775557561563E-16));
#5155 = DIRECTION('',(0.,-2.22044604925E-16,-1.));
#5156 = DIRECTION('',(0.,1.,-2.22044604925E-16));
#5157 = PLANE('',#5158);
#5158 = AXIS2_PLACEMENT_3D('',#5159,#5160,#5161);
#5159 = CARTESIAN_POINT('',(0.,0.,0.));
#5160 = DIRECTION('',(0.,-2.22044604925E-16,-1.));
#5161 = DIRECTION('',(-1.,0.,0.));
#5162 = ADVANCED_FACE('',(#5163),#5188,.F.);
#5163 = FACE_BOUND('',#5164,.F.);
#5164 = EDGE_LOOP('',(#5165,#5166,#5174,#5182));
#5165 = ORIENTED_EDGE('',*,*,#5125,.T.);
#5166 = ORIENTED_EDGE('',*,*,#5167,.T.);
#5167 = EDGE_CURVE('',#5128,#5168,#5170,.T.);
#5168 = VERTEX_POINT('',#5169);
#5169 = CARTESIAN_POINT('',(-1.225,1.375,1.E-01));
#5170 = LINE('',#5171,#5172);
#5171 = CARTESIAN_POINT('',(-1.225,1.375,-3.053113317719E-16));
#5172 = VECTOR('',#5173,1.);
#5173 = DIRECTION('',(0.,2.22044604925E-16,1.));
#5174 = ORIENTED_EDGE('',*,*,#5175,.F.);
#5175 = EDGE_CURVE('',#5176,#5168,#5178,.T.);
#5176 = VERTEX_POINT('',#5177);
#5177 = CARTESIAN_POINT('',(-1.5,1.375,1.E-01));
#5178 = LINE('',#5179,#5180);
#5179 = CARTESIAN_POINT('',(-1.5,1.375,1.E-01));
#5180 = VECTOR('',#5181,1.);
#5181 = DIRECTION('',(1.,0.,0.));
#5182 = ORIENTED_EDGE('',*,*,#5183,.F.);
#5183 = EDGE_CURVE('',#5126,#5176,#5184,.T.);
#5184 = LINE('',#5185,#5186);
#5185 = CARTESIAN_POINT('',(-1.5,1.375,-3.053113317719E-16));
#5186 = VECTOR('',#5187,1.);
#5187 = DIRECTION('',(0.,2.22044604925E-16,1.));
#5188 = PLANE('',#5189);
#5189 = AXIS2_PLACEMENT_3D('',#5190,#5191,#5192);
#5190 = CARTESIAN_POINT('',(-1.5,1.375,-3.053113317719E-16));
#5191 = DIRECTION('',(0.,-1.,2.22044604925E-16));
#5192 = DIRECTION('',(1.,0.,0.));
#5193 = ADVANCED_FACE('',(#5194),#5213,.T.);
#5194 = FACE_BOUND('',#5195,.T.);
#5195 = EDGE_LOOP('',(#5196,#5197,#5206,#5212));
#5196 = ORIENTED_EDGE('',*,*,#5167,.T.);
#5197 = ORIENTED_EDGE('',*,*,#5198,.T.);
#5198 = EDGE_CURVE('',#5168,#5199,#5201,.T.);
#5199 = VERTEX_POINT('',#5200);
#5200 = CARTESIAN_POINT('',(-1.225,1.125,1.E-01));
#5201 = CIRCLE('',#5202,0.125);
#5202 = AXIS2_PLACEMENT_3D('',#5203,#5204,#5205);
#5203 = CARTESIAN_POINT('',(-1.225,1.25,1.E-01));
#5204 = DIRECTION('',(0.,-2.22044604925E-16,-1.));
#5205 = DIRECTION('',(0.,1.,-2.22044604925E-16));
#5206 = ORIENTED_EDGE('',*,*,#5207,.F.);
#5207 = EDGE_CURVE('',#5144,#5199,#5208,.T.);
#5208 = LINE('',#5209,#5210);
#5209 = CARTESIAN_POINT('',(-1.225,1.125,-2.498001805407E-16));
#5210 = VECTOR('',#5211,1.);
#5211 = DIRECTION('',(0.,2.22044604925E-16,1.));
#5212 = ORIENTED_EDGE('',*,*,#5151,.F.);
#5213 = CYLINDRICAL_SURFACE('',#5214,0.125);
#5214 = AXIS2_PLACEMENT_3D('',#5215,#5216,#5217);
#5215 = CARTESIAN_POINT('',(-1.225,1.25,-2.775557561563E-16));
#5216 = DIRECTION('',(0.,-2.22044604925E-16,-1.));
#5217 = DIRECTION('',(-1.,0.,0.));
#5218 = ADVANCED_FACE('',(#5219),#5237,.F.);
#5219 = FACE_BOUND('',#5220,.F.);
#5220 = EDGE_LOOP('',(#5221,#5222,#5230,#5236));
#5221 = ORIENTED_EDGE('',*,*,#5143,.T.);
#5222 = ORIENTED_EDGE('',*,*,#5223,.T.);
#5223 = EDGE_CURVE('',#5136,#5224,#5226,.T.);
#5224 = VERTEX_POINT('',#5225);
#5225 = CARTESIAN_POINT('',(-1.5,1.125,1.E-01));
#5226 = LINE('',#5227,#5228);
#5227 = CARTESIAN_POINT('',(-1.5,1.125,-2.498001805407E-16));
#5228 = VECTOR('',#5229,1.);
#5229 = DIRECTION('',(0.,2.22044604925E-16,1.));
#5230 = ORIENTED_EDGE('',*,*,#5231,.F.);
#5231 = EDGE_CURVE('',#5199,#5224,#5232,.T.);
#5232 = LINE('',#5233,#5234);
#5233 = CARTESIAN_POINT('',(-1.225,1.125,1.E-01));
#5234 = VECTOR('',#5235,1.);
#5235 = DIRECTION('',(-1.,0.,0.));
#5236 = ORIENTED_EDGE('',*,*,#5207,.F.);
#5237 = PLANE('',#5238);
#5238 = AXIS2_PLACEMENT_3D('',#5239,#5240,#5241);
#5239 = CARTESIAN_POINT('',(-1.225,1.125,-2.498001805407E-16));
#5240 = DIRECTION('',(0.,1.,-2.22044604925E-16));
#5241 = DIRECTION('',(-1.,0.,0.));
#5242 = ADVANCED_FACE('',(#5243),#5254,.F.);
#5243 = FACE_BOUND('',#5244,.F.);
#5244 = EDGE_LOOP('',(#5245,#5246,#5247,#5253));
#5245 = ORIENTED_EDGE('',*,*,#5135,.T.);
#5246 = ORIENTED_EDGE('',*,*,#5183,.T.);
#5247 = ORIENTED_EDGE('',*,*,#5248,.F.);
#5248 = EDGE_CURVE('',#5224,#5176,#5249,.T.);
#5249 = LINE('',#5250,#5251);
#5250 = CARTESIAN_POINT('',(-1.5,1.125,1.E-01));
#5251 = VECTOR('',#5252,1.);
#5252 = DIRECTION('',(0.,1.,-2.22044604925E-16));
#5253 = ORIENTED_EDGE('',*,*,#5223,.F.);
#5254 = PLANE('',#5255);
#5255 = AXIS2_PLACEMENT_3D('',#5256,#5257,#5258);
#5256 = CARTESIAN_POINT('',(-1.5,1.125,-2.498001805407E-16));
#5257 = DIRECTION('',(1.,0.,0.));
#5258 = DIRECTION('',(0.,1.,-2.22044604925E-16));
#5259 = ADVANCED_FACE('',(#5260),#5266,.F.);
#5260 = FACE_BOUND('',#5261,.F.);
#5261 = EDGE_LOOP('',(#5262,#5263,#5264,#5265));
#5262 = ORIENTED_EDGE('',*,*,#5175,.T.);
#5263 = ORIENTED_EDGE('',*,*,#5198,.T.);
#5264 = ORIENTED_EDGE('',*,*,#5231,.T.);
#5265 = ORIENTED_EDGE('',*,*,#5248,.T.);
#5266 = PLANE('',#5267);
#5267 = AXIS2_PLACEMENT_3D('',#5268,#5269,#5270);
#5268 = CARTESIAN_POINT('',(0.,2.22044604925E-17,0.1));
#5269 = DIRECTION('',(0.,-2.22044604925E-16,-1.));
#5270 = DIRECTION('',(-1.,0.,0.));
#5271 = GEOMETRIC_CURVE_SET('',(#5272));
#5272 = TRIMMED_CURVE('',#5273,(#5277,PARAMETER_VALUE(0.)),(#5278,
    PARAMETER_VALUE(0.15)),.T.,.PARAMETER.);
#5273 = LINE('',#5274,#5275);
#5274 = CARTESIAN_POINT('',(-0.5,-1.35,0.1));
#5275 = VECTOR('',#5276,1.);
#5276 = DIRECTION('',(0.,-1.,2.22044604925E-16));
#5277 = CARTESIAN_POINT('',(-0.5,-1.35,0.1));
#5278 = CARTESIAN_POINT('',(-0.5,-1.5,0.1));
#5279 = GEOMETRIC_CURVE_SET('',(#5280));
#5280 = TRIMMED_CURVE('',#5281,(#5285,PARAMETER_VALUE(0.)),(#5286,
    PARAMETER_VALUE(0.1)),.T.,.PARAMETER.);
#5281 = LINE('',#5282,#5283);
#5282 = CARTESIAN_POINT('',(-0.5,-1.5,0.1));
#5283 = VECTOR('',#5284,1.);
#5284 = DIRECTION('',(0.,2.22044604925E-16,1.));
#5285 = CARTESIAN_POINT('',(-0.5,-1.5,0.1));
#5286 = CARTESIAN_POINT('',(-0.5,-1.5,0.2));
#5287 = GEOMETRIC_CURVE_SET('',(#5288));
#5288 = TRIMMED_CURVE('',#5289,(#5293,PARAMETER_VALUE(0.)),(#5294,
    PARAMETER_VALUE(0.15)),.T.,.PARAMETER.);
#5289 = LINE('',#5290,#5291);
#5290 = CARTESIAN_POINT('',(-0.5,-1.35,0.2));
#5291 = VECTOR('',#5292,1.);
#5292 = DIRECTION('',(0.,-1.,2.22044604925E-16));
#5293 = CARTESIAN_POINT('',(-0.5,-1.35,0.2));
#5294 = CARTESIAN_POINT('',(-0.5,-1.5,0.2));
#5295 = GEOMETRIC_CURVE_SET('',(#5296));
#5296 = TRIMMED_CURVE('',#5297,(#5301,PARAMETER_VALUE(0.)),(#5302,
    PARAMETER_VALUE(0.1)),.T.,.PARAMETER.);
#5297 = LINE('',#5298,#5299);
#5298 = CARTESIAN_POINT('',(-0.5,-1.35,0.1));
#5299 = VECTOR('',#5300,1.);
#5300 = DIRECTION('',(0.,2.22044604925E-16,1.));
#5301 = CARTESIAN_POINT('',(-0.5,-1.35,0.1));
#5302 = CARTESIAN_POINT('',(-0.5,-1.35,0.2));
#5303 = GEOMETRIC_CURVE_SET('',(#5304));
#5304 = TRIMMED_CURVE('',#5305,(#5309,PARAMETER_VALUE(0.)),(#5310,
    PARAMETER_VALUE(1.)),.T.,.PARAMETER.);
#5305 = LINE('',#5306,#5307);
#5306 = CARTESIAN_POINT('',(-0.5,-1.35,0.1));
#5307 = VECTOR('',#5308,1.);
#5308 = DIRECTION('',(1.,0.,0.));
#5309 = CARTESIAN_POINT('',(-0.5,-1.35,0.1));
#5310 = CARTESIAN_POINT('',(0.5,-1.35,0.1));
#5311 = GEOMETRIC_CURVE_SET('',(#5312));
#5312 = TRIMMED_CURVE('',#5313,(#5317,PARAMETER_VALUE(0.)),(#5318,
    PARAMETER_VALUE(0.15)),.T.,.PARAMETER.);
#5313 = LINE('',#5314,#5315);
#5314 = CARTESIAN_POINT('',(0.5,-1.35,0.1));
#5315 = VECTOR('',#5316,1.);
#5316 = DIRECTION('',(0.,-1.,2.22044604925E-16));
#5317 = CARTESIAN_POINT('',(0.5,-1.35,0.1));
#5318 = CARTESIAN_POINT('',(0.5,-1.5,0.1));
#5319 = GEOMETRIC_CURVE_SET('',(#5320));
#5320 = TRIMMED_CURVE('',#5321,(#5325,PARAMETER_VALUE(0.)),(#5326,
    PARAMETER_VALUE(0.2)),.T.,.PARAMETER.);
#5321 = LINE('',#5322,#5323);
#5322 = CARTESIAN_POINT('',(0.5,-1.5,0.1));
#5323 = VECTOR('',#5324,1.);
#5324 = DIRECTION('',(1.,0.,0.));
#5325 = CARTESIAN_POINT('',(0.5,-1.5,0.1));
#5326 = CARTESIAN_POINT('',(0.7,-1.5,0.1));
#5327 = GEOMETRIC_CURVE_SET('',(#5328));
#5328 = TRIMMED_CURVE('',#5329,(#5333,PARAMETER_VALUE(0.)),(#5334,
    PARAMETER_VALUE(0.15)),.T.,.PARAMETER.);
#5329 = LINE('',#5330,#5331);
#5330 = CARTESIAN_POINT('',(0.7,-1.5,0.1));
#5331 = VECTOR('',#5332,1.);
#5332 = DIRECTION('',(0.,1.,-2.22044604925E-16));
#5333 = CARTESIAN_POINT('',(0.7,-1.5,0.1));
#5334 = CARTESIAN_POINT('',(0.7,-1.35,0.1));
#5335 = GEOMETRIC_CURVE_SET('',(#5336));
#5336 = TRIMMED_CURVE('',#5337,(#5341,PARAMETER_VALUE(0.)),(#5342,
    PARAMETER_VALUE(0.15)),.T.,.PARAMETER.);
#5337 = LINE('',#5338,#5339);
#5338 = CARTESIAN_POINT('',(0.7,-1.35,0.1));
#5339 = VECTOR('',#5340,1.);
#5340 = DIRECTION('',(1.,0.,0.));
#5341 = CARTESIAN_POINT('',(0.7,-1.35,0.1));
#5342 = CARTESIAN_POINT('',(0.85,-1.35,0.1));
#5343 = GEOMETRIC_CURVE_SET('',(#5344));
#5344 = TRIMMED_CURVE('',#5345,(#5349,PARAMETER_VALUE(0.)),(#5350,
    PARAMETER_VALUE(2.7)),.T.,.PARAMETER.);
#5345 = LINE('',#5346,#5347);
#5346 = CARTESIAN_POINT('',(0.85,-1.35,0.1));
#5347 = VECTOR('',#5348,1.);
#5348 = DIRECTION('',(0.,1.,-2.22044604925E-16));
#5349 = CARTESIAN_POINT('',(0.85,-1.35,0.1));
#5350 = CARTESIAN_POINT('',(0.85,1.35,1.E-01));
#5351 = GEOMETRIC_CURVE_SET('',(#5352));
#5352 = TRIMMED_CURVE('',#5353,(#5357,PARAMETER_VALUE(0.)),(#5358,
    PARAMETER_VALUE(0.15)),.T.,.PARAMETER.);
#5353 = LINE('',#5354,#5355);
#5354 = CARTESIAN_POINT('',(0.85,1.35,1.E-01));
#5355 = VECTOR('',#5356,1.);
#5356 = DIRECTION('',(-1.,0.,0.));
#5357 = CARTESIAN_POINT('',(0.85,1.35,1.E-01));
#5358 = CARTESIAN_POINT('',(0.7,1.35,1.E-01));
#5359 = GEOMETRIC_CURVE_SET('',(#5360));
#5360 = TRIMMED_CURVE('',#5361,(#5365,PARAMETER_VALUE(0.)),(#5366,
    PARAMETER_VALUE(0.15)),.T.,.PARAMETER.);
#5361 = LINE('',#5362,#5363);
#5362 = CARTESIAN_POINT('',(0.7,1.5,1.E-01));
#5363 = VECTOR('',#5364,1.);
#5364 = DIRECTION('',(0.,-1.,2.22044604925E-16));
#5365 = CARTESIAN_POINT('',(0.7,1.5,1.E-01));
#5366 = CARTESIAN_POINT('',(0.7,1.35,1.E-01));
#5367 = GEOMETRIC_CURVE_SET('',(#5368));
#5368 = TRIMMED_CURVE('',#5369,(#5373,PARAMETER_VALUE(0.)),(#5374,
    PARAMETER_VALUE(0.2)),.T.,.PARAMETER.);
#5369 = LINE('',#5370,#5371);
#5370 = CARTESIAN_POINT('',(0.5,1.5,1.E-01));
#5371 = VECTOR('',#5372,1.);
#5372 = DIRECTION('',(1.,0.,0.));
#5373 = CARTESIAN_POINT('',(0.5,1.5,1.E-01));
#5374 = CARTESIAN_POINT('',(0.7,1.5,1.E-01));
#5375 = GEOMETRIC_CURVE_SET('',(#5376));
#5376 = TRIMMED_CURVE('',#5377,(#5381,PARAMETER_VALUE(0.)),(#5382,
    PARAMETER_VALUE(0.15)),.T.,.PARAMETER.);
#5377 = LINE('',#5378,#5379);
#5378 = CARTESIAN_POINT('',(0.5,1.35,1.E-01));
#5379 = VECTOR('',#5380,1.);
#5380 = DIRECTION('',(0.,1.,-2.22044604925E-16));
#5381 = CARTESIAN_POINT('',(0.5,1.35,1.E-01));
#5382 = CARTESIAN_POINT('',(0.5,1.5,1.E-01));
#5383 = GEOMETRIC_CURVE_SET('',(#5384));
#5384 = TRIMMED_CURVE('',#5385,(#5389,PARAMETER_VALUE(0.)),(#5390,
    PARAMETER_VALUE(1.)),.T.,.PARAMETER.);
#5385 = LINE('',#5386,#5387);
#5386 = CARTESIAN_POINT('',(0.5,1.35,1.E-01));
#5387 = VECTOR('',#5388,1.);
#5388 = DIRECTION('',(-1.,0.,0.));
#5389 = CARTESIAN_POINT('',(0.5,1.35,1.E-01));
#5390 = CARTESIAN_POINT('',(-0.5,1.35,1.E-01));
#5391 = GEOMETRIC_CURVE_SET('',(#5392));
#5392 = TRIMMED_CURVE('',#5393,(#5397,PARAMETER_VALUE(0.)),(#5398,
    PARAMETER_VALUE(0.15)),.T.,.PARAMETER.);
#5393 = LINE('',#5394,#5395);
#5394 = CARTESIAN_POINT('',(-0.5,1.35,1.E-01));
#5395 = VECTOR('',#5396,1.);
#5396 = DIRECTION('',(0.,1.,-2.22044604925E-16));
#5397 = CARTESIAN_POINT('',(-0.5,1.35,1.E-01));
#5398 = CARTESIAN_POINT('',(-0.5,1.5,1.E-01));
#5399 = GEOMETRIC_CURVE_SET('',(#5400));
#5400 = TRIMMED_CURVE('',#5401,(#5405,PARAMETER_VALUE(0.)),(#5406,
    PARAMETER_VALUE(0.2)),.T.,.PARAMETER.);
#5401 = LINE('',#5402,#5403);
#5402 = CARTESIAN_POINT('',(-0.5,1.5,1.E-01));
#5403 = VECTOR('',#5404,1.);
#5404 = DIRECTION('',(-1.,0.,0.));
#5405 = CARTESIAN_POINT('',(-0.5,1.5,1.E-01));
#5406 = CARTESIAN_POINT('',(-0.7,1.5,1.E-01));
#5407 = GEOMETRIC_CURVE_SET('',(#5408));
#5408 = TRIMMED_CURVE('',#5409,(#5413,PARAMETER_VALUE(0.)),(#5414,
    PARAMETER_VALUE(0.15)),.T.,.PARAMETER.);
#5409 = LINE('',#5410,#5411);
#5410 = CARTESIAN_POINT('',(-0.7,1.5,1.E-01));
#5411 = VECTOR('',#5412,1.);
#5412 = DIRECTION('',(0.,-1.,2.22044604925E-16));
#5413 = CARTESIAN_POINT('',(-0.7,1.5,1.E-01));
#5414 = CARTESIAN_POINT('',(-0.7,1.35,1.E-01));
#5415 = GEOMETRIC_CURVE_SET('',(#5416));
#5416 = TRIMMED_CURVE('',#5417,(#5421,PARAMETER_VALUE(0.)),(#5422,
    PARAMETER_VALUE(0.15)),.T.,.PARAMETER.);
#5417 = LINE('',#5418,#5419);
#5418 = CARTESIAN_POINT('',(-0.7,1.35,1.E-01));
#5419 = VECTOR('',#5420,1.);
#5420 = DIRECTION('',(-1.,0.,0.));
#5421 = CARTESIAN_POINT('',(-0.7,1.35,1.E-01));
#5422 = CARTESIAN_POINT('',(-0.85,1.35,1.E-01));
#5423 = GEOMETRIC_CURVE_SET('',(#5424));
#5424 = TRIMMED_CURVE('',#5425,(#5429,PARAMETER_VALUE(0.)),(#5430,
    PARAMETER_VALUE(2.7)),.T.,.PARAMETER.);
#5425 = LINE('',#5426,#5427);
#5426 = CARTESIAN_POINT('',(-0.85,1.35,1.E-01));
#5427 = VECTOR('',#5428,1.);
#5428 = DIRECTION('',(0.,-1.,2.22044604925E-16));
#5429 = CARTESIAN_POINT('',(-0.85,1.35,1.E-01));
#5430 = CARTESIAN_POINT('',(-0.85,-1.35,0.1));
#5431 = GEOMETRIC_CURVE_SET('',(#5432));
#5432 = TRIMMED_CURVE('',#5433,(#5437,PARAMETER_VALUE(0.)),(#5438,
    PARAMETER_VALUE(0.15)),.T.,.PARAMETER.);
#5433 = LINE('',#5434,#5435);
#5434 = CARTESIAN_POINT('',(-0.85,-1.35,0.1));
#5435 = VECTOR('',#5436,1.);
#5436 = DIRECTION('',(1.,0.,0.));
#5437 = CARTESIAN_POINT('',(-0.85,-1.35,0.1));
#5438 = CARTESIAN_POINT('',(-0.7,-1.35,0.1));
#5439 = GEOMETRIC_CURVE_SET('',(#5440));
#5440 = TRIMMED_CURVE('',#5441,(#5445,PARAMETER_VALUE(0.)),(#5446,
    PARAMETER_VALUE(0.15)),.T.,.PARAMETER.);
#5441 = LINE('',#5442,#5443);
#5442 = CARTESIAN_POINT('',(-0.7,-1.5,0.1));
#5443 = VECTOR('',#5444,1.);
#5444 = DIRECTION('',(0.,1.,-2.22044604925E-16));
#5445 = CARTESIAN_POINT('',(-0.7,-1.5,0.1));
#5446 = CARTESIAN_POINT('',(-0.7,-1.35,0.1));
#5447 = GEOMETRIC_CURVE_SET('',(#5448));
#5448 = TRIMMED_CURVE('',#5449,(#5453,PARAMETER_VALUE(0.)),(#5454,
    PARAMETER_VALUE(0.2)),.T.,.PARAMETER.);
#5449 = LINE('',#5450,#5451);
#5450 = CARTESIAN_POINT('',(-0.5,-1.5,0.1));
#5451 = VECTOR('',#5452,1.);
#5452 = DIRECTION('',(-1.,0.,0.));
#5453 = CARTESIAN_POINT('',(-0.5,-1.5,0.1));
#5454 = CARTESIAN_POINT('',(-0.7,-1.5,0.1));
#5455 = GEOMETRIC_CURVE_SET('',(#5456));
#5456 = TRIMMED_CURVE('',#5457,(#5461,PARAMETER_VALUE(0.)),(#5462,
    PARAMETER_VALUE(0.15)),.T.,.PARAMETER.);
#5457 = LINE('',#5458,#5459);
#5458 = CARTESIAN_POINT('',(-0.5,-1.35,0.1));
#5459 = VECTOR('',#5460,1.);
#5460 = DIRECTION('',(0.,-1.,2.22044604925E-16));
#5461 = CARTESIAN_POINT('',(-0.5,-1.35,0.1));
#5462 = CARTESIAN_POINT('',(-0.5,-1.5,0.1));
#5463 = GEOMETRIC_CURVE_SET('',(#5464));
#5464 = TRIMMED_CURVE('',#5465,(#5469,PARAMETER_VALUE(0.)),(#5470,
    PARAMETER_VALUE(2.25)),.T.,.PARAMETER.);
#5465 = LINE('',#5466,#5467);
#5466 = CARTESIAN_POINT('',(-0.75,-1.25,0.1));
#5467 = VECTOR('',#5468,1.);
#5468 = DIRECTION('',(0.,1.,-2.22044604925E-16));
#5469 = CARTESIAN_POINT('',(-0.75,-1.25,0.1));
#5470 = CARTESIAN_POINT('',(-0.75,1.,1.E-01));
#5471 = GEOMETRIC_CURVE_SET('',(#5472));
#5472 = TRIMMED_CURVE('',#5473,(#5477,PARAMETER_VALUE(0.)),(#5478,
    PARAMETER_VALUE(0.353553390593)),.T.,.PARAMETER.);
#5473 = LINE('',#5474,#5475);
#5474 = CARTESIAN_POINT('',(-0.5,1.25,1.E-01));
#5475 = VECTOR('',#5476,1.);
#5476 = DIRECTION('',(-0.707106781187,-0.707106781187,1.570092458684E-16
    ));
#5477 = CARTESIAN_POINT('',(-0.5,1.25,1.E-01));
#5478 = CARTESIAN_POINT('',(-0.75,1.,1.E-01));
#5479 = GEOMETRIC_CURVE_SET('',(#5480));
#5480 = TRIMMED_CURVE('',#5481,(#5485,PARAMETER_VALUE(0.)),(#5486,
    PARAMETER_VALUE(1.25)),.T.,.PARAMETER.);
#5481 = LINE('',#5482,#5483);
#5482 = CARTESIAN_POINT('',(-0.5,1.25,1.E-01));
#5483 = VECTOR('',#5484,1.);
#5484 = DIRECTION('',(1.,0.,0.));
#5485 = CARTESIAN_POINT('',(-0.5,1.25,1.E-01));
#5486 = CARTESIAN_POINT('',(0.75,1.25,1.E-01));
#5487 = GEOMETRIC_CURVE_SET('',(#5488));
#5488 = TRIMMED_CURVE('',#5489,(#5493,PARAMETER_VALUE(0.)),(#5494,
    PARAMETER_VALUE(2.5)),.T.,.PARAMETER.);
#5489 = LINE('',#5490,#5491);
#5490 = CARTESIAN_POINT('',(0.75,1.25,1.E-01));
#5491 = VECTOR('',#5492,1.);
#5492 = DIRECTION('',(0.,-1.,2.22044604925E-16));
#5493 = CARTESIAN_POINT('',(0.75,1.25,1.E-01));
#5494 = CARTESIAN_POINT('',(0.75,-1.25,0.1));
#5495 = GEOMETRIC_CURVE_SET('',(#5496));
#5496 = TRIMMED_CURVE('',#5497,(#5501,PARAMETER_VALUE(0.)),(#5502,
    PARAMETER_VALUE(1.5)),.T.,.PARAMETER.);
#5497 = LINE('',#5498,#5499);
#5498 = CARTESIAN_POINT('',(0.75,-1.25,0.1));
#5499 = VECTOR('',#5500,1.);
#5500 = DIRECTION('',(-1.,0.,0.));
#5501 = CARTESIAN_POINT('',(0.75,-1.25,0.1));
#5502 = CARTESIAN_POINT('',(-0.75,-1.25,0.1));
#5503 = GEOMETRIC_CURVE_SET('',(#5504));
#5504 = TRIMMED_CURVE('',#5505,(#5509,PARAMETER_VALUE(0.)),(#5510,
    PARAMETER_VALUE(0.1)),.T.,.PARAMETER.);
#5505 = LINE('',#5506,#5507);
#5506 = CARTESIAN_POINT('',(-0.7,-1.35,0.1));
#5507 = VECTOR('',#5508,1.);
#5508 = DIRECTION('',(0.,2.22044604925E-16,1.));
#5509 = CARTESIAN_POINT('',(-0.7,-1.35,0.1));
#5510 = CARTESIAN_POINT('',(-0.7,-1.35,0.2));
#5511 = GEOMETRIC_CURVE_SET('',(#5512));
#5512 = TRIMMED_CURVE('',#5513,(#5517,PARAMETER_VALUE(0.)),(#5518,
    PARAMETER_VALUE(0.15)),.T.,.PARAMETER.);
#5513 = LINE('',#5514,#5515);
#5514 = CARTESIAN_POINT('',(-0.85,-1.35,0.1));
#5515 = VECTOR('',#5516,1.);
#5516 = DIRECTION('',(1.,0.,0.));
#5517 = CARTESIAN_POINT('',(-0.85,-1.35,0.1));
#5518 = CARTESIAN_POINT('',(-0.7,-1.35,0.1));
#5519 = GEOMETRIC_CURVE_SET('',(#5520));
#5520 = TRIMMED_CURVE('',#5521,(#5525,PARAMETER_VALUE(0.)),(#5526,
    PARAMETER_VALUE(0.1)),.T.,.PARAMETER.);
#5521 = LINE('',#5522,#5523);
#5522 = CARTESIAN_POINT('',(-0.85,-1.35,0.1));
#5523 = VECTOR('',#5524,1.);
#5524 = DIRECTION('',(0.,2.22044604925E-16,1.));
#5525 = CARTESIAN_POINT('',(-0.85,-1.35,0.1));
#5526 = CARTESIAN_POINT('',(-0.85,-1.35,0.2));
#5527 = GEOMETRIC_CURVE_SET('',(#5528));
#5528 = TRIMMED_CURVE('',#5529,(#5533,PARAMETER_VALUE(0.)),(#5534,
    PARAMETER_VALUE(0.15)),.T.,.PARAMETER.);
#5529 = LINE('',#5530,#5531);
#5530 = CARTESIAN_POINT('',(-0.85,-1.35,0.2));
#5531 = VECTOR('',#5532,1.);
#5532 = DIRECTION('',(1.,0.,0.));
#5533 = CARTESIAN_POINT('',(-0.85,-1.35,0.2));
#5534 = CARTESIAN_POINT('',(-0.7,-1.35,0.2));
#5535 = GEOMETRIC_CURVE_SET('',(#5536));
#5536 = TRIMMED_CURVE('',#5537,(#5541,PARAMETER_VALUE(0.)),(#5542,
    PARAMETER_VALUE(0.1)),.T.,.PARAMETER.);
#5537 = LINE('',#5538,#5539);
#5538 = CARTESIAN_POINT('',(0.5,-1.35,0.1));
#5539 = VECTOR('',#5540,1.);
#5540 = DIRECTION('',(0.,2.22044604925E-16,1.));
#5541 = CARTESIAN_POINT('',(0.5,-1.35,0.1));
#5542 = CARTESIAN_POINT('',(0.5,-1.35,0.2));
#5543 = GEOMETRIC_CURVE_SET('',(#5544));
#5544 = TRIMMED_CURVE('',#5545,(#5549,PARAMETER_VALUE(0.)),(#5550,
    PARAMETER_VALUE(1.)),.T.,.PARAMETER.);
#5545 = LINE('',#5546,#5547);
#5546 = CARTESIAN_POINT('',(-0.5,-1.35,0.1));
#5547 = VECTOR('',#5548,1.);
#5548 = DIRECTION('',(1.,0.,0.));
#5549 = CARTESIAN_POINT('',(-0.5,-1.35,0.1));
#5550 = CARTESIAN_POINT('',(0.5,-1.35,0.1));
#5551 = GEOMETRIC_CURVE_SET('',(#5552));
#5552 = TRIMMED_CURVE('',#5553,(#5557,PARAMETER_VALUE(0.)),(#5558,
    PARAMETER_VALUE(0.1)),.T.,.PARAMETER.);
#5553 = LINE('',#5554,#5555);
#5554 = CARTESIAN_POINT('',(-0.5,-1.35,0.1));
#5555 = VECTOR('',#5556,1.);
#5556 = DIRECTION('',(0.,2.22044604925E-16,1.));
#5557 = CARTESIAN_POINT('',(-0.5,-1.35,0.1));
#5558 = CARTESIAN_POINT('',(-0.5,-1.35,0.2));
#5559 = GEOMETRIC_CURVE_SET('',(#5560));
#5560 = TRIMMED_CURVE('',#5561,(#5565,PARAMETER_VALUE(0.)),(#5566,
    PARAMETER_VALUE(1.)),.T.,.PARAMETER.);
#5561 = LINE('',#5562,#5563);
#5562 = CARTESIAN_POINT('',(-0.5,-1.35,0.2));
#5563 = VECTOR('',#5564,1.);
#5564 = DIRECTION('',(1.,0.,0.));
#5565 = CARTESIAN_POINT('',(-0.5,-1.35,0.2));
#5566 = CARTESIAN_POINT('',(0.5,-1.35,0.2));
#5567 = GEOMETRIC_CURVE_SET('',(#5568));
#5568 = TRIMMED_CURVE('',#5569,(#5573,PARAMETER_VALUE(0.)),(#5574,
    PARAMETER_VALUE(0.1)),.T.,.PARAMETER.);
#5569 = LINE('',#5570,#5571);
#5570 = CARTESIAN_POINT('',(0.7,-1.35,0.1));
#5571 = VECTOR('',#5572,1.);
#5572 = DIRECTION('',(0.,2.22044604925E-16,1.));
#5573 = CARTESIAN_POINT('',(0.7,-1.35,0.1));
#5574 = CARTESIAN_POINT('',(0.7,-1.35,0.2));
#5575 = GEOMETRIC_CURVE_SET('',(#5576));
#5576 = TRIMMED_CURVE('',#5577,(#5581,PARAMETER_VALUE(0.)),(#5582,
    PARAMETER_VALUE(0.15)),.T.,.PARAMETER.);
#5577 = LINE('',#5578,#5579);
#5578 = CARTESIAN_POINT('',(0.7,-1.35,0.2));
#5579 = VECTOR('',#5580,1.);
#5580 = DIRECTION('',(1.,0.,0.));
#5581 = CARTESIAN_POINT('',(0.7,-1.35,0.2));
#5582 = CARTESIAN_POINT('',(0.85,-1.35,0.2));
#5583 = GEOMETRIC_CURVE_SET('',(#5584));
#5584 = TRIMMED_CURVE('',#5585,(#5589,PARAMETER_VALUE(0.)),(#5590,
    PARAMETER_VALUE(0.1)),.T.,.PARAMETER.);
#5585 = LINE('',#5586,#5587);
#5586 = CARTESIAN_POINT('',(0.85,-1.35,0.1));
#5587 = VECTOR('',#5588,1.);
#5588 = DIRECTION('',(0.,2.22044604925E-16,1.));
#5589 = CARTESIAN_POINT('',(0.85,-1.35,0.1));
#5590 = CARTESIAN_POINT('',(0.85,-1.35,0.2));
#5591 = GEOMETRIC_CURVE_SET('',(#5592));
#5592 = TRIMMED_CURVE('',#5593,(#5597,PARAMETER_VALUE(0.)),(#5598,
    PARAMETER_VALUE(0.15)),.T.,.PARAMETER.);
#5593 = LINE('',#5594,#5595);
#5594 = CARTESIAN_POINT('',(0.7,-1.35,0.1));
#5595 = VECTOR('',#5596,1.);
#5596 = DIRECTION('',(1.,0.,0.));
#5597 = CARTESIAN_POINT('',(0.7,-1.35,0.1));
#5598 = CARTESIAN_POINT('',(0.85,-1.35,0.1));
#5599 = GEOMETRIC_CURVE_SET('',(#5600));
#5600 = TRIMMED_CURVE('',#5601,(#5605,PARAMETER_VALUE(0.)),(#5606,
    PARAMETER_VALUE(0.15)),.T.,.PARAMETER.);
#5601 = LINE('',#5602,#5603);
#5602 = CARTESIAN_POINT('',(-0.7,-1.5,0.1));
#5603 = VECTOR('',#5604,1.);
#5604 = DIRECTION('',(0.,1.,-2.22044604925E-16));
#5605 = CARTESIAN_POINT('',(-0.7,-1.5,0.1));
#5606 = CARTESIAN_POINT('',(-0.7,-1.35,0.1));
#5607 = GEOMETRIC_CURVE_SET('',(#5608));
#5608 = TRIMMED_CURVE('',#5609,(#5613,PARAMETER_VALUE(0.)),(#5614,
    PARAMETER_VALUE(0.1)),.T.,.PARAMETER.);
#5609 = LINE('',#5610,#5611);
#5610 = CARTESIAN_POINT('',(-0.7,-1.35,0.1));
#5611 = VECTOR('',#5612,1.);
#5612 = DIRECTION('',(0.,2.22044604925E-16,1.));
#5613 = CARTESIAN_POINT('',(-0.7,-1.35,0.1));
#5614 = CARTESIAN_POINT('',(-0.7,-1.35,0.2));
#5615 = GEOMETRIC_CURVE_SET('',(#5616));
#5616 = TRIMMED_CURVE('',#5617,(#5621,PARAMETER_VALUE(0.)),(#5622,
    PARAMETER_VALUE(0.15)),.T.,.PARAMETER.);
#5617 = LINE('',#5618,#5619);
#5618 = CARTESIAN_POINT('',(-0.7,-1.5,0.2));
#5619 = VECTOR('',#5620,1.);
#5620 = DIRECTION('',(0.,1.,-2.22044604925E-16));
#5621 = CARTESIAN_POINT('',(-0.7,-1.5,0.2));
#5622 = CARTESIAN_POINT('',(-0.7,-1.35,0.2));
#5623 = GEOMETRIC_CURVE_SET('',(#5624));
#5624 = TRIMMED_CURVE('',#5625,(#5629,PARAMETER_VALUE(0.)),(#5630,
    PARAMETER_VALUE(0.1)),.T.,.PARAMETER.);
#5625 = LINE('',#5626,#5627);
#5626 = CARTESIAN_POINT('',(-0.7,-1.5,0.1));
#5627 = VECTOR('',#5628,1.);
#5628 = DIRECTION('',(0.,2.22044604925E-16,1.));
#5629 = CARTESIAN_POINT('',(-0.7,-1.5,0.1));
#5630 = CARTESIAN_POINT('',(-0.7,-1.5,0.2));
#5631 = GEOMETRIC_CURVE_SET('',(#5632));
#5632 = TRIMMED_CURVE('',#5633,(#5637,PARAMETER_VALUE(0.)),(#5638,
    PARAMETER_VALUE(0.15)),.T.,.PARAMETER.);
#5633 = LINE('',#5634,#5635);
#5634 = CARTESIAN_POINT('',(0.7,-1.35,0.2));
#5635 = VECTOR('',#5636,1.);
#5636 = DIRECTION('',(1.,0.,0.));
#5637 = CARTESIAN_POINT('',(0.7,-1.35,0.2));
#5638 = CARTESIAN_POINT('',(0.85,-1.35,0.2));
#5639 = GEOMETRIC_CURVE_SET('',(#5640));
#5640 = TRIMMED_CURVE('',#5641,(#5645,PARAMETER_VALUE(0.)),(#5646,
    PARAMETER_VALUE(0.15)),.T.,.PARAMETER.);
#5641 = LINE('',#5642,#5643);
#5642 = CARTESIAN_POINT('',(0.7,-1.5,0.2));
#5643 = VECTOR('',#5644,1.);
#5644 = DIRECTION('',(0.,1.,-2.22044604925E-16));
#5645 = CARTESIAN_POINT('',(0.7,-1.5,0.2));
#5646 = CARTESIAN_POINT('',(0.7,-1.35,0.2));
#5647 = GEOMETRIC_CURVE_SET('',(#5648));
#5648 = TRIMMED_CURVE('',#5649,(#5653,PARAMETER_VALUE(0.)),(#5654,
    PARAMETER_VALUE(0.2)),.T.,.PARAMETER.);
#5649 = LINE('',#5650,#5651);
#5650 = CARTESIAN_POINT('',(0.5,-1.5,0.2));
#5651 = VECTOR('',#5652,1.);
#5652 = DIRECTION('',(1.,0.,0.));
#5653 = CARTESIAN_POINT('',(0.5,-1.5,0.2));
#5654 = CARTESIAN_POINT('',(0.7,-1.5,0.2));
#5655 = GEOMETRIC_CURVE_SET('',(#5656));
#5656 = TRIMMED_CURVE('',#5657,(#5661,PARAMETER_VALUE(0.)),(#5662,
    PARAMETER_VALUE(0.15)),.T.,.PARAMETER.);
#5657 = LINE('',#5658,#5659);
#5658 = CARTESIAN_POINT('',(0.5,-1.35,0.2));
#5659 = VECTOR('',#5660,1.);
#5660 = DIRECTION('',(0.,-1.,2.22044604925E-16));
#5661 = CARTESIAN_POINT('',(0.5,-1.35,0.2));
#5662 = CARTESIAN_POINT('',(0.5,-1.5,0.2));
#5663 = GEOMETRIC_CURVE_SET('',(#5664));
#5664 = TRIMMED_CURVE('',#5665,(#5669,PARAMETER_VALUE(0.)),(#5670,
    PARAMETER_VALUE(1.)),.T.,.PARAMETER.);
#5665 = LINE('',#5666,#5667);
#5666 = CARTESIAN_POINT('',(-0.5,-1.35,0.2));
#5667 = VECTOR('',#5668,1.);
#5668 = DIRECTION('',(1.,0.,0.));
#5669 = CARTESIAN_POINT('',(-0.5,-1.35,0.2));
#5670 = CARTESIAN_POINT('',(0.5,-1.35,0.2));
#5671 = GEOMETRIC_CURVE_SET('',(#5672));
#5672 = TRIMMED_CURVE('',#5673,(#5677,PARAMETER_VALUE(0.)),(#5678,
    PARAMETER_VALUE(0.15)),.T.,.PARAMETER.);
#5673 = LINE('',#5674,#5675);
#5674 = CARTESIAN_POINT('',(-0.5,-1.35,0.2));
#5675 = VECTOR('',#5676,1.);
#5676 = DIRECTION('',(0.,-1.,2.22044604925E-16));
#5677 = CARTESIAN_POINT('',(-0.5,-1.35,0.2));
#5678 = CARTESIAN_POINT('',(-0.5,-1.5,0.2));
#5679 = GEOMETRIC_CURVE_SET('',(#5680));
#5680 = TRIMMED_CURVE('',#5681,(#5685,PARAMETER_VALUE(0.)),(#5686,
    PARAMETER_VALUE(0.2)),.T.,.PARAMETER.);
#5681 = LINE('',#5682,#5683);
#5682 = CARTESIAN_POINT('',(-0.5,-1.5,0.2));
#5683 = VECTOR('',#5684,1.);
#5684 = DIRECTION('',(-1.,0.,0.));
#5685 = CARTESIAN_POINT('',(-0.5,-1.5,0.2));
#5686 = CARTESIAN_POINT('',(-0.7,-1.5,0.2));
#5687 = GEOMETRIC_CURVE_SET('',(#5688));
#5688 = TRIMMED_CURVE('',#5689,(#5693,PARAMETER_VALUE(0.)),(#5694,
    PARAMETER_VALUE(0.15)),.T.,.PARAMETER.);
#5689 = LINE('',#5690,#5691);
#5690 = CARTESIAN_POINT('',(-0.7,-1.5,0.2));
#5691 = VECTOR('',#5692,1.);
#5692 = DIRECTION('',(0.,1.,-2.22044604925E-16));
#5693 = CARTESIAN_POINT('',(-0.7,-1.5,0.2));
#5694 = CARTESIAN_POINT('',(-0.7,-1.35,0.2));
#5695 = GEOMETRIC_CURVE_SET('',(#5696));
#5696 = TRIMMED_CURVE('',#5697,(#5701,PARAMETER_VALUE(0.)),(#5702,
    PARAMETER_VALUE(0.15)),.T.,.PARAMETER.);
#5697 = LINE('',#5698,#5699);
#5698 = CARTESIAN_POINT('',(-0.85,-1.35,0.2));
#5699 = VECTOR('',#5700,1.);
#5700 = DIRECTION('',(1.,0.,0.));
#5701 = CARTESIAN_POINT('',(-0.85,-1.35,0.2));
#5702 = CARTESIAN_POINT('',(-0.7,-1.35,0.2));
#5703 = GEOMETRIC_CURVE_SET('',(#5704));
#5704 = TRIMMED_CURVE('',#5705,(#5709,PARAMETER_VALUE(0.)),(#5710,
    PARAMETER_VALUE(2.7)),.T.,.PARAMETER.);
#5705 = LINE('',#5706,#5707);
#5706 = CARTESIAN_POINT('',(-0.85,1.35,0.2));
#5707 = VECTOR('',#5708,1.);
#5708 = DIRECTION('',(0.,-1.,2.22044604925E-16));
#5709 = CARTESIAN_POINT('',(-0.85,1.35,0.2));
#5710 = CARTESIAN_POINT('',(-0.85,-1.35,0.2));
#5711 = GEOMETRIC_CURVE_SET('',(#5712));
#5712 = TRIMMED_CURVE('',#5713,(#5717,PARAMETER_VALUE(0.)),(#5718,
    PARAMETER_VALUE(0.15)),.T.,.PARAMETER.);
#5713 = LINE('',#5714,#5715);
#5714 = CARTESIAN_POINT('',(-0.7,1.35,0.2));
#5715 = VECTOR('',#5716,1.);
#5716 = DIRECTION('',(-1.,0.,0.));
#5717 = CARTESIAN_POINT('',(-0.7,1.35,0.2));
#5718 = CARTESIAN_POINT('',(-0.85,1.35,0.2));
#5719 = GEOMETRIC_CURVE_SET('',(#5720));
#5720 = TRIMMED_CURVE('',#5721,(#5725,PARAMETER_VALUE(0.)),(#5726,
    PARAMETER_VALUE(0.15)),.T.,.PARAMETER.);
#5721 = LINE('',#5722,#5723);
#5722 = CARTESIAN_POINT('',(-0.7,1.5,0.2));
#5723 = VECTOR('',#5724,1.);
#5724 = DIRECTION('',(0.,-1.,2.22044604925E-16));
#5725 = CARTESIAN_POINT('',(-0.7,1.5,0.2));
#5726 = CARTESIAN_POINT('',(-0.7,1.35,0.2));
#5727 = GEOMETRIC_CURVE_SET('',(#5728));
#5728 = TRIMMED_CURVE('',#5729,(#5733,PARAMETER_VALUE(0.)),(#5734,
    PARAMETER_VALUE(0.2)),.T.,.PARAMETER.);
#5729 = LINE('',#5730,#5731);
#5730 = CARTESIAN_POINT('',(-0.5,1.5,0.2));
#5731 = VECTOR('',#5732,1.);
#5732 = DIRECTION('',(-1.,0.,0.));
#5733 = CARTESIAN_POINT('',(-0.5,1.5,0.2));
#5734 = CARTESIAN_POINT('',(-0.7,1.5,0.2));
#5735 = GEOMETRIC_CURVE_SET('',(#5736));
#5736 = TRIMMED_CURVE('',#5737,(#5741,PARAMETER_VALUE(0.)),(#5742,
    PARAMETER_VALUE(0.15)),.T.,.PARAMETER.);
#5737 = LINE('',#5738,#5739);
#5738 = CARTESIAN_POINT('',(-0.5,1.35,0.2));
#5739 = VECTOR('',#5740,1.);
#5740 = DIRECTION('',(0.,1.,-2.22044604925E-16));
#5741 = CARTESIAN_POINT('',(-0.5,1.35,0.2));
#5742 = CARTESIAN_POINT('',(-0.5,1.5,0.2));
#5743 = GEOMETRIC_CURVE_SET('',(#5744));
#5744 = TRIMMED_CURVE('',#5745,(#5749,PARAMETER_VALUE(0.)),(#5750,
    PARAMETER_VALUE(1.)),.T.,.PARAMETER.);
#5745 = LINE('',#5746,#5747);
#5746 = CARTESIAN_POINT('',(0.5,1.35,0.2));
#5747 = VECTOR('',#5748,1.);
#5748 = DIRECTION('',(-1.,0.,0.));
#5749 = CARTESIAN_POINT('',(0.5,1.35,0.2));
#5750 = CARTESIAN_POINT('',(-0.5,1.35,0.2));
#5751 = GEOMETRIC_CURVE_SET('',(#5752));
#5752 = TRIMMED_CURVE('',#5753,(#5757,PARAMETER_VALUE(0.)),(#5758,
    PARAMETER_VALUE(0.15)),.T.,.PARAMETER.);
#5753 = LINE('',#5754,#5755);
#5754 = CARTESIAN_POINT('',(0.5,1.35,0.2));
#5755 = VECTOR('',#5756,1.);
#5756 = DIRECTION('',(0.,1.,-2.22044604925E-16));
#5757 = CARTESIAN_POINT('',(0.5,1.35,0.2));
#5758 = CARTESIAN_POINT('',(0.5,1.5,0.2));
#5759 = GEOMETRIC_CURVE_SET('',(#5760));
#5760 = TRIMMED_CURVE('',#5761,(#5765,PARAMETER_VALUE(0.)),(#5766,
    PARAMETER_VALUE(0.2)),.T.,.PARAMETER.);
#5761 = LINE('',#5762,#5763);
#5762 = CARTESIAN_POINT('',(0.5,1.5,0.2));
#5763 = VECTOR('',#5764,1.);
#5764 = DIRECTION('',(1.,0.,0.));
#5765 = CARTESIAN_POINT('',(0.5,1.5,0.2));
#5766 = CARTESIAN_POINT('',(0.7,1.5,0.2));
#5767 = GEOMETRIC_CURVE_SET('',(#5768));
#5768 = TRIMMED_CURVE('',#5769,(#5773,PARAMETER_VALUE(0.)),(#5774,
    PARAMETER_VALUE(0.15)),.T.,.PARAMETER.);
#5769 = LINE('',#5770,#5771);
#5770 = CARTESIAN_POINT('',(0.7,1.5,0.2));
#5771 = VECTOR('',#5772,1.);
#5772 = DIRECTION('',(0.,-1.,2.22044604925E-16));
#5773 = CARTESIAN_POINT('',(0.7,1.5,0.2));
#5774 = CARTESIAN_POINT('',(0.7,1.35,0.2));
#5775 = GEOMETRIC_CURVE_SET('',(#5776));
#5776 = TRIMMED_CURVE('',#5777,(#5781,PARAMETER_VALUE(0.)),(#5782,
    PARAMETER_VALUE(0.15)),.T.,.PARAMETER.);
#5777 = LINE('',#5778,#5779);
#5778 = CARTESIAN_POINT('',(0.85,1.35,0.2));
#5779 = VECTOR('',#5780,1.);
#5780 = DIRECTION('',(-1.,0.,0.));
#5781 = CARTESIAN_POINT('',(0.85,1.35,0.2));
#5782 = CARTESIAN_POINT('',(0.7,1.35,0.2));
#5783 = GEOMETRIC_CURVE_SET('',(#5784));
#5784 = TRIMMED_CURVE('',#5785,(#5789,PARAMETER_VALUE(0.)),(#5790,
    PARAMETER_VALUE(2.7)),.T.,.PARAMETER.);
#5785 = LINE('',#5786,#5787);
#5786 = CARTESIAN_POINT('',(0.85,-1.35,0.2));
#5787 = VECTOR('',#5788,1.);
#5788 = DIRECTION('',(0.,1.,-2.22044604925E-16));
#5789 = CARTESIAN_POINT('',(0.85,-1.35,0.2));
#5790 = CARTESIAN_POINT('',(0.85,1.35,0.2));
#5791 = GEOMETRIC_CURVE_SET('',(#5792));
#5792 = TRIMMED_CURVE('',#5793,(#5797,PARAMETER_VALUE(0.)),(#5798,
    PARAMETER_VALUE(0.15)),.T.,.PARAMETER.);
#5793 = LINE('',#5794,#5795);
#5794 = CARTESIAN_POINT('',(0.7,-1.5,0.1));
#5795 = VECTOR('',#5796,1.);
#5796 = DIRECTION('',(0.,1.,-2.22044604925E-16));
#5797 = CARTESIAN_POINT('',(0.7,-1.5,0.1));
#5798 = CARTESIAN_POINT('',(0.7,-1.35,0.1));
#5799 = GEOMETRIC_CURVE_SET('',(#5800));
#5800 = TRIMMED_CURVE('',#5801,(#5805,PARAMETER_VALUE(0.)),(#5806,
    PARAMETER_VALUE(0.1)),.T.,.PARAMETER.);
#5801 = LINE('',#5802,#5803);
#5802 = CARTESIAN_POINT('',(0.7,-1.5,0.1));
#5803 = VECTOR('',#5804,1.);
#5804 = DIRECTION('',(0.,2.22044604925E-16,1.));
#5805 = CARTESIAN_POINT('',(0.7,-1.5,0.1));
#5806 = CARTESIAN_POINT('',(0.7,-1.5,0.2));
#5807 = GEOMETRIC_CURVE_SET('',(#5808));
#5808 = TRIMMED_CURVE('',#5809,(#5813,PARAMETER_VALUE(0.)),(#5814,
    PARAMETER_VALUE(0.15)),.T.,.PARAMETER.);
#5809 = LINE('',#5810,#5811);
#5810 = CARTESIAN_POINT('',(0.7,-1.5,0.2));
#5811 = VECTOR('',#5812,1.);
#5812 = DIRECTION('',(0.,1.,-2.22044604925E-16));
#5813 = CARTESIAN_POINT('',(0.7,-1.5,0.2));
#5814 = CARTESIAN_POINT('',(0.7,-1.35,0.2));
#5815 = GEOMETRIC_CURVE_SET('',(#5816));
#5816 = TRIMMED_CURVE('',#5817,(#5821,PARAMETER_VALUE(0.)),(#5822,
    PARAMETER_VALUE(0.1)),.T.,.PARAMETER.);
#5817 = LINE('',#5818,#5819);
#5818 = CARTESIAN_POINT('',(0.7,-1.35,0.1));
#5819 = VECTOR('',#5820,1.);
#5820 = DIRECTION('',(0.,2.22044604925E-16,1.));
#5821 = CARTESIAN_POINT('',(0.7,-1.35,0.1));
#5822 = CARTESIAN_POINT('',(0.7,-1.35,0.2));
#5823 = GEOMETRIC_CURVE_SET('',(#5824));
#5824 = TRIMMED_CURVE('',#5825,(#5829,PARAMETER_VALUE(0.)),(#5830,
    PARAMETER_VALUE(0.2)),.T.,.PARAMETER.);
#5825 = LINE('',#5826,#5827);
#5826 = CARTESIAN_POINT('',(0.5,-1.5,0.1));
#5827 = VECTOR('',#5828,1.);
#5828 = DIRECTION('',(1.,0.,0.));
#5829 = CARTESIAN_POINT('',(0.5,-1.5,0.1));
#5830 = CARTESIAN_POINT('',(0.7,-1.5,0.1));
#5831 = GEOMETRIC_CURVE_SET('',(#5832));
#5832 = TRIMMED_CURVE('',#5833,(#5837,PARAMETER_VALUE(0.)),(#5838,
    PARAMETER_VALUE(0.1)),.T.,.PARAMETER.);
#5833 = LINE('',#5834,#5835);
#5834 = CARTESIAN_POINT('',(0.5,-1.5,0.1));
#5835 = VECTOR('',#5836,1.);
#5836 = DIRECTION('',(0.,2.22044604925E-16,1.));
#5837 = CARTESIAN_POINT('',(0.5,-1.5,0.1));
#5838 = CARTESIAN_POINT('',(0.5,-1.5,0.2));
#5839 = GEOMETRIC_CURVE_SET('',(#5840));
#5840 = TRIMMED_CURVE('',#5841,(#5845,PARAMETER_VALUE(0.)),(#5846,
    PARAMETER_VALUE(0.2)),.T.,.PARAMETER.);
#5841 = LINE('',#5842,#5843);
#5842 = CARTESIAN_POINT('',(0.5,-1.5,0.2));
#5843 = VECTOR('',#5844,1.);
#5844 = DIRECTION('',(1.,0.,0.));
#5845 = CARTESIAN_POINT('',(0.5,-1.5,0.2));
#5846 = CARTESIAN_POINT('',(0.7,-1.5,0.2));
#5847 = GEOMETRIC_CURVE_SET('',(#5848));
#5848 = TRIMMED_CURVE('',#5849,(#5853,PARAMETER_VALUE(0.)),(#5854,
    PARAMETER_VALUE(0.1)),.T.,.PARAMETER.);
#5849 = LINE('',#5850,#5851);
#5850 = CARTESIAN_POINT('',(0.7,-1.5,0.1));
#5851 = VECTOR('',#5852,1.);
#5852 = DIRECTION('',(0.,2.22044604925E-16,1.));
#5853 = CARTESIAN_POINT('',(0.7,-1.5,0.1));
#5854 = CARTESIAN_POINT('',(0.7,-1.5,0.2));
#5855 = GEOMETRIC_CURVE_SET('',(#5856));
#5856 = TRIMMED_CURVE('',#5857,(#5861,PARAMETER_VALUE(0.)),(#5862,
    PARAMETER_VALUE(0.15)),.T.,.PARAMETER.);
#5857 = LINE('',#5858,#5859);
#5858 = CARTESIAN_POINT('',(0.5,-1.35,0.1));
#5859 = VECTOR('',#5860,1.);
#5860 = DIRECTION('',(0.,-1.,2.22044604925E-16));
#5861 = CARTESIAN_POINT('',(0.5,-1.35,0.1));
#5862 = CARTESIAN_POINT('',(0.5,-1.5,0.1));
#5863 = GEOMETRIC_CURVE_SET('',(#5864));
#5864 = TRIMMED_CURVE('',#5865,(#5869,PARAMETER_VALUE(0.)),(#5870,
    PARAMETER_VALUE(0.1)),.T.,.PARAMETER.);
#5865 = LINE('',#5866,#5867);
#5866 = CARTESIAN_POINT('',(0.5,-1.35,0.1));
#5867 = VECTOR('',#5868,1.);
#5868 = DIRECTION('',(0.,2.22044604925E-16,1.));
#5869 = CARTESIAN_POINT('',(0.5,-1.35,0.1));
#5870 = CARTESIAN_POINT('',(0.5,-1.35,0.2));
#5871 = GEOMETRIC_CURVE_SET('',(#5872));
#5872 = TRIMMED_CURVE('',#5873,(#5877,PARAMETER_VALUE(0.)),(#5878,
    PARAMETER_VALUE(0.15)),.T.,.PARAMETER.);
#5873 = LINE('',#5874,#5875);
#5874 = CARTESIAN_POINT('',(0.5,-1.35,0.2));
#5875 = VECTOR('',#5876,1.);
#5876 = DIRECTION('',(0.,-1.,2.22044604925E-16));
#5877 = CARTESIAN_POINT('',(0.5,-1.35,0.2));
#5878 = CARTESIAN_POINT('',(0.5,-1.5,0.2));
#5879 = GEOMETRIC_CURVE_SET('',(#5880));
#5880 = TRIMMED_CURVE('',#5881,(#5885,PARAMETER_VALUE(0.)),(#5886,
    PARAMETER_VALUE(0.1)),.T.,.PARAMETER.);
#5881 = LINE('',#5882,#5883);
#5882 = CARTESIAN_POINT('',(0.5,-1.5,0.1));
#5883 = VECTOR('',#5884,1.);
#5884 = DIRECTION('',(0.,2.22044604925E-16,1.));
#5885 = CARTESIAN_POINT('',(0.5,-1.5,0.1));
#5886 = CARTESIAN_POINT('',(0.5,-1.5,0.2));
#5887 = GEOMETRIC_CURVE_SET('',(#5888));
#5888 = TRIMMED_CURVE('',#5889,(#5893,PARAMETER_VALUE(0.)),(#5894,
    PARAMETER_VALUE(0.2)),.T.,.PARAMETER.);
#5889 = LINE('',#5890,#5891);
#5890 = CARTESIAN_POINT('',(-0.5,-1.5,0.1));
#5891 = VECTOR('',#5892,1.);
#5892 = DIRECTION('',(-1.,0.,0.));
#5893 = CARTESIAN_POINT('',(-0.5,-1.5,0.1));
#5894 = CARTESIAN_POINT('',(-0.7,-1.5,0.1));
#5895 = GEOMETRIC_CURVE_SET('',(#5896));
#5896 = TRIMMED_CURVE('',#5897,(#5901,PARAMETER_VALUE(0.)),(#5902,
    PARAMETER_VALUE(0.1)),.T.,.PARAMETER.);
#5897 = LINE('',#5898,#5899);
#5898 = CARTESIAN_POINT('',(-0.7,-1.5,0.1));
#5899 = VECTOR('',#5900,1.);
#5900 = DIRECTION('',(0.,2.22044604925E-16,1.));
#5901 = CARTESIAN_POINT('',(-0.7,-1.5,0.1));
#5902 = CARTESIAN_POINT('',(-0.7,-1.5,0.2));
#5903 = GEOMETRIC_CURVE_SET('',(#5904));
#5904 = TRIMMED_CURVE('',#5905,(#5909,PARAMETER_VALUE(0.)),(#5910,
    PARAMETER_VALUE(0.2)),.T.,.PARAMETER.);
#5905 = LINE('',#5906,#5907);
#5906 = CARTESIAN_POINT('',(-0.5,-1.5,0.2));
#5907 = VECTOR('',#5908,1.);
#5908 = DIRECTION('',(-1.,0.,0.));
#5909 = CARTESIAN_POINT('',(-0.5,-1.5,0.2));
#5910 = CARTESIAN_POINT('',(-0.7,-1.5,0.2));
#5911 = GEOMETRIC_CURVE_SET('',(#5912));
#5912 = TRIMMED_CURVE('',#5913,(#5917,PARAMETER_VALUE(0.)),(#5918,
    PARAMETER_VALUE(0.1)),.T.,.PARAMETER.);
#5913 = LINE('',#5914,#5915);
#5914 = CARTESIAN_POINT('',(-0.5,-1.5,0.1));
#5915 = VECTOR('',#5916,1.);
#5916 = DIRECTION('',(0.,2.22044604925E-16,1.));
#5917 = CARTESIAN_POINT('',(-0.5,-1.5,0.1));
#5918 = CARTESIAN_POINT('',(-0.5,-1.5,0.2));
#5919 = GEOMETRIC_CURVE_SET('',(#5920));
#5920 = TRIMMED_CURVE('',#5921,(#5925,PARAMETER_VALUE(0.)),(#5926,
    PARAMETER_VALUE(2.7)),.T.,.PARAMETER.);
#5921 = LINE('',#5922,#5923);
#5922 = CARTESIAN_POINT('',(-0.85,1.35,1.E-01));
#5923 = VECTOR('',#5924,1.);
#5924 = DIRECTION('',(0.,-1.,2.22044604925E-16));
#5925 = CARTESIAN_POINT('',(-0.85,1.35,1.E-01));
#5926 = CARTESIAN_POINT('',(-0.85,-1.35,0.1));
#5927 = GEOMETRIC_CURVE_SET('',(#5928));
#5928 = TRIMMED_CURVE('',#5929,(#5933,PARAMETER_VALUE(0.)),(#5934,
    PARAMETER_VALUE(0.1)),.T.,.PARAMETER.);
#5929 = LINE('',#5930,#5931);
#5930 = CARTESIAN_POINT('',(-0.85,1.35,1.E-01));
#5931 = VECTOR('',#5932,1.);
#5932 = DIRECTION('',(0.,2.22044604925E-16,1.));
#5933 = CARTESIAN_POINT('',(-0.85,1.35,1.E-01));
#5934 = CARTESIAN_POINT('',(-0.85,1.35,0.2));
#5935 = GEOMETRIC_CURVE_SET('',(#5936));
#5936 = TRIMMED_CURVE('',#5937,(#5941,PARAMETER_VALUE(0.)),(#5942,
    PARAMETER_VALUE(2.7)),.T.,.PARAMETER.);
#5937 = LINE('',#5938,#5939);
#5938 = CARTESIAN_POINT('',(-0.85,1.35,0.2));
#5939 = VECTOR('',#5940,1.);
#5940 = DIRECTION('',(0.,-1.,2.22044604925E-16));
#5941 = CARTESIAN_POINT('',(-0.85,1.35,0.2));
#5942 = CARTESIAN_POINT('',(-0.85,-1.35,0.2));
#5943 = GEOMETRIC_CURVE_SET('',(#5944));
#5944 = TRIMMED_CURVE('',#5945,(#5949,PARAMETER_VALUE(0.)),(#5950,
    PARAMETER_VALUE(0.1)),.T.,.PARAMETER.);
#5945 = LINE('',#5946,#5947);
#5946 = CARTESIAN_POINT('',(-0.85,-1.35,0.1));
#5947 = VECTOR('',#5948,1.);
#5948 = DIRECTION('',(0.,2.22044604925E-16,1.));
#5949 = CARTESIAN_POINT('',(-0.85,-1.35,0.1));
#5950 = CARTESIAN_POINT('',(-0.85,-1.35,0.2));
#5951 = GEOMETRIC_CURVE_SET('',(#5952));
#5952 = TRIMMED_CURVE('',#5953,(#5957,PARAMETER_VALUE(0.)),(#5958,
    PARAMETER_VALUE(0.1)),.T.,.PARAMETER.);
#5953 = LINE('',#5954,#5955);
#5954 = CARTESIAN_POINT('',(-0.7,1.35,1.E-01));
#5955 = VECTOR('',#5956,1.);
#5956 = DIRECTION('',(0.,2.22044604925E-16,1.));
#5957 = CARTESIAN_POINT('',(-0.7,1.35,1.E-01));
#5958 = CARTESIAN_POINT('',(-0.7,1.35,0.2));
#5959 = GEOMETRIC_CURVE_SET('',(#5960));
#5960 = TRIMMED_CURVE('',#5961,(#5965,PARAMETER_VALUE(0.)),(#5966,
    PARAMETER_VALUE(0.15)),.T.,.PARAMETER.);
#5961 = LINE('',#5962,#5963);
#5962 = CARTESIAN_POINT('',(-0.7,1.35,0.2));
#5963 = VECTOR('',#5964,1.);
#5964 = DIRECTION('',(-1.,0.,0.));
#5965 = CARTESIAN_POINT('',(-0.7,1.35,0.2));
#5966 = CARTESIAN_POINT('',(-0.85,1.35,0.2));
#5967 = GEOMETRIC_CURVE_SET('',(#5968));
#5968 = TRIMMED_CURVE('',#5969,(#5973,PARAMETER_VALUE(0.)),(#5974,
    PARAMETER_VALUE(0.1)),.T.,.PARAMETER.);
#5969 = LINE('',#5970,#5971);
#5970 = CARTESIAN_POINT('',(-0.85,1.35,1.E-01));
#5971 = VECTOR('',#5972,1.);
#5972 = DIRECTION('',(0.,2.22044604925E-16,1.));
#5973 = CARTESIAN_POINT('',(-0.85,1.35,1.E-01));
#5974 = CARTESIAN_POINT('',(-0.85,1.35,0.2));
#5975 = GEOMETRIC_CURVE_SET('',(#5976));
#5976 = TRIMMED_CURVE('',#5977,(#5981,PARAMETER_VALUE(0.)),(#5982,
    PARAMETER_VALUE(0.15)),.T.,.PARAMETER.);
#5977 = LINE('',#5978,#5979);
#5978 = CARTESIAN_POINT('',(-0.7,1.35,1.E-01));
#5979 = VECTOR('',#5980,1.);
#5980 = DIRECTION('',(-1.,0.,0.));
#5981 = CARTESIAN_POINT('',(-0.7,1.35,1.E-01));
#5982 = CARTESIAN_POINT('',(-0.85,1.35,1.E-01));
#5983 = GEOMETRIC_CURVE_SET('',(#5984));
#5984 = TRIMMED_CURVE('',#5985,(#5989,PARAMETER_VALUE(0.)),(#5990,
    PARAMETER_VALUE(0.1)),.T.,.PARAMETER.);
#5985 = LINE('',#5986,#5987);
#5986 = CARTESIAN_POINT('',(0.5,1.35,1.E-01));
#5987 = VECTOR('',#5988,1.);
#5988 = DIRECTION('',(0.,2.22044604925E-16,1.));
#5989 = CARTESIAN_POINT('',(0.5,1.35,1.E-01));
#5990 = CARTESIAN_POINT('',(0.5,1.35,0.2));
#5991 = GEOMETRIC_CURVE_SET('',(#5992));
#5992 = TRIMMED_CURVE('',#5993,(#5997,PARAMETER_VALUE(0.)),(#5998,
    PARAMETER_VALUE(1.)),.T.,.PARAMETER.);
#5993 = LINE('',#5994,#5995);
#5994 = CARTESIAN_POINT('',(0.5,1.35,0.2));
#5995 = VECTOR('',#5996,1.);
#5996 = DIRECTION('',(-1.,0.,0.));
#5997 = CARTESIAN_POINT('',(0.5,1.35,0.2));
#5998 = CARTESIAN_POINT('',(-0.5,1.35,0.2));
#5999 = GEOMETRIC_CURVE_SET('',(#6000));
#6000 = TRIMMED_CURVE('',#6001,(#6005,PARAMETER_VALUE(0.)),(#6006,
    PARAMETER_VALUE(0.1)),.T.,.PARAMETER.);
#6001 = LINE('',#6002,#6003);
#6002 = CARTESIAN_POINT('',(-0.5,1.35,1.E-01));
#6003 = VECTOR('',#6004,1.);
#6004 = DIRECTION('',(0.,2.22044604925E-16,1.));
#6005 = CARTESIAN_POINT('',(-0.5,1.35,1.E-01));
#6006 = CARTESIAN_POINT('',(-0.5,1.35,0.2));
#6007 = GEOMETRIC_CURVE_SET('',(#6008));
#6008 = TRIMMED_CURVE('',#6009,(#6013,PARAMETER_VALUE(0.)),(#6014,
    PARAMETER_VALUE(1.)),.T.,.PARAMETER.);
#6009 = LINE('',#6010,#6011);
#6010 = CARTESIAN_POINT('',(0.5,1.35,1.E-01));
#6011 = VECTOR('',#6012,1.);
#6012 = DIRECTION('',(-1.,0.,0.));
#6013 = CARTESIAN_POINT('',(0.5,1.35,1.E-01));
#6014 = CARTESIAN_POINT('',(-0.5,1.35,1.E-01));
#6015 = GEOMETRIC_CURVE_SET('',(#6016));
#6016 = TRIMMED_CURVE('',#6017,(#6021,PARAMETER_VALUE(0.)),(#6022,
    PARAMETER_VALUE(0.1)),.T.,.PARAMETER.);
#6017 = LINE('',#6018,#6019);
#6018 = CARTESIAN_POINT('',(0.7,1.35,1.E-01));
#6019 = VECTOR('',#6020,1.);
#6020 = DIRECTION('',(0.,2.22044604925E-16,1.));
#6021 = CARTESIAN_POINT('',(0.7,1.35,1.E-01));
#6022 = CARTESIAN_POINT('',(0.7,1.35,0.2));
#6023 = GEOMETRIC_CURVE_SET('',(#6024));
#6024 = TRIMMED_CURVE('',#6025,(#6029,PARAMETER_VALUE(0.)),(#6030,
    PARAMETER_VALUE(0.15)),.T.,.PARAMETER.);
#6025 = LINE('',#6026,#6027);
#6026 = CARTESIAN_POINT('',(0.85,1.35,1.E-01));
#6027 = VECTOR('',#6028,1.);
#6028 = DIRECTION('',(-1.,0.,0.));
#6029 = CARTESIAN_POINT('',(0.85,1.35,1.E-01));
#6030 = CARTESIAN_POINT('',(0.7,1.35,1.E-01));
#6031 = GEOMETRIC_CURVE_SET('',(#6032));
#6032 = TRIMMED_CURVE('',#6033,(#6037,PARAMETER_VALUE(0.)),(#6038,
    PARAMETER_VALUE(0.1)),.T.,.PARAMETER.);
#6033 = LINE('',#6034,#6035);
#6034 = CARTESIAN_POINT('',(0.85,1.35,1.E-01));
#6035 = VECTOR('',#6036,1.);
#6036 = DIRECTION('',(0.,2.22044604925E-16,1.));
#6037 = CARTESIAN_POINT('',(0.85,1.35,1.E-01));
#6038 = CARTESIAN_POINT('',(0.85,1.35,0.2));
#6039 = GEOMETRIC_CURVE_SET('',(#6040));
#6040 = TRIMMED_CURVE('',#6041,(#6045,PARAMETER_VALUE(0.)),(#6046,
    PARAMETER_VALUE(0.15)),.T.,.PARAMETER.);
#6041 = LINE('',#6042,#6043);
#6042 = CARTESIAN_POINT('',(0.85,1.35,0.2));
#6043 = VECTOR('',#6044,1.);
#6044 = DIRECTION('',(-1.,0.,0.));
#6045 = CARTESIAN_POINT('',(0.85,1.35,0.2));
#6046 = CARTESIAN_POINT('',(0.7,1.35,0.2));
#6047 = GEOMETRIC_CURVE_SET('',(#6048));
#6048 = TRIMMED_CURVE('',#6049,(#6053,PARAMETER_VALUE(0.)),(#6054,
    PARAMETER_VALUE(0.1)),.T.,.PARAMETER.);
#6049 = LINE('',#6050,#6051);
#6050 = CARTESIAN_POINT('',(-0.7,1.35,1.E-01));
#6051 = VECTOR('',#6052,1.);
#6052 = DIRECTION('',(0.,2.22044604925E-16,1.));
#6053 = CARTESIAN_POINT('',(-0.7,1.35,1.E-01));
#6054 = CARTESIAN_POINT('',(-0.7,1.35,0.2));
#6055 = GEOMETRIC_CURVE_SET('',(#6056));
#6056 = TRIMMED_CURVE('',#6057,(#6061,PARAMETER_VALUE(0.)),(#6062,
    PARAMETER_VALUE(0.15)),.T.,.PARAMETER.);
#6057 = LINE('',#6058,#6059);
#6058 = CARTESIAN_POINT('',(-0.7,1.5,1.E-01));
#6059 = VECTOR('',#6060,1.);
#6060 = DIRECTION('',(0.,-1.,2.22044604925E-16));
#6061 = CARTESIAN_POINT('',(-0.7,1.5,1.E-01));
#6062 = CARTESIAN_POINT('',(-0.7,1.35,1.E-01));
#6063 = GEOMETRIC_CURVE_SET('',(#6064));
#6064 = TRIMMED_CURVE('',#6065,(#6069,PARAMETER_VALUE(0.)),(#6070,
    PARAMETER_VALUE(0.1)),.T.,.PARAMETER.);
#6065 = LINE('',#6066,#6067);
#6066 = CARTESIAN_POINT('',(-0.7,1.5,1.E-01));
#6067 = VECTOR('',#6068,1.);
#6068 = DIRECTION('',(0.,2.22044604925E-16,1.));
#6069 = CARTESIAN_POINT('',(-0.7,1.5,1.E-01));
#6070 = CARTESIAN_POINT('',(-0.7,1.5,0.2));
#6071 = GEOMETRIC_CURVE_SET('',(#6072));
#6072 = TRIMMED_CURVE('',#6073,(#6077,PARAMETER_VALUE(0.)),(#6078,
    PARAMETER_VALUE(0.15)),.T.,.PARAMETER.);
#6073 = LINE('',#6074,#6075);
#6074 = CARTESIAN_POINT('',(-0.7,1.5,0.2));
#6075 = VECTOR('',#6076,1.);
#6076 = DIRECTION('',(0.,-1.,2.22044604925E-16));
#6077 = CARTESIAN_POINT('',(-0.7,1.5,0.2));
#6078 = CARTESIAN_POINT('',(-0.7,1.35,0.2));
#6079 = GEOMETRIC_CURVE_SET('',(#6080));
#6080 = TRIMMED_CURVE('',#6081,(#6085,PARAMETER_VALUE(0.)),(#6086,
    PARAMETER_VALUE(0.2)),.T.,.PARAMETER.);
#6081 = LINE('',#6082,#6083);
#6082 = CARTESIAN_POINT('',(-0.5,1.5,1.E-01));
#6083 = VECTOR('',#6084,1.);
#6084 = DIRECTION('',(-1.,0.,0.));
#6085 = CARTESIAN_POINT('',(-0.5,1.5,1.E-01));
#6086 = CARTESIAN_POINT('',(-0.7,1.5,1.E-01));
#6087 = GEOMETRIC_CURVE_SET('',(#6088));
#6088 = TRIMMED_CURVE('',#6089,(#6093,PARAMETER_VALUE(0.)),(#6094,
    PARAMETER_VALUE(0.1)),.T.,.PARAMETER.);
#6089 = LINE('',#6090,#6091);
#6090 = CARTESIAN_POINT('',(-0.5,1.5,1.E-01));
#6091 = VECTOR('',#6092,1.);
#6092 = DIRECTION('',(0.,2.22044604925E-16,1.));
#6093 = CARTESIAN_POINT('',(-0.5,1.5,1.E-01));
#6094 = CARTESIAN_POINT('',(-0.5,1.5,0.2));
#6095 = GEOMETRIC_CURVE_SET('',(#6096));
#6096 = TRIMMED_CURVE('',#6097,(#6101,PARAMETER_VALUE(0.)),(#6102,
    PARAMETER_VALUE(0.2)),.T.,.PARAMETER.);
#6097 = LINE('',#6098,#6099);
#6098 = CARTESIAN_POINT('',(-0.5,1.5,0.2));
#6099 = VECTOR('',#6100,1.);
#6100 = DIRECTION('',(-1.,0.,0.));
#6101 = CARTESIAN_POINT('',(-0.5,1.5,0.2));
#6102 = CARTESIAN_POINT('',(-0.7,1.5,0.2));
#6103 = GEOMETRIC_CURVE_SET('',(#6104));
#6104 = TRIMMED_CURVE('',#6105,(#6109,PARAMETER_VALUE(0.)),(#6110,
    PARAMETER_VALUE(0.1)),.T.,.PARAMETER.);
#6105 = LINE('',#6106,#6107);
#6106 = CARTESIAN_POINT('',(-0.7,1.5,1.E-01));
#6107 = VECTOR('',#6108,1.);
#6108 = DIRECTION('',(0.,2.22044604925E-16,1.));
#6109 = CARTESIAN_POINT('',(-0.7,1.5,1.E-01));
#6110 = CARTESIAN_POINT('',(-0.7,1.5,0.2));
#6111 = GEOMETRIC_CURVE_SET('',(#6112));
#6112 = TRIMMED_CURVE('',#6113,(#6117,PARAMETER_VALUE(0.)),(#6118,
    PARAMETER_VALUE(0.1)),.T.,.PARAMETER.);
#6113 = LINE('',#6114,#6115);
#6114 = CARTESIAN_POINT('',(-0.5,1.35,1.E-01));
#6115 = VECTOR('',#6116,1.);
#6116 = DIRECTION('',(0.,2.22044604925E-16,1.));
#6117 = CARTESIAN_POINT('',(-0.5,1.35,1.E-01));
#6118 = CARTESIAN_POINT('',(-0.5,1.35,0.2));
#6119 = GEOMETRIC_CURVE_SET('',(#6120));
#6120 = TRIMMED_CURVE('',#6121,(#6125,PARAMETER_VALUE(0.)),(#6126,
    PARAMETER_VALUE(0.15)),.T.,.PARAMETER.);
#6121 = LINE('',#6122,#6123);
#6122 = CARTESIAN_POINT('',(-0.5,1.35,0.2));
#6123 = VECTOR('',#6124,1.);
#6124 = DIRECTION('',(0.,1.,-2.22044604925E-16));
#6125 = CARTESIAN_POINT('',(-0.5,1.35,0.2));
#6126 = CARTESIAN_POINT('',(-0.5,1.5,0.2));
#6127 = GEOMETRIC_CURVE_SET('',(#6128));
#6128 = TRIMMED_CURVE('',#6129,(#6133,PARAMETER_VALUE(0.)),(#6134,
    PARAMETER_VALUE(0.1)),.T.,.PARAMETER.);
#6129 = LINE('',#6130,#6131);
#6130 = CARTESIAN_POINT('',(-0.5,1.5,1.E-01));
#6131 = VECTOR('',#6132,1.);
#6132 = DIRECTION('',(0.,2.22044604925E-16,1.));
#6133 = CARTESIAN_POINT('',(-0.5,1.5,1.E-01));
#6134 = CARTESIAN_POINT('',(-0.5,1.5,0.2));
#6135 = GEOMETRIC_CURVE_SET('',(#6136));
#6136 = TRIMMED_CURVE('',#6137,(#6141,PARAMETER_VALUE(0.)),(#6142,
    PARAMETER_VALUE(0.15)),.T.,.PARAMETER.);
#6137 = LINE('',#6138,#6139);
#6138 = CARTESIAN_POINT('',(-0.5,1.35,1.E-01));
#6139 = VECTOR('',#6140,1.);
#6140 = DIRECTION('',(0.,1.,-2.22044604925E-16));
#6141 = CARTESIAN_POINT('',(-0.5,1.35,1.E-01));
#6142 = CARTESIAN_POINT('',(-0.5,1.5,1.E-01));
#6143 = GEOMETRIC_CURVE_SET('',(#6144));
#6144 = TRIMMED_CURVE('',#6145,(#6149,PARAMETER_VALUE(0.)),(#6150,
    PARAMETER_VALUE(0.15)),.T.,.PARAMETER.);
#6145 = LINE('',#6146,#6147);
#6146 = CARTESIAN_POINT('',(0.5,1.35,1.E-01));
#6147 = VECTOR('',#6148,1.);
#6148 = DIRECTION('',(0.,1.,-2.22044604925E-16));
#6149 = CARTESIAN_POINT('',(0.5,1.35,1.E-01));
#6150 = CARTESIAN_POINT('',(0.5,1.5,1.E-01));
#6151 = GEOMETRIC_CURVE_SET('',(#6152));
#6152 = TRIMMED_CURVE('',#6153,(#6157,PARAMETER_VALUE(0.)),(#6158,
    PARAMETER_VALUE(0.1)),.T.,.PARAMETER.);
#6153 = LINE('',#6154,#6155);
#6154 = CARTESIAN_POINT('',(0.5,1.5,1.E-01));
#6155 = VECTOR('',#6156,1.);
#6156 = DIRECTION('',(0.,2.22044604925E-16,1.));
#6157 = CARTESIAN_POINT('',(0.5,1.5,1.E-01));
#6158 = CARTESIAN_POINT('',(0.5,1.5,0.2));
#6159 = GEOMETRIC_CURVE_SET('',(#6160));
#6160 = TRIMMED_CURVE('',#6161,(#6165,PARAMETER_VALUE(0.)),(#6166,
    PARAMETER_VALUE(0.15)),.T.,.PARAMETER.);
#6161 = LINE('',#6162,#6163);
#6162 = CARTESIAN_POINT('',(0.5,1.35,0.2));
#6163 = VECTOR('',#6164,1.);
#6164 = DIRECTION('',(0.,1.,-2.22044604925E-16));
#6165 = CARTESIAN_POINT('',(0.5,1.35,0.2));
#6166 = CARTESIAN_POINT('',(0.5,1.5,0.2));
#6167 = GEOMETRIC_CURVE_SET('',(#6168));
#6168 = TRIMMED_CURVE('',#6169,(#6173,PARAMETER_VALUE(0.)),(#6174,
    PARAMETER_VALUE(0.1)),.T.,.PARAMETER.);
#6169 = LINE('',#6170,#6171);
#6170 = CARTESIAN_POINT('',(0.5,1.35,1.E-01));
#6171 = VECTOR('',#6172,1.);
#6172 = DIRECTION('',(0.,2.22044604925E-16,1.));
#6173 = CARTESIAN_POINT('',(0.5,1.35,1.E-01));
#6174 = CARTESIAN_POINT('',(0.5,1.35,0.2));
#6175 = GEOMETRIC_CURVE_SET('',(#6176));
#6176 = TRIMMED_CURVE('',#6177,(#6181,PARAMETER_VALUE(0.)),(#6182,
    PARAMETER_VALUE(0.2)),.T.,.PARAMETER.);
#6177 = LINE('',#6178,#6179);
#6178 = CARTESIAN_POINT('',(0.5,1.5,1.E-01));
#6179 = VECTOR('',#6180,1.);
#6180 = DIRECTION('',(1.,0.,0.));
#6181 = CARTESIAN_POINT('',(0.5,1.5,1.E-01));
#6182 = CARTESIAN_POINT('',(0.7,1.5,1.E-01));
#6183 = GEOMETRIC_CURVE_SET('',(#6184));
#6184 = TRIMMED_CURVE('',#6185,(#6189,PARAMETER_VALUE(0.)),(#6190,
    PARAMETER_VALUE(0.1)),.T.,.PARAMETER.);
#6185 = LINE('',#6186,#6187);
#6186 = CARTESIAN_POINT('',(0.7,1.5,1.E-01));
#6187 = VECTOR('',#6188,1.);
#6188 = DIRECTION('',(0.,2.22044604925E-16,1.));
#6189 = CARTESIAN_POINT('',(0.7,1.5,1.E-01));
#6190 = CARTESIAN_POINT('',(0.7,1.5,0.2));
#6191 = GEOMETRIC_CURVE_SET('',(#6192));
#6192 = TRIMMED_CURVE('',#6193,(#6197,PARAMETER_VALUE(0.)),(#6198,
    PARAMETER_VALUE(0.2)),.T.,.PARAMETER.);
#6193 = LINE('',#6194,#6195);
#6194 = CARTESIAN_POINT('',(0.5,1.5,0.2));
#6195 = VECTOR('',#6196,1.);
#6196 = DIRECTION('',(1.,0.,0.));
#6197 = CARTESIAN_POINT('',(0.5,1.5,0.2));
#6198 = CARTESIAN_POINT('',(0.7,1.5,0.2));
#6199 = GEOMETRIC_CURVE_SET('',(#6200));
#6200 = TRIMMED_CURVE('',#6201,(#6205,PARAMETER_VALUE(0.)),(#6206,
    PARAMETER_VALUE(0.1)),.T.,.PARAMETER.);
#6201 = LINE('',#6202,#6203);
#6202 = CARTESIAN_POINT('',(0.5,1.5,1.E-01));
#6203 = VECTOR('',#6204,1.);
#6204 = DIRECTION('',(0.,2.22044604925E-16,1.));
#6205 = CARTESIAN_POINT('',(0.5,1.5,1.E-01));
#6206 = CARTESIAN_POINT('',(0.5,1.5,0.2));
#6207 = GEOMETRIC_CURVE_SET('',(#6208));
#6208 = TRIMMED_CURVE('',#6209,(#6213,PARAMETER_VALUE(0.)),(#6214,
    PARAMETER_VALUE(0.15)),.T.,.PARAMETER.);
#6209 = LINE('',#6210,#6211);
#6210 = CARTESIAN_POINT('',(0.7,1.5,1.E-01));
#6211 = VECTOR('',#6212,1.);
#6212 = DIRECTION('',(0.,-1.,2.22044604925E-16));
#6213 = CARTESIAN_POINT('',(0.7,1.5,1.E-01));
#6214 = CARTESIAN_POINT('',(0.7,1.35,1.E-01));
#6215 = GEOMETRIC_CURVE_SET('',(#6216));
#6216 = TRIMMED_CURVE('',#6217,(#6221,PARAMETER_VALUE(0.)),(#6222,
    PARAMETER_VALUE(0.1)),.T.,.PARAMETER.);
#6217 = LINE('',#6218,#6219);
#6218 = CARTESIAN_POINT('',(0.7,1.35,1.E-01));
#6219 = VECTOR('',#6220,1.);
#6220 = DIRECTION('',(0.,2.22044604925E-16,1.));
#6221 = CARTESIAN_POINT('',(0.7,1.35,1.E-01));
#6222 = CARTESIAN_POINT('',(0.7,1.35,0.2));
#6223 = GEOMETRIC_CURVE_SET('',(#6224));
#6224 = TRIMMED_CURVE('',#6225,(#6229,PARAMETER_VALUE(0.)),(#6230,
    PARAMETER_VALUE(0.15)),.T.,.PARAMETER.);
#6225 = LINE('',#6226,#6227);
#6226 = CARTESIAN_POINT('',(0.7,1.5,0.2));
#6227 = VECTOR('',#6228,1.);
#6228 = DIRECTION('',(0.,-1.,2.22044604925E-16));
#6229 = CARTESIAN_POINT('',(0.7,1.5,0.2));
#6230 = CARTESIAN_POINT('',(0.7,1.35,0.2));
#6231 = GEOMETRIC_CURVE_SET('',(#6232));
#6232 = TRIMMED_CURVE('',#6233,(#6237,PARAMETER_VALUE(0.)),(#6238,
    PARAMETER_VALUE(0.1)),.T.,.PARAMETER.);
#6233 = LINE('',#6234,#6235);
#6234 = CARTESIAN_POINT('',(0.7,1.5,1.E-01));
#6235 = VECTOR('',#6236,1.);
#6236 = DIRECTION('',(0.,2.22044604925E-16,1.));
#6237 = CARTESIAN_POINT('',(0.7,1.5,1.E-01));
#6238 = CARTESIAN_POINT('',(0.7,1.5,0.2));
#6239 = GEOMETRIC_CURVE_SET('',(#6240));
#6240 = TRIMMED_CURVE('',#6241,(#6245,PARAMETER_VALUE(0.)),(#6246,
    PARAMETER_VALUE(2.7)),.T.,.PARAMETER.);
#6241 = LINE('',#6242,#6243);
#6242 = CARTESIAN_POINT('',(0.85,-1.35,0.1));
#6243 = VECTOR('',#6244,1.);
#6244 = DIRECTION('',(0.,1.,-2.22044604925E-16));
#6245 = CARTESIAN_POINT('',(0.85,-1.35,0.1));
#6246 = CARTESIAN_POINT('',(0.85,1.35,1.E-01));
#6247 = GEOMETRIC_CURVE_SET('',(#6248));
#6248 = TRIMMED_CURVE('',#6249,(#6253,PARAMETER_VALUE(0.)),(#6254,
    PARAMETER_VALUE(0.1)),.T.,.PARAMETER.);
#6249 = LINE('',#6250,#6251);
#6250 = CARTESIAN_POINT('',(0.85,-1.35,0.1));
#6251 = VECTOR('',#6252,1.);
#6252 = DIRECTION('',(0.,2.22044604925E-16,1.));
#6253 = CARTESIAN_POINT('',(0.85,-1.35,0.1));
#6254 = CARTESIAN_POINT('',(0.85,-1.35,0.2));
#6255 = GEOMETRIC_CURVE_SET('',(#6256));
#6256 = TRIMMED_CURVE('',#6257,(#6261,PARAMETER_VALUE(0.)),(#6262,
    PARAMETER_VALUE(2.7)),.T.,.PARAMETER.);
#6257 = LINE('',#6258,#6259);
#6258 = CARTESIAN_POINT('',(0.85,-1.35,0.2));
#6259 = VECTOR('',#6260,1.);
#6260 = DIRECTION('',(0.,1.,-2.22044604925E-16));
#6261 = CARTESIAN_POINT('',(0.85,-1.35,0.2));
#6262 = CARTESIAN_POINT('',(0.85,1.35,0.2));
#6263 = GEOMETRIC_CURVE_SET('',(#6264));
#6264 = TRIMMED_CURVE('',#6265,(#6269,PARAMETER_VALUE(0.)),(#6270,
    PARAMETER_VALUE(0.1)),.T.,.PARAMETER.);
#6265 = LINE('',#6266,#6267);
#6266 = CARTESIAN_POINT('',(0.85,1.35,1.E-01));
#6267 = VECTOR('',#6268,1.);
#6268 = DIRECTION('',(0.,2.22044604925E-16,1.));
#6269 = CARTESIAN_POINT('',(0.85,1.35,1.E-01));
#6270 = CARTESIAN_POINT('',(0.85,1.35,0.2));
#6271 = GEOMETRIC_CURVE_SET('',(#6272));
#6272 = TRIMMED_CURVE('',#6273,(#6277,PARAMETER_VALUE(0.)),(#6278,
    PARAMETER_VALUE(0.1)),.T.,.PARAMETER.);
#6273 = LINE('',#6274,#6275);
#6274 = CARTESIAN_POINT('',(-0.75,1.,-2.22044604925E-16));
#6275 = VECTOR('',#6276,1.);
#6276 = DIRECTION('',(0.,2.22044604925E-16,1.));
#6277 = CARTESIAN_POINT('',(-0.75,1.,-2.22044604925E-16));
#6278 = CARTESIAN_POINT('',(-0.75,1.,1.E-01));
#6279 = GEOMETRIC_CURVE_SET('',(#6280));
#6280 = TRIMMED_CURVE('',#6281,(#6285,PARAMETER_VALUE(0.)),(#6286,
    PARAMETER_VALUE(2.25)),.T.,.PARAMETER.);
#6281 = LINE('',#6282,#6283);
#6282 = CARTESIAN_POINT('',(-0.75,-1.25,0.1));
#6283 = VECTOR('',#6284,1.);
#6284 = DIRECTION('',(0.,1.,-2.22044604925E-16));
#6285 = CARTESIAN_POINT('',(-0.75,-1.25,0.1));
#6286 = CARTESIAN_POINT('',(-0.75,1.,1.E-01));
#6287 = GEOMETRIC_CURVE_SET('',(#6288));
#6288 = TRIMMED_CURVE('',#6289,(#6293,PARAMETER_VALUE(0.)),(#6294,
    PARAMETER_VALUE(0.1)),.T.,.PARAMETER.);
#6289 = LINE('',#6290,#6291);
#6290 = CARTESIAN_POINT('',(-0.75,-1.25,0.1));
#6291 = VECTOR('',#6292,1.);
#6292 = DIRECTION('',(0.,-2.22044604925E-16,-1.));
#6293 = CARTESIAN_POINT('',(-0.75,-1.25,0.1));
#6294 = CARTESIAN_POINT('',(-0.75,-1.25,2.775557561563E-16));
#6295 = GEOMETRIC_CURVE_SET('',(#6296));
#6296 = TRIMMED_CURVE('',#6297,(#6301,PARAMETER_VALUE(0.)),(#6302,
    PARAMETER_VALUE(2.25)),.T.,.PARAMETER.);
#6297 = LINE('',#6298,#6299);
#6298 = CARTESIAN_POINT('',(-0.75,-1.25,2.775557561563E-16));
#6299 = VECTOR('',#6300,1.);
#6300 = DIRECTION('',(0.,1.,-2.22044604925E-16));
#6301 = CARTESIAN_POINT('',(-0.75,-1.25,2.775557561563E-16));
#6302 = CARTESIAN_POINT('',(-0.75,1.,-2.22044604925E-16));
#6303 = GEOMETRIC_CURVE_SET('',(#6304));
#6304 = TRIMMED_CURVE('',#6305,(#6309,PARAMETER_VALUE(0.)),(#6310,
    PARAMETER_VALUE(0.1)),.T.,.PARAMETER.);
#6305 = LINE('',#6306,#6307);
#6306 = CARTESIAN_POINT('',(-0.75,1.,-2.22044604925E-16));
#6307 = VECTOR('',#6308,1.);
#6308 = DIRECTION('',(0.,2.22044604925E-16,1.));
#6309 = CARTESIAN_POINT('',(-0.75,1.,-2.22044604925E-16));
#6310 = CARTESIAN_POINT('',(-0.75,1.,1.E-01));
#6311 = GEOMETRIC_CURVE_SET('',(#6312));
#6312 = TRIMMED_CURVE('',#6313,(#6317,PARAMETER_VALUE(0.)),(#6318,
    PARAMETER_VALUE(0.353553390593)),.T.,.PARAMETER.);
#6313 = LINE('',#6314,#6315);
#6314 = CARTESIAN_POINT('',(-0.75,1.,-2.22044604925E-16));
#6315 = VECTOR('',#6316,1.);
#6316 = DIRECTION('',(0.707106781187,0.707106781187,-1.570092458684E-16)
  );
#6317 = CARTESIAN_POINT('',(-0.75,1.,-2.22044604925E-16));
#6318 = CARTESIAN_POINT('',(-0.5,1.25,-2.775557561563E-16));
#6319 = GEOMETRIC_CURVE_SET('',(#6320));
#6320 = TRIMMED_CURVE('',#6321,(#6325,PARAMETER_VALUE(0.)),(#6326,
    PARAMETER_VALUE(0.1)),.T.,.PARAMETER.);
#6321 = LINE('',#6322,#6323);
#6322 = CARTESIAN_POINT('',(-0.5,1.25,-2.775557561563E-16));
#6323 = VECTOR('',#6324,1.);
#6324 = DIRECTION('',(0.,2.22044604925E-16,1.));
#6325 = CARTESIAN_POINT('',(-0.5,1.25,-2.775557561563E-16));
#6326 = CARTESIAN_POINT('',(-0.5,1.25,1.E-01));
#6327 = GEOMETRIC_CURVE_SET('',(#6328));
#6328 = TRIMMED_CURVE('',#6329,(#6333,PARAMETER_VALUE(0.)),(#6334,
    PARAMETER_VALUE(0.353553390593)),.T.,.PARAMETER.);
#6329 = LINE('',#6330,#6331);
#6330 = CARTESIAN_POINT('',(-0.5,1.25,1.E-01));
#6331 = VECTOR('',#6332,1.);
#6332 = DIRECTION('',(-0.707106781187,-0.707106781187,1.570092458684E-16
    ));
#6333 = CARTESIAN_POINT('',(-0.5,1.25,1.E-01));
#6334 = CARTESIAN_POINT('',(-0.75,1.,1.E-01));
#6335 = GEOMETRIC_CURVE_SET('',(#6336));
#6336 = TRIMMED_CURVE('',#6337,(#6341,PARAMETER_VALUE(0.)),(#6342,
    PARAMETER_VALUE(0.353553390593)),.T.,.PARAMETER.);
#6337 = LINE('',#6338,#6339);
#6338 = CARTESIAN_POINT('',(-0.75,1.,-2.22044604925E-16));
#6339 = VECTOR('',#6340,1.);
#6340 = DIRECTION('',(0.707106781187,0.707106781187,-1.570092458684E-16)
  );
#6341 = CARTESIAN_POINT('',(-0.75,1.,-2.22044604925E-16));
#6342 = CARTESIAN_POINT('',(-0.5,1.25,-2.775557561563E-16));
#6343 = GEOMETRIC_CURVE_SET('',(#6344));
#6344 = TRIMMED_CURVE('',#6345,(#6349,PARAMETER_VALUE(0.)),(#6350,
    PARAMETER_VALUE(2.25)),.T.,.PARAMETER.);
#6345 = LINE('',#6346,#6347);
#6346 = CARTESIAN_POINT('',(-0.75,-1.25,2.775557561563E-16));
#6347 = VECTOR('',#6348,1.);
#6348 = DIRECTION('',(0.,1.,-2.22044604925E-16));
#6349 = CARTESIAN_POINT('',(-0.75,-1.25,2.775557561563E-16));
#6350 = CARTESIAN_POINT('',(-0.75,1.,-2.22044604925E-16));
#6351 = GEOMETRIC_CURVE_SET('',(#6352));
#6352 = TRIMMED_CURVE('',#6353,(#6357,PARAMETER_VALUE(0.)),(#6358,
    PARAMETER_VALUE(1.5)),.T.,.PARAMETER.);
#6353 = LINE('',#6354,#6355);
#6354 = CARTESIAN_POINT('',(0.75,-1.25,2.775557561563E-16));
#6355 = VECTOR('',#6356,1.);
#6356 = DIRECTION('',(-1.,0.,0.));
#6357 = CARTESIAN_POINT('',(0.75,-1.25,2.775557561563E-16));
#6358 = CARTESIAN_POINT('',(-0.75,-1.25,2.775557561563E-16));
#6359 = GEOMETRIC_CURVE_SET('',(#6360));
#6360 = TRIMMED_CURVE('',#6361,(#6365,PARAMETER_VALUE(0.)),(#6366,
    PARAMETER_VALUE(2.5)),.T.,.PARAMETER.);
#6361 = LINE('',#6362,#6363);
#6362 = CARTESIAN_POINT('',(0.75,1.25,-2.775557561563E-16));
#6363 = VECTOR('',#6364,1.);
#6364 = DIRECTION('',(0.,-1.,2.22044604925E-16));
#6365 = CARTESIAN_POINT('',(0.75,1.25,-2.775557561563E-16));
#6366 = CARTESIAN_POINT('',(0.75,-1.25,2.775557561563E-16));
#6367 = GEOMETRIC_CURVE_SET('',(#6368));
#6368 = TRIMMED_CURVE('',#6369,(#6373,PARAMETER_VALUE(0.)),(#6374,
    PARAMETER_VALUE(1.25)),.T.,.PARAMETER.);
#6369 = LINE('',#6370,#6371);
#6370 = CARTESIAN_POINT('',(-0.5,1.25,-2.775557561563E-16));
#6371 = VECTOR('',#6372,1.);
#6372 = DIRECTION('',(1.,0.,0.));
#6373 = CARTESIAN_POINT('',(-0.5,1.25,-2.775557561563E-16));
#6374 = CARTESIAN_POINT('',(0.75,1.25,-2.775557561563E-16));
#6375 = GEOMETRIC_CURVE_SET('',(#6376));
#6376 = TRIMMED_CURVE('',#6377,(#6381,PARAMETER_VALUE(0.)),(#6382,
    PARAMETER_VALUE(1.5)),.T.,.PARAMETER.);
#6377 = LINE('',#6378,#6379);
#6378 = CARTESIAN_POINT('',(0.75,-1.25,0.1));
#6379 = VECTOR('',#6380,1.);
#6380 = DIRECTION('',(-1.,0.,0.));
#6381 = CARTESIAN_POINT('',(0.75,-1.25,0.1));
#6382 = CARTESIAN_POINT('',(-0.75,-1.25,0.1));
#6383 = GEOMETRIC_CURVE_SET('',(#6384));
#6384 = TRIMMED_CURVE('',#6385,(#6389,PARAMETER_VALUE(0.)),(#6390,
    PARAMETER_VALUE(0.1)),.T.,.PARAMETER.);
#6385 = LINE('',#6386,#6387);
#6386 = CARTESIAN_POINT('',(0.75,-1.25,0.1));
#6387 = VECTOR('',#6388,1.);
#6388 = DIRECTION('',(0.,-2.22044604925E-16,-1.));
#6389 = CARTESIAN_POINT('',(0.75,-1.25,0.1));
#6390 = CARTESIAN_POINT('',(0.75,-1.25,2.775557561563E-16));
#6391 = GEOMETRIC_CURVE_SET('',(#6392));
#6392 = TRIMMED_CURVE('',#6393,(#6397,PARAMETER_VALUE(0.)),(#6398,
    PARAMETER_VALUE(1.5)),.T.,.PARAMETER.);
#6393 = LINE('',#6394,#6395);
#6394 = CARTESIAN_POINT('',(0.75,-1.25,2.775557561563E-16));
#6395 = VECTOR('',#6396,1.);
#6396 = DIRECTION('',(-1.,0.,0.));
#6397 = CARTESIAN_POINT('',(0.75,-1.25,2.775557561563E-16));
#6398 = CARTESIAN_POINT('',(-0.75,-1.25,2.775557561563E-16));
#6399 = GEOMETRIC_CURVE_SET('',(#6400));
#6400 = TRIMMED_CURVE('',#6401,(#6405,PARAMETER_VALUE(0.)),(#6406,
    PARAMETER_VALUE(0.1)),.T.,.PARAMETER.);
#6401 = LINE('',#6402,#6403);
#6402 = CARTESIAN_POINT('',(-0.75,-1.25,0.1));
#6403 = VECTOR('',#6404,1.);
#6404 = DIRECTION('',(0.,-2.22044604925E-16,-1.));
#6405 = CARTESIAN_POINT('',(-0.75,-1.25,0.1));
#6406 = CARTESIAN_POINT('',(-0.75,-1.25,2.775557561563E-16));
#6407 = GEOMETRIC_CURVE_SET('',(#6408));
#6408 = TRIMMED_CURVE('',#6409,(#6413,PARAMETER_VALUE(0.)),(#6414,
    PARAMETER_VALUE(2.5)),.T.,.PARAMETER.);
#6409 = LINE('',#6410,#6411);
#6410 = CARTESIAN_POINT('',(0.75,1.25,1.E-01));
#6411 = VECTOR('',#6412,1.);
#6412 = DIRECTION('',(0.,-1.,2.22044604925E-16));
#6413 = CARTESIAN_POINT('',(0.75,1.25,1.E-01));
#6414 = CARTESIAN_POINT('',(0.75,-1.25,0.1));
#6415 = GEOMETRIC_CURVE_SET('',(#6416));
#6416 = TRIMMED_CURVE('',#6417,(#6421,PARAMETER_VALUE(0.)),(#6422,
    PARAMETER_VALUE(0.1)),.T.,.PARAMETER.);
#6417 = LINE('',#6418,#6419);
#6418 = CARTESIAN_POINT('',(0.75,1.25,1.E-01));
#6419 = VECTOR('',#6420,1.);
#6420 = DIRECTION('',(0.,-2.22044604925E-16,-1.));
#6421 = CARTESIAN_POINT('',(0.75,1.25,1.E-01));
#6422 = CARTESIAN_POINT('',(0.75,1.25,-2.775557561563E-16));
#6423 = GEOMETRIC_CURVE_SET('',(#6424));
#6424 = TRIMMED_CURVE('',#6425,(#6429,PARAMETER_VALUE(0.)),(#6430,
    PARAMETER_VALUE(2.5)),.T.,.PARAMETER.);
#6425 = LINE('',#6426,#6427);
#6426 = CARTESIAN_POINT('',(0.75,1.25,-2.775557561563E-16));
#6427 = VECTOR('',#6428,1.);
#6428 = DIRECTION('',(0.,-1.,2.22044604925E-16));
#6429 = CARTESIAN_POINT('',(0.75,1.25,-2.775557561563E-16));
#6430 = CARTESIAN_POINT('',(0.75,-1.25,2.775557561563E-16));
#6431 = GEOMETRIC_CURVE_SET('',(#6432));
#6432 = TRIMMED_CURVE('',#6433,(#6437,PARAMETER_VALUE(0.)),(#6438,
    PARAMETER_VALUE(0.1)),.T.,.PARAMETER.);
#6433 = LINE('',#6434,#6435);
#6434 = CARTESIAN_POINT('',(0.75,-1.25,0.1));
#6435 = VECTOR('',#6436,1.);
#6436 = DIRECTION('',(0.,-2.22044604925E-16,-1.));
#6437 = CARTESIAN_POINT('',(0.75,-1.25,0.1));
#6438 = CARTESIAN_POINT('',(0.75,-1.25,2.775557561563E-16));
#6439 = GEOMETRIC_CURVE_SET('',(#6440));
#6440 = TRIMMED_CURVE('',#6441,(#6445,PARAMETER_VALUE(0.)),(#6446,
    PARAMETER_VALUE(0.1)),.T.,.PARAMETER.);
#6441 = LINE('',#6442,#6443);
#6442 = CARTESIAN_POINT('',(-0.5,1.25,-2.775557561563E-16));
#6443 = VECTOR('',#6444,1.);
#6444 = DIRECTION('',(0.,2.22044604925E-16,1.));
#6445 = CARTESIAN_POINT('',(-0.5,1.25,-2.775557561563E-16));
#6446 = CARTESIAN_POINT('',(-0.5,1.25,1.E-01));
#6447 = GEOMETRIC_CURVE_SET('',(#6448));
#6448 = TRIMMED_CURVE('',#6449,(#6453,PARAMETER_VALUE(0.)),(#6454,
    PARAMETER_VALUE(1.25)),.T.,.PARAMETER.);
#6449 = LINE('',#6450,#6451);
#6450 = CARTESIAN_POINT('',(-0.5,1.25,-2.775557561563E-16));
#6451 = VECTOR('',#6452,1.);
#6452 = DIRECTION('',(1.,0.,0.));
#6453 = CARTESIAN_POINT('',(-0.5,1.25,-2.775557561563E-16));
#6454 = CARTESIAN_POINT('',(0.75,1.25,-2.775557561563E-16));
#6455 = GEOMETRIC_CURVE_SET('',(#6456));
#6456 = TRIMMED_CURVE('',#6457,(#6461,PARAMETER_VALUE(0.)),(#6462,
    PARAMETER_VALUE(0.1)),.T.,.PARAMETER.);
#6457 = LINE('',#6458,#6459);
#6458 = CARTESIAN_POINT('',(0.75,1.25,1.E-01));
#6459 = VECTOR('',#6460,1.);
#6460 = DIRECTION('',(0.,-2.22044604925E-16,-1.));
#6461 = CARTESIAN_POINT('',(0.75,1.25,1.E-01));
#6462 = CARTESIAN_POINT('',(0.75,1.25,-2.775557561563E-16));
#6463 = GEOMETRIC_CURVE_SET('',(#6464));
#6464 = TRIMMED_CURVE('',#6465,(#6469,PARAMETER_VALUE(0.)),(#6470,
    PARAMETER_VALUE(1.25)),.T.,.PARAMETER.);
#6465 = LINE('',#6466,#6467);
#6466 = CARTESIAN_POINT('',(-0.5,1.25,1.E-01));
#6467 = VECTOR('',#6468,1.);
#6468 = DIRECTION('',(1.,0.,0.));
#6469 = CARTESIAN_POINT('',(-0.5,1.25,1.E-01));
#6470 = CARTESIAN_POINT('',(0.75,1.25,1.E-01));
#6471 = GEOMETRIC_CURVE_SET('',(#6472));
#6472 = TRIMMED_CURVE('',#6473,(#6477,PARAMETER_VALUE(0.)),(#6478,
    PARAMETER_VALUE(0.275)),.T.,.PARAMETER.);
#6473 = LINE('',#6474,#6475);
#6474 = CARTESIAN_POINT('',(1.5,-1.125,2.498001805407E-16));
#6475 = VECTOR('',#6476,1.);
#6476 = DIRECTION('',(-1.,0.,0.));
#6477 = CARTESIAN_POINT('',(1.5,-1.125,2.498001805407E-16));
#6478 = CARTESIAN_POINT('',(1.225,-1.125,2.498001805407E-16));
#6479 = GEOMETRIC_CURVE_SET('',(#6480));
#6480 = TRIMMED_CURVE('',#6481,(#6486,PARAMETER_VALUE(0.)),(#6487,
    PARAMETER_VALUE(3.14159265359)),.T.,.PARAMETER.);
#6481 = CIRCLE('',#6482,0.125);
#6482 = AXIS2_PLACEMENT_3D('',#6483,#6484,#6485);
#6483 = CARTESIAN_POINT('',(1.225,-1.25,2.775557561563E-16));
#6484 = DIRECTION('',(0.,2.22044604925E-16,1.));
#6485 = DIRECTION('',(0.,1.,-2.22044604925E-16));
#6486 = CARTESIAN_POINT('',(1.225,-1.125,2.498001805407E-16));
#6487 = CARTESIAN_POINT('',(1.225,-1.375,3.053113317719E-16));
#6488 = GEOMETRIC_CURVE_SET('',(#6489));
#6489 = TRIMMED_CURVE('',#6490,(#6494,PARAMETER_VALUE(0.)),(#6495,
    PARAMETER_VALUE(0.275)),.T.,.PARAMETER.);
#6490 = LINE('',#6491,#6492);
#6491 = CARTESIAN_POINT('',(1.225,-1.375,3.053113317719E-16));
#6492 = VECTOR('',#6493,1.);
#6493 = DIRECTION('',(1.,0.,0.));
#6494 = CARTESIAN_POINT('',(1.225,-1.375,3.053113317719E-16));
#6495 = CARTESIAN_POINT('',(1.5,-1.375,3.053113317719E-16));
#6496 = GEOMETRIC_CURVE_SET('',(#6497));
#6497 = TRIMMED_CURVE('',#6498,(#6502,PARAMETER_VALUE(0.)),(#6503,
    PARAMETER_VALUE(0.25)),.T.,.PARAMETER.);
#6498 = LINE('',#6499,#6500);
#6499 = CARTESIAN_POINT('',(1.5,-1.375,3.053113317719E-16));
#6500 = VECTOR('',#6501,1.);
#6501 = DIRECTION('',(0.,1.,-2.22044604925E-16));
#6502 = CARTESIAN_POINT('',(1.5,-1.375,3.053113317719E-16));
#6503 = CARTESIAN_POINT('',(1.5,-1.125,2.498001805407E-16));
#6504 = GEOMETRIC_CURVE_SET('',(#6505));
#6505 = TRIMMED_CURVE('',#6506,(#6510,PARAMETER_VALUE(0.)),(#6511,
    PARAMETER_VALUE(0.275)),.T.,.PARAMETER.);
#6506 = LINE('',#6507,#6508);
#6507 = CARTESIAN_POINT('',(1.5,-1.125,2.498001805407E-16));
#6508 = VECTOR('',#6509,1.);
#6509 = DIRECTION('',(-1.,0.,0.));
#6510 = CARTESIAN_POINT('',(1.5,-1.125,2.498001805407E-16));
#6511 = CARTESIAN_POINT('',(1.225,-1.125,2.498001805407E-16));
#6512 = GEOMETRIC_CURVE_SET('',(#6513));
#6513 = TRIMMED_CURVE('',#6514,(#6518,PARAMETER_VALUE(0.)),(#6519,
    PARAMETER_VALUE(0.1)),.T.,.PARAMETER.);
#6514 = LINE('',#6515,#6516);
#6515 = CARTESIAN_POINT('',(1.5,-1.125,2.498001805407E-16));
#6516 = VECTOR('',#6517,1.);
#6517 = DIRECTION('',(0.,2.22044604925E-16,1.));
#6518 = CARTESIAN_POINT('',(1.5,-1.125,2.498001805407E-16));
#6519 = CARTESIAN_POINT('',(1.5,-1.125,0.1));
#6520 = GEOMETRIC_CURVE_SET('',(#6521));
#6521 = TRIMMED_CURVE('',#6522,(#6526,PARAMETER_VALUE(0.)),(#6527,
    PARAMETER_VALUE(0.275)),.T.,.PARAMETER.);
#6522 = LINE('',#6523,#6524);
#6523 = CARTESIAN_POINT('',(1.5,-1.125,0.1));
#6524 = VECTOR('',#6525,1.);
#6525 = DIRECTION('',(-1.,0.,0.));
#6526 = CARTESIAN_POINT('',(1.5,-1.125,0.1));
#6527 = CARTESIAN_POINT('',(1.225,-1.125,0.1));
#6528 = GEOMETRIC_CURVE_SET('',(#6529));
#6529 = TRIMMED_CURVE('',#6530,(#6534,PARAMETER_VALUE(0.)),(#6535,
    PARAMETER_VALUE(0.1)),.T.,.PARAMETER.);
#6530 = LINE('',#6531,#6532);
#6531 = CARTESIAN_POINT('',(1.225,-1.125,2.498001805407E-16));
#6532 = VECTOR('',#6533,1.);
#6533 = DIRECTION('',(0.,2.22044604925E-16,1.));
#6534 = CARTESIAN_POINT('',(1.225,-1.125,2.498001805407E-16));
#6535 = CARTESIAN_POINT('',(1.225,-1.125,0.1));
#6536 = GEOMETRIC_CURVE_SET('',(#6537));
#6537 = TRIMMED_CURVE('',#6538,(#6542,PARAMETER_VALUE(0.)),(#6543,
    PARAMETER_VALUE(0.25)),.T.,.PARAMETER.);
#6538 = LINE('',#6539,#6540);
#6539 = CARTESIAN_POINT('',(1.5,-1.375,3.053113317719E-16));
#6540 = VECTOR('',#6541,1.);
#6541 = DIRECTION('',(0.,1.,-2.22044604925E-16));
#6542 = CARTESIAN_POINT('',(1.5,-1.375,3.053113317719E-16));
#6543 = CARTESIAN_POINT('',(1.5,-1.125,2.498001805407E-16));
#6544 = GEOMETRIC_CURVE_SET('',(#6545));
#6545 = TRIMMED_CURVE('',#6546,(#6550,PARAMETER_VALUE(0.)),(#6551,
    PARAMETER_VALUE(0.1)),.T.,.PARAMETER.);
#6546 = LINE('',#6547,#6548);
#6547 = CARTESIAN_POINT('',(1.5,-1.375,3.053113317719E-16));
#6548 = VECTOR('',#6549,1.);
#6549 = DIRECTION('',(0.,2.22044604925E-16,1.));
#6550 = CARTESIAN_POINT('',(1.5,-1.375,3.053113317719E-16));
#6551 = CARTESIAN_POINT('',(1.5,-1.375,0.1));
#6552 = GEOMETRIC_CURVE_SET('',(#6553));
#6553 = TRIMMED_CURVE('',#6554,(#6558,PARAMETER_VALUE(0.)),(#6559,
    PARAMETER_VALUE(0.25)),.T.,.PARAMETER.);
#6554 = LINE('',#6555,#6556);
#6555 = CARTESIAN_POINT('',(1.5,-1.375,0.1));
#6556 = VECTOR('',#6557,1.);
#6557 = DIRECTION('',(0.,1.,-2.22044604925E-16));
#6558 = CARTESIAN_POINT('',(1.5,-1.375,0.1));
#6559 = CARTESIAN_POINT('',(1.5,-1.125,0.1));
#6560 = GEOMETRIC_CURVE_SET('',(#6561));
#6561 = TRIMMED_CURVE('',#6562,(#6566,PARAMETER_VALUE(0.)),(#6567,
    PARAMETER_VALUE(0.1)),.T.,.PARAMETER.);
#6562 = LINE('',#6563,#6564);
#6563 = CARTESIAN_POINT('',(1.5,-1.125,2.498001805407E-16));
#6564 = VECTOR('',#6565,1.);
#6565 = DIRECTION('',(0.,2.22044604925E-16,1.));
#6566 = CARTESIAN_POINT('',(1.5,-1.125,2.498001805407E-16));
#6567 = CARTESIAN_POINT('',(1.5,-1.125,0.1));
#6568 = GEOMETRIC_CURVE_SET('',(#6569));
#6569 = TRIMMED_CURVE('',#6570,(#6574,PARAMETER_VALUE(0.)),(#6575,
    PARAMETER_VALUE(0.275)),.T.,.PARAMETER.);
#6570 = LINE('',#6571,#6572);
#6571 = CARTESIAN_POINT('',(1.225,-1.375,3.053113317719E-16));
#6572 = VECTOR('',#6573,1.);
#6573 = DIRECTION('',(1.,0.,0.));
#6574 = CARTESIAN_POINT('',(1.225,-1.375,3.053113317719E-16));
#6575 = CARTESIAN_POINT('',(1.5,-1.375,3.053113317719E-16));
#6576 = GEOMETRIC_CURVE_SET('',(#6577));
#6577 = TRIMMED_CURVE('',#6578,(#6582,PARAMETER_VALUE(0.)),(#6583,
    PARAMETER_VALUE(0.1)),.T.,.PARAMETER.);
#6578 = LINE('',#6579,#6580);
#6579 = CARTESIAN_POINT('',(1.225,-1.375,3.053113317719E-16));
#6580 = VECTOR('',#6581,1.);
#6581 = DIRECTION('',(0.,2.22044604925E-16,1.));
#6582 = CARTESIAN_POINT('',(1.225,-1.375,3.053113317719E-16));
#6583 = CARTESIAN_POINT('',(1.225,-1.375,0.1));
#6584 = GEOMETRIC_CURVE_SET('',(#6585));
#6585 = TRIMMED_CURVE('',#6586,(#6590,PARAMETER_VALUE(0.)),(#6591,
    PARAMETER_VALUE(0.275)),.T.,.PARAMETER.);
#6586 = LINE('',#6587,#6588);
#6587 = CARTESIAN_POINT('',(1.225,-1.375,0.1));
#6588 = VECTOR('',#6589,1.);
#6589 = DIRECTION('',(1.,0.,0.));
#6590 = CARTESIAN_POINT('',(1.225,-1.375,0.1));
#6591 = CARTESIAN_POINT('',(1.5,-1.375,0.1));
#6592 = GEOMETRIC_CURVE_SET('',(#6593));
#6593 = TRIMMED_CURVE('',#6594,(#6598,PARAMETER_VALUE(0.)),(#6599,
    PARAMETER_VALUE(0.1)),.T.,.PARAMETER.);
#6594 = LINE('',#6595,#6596);
#6595 = CARTESIAN_POINT('',(1.5,-1.375,3.053113317719E-16));
#6596 = VECTOR('',#6597,1.);
#6597 = DIRECTION('',(0.,2.22044604925E-16,1.));
#6598 = CARTESIAN_POINT('',(1.5,-1.375,3.053113317719E-16));
#6599 = CARTESIAN_POINT('',(1.5,-1.375,0.1));
#6600 = GEOMETRIC_CURVE_SET('',(#6601));
#6601 = TRIMMED_CURVE('',#6602,(#6606,PARAMETER_VALUE(0.)),(#6607,
    PARAMETER_VALUE(0.1)),.T.,.PARAMETER.);
#6602 = LINE('',#6603,#6604);
#6603 = CARTESIAN_POINT('',(1.225,-1.375,3.053113317719E-16));
#6604 = VECTOR('',#6605,1.);
#6605 = DIRECTION('',(0.,2.22044604925E-16,1.));
#6606 = CARTESIAN_POINT('',(1.225,-1.375,3.053113317719E-16));
#6607 = CARTESIAN_POINT('',(1.225,-1.375,0.1));
#6608 = GEOMETRIC_CURVE_SET('',(#6609));
#6609 = TRIMMED_CURVE('',#6610,(#6615,PARAMETER_VALUE(0.)),(#6616,
    PARAMETER_VALUE(3.14159265359)),.T.,.PARAMETER.);
#6610 = CIRCLE('',#6611,0.125);
#6611 = AXIS2_PLACEMENT_3D('',#6612,#6613,#6614);
#6612 = CARTESIAN_POINT('',(1.225,-1.25,0.1));
#6613 = DIRECTION('',(0.,2.22044604925E-16,1.));
#6614 = DIRECTION('',(0.,1.,-2.22044604925E-16));
#6615 = CARTESIAN_POINT('',(1.225,-1.125,0.1));
#6616 = CARTESIAN_POINT('',(1.225,-1.375,0.1));
#6617 = GEOMETRIC_CURVE_SET('',(#6618));
#6618 = TRIMMED_CURVE('',#6619,(#6623,PARAMETER_VALUE(0.)),(#6624,
    PARAMETER_VALUE(0.1)),.T.,.PARAMETER.);
#6619 = LINE('',#6620,#6621);
#6620 = CARTESIAN_POINT('',(1.225,-1.125,2.498001805407E-16));
#6621 = VECTOR('',#6622,1.);
#6622 = DIRECTION('',(0.,2.22044604925E-16,1.));
#6623 = CARTESIAN_POINT('',(1.225,-1.125,2.498001805407E-16));
#6624 = CARTESIAN_POINT('',(1.225,-1.125,0.1));
#6625 = GEOMETRIC_CURVE_SET('',(#6626));
#6626 = TRIMMED_CURVE('',#6627,(#6632,PARAMETER_VALUE(0.)),(#6633,
    PARAMETER_VALUE(3.14159265359)),.T.,.PARAMETER.);
#6627 = CIRCLE('',#6628,0.125);
#6628 = AXIS2_PLACEMENT_3D('',#6629,#6630,#6631);
#6629 = CARTESIAN_POINT('',(1.225,-1.25,2.775557561563E-16));
#6630 = DIRECTION('',(0.,2.22044604925E-16,1.));
#6631 = DIRECTION('',(0.,1.,-2.22044604925E-16));
#6632 = CARTESIAN_POINT('',(1.225,-1.125,2.498001805407E-16));
#6633 = CARTESIAN_POINT('',(1.225,-1.375,3.053113317719E-16));
#6634 = GEOMETRIC_CURVE_SET('',(#6635));
#6635 = TRIMMED_CURVE('',#6636,(#6640,PARAMETER_VALUE(0.)),(#6641,
    PARAMETER_VALUE(0.275)),.T.,.PARAMETER.);
#6636 = LINE('',#6637,#6638);
#6637 = CARTESIAN_POINT('',(1.5,-1.125,0.1));
#6638 = VECTOR('',#6639,1.);
#6639 = DIRECTION('',(-1.,0.,0.));
#6640 = CARTESIAN_POINT('',(1.5,-1.125,0.1));
#6641 = CARTESIAN_POINT('',(1.225,-1.125,0.1));
#6642 = GEOMETRIC_CURVE_SET('',(#6643));
#6643 = TRIMMED_CURVE('',#6644,(#6648,PARAMETER_VALUE(0.)),(#6649,
    PARAMETER_VALUE(0.25)),.T.,.PARAMETER.);
#6644 = LINE('',#6645,#6646);
#6645 = CARTESIAN_POINT('',(1.5,-1.375,0.1));
#6646 = VECTOR('',#6647,1.);
#6647 = DIRECTION('',(0.,1.,-2.22044604925E-16));
#6648 = CARTESIAN_POINT('',(1.5,-1.375,0.1));
#6649 = CARTESIAN_POINT('',(1.5,-1.125,0.1));
#6650 = GEOMETRIC_CURVE_SET('',(#6651));
#6651 = TRIMMED_CURVE('',#6652,(#6656,PARAMETER_VALUE(0.)),(#6657,
    PARAMETER_VALUE(0.275)),.T.,.PARAMETER.);
#6652 = LINE('',#6653,#6654);
#6653 = CARTESIAN_POINT('',(1.225,-1.375,0.1));
#6654 = VECTOR('',#6655,1.);
#6655 = DIRECTION('',(1.,0.,0.));
#6656 = CARTESIAN_POINT('',(1.225,-1.375,0.1));
#6657 = CARTESIAN_POINT('',(1.5,-1.375,0.1));
#6658 = GEOMETRIC_CURVE_SET('',(#6659));
#6659 = TRIMMED_CURVE('',#6660,(#6665,PARAMETER_VALUE(0.)),(#6666,
    PARAMETER_VALUE(3.14159265359)),.T.,.PARAMETER.);
#6660 = CIRCLE('',#6661,0.125);
#6661 = AXIS2_PLACEMENT_3D('',#6662,#6663,#6664);
#6662 = CARTESIAN_POINT('',(1.225,-1.25,0.1));
#6663 = DIRECTION('',(0.,2.22044604925E-16,1.));
#6664 = DIRECTION('',(0.,1.,-2.22044604925E-16));
#6665 = CARTESIAN_POINT('',(1.225,-1.125,0.1));
#6666 = CARTESIAN_POINT('',(1.225,-1.375,0.1));
#6667 = GEOMETRIC_CURVE_SET('',(#6668));
#6668 = TRIMMED_CURVE('',#6669,(#6673,PARAMETER_VALUE(0.)),(#6674,
    PARAMETER_VALUE(0.275)),.T.,.PARAMETER.);
#6669 = LINE('',#6670,#6671);
#6670 = CARTESIAN_POINT('',(1.5,-0.625,1.387778780781E-16));
#6671 = VECTOR('',#6672,1.);
#6672 = DIRECTION('',(-1.,0.,0.));
#6673 = CARTESIAN_POINT('',(1.5,-0.625,1.387778780781E-16));
#6674 = CARTESIAN_POINT('',(1.225,-0.625,1.387778780781E-16));
#6675 = GEOMETRIC_CURVE_SET('',(#6676));
#6676 = TRIMMED_CURVE('',#6677,(#6682,PARAMETER_VALUE(0.)),(#6683,
    PARAMETER_VALUE(3.14159265359)),.T.,.PARAMETER.);
#6677 = CIRCLE('',#6678,0.125);
#6678 = AXIS2_PLACEMENT_3D('',#6679,#6680,#6681);
#6679 = CARTESIAN_POINT('',(1.225,-0.75,1.665334536938E-16));
#6680 = DIRECTION('',(0.,2.22044604925E-16,1.));
#6681 = DIRECTION('',(0.,1.,-2.22044604925E-16));
#6682 = CARTESIAN_POINT('',(1.225,-0.625,1.387778780781E-16));
#6683 = CARTESIAN_POINT('',(1.225,-0.875,1.942890293094E-16));
#6684 = GEOMETRIC_CURVE_SET('',(#6685));
#6685 = TRIMMED_CURVE('',#6686,(#6690,PARAMETER_VALUE(0.)),(#6691,
    PARAMETER_VALUE(0.275)),.T.,.PARAMETER.);
#6686 = LINE('',#6687,#6688);
#6687 = CARTESIAN_POINT('',(1.225,-0.875,1.942890293094E-16));
#6688 = VECTOR('',#6689,1.);
#6689 = DIRECTION('',(1.,0.,0.));
#6690 = CARTESIAN_POINT('',(1.225,-0.875,1.942890293094E-16));
#6691 = CARTESIAN_POINT('',(1.5,-0.875,1.942890293094E-16));
#6692 = GEOMETRIC_CURVE_SET('',(#6693));
#6693 = TRIMMED_CURVE('',#6694,(#6698,PARAMETER_VALUE(0.)),(#6699,
    PARAMETER_VALUE(0.25)),.T.,.PARAMETER.);
#6694 = LINE('',#6695,#6696);
#6695 = CARTESIAN_POINT('',(1.5,-0.875,1.942890293094E-16));
#6696 = VECTOR('',#6697,1.);
#6697 = DIRECTION('',(0.,1.,-2.22044604925E-16));
#6698 = CARTESIAN_POINT('',(1.5,-0.875,1.942890293094E-16));
#6699 = CARTESIAN_POINT('',(1.5,-0.625,1.387778780781E-16));
#6700 = GEOMETRIC_CURVE_SET('',(#6701));
#6701 = TRIMMED_CURVE('',#6702,(#6706,PARAMETER_VALUE(0.)),(#6707,
    PARAMETER_VALUE(0.275)),.T.,.PARAMETER.);
#6702 = LINE('',#6703,#6704);
#6703 = CARTESIAN_POINT('',(1.5,-0.625,1.387778780781E-16));
#6704 = VECTOR('',#6705,1.);
#6705 = DIRECTION('',(-1.,0.,0.));
#6706 = CARTESIAN_POINT('',(1.5,-0.625,1.387778780781E-16));
#6707 = CARTESIAN_POINT('',(1.225,-0.625,1.387778780781E-16));
#6708 = GEOMETRIC_CURVE_SET('',(#6709));
#6709 = TRIMMED_CURVE('',#6710,(#6714,PARAMETER_VALUE(0.)),(#6715,
    PARAMETER_VALUE(0.1)),.T.,.PARAMETER.);
#6710 = LINE('',#6711,#6712);
#6711 = CARTESIAN_POINT('',(1.5,-0.625,1.387778780781E-16));
#6712 = VECTOR('',#6713,1.);
#6713 = DIRECTION('',(0.,2.22044604925E-16,1.));
#6714 = CARTESIAN_POINT('',(1.5,-0.625,1.387778780781E-16));
#6715 = CARTESIAN_POINT('',(1.5,-0.625,0.1));
#6716 = GEOMETRIC_CURVE_SET('',(#6717));
#6717 = TRIMMED_CURVE('',#6718,(#6722,PARAMETER_VALUE(0.)),(#6723,
    PARAMETER_VALUE(0.275)),.T.,.PARAMETER.);
#6718 = LINE('',#6719,#6720);
#6719 = CARTESIAN_POINT('',(1.5,-0.625,0.1));
#6720 = VECTOR('',#6721,1.);
#6721 = DIRECTION('',(-1.,0.,0.));
#6722 = CARTESIAN_POINT('',(1.5,-0.625,0.1));
#6723 = CARTESIAN_POINT('',(1.225,-0.625,0.1));
#6724 = GEOMETRIC_CURVE_SET('',(#6725));
#6725 = TRIMMED_CURVE('',#6726,(#6730,PARAMETER_VALUE(0.)),(#6731,
    PARAMETER_VALUE(0.1)),.T.,.PARAMETER.);
#6726 = LINE('',#6727,#6728);
#6727 = CARTESIAN_POINT('',(1.225,-0.625,1.387778780781E-16));
#6728 = VECTOR('',#6729,1.);
#6729 = DIRECTION('',(0.,2.22044604925E-16,1.));
#6730 = CARTESIAN_POINT('',(1.225,-0.625,1.387778780781E-16));
#6731 = CARTESIAN_POINT('',(1.225,-0.625,0.1));
#6732 = GEOMETRIC_CURVE_SET('',(#6733));
#6733 = TRIMMED_CURVE('',#6734,(#6738,PARAMETER_VALUE(0.)),(#6739,
    PARAMETER_VALUE(0.25)),.T.,.PARAMETER.);
#6734 = LINE('',#6735,#6736);
#6735 = CARTESIAN_POINT('',(1.5,-0.875,1.942890293094E-16));
#6736 = VECTOR('',#6737,1.);
#6737 = DIRECTION('',(0.,1.,-2.22044604925E-16));
#6738 = CARTESIAN_POINT('',(1.5,-0.875,1.942890293094E-16));
#6739 = CARTESIAN_POINT('',(1.5,-0.625,1.387778780781E-16));
#6740 = GEOMETRIC_CURVE_SET('',(#6741));
#6741 = TRIMMED_CURVE('',#6742,(#6746,PARAMETER_VALUE(0.)),(#6747,
    PARAMETER_VALUE(0.1)),.T.,.PARAMETER.);
#6742 = LINE('',#6743,#6744);
#6743 = CARTESIAN_POINT('',(1.5,-0.875,1.942890293094E-16));
#6744 = VECTOR('',#6745,1.);
#6745 = DIRECTION('',(0.,2.22044604925E-16,1.));
#6746 = CARTESIAN_POINT('',(1.5,-0.875,1.942890293094E-16));
#6747 = CARTESIAN_POINT('',(1.5,-0.875,0.1));
#6748 = GEOMETRIC_CURVE_SET('',(#6749));
#6749 = TRIMMED_CURVE('',#6750,(#6754,PARAMETER_VALUE(0.)),(#6755,
    PARAMETER_VALUE(0.25)),.T.,.PARAMETER.);
#6750 = LINE('',#6751,#6752);
#6751 = CARTESIAN_POINT('',(1.5,-0.875,0.1));
#6752 = VECTOR('',#6753,1.);
#6753 = DIRECTION('',(0.,1.,-2.22044604925E-16));
#6754 = CARTESIAN_POINT('',(1.5,-0.875,0.1));
#6755 = CARTESIAN_POINT('',(1.5,-0.625,0.1));
#6756 = GEOMETRIC_CURVE_SET('',(#6757));
#6757 = TRIMMED_CURVE('',#6758,(#6762,PARAMETER_VALUE(0.)),(#6763,
    PARAMETER_VALUE(0.1)),.T.,.PARAMETER.);
#6758 = LINE('',#6759,#6760);
#6759 = CARTESIAN_POINT('',(1.5,-0.625,1.387778780781E-16));
#6760 = VECTOR('',#6761,1.);
#6761 = DIRECTION('',(0.,2.22044604925E-16,1.));
#6762 = CARTESIAN_POINT('',(1.5,-0.625,1.387778780781E-16));
#6763 = CARTESIAN_POINT('',(1.5,-0.625,0.1));
#6764 = GEOMETRIC_CURVE_SET('',(#6765));
#6765 = TRIMMED_CURVE('',#6766,(#6770,PARAMETER_VALUE(0.)),(#6771,
    PARAMETER_VALUE(0.275)),.T.,.PARAMETER.);
#6766 = LINE('',#6767,#6768);
#6767 = CARTESIAN_POINT('',(1.225,-0.875,1.942890293094E-16));
#6768 = VECTOR('',#6769,1.);
#6769 = DIRECTION('',(1.,0.,0.));
#6770 = CARTESIAN_POINT('',(1.225,-0.875,1.942890293094E-16));
#6771 = CARTESIAN_POINT('',(1.5,-0.875,1.942890293094E-16));
#6772 = GEOMETRIC_CURVE_SET('',(#6773));
#6773 = TRIMMED_CURVE('',#6774,(#6778,PARAMETER_VALUE(0.)),(#6779,
    PARAMETER_VALUE(0.1)),.T.,.PARAMETER.);
#6774 = LINE('',#6775,#6776);
#6775 = CARTESIAN_POINT('',(1.225,-0.875,1.942890293094E-16));
#6776 = VECTOR('',#6777,1.);
#6777 = DIRECTION('',(0.,2.22044604925E-16,1.));
#6778 = CARTESIAN_POINT('',(1.225,-0.875,1.942890293094E-16));
#6779 = CARTESIAN_POINT('',(1.225,-0.875,0.1));
#6780 = GEOMETRIC_CURVE_SET('',(#6781));
#6781 = TRIMMED_CURVE('',#6782,(#6786,PARAMETER_VALUE(0.)),(#6787,
    PARAMETER_VALUE(0.275)),.T.,.PARAMETER.);
#6782 = LINE('',#6783,#6784);
#6783 = CARTESIAN_POINT('',(1.225,-0.875,0.1));
#6784 = VECTOR('',#6785,1.);
#6785 = DIRECTION('',(1.,0.,0.));
#6786 = CARTESIAN_POINT('',(1.225,-0.875,0.1));
#6787 = CARTESIAN_POINT('',(1.5,-0.875,0.1));
#6788 = GEOMETRIC_CURVE_SET('',(#6789));
#6789 = TRIMMED_CURVE('',#6790,(#6794,PARAMETER_VALUE(0.)),(#6795,
    PARAMETER_VALUE(0.1)),.T.,.PARAMETER.);
#6790 = LINE('',#6791,#6792);
#6791 = CARTESIAN_POINT('',(1.5,-0.875,1.942890293094E-16));
#6792 = VECTOR('',#6793,1.);
#6793 = DIRECTION('',(0.,2.22044604925E-16,1.));
#6794 = CARTESIAN_POINT('',(1.5,-0.875,1.942890293094E-16));
#6795 = CARTESIAN_POINT('',(1.5,-0.875,0.1));
#6796 = GEOMETRIC_CURVE_SET('',(#6797));
#6797 = TRIMMED_CURVE('',#6798,(#6802,PARAMETER_VALUE(0.)),(#6803,
    PARAMETER_VALUE(0.1)),.T.,.PARAMETER.);
#6798 = LINE('',#6799,#6800);
#6799 = CARTESIAN_POINT('',(1.225,-0.875,1.942890293094E-16));
#6800 = VECTOR('',#6801,1.);
#6801 = DIRECTION('',(0.,2.22044604925E-16,1.));
#6802 = CARTESIAN_POINT('',(1.225,-0.875,1.942890293094E-16));
#6803 = CARTESIAN_POINT('',(1.225,-0.875,0.1));
#6804 = GEOMETRIC_CURVE_SET('',(#6805));
#6805 = TRIMMED_CURVE('',#6806,(#6811,PARAMETER_VALUE(0.)),(#6812,
    PARAMETER_VALUE(3.14159265359)),.T.,.PARAMETER.);
#6806 = CIRCLE('',#6807,0.125);
#6807 = AXIS2_PLACEMENT_3D('',#6808,#6809,#6810);
#6808 = CARTESIAN_POINT('',(1.225,-0.75,0.1));
#6809 = DIRECTION('',(0.,2.22044604925E-16,1.));
#6810 = DIRECTION('',(0.,1.,-2.22044604925E-16));
#6811 = CARTESIAN_POINT('',(1.225,-0.625,0.1));
#6812 = CARTESIAN_POINT('',(1.225,-0.875,0.1));
#6813 = GEOMETRIC_CURVE_SET('',(#6814));
#6814 = TRIMMED_CURVE('',#6815,(#6819,PARAMETER_VALUE(0.)),(#6820,
    PARAMETER_VALUE(0.1)),.T.,.PARAMETER.);
#6815 = LINE('',#6816,#6817);
#6816 = CARTESIAN_POINT('',(1.225,-0.625,1.387778780781E-16));
#6817 = VECTOR('',#6818,1.);
#6818 = DIRECTION('',(0.,2.22044604925E-16,1.));
#6819 = CARTESIAN_POINT('',(1.225,-0.625,1.387778780781E-16));
#6820 = CARTESIAN_POINT('',(1.225,-0.625,0.1));
#6821 = GEOMETRIC_CURVE_SET('',(#6822));
#6822 = TRIMMED_CURVE('',#6823,(#6828,PARAMETER_VALUE(0.)),(#6829,
    PARAMETER_VALUE(3.14159265359)),.T.,.PARAMETER.);
#6823 = CIRCLE('',#6824,0.125);
#6824 = AXIS2_PLACEMENT_3D('',#6825,#6826,#6827);
#6825 = CARTESIAN_POINT('',(1.225,-0.75,1.665334536938E-16));
#6826 = DIRECTION('',(0.,2.22044604925E-16,1.));
#6827 = DIRECTION('',(0.,1.,-2.22044604925E-16));
#6828 = CARTESIAN_POINT('',(1.225,-0.625,1.387778780781E-16));
#6829 = CARTESIAN_POINT('',(1.225,-0.875,1.942890293094E-16));
#6830 = GEOMETRIC_CURVE_SET('',(#6831));
#6831 = TRIMMED_CURVE('',#6832,(#6836,PARAMETER_VALUE(0.)),(#6837,
    PARAMETER_VALUE(0.275)),.T.,.PARAMETER.);
#6832 = LINE('',#6833,#6834);
#6833 = CARTESIAN_POINT('',(1.5,-0.625,0.1));
#6834 = VECTOR('',#6835,1.);
#6835 = DIRECTION('',(-1.,0.,0.));
#6836 = CARTESIAN_POINT('',(1.5,-0.625,0.1));
#6837 = CARTESIAN_POINT('',(1.225,-0.625,0.1));
#6838 = GEOMETRIC_CURVE_SET('',(#6839));
#6839 = TRIMMED_CURVE('',#6840,(#6844,PARAMETER_VALUE(0.)),(#6845,
    PARAMETER_VALUE(0.25)),.T.,.PARAMETER.);
#6840 = LINE('',#6841,#6842);
#6841 = CARTESIAN_POINT('',(1.5,-0.875,0.1));
#6842 = VECTOR('',#6843,1.);
#6843 = DIRECTION('',(0.,1.,-2.22044604925E-16));
#6844 = CARTESIAN_POINT('',(1.5,-0.875,0.1));
#6845 = CARTESIAN_POINT('',(1.5,-0.625,0.1));
#6846 = GEOMETRIC_CURVE_SET('',(#6847));
#6847 = TRIMMED_CURVE('',#6848,(#6852,PARAMETER_VALUE(0.)),(#6853,
    PARAMETER_VALUE(0.275)),.T.,.PARAMETER.);
#6848 = LINE('',#6849,#6850);
#6849 = CARTESIAN_POINT('',(1.225,-0.875,0.1));
#6850 = VECTOR('',#6851,1.);
#6851 = DIRECTION('',(1.,0.,0.));
#6852 = CARTESIAN_POINT('',(1.225,-0.875,0.1));
#6853 = CARTESIAN_POINT('',(1.5,-0.875,0.1));
#6854 = GEOMETRIC_CURVE_SET('',(#6855));
#6855 = TRIMMED_CURVE('',#6856,(#6861,PARAMETER_VALUE(0.)),(#6862,
    PARAMETER_VALUE(3.14159265359)),.T.,.PARAMETER.);
#6856 = CIRCLE('',#6857,0.125);
#6857 = AXIS2_PLACEMENT_3D('',#6858,#6859,#6860);
#6858 = CARTESIAN_POINT('',(1.225,-0.75,0.1));
#6859 = DIRECTION('',(0.,2.22044604925E-16,1.));
#6860 = DIRECTION('',(0.,1.,-2.22044604925E-16));
#6861 = CARTESIAN_POINT('',(1.225,-0.625,0.1));
#6862 = CARTESIAN_POINT('',(1.225,-0.875,0.1));
#6863 = GEOMETRIC_CURVE_SET('',(#6864));
#6864 = TRIMMED_CURVE('',#6865,(#6869,PARAMETER_VALUE(0.)),(#6870,
    PARAMETER_VALUE(0.275)),.T.,.PARAMETER.);
#6865 = LINE('',#6866,#6867);
#6866 = CARTESIAN_POINT('',(1.5,-0.125,2.775557561563E-17));
#6867 = VECTOR('',#6868,1.);
#6868 = DIRECTION('',(-1.,0.,0.));
#6869 = CARTESIAN_POINT('',(1.5,-0.125,2.775557561563E-17));
#6870 = CARTESIAN_POINT('',(1.225,-0.125,2.775557561563E-17));
#6871 = GEOMETRIC_CURVE_SET('',(#6872));
#6872 = TRIMMED_CURVE('',#6873,(#6878,PARAMETER_VALUE(0.)),(#6879,
    PARAMETER_VALUE(3.14159265359)),.T.,.PARAMETER.);
#6873 = CIRCLE('',#6874,0.125);
#6874 = AXIS2_PLACEMENT_3D('',#6875,#6876,#6877);
#6875 = CARTESIAN_POINT('',(1.225,-0.25,5.551115123126E-17));
#6876 = DIRECTION('',(0.,2.22044604925E-16,1.));
#6877 = DIRECTION('',(0.,1.,-2.22044604925E-16));
#6878 = CARTESIAN_POINT('',(1.225,-0.125,2.775557561563E-17));
#6879 = CARTESIAN_POINT('',(1.225,-0.375,8.326672684689E-17));
#6880 = GEOMETRIC_CURVE_SET('',(#6881));
#6881 = TRIMMED_CURVE('',#6882,(#6886,PARAMETER_VALUE(0.)),(#6887,
    PARAMETER_VALUE(0.275)),.T.,.PARAMETER.);
#6882 = LINE('',#6883,#6884);
#6883 = CARTESIAN_POINT('',(1.225,-0.375,8.326672684689E-17));
#6884 = VECTOR('',#6885,1.);
#6885 = DIRECTION('',(1.,0.,0.));
#6886 = CARTESIAN_POINT('',(1.225,-0.375,8.326672684689E-17));
#6887 = CARTESIAN_POINT('',(1.5,-0.375,8.326672684689E-17));
#6888 = GEOMETRIC_CURVE_SET('',(#6889));
#6889 = TRIMMED_CURVE('',#6890,(#6894,PARAMETER_VALUE(0.)),(#6895,
    PARAMETER_VALUE(0.25)),.T.,.PARAMETER.);
#6890 = LINE('',#6891,#6892);
#6891 = CARTESIAN_POINT('',(1.5,-0.375,8.326672684689E-17));
#6892 = VECTOR('',#6893,1.);
#6893 = DIRECTION('',(0.,1.,-2.22044604925E-16));
#6894 = CARTESIAN_POINT('',(1.5,-0.375,8.326672684689E-17));
#6895 = CARTESIAN_POINT('',(1.5,-0.125,2.775557561563E-17));
#6896 = GEOMETRIC_CURVE_SET('',(#6897));
#6897 = TRIMMED_CURVE('',#6898,(#6902,PARAMETER_VALUE(0.)),(#6903,
    PARAMETER_VALUE(0.275)),.T.,.PARAMETER.);
#6898 = LINE('',#6899,#6900);
#6899 = CARTESIAN_POINT('',(1.5,-0.125,2.775557561563E-17));
#6900 = VECTOR('',#6901,1.);
#6901 = DIRECTION('',(-1.,0.,0.));
#6902 = CARTESIAN_POINT('',(1.5,-0.125,2.775557561563E-17));
#6903 = CARTESIAN_POINT('',(1.225,-0.125,2.775557561563E-17));
#6904 = GEOMETRIC_CURVE_SET('',(#6905));
#6905 = TRIMMED_CURVE('',#6906,(#6910,PARAMETER_VALUE(0.)),(#6911,
    PARAMETER_VALUE(0.1)),.T.,.PARAMETER.);
#6906 = LINE('',#6907,#6908);
#6907 = CARTESIAN_POINT('',(1.5,-0.125,2.775557561563E-17));
#6908 = VECTOR('',#6909,1.);
#6909 = DIRECTION('',(0.,2.22044604925E-16,1.));
#6910 = CARTESIAN_POINT('',(1.5,-0.125,2.775557561563E-17));
#6911 = CARTESIAN_POINT('',(1.5,-0.125,0.1));
#6912 = GEOMETRIC_CURVE_SET('',(#6913));
#6913 = TRIMMED_CURVE('',#6914,(#6918,PARAMETER_VALUE(0.)),(#6919,
    PARAMETER_VALUE(0.275)),.T.,.PARAMETER.);
#6914 = LINE('',#6915,#6916);
#6915 = CARTESIAN_POINT('',(1.5,-0.125,0.1));
#6916 = VECTOR('',#6917,1.);
#6917 = DIRECTION('',(-1.,0.,0.));
#6918 = CARTESIAN_POINT('',(1.5,-0.125,0.1));
#6919 = CARTESIAN_POINT('',(1.225,-0.125,0.1));
#6920 = GEOMETRIC_CURVE_SET('',(#6921));
#6921 = TRIMMED_CURVE('',#6922,(#6926,PARAMETER_VALUE(0.)),(#6927,
    PARAMETER_VALUE(0.1)),.T.,.PARAMETER.);
#6922 = LINE('',#6923,#6924);
#6923 = CARTESIAN_POINT('',(1.225,-0.125,2.775557561563E-17));
#6924 = VECTOR('',#6925,1.);
#6925 = DIRECTION('',(0.,2.22044604925E-16,1.));
#6926 = CARTESIAN_POINT('',(1.225,-0.125,2.775557561563E-17));
#6927 = CARTESIAN_POINT('',(1.225,-0.125,0.1));
#6928 = GEOMETRIC_CURVE_SET('',(#6929));
#6929 = TRIMMED_CURVE('',#6930,(#6934,PARAMETER_VALUE(0.)),(#6935,
    PARAMETER_VALUE(0.25)),.T.,.PARAMETER.);
#6930 = LINE('',#6931,#6932);
#6931 = CARTESIAN_POINT('',(1.5,-0.375,8.326672684689E-17));
#6932 = VECTOR('',#6933,1.);
#6933 = DIRECTION('',(0.,1.,-2.22044604925E-16));
#6934 = CARTESIAN_POINT('',(1.5,-0.375,8.326672684689E-17));
#6935 = CARTESIAN_POINT('',(1.5,-0.125,2.775557561563E-17));
#6936 = GEOMETRIC_CURVE_SET('',(#6937));
#6937 = TRIMMED_CURVE('',#6938,(#6942,PARAMETER_VALUE(0.)),(#6943,
    PARAMETER_VALUE(0.1)),.T.,.PARAMETER.);
#6938 = LINE('',#6939,#6940);
#6939 = CARTESIAN_POINT('',(1.5,-0.375,8.326672684689E-17));
#6940 = VECTOR('',#6941,1.);
#6941 = DIRECTION('',(0.,2.22044604925E-16,1.));
#6942 = CARTESIAN_POINT('',(1.5,-0.375,8.326672684689E-17));
#6943 = CARTESIAN_POINT('',(1.5,-0.375,0.1));
#6944 = GEOMETRIC_CURVE_SET('',(#6945));
#6945 = TRIMMED_CURVE('',#6946,(#6950,PARAMETER_VALUE(0.)),(#6951,
    PARAMETER_VALUE(0.25)),.T.,.PARAMETER.);
#6946 = LINE('',#6947,#6948);
#6947 = CARTESIAN_POINT('',(1.5,-0.375,0.1));
#6948 = VECTOR('',#6949,1.);
#6949 = DIRECTION('',(0.,1.,-2.22044604925E-16));
#6950 = CARTESIAN_POINT('',(1.5,-0.375,0.1));
#6951 = CARTESIAN_POINT('',(1.5,-0.125,0.1));
#6952 = GEOMETRIC_CURVE_SET('',(#6953));
#6953 = TRIMMED_CURVE('',#6954,(#6958,PARAMETER_VALUE(0.)),(#6959,
    PARAMETER_VALUE(0.1)),.T.,.PARAMETER.);
#6954 = LINE('',#6955,#6956);
#6955 = CARTESIAN_POINT('',(1.5,-0.125,2.775557561563E-17));
#6956 = VECTOR('',#6957,1.);
#6957 = DIRECTION('',(0.,2.22044604925E-16,1.));
#6958 = CARTESIAN_POINT('',(1.5,-0.125,2.775557561563E-17));
#6959 = CARTESIAN_POINT('',(1.5,-0.125,0.1));
#6960 = GEOMETRIC_CURVE_SET('',(#6961));
#6961 = TRIMMED_CURVE('',#6962,(#6966,PARAMETER_VALUE(0.)),(#6967,
    PARAMETER_VALUE(0.275)),.T.,.PARAMETER.);
#6962 = LINE('',#6963,#6964);
#6963 = CARTESIAN_POINT('',(1.225,-0.375,8.326672684689E-17));
#6964 = VECTOR('',#6965,1.);
#6965 = DIRECTION('',(1.,0.,0.));
#6966 = CARTESIAN_POINT('',(1.225,-0.375,8.326672684689E-17));
#6967 = CARTESIAN_POINT('',(1.5,-0.375,8.326672684689E-17));
#6968 = GEOMETRIC_CURVE_SET('',(#6969));
#6969 = TRIMMED_CURVE('',#6970,(#6974,PARAMETER_VALUE(0.)),(#6975,
    PARAMETER_VALUE(0.1)),.T.,.PARAMETER.);
#6970 = LINE('',#6971,#6972);
#6971 = CARTESIAN_POINT('',(1.225,-0.375,8.326672684689E-17));
#6972 = VECTOR('',#6973,1.);
#6973 = DIRECTION('',(0.,2.22044604925E-16,1.));
#6974 = CARTESIAN_POINT('',(1.225,-0.375,8.326672684689E-17));
#6975 = CARTESIAN_POINT('',(1.225,-0.375,0.1));
#6976 = GEOMETRIC_CURVE_SET('',(#6977));
#6977 = TRIMMED_CURVE('',#6978,(#6982,PARAMETER_VALUE(0.)),(#6983,
    PARAMETER_VALUE(0.275)),.T.,.PARAMETER.);
#6978 = LINE('',#6979,#6980);
#6979 = CARTESIAN_POINT('',(1.225,-0.375,0.1));
#6980 = VECTOR('',#6981,1.);
#6981 = DIRECTION('',(1.,0.,0.));
#6982 = CARTESIAN_POINT('',(1.225,-0.375,0.1));
#6983 = CARTESIAN_POINT('',(1.5,-0.375,0.1));
#6984 = GEOMETRIC_CURVE_SET('',(#6985));
#6985 = TRIMMED_CURVE('',#6986,(#6990,PARAMETER_VALUE(0.)),(#6991,
    PARAMETER_VALUE(0.1)),.T.,.PARAMETER.);
#6986 = LINE('',#6987,#6988);
#6987 = CARTESIAN_POINT('',(1.5,-0.375,8.326672684689E-17));
#6988 = VECTOR('',#6989,1.);
#6989 = DIRECTION('',(0.,2.22044604925E-16,1.));
#6990 = CARTESIAN_POINT('',(1.5,-0.375,8.326672684689E-17));
#6991 = CARTESIAN_POINT('',(1.5,-0.375,0.1));
#6992 = GEOMETRIC_CURVE_SET('',(#6993));
#6993 = TRIMMED_CURVE('',#6994,(#6998,PARAMETER_VALUE(0.)),(#6999,
    PARAMETER_VALUE(0.1)),.T.,.PARAMETER.);
#6994 = LINE('',#6995,#6996);
#6995 = CARTESIAN_POINT('',(1.225,-0.375,8.326672684689E-17));
#6996 = VECTOR('',#6997,1.);
#6997 = DIRECTION('',(0.,2.22044604925E-16,1.));
#6998 = CARTESIAN_POINT('',(1.225,-0.375,8.326672684689E-17));
#6999 = CARTESIAN_POINT('',(1.225,-0.375,0.1));
#7000 = GEOMETRIC_CURVE_SET('',(#7001));
#7001 = TRIMMED_CURVE('',#7002,(#7007,PARAMETER_VALUE(0.)),(#7008,
    PARAMETER_VALUE(3.14159265359)),.T.,.PARAMETER.);
#7002 = CIRCLE('',#7003,0.125);
#7003 = AXIS2_PLACEMENT_3D('',#7004,#7005,#7006);
#7004 = CARTESIAN_POINT('',(1.225,-0.25,0.1));
#7005 = DIRECTION('',(0.,2.22044604925E-16,1.));
#7006 = DIRECTION('',(0.,1.,-2.22044604925E-16));
#7007 = CARTESIAN_POINT('',(1.225,-0.125,0.1));
#7008 = CARTESIAN_POINT('',(1.225,-0.375,0.1));
#7009 = GEOMETRIC_CURVE_SET('',(#7010));
#7010 = TRIMMED_CURVE('',#7011,(#7015,PARAMETER_VALUE(0.)),(#7016,
    PARAMETER_VALUE(0.1)),.T.,.PARAMETER.);
#7011 = LINE('',#7012,#7013);
#7012 = CARTESIAN_POINT('',(1.225,-0.125,2.775557561563E-17));
#7013 = VECTOR('',#7014,1.);
#7014 = DIRECTION('',(0.,2.22044604925E-16,1.));
#7015 = CARTESIAN_POINT('',(1.225,-0.125,2.775557561563E-17));
#7016 = CARTESIAN_POINT('',(1.225,-0.125,0.1));
#7017 = GEOMETRIC_CURVE_SET('',(#7018));
#7018 = TRIMMED_CURVE('',#7019,(#7024,PARAMETER_VALUE(0.)),(#7025,
    PARAMETER_VALUE(3.14159265359)),.T.,.PARAMETER.);
#7019 = CIRCLE('',#7020,0.125);
#7020 = AXIS2_PLACEMENT_3D('',#7021,#7022,#7023);
#7021 = CARTESIAN_POINT('',(1.225,-0.25,5.551115123126E-17));
#7022 = DIRECTION('',(0.,2.22044604925E-16,1.));
#7023 = DIRECTION('',(0.,1.,-2.22044604925E-16));
#7024 = CARTESIAN_POINT('',(1.225,-0.125,2.775557561563E-17));
#7025 = CARTESIAN_POINT('',(1.225,-0.375,8.326672684689E-17));
#7026 = GEOMETRIC_CURVE_SET('',(#7027));
#7027 = TRIMMED_CURVE('',#7028,(#7032,PARAMETER_VALUE(0.)),(#7033,
    PARAMETER_VALUE(0.275)),.T.,.PARAMETER.);
#7028 = LINE('',#7029,#7030);
#7029 = CARTESIAN_POINT('',(1.5,-0.125,0.1));
#7030 = VECTOR('',#7031,1.);
#7031 = DIRECTION('',(-1.,0.,0.));
#7032 = CARTESIAN_POINT('',(1.5,-0.125,0.1));
#7033 = CARTESIAN_POINT('',(1.225,-0.125,0.1));
#7034 = GEOMETRIC_CURVE_SET('',(#7035));
#7035 = TRIMMED_CURVE('',#7036,(#7040,PARAMETER_VALUE(0.)),(#7041,
    PARAMETER_VALUE(0.25)),.T.,.PARAMETER.);
#7036 = LINE('',#7037,#7038);
#7037 = CARTESIAN_POINT('',(1.5,-0.375,0.1));
#7038 = VECTOR('',#7039,1.);
#7039 = DIRECTION('',(0.,1.,-2.22044604925E-16));
#7040 = CARTESIAN_POINT('',(1.5,-0.375,0.1));
#7041 = CARTESIAN_POINT('',(1.5,-0.125,0.1));
#7042 = GEOMETRIC_CURVE_SET('',(#7043));
#7043 = TRIMMED_CURVE('',#7044,(#7048,PARAMETER_VALUE(0.)),(#7049,
    PARAMETER_VALUE(0.275)),.T.,.PARAMETER.);
#7044 = LINE('',#7045,#7046);
#7045 = CARTESIAN_POINT('',(1.225,-0.375,0.1));
#7046 = VECTOR('',#7047,1.);
#7047 = DIRECTION('',(1.,0.,0.));
#7048 = CARTESIAN_POINT('',(1.225,-0.375,0.1));
#7049 = CARTESIAN_POINT('',(1.5,-0.375,0.1));
#7050 = GEOMETRIC_CURVE_SET('',(#7051));
#7051 = TRIMMED_CURVE('',#7052,(#7057,PARAMETER_VALUE(0.)),(#7058,
    PARAMETER_VALUE(3.14159265359)),.T.,.PARAMETER.);
#7052 = CIRCLE('',#7053,0.125);
#7053 = AXIS2_PLACEMENT_3D('',#7054,#7055,#7056);
#7054 = CARTESIAN_POINT('',(1.225,-0.25,0.1));
#7055 = DIRECTION('',(0.,2.22044604925E-16,1.));
#7056 = DIRECTION('',(0.,1.,-2.22044604925E-16));
#7057 = CARTESIAN_POINT('',(1.225,-0.125,0.1));
#7058 = CARTESIAN_POINT('',(1.225,-0.375,0.1));
#7059 = GEOMETRIC_CURVE_SET('',(#7060));
#7060 = TRIMMED_CURVE('',#7061,(#7065,PARAMETER_VALUE(0.)),(#7066,
    PARAMETER_VALUE(0.275)),.T.,.PARAMETER.);
#7061 = LINE('',#7062,#7063);
#7062 = CARTESIAN_POINT('',(1.5,0.375,-8.326672684689E-17));
#7063 = VECTOR('',#7064,1.);
#7064 = DIRECTION('',(-1.,0.,0.));
#7065 = CARTESIAN_POINT('',(1.5,0.375,-8.326672684689E-17));
#7066 = CARTESIAN_POINT('',(1.225,0.375,-8.326672684689E-17));
#7067 = GEOMETRIC_CURVE_SET('',(#7068));
#7068 = TRIMMED_CURVE('',#7069,(#7074,PARAMETER_VALUE(0.)),(#7075,
    PARAMETER_VALUE(3.14159265359)),.T.,.PARAMETER.);
#7069 = CIRCLE('',#7070,0.125);
#7070 = AXIS2_PLACEMENT_3D('',#7071,#7072,#7073);
#7071 = CARTESIAN_POINT('',(1.225,0.25,-5.551115123126E-17));
#7072 = DIRECTION('',(0.,2.22044604925E-16,1.));
#7073 = DIRECTION('',(0.,1.,-2.22044604925E-16));
#7074 = CARTESIAN_POINT('',(1.225,0.375,-8.326672684689E-17));
#7075 = CARTESIAN_POINT('',(1.225,0.125,-2.775557561563E-17));
#7076 = GEOMETRIC_CURVE_SET('',(#7077));
#7077 = TRIMMED_CURVE('',#7078,(#7082,PARAMETER_VALUE(0.)),(#7083,
    PARAMETER_VALUE(0.275)),.T.,.PARAMETER.);
#7078 = LINE('',#7079,#7080);
#7079 = CARTESIAN_POINT('',(1.225,0.125,-2.775557561563E-17));
#7080 = VECTOR('',#7081,1.);
#7081 = DIRECTION('',(1.,0.,0.));
#7082 = CARTESIAN_POINT('',(1.225,0.125,-2.775557561563E-17));
#7083 = CARTESIAN_POINT('',(1.5,0.125,-2.775557561563E-17));
#7084 = GEOMETRIC_CURVE_SET('',(#7085));
#7085 = TRIMMED_CURVE('',#7086,(#7090,PARAMETER_VALUE(0.)),(#7091,
    PARAMETER_VALUE(0.25)),.T.,.PARAMETER.);
#7086 = LINE('',#7087,#7088);
#7087 = CARTESIAN_POINT('',(1.5,0.125,-2.775557561563E-17));
#7088 = VECTOR('',#7089,1.);
#7089 = DIRECTION('',(0.,1.,-2.22044604925E-16));
#7090 = CARTESIAN_POINT('',(1.5,0.125,-2.775557561563E-17));
#7091 = CARTESIAN_POINT('',(1.5,0.375,-8.326672684689E-17));
#7092 = GEOMETRIC_CURVE_SET('',(#7093));
#7093 = TRIMMED_CURVE('',#7094,(#7098,PARAMETER_VALUE(0.)),(#7099,
    PARAMETER_VALUE(0.275)),.T.,.PARAMETER.);
#7094 = LINE('',#7095,#7096);
#7095 = CARTESIAN_POINT('',(1.5,0.375,-8.326672684689E-17));
#7096 = VECTOR('',#7097,1.);
#7097 = DIRECTION('',(-1.,0.,0.));
#7098 = CARTESIAN_POINT('',(1.5,0.375,-8.326672684689E-17));
#7099 = CARTESIAN_POINT('',(1.225,0.375,-8.326672684689E-17));
#7100 = GEOMETRIC_CURVE_SET('',(#7101));
#7101 = TRIMMED_CURVE('',#7102,(#7106,PARAMETER_VALUE(0.)),(#7107,
    PARAMETER_VALUE(0.1)),.T.,.PARAMETER.);
#7102 = LINE('',#7103,#7104);
#7103 = CARTESIAN_POINT('',(1.5,0.375,-8.326672684689E-17));
#7104 = VECTOR('',#7105,1.);
#7105 = DIRECTION('',(0.,2.22044604925E-16,1.));
#7106 = CARTESIAN_POINT('',(1.5,0.375,-8.326672684689E-17));
#7107 = CARTESIAN_POINT('',(1.5,0.375,1.E-01));
#7108 = GEOMETRIC_CURVE_SET('',(#7109));
#7109 = TRIMMED_CURVE('',#7110,(#7114,PARAMETER_VALUE(0.)),(#7115,
    PARAMETER_VALUE(0.275)),.T.,.PARAMETER.);
#7110 = LINE('',#7111,#7112);
#7111 = CARTESIAN_POINT('',(1.5,0.375,1.E-01));
#7112 = VECTOR('',#7113,1.);
#7113 = DIRECTION('',(-1.,0.,0.));
#7114 = CARTESIAN_POINT('',(1.5,0.375,1.E-01));
#7115 = CARTESIAN_POINT('',(1.225,0.375,1.E-01));
#7116 = GEOMETRIC_CURVE_SET('',(#7117));
#7117 = TRIMMED_CURVE('',#7118,(#7122,PARAMETER_VALUE(0.)),(#7123,
    PARAMETER_VALUE(0.1)),.T.,.PARAMETER.);
#7118 = LINE('',#7119,#7120);
#7119 = CARTESIAN_POINT('',(1.225,0.375,-8.326672684689E-17));
#7120 = VECTOR('',#7121,1.);
#7121 = DIRECTION('',(0.,2.22044604925E-16,1.));
#7122 = CARTESIAN_POINT('',(1.225,0.375,-8.326672684689E-17));
#7123 = CARTESIAN_POINT('',(1.225,0.375,1.E-01));
#7124 = GEOMETRIC_CURVE_SET('',(#7125));
#7125 = TRIMMED_CURVE('',#7126,(#7130,PARAMETER_VALUE(0.)),(#7131,
    PARAMETER_VALUE(0.25)),.T.,.PARAMETER.);
#7126 = LINE('',#7127,#7128);
#7127 = CARTESIAN_POINT('',(1.5,0.125,-2.775557561563E-17));
#7128 = VECTOR('',#7129,1.);
#7129 = DIRECTION('',(0.,1.,-2.22044604925E-16));
#7130 = CARTESIAN_POINT('',(1.5,0.125,-2.775557561563E-17));
#7131 = CARTESIAN_POINT('',(1.5,0.375,-8.326672684689E-17));
#7132 = GEOMETRIC_CURVE_SET('',(#7133));
#7133 = TRIMMED_CURVE('',#7134,(#7138,PARAMETER_VALUE(0.)),(#7139,
    PARAMETER_VALUE(0.1)),.T.,.PARAMETER.);
#7134 = LINE('',#7135,#7136);
#7135 = CARTESIAN_POINT('',(1.5,0.125,-2.775557561563E-17));
#7136 = VECTOR('',#7137,1.);
#7137 = DIRECTION('',(0.,2.22044604925E-16,1.));
#7138 = CARTESIAN_POINT('',(1.5,0.125,-2.775557561563E-17));
#7139 = CARTESIAN_POINT('',(1.5,0.125,1.E-01));
#7140 = GEOMETRIC_CURVE_SET('',(#7141));
#7141 = TRIMMED_CURVE('',#7142,(#7146,PARAMETER_VALUE(0.)),(#7147,
    PARAMETER_VALUE(0.25)),.T.,.PARAMETER.);
#7142 = LINE('',#7143,#7144);
#7143 = CARTESIAN_POINT('',(1.5,0.125,1.E-01));
#7144 = VECTOR('',#7145,1.);
#7145 = DIRECTION('',(0.,1.,-2.22044604925E-16));
#7146 = CARTESIAN_POINT('',(1.5,0.125,1.E-01));
#7147 = CARTESIAN_POINT('',(1.5,0.375,1.E-01));
#7148 = GEOMETRIC_CURVE_SET('',(#7149));
#7149 = TRIMMED_CURVE('',#7150,(#7154,PARAMETER_VALUE(0.)),(#7155,
    PARAMETER_VALUE(0.1)),.T.,.PARAMETER.);
#7150 = LINE('',#7151,#7152);
#7151 = CARTESIAN_POINT('',(1.5,0.375,-8.326672684689E-17));
#7152 = VECTOR('',#7153,1.);
#7153 = DIRECTION('',(0.,2.22044604925E-16,1.));
#7154 = CARTESIAN_POINT('',(1.5,0.375,-8.326672684689E-17));
#7155 = CARTESIAN_POINT('',(1.5,0.375,1.E-01));
#7156 = GEOMETRIC_CURVE_SET('',(#7157));
#7157 = TRIMMED_CURVE('',#7158,(#7162,PARAMETER_VALUE(0.)),(#7163,
    PARAMETER_VALUE(0.275)),.T.,.PARAMETER.);
#7158 = LINE('',#7159,#7160);
#7159 = CARTESIAN_POINT('',(1.225,0.125,-2.775557561563E-17));
#7160 = VECTOR('',#7161,1.);
#7161 = DIRECTION('',(1.,0.,0.));
#7162 = CARTESIAN_POINT('',(1.225,0.125,-2.775557561563E-17));
#7163 = CARTESIAN_POINT('',(1.5,0.125,-2.775557561563E-17));
#7164 = GEOMETRIC_CURVE_SET('',(#7165));
#7165 = TRIMMED_CURVE('',#7166,(#7170,PARAMETER_VALUE(0.)),(#7171,
    PARAMETER_VALUE(0.1)),.T.,.PARAMETER.);
#7166 = LINE('',#7167,#7168);
#7167 = CARTESIAN_POINT('',(1.225,0.125,-2.775557561563E-17));
#7168 = VECTOR('',#7169,1.);
#7169 = DIRECTION('',(0.,2.22044604925E-16,1.));
#7170 = CARTESIAN_POINT('',(1.225,0.125,-2.775557561563E-17));
#7171 = CARTESIAN_POINT('',(1.225,0.125,1.E-01));
#7172 = GEOMETRIC_CURVE_SET('',(#7173));
#7173 = TRIMMED_CURVE('',#7174,(#7178,PARAMETER_VALUE(0.)),(#7179,
    PARAMETER_VALUE(0.275)),.T.,.PARAMETER.);
#7174 = LINE('',#7175,#7176);
#7175 = CARTESIAN_POINT('',(1.225,0.125,1.E-01));
#7176 = VECTOR('',#7177,1.);
#7177 = DIRECTION('',(1.,0.,0.));
#7178 = CARTESIAN_POINT('',(1.225,0.125,1.E-01));
#7179 = CARTESIAN_POINT('',(1.5,0.125,1.E-01));
#7180 = GEOMETRIC_CURVE_SET('',(#7181));
#7181 = TRIMMED_CURVE('',#7182,(#7186,PARAMETER_VALUE(0.)),(#7187,
    PARAMETER_VALUE(0.1)),.T.,.PARAMETER.);
#7182 = LINE('',#7183,#7184);
#7183 = CARTESIAN_POINT('',(1.5,0.125,-2.775557561563E-17));
#7184 = VECTOR('',#7185,1.);
#7185 = DIRECTION('',(0.,2.22044604925E-16,1.));
#7186 = CARTESIAN_POINT('',(1.5,0.125,-2.775557561563E-17));
#7187 = CARTESIAN_POINT('',(1.5,0.125,1.E-01));
#7188 = GEOMETRIC_CURVE_SET('',(#7189));
#7189 = TRIMMED_CURVE('',#7190,(#7194,PARAMETER_VALUE(0.)),(#7195,
    PARAMETER_VALUE(0.1)),.T.,.PARAMETER.);
#7190 = LINE('',#7191,#7192);
#7191 = CARTESIAN_POINT('',(1.225,0.125,-2.775557561563E-17));
#7192 = VECTOR('',#7193,1.);
#7193 = DIRECTION('',(0.,2.22044604925E-16,1.));
#7194 = CARTESIAN_POINT('',(1.225,0.125,-2.775557561563E-17));
#7195 = CARTESIAN_POINT('',(1.225,0.125,1.E-01));
#7196 = GEOMETRIC_CURVE_SET('',(#7197));
#7197 = TRIMMED_CURVE('',#7198,(#7203,PARAMETER_VALUE(0.)),(#7204,
    PARAMETER_VALUE(3.14159265359)),.T.,.PARAMETER.);
#7198 = CIRCLE('',#7199,0.125);
#7199 = AXIS2_PLACEMENT_3D('',#7200,#7201,#7202);
#7200 = CARTESIAN_POINT('',(1.225,0.25,1.E-01));
#7201 = DIRECTION('',(0.,2.22044604925E-16,1.));
#7202 = DIRECTION('',(0.,1.,-2.22044604925E-16));
#7203 = CARTESIAN_POINT('',(1.225,0.375,1.E-01));
#7204 = CARTESIAN_POINT('',(1.225,0.125,1.E-01));
#7205 = GEOMETRIC_CURVE_SET('',(#7206));
#7206 = TRIMMED_CURVE('',#7207,(#7211,PARAMETER_VALUE(0.)),(#7212,
    PARAMETER_VALUE(0.1)),.T.,.PARAMETER.);
#7207 = LINE('',#7208,#7209);
#7208 = CARTESIAN_POINT('',(1.225,0.375,-8.326672684689E-17));
#7209 = VECTOR('',#7210,1.);
#7210 = DIRECTION('',(0.,2.22044604925E-16,1.));
#7211 = CARTESIAN_POINT('',(1.225,0.375,-8.326672684689E-17));
#7212 = CARTESIAN_POINT('',(1.225,0.375,1.E-01));
#7213 = GEOMETRIC_CURVE_SET('',(#7214));
#7214 = TRIMMED_CURVE('',#7215,(#7220,PARAMETER_VALUE(0.)),(#7221,
    PARAMETER_VALUE(3.14159265359)),.T.,.PARAMETER.);
#7215 = CIRCLE('',#7216,0.125);
#7216 = AXIS2_PLACEMENT_3D('',#7217,#7218,#7219);
#7217 = CARTESIAN_POINT('',(1.225,0.25,-5.551115123126E-17));
#7218 = DIRECTION('',(0.,2.22044604925E-16,1.));
#7219 = DIRECTION('',(0.,1.,-2.22044604925E-16));
#7220 = CARTESIAN_POINT('',(1.225,0.375,-8.326672684689E-17));
#7221 = CARTESIAN_POINT('',(1.225,0.125,-2.775557561563E-17));
#7222 = GEOMETRIC_CURVE_SET('',(#7223));
#7223 = TRIMMED_CURVE('',#7224,(#7228,PARAMETER_VALUE(0.)),(#7229,
    PARAMETER_VALUE(0.275)),.T.,.PARAMETER.);
#7224 = LINE('',#7225,#7226);
#7225 = CARTESIAN_POINT('',(1.5,0.375,1.E-01));
#7226 = VECTOR('',#7227,1.);
#7227 = DIRECTION('',(-1.,0.,0.));
#7228 = CARTESIAN_POINT('',(1.5,0.375,1.E-01));
#7229 = CARTESIAN_POINT('',(1.225,0.375,1.E-01));
#7230 = GEOMETRIC_CURVE_SET('',(#7231));
#7231 = TRIMMED_CURVE('',#7232,(#7236,PARAMETER_VALUE(0.)),(#7237,
    PARAMETER_VALUE(0.25)),.T.,.PARAMETER.);
#7232 = LINE('',#7233,#7234);
#7233 = CARTESIAN_POINT('',(1.5,0.125,1.E-01));
#7234 = VECTOR('',#7235,1.);
#7235 = DIRECTION('',(0.,1.,-2.22044604925E-16));
#7236 = CARTESIAN_POINT('',(1.5,0.125,1.E-01));
#7237 = CARTESIAN_POINT('',(1.5,0.375,1.E-01));
#7238 = GEOMETRIC_CURVE_SET('',(#7239));
#7239 = TRIMMED_CURVE('',#7240,(#7244,PARAMETER_VALUE(0.)),(#7245,
    PARAMETER_VALUE(0.275)),.T.,.PARAMETER.);
#7240 = LINE('',#7241,#7242);
#7241 = CARTESIAN_POINT('',(1.225,0.125,1.E-01));
#7242 = VECTOR('',#7243,1.);
#7243 = DIRECTION('',(1.,0.,0.));
#7244 = CARTESIAN_POINT('',(1.225,0.125,1.E-01));
#7245 = CARTESIAN_POINT('',(1.5,0.125,1.E-01));
#7246 = GEOMETRIC_CURVE_SET('',(#7247));
#7247 = TRIMMED_CURVE('',#7248,(#7253,PARAMETER_VALUE(0.)),(#7254,
    PARAMETER_VALUE(3.14159265359)),.T.,.PARAMETER.);
#7248 = CIRCLE('',#7249,0.125);
#7249 = AXIS2_PLACEMENT_3D('',#7250,#7251,#7252);
#7250 = CARTESIAN_POINT('',(1.225,0.25,1.E-01));
#7251 = DIRECTION('',(0.,2.22044604925E-16,1.));
#7252 = DIRECTION('',(0.,1.,-2.22044604925E-16));
#7253 = CARTESIAN_POINT('',(1.225,0.375,1.E-01));
#7254 = CARTESIAN_POINT('',(1.225,0.125,1.E-01));
#7255 = GEOMETRIC_CURVE_SET('',(#7256));
#7256 = TRIMMED_CURVE('',#7257,(#7261,PARAMETER_VALUE(0.)),(#7262,
    PARAMETER_VALUE(0.275)),.T.,.PARAMETER.);
#7257 = LINE('',#7258,#7259);
#7258 = CARTESIAN_POINT('',(1.5,0.875,-1.942890293094E-16));
#7259 = VECTOR('',#7260,1.);
#7260 = DIRECTION('',(-1.,0.,0.));
#7261 = CARTESIAN_POINT('',(1.5,0.875,-1.942890293094E-16));
#7262 = CARTESIAN_POINT('',(1.225,0.875,-1.942890293094E-16));
#7263 = GEOMETRIC_CURVE_SET('',(#7264));
#7264 = TRIMMED_CURVE('',#7265,(#7270,PARAMETER_VALUE(0.)),(#7271,
    PARAMETER_VALUE(3.14159265359)),.T.,.PARAMETER.);
#7265 = CIRCLE('',#7266,0.125);
#7266 = AXIS2_PLACEMENT_3D('',#7267,#7268,#7269);
#7267 = CARTESIAN_POINT('',(1.225,0.75,-1.665334536938E-16));
#7268 = DIRECTION('',(0.,2.22044604925E-16,1.));
#7269 = DIRECTION('',(0.,1.,-2.22044604925E-16));
#7270 = CARTESIAN_POINT('',(1.225,0.875,-1.942890293094E-16));
#7271 = CARTESIAN_POINT('',(1.225,0.625,-1.387778780781E-16));
#7272 = GEOMETRIC_CURVE_SET('',(#7273));
#7273 = TRIMMED_CURVE('',#7274,(#7278,PARAMETER_VALUE(0.)),(#7279,
    PARAMETER_VALUE(0.275)),.T.,.PARAMETER.);
#7274 = LINE('',#7275,#7276);
#7275 = CARTESIAN_POINT('',(1.225,0.625,-1.387778780781E-16));
#7276 = VECTOR('',#7277,1.);
#7277 = DIRECTION('',(1.,0.,0.));
#7278 = CARTESIAN_POINT('',(1.225,0.625,-1.387778780781E-16));
#7279 = CARTESIAN_POINT('',(1.5,0.625,-1.387778780781E-16));
#7280 = GEOMETRIC_CURVE_SET('',(#7281));
#7281 = TRIMMED_CURVE('',#7282,(#7286,PARAMETER_VALUE(0.)),(#7287,
    PARAMETER_VALUE(0.25)),.T.,.PARAMETER.);
#7282 = LINE('',#7283,#7284);
#7283 = CARTESIAN_POINT('',(1.5,0.625,-1.387778780781E-16));
#7284 = VECTOR('',#7285,1.);
#7285 = DIRECTION('',(0.,1.,-2.22044604925E-16));
#7286 = CARTESIAN_POINT('',(1.5,0.625,-1.387778780781E-16));
#7287 = CARTESIAN_POINT('',(1.5,0.875,-1.942890293094E-16));
#7288 = GEOMETRIC_CURVE_SET('',(#7289));
#7289 = TRIMMED_CURVE('',#7290,(#7294,PARAMETER_VALUE(0.)),(#7295,
    PARAMETER_VALUE(0.275)),.T.,.PARAMETER.);
#7290 = LINE('',#7291,#7292);
#7291 = CARTESIAN_POINT('',(1.5,0.875,-1.942890293094E-16));
#7292 = VECTOR('',#7293,1.);
#7293 = DIRECTION('',(-1.,0.,0.));
#7294 = CARTESIAN_POINT('',(1.5,0.875,-1.942890293094E-16));
#7295 = CARTESIAN_POINT('',(1.225,0.875,-1.942890293094E-16));
#7296 = GEOMETRIC_CURVE_SET('',(#7297));
#7297 = TRIMMED_CURVE('',#7298,(#7302,PARAMETER_VALUE(0.)),(#7303,
    PARAMETER_VALUE(0.1)),.T.,.PARAMETER.);
#7298 = LINE('',#7299,#7300);
#7299 = CARTESIAN_POINT('',(1.5,0.875,-1.942890293094E-16));
#7300 = VECTOR('',#7301,1.);
#7301 = DIRECTION('',(0.,2.22044604925E-16,1.));
#7302 = CARTESIAN_POINT('',(1.5,0.875,-1.942890293094E-16));
#7303 = CARTESIAN_POINT('',(1.5,0.875,1.E-01));
#7304 = GEOMETRIC_CURVE_SET('',(#7305));
#7305 = TRIMMED_CURVE('',#7306,(#7310,PARAMETER_VALUE(0.)),(#7311,
    PARAMETER_VALUE(0.275)),.T.,.PARAMETER.);
#7306 = LINE('',#7307,#7308);
#7307 = CARTESIAN_POINT('',(1.5,0.875,1.E-01));
#7308 = VECTOR('',#7309,1.);
#7309 = DIRECTION('',(-1.,0.,0.));
#7310 = CARTESIAN_POINT('',(1.5,0.875,1.E-01));
#7311 = CARTESIAN_POINT('',(1.225,0.875,1.E-01));
#7312 = GEOMETRIC_CURVE_SET('',(#7313));
#7313 = TRIMMED_CURVE('',#7314,(#7318,PARAMETER_VALUE(0.)),(#7319,
    PARAMETER_VALUE(0.1)),.T.,.PARAMETER.);
#7314 = LINE('',#7315,#7316);
#7315 = CARTESIAN_POINT('',(1.225,0.875,-1.942890293094E-16));
#7316 = VECTOR('',#7317,1.);
#7317 = DIRECTION('',(0.,2.22044604925E-16,1.));
#7318 = CARTESIAN_POINT('',(1.225,0.875,-1.942890293094E-16));
#7319 = CARTESIAN_POINT('',(1.225,0.875,1.E-01));
#7320 = GEOMETRIC_CURVE_SET('',(#7321));
#7321 = TRIMMED_CURVE('',#7322,(#7326,PARAMETER_VALUE(0.)),(#7327,
    PARAMETER_VALUE(0.25)),.T.,.PARAMETER.);
#7322 = LINE('',#7323,#7324);
#7323 = CARTESIAN_POINT('',(1.5,0.625,-1.387778780781E-16));
#7324 = VECTOR('',#7325,1.);
#7325 = DIRECTION('',(0.,1.,-2.22044604925E-16));
#7326 = CARTESIAN_POINT('',(1.5,0.625,-1.387778780781E-16));
#7327 = CARTESIAN_POINT('',(1.5,0.875,-1.942890293094E-16));
#7328 = GEOMETRIC_CURVE_SET('',(#7329));
#7329 = TRIMMED_CURVE('',#7330,(#7334,PARAMETER_VALUE(0.)),(#7335,
    PARAMETER_VALUE(0.1)),.T.,.PARAMETER.);
#7330 = LINE('',#7331,#7332);
#7331 = CARTESIAN_POINT('',(1.5,0.625,-1.387778780781E-16));
#7332 = VECTOR('',#7333,1.);
#7333 = DIRECTION('',(0.,2.22044604925E-16,1.));
#7334 = CARTESIAN_POINT('',(1.5,0.625,-1.387778780781E-16));
#7335 = CARTESIAN_POINT('',(1.5,0.625,1.E-01));
#7336 = GEOMETRIC_CURVE_SET('',(#7337));
#7337 = TRIMMED_CURVE('',#7338,(#7342,PARAMETER_VALUE(0.)),(#7343,
    PARAMETER_VALUE(0.25)),.T.,.PARAMETER.);
#7338 = LINE('',#7339,#7340);
#7339 = CARTESIAN_POINT('',(1.5,0.625,1.E-01));
#7340 = VECTOR('',#7341,1.);
#7341 = DIRECTION('',(0.,1.,-2.22044604925E-16));
#7342 = CARTESIAN_POINT('',(1.5,0.625,1.E-01));
#7343 = CARTESIAN_POINT('',(1.5,0.875,1.E-01));
#7344 = GEOMETRIC_CURVE_SET('',(#7345));
#7345 = TRIMMED_CURVE('',#7346,(#7350,PARAMETER_VALUE(0.)),(#7351,
    PARAMETER_VALUE(0.1)),.T.,.PARAMETER.);
#7346 = LINE('',#7347,#7348);
#7347 = CARTESIAN_POINT('',(1.5,0.875,-1.942890293094E-16));
#7348 = VECTOR('',#7349,1.);
#7349 = DIRECTION('',(0.,2.22044604925E-16,1.));
#7350 = CARTESIAN_POINT('',(1.5,0.875,-1.942890293094E-16));
#7351 = CARTESIAN_POINT('',(1.5,0.875,1.E-01));
#7352 = GEOMETRIC_CURVE_SET('',(#7353));
#7353 = TRIMMED_CURVE('',#7354,(#7358,PARAMETER_VALUE(0.)),(#7359,
    PARAMETER_VALUE(0.275)),.T.,.PARAMETER.);
#7354 = LINE('',#7355,#7356);
#7355 = CARTESIAN_POINT('',(1.225,0.625,-1.387778780781E-16));
#7356 = VECTOR('',#7357,1.);
#7357 = DIRECTION('',(1.,0.,0.));
#7358 = CARTESIAN_POINT('',(1.225,0.625,-1.387778780781E-16));
#7359 = CARTESIAN_POINT('',(1.5,0.625,-1.387778780781E-16));
#7360 = GEOMETRIC_CURVE_SET('',(#7361));
#7361 = TRIMMED_CURVE('',#7362,(#7366,PARAMETER_VALUE(0.)),(#7367,
    PARAMETER_VALUE(0.1)),.T.,.PARAMETER.);
#7362 = LINE('',#7363,#7364);
#7363 = CARTESIAN_POINT('',(1.225,0.625,-1.387778780781E-16));
#7364 = VECTOR('',#7365,1.);
#7365 = DIRECTION('',(0.,2.22044604925E-16,1.));
#7366 = CARTESIAN_POINT('',(1.225,0.625,-1.387778780781E-16));
#7367 = CARTESIAN_POINT('',(1.225,0.625,1.E-01));
#7368 = GEOMETRIC_CURVE_SET('',(#7369));
#7369 = TRIMMED_CURVE('',#7370,(#7374,PARAMETER_VALUE(0.)),(#7375,
    PARAMETER_VALUE(0.275)),.T.,.PARAMETER.);
#7370 = LINE('',#7371,#7372);
#7371 = CARTESIAN_POINT('',(1.225,0.625,1.E-01));
#7372 = VECTOR('',#7373,1.);
#7373 = DIRECTION('',(1.,0.,0.));
#7374 = CARTESIAN_POINT('',(1.225,0.625,1.E-01));
#7375 = CARTESIAN_POINT('',(1.5,0.625,1.E-01));
#7376 = GEOMETRIC_CURVE_SET('',(#7377));
#7377 = TRIMMED_CURVE('',#7378,(#7382,PARAMETER_VALUE(0.)),(#7383,
    PARAMETER_VALUE(0.1)),.T.,.PARAMETER.);
#7378 = LINE('',#7379,#7380);
#7379 = CARTESIAN_POINT('',(1.5,0.625,-1.387778780781E-16));
#7380 = VECTOR('',#7381,1.);
#7381 = DIRECTION('',(0.,2.22044604925E-16,1.));
#7382 = CARTESIAN_POINT('',(1.5,0.625,-1.387778780781E-16));
#7383 = CARTESIAN_POINT('',(1.5,0.625,1.E-01));
#7384 = GEOMETRIC_CURVE_SET('',(#7385));
#7385 = TRIMMED_CURVE('',#7386,(#7390,PARAMETER_VALUE(0.)),(#7391,
    PARAMETER_VALUE(0.1)),.T.,.PARAMETER.);
#7386 = LINE('',#7387,#7388);
#7387 = CARTESIAN_POINT('',(1.225,0.625,-1.387778780781E-16));
#7388 = VECTOR('',#7389,1.);
#7389 = DIRECTION('',(0.,2.22044604925E-16,1.));
#7390 = CARTESIAN_POINT('',(1.225,0.625,-1.387778780781E-16));
#7391 = CARTESIAN_POINT('',(1.225,0.625,1.E-01));
#7392 = GEOMETRIC_CURVE_SET('',(#7393));
#7393 = TRIMMED_CURVE('',#7394,(#7399,PARAMETER_VALUE(0.)),(#7400,
    PARAMETER_VALUE(3.14159265359)),.T.,.PARAMETER.);
#7394 = CIRCLE('',#7395,0.125);
#7395 = AXIS2_PLACEMENT_3D('',#7396,#7397,#7398);
#7396 = CARTESIAN_POINT('',(1.225,0.75,1.E-01));
#7397 = DIRECTION('',(0.,2.22044604925E-16,1.));
#7398 = DIRECTION('',(0.,1.,-2.22044604925E-16));
#7399 = CARTESIAN_POINT('',(1.225,0.875,1.E-01));
#7400 = CARTESIAN_POINT('',(1.225,0.625,1.E-01));
#7401 = GEOMETRIC_CURVE_SET('',(#7402));
#7402 = TRIMMED_CURVE('',#7403,(#7407,PARAMETER_VALUE(0.)),(#7408,
    PARAMETER_VALUE(0.1)),.T.,.PARAMETER.);
#7403 = LINE('',#7404,#7405);
#7404 = CARTESIAN_POINT('',(1.225,0.875,-1.942890293094E-16));
#7405 = VECTOR('',#7406,1.);
#7406 = DIRECTION('',(0.,2.22044604925E-16,1.));
#7407 = CARTESIAN_POINT('',(1.225,0.875,-1.942890293094E-16));
#7408 = CARTESIAN_POINT('',(1.225,0.875,1.E-01));
#7409 = GEOMETRIC_CURVE_SET('',(#7410));
#7410 = TRIMMED_CURVE('',#7411,(#7416,PARAMETER_VALUE(0.)),(#7417,
    PARAMETER_VALUE(3.14159265359)),.T.,.PARAMETER.);
#7411 = CIRCLE('',#7412,0.125);
#7412 = AXIS2_PLACEMENT_3D('',#7413,#7414,#7415);
#7413 = CARTESIAN_POINT('',(1.225,0.75,-1.665334536938E-16));
#7414 = DIRECTION('',(0.,2.22044604925E-16,1.));
#7415 = DIRECTION('',(0.,1.,-2.22044604925E-16));
#7416 = CARTESIAN_POINT('',(1.225,0.875,-1.942890293094E-16));
#7417 = CARTESIAN_POINT('',(1.225,0.625,-1.387778780781E-16));
#7418 = GEOMETRIC_CURVE_SET('',(#7419));
#7419 = TRIMMED_CURVE('',#7420,(#7424,PARAMETER_VALUE(0.)),(#7425,
    PARAMETER_VALUE(0.275)),.T.,.PARAMETER.);
#7420 = LINE('',#7421,#7422);
#7421 = CARTESIAN_POINT('',(1.5,0.875,1.E-01));
#7422 = VECTOR('',#7423,1.);
#7423 = DIRECTION('',(-1.,0.,0.));
#7424 = CARTESIAN_POINT('',(1.5,0.875,1.E-01));
#7425 = CARTESIAN_POINT('',(1.225,0.875,1.E-01));
#7426 = GEOMETRIC_CURVE_SET('',(#7427));
#7427 = TRIMMED_CURVE('',#7428,(#7432,PARAMETER_VALUE(0.)),(#7433,
    PARAMETER_VALUE(0.25)),.T.,.PARAMETER.);
#7428 = LINE('',#7429,#7430);
#7429 = CARTESIAN_POINT('',(1.5,0.625,1.E-01));
#7430 = VECTOR('',#7431,1.);
#7431 = DIRECTION('',(0.,1.,-2.22044604925E-16));
#7432 = CARTESIAN_POINT('',(1.5,0.625,1.E-01));
#7433 = CARTESIAN_POINT('',(1.5,0.875,1.E-01));
#7434 = GEOMETRIC_CURVE_SET('',(#7435));
#7435 = TRIMMED_CURVE('',#7436,(#7440,PARAMETER_VALUE(0.)),(#7441,
    PARAMETER_VALUE(0.275)),.T.,.PARAMETER.);
#7436 = LINE('',#7437,#7438);
#7437 = CARTESIAN_POINT('',(1.225,0.625,1.E-01));
#7438 = VECTOR('',#7439,1.);
#7439 = DIRECTION('',(1.,0.,0.));
#7440 = CARTESIAN_POINT('',(1.225,0.625,1.E-01));
#7441 = CARTESIAN_POINT('',(1.5,0.625,1.E-01));
#7442 = GEOMETRIC_CURVE_SET('',(#7443));
#7443 = TRIMMED_CURVE('',#7444,(#7449,PARAMETER_VALUE(0.)),(#7450,
    PARAMETER_VALUE(3.14159265359)),.T.,.PARAMETER.);
#7444 = CIRCLE('',#7445,0.125);
#7445 = AXIS2_PLACEMENT_3D('',#7446,#7447,#7448);
#7446 = CARTESIAN_POINT('',(1.225,0.75,1.E-01));
#7447 = DIRECTION('',(0.,2.22044604925E-16,1.));
#7448 = DIRECTION('',(0.,1.,-2.22044604925E-16));
#7449 = CARTESIAN_POINT('',(1.225,0.875,1.E-01));
#7450 = CARTESIAN_POINT('',(1.225,0.625,1.E-01));
#7451 = GEOMETRIC_CURVE_SET('',(#7452));
#7452 = TRIMMED_CURVE('',#7453,(#7457,PARAMETER_VALUE(0.)),(#7458,
    PARAMETER_VALUE(0.275)),.T.,.PARAMETER.);
#7453 = LINE('',#7454,#7455);
#7454 = CARTESIAN_POINT('',(-1.5,-1.125,2.498001805407E-16));
#7455 = VECTOR('',#7456,1.);
#7456 = DIRECTION('',(1.,0.,0.));
#7457 = CARTESIAN_POINT('',(-1.5,-1.125,2.498001805407E-16));
#7458 = CARTESIAN_POINT('',(-1.225,-1.125,2.498001805407E-16));
#7459 = GEOMETRIC_CURVE_SET('',(#7460));
#7460 = TRIMMED_CURVE('',#7461,(#7465,PARAMETER_VALUE(0.)),(#7466,
    PARAMETER_VALUE(0.25)),.T.,.PARAMETER.);
#7461 = LINE('',#7462,#7463);
#7462 = CARTESIAN_POINT('',(-1.5,-1.375,3.053113317719E-16));
#7463 = VECTOR('',#7464,1.);
#7464 = DIRECTION('',(0.,1.,-2.22044604925E-16));
#7465 = CARTESIAN_POINT('',(-1.5,-1.375,3.053113317719E-16));
#7466 = CARTESIAN_POINT('',(-1.5,-1.125,2.498001805407E-16));
#7467 = GEOMETRIC_CURVE_SET('',(#7468));
#7468 = TRIMMED_CURVE('',#7469,(#7473,PARAMETER_VALUE(0.)),(#7474,
    PARAMETER_VALUE(0.275)),.T.,.PARAMETER.);
#7469 = LINE('',#7470,#7471);
#7470 = CARTESIAN_POINT('',(-1.225,-1.375,3.053113317719E-16));
#7471 = VECTOR('',#7472,1.);
#7472 = DIRECTION('',(-1.,0.,0.));
#7473 = CARTESIAN_POINT('',(-1.225,-1.375,3.053113317719E-16));
#7474 = CARTESIAN_POINT('',(-1.5,-1.375,3.053113317719E-16));
#7475 = GEOMETRIC_CURVE_SET('',(#7476));
#7476 = TRIMMED_CURVE('',#7477,(#7482,PARAMETER_VALUE(0.)),(#7483,
    PARAMETER_VALUE(3.14159265359)),.T.,.PARAMETER.);
#7477 = CIRCLE('',#7478,0.125);
#7478 = AXIS2_PLACEMENT_3D('',#7479,#7480,#7481);
#7479 = CARTESIAN_POINT('',(-1.225,-1.25,2.775557561563E-16));
#7480 = DIRECTION('',(0.,-2.22044604925E-16,-1.));
#7481 = DIRECTION('',(0.,1.,-2.22044604925E-16));
#7482 = CARTESIAN_POINT('',(-1.225,-1.125,2.498001805407E-16));
#7483 = CARTESIAN_POINT('',(-1.225,-1.375,3.053113317719E-16));
#7484 = GEOMETRIC_CURVE_SET('',(#7485));
#7485 = TRIMMED_CURVE('',#7486,(#7490,PARAMETER_VALUE(0.)),(#7491,
    PARAMETER_VALUE(0.275)),.T.,.PARAMETER.);
#7486 = LINE('',#7487,#7488);
#7487 = CARTESIAN_POINT('',(-1.5,-1.125,2.498001805407E-16));
#7488 = VECTOR('',#7489,1.);
#7489 = DIRECTION('',(1.,0.,0.));
#7490 = CARTESIAN_POINT('',(-1.5,-1.125,2.498001805407E-16));
#7491 = CARTESIAN_POINT('',(-1.225,-1.125,2.498001805407E-16));
#7492 = GEOMETRIC_CURVE_SET('',(#7493));
#7493 = TRIMMED_CURVE('',#7494,(#7498,PARAMETER_VALUE(0.)),(#7499,
    PARAMETER_VALUE(0.1)),.T.,.PARAMETER.);
#7494 = LINE('',#7495,#7496);
#7495 = CARTESIAN_POINT('',(-1.225,-1.125,2.498001805407E-16));
#7496 = VECTOR('',#7497,1.);
#7497 = DIRECTION('',(0.,2.22044604925E-16,1.));
#7498 = CARTESIAN_POINT('',(-1.225,-1.125,2.498001805407E-16));
#7499 = CARTESIAN_POINT('',(-1.225,-1.125,0.1));
#7500 = GEOMETRIC_CURVE_SET('',(#7501));
#7501 = TRIMMED_CURVE('',#7502,(#7506,PARAMETER_VALUE(0.)),(#7507,
    PARAMETER_VALUE(0.275)),.T.,.PARAMETER.);
#7502 = LINE('',#7503,#7504);
#7503 = CARTESIAN_POINT('',(-1.5,-1.125,0.1));
#7504 = VECTOR('',#7505,1.);
#7505 = DIRECTION('',(1.,0.,0.));
#7506 = CARTESIAN_POINT('',(-1.5,-1.125,0.1));
#7507 = CARTESIAN_POINT('',(-1.225,-1.125,0.1));
#7508 = GEOMETRIC_CURVE_SET('',(#7509));
#7509 = TRIMMED_CURVE('',#7510,(#7514,PARAMETER_VALUE(0.)),(#7515,
    PARAMETER_VALUE(0.1)),.T.,.PARAMETER.);
#7510 = LINE('',#7511,#7512);
#7511 = CARTESIAN_POINT('',(-1.5,-1.125,2.498001805407E-16));
#7512 = VECTOR('',#7513,1.);
#7513 = DIRECTION('',(0.,2.22044604925E-16,1.));
#7514 = CARTESIAN_POINT('',(-1.5,-1.125,2.498001805407E-16));
#7515 = CARTESIAN_POINT('',(-1.5,-1.125,0.1));
#7516 = GEOMETRIC_CURVE_SET('',(#7517));
#7517 = TRIMMED_CURVE('',#7518,(#7522,PARAMETER_VALUE(0.)),(#7523,
    PARAMETER_VALUE(0.1)),.T.,.PARAMETER.);
#7518 = LINE('',#7519,#7520);
#7519 = CARTESIAN_POINT('',(-1.225,-1.125,2.498001805407E-16));
#7520 = VECTOR('',#7521,1.);
#7521 = DIRECTION('',(0.,2.22044604925E-16,1.));
#7522 = CARTESIAN_POINT('',(-1.225,-1.125,2.498001805407E-16));
#7523 = CARTESIAN_POINT('',(-1.225,-1.125,0.1));
#7524 = GEOMETRIC_CURVE_SET('',(#7525));
#7525 = TRIMMED_CURVE('',#7526,(#7531,PARAMETER_VALUE(0.)),(#7532,
    PARAMETER_VALUE(3.14159265359)),.T.,.PARAMETER.);
#7526 = CIRCLE('',#7527,0.125);
#7527 = AXIS2_PLACEMENT_3D('',#7528,#7529,#7530);
#7528 = CARTESIAN_POINT('',(-1.225,-1.25,0.1));
#7529 = DIRECTION('',(0.,-2.22044604925E-16,-1.));
#7530 = DIRECTION('',(0.,1.,-2.22044604925E-16));
#7531 = CARTESIAN_POINT('',(-1.225,-1.125,0.1));
#7532 = CARTESIAN_POINT('',(-1.225,-1.375,0.1));
#7533 = GEOMETRIC_CURVE_SET('',(#7534));
#7534 = TRIMMED_CURVE('',#7535,(#7539,PARAMETER_VALUE(0.)),(#7540,
    PARAMETER_VALUE(0.1)),.T.,.PARAMETER.);
#7535 = LINE('',#7536,#7537);
#7536 = CARTESIAN_POINT('',(-1.225,-1.375,3.053113317719E-16));
#7537 = VECTOR('',#7538,1.);
#7538 = DIRECTION('',(0.,2.22044604925E-16,1.));
#7539 = CARTESIAN_POINT('',(-1.225,-1.375,3.053113317719E-16));
#7540 = CARTESIAN_POINT('',(-1.225,-1.375,0.1));
#7541 = GEOMETRIC_CURVE_SET('',(#7542));
#7542 = TRIMMED_CURVE('',#7543,(#7548,PARAMETER_VALUE(0.)),(#7549,
    PARAMETER_VALUE(3.14159265359)),.T.,.PARAMETER.);
#7543 = CIRCLE('',#7544,0.125);
#7544 = AXIS2_PLACEMENT_3D('',#7545,#7546,#7547);
#7545 = CARTESIAN_POINT('',(-1.225,-1.25,2.775557561563E-16));
#7546 = DIRECTION('',(0.,-2.22044604925E-16,-1.));
#7547 = DIRECTION('',(0.,1.,-2.22044604925E-16));
#7548 = CARTESIAN_POINT('',(-1.225,-1.125,2.498001805407E-16));
#7549 = CARTESIAN_POINT('',(-1.225,-1.375,3.053113317719E-16));
#7550 = GEOMETRIC_CURVE_SET('',(#7551));
#7551 = TRIMMED_CURVE('',#7552,(#7556,PARAMETER_VALUE(0.)),(#7557,
    PARAMETER_VALUE(0.275)),.T.,.PARAMETER.);
#7552 = LINE('',#7553,#7554);
#7553 = CARTESIAN_POINT('',(-1.225,-1.375,3.053113317719E-16));
#7554 = VECTOR('',#7555,1.);
#7555 = DIRECTION('',(-1.,0.,0.));
#7556 = CARTESIAN_POINT('',(-1.225,-1.375,3.053113317719E-16));
#7557 = CARTESIAN_POINT('',(-1.5,-1.375,3.053113317719E-16));
#7558 = GEOMETRIC_CURVE_SET('',(#7559));
#7559 = TRIMMED_CURVE('',#7560,(#7564,PARAMETER_VALUE(0.)),(#7565,
    PARAMETER_VALUE(0.1)),.T.,.PARAMETER.);
#7560 = LINE('',#7561,#7562);
#7561 = CARTESIAN_POINT('',(-1.5,-1.375,3.053113317719E-16));
#7562 = VECTOR('',#7563,1.);
#7563 = DIRECTION('',(0.,2.22044604925E-16,1.));
#7564 = CARTESIAN_POINT('',(-1.5,-1.375,3.053113317719E-16));
#7565 = CARTESIAN_POINT('',(-1.5,-1.375,0.1));
#7566 = GEOMETRIC_CURVE_SET('',(#7567));
#7567 = TRIMMED_CURVE('',#7568,(#7572,PARAMETER_VALUE(0.)),(#7573,
    PARAMETER_VALUE(0.275)),.T.,.PARAMETER.);
#7568 = LINE('',#7569,#7570);
#7569 = CARTESIAN_POINT('',(-1.225,-1.375,0.1));
#7570 = VECTOR('',#7571,1.);
#7571 = DIRECTION('',(-1.,0.,0.));
#7572 = CARTESIAN_POINT('',(-1.225,-1.375,0.1));
#7573 = CARTESIAN_POINT('',(-1.5,-1.375,0.1));
#7574 = GEOMETRIC_CURVE_SET('',(#7575));
#7575 = TRIMMED_CURVE('',#7576,(#7580,PARAMETER_VALUE(0.)),(#7581,
    PARAMETER_VALUE(0.1)),.T.,.PARAMETER.);
#7576 = LINE('',#7577,#7578);
#7577 = CARTESIAN_POINT('',(-1.225,-1.375,3.053113317719E-16));
#7578 = VECTOR('',#7579,1.);
#7579 = DIRECTION('',(0.,2.22044604925E-16,1.));
#7580 = CARTESIAN_POINT('',(-1.225,-1.375,3.053113317719E-16));
#7581 = CARTESIAN_POINT('',(-1.225,-1.375,0.1));
#7582 = GEOMETRIC_CURVE_SET('',(#7583));
#7583 = TRIMMED_CURVE('',#7584,(#7588,PARAMETER_VALUE(0.)),(#7589,
    PARAMETER_VALUE(0.25)),.T.,.PARAMETER.);
#7584 = LINE('',#7585,#7586);
#7585 = CARTESIAN_POINT('',(-1.5,-1.375,3.053113317719E-16));
#7586 = VECTOR('',#7587,1.);
#7587 = DIRECTION('',(0.,1.,-2.22044604925E-16));
#7588 = CARTESIAN_POINT('',(-1.5,-1.375,3.053113317719E-16));
#7589 = CARTESIAN_POINT('',(-1.5,-1.125,2.498001805407E-16));
#7590 = GEOMETRIC_CURVE_SET('',(#7591));
#7591 = TRIMMED_CURVE('',#7592,(#7596,PARAMETER_VALUE(0.)),(#7597,
    PARAMETER_VALUE(0.1)),.T.,.PARAMETER.);
#7592 = LINE('',#7593,#7594);
#7593 = CARTESIAN_POINT('',(-1.5,-1.125,2.498001805407E-16));
#7594 = VECTOR('',#7595,1.);
#7595 = DIRECTION('',(0.,2.22044604925E-16,1.));
#7596 = CARTESIAN_POINT('',(-1.5,-1.125,2.498001805407E-16));
#7597 = CARTESIAN_POINT('',(-1.5,-1.125,0.1));
#7598 = GEOMETRIC_CURVE_SET('',(#7599));
#7599 = TRIMMED_CURVE('',#7600,(#7604,PARAMETER_VALUE(0.)),(#7605,
    PARAMETER_VALUE(0.25)),.T.,.PARAMETER.);
#7600 = LINE('',#7601,#7602);
#7601 = CARTESIAN_POINT('',(-1.5,-1.375,0.1));
#7602 = VECTOR('',#7603,1.);
#7603 = DIRECTION('',(0.,1.,-2.22044604925E-16));
#7604 = CARTESIAN_POINT('',(-1.5,-1.375,0.1));
#7605 = CARTESIAN_POINT('',(-1.5,-1.125,0.1));
#7606 = GEOMETRIC_CURVE_SET('',(#7607));
#7607 = TRIMMED_CURVE('',#7608,(#7612,PARAMETER_VALUE(0.)),(#7613,
    PARAMETER_VALUE(0.1)),.T.,.PARAMETER.);
#7608 = LINE('',#7609,#7610);
#7609 = CARTESIAN_POINT('',(-1.5,-1.375,3.053113317719E-16));
#7610 = VECTOR('',#7611,1.);
#7611 = DIRECTION('',(0.,2.22044604925E-16,1.));
#7612 = CARTESIAN_POINT('',(-1.5,-1.375,3.053113317719E-16));
#7613 = CARTESIAN_POINT('',(-1.5,-1.375,0.1));
#7614 = GEOMETRIC_CURVE_SET('',(#7615));
#7615 = TRIMMED_CURVE('',#7616,(#7620,PARAMETER_VALUE(0.)),(#7621,
    PARAMETER_VALUE(0.275)),.T.,.PARAMETER.);
#7616 = LINE('',#7617,#7618);
#7617 = CARTESIAN_POINT('',(-1.5,-1.125,0.1));
#7618 = VECTOR('',#7619,1.);
#7619 = DIRECTION('',(1.,0.,0.));
#7620 = CARTESIAN_POINT('',(-1.5,-1.125,0.1));
#7621 = CARTESIAN_POINT('',(-1.225,-1.125,0.1));
#7622 = GEOMETRIC_CURVE_SET('',(#7623));
#7623 = TRIMMED_CURVE('',#7624,(#7629,PARAMETER_VALUE(0.)),(#7630,
    PARAMETER_VALUE(3.14159265359)),.T.,.PARAMETER.);
#7624 = CIRCLE('',#7625,0.125);
#7625 = AXIS2_PLACEMENT_3D('',#7626,#7627,#7628);
#7626 = CARTESIAN_POINT('',(-1.225,-1.25,0.1));
#7627 = DIRECTION('',(0.,-2.22044604925E-16,-1.));
#7628 = DIRECTION('',(0.,1.,-2.22044604925E-16));
#7629 = CARTESIAN_POINT('',(-1.225,-1.125,0.1));
#7630 = CARTESIAN_POINT('',(-1.225,-1.375,0.1));
#7631 = GEOMETRIC_CURVE_SET('',(#7632));
#7632 = TRIMMED_CURVE('',#7633,(#7637,PARAMETER_VALUE(0.)),(#7638,
    PARAMETER_VALUE(0.275)),.T.,.PARAMETER.);
#7633 = LINE('',#7634,#7635);
#7634 = CARTESIAN_POINT('',(-1.225,-1.375,0.1));
#7635 = VECTOR('',#7636,1.);
#7636 = DIRECTION('',(-1.,0.,0.));
#7637 = CARTESIAN_POINT('',(-1.225,-1.375,0.1));
#7638 = CARTESIAN_POINT('',(-1.5,-1.375,0.1));
#7639 = GEOMETRIC_CURVE_SET('',(#7640));
#7640 = TRIMMED_CURVE('',#7641,(#7645,PARAMETER_VALUE(0.)),(#7646,
    PARAMETER_VALUE(0.25)),.T.,.PARAMETER.);
#7641 = LINE('',#7642,#7643);
#7642 = CARTESIAN_POINT('',(-1.5,-1.375,0.1));
#7643 = VECTOR('',#7644,1.);
#7644 = DIRECTION('',(0.,1.,-2.22044604925E-16));
#7645 = CARTESIAN_POINT('',(-1.5,-1.375,0.1));
#7646 = CARTESIAN_POINT('',(-1.5,-1.125,0.1));
#7647 = GEOMETRIC_CURVE_SET('',(#7648));
#7648 = TRIMMED_CURVE('',#7649,(#7653,PARAMETER_VALUE(0.)),(#7654,
    PARAMETER_VALUE(0.275)),.T.,.PARAMETER.);
#7649 = LINE('',#7650,#7651);
#7650 = CARTESIAN_POINT('',(-1.5,-0.625,1.387778780781E-16));
#7651 = VECTOR('',#7652,1.);
#7652 = DIRECTION('',(1.,0.,0.));
#7653 = CARTESIAN_POINT('',(-1.5,-0.625,1.387778780781E-16));
#7654 = CARTESIAN_POINT('',(-1.225,-0.625,1.387778780781E-16));
#7655 = GEOMETRIC_CURVE_SET('',(#7656));
#7656 = TRIMMED_CURVE('',#7657,(#7661,PARAMETER_VALUE(0.)),(#7662,
    PARAMETER_VALUE(0.25)),.T.,.PARAMETER.);
#7657 = LINE('',#7658,#7659);
#7658 = CARTESIAN_POINT('',(-1.5,-0.875,1.942890293094E-16));
#7659 = VECTOR('',#7660,1.);
#7660 = DIRECTION('',(0.,1.,-2.22044604925E-16));
#7661 = CARTESIAN_POINT('',(-1.5,-0.875,1.942890293094E-16));
#7662 = CARTESIAN_POINT('',(-1.5,-0.625,1.387778780781E-16));
#7663 = GEOMETRIC_CURVE_SET('',(#7664));
#7664 = TRIMMED_CURVE('',#7665,(#7669,PARAMETER_VALUE(0.)),(#7670,
    PARAMETER_VALUE(0.275)),.T.,.PARAMETER.);
#7665 = LINE('',#7666,#7667);
#7666 = CARTESIAN_POINT('',(-1.225,-0.875,1.942890293094E-16));
#7667 = VECTOR('',#7668,1.);
#7668 = DIRECTION('',(-1.,0.,0.));
#7669 = CARTESIAN_POINT('',(-1.225,-0.875,1.942890293094E-16));
#7670 = CARTESIAN_POINT('',(-1.5,-0.875,1.942890293094E-16));
#7671 = GEOMETRIC_CURVE_SET('',(#7672));
#7672 = TRIMMED_CURVE('',#7673,(#7678,PARAMETER_VALUE(0.)),(#7679,
    PARAMETER_VALUE(3.14159265359)),.T.,.PARAMETER.);
#7673 = CIRCLE('',#7674,0.125);
#7674 = AXIS2_PLACEMENT_3D('',#7675,#7676,#7677);
#7675 = CARTESIAN_POINT('',(-1.225,-0.75,1.665334536938E-16));
#7676 = DIRECTION('',(0.,-2.22044604925E-16,-1.));
#7677 = DIRECTION('',(0.,1.,-2.22044604925E-16));
#7678 = CARTESIAN_POINT('',(-1.225,-0.625,1.387778780781E-16));
#7679 = CARTESIAN_POINT('',(-1.225,-0.875,1.942890293094E-16));
#7680 = GEOMETRIC_CURVE_SET('',(#7681));
#7681 = TRIMMED_CURVE('',#7682,(#7686,PARAMETER_VALUE(0.)),(#7687,
    PARAMETER_VALUE(0.275)),.T.,.PARAMETER.);
#7682 = LINE('',#7683,#7684);
#7683 = CARTESIAN_POINT('',(-1.5,-0.625,1.387778780781E-16));
#7684 = VECTOR('',#7685,1.);
#7685 = DIRECTION('',(1.,0.,0.));
#7686 = CARTESIAN_POINT('',(-1.5,-0.625,1.387778780781E-16));
#7687 = CARTESIAN_POINT('',(-1.225,-0.625,1.387778780781E-16));
#7688 = GEOMETRIC_CURVE_SET('',(#7689));
#7689 = TRIMMED_CURVE('',#7690,(#7694,PARAMETER_VALUE(0.)),(#7695,
    PARAMETER_VALUE(0.1)),.T.,.PARAMETER.);
#7690 = LINE('',#7691,#7692);
#7691 = CARTESIAN_POINT('',(-1.225,-0.625,1.387778780781E-16));
#7692 = VECTOR('',#7693,1.);
#7693 = DIRECTION('',(0.,2.22044604925E-16,1.));
#7694 = CARTESIAN_POINT('',(-1.225,-0.625,1.387778780781E-16));
#7695 = CARTESIAN_POINT('',(-1.225,-0.625,0.1));
#7696 = GEOMETRIC_CURVE_SET('',(#7697));
#7697 = TRIMMED_CURVE('',#7698,(#7702,PARAMETER_VALUE(0.)),(#7703,
    PARAMETER_VALUE(0.275)),.T.,.PARAMETER.);
#7698 = LINE('',#7699,#7700);
#7699 = CARTESIAN_POINT('',(-1.5,-0.625,0.1));
#7700 = VECTOR('',#7701,1.);
#7701 = DIRECTION('',(1.,0.,0.));
#7702 = CARTESIAN_POINT('',(-1.5,-0.625,0.1));
#7703 = CARTESIAN_POINT('',(-1.225,-0.625,0.1));
#7704 = GEOMETRIC_CURVE_SET('',(#7705));
#7705 = TRIMMED_CURVE('',#7706,(#7710,PARAMETER_VALUE(0.)),(#7711,
    PARAMETER_VALUE(0.1)),.T.,.PARAMETER.);
#7706 = LINE('',#7707,#7708);
#7707 = CARTESIAN_POINT('',(-1.5,-0.625,1.387778780781E-16));
#7708 = VECTOR('',#7709,1.);
#7709 = DIRECTION('',(0.,2.22044604925E-16,1.));
#7710 = CARTESIAN_POINT('',(-1.5,-0.625,1.387778780781E-16));
#7711 = CARTESIAN_POINT('',(-1.5,-0.625,0.1));
#7712 = GEOMETRIC_CURVE_SET('',(#7713));
#7713 = TRIMMED_CURVE('',#7714,(#7718,PARAMETER_VALUE(0.)),(#7719,
    PARAMETER_VALUE(0.1)),.T.,.PARAMETER.);
#7714 = LINE('',#7715,#7716);
#7715 = CARTESIAN_POINT('',(-1.225,-0.625,1.387778780781E-16));
#7716 = VECTOR('',#7717,1.);
#7717 = DIRECTION('',(0.,2.22044604925E-16,1.));
#7718 = CARTESIAN_POINT('',(-1.225,-0.625,1.387778780781E-16));
#7719 = CARTESIAN_POINT('',(-1.225,-0.625,0.1));
#7720 = GEOMETRIC_CURVE_SET('',(#7721));
#7721 = TRIMMED_CURVE('',#7722,(#7727,PARAMETER_VALUE(0.)),(#7728,
    PARAMETER_VALUE(3.14159265359)),.T.,.PARAMETER.);
#7722 = CIRCLE('',#7723,0.125);
#7723 = AXIS2_PLACEMENT_3D('',#7724,#7725,#7726);
#7724 = CARTESIAN_POINT('',(-1.225,-0.75,0.1));
#7725 = DIRECTION('',(0.,-2.22044604925E-16,-1.));
#7726 = DIRECTION('',(0.,1.,-2.22044604925E-16));
#7727 = CARTESIAN_POINT('',(-1.225,-0.625,0.1));
#7728 = CARTESIAN_POINT('',(-1.225,-0.875,0.1));
#7729 = GEOMETRIC_CURVE_SET('',(#7730));
#7730 = TRIMMED_CURVE('',#7731,(#7735,PARAMETER_VALUE(0.)),(#7736,
    PARAMETER_VALUE(0.1)),.T.,.PARAMETER.);
#7731 = LINE('',#7732,#7733);
#7732 = CARTESIAN_POINT('',(-1.225,-0.875,1.942890293094E-16));
#7733 = VECTOR('',#7734,1.);
#7734 = DIRECTION('',(0.,2.22044604925E-16,1.));
#7735 = CARTESIAN_POINT('',(-1.225,-0.875,1.942890293094E-16));
#7736 = CARTESIAN_POINT('',(-1.225,-0.875,0.1));
#7737 = GEOMETRIC_CURVE_SET('',(#7738));
#7738 = TRIMMED_CURVE('',#7739,(#7744,PARAMETER_VALUE(0.)),(#7745,
    PARAMETER_VALUE(3.14159265359)),.T.,.PARAMETER.);
#7739 = CIRCLE('',#7740,0.125);
#7740 = AXIS2_PLACEMENT_3D('',#7741,#7742,#7743);
#7741 = CARTESIAN_POINT('',(-1.225,-0.75,1.665334536938E-16));
#7742 = DIRECTION('',(0.,-2.22044604925E-16,-1.));
#7743 = DIRECTION('',(0.,1.,-2.22044604925E-16));
#7744 = CARTESIAN_POINT('',(-1.225,-0.625,1.387778780781E-16));
#7745 = CARTESIAN_POINT('',(-1.225,-0.875,1.942890293094E-16));
#7746 = GEOMETRIC_CURVE_SET('',(#7747));
#7747 = TRIMMED_CURVE('',#7748,(#7752,PARAMETER_VALUE(0.)),(#7753,
    PARAMETER_VALUE(0.275)),.T.,.PARAMETER.);
#7748 = LINE('',#7749,#7750);
#7749 = CARTESIAN_POINT('',(-1.225,-0.875,1.942890293094E-16));
#7750 = VECTOR('',#7751,1.);
#7751 = DIRECTION('',(-1.,0.,0.));
#7752 = CARTESIAN_POINT('',(-1.225,-0.875,1.942890293094E-16));
#7753 = CARTESIAN_POINT('',(-1.5,-0.875,1.942890293094E-16));
#7754 = GEOMETRIC_CURVE_SET('',(#7755));
#7755 = TRIMMED_CURVE('',#7756,(#7760,PARAMETER_VALUE(0.)),(#7761,
    PARAMETER_VALUE(0.1)),.T.,.PARAMETER.);
#7756 = LINE('',#7757,#7758);
#7757 = CARTESIAN_POINT('',(-1.5,-0.875,1.942890293094E-16));
#7758 = VECTOR('',#7759,1.);
#7759 = DIRECTION('',(0.,2.22044604925E-16,1.));
#7760 = CARTESIAN_POINT('',(-1.5,-0.875,1.942890293094E-16));
#7761 = CARTESIAN_POINT('',(-1.5,-0.875,0.1));
#7762 = GEOMETRIC_CURVE_SET('',(#7763));
#7763 = TRIMMED_CURVE('',#7764,(#7768,PARAMETER_VALUE(0.)),(#7769,
    PARAMETER_VALUE(0.275)),.T.,.PARAMETER.);
#7764 = LINE('',#7765,#7766);
#7765 = CARTESIAN_POINT('',(-1.225,-0.875,0.1));
#7766 = VECTOR('',#7767,1.);
#7767 = DIRECTION('',(-1.,0.,0.));
#7768 = CARTESIAN_POINT('',(-1.225,-0.875,0.1));
#7769 = CARTESIAN_POINT('',(-1.5,-0.875,0.1));
#7770 = GEOMETRIC_CURVE_SET('',(#7771));
#7771 = TRIMMED_CURVE('',#7772,(#7776,PARAMETER_VALUE(0.)),(#7777,
    PARAMETER_VALUE(0.1)),.T.,.PARAMETER.);
#7772 = LINE('',#7773,#7774);
#7773 = CARTESIAN_POINT('',(-1.225,-0.875,1.942890293094E-16));
#7774 = VECTOR('',#7775,1.);
#7775 = DIRECTION('',(0.,2.22044604925E-16,1.));
#7776 = CARTESIAN_POINT('',(-1.225,-0.875,1.942890293094E-16));
#7777 = CARTESIAN_POINT('',(-1.225,-0.875,0.1));
#7778 = GEOMETRIC_CURVE_SET('',(#7779));
#7779 = TRIMMED_CURVE('',#7780,(#7784,PARAMETER_VALUE(0.)),(#7785,
    PARAMETER_VALUE(0.25)),.T.,.PARAMETER.);
#7780 = LINE('',#7781,#7782);
#7781 = CARTESIAN_POINT('',(-1.5,-0.875,1.942890293094E-16));
#7782 = VECTOR('',#7783,1.);
#7783 = DIRECTION('',(0.,1.,-2.22044604925E-16));
#7784 = CARTESIAN_POINT('',(-1.5,-0.875,1.942890293094E-16));
#7785 = CARTESIAN_POINT('',(-1.5,-0.625,1.387778780781E-16));
#7786 = GEOMETRIC_CURVE_SET('',(#7787));
#7787 = TRIMMED_CURVE('',#7788,(#7792,PARAMETER_VALUE(0.)),(#7793,
    PARAMETER_VALUE(0.1)),.T.,.PARAMETER.);
#7788 = LINE('',#7789,#7790);
#7789 = CARTESIAN_POINT('',(-1.5,-0.625,1.387778780781E-16));
#7790 = VECTOR('',#7791,1.);
#7791 = DIRECTION('',(0.,2.22044604925E-16,1.));
#7792 = CARTESIAN_POINT('',(-1.5,-0.625,1.387778780781E-16));
#7793 = CARTESIAN_POINT('',(-1.5,-0.625,0.1));
#7794 = GEOMETRIC_CURVE_SET('',(#7795));
#7795 = TRIMMED_CURVE('',#7796,(#7800,PARAMETER_VALUE(0.)),(#7801,
    PARAMETER_VALUE(0.25)),.T.,.PARAMETER.);
#7796 = LINE('',#7797,#7798);
#7797 = CARTESIAN_POINT('',(-1.5,-0.875,0.1));
#7798 = VECTOR('',#7799,1.);
#7799 = DIRECTION('',(0.,1.,-2.22044604925E-16));
#7800 = CARTESIAN_POINT('',(-1.5,-0.875,0.1));
#7801 = CARTESIAN_POINT('',(-1.5,-0.625,0.1));
#7802 = GEOMETRIC_CURVE_SET('',(#7803));
#7803 = TRIMMED_CURVE('',#7804,(#7808,PARAMETER_VALUE(0.)),(#7809,
    PARAMETER_VALUE(0.1)),.T.,.PARAMETER.);
#7804 = LINE('',#7805,#7806);
#7805 = CARTESIAN_POINT('',(-1.5,-0.875,1.942890293094E-16));
#7806 = VECTOR('',#7807,1.);
#7807 = DIRECTION('',(0.,2.22044604925E-16,1.));
#7808 = CARTESIAN_POINT('',(-1.5,-0.875,1.942890293094E-16));
#7809 = CARTESIAN_POINT('',(-1.5,-0.875,0.1));
#7810 = GEOMETRIC_CURVE_SET('',(#7811));
#7811 = TRIMMED_CURVE('',#7812,(#7816,PARAMETER_VALUE(0.)),(#7817,
    PARAMETER_VALUE(0.275)),.T.,.PARAMETER.);
#7812 = LINE('',#7813,#7814);
#7813 = CARTESIAN_POINT('',(-1.5,-0.625,0.1));
#7814 = VECTOR('',#7815,1.);
#7815 = DIRECTION('',(1.,0.,0.));
#7816 = CARTESIAN_POINT('',(-1.5,-0.625,0.1));
#7817 = CARTESIAN_POINT('',(-1.225,-0.625,0.1));
#7818 = GEOMETRIC_CURVE_SET('',(#7819));
#7819 = TRIMMED_CURVE('',#7820,(#7825,PARAMETER_VALUE(0.)),(#7826,
    PARAMETER_VALUE(3.14159265359)),.T.,.PARAMETER.);
#7820 = CIRCLE('',#7821,0.125);
#7821 = AXIS2_PLACEMENT_3D('',#7822,#7823,#7824);
#7822 = CARTESIAN_POINT('',(-1.225,-0.75,0.1));
#7823 = DIRECTION('',(0.,-2.22044604925E-16,-1.));
#7824 = DIRECTION('',(0.,1.,-2.22044604925E-16));
#7825 = CARTESIAN_POINT('',(-1.225,-0.625,0.1));
#7826 = CARTESIAN_POINT('',(-1.225,-0.875,0.1));
#7827 = GEOMETRIC_CURVE_SET('',(#7828));
#7828 = TRIMMED_CURVE('',#7829,(#7833,PARAMETER_VALUE(0.)),(#7834,
    PARAMETER_VALUE(0.275)),.T.,.PARAMETER.);
#7829 = LINE('',#7830,#7831);
#7830 = CARTESIAN_POINT('',(-1.225,-0.875,0.1));
#7831 = VECTOR('',#7832,1.);
#7832 = DIRECTION('',(-1.,0.,0.));
#7833 = CARTESIAN_POINT('',(-1.225,-0.875,0.1));
#7834 = CARTESIAN_POINT('',(-1.5,-0.875,0.1));
#7835 = GEOMETRIC_CURVE_SET('',(#7836));
#7836 = TRIMMED_CURVE('',#7837,(#7841,PARAMETER_VALUE(0.)),(#7842,
    PARAMETER_VALUE(0.25)),.T.,.PARAMETER.);
#7837 = LINE('',#7838,#7839);
#7838 = CARTESIAN_POINT('',(-1.5,-0.875,0.1));
#7839 = VECTOR('',#7840,1.);
#7840 = DIRECTION('',(0.,1.,-2.22044604925E-16));
#7841 = CARTESIAN_POINT('',(-1.5,-0.875,0.1));
#7842 = CARTESIAN_POINT('',(-1.5,-0.625,0.1));
#7843 = GEOMETRIC_CURVE_SET('',(#7844));
#7844 = TRIMMED_CURVE('',#7845,(#7849,PARAMETER_VALUE(0.)),(#7850,
    PARAMETER_VALUE(0.275)),.T.,.PARAMETER.);
#7845 = LINE('',#7846,#7847);
#7846 = CARTESIAN_POINT('',(-1.5,-0.125,2.775557561563E-17));
#7847 = VECTOR('',#7848,1.);
#7848 = DIRECTION('',(1.,0.,0.));
#7849 = CARTESIAN_POINT('',(-1.5,-0.125,2.775557561563E-17));
#7850 = CARTESIAN_POINT('',(-1.225,-0.125,2.775557561563E-17));
#7851 = GEOMETRIC_CURVE_SET('',(#7852));
#7852 = TRIMMED_CURVE('',#7853,(#7857,PARAMETER_VALUE(0.)),(#7858,
    PARAMETER_VALUE(0.25)),.T.,.PARAMETER.);
#7853 = LINE('',#7854,#7855);
#7854 = CARTESIAN_POINT('',(-1.5,-0.375,8.326672684689E-17));
#7855 = VECTOR('',#7856,1.);
#7856 = DIRECTION('',(0.,1.,-2.22044604925E-16));
#7857 = CARTESIAN_POINT('',(-1.5,-0.375,8.326672684689E-17));
#7858 = CARTESIAN_POINT('',(-1.5,-0.125,2.775557561563E-17));
#7859 = GEOMETRIC_CURVE_SET('',(#7860));
#7860 = TRIMMED_CURVE('',#7861,(#7865,PARAMETER_VALUE(0.)),(#7866,
    PARAMETER_VALUE(0.275)),.T.,.PARAMETER.);
#7861 = LINE('',#7862,#7863);
#7862 = CARTESIAN_POINT('',(-1.225,-0.375,8.326672684689E-17));
#7863 = VECTOR('',#7864,1.);
#7864 = DIRECTION('',(-1.,0.,0.));
#7865 = CARTESIAN_POINT('',(-1.225,-0.375,8.326672684689E-17));
#7866 = CARTESIAN_POINT('',(-1.5,-0.375,8.326672684689E-17));
#7867 = GEOMETRIC_CURVE_SET('',(#7868));
#7868 = TRIMMED_CURVE('',#7869,(#7874,PARAMETER_VALUE(0.)),(#7875,
    PARAMETER_VALUE(3.14159265359)),.T.,.PARAMETER.);
#7869 = CIRCLE('',#7870,0.125);
#7870 = AXIS2_PLACEMENT_3D('',#7871,#7872,#7873);
#7871 = CARTESIAN_POINT('',(-1.225,-0.25,5.551115123126E-17));
#7872 = DIRECTION('',(0.,-2.22044604925E-16,-1.));
#7873 = DIRECTION('',(0.,1.,-2.22044604925E-16));
#7874 = CARTESIAN_POINT('',(-1.225,-0.125,2.775557561563E-17));
#7875 = CARTESIAN_POINT('',(-1.225,-0.375,8.326672684689E-17));
#7876 = GEOMETRIC_CURVE_SET('',(#7877));
#7877 = TRIMMED_CURVE('',#7878,(#7882,PARAMETER_VALUE(0.)),(#7883,
    PARAMETER_VALUE(0.275)),.T.,.PARAMETER.);
#7878 = LINE('',#7879,#7880);
#7879 = CARTESIAN_POINT('',(-1.5,-0.125,2.775557561563E-17));
#7880 = VECTOR('',#7881,1.);
#7881 = DIRECTION('',(1.,0.,0.));
#7882 = CARTESIAN_POINT('',(-1.5,-0.125,2.775557561563E-17));
#7883 = CARTESIAN_POINT('',(-1.225,-0.125,2.775557561563E-17));
#7884 = GEOMETRIC_CURVE_SET('',(#7885));
#7885 = TRIMMED_CURVE('',#7886,(#7890,PARAMETER_VALUE(0.)),(#7891,
    PARAMETER_VALUE(0.1)),.T.,.PARAMETER.);
#7886 = LINE('',#7887,#7888);
#7887 = CARTESIAN_POINT('',(-1.225,-0.125,2.775557561563E-17));
#7888 = VECTOR('',#7889,1.);
#7889 = DIRECTION('',(0.,2.22044604925E-16,1.));
#7890 = CARTESIAN_POINT('',(-1.225,-0.125,2.775557561563E-17));
#7891 = CARTESIAN_POINT('',(-1.225,-0.125,0.1));
#7892 = GEOMETRIC_CURVE_SET('',(#7893));
#7893 = TRIMMED_CURVE('',#7894,(#7898,PARAMETER_VALUE(0.)),(#7899,
    PARAMETER_VALUE(0.275)),.T.,.PARAMETER.);
#7894 = LINE('',#7895,#7896);
#7895 = CARTESIAN_POINT('',(-1.5,-0.125,0.1));
#7896 = VECTOR('',#7897,1.);
#7897 = DIRECTION('',(1.,0.,0.));
#7898 = CARTESIAN_POINT('',(-1.5,-0.125,0.1));
#7899 = CARTESIAN_POINT('',(-1.225,-0.125,0.1));
#7900 = GEOMETRIC_CURVE_SET('',(#7901));
#7901 = TRIMMED_CURVE('',#7902,(#7906,PARAMETER_VALUE(0.)),(#7907,
    PARAMETER_VALUE(0.1)),.T.,.PARAMETER.);
#7902 = LINE('',#7903,#7904);
#7903 = CARTESIAN_POINT('',(-1.5,-0.125,2.775557561563E-17));
#7904 = VECTOR('',#7905,1.);
#7905 = DIRECTION('',(0.,2.22044604925E-16,1.));
#7906 = CARTESIAN_POINT('',(-1.5,-0.125,2.775557561563E-17));
#7907 = CARTESIAN_POINT('',(-1.5,-0.125,0.1));
#7908 = GEOMETRIC_CURVE_SET('',(#7909));
#7909 = TRIMMED_CURVE('',#7910,(#7914,PARAMETER_VALUE(0.)),(#7915,
    PARAMETER_VALUE(0.1)),.T.,.PARAMETER.);
#7910 = LINE('',#7911,#7912);
#7911 = CARTESIAN_POINT('',(-1.225,-0.125,2.775557561563E-17));
#7912 = VECTOR('',#7913,1.);
#7913 = DIRECTION('',(0.,2.22044604925E-16,1.));
#7914 = CARTESIAN_POINT('',(-1.225,-0.125,2.775557561563E-17));
#7915 = CARTESIAN_POINT('',(-1.225,-0.125,0.1));
#7916 = GEOMETRIC_CURVE_SET('',(#7917));
#7917 = TRIMMED_CURVE('',#7918,(#7923,PARAMETER_VALUE(0.)),(#7924,
    PARAMETER_VALUE(3.14159265359)),.T.,.PARAMETER.);
#7918 = CIRCLE('',#7919,0.125);
#7919 = AXIS2_PLACEMENT_3D('',#7920,#7921,#7922);
#7920 = CARTESIAN_POINT('',(-1.225,-0.25,0.1));
#7921 = DIRECTION('',(0.,-2.22044604925E-16,-1.));
#7922 = DIRECTION('',(0.,1.,-2.22044604925E-16));
#7923 = CARTESIAN_POINT('',(-1.225,-0.125,0.1));
#7924 = CARTESIAN_POINT('',(-1.225,-0.375,0.1));
#7925 = GEOMETRIC_CURVE_SET('',(#7926));
#7926 = TRIMMED_CURVE('',#7927,(#7931,PARAMETER_VALUE(0.)),(#7932,
    PARAMETER_VALUE(0.1)),.T.,.PARAMETER.);
#7927 = LINE('',#7928,#7929);
#7928 = CARTESIAN_POINT('',(-1.225,-0.375,8.326672684689E-17));
#7929 = VECTOR('',#7930,1.);
#7930 = DIRECTION('',(0.,2.22044604925E-16,1.));
#7931 = CARTESIAN_POINT('',(-1.225,-0.375,8.326672684689E-17));
#7932 = CARTESIAN_POINT('',(-1.225,-0.375,0.1));
#7933 = GEOMETRIC_CURVE_SET('',(#7934));
#7934 = TRIMMED_CURVE('',#7935,(#7940,PARAMETER_VALUE(0.)),(#7941,
    PARAMETER_VALUE(3.14159265359)),.T.,.PARAMETER.);
#7935 = CIRCLE('',#7936,0.125);
#7936 = AXIS2_PLACEMENT_3D('',#7937,#7938,#7939);
#7937 = CARTESIAN_POINT('',(-1.225,-0.25,5.551115123126E-17));
#7938 = DIRECTION('',(0.,-2.22044604925E-16,-1.));
#7939 = DIRECTION('',(0.,1.,-2.22044604925E-16));
#7940 = CARTESIAN_POINT('',(-1.225,-0.125,2.775557561563E-17));
#7941 = CARTESIAN_POINT('',(-1.225,-0.375,8.326672684689E-17));
#7942 = GEOMETRIC_CURVE_SET('',(#7943));
#7943 = TRIMMED_CURVE('',#7944,(#7948,PARAMETER_VALUE(0.)),(#7949,
    PARAMETER_VALUE(0.275)),.T.,.PARAMETER.);
#7944 = LINE('',#7945,#7946);
#7945 = CARTESIAN_POINT('',(-1.225,-0.375,8.326672684689E-17));
#7946 = VECTOR('',#7947,1.);
#7947 = DIRECTION('',(-1.,0.,0.));
#7948 = CARTESIAN_POINT('',(-1.225,-0.375,8.326672684689E-17));
#7949 = CARTESIAN_POINT('',(-1.5,-0.375,8.326672684689E-17));
#7950 = GEOMETRIC_CURVE_SET('',(#7951));
#7951 = TRIMMED_CURVE('',#7952,(#7956,PARAMETER_VALUE(0.)),(#7957,
    PARAMETER_VALUE(0.1)),.T.,.PARAMETER.);
#7952 = LINE('',#7953,#7954);
#7953 = CARTESIAN_POINT('',(-1.5,-0.375,8.326672684689E-17));
#7954 = VECTOR('',#7955,1.);
#7955 = DIRECTION('',(0.,2.22044604925E-16,1.));
#7956 = CARTESIAN_POINT('',(-1.5,-0.375,8.326672684689E-17));
#7957 = CARTESIAN_POINT('',(-1.5,-0.375,0.1));
#7958 = GEOMETRIC_CURVE_SET('',(#7959));
#7959 = TRIMMED_CURVE('',#7960,(#7964,PARAMETER_VALUE(0.)),(#7965,
    PARAMETER_VALUE(0.275)),.T.,.PARAMETER.);
#7960 = LINE('',#7961,#7962);
#7961 = CARTESIAN_POINT('',(-1.225,-0.375,0.1));
#7962 = VECTOR('',#7963,1.);
#7963 = DIRECTION('',(-1.,0.,0.));
#7964 = CARTESIAN_POINT('',(-1.225,-0.375,0.1));
#7965 = CARTESIAN_POINT('',(-1.5,-0.375,0.1));
#7966 = GEOMETRIC_CURVE_SET('',(#7967));
#7967 = TRIMMED_CURVE('',#7968,(#7972,PARAMETER_VALUE(0.)),(#7973,
    PARAMETER_VALUE(0.1)),.T.,.PARAMETER.);
#7968 = LINE('',#7969,#7970);
#7969 = CARTESIAN_POINT('',(-1.225,-0.375,8.326672684689E-17));
#7970 = VECTOR('',#7971,1.);
#7971 = DIRECTION('',(0.,2.22044604925E-16,1.));
#7972 = CARTESIAN_POINT('',(-1.225,-0.375,8.326672684689E-17));
#7973 = CARTESIAN_POINT('',(-1.225,-0.375,0.1));
#7974 = GEOMETRIC_CURVE_SET('',(#7975));
#7975 = TRIMMED_CURVE('',#7976,(#7980,PARAMETER_VALUE(0.)),(#7981,
    PARAMETER_VALUE(0.25)),.T.,.PARAMETER.);
#7976 = LINE('',#7977,#7978);
#7977 = CARTESIAN_POINT('',(-1.5,-0.375,8.326672684689E-17));
#7978 = VECTOR('',#7979,1.);
#7979 = DIRECTION('',(0.,1.,-2.22044604925E-16));
#7980 = CARTESIAN_POINT('',(-1.5,-0.375,8.326672684689E-17));
#7981 = CARTESIAN_POINT('',(-1.5,-0.125,2.775557561563E-17));
#7982 = GEOMETRIC_CURVE_SET('',(#7983));
#7983 = TRIMMED_CURVE('',#7984,(#7988,PARAMETER_VALUE(0.)),(#7989,
    PARAMETER_VALUE(0.1)),.T.,.PARAMETER.);
#7984 = LINE('',#7985,#7986);
#7985 = CARTESIAN_POINT('',(-1.5,-0.125,2.775557561563E-17));
#7986 = VECTOR('',#7987,1.);
#7987 = DIRECTION('',(0.,2.22044604925E-16,1.));
#7988 = CARTESIAN_POINT('',(-1.5,-0.125,2.775557561563E-17));
#7989 = CARTESIAN_POINT('',(-1.5,-0.125,0.1));
#7990 = GEOMETRIC_CURVE_SET('',(#7991));
#7991 = TRIMMED_CURVE('',#7992,(#7996,PARAMETER_VALUE(0.)),(#7997,
    PARAMETER_VALUE(0.25)),.T.,.PARAMETER.);
#7992 = LINE('',#7993,#7994);
#7993 = CARTESIAN_POINT('',(-1.5,-0.375,0.1));
#7994 = VECTOR('',#7995,1.);
#7995 = DIRECTION('',(0.,1.,-2.22044604925E-16));
#7996 = CARTESIAN_POINT('',(-1.5,-0.375,0.1));
#7997 = CARTESIAN_POINT('',(-1.5,-0.125,0.1));
#7998 = GEOMETRIC_CURVE_SET('',(#7999));
#7999 = TRIMMED_CURVE('',#8000,(#8004,PARAMETER_VALUE(0.)),(#8005,
    PARAMETER_VALUE(0.1)),.T.,.PARAMETER.);
#8000 = LINE('',#8001,#8002);
#8001 = CARTESIAN_POINT('',(-1.5,-0.375,8.326672684689E-17));
#8002 = VECTOR('',#8003,1.);
#8003 = DIRECTION('',(0.,2.22044604925E-16,1.));
#8004 = CARTESIAN_POINT('',(-1.5,-0.375,8.326672684689E-17));
#8005 = CARTESIAN_POINT('',(-1.5,-0.375,0.1));
#8006 = GEOMETRIC_CURVE_SET('',(#8007));
#8007 = TRIMMED_CURVE('',#8008,(#8012,PARAMETER_VALUE(0.)),(#8013,
    PARAMETER_VALUE(0.275)),.T.,.PARAMETER.);
#8008 = LINE('',#8009,#8010);
#8009 = CARTESIAN_POINT('',(-1.5,-0.125,0.1));
#8010 = VECTOR('',#8011,1.);
#8011 = DIRECTION('',(1.,0.,0.));
#8012 = CARTESIAN_POINT('',(-1.5,-0.125,0.1));
#8013 = CARTESIAN_POINT('',(-1.225,-0.125,0.1));
#8014 = GEOMETRIC_CURVE_SET('',(#8015));
#8015 = TRIMMED_CURVE('',#8016,(#8021,PARAMETER_VALUE(0.)),(#8022,
    PARAMETER_VALUE(3.14159265359)),.T.,.PARAMETER.);
#8016 = CIRCLE('',#8017,0.125);
#8017 = AXIS2_PLACEMENT_3D('',#8018,#8019,#8020);
#8018 = CARTESIAN_POINT('',(-1.225,-0.25,0.1));
#8019 = DIRECTION('',(0.,-2.22044604925E-16,-1.));
#8020 = DIRECTION('',(0.,1.,-2.22044604925E-16));
#8021 = CARTESIAN_POINT('',(-1.225,-0.125,0.1));
#8022 = CARTESIAN_POINT('',(-1.225,-0.375,0.1));
#8023 = GEOMETRIC_CURVE_SET('',(#8024));
#8024 = TRIMMED_CURVE('',#8025,(#8029,PARAMETER_VALUE(0.)),(#8030,
    PARAMETER_VALUE(0.275)),.T.,.PARAMETER.);
#8025 = LINE('',#8026,#8027);
#8026 = CARTESIAN_POINT('',(-1.225,-0.375,0.1));
#8027 = VECTOR('',#8028,1.);
#8028 = DIRECTION('',(-1.,0.,0.));
#8029 = CARTESIAN_POINT('',(-1.225,-0.375,0.1));
#8030 = CARTESIAN_POINT('',(-1.5,-0.375,0.1));
#8031 = GEOMETRIC_CURVE_SET('',(#8032));
#8032 = TRIMMED_CURVE('',#8033,(#8037,PARAMETER_VALUE(0.)),(#8038,
    PARAMETER_VALUE(0.25)),.T.,.PARAMETER.);
#8033 = LINE('',#8034,#8035);
#8034 = CARTESIAN_POINT('',(-1.5,-0.375,0.1));
#8035 = VECTOR('',#8036,1.);
#8036 = DIRECTION('',(0.,1.,-2.22044604925E-16));
#8037 = CARTESIAN_POINT('',(-1.5,-0.375,0.1));
#8038 = CARTESIAN_POINT('',(-1.5,-0.125,0.1));
#8039 = GEOMETRIC_CURVE_SET('',(#8040));
#8040 = TRIMMED_CURVE('',#8041,(#8045,PARAMETER_VALUE(0.)),(#8046,
    PARAMETER_VALUE(0.275)),.T.,.PARAMETER.);
#8041 = LINE('',#8042,#8043);
#8042 = CARTESIAN_POINT('',(-1.5,0.375,-8.326672684689E-17));
#8043 = VECTOR('',#8044,1.);
#8044 = DIRECTION('',(1.,0.,0.));
#8045 = CARTESIAN_POINT('',(-1.5,0.375,-8.326672684689E-17));
#8046 = CARTESIAN_POINT('',(-1.225,0.375,-8.326672684689E-17));
#8047 = GEOMETRIC_CURVE_SET('',(#8048));
#8048 = TRIMMED_CURVE('',#8049,(#8053,PARAMETER_VALUE(0.)),(#8054,
    PARAMETER_VALUE(0.25)),.T.,.PARAMETER.);
#8049 = LINE('',#8050,#8051);
#8050 = CARTESIAN_POINT('',(-1.5,0.125,-2.775557561563E-17));
#8051 = VECTOR('',#8052,1.);
#8052 = DIRECTION('',(0.,1.,-2.22044604925E-16));
#8053 = CARTESIAN_POINT('',(-1.5,0.125,-2.775557561563E-17));
#8054 = CARTESIAN_POINT('',(-1.5,0.375,-8.326672684689E-17));
#8055 = GEOMETRIC_CURVE_SET('',(#8056));
#8056 = TRIMMED_CURVE('',#8057,(#8061,PARAMETER_VALUE(0.)),(#8062,
    PARAMETER_VALUE(0.275)),.T.,.PARAMETER.);
#8057 = LINE('',#8058,#8059);
#8058 = CARTESIAN_POINT('',(-1.225,0.125,-2.775557561563E-17));
#8059 = VECTOR('',#8060,1.);
#8060 = DIRECTION('',(-1.,0.,0.));
#8061 = CARTESIAN_POINT('',(-1.225,0.125,-2.775557561563E-17));
#8062 = CARTESIAN_POINT('',(-1.5,0.125,-2.775557561563E-17));
#8063 = GEOMETRIC_CURVE_SET('',(#8064));
#8064 = TRIMMED_CURVE('',#8065,(#8070,PARAMETER_VALUE(0.)),(#8071,
    PARAMETER_VALUE(3.14159265359)),.T.,.PARAMETER.);
#8065 = CIRCLE('',#8066,0.125);
#8066 = AXIS2_PLACEMENT_3D('',#8067,#8068,#8069);
#8067 = CARTESIAN_POINT('',(-1.225,0.25,-5.551115123126E-17));
#8068 = DIRECTION('',(0.,-2.22044604925E-16,-1.));
#8069 = DIRECTION('',(0.,1.,-2.22044604925E-16));
#8070 = CARTESIAN_POINT('',(-1.225,0.375,-8.326672684689E-17));
#8071 = CARTESIAN_POINT('',(-1.225,0.125,-2.775557561563E-17));
#8072 = GEOMETRIC_CURVE_SET('',(#8073));
#8073 = TRIMMED_CURVE('',#8074,(#8078,PARAMETER_VALUE(0.)),(#8079,
    PARAMETER_VALUE(0.275)),.T.,.PARAMETER.);
#8074 = LINE('',#8075,#8076);
#8075 = CARTESIAN_POINT('',(-1.5,0.375,-8.326672684689E-17));
#8076 = VECTOR('',#8077,1.);
#8077 = DIRECTION('',(1.,0.,0.));
#8078 = CARTESIAN_POINT('',(-1.5,0.375,-8.326672684689E-17));
#8079 = CARTESIAN_POINT('',(-1.225,0.375,-8.326672684689E-17));
#8080 = GEOMETRIC_CURVE_SET('',(#8081));
#8081 = TRIMMED_CURVE('',#8082,(#8086,PARAMETER_VALUE(0.)),(#8087,
    PARAMETER_VALUE(0.1)),.T.,.PARAMETER.);
#8082 = LINE('',#8083,#8084);
#8083 = CARTESIAN_POINT('',(-1.225,0.375,-8.326672684689E-17));
#8084 = VECTOR('',#8085,1.);
#8085 = DIRECTION('',(0.,2.22044604925E-16,1.));
#8086 = CARTESIAN_POINT('',(-1.225,0.375,-8.326672684689E-17));
#8087 = CARTESIAN_POINT('',(-1.225,0.375,1.E-01));
#8088 = GEOMETRIC_CURVE_SET('',(#8089));
#8089 = TRIMMED_CURVE('',#8090,(#8094,PARAMETER_VALUE(0.)),(#8095,
    PARAMETER_VALUE(0.275)),.T.,.PARAMETER.);
#8090 = LINE('',#8091,#8092);
#8091 = CARTESIAN_POINT('',(-1.5,0.375,1.E-01));
#8092 = VECTOR('',#8093,1.);
#8093 = DIRECTION('',(1.,0.,0.));
#8094 = CARTESIAN_POINT('',(-1.5,0.375,1.E-01));
#8095 = CARTESIAN_POINT('',(-1.225,0.375,1.E-01));
#8096 = GEOMETRIC_CURVE_SET('',(#8097));
#8097 = TRIMMED_CURVE('',#8098,(#8102,PARAMETER_VALUE(0.)),(#8103,
    PARAMETER_VALUE(0.1)),.T.,.PARAMETER.);
#8098 = LINE('',#8099,#8100);
#8099 = CARTESIAN_POINT('',(-1.5,0.375,-8.326672684689E-17));
#8100 = VECTOR('',#8101,1.);
#8101 = DIRECTION('',(0.,2.22044604925E-16,1.));
#8102 = CARTESIAN_POINT('',(-1.5,0.375,-8.326672684689E-17));
#8103 = CARTESIAN_POINT('',(-1.5,0.375,1.E-01));
#8104 = GEOMETRIC_CURVE_SET('',(#8105));
#8105 = TRIMMED_CURVE('',#8106,(#8110,PARAMETER_VALUE(0.)),(#8111,
    PARAMETER_VALUE(0.1)),.T.,.PARAMETER.);
#8106 = LINE('',#8107,#8108);
#8107 = CARTESIAN_POINT('',(-1.225,0.375,-8.326672684689E-17));
#8108 = VECTOR('',#8109,1.);
#8109 = DIRECTION('',(0.,2.22044604925E-16,1.));
#8110 = CARTESIAN_POINT('',(-1.225,0.375,-8.326672684689E-17));
#8111 = CARTESIAN_POINT('',(-1.225,0.375,1.E-01));
#8112 = GEOMETRIC_CURVE_SET('',(#8113));
#8113 = TRIMMED_CURVE('',#8114,(#8119,PARAMETER_VALUE(0.)),(#8120,
    PARAMETER_VALUE(3.14159265359)),.T.,.PARAMETER.);
#8114 = CIRCLE('',#8115,0.125);
#8115 = AXIS2_PLACEMENT_3D('',#8116,#8117,#8118);
#8116 = CARTESIAN_POINT('',(-1.225,0.25,1.E-01));
#8117 = DIRECTION('',(0.,-2.22044604925E-16,-1.));
#8118 = DIRECTION('',(0.,1.,-2.22044604925E-16));
#8119 = CARTESIAN_POINT('',(-1.225,0.375,1.E-01));
#8120 = CARTESIAN_POINT('',(-1.225,0.125,1.E-01));
#8121 = GEOMETRIC_CURVE_SET('',(#8122));
#8122 = TRIMMED_CURVE('',#8123,(#8127,PARAMETER_VALUE(0.)),(#8128,
    PARAMETER_VALUE(0.1)),.T.,.PARAMETER.);
#8123 = LINE('',#8124,#8125);
#8124 = CARTESIAN_POINT('',(-1.225,0.125,-2.775557561563E-17));
#8125 = VECTOR('',#8126,1.);
#8126 = DIRECTION('',(0.,2.22044604925E-16,1.));
#8127 = CARTESIAN_POINT('',(-1.225,0.125,-2.775557561563E-17));
#8128 = CARTESIAN_POINT('',(-1.225,0.125,1.E-01));
#8129 = GEOMETRIC_CURVE_SET('',(#8130));
#8130 = TRIMMED_CURVE('',#8131,(#8136,PARAMETER_VALUE(0.)),(#8137,
    PARAMETER_VALUE(3.14159265359)),.T.,.PARAMETER.);
#8131 = CIRCLE('',#8132,0.125);
#8132 = AXIS2_PLACEMENT_3D('',#8133,#8134,#8135);
#8133 = CARTESIAN_POINT('',(-1.225,0.25,-5.551115123126E-17));
#8134 = DIRECTION('',(0.,-2.22044604925E-16,-1.));
#8135 = DIRECTION('',(0.,1.,-2.22044604925E-16));
#8136 = CARTESIAN_POINT('',(-1.225,0.375,-8.326672684689E-17));
#8137 = CARTESIAN_POINT('',(-1.225,0.125,-2.775557561563E-17));
#8138 = GEOMETRIC_CURVE_SET('',(#8139));
#8139 = TRIMMED_CURVE('',#8140,(#8144,PARAMETER_VALUE(0.)),(#8145,
    PARAMETER_VALUE(0.275)),.T.,.PARAMETER.);
#8140 = LINE('',#8141,#8142);
#8141 = CARTESIAN_POINT('',(-1.225,0.125,-2.775557561563E-17));
#8142 = VECTOR('',#8143,1.);
#8143 = DIRECTION('',(-1.,0.,0.));
#8144 = CARTESIAN_POINT('',(-1.225,0.125,-2.775557561563E-17));
#8145 = CARTESIAN_POINT('',(-1.5,0.125,-2.775557561563E-17));
#8146 = GEOMETRIC_CURVE_SET('',(#8147));
#8147 = TRIMMED_CURVE('',#8148,(#8152,PARAMETER_VALUE(0.)),(#8153,
    PARAMETER_VALUE(0.1)),.T.,.PARAMETER.);
#8148 = LINE('',#8149,#8150);
#8149 = CARTESIAN_POINT('',(-1.5,0.125,-2.775557561563E-17));
#8150 = VECTOR('',#8151,1.);
#8151 = DIRECTION('',(0.,2.22044604925E-16,1.));
#8152 = CARTESIAN_POINT('',(-1.5,0.125,-2.775557561563E-17));
#8153 = CARTESIAN_POINT('',(-1.5,0.125,1.E-01));
#8154 = GEOMETRIC_CURVE_SET('',(#8155));
#8155 = TRIMMED_CURVE('',#8156,(#8160,PARAMETER_VALUE(0.)),(#8161,
    PARAMETER_VALUE(0.275)),.T.,.PARAMETER.);
#8156 = LINE('',#8157,#8158);
#8157 = CARTESIAN_POINT('',(-1.225,0.125,1.E-01));
#8158 = VECTOR('',#8159,1.);
#8159 = DIRECTION('',(-1.,0.,0.));
#8160 = CARTESIAN_POINT('',(-1.225,0.125,1.E-01));
#8161 = CARTESIAN_POINT('',(-1.5,0.125,1.E-01));
#8162 = GEOMETRIC_CURVE_SET('',(#8163));
#8163 = TRIMMED_CURVE('',#8164,(#8168,PARAMETER_VALUE(0.)),(#8169,
    PARAMETER_VALUE(0.1)),.T.,.PARAMETER.);
#8164 = LINE('',#8165,#8166);
#8165 = CARTESIAN_POINT('',(-1.225,0.125,-2.775557561563E-17));
#8166 = VECTOR('',#8167,1.);
#8167 = DIRECTION('',(0.,2.22044604925E-16,1.));
#8168 = CARTESIAN_POINT('',(-1.225,0.125,-2.775557561563E-17));
#8169 = CARTESIAN_POINT('',(-1.225,0.125,1.E-01));
#8170 = GEOMETRIC_CURVE_SET('',(#8171));
#8171 = TRIMMED_CURVE('',#8172,(#8176,PARAMETER_VALUE(0.)),(#8177,
    PARAMETER_VALUE(0.25)),.T.,.PARAMETER.);
#8172 = LINE('',#8173,#8174);
#8173 = CARTESIAN_POINT('',(-1.5,0.125,-2.775557561563E-17));
#8174 = VECTOR('',#8175,1.);
#8175 = DIRECTION('',(0.,1.,-2.22044604925E-16));
#8176 = CARTESIAN_POINT('',(-1.5,0.125,-2.775557561563E-17));
#8177 = CARTESIAN_POINT('',(-1.5,0.375,-8.326672684689E-17));
#8178 = GEOMETRIC_CURVE_SET('',(#8179));
#8179 = TRIMMED_CURVE('',#8180,(#8184,PARAMETER_VALUE(0.)),(#8185,
    PARAMETER_VALUE(0.1)),.T.,.PARAMETER.);
#8180 = LINE('',#8181,#8182);
#8181 = CARTESIAN_POINT('',(-1.5,0.375,-8.326672684689E-17));
#8182 = VECTOR('',#8183,1.);
#8183 = DIRECTION('',(0.,2.22044604925E-16,1.));
#8184 = CARTESIAN_POINT('',(-1.5,0.375,-8.326672684689E-17));
#8185 = CARTESIAN_POINT('',(-1.5,0.375,1.E-01));
#8186 = GEOMETRIC_CURVE_SET('',(#8187));
#8187 = TRIMMED_CURVE('',#8188,(#8192,PARAMETER_VALUE(0.)),(#8193,
    PARAMETER_VALUE(0.25)),.T.,.PARAMETER.);
#8188 = LINE('',#8189,#8190);
#8189 = CARTESIAN_POINT('',(-1.5,0.125,1.E-01));
#8190 = VECTOR('',#8191,1.);
#8191 = DIRECTION('',(0.,1.,-2.22044604925E-16));
#8192 = CARTESIAN_POINT('',(-1.5,0.125,1.E-01));
#8193 = CARTESIAN_POINT('',(-1.5,0.375,1.E-01));
#8194 = GEOMETRIC_CURVE_SET('',(#8195));
#8195 = TRIMMED_CURVE('',#8196,(#8200,PARAMETER_VALUE(0.)),(#8201,
    PARAMETER_VALUE(0.1)),.T.,.PARAMETER.);
#8196 = LINE('',#8197,#8198);
#8197 = CARTESIAN_POINT('',(-1.5,0.125,-2.775557561563E-17));
#8198 = VECTOR('',#8199,1.);
#8199 = DIRECTION('',(0.,2.22044604925E-16,1.));
#8200 = CARTESIAN_POINT('',(-1.5,0.125,-2.775557561563E-17));
#8201 = CARTESIAN_POINT('',(-1.5,0.125,1.E-01));
#8202 = GEOMETRIC_CURVE_SET('',(#8203));
#8203 = TRIMMED_CURVE('',#8204,(#8208,PARAMETER_VALUE(0.)),(#8209,
    PARAMETER_VALUE(0.275)),.T.,.PARAMETER.);
#8204 = LINE('',#8205,#8206);
#8205 = CARTESIAN_POINT('',(-1.5,0.375,1.E-01));
#8206 = VECTOR('',#8207,1.);
#8207 = DIRECTION('',(1.,0.,0.));
#8208 = CARTESIAN_POINT('',(-1.5,0.375,1.E-01));
#8209 = CARTESIAN_POINT('',(-1.225,0.375,1.E-01));
#8210 = GEOMETRIC_CURVE_SET('',(#8211));
#8211 = TRIMMED_CURVE('',#8212,(#8217,PARAMETER_VALUE(0.)),(#8218,
    PARAMETER_VALUE(3.14159265359)),.T.,.PARAMETER.);
#8212 = CIRCLE('',#8213,0.125);
#8213 = AXIS2_PLACEMENT_3D('',#8214,#8215,#8216);
#8214 = CARTESIAN_POINT('',(-1.225,0.25,1.E-01));
#8215 = DIRECTION('',(0.,-2.22044604925E-16,-1.));
#8216 = DIRECTION('',(0.,1.,-2.22044604925E-16));
#8217 = CARTESIAN_POINT('',(-1.225,0.375,1.E-01));
#8218 = CARTESIAN_POINT('',(-1.225,0.125,1.E-01));
#8219 = GEOMETRIC_CURVE_SET('',(#8220));
#8220 = TRIMMED_CURVE('',#8221,(#8225,PARAMETER_VALUE(0.)),(#8226,
    PARAMETER_VALUE(0.275)),.T.,.PARAMETER.);
#8221 = LINE('',#8222,#8223);
#8222 = CARTESIAN_POINT('',(-1.225,0.125,1.E-01));
#8223 = VECTOR('',#8224,1.);
#8224 = DIRECTION('',(-1.,0.,0.));
#8225 = CARTESIAN_POINT('',(-1.225,0.125,1.E-01));
#8226 = CARTESIAN_POINT('',(-1.5,0.125,1.E-01));
#8227 = GEOMETRIC_CURVE_SET('',(#8228));
#8228 = TRIMMED_CURVE('',#8229,(#8233,PARAMETER_VALUE(0.)),(#8234,
    PARAMETER_VALUE(0.25)),.T.,.PARAMETER.);
#8229 = LINE('',#8230,#8231);
#8230 = CARTESIAN_POINT('',(-1.5,0.125,1.E-01));
#8231 = VECTOR('',#8232,1.);
#8232 = DIRECTION('',(0.,1.,-2.22044604925E-16));
#8233 = CARTESIAN_POINT('',(-1.5,0.125,1.E-01));
#8234 = CARTESIAN_POINT('',(-1.5,0.375,1.E-01));
#8235 = GEOMETRIC_CURVE_SET('',(#8236));
#8236 = TRIMMED_CURVE('',#8237,(#8241,PARAMETER_VALUE(0.)),(#8242,
    PARAMETER_VALUE(0.275)),.T.,.PARAMETER.);
#8237 = LINE('',#8238,#8239);
#8238 = CARTESIAN_POINT('',(-1.5,0.875,-1.942890293094E-16));
#8239 = VECTOR('',#8240,1.);
#8240 = DIRECTION('',(1.,0.,0.));
#8241 = CARTESIAN_POINT('',(-1.5,0.875,-1.942890293094E-16));
#8242 = CARTESIAN_POINT('',(-1.225,0.875,-1.942890293094E-16));
#8243 = GEOMETRIC_CURVE_SET('',(#8244));
#8244 = TRIMMED_CURVE('',#8245,(#8249,PARAMETER_VALUE(0.)),(#8250,
    PARAMETER_VALUE(0.25)),.T.,.PARAMETER.);
#8245 = LINE('',#8246,#8247);
#8246 = CARTESIAN_POINT('',(-1.5,0.625,-1.387778780781E-16));
#8247 = VECTOR('',#8248,1.);
#8248 = DIRECTION('',(0.,1.,-2.22044604925E-16));
#8249 = CARTESIAN_POINT('',(-1.5,0.625,-1.387778780781E-16));
#8250 = CARTESIAN_POINT('',(-1.5,0.875,-1.942890293094E-16));
#8251 = GEOMETRIC_CURVE_SET('',(#8252));
#8252 = TRIMMED_CURVE('',#8253,(#8257,PARAMETER_VALUE(0.)),(#8258,
    PARAMETER_VALUE(0.275)),.T.,.PARAMETER.);
#8253 = LINE('',#8254,#8255);
#8254 = CARTESIAN_POINT('',(-1.225,0.625,-1.387778780781E-16));
#8255 = VECTOR('',#8256,1.);
#8256 = DIRECTION('',(-1.,0.,0.));
#8257 = CARTESIAN_POINT('',(-1.225,0.625,-1.387778780781E-16));
#8258 = CARTESIAN_POINT('',(-1.5,0.625,-1.387778780781E-16));
#8259 = GEOMETRIC_CURVE_SET('',(#8260));
#8260 = TRIMMED_CURVE('',#8261,(#8266,PARAMETER_VALUE(0.)),(#8267,
    PARAMETER_VALUE(3.14159265359)),.T.,.PARAMETER.);
#8261 = CIRCLE('',#8262,0.125);
#8262 = AXIS2_PLACEMENT_3D('',#8263,#8264,#8265);
#8263 = CARTESIAN_POINT('',(-1.225,0.75,-1.665334536938E-16));
#8264 = DIRECTION('',(0.,-2.22044604925E-16,-1.));
#8265 = DIRECTION('',(0.,1.,-2.22044604925E-16));
#8266 = CARTESIAN_POINT('',(-1.225,0.875,-1.942890293094E-16));
#8267 = CARTESIAN_POINT('',(-1.225,0.625,-1.387778780781E-16));
#8268 = GEOMETRIC_CURVE_SET('',(#8269));
#8269 = TRIMMED_CURVE('',#8270,(#8274,PARAMETER_VALUE(0.)),(#8275,
    PARAMETER_VALUE(0.275)),.T.,.PARAMETER.);
#8270 = LINE('',#8271,#8272);
#8271 = CARTESIAN_POINT('',(-1.5,0.875,-1.942890293094E-16));
#8272 = VECTOR('',#8273,1.);
#8273 = DIRECTION('',(1.,0.,0.));
#8274 = CARTESIAN_POINT('',(-1.5,0.875,-1.942890293094E-16));
#8275 = CARTESIAN_POINT('',(-1.225,0.875,-1.942890293094E-16));
#8276 = GEOMETRIC_CURVE_SET('',(#8277));
#8277 = TRIMMED_CURVE('',#8278,(#8282,PARAMETER_VALUE(0.)),(#8283,
    PARAMETER_VALUE(0.1)),.T.,.PARAMETER.);
#8278 = LINE('',#8279,#8280);
#8279 = CARTESIAN_POINT('',(-1.225,0.875,-1.942890293094E-16));
#8280 = VECTOR('',#8281,1.);
#8281 = DIRECTION('',(0.,2.22044604925E-16,1.));
#8282 = CARTESIAN_POINT('',(-1.225,0.875,-1.942890293094E-16));
#8283 = CARTESIAN_POINT('',(-1.225,0.875,1.E-01));
#8284 = GEOMETRIC_CURVE_SET('',(#8285));
#8285 = TRIMMED_CURVE('',#8286,(#8290,PARAMETER_VALUE(0.)),(#8291,
    PARAMETER_VALUE(0.275)),.T.,.PARAMETER.);
#8286 = LINE('',#8287,#8288);
#8287 = CARTESIAN_POINT('',(-1.5,0.875,1.E-01));
#8288 = VECTOR('',#8289,1.);
#8289 = DIRECTION('',(1.,0.,0.));
#8290 = CARTESIAN_POINT('',(-1.5,0.875,1.E-01));
#8291 = CARTESIAN_POINT('',(-1.225,0.875,1.E-01));
#8292 = GEOMETRIC_CURVE_SET('',(#8293));
#8293 = TRIMMED_CURVE('',#8294,(#8298,PARAMETER_VALUE(0.)),(#8299,
    PARAMETER_VALUE(0.1)),.T.,.PARAMETER.);
#8294 = LINE('',#8295,#8296);
#8295 = CARTESIAN_POINT('',(-1.5,0.875,-1.942890293094E-16));
#8296 = VECTOR('',#8297,1.);
#8297 = DIRECTION('',(0.,2.22044604925E-16,1.));
#8298 = CARTESIAN_POINT('',(-1.5,0.875,-1.942890293094E-16));
#8299 = CARTESIAN_POINT('',(-1.5,0.875,1.E-01));
#8300 = GEOMETRIC_CURVE_SET('',(#8301));
#8301 = TRIMMED_CURVE('',#8302,(#8306,PARAMETER_VALUE(0.)),(#8307,
    PARAMETER_VALUE(0.1)),.T.,.PARAMETER.);
#8302 = LINE('',#8303,#8304);
#8303 = CARTESIAN_POINT('',(-1.225,0.875,-1.942890293094E-16));
#8304 = VECTOR('',#8305,1.);
#8305 = DIRECTION('',(0.,2.22044604925E-16,1.));
#8306 = CARTESIAN_POINT('',(-1.225,0.875,-1.942890293094E-16));
#8307 = CARTESIAN_POINT('',(-1.225,0.875,1.E-01));
#8308 = GEOMETRIC_CURVE_SET('',(#8309));
#8309 = TRIMMED_CURVE('',#8310,(#8315,PARAMETER_VALUE(0.)),(#8316,
    PARAMETER_VALUE(3.14159265359)),.T.,.PARAMETER.);
#8310 = CIRCLE('',#8311,0.125);
#8311 = AXIS2_PLACEMENT_3D('',#8312,#8313,#8314);
#8312 = CARTESIAN_POINT('',(-1.225,0.75,1.E-01));
#8313 = DIRECTION('',(0.,-2.22044604925E-16,-1.));
#8314 = DIRECTION('',(0.,1.,-2.22044604925E-16));
#8315 = CARTESIAN_POINT('',(-1.225,0.875,1.E-01));
#8316 = CARTESIAN_POINT('',(-1.225,0.625,1.E-01));
#8317 = GEOMETRIC_CURVE_SET('',(#8318));
#8318 = TRIMMED_CURVE('',#8319,(#8323,PARAMETER_VALUE(0.)),(#8324,
    PARAMETER_VALUE(0.1)),.T.,.PARAMETER.);
#8319 = LINE('',#8320,#8321);
#8320 = CARTESIAN_POINT('',(-1.225,0.625,-1.387778780781E-16));
#8321 = VECTOR('',#8322,1.);
#8322 = DIRECTION('',(0.,2.22044604925E-16,1.));
#8323 = CARTESIAN_POINT('',(-1.225,0.625,-1.387778780781E-16));
#8324 = CARTESIAN_POINT('',(-1.225,0.625,1.E-01));
#8325 = GEOMETRIC_CURVE_SET('',(#8326));
#8326 = TRIMMED_CURVE('',#8327,(#8332,PARAMETER_VALUE(0.)),(#8333,
    PARAMETER_VALUE(3.14159265359)),.T.,.PARAMETER.);
#8327 = CIRCLE('',#8328,0.125);
#8328 = AXIS2_PLACEMENT_3D('',#8329,#8330,#8331);
#8329 = CARTESIAN_POINT('',(-1.225,0.75,-1.665334536938E-16));
#8330 = DIRECTION('',(0.,-2.22044604925E-16,-1.));
#8331 = DIRECTION('',(0.,1.,-2.22044604925E-16));
#8332 = CARTESIAN_POINT('',(-1.225,0.875,-1.942890293094E-16));
#8333 = CARTESIAN_POINT('',(-1.225,0.625,-1.387778780781E-16));
#8334 = GEOMETRIC_CURVE_SET('',(#8335));
#8335 = TRIMMED_CURVE('',#8336,(#8340,PARAMETER_VALUE(0.)),(#8341,
    PARAMETER_VALUE(0.275)),.T.,.PARAMETER.);
#8336 = LINE('',#8337,#8338);
#8337 = CARTESIAN_POINT('',(-1.225,0.625,-1.387778780781E-16));
#8338 = VECTOR('',#8339,1.);
#8339 = DIRECTION('',(-1.,0.,0.));
#8340 = CARTESIAN_POINT('',(-1.225,0.625,-1.387778780781E-16));
#8341 = CARTESIAN_POINT('',(-1.5,0.625,-1.387778780781E-16));
#8342 = GEOMETRIC_CURVE_SET('',(#8343));
#8343 = TRIMMED_CURVE('',#8344,(#8348,PARAMETER_VALUE(0.)),(#8349,
    PARAMETER_VALUE(0.1)),.T.,.PARAMETER.);
#8344 = LINE('',#8345,#8346);
#8345 = CARTESIAN_POINT('',(-1.5,0.625,-1.387778780781E-16));
#8346 = VECTOR('',#8347,1.);
#8347 = DIRECTION('',(0.,2.22044604925E-16,1.));
#8348 = CARTESIAN_POINT('',(-1.5,0.625,-1.387778780781E-16));
#8349 = CARTESIAN_POINT('',(-1.5,0.625,1.E-01));
#8350 = GEOMETRIC_CURVE_SET('',(#8351));
#8351 = TRIMMED_CURVE('',#8352,(#8356,PARAMETER_VALUE(0.)),(#8357,
    PARAMETER_VALUE(0.275)),.T.,.PARAMETER.);
#8352 = LINE('',#8353,#8354);
#8353 = CARTESIAN_POINT('',(-1.225,0.625,1.E-01));
#8354 = VECTOR('',#8355,1.);
#8355 = DIRECTION('',(-1.,0.,0.));
#8356 = CARTESIAN_POINT('',(-1.225,0.625,1.E-01));
#8357 = CARTESIAN_POINT('',(-1.5,0.625,1.E-01));
#8358 = GEOMETRIC_CURVE_SET('',(#8359));
#8359 = TRIMMED_CURVE('',#8360,(#8364,PARAMETER_VALUE(0.)),(#8365,
    PARAMETER_VALUE(0.1)),.T.,.PARAMETER.);
#8360 = LINE('',#8361,#8362);
#8361 = CARTESIAN_POINT('',(-1.225,0.625,-1.387778780781E-16));
#8362 = VECTOR('',#8363,1.);
#8363 = DIRECTION('',(0.,2.22044604925E-16,1.));
#8364 = CARTESIAN_POINT('',(-1.225,0.625,-1.387778780781E-16));
#8365 = CARTESIAN_POINT('',(-1.225,0.625,1.E-01));
#8366 = GEOMETRIC_CURVE_SET('',(#8367));
#8367 = TRIMMED_CURVE('',#8368,(#8372,PARAMETER_VALUE(0.)),(#8373,
    PARAMETER_VALUE(0.25)),.T.,.PARAMETER.);
#8368 = LINE('',#8369,#8370);
#8369 = CARTESIAN_POINT('',(-1.5,0.625,-1.387778780781E-16));
#8370 = VECTOR('',#8371,1.);
#8371 = DIRECTION('',(0.,1.,-2.22044604925E-16));
#8372 = CARTESIAN_POINT('',(-1.5,0.625,-1.387778780781E-16));
#8373 = CARTESIAN_POINT('',(-1.5,0.875,-1.942890293094E-16));
#8374 = GEOMETRIC_CURVE_SET('',(#8375));
#8375 = TRIMMED_CURVE('',#8376,(#8380,PARAMETER_VALUE(0.)),(#8381,
    PARAMETER_VALUE(0.1)),.T.,.PARAMETER.);
#8376 = LINE('',#8377,#8378);
#8377 = CARTESIAN_POINT('',(-1.5,0.875,-1.942890293094E-16));
#8378 = VECTOR('',#8379,1.);
#8379 = DIRECTION('',(0.,2.22044604925E-16,1.));
#8380 = CARTESIAN_POINT('',(-1.5,0.875,-1.942890293094E-16));
#8381 = CARTESIAN_POINT('',(-1.5,0.875,1.E-01));
#8382 = GEOMETRIC_CURVE_SET('',(#8383));
#8383 = TRIMMED_CURVE('',#8384,(#8388,PARAMETER_VALUE(0.)),(#8389,
    PARAMETER_VALUE(0.25)),.T.,.PARAMETER.);
#8384 = LINE('',#8385,#8386);
#8385 = CARTESIAN_POINT('',(-1.5,0.625,1.E-01));
#8386 = VECTOR('',#8387,1.);
#8387 = DIRECTION('',(0.,1.,-2.22044604925E-16));
#8388 = CARTESIAN_POINT('',(-1.5,0.625,1.E-01));
#8389 = CARTESIAN_POINT('',(-1.5,0.875,1.E-01));
#8390 = GEOMETRIC_CURVE_SET('',(#8391));
#8391 = TRIMMED_CURVE('',#8392,(#8396,PARAMETER_VALUE(0.)),(#8397,
    PARAMETER_VALUE(0.1)),.T.,.PARAMETER.);
#8392 = LINE('',#8393,#8394);
#8393 = CARTESIAN_POINT('',(-1.5,0.625,-1.387778780781E-16));
#8394 = VECTOR('',#8395,1.);
#8395 = DIRECTION('',(0.,2.22044604925E-16,1.));
#8396 = CARTESIAN_POINT('',(-1.5,0.625,-1.387778780781E-16));
#8397 = CARTESIAN_POINT('',(-1.5,0.625,1.E-01));
#8398 = GEOMETRIC_CURVE_SET('',(#8399));
#8399 = TRIMMED_CURVE('',#8400,(#8404,PARAMETER_VALUE(0.)),(#8405,
    PARAMETER_VALUE(0.275)),.T.,.PARAMETER.);
#8400 = LINE('',#8401,#8402);
#8401 = CARTESIAN_POINT('',(-1.5,0.875,1.E-01));
#8402 = VECTOR('',#8403,1.);
#8403 = DIRECTION('',(1.,0.,0.));
#8404 = CARTESIAN_POINT('',(-1.5,0.875,1.E-01));
#8405 = CARTESIAN_POINT('',(-1.225,0.875,1.E-01));
#8406 = GEOMETRIC_CURVE_SET('',(#8407));
#8407 = TRIMMED_CURVE('',#8408,(#8413,PARAMETER_VALUE(0.)),(#8414,
    PARAMETER_VALUE(3.14159265359)),.T.,.PARAMETER.);
#8408 = CIRCLE('',#8409,0.125);
#8409 = AXIS2_PLACEMENT_3D('',#8410,#8411,#8412);
#8410 = CARTESIAN_POINT('',(-1.225,0.75,1.E-01));
#8411 = DIRECTION('',(0.,-2.22044604925E-16,-1.));
#8412 = DIRECTION('',(0.,1.,-2.22044604925E-16));
#8413 = CARTESIAN_POINT('',(-1.225,0.875,1.E-01));
#8414 = CARTESIAN_POINT('',(-1.225,0.625,1.E-01));
#8415 = GEOMETRIC_CURVE_SET('',(#8416));
#8416 = TRIMMED_CURVE('',#8417,(#8421,PARAMETER_VALUE(0.)),(#8422,
    PARAMETER_VALUE(0.275)),.T.,.PARAMETER.);
#8417 = LINE('',#8418,#8419);
#8418 = CARTESIAN_POINT('',(-1.225,0.625,1.E-01));
#8419 = VECTOR('',#8420,1.);
#8420 = DIRECTION('',(-1.,0.,0.));
#8421 = CARTESIAN_POINT('',(-1.225,0.625,1.E-01));
#8422 = CARTESIAN_POINT('',(-1.5,0.625,1.E-01));
#8423 = GEOMETRIC_CURVE_SET('',(#8424));
#8424 = TRIMMED_CURVE('',#8425,(#8429,PARAMETER_VALUE(0.)),(#8430,
    PARAMETER_VALUE(0.25)),.T.,.PARAMETER.);
#8425 = LINE('',#8426,#8427);
#8426 = CARTESIAN_POINT('',(-1.5,0.625,1.E-01));
#8427 = VECTOR('',#8428,1.);
#8428 = DIRECTION('',(0.,1.,-2.22044604925E-16));
#8429 = CARTESIAN_POINT('',(-1.5,0.625,1.E-01));
#8430 = CARTESIAN_POINT('',(-1.5,0.875,1.E-01));
#8431 = GEOMETRIC_CURVE_SET('',(#8432));
#8432 = TRIMMED_CURVE('',#8433,(#8437,PARAMETER_VALUE(0.)),(#8438,
    PARAMETER_VALUE(0.275)),.T.,.PARAMETER.);
#8433 = LINE('',#8434,#8435);
#8434 = CARTESIAN_POINT('',(1.5,1.375,-3.053113317719E-16));
#8435 = VECTOR('',#8436,1.);
#8436 = DIRECTION('',(-1.,0.,0.));
#8437 = CARTESIAN_POINT('',(1.5,1.375,-3.053113317719E-16));
#8438 = CARTESIAN_POINT('',(1.225,1.375,-3.053113317719E-16));
#8439 = GEOMETRIC_CURVE_SET('',(#8440));
#8440 = TRIMMED_CURVE('',#8441,(#8446,PARAMETER_VALUE(0.)),(#8447,
    PARAMETER_VALUE(3.14159265359)),.T.,.PARAMETER.);
#8441 = CIRCLE('',#8442,0.125);
#8442 = AXIS2_PLACEMENT_3D('',#8443,#8444,#8445);
#8443 = CARTESIAN_POINT('',(1.225,1.25,-2.775557561563E-16));
#8444 = DIRECTION('',(0.,2.22044604925E-16,1.));
#8445 = DIRECTION('',(0.,1.,-2.22044604925E-16));
#8446 = CARTESIAN_POINT('',(1.225,1.375,-3.053113317719E-16));
#8447 = CARTESIAN_POINT('',(1.225,1.125,-2.498001805407E-16));
#8448 = GEOMETRIC_CURVE_SET('',(#8449));
#8449 = TRIMMED_CURVE('',#8450,(#8454,PARAMETER_VALUE(0.)),(#8455,
    PARAMETER_VALUE(0.275)),.T.,.PARAMETER.);
#8450 = LINE('',#8451,#8452);
#8451 = CARTESIAN_POINT('',(1.225,1.125,-2.498001805407E-16));
#8452 = VECTOR('',#8453,1.);
#8453 = DIRECTION('',(1.,0.,0.));
#8454 = CARTESIAN_POINT('',(1.225,1.125,-2.498001805407E-16));
#8455 = CARTESIAN_POINT('',(1.5,1.125,-2.498001805407E-16));
#8456 = GEOMETRIC_CURVE_SET('',(#8457));
#8457 = TRIMMED_CURVE('',#8458,(#8462,PARAMETER_VALUE(0.)),(#8463,
    PARAMETER_VALUE(0.25)),.T.,.PARAMETER.);
#8458 = LINE('',#8459,#8460);
#8459 = CARTESIAN_POINT('',(1.5,1.125,-2.498001805407E-16));
#8460 = VECTOR('',#8461,1.);
#8461 = DIRECTION('',(0.,1.,-2.22044604925E-16));
#8462 = CARTESIAN_POINT('',(1.5,1.125,-2.498001805407E-16));
#8463 = CARTESIAN_POINT('',(1.5,1.375,-3.053113317719E-16));
#8464 = GEOMETRIC_CURVE_SET('',(#8465));
#8465 = TRIMMED_CURVE('',#8466,(#8470,PARAMETER_VALUE(0.)),(#8471,
    PARAMETER_VALUE(0.275)),.T.,.PARAMETER.);
#8466 = LINE('',#8467,#8468);
#8467 = CARTESIAN_POINT('',(1.5,1.375,-3.053113317719E-16));
#8468 = VECTOR('',#8469,1.);
#8469 = DIRECTION('',(-1.,0.,0.));
#8470 = CARTESIAN_POINT('',(1.5,1.375,-3.053113317719E-16));
#8471 = CARTESIAN_POINT('',(1.225,1.375,-3.053113317719E-16));
#8472 = GEOMETRIC_CURVE_SET('',(#8473));
#8473 = TRIMMED_CURVE('',#8474,(#8478,PARAMETER_VALUE(0.)),(#8479,
    PARAMETER_VALUE(0.1)),.T.,.PARAMETER.);
#8474 = LINE('',#8475,#8476);
#8475 = CARTESIAN_POINT('',(1.5,1.375,-3.053113317719E-16));
#8476 = VECTOR('',#8477,1.);
#8477 = DIRECTION('',(0.,2.22044604925E-16,1.));
#8478 = CARTESIAN_POINT('',(1.5,1.375,-3.053113317719E-16));
#8479 = CARTESIAN_POINT('',(1.5,1.375,1.E-01));
#8480 = GEOMETRIC_CURVE_SET('',(#8481));
#8481 = TRIMMED_CURVE('',#8482,(#8486,PARAMETER_VALUE(0.)),(#8487,
    PARAMETER_VALUE(0.275)),.T.,.PARAMETER.);
#8482 = LINE('',#8483,#8484);
#8483 = CARTESIAN_POINT('',(1.5,1.375,1.E-01));
#8484 = VECTOR('',#8485,1.);
#8485 = DIRECTION('',(-1.,0.,0.));
#8486 = CARTESIAN_POINT('',(1.5,1.375,1.E-01));
#8487 = CARTESIAN_POINT('',(1.225,1.375,1.E-01));
#8488 = GEOMETRIC_CURVE_SET('',(#8489));
#8489 = TRIMMED_CURVE('',#8490,(#8494,PARAMETER_VALUE(0.)),(#8495,
    PARAMETER_VALUE(0.1)),.T.,.PARAMETER.);
#8490 = LINE('',#8491,#8492);
#8491 = CARTESIAN_POINT('',(1.225,1.375,-3.053113317719E-16));
#8492 = VECTOR('',#8493,1.);
#8493 = DIRECTION('',(0.,2.22044604925E-16,1.));
#8494 = CARTESIAN_POINT('',(1.225,1.375,-3.053113317719E-16));
#8495 = CARTESIAN_POINT('',(1.225,1.375,1.E-01));
#8496 = GEOMETRIC_CURVE_SET('',(#8497));
#8497 = TRIMMED_CURVE('',#8498,(#8502,PARAMETER_VALUE(0.)),(#8503,
    PARAMETER_VALUE(0.25)),.T.,.PARAMETER.);
#8498 = LINE('',#8499,#8500);
#8499 = CARTESIAN_POINT('',(1.5,1.125,-2.498001805407E-16));
#8500 = VECTOR('',#8501,1.);
#8501 = DIRECTION('',(0.,1.,-2.22044604925E-16));
#8502 = CARTESIAN_POINT('',(1.5,1.125,-2.498001805407E-16));
#8503 = CARTESIAN_POINT('',(1.5,1.375,-3.053113317719E-16));
#8504 = GEOMETRIC_CURVE_SET('',(#8505));
#8505 = TRIMMED_CURVE('',#8506,(#8510,PARAMETER_VALUE(0.)),(#8511,
    PARAMETER_VALUE(0.1)),.T.,.PARAMETER.);
#8506 = LINE('',#8507,#8508);
#8507 = CARTESIAN_POINT('',(1.5,1.125,-2.498001805407E-16));
#8508 = VECTOR('',#8509,1.);
#8509 = DIRECTION('',(0.,2.22044604925E-16,1.));
#8510 = CARTESIAN_POINT('',(1.5,1.125,-2.498001805407E-16));
#8511 = CARTESIAN_POINT('',(1.5,1.125,1.E-01));
#8512 = GEOMETRIC_CURVE_SET('',(#8513));
#8513 = TRIMMED_CURVE('',#8514,(#8518,PARAMETER_VALUE(0.)),(#8519,
    PARAMETER_VALUE(0.25)),.T.,.PARAMETER.);
#8514 = LINE('',#8515,#8516);
#8515 = CARTESIAN_POINT('',(1.5,1.125,1.E-01));
#8516 = VECTOR('',#8517,1.);
#8517 = DIRECTION('',(0.,1.,-2.22044604925E-16));
#8518 = CARTESIAN_POINT('',(1.5,1.125,1.E-01));
#8519 = CARTESIAN_POINT('',(1.5,1.375,1.E-01));
#8520 = GEOMETRIC_CURVE_SET('',(#8521));
#8521 = TRIMMED_CURVE('',#8522,(#8526,PARAMETER_VALUE(0.)),(#8527,
    PARAMETER_VALUE(0.1)),.T.,.PARAMETER.);
#8522 = LINE('',#8523,#8524);
#8523 = CARTESIAN_POINT('',(1.5,1.375,-3.053113317719E-16));
#8524 = VECTOR('',#8525,1.);
#8525 = DIRECTION('',(0.,2.22044604925E-16,1.));
#8526 = CARTESIAN_POINT('',(1.5,1.375,-3.053113317719E-16));
#8527 = CARTESIAN_POINT('',(1.5,1.375,1.E-01));
#8528 = GEOMETRIC_CURVE_SET('',(#8529));
#8529 = TRIMMED_CURVE('',#8530,(#8534,PARAMETER_VALUE(0.)),(#8535,
    PARAMETER_VALUE(0.275)),.T.,.PARAMETER.);
#8530 = LINE('',#8531,#8532);
#8531 = CARTESIAN_POINT('',(1.225,1.125,-2.498001805407E-16));
#8532 = VECTOR('',#8533,1.);
#8533 = DIRECTION('',(1.,0.,0.));
#8534 = CARTESIAN_POINT('',(1.225,1.125,-2.498001805407E-16));
#8535 = CARTESIAN_POINT('',(1.5,1.125,-2.498001805407E-16));
#8536 = GEOMETRIC_CURVE_SET('',(#8537));
#8537 = TRIMMED_CURVE('',#8538,(#8542,PARAMETER_VALUE(0.)),(#8543,
    PARAMETER_VALUE(0.1)),.T.,.PARAMETER.);
#8538 = LINE('',#8539,#8540);
#8539 = CARTESIAN_POINT('',(1.225,1.125,-2.498001805407E-16));
#8540 = VECTOR('',#8541,1.);
#8541 = DIRECTION('',(0.,2.22044604925E-16,1.));
#8542 = CARTESIAN_POINT('',(1.225,1.125,-2.498001805407E-16));
#8543 = CARTESIAN_POINT('',(1.225,1.125,1.E-01));
#8544 = GEOMETRIC_CURVE_SET('',(#8545));
#8545 = TRIMMED_CURVE('',#8546,(#8550,PARAMETER_VALUE(0.)),(#8551,
    PARAMETER_VALUE(0.275)),.T.,.PARAMETER.);
#8546 = LINE('',#8547,#8548);
#8547 = CARTESIAN_POINT('',(1.225,1.125,1.E-01));
#8548 = VECTOR('',#8549,1.);
#8549 = DIRECTION('',(1.,0.,0.));
#8550 = CARTESIAN_POINT('',(1.225,1.125,1.E-01));
#8551 = CARTESIAN_POINT('',(1.5,1.125,1.E-01));
#8552 = GEOMETRIC_CURVE_SET('',(#8553));
#8553 = TRIMMED_CURVE('',#8554,(#8558,PARAMETER_VALUE(0.)),(#8559,
    PARAMETER_VALUE(0.1)),.T.,.PARAMETER.);
#8554 = LINE('',#8555,#8556);
#8555 = CARTESIAN_POINT('',(1.5,1.125,-2.498001805407E-16));
#8556 = VECTOR('',#8557,1.);
#8557 = DIRECTION('',(0.,2.22044604925E-16,1.));
#8558 = CARTESIAN_POINT('',(1.5,1.125,-2.498001805407E-16));
#8559 = CARTESIAN_POINT('',(1.5,1.125,1.E-01));
#8560 = GEOMETRIC_CURVE_SET('',(#8561));
#8561 = TRIMMED_CURVE('',#8562,(#8566,PARAMETER_VALUE(0.)),(#8567,
    PARAMETER_VALUE(0.1)),.T.,.PARAMETER.);
#8562 = LINE('',#8563,#8564);
#8563 = CARTESIAN_POINT('',(1.225,1.125,-2.498001805407E-16));
#8564 = VECTOR('',#8565,1.);
#8565 = DIRECTION('',(0.,2.22044604925E-16,1.));
#8566 = CARTESIAN_POINT('',(1.225,1.125,-2.498001805407E-16));
#8567 = CARTESIAN_POINT('',(1.225,1.125,1.E-01));
#8568 = GEOMETRIC_CURVE_SET('',(#8569));
#8569 = TRIMMED_CURVE('',#8570,(#8575,PARAMETER_VALUE(0.)),(#8576,
    PARAMETER_VALUE(3.14159265359)),.T.,.PARAMETER.);
#8570 = CIRCLE('',#8571,0.125);
#8571 = AXIS2_PLACEMENT_3D('',#8572,#8573,#8574);
#8572 = CARTESIAN_POINT('',(1.225,1.25,1.E-01));
#8573 = DIRECTION('',(0.,2.22044604925E-16,1.));
#8574 = DIRECTION('',(0.,1.,-2.22044604925E-16));
#8575 = CARTESIAN_POINT('',(1.225,1.375,1.E-01));
#8576 = CARTESIAN_POINT('',(1.225,1.125,1.E-01));
#8577 = GEOMETRIC_CURVE_SET('',(#8578));
#8578 = TRIMMED_CURVE('',#8579,(#8583,PARAMETER_VALUE(0.)),(#8584,
    PARAMETER_VALUE(0.1)),.T.,.PARAMETER.);
#8579 = LINE('',#8580,#8581);
#8580 = CARTESIAN_POINT('',(1.225,1.375,-3.053113317719E-16));
#8581 = VECTOR('',#8582,1.);
#8582 = DIRECTION('',(0.,2.22044604925E-16,1.));
#8583 = CARTESIAN_POINT('',(1.225,1.375,-3.053113317719E-16));
#8584 = CARTESIAN_POINT('',(1.225,1.375,1.E-01));
#8585 = GEOMETRIC_CURVE_SET('',(#8586));
#8586 = TRIMMED_CURVE('',#8587,(#8592,PARAMETER_VALUE(0.)),(#8593,
    PARAMETER_VALUE(3.14159265359)),.T.,.PARAMETER.);
#8587 = CIRCLE('',#8588,0.125);
#8588 = AXIS2_PLACEMENT_3D('',#8589,#8590,#8591);
#8589 = CARTESIAN_POINT('',(1.225,1.25,-2.775557561563E-16));
#8590 = DIRECTION('',(0.,2.22044604925E-16,1.));
#8591 = DIRECTION('',(0.,1.,-2.22044604925E-16));
#8592 = CARTESIAN_POINT('',(1.225,1.375,-3.053113317719E-16));
#8593 = CARTESIAN_POINT('',(1.225,1.125,-2.498001805407E-16));
#8594 = GEOMETRIC_CURVE_SET('',(#8595));
#8595 = TRIMMED_CURVE('',#8596,(#8600,PARAMETER_VALUE(0.)),(#8601,
    PARAMETER_VALUE(0.275)),.T.,.PARAMETER.);
#8596 = LINE('',#8597,#8598);
#8597 = CARTESIAN_POINT('',(1.5,1.375,1.E-01));
#8598 = VECTOR('',#8599,1.);
#8599 = DIRECTION('',(-1.,0.,0.));
#8600 = CARTESIAN_POINT('',(1.5,1.375,1.E-01));
#8601 = CARTESIAN_POINT('',(1.225,1.375,1.E-01));
#8602 = GEOMETRIC_CURVE_SET('',(#8603));
#8603 = TRIMMED_CURVE('',#8604,(#8608,PARAMETER_VALUE(0.)),(#8609,
    PARAMETER_VALUE(0.25)),.T.,.PARAMETER.);
#8604 = LINE('',#8605,#8606);
#8605 = CARTESIAN_POINT('',(1.5,1.125,1.E-01));
#8606 = VECTOR('',#8607,1.);
#8607 = DIRECTION('',(0.,1.,-2.22044604925E-16));
#8608 = CARTESIAN_POINT('',(1.5,1.125,1.E-01));
#8609 = CARTESIAN_POINT('',(1.5,1.375,1.E-01));
#8610 = GEOMETRIC_CURVE_SET('',(#8611));
#8611 = TRIMMED_CURVE('',#8612,(#8616,PARAMETER_VALUE(0.)),(#8617,
    PARAMETER_VALUE(0.275)),.T.,.PARAMETER.);
#8612 = LINE('',#8613,#8614);
#8613 = CARTESIAN_POINT('',(1.225,1.125,1.E-01));
#8614 = VECTOR('',#8615,1.);
#8615 = DIRECTION('',(1.,0.,0.));
#8616 = CARTESIAN_POINT('',(1.225,1.125,1.E-01));
#8617 = CARTESIAN_POINT('',(1.5,1.125,1.E-01));
#8618 = GEOMETRIC_CURVE_SET('',(#8619));
#8619 = TRIMMED_CURVE('',#8620,(#8625,PARAMETER_VALUE(0.)),(#8626,
    PARAMETER_VALUE(3.14159265359)),.T.,.PARAMETER.);
#8620 = CIRCLE('',#8621,0.125);
#8621 = AXIS2_PLACEMENT_3D('',#8622,#8623,#8624);
#8622 = CARTESIAN_POINT('',(1.225,1.25,1.E-01));
#8623 = DIRECTION('',(0.,2.22044604925E-16,1.));
#8624 = DIRECTION('',(0.,1.,-2.22044604925E-16));
#8625 = CARTESIAN_POINT('',(1.225,1.375,1.E-01));
#8626 = CARTESIAN_POINT('',(1.225,1.125,1.E-01));
#8627 = GEOMETRIC_CURVE_SET('',(#8628));
#8628 = TRIMMED_CURVE('',#8629,(#8633,PARAMETER_VALUE(0.)),(#8634,
    PARAMETER_VALUE(0.275)),.T.,.PARAMETER.);
#8629 = LINE('',#8630,#8631);
#8630 = CARTESIAN_POINT('',(-1.5,1.375,-3.053113317719E-16));
#8631 = VECTOR('',#8632,1.);
#8632 = DIRECTION('',(1.,0.,0.));
#8633 = CARTESIAN_POINT('',(-1.5,1.375,-3.053113317719E-16));
#8634 = CARTESIAN_POINT('',(-1.225,1.375,-3.053113317719E-16));
#8635 = GEOMETRIC_CURVE_SET('',(#8636));
#8636 = TRIMMED_CURVE('',#8637,(#8641,PARAMETER_VALUE(0.)),(#8642,
    PARAMETER_VALUE(0.25)),.T.,.PARAMETER.);
#8637 = LINE('',#8638,#8639);
#8638 = CARTESIAN_POINT('',(-1.5,1.125,-2.498001805407E-16));
#8639 = VECTOR('',#8640,1.);
#8640 = DIRECTION('',(0.,1.,-2.22044604925E-16));
#8641 = CARTESIAN_POINT('',(-1.5,1.125,-2.498001805407E-16));
#8642 = CARTESIAN_POINT('',(-1.5,1.375,-3.053113317719E-16));
#8643 = GEOMETRIC_CURVE_SET('',(#8644));
#8644 = TRIMMED_CURVE('',#8645,(#8649,PARAMETER_VALUE(0.)),(#8650,
    PARAMETER_VALUE(0.275)),.T.,.PARAMETER.);
#8645 = LINE('',#8646,#8647);
#8646 = CARTESIAN_POINT('',(-1.225,1.125,-2.498001805407E-16));
#8647 = VECTOR('',#8648,1.);
#8648 = DIRECTION('',(-1.,0.,0.));
#8649 = CARTESIAN_POINT('',(-1.225,1.125,-2.498001805407E-16));
#8650 = CARTESIAN_POINT('',(-1.5,1.125,-2.498001805407E-16));
#8651 = GEOMETRIC_CURVE_SET('',(#8652));
#8652 = TRIMMED_CURVE('',#8653,(#8658,PARAMETER_VALUE(0.)),(#8659,
    PARAMETER_VALUE(3.14159265359)),.T.,.PARAMETER.);
#8653 = CIRCLE('',#8654,0.125);
#8654 = AXIS2_PLACEMENT_3D('',#8655,#8656,#8657);
#8655 = CARTESIAN_POINT('',(-1.225,1.25,-2.775557561563E-16));
#8656 = DIRECTION('',(0.,-2.22044604925E-16,-1.));
#8657 = DIRECTION('',(0.,1.,-2.22044604925E-16));
#8658 = CARTESIAN_POINT('',(-1.225,1.375,-3.053113317719E-16));
#8659 = CARTESIAN_POINT('',(-1.225,1.125,-2.498001805407E-16));
#8660 = GEOMETRIC_CURVE_SET('',(#8661));
#8661 = TRIMMED_CURVE('',#8662,(#8666,PARAMETER_VALUE(0.)),(#8667,
    PARAMETER_VALUE(0.275)),.T.,.PARAMETER.);
#8662 = LINE('',#8663,#8664);
#8663 = CARTESIAN_POINT('',(-1.5,1.375,-3.053113317719E-16));
#8664 = VECTOR('',#8665,1.);
#8665 = DIRECTION('',(1.,0.,0.));
#8666 = CARTESIAN_POINT('',(-1.5,1.375,-3.053113317719E-16));
#8667 = CARTESIAN_POINT('',(-1.225,1.375,-3.053113317719E-16));
#8668 = GEOMETRIC_CURVE_SET('',(#8669));
#8669 = TRIMMED_CURVE('',#8670,(#8674,PARAMETER_VALUE(0.)),(#8675,
    PARAMETER_VALUE(0.1)),.T.,.PARAMETER.);
#8670 = LINE('',#8671,#8672);
#8671 = CARTESIAN_POINT('',(-1.225,1.375,-3.053113317719E-16));
#8672 = VECTOR('',#8673,1.);
#8673 = DIRECTION('',(0.,2.22044604925E-16,1.));
#8674 = CARTESIAN_POINT('',(-1.225,1.375,-3.053113317719E-16));
#8675 = CARTESIAN_POINT('',(-1.225,1.375,1.E-01));
#8676 = GEOMETRIC_CURVE_SET('',(#8677));
#8677 = TRIMMED_CURVE('',#8678,(#8682,PARAMETER_VALUE(0.)),(#8683,
    PARAMETER_VALUE(0.275)),.T.,.PARAMETER.);
#8678 = LINE('',#8679,#8680);
#8679 = CARTESIAN_POINT('',(-1.5,1.375,1.E-01));
#8680 = VECTOR('',#8681,1.);
#8681 = DIRECTION('',(1.,0.,0.));
#8682 = CARTESIAN_POINT('',(-1.5,1.375,1.E-01));
#8683 = CARTESIAN_POINT('',(-1.225,1.375,1.E-01));
#8684 = GEOMETRIC_CURVE_SET('',(#8685));
#8685 = TRIMMED_CURVE('',#8686,(#8690,PARAMETER_VALUE(0.)),(#8691,
    PARAMETER_VALUE(0.1)),.T.,.PARAMETER.);
#8686 = LINE('',#8687,#8688);
#8687 = CARTESIAN_POINT('',(-1.5,1.375,-3.053113317719E-16));
#8688 = VECTOR('',#8689,1.);
#8689 = DIRECTION('',(0.,2.22044604925E-16,1.));
#8690 = CARTESIAN_POINT('',(-1.5,1.375,-3.053113317719E-16));
#8691 = CARTESIAN_POINT('',(-1.5,1.375,1.E-01));
#8692 = GEOMETRIC_CURVE_SET('',(#8693));
#8693 = TRIMMED_CURVE('',#8694,(#8698,PARAMETER_VALUE(0.)),(#8699,
    PARAMETER_VALUE(0.1)),.T.,.PARAMETER.);
#8694 = LINE('',#8695,#8696);
#8695 = CARTESIAN_POINT('',(-1.225,1.375,-3.053113317719E-16));
#8696 = VECTOR('',#8697,1.);
#8697 = DIRECTION('',(0.,2.22044604925E-16,1.));
#8698 = CARTESIAN_POINT('',(-1.225,1.375,-3.053113317719E-16));
#8699 = CARTESIAN_POINT('',(-1.225,1.375,1.E-01));
#8700 = GEOMETRIC_CURVE_SET('',(#8701));
#8701 = TRIMMED_CURVE('',#8702,(#8707,PARAMETER_VALUE(0.)),(#8708,
    PARAMETER_VALUE(3.14159265359)),.T.,.PARAMETER.);
#8702 = CIRCLE('',#8703,0.125);
#8703 = AXIS2_PLACEMENT_3D('',#8704,#8705,#8706);
#8704 = CARTESIAN_POINT('',(-1.225,1.25,1.E-01));
#8705 = DIRECTION('',(0.,-2.22044604925E-16,-1.));
#8706 = DIRECTION('',(0.,1.,-2.22044604925E-16));
#8707 = CARTESIAN_POINT('',(-1.225,1.375,1.E-01));
#8708 = CARTESIAN_POINT('',(-1.225,1.125,1.E-01));
#8709 = GEOMETRIC_CURVE_SET('',(#8710));
#8710 = TRIMMED_CURVE('',#8711,(#8715,PARAMETER_VALUE(0.)),(#8716,
    PARAMETER_VALUE(0.1)),.T.,.PARAMETER.);
#8711 = LINE('',#8712,#8713);
#8712 = CARTESIAN_POINT('',(-1.225,1.125,-2.498001805407E-16));
#8713 = VECTOR('',#8714,1.);
#8714 = DIRECTION('',(0.,2.22044604925E-16,1.));
#8715 = CARTESIAN_POINT('',(-1.225,1.125,-2.498001805407E-16));
#8716 = CARTESIAN_POINT('',(-1.225,1.125,1.E-01));
#8717 = GEOMETRIC_CURVE_SET('',(#8718));
#8718 = TRIMMED_CURVE('',#8719,(#8724,PARAMETER_VALUE(0.)),(#8725,
    PARAMETER_VALUE(3.14159265359)),.T.,.PARAMETER.);
#8719 = CIRCLE('',#8720,0.125);
#8720 = AXIS2_PLACEMENT_3D('',#8721,#8722,#8723);
#8721 = CARTESIAN_POINT('',(-1.225,1.25,-2.775557561563E-16));
#8722 = DIRECTION('',(0.,-2.22044604925E-16,-1.));
#8723 = DIRECTION('',(0.,1.,-2.22044604925E-16));
#8724 = CARTESIAN_POINT('',(-1.225,1.375,-3.053113317719E-16));
#8725 = CARTESIAN_POINT('',(-1.225,1.125,-2.498001805407E-16));
#8726 = GEOMETRIC_CURVE_SET('',(#8727));
#8727 = TRIMMED_CURVE('',#8728,(#8732,PARAMETER_VALUE(0.)),(#8733,
    PARAMETER_VALUE(0.275)),.T.,.PARAMETER.);
#8728 = LINE('',#8729,#8730);
#8729 = CARTESIAN_POINT('',(-1.225,1.125,-2.498001805407E-16));
#8730 = VECTOR('',#8731,1.);
#8731 = DIRECTION('',(-1.,0.,0.));
#8732 = CARTESIAN_POINT('',(-1.225,1.125,-2.498001805407E-16));
#8733 = CARTESIAN_POINT('',(-1.5,1.125,-2.498001805407E-16));
#8734 = GEOMETRIC_CURVE_SET('',(#8735));
#8735 = TRIMMED_CURVE('',#8736,(#8740,PARAMETER_VALUE(0.)),(#8741,
    PARAMETER_VALUE(0.1)),.T.,.PARAMETER.);
#8736 = LINE('',#8737,#8738);
#8737 = CARTESIAN_POINT('',(-1.5,1.125,-2.498001805407E-16));
#8738 = VECTOR('',#8739,1.);
#8739 = DIRECTION('',(0.,2.22044604925E-16,1.));
#8740 = CARTESIAN_POINT('',(-1.5,1.125,-2.498001805407E-16));
#8741 = CARTESIAN_POINT('',(-1.5,1.125,1.E-01));
#8742 = GEOMETRIC_CURVE_SET('',(#8743));
#8743 = TRIMMED_CURVE('',#8744,(#8748,PARAMETER_VALUE(0.)),(#8749,
    PARAMETER_VALUE(0.275)),.T.,.PARAMETER.);
#8744 = LINE('',#8745,#8746);
#8745 = CARTESIAN_POINT('',(-1.225,1.125,1.E-01));
#8746 = VECTOR('',#8747,1.);
#8747 = DIRECTION('',(-1.,0.,0.));
#8748 = CARTESIAN_POINT('',(-1.225,1.125,1.E-01));
#8749 = CARTESIAN_POINT('',(-1.5,1.125,1.E-01));
#8750 = GEOMETRIC_CURVE_SET('',(#8751));
#8751 = TRIMMED_CURVE('',#8752,(#8756,PARAMETER_VALUE(0.)),(#8757,
    PARAMETER_VALUE(0.1)),.T.,.PARAMETER.);
#8752 = LINE('',#8753,#8754);
#8753 = CARTESIAN_POINT('',(-1.225,1.125,-2.498001805407E-16));
#8754 = VECTOR('',#8755,1.);
#8755 = DIRECTION('',(0.,2.22044604925E-16,1.));
#8756 = CARTESIAN_POINT('',(-1.225,1.125,-2.498001805407E-16));
#8757 = CARTESIAN_POINT('',(-1.225,1.125,1.E-01));
#8758 = GEOMETRIC_CURVE_SET('',(#8759));
#8759 = TRIMMED_CURVE('',#8760,(#8764,PARAMETER_VALUE(0.)),(#8765,
    PARAMETER_VALUE(0.25)),.T.,.PARAMETER.);
#8760 = LINE('',#8761,#8762);
#8761 = CARTESIAN_POINT('',(-1.5,1.125,-2.498001805407E-16));
#8762 = VECTOR('',#8763,1.);
#8763 = DIRECTION('',(0.,1.,-2.22044604925E-16));
#8764 = CARTESIAN_POINT('',(-1.5,1.125,-2.498001805407E-16));
#8765 = CARTESIAN_POINT('',(-1.5,1.375,-3.053113317719E-16));
#8766 = GEOMETRIC_CURVE_SET('',(#8767));
#8767 = TRIMMED_CURVE('',#8768,(#8772,PARAMETER_VALUE(0.)),(#8773,
    PARAMETER_VALUE(0.1)),.T.,.PARAMETER.);
#8768 = LINE('',#8769,#8770);
#8769 = CARTESIAN_POINT('',(-1.5,1.375,-3.053113317719E-16));
#8770 = VECTOR('',#8771,1.);
#8771 = DIRECTION('',(0.,2.22044604925E-16,1.));
#8772 = CARTESIAN_POINT('',(-1.5,1.375,-3.053113317719E-16));
#8773 = CARTESIAN_POINT('',(-1.5,1.375,1.E-01));
#8774 = GEOMETRIC_CURVE_SET('',(#8775));
#8775 = TRIMMED_CURVE('',#8776,(#8780,PARAMETER_VALUE(0.)),(#8781,
    PARAMETER_VALUE(0.25)),.T.,.PARAMETER.);
#8776 = LINE('',#8777,#8778);
#8777 = CARTESIAN_POINT('',(-1.5,1.125,1.E-01));
#8778 = VECTOR('',#8779,1.);
#8779 = DIRECTION('',(0.,1.,-2.22044604925E-16));
#8780 = CARTESIAN_POINT('',(-1.5,1.125,1.E-01));
#8781 = CARTESIAN_POINT('',(-1.5,1.375,1.E-01));
#8782 = GEOMETRIC_CURVE_SET('',(#8783));
#8783 = TRIMMED_CURVE('',#8784,(#8788,PARAMETER_VALUE(0.)),(#8789,
    PARAMETER_VALUE(0.1)),.T.,.PARAMETER.);
#8784 = LINE('',#8785,#8786);
#8785 = CARTESIAN_POINT('',(-1.5,1.125,-2.498001805407E-16));
#8786 = VECTOR('',#8787,1.);
#8787 = DIRECTION('',(0.,2.22044604925E-16,1.));
#8788 = CARTESIAN_POINT('',(-1.5,1.125,-2.498001805407E-16));
#8789 = CARTESIAN_POINT('',(-1.5,1.125,1.E-01));
#8790 = GEOMETRIC_CURVE_SET('',(#8791));
#8791 = TRIMMED_CURVE('',#8792,(#8796,PARAMETER_VALUE(0.)),(#8797,
    PARAMETER_VALUE(0.275)),.T.,.PARAMETER.);
#8792 = LINE('',#8793,#8794);
#8793 = CARTESIAN_POINT('',(-1.5,1.375,1.E-01));
#8794 = VECTOR('',#8795,1.);
#8795 = DIRECTION('',(1.,0.,0.));
#8796 = CARTESIAN_POINT('',(-1.5,1.375,1.E-01));
#8797 = CARTESIAN_POINT('',(-1.225,1.375,1.E-01));
#8798 = GEOMETRIC_CURVE_SET('',(#8799));
#8799 = TRIMMED_CURVE('',#8800,(#8805,PARAMETER_VALUE(0.)),(#8806,
    PARAMETER_VALUE(3.14159265359)),.T.,.PARAMETER.);
#8800 = CIRCLE('',#8801,0.125);
#8801 = AXIS2_PLACEMENT_3D('',#8802,#8803,#8804);
#8802 = CARTESIAN_POINT('',(-1.225,1.25,1.E-01));
#8803 = DIRECTION('',(0.,-2.22044604925E-16,-1.));
#8804 = DIRECTION('',(0.,1.,-2.22044604925E-16));
#8805 = CARTESIAN_POINT('',(-1.225,1.375,1.E-01));
#8806 = CARTESIAN_POINT('',(-1.225,1.125,1.E-01));
#8807 = GEOMETRIC_CURVE_SET('',(#8808));
#8808 = TRIMMED_CURVE('',#8809,(#8813,PARAMETER_VALUE(0.)),(#8814,
    PARAMETER_VALUE(0.275)),.T.,.PARAMETER.);
#8809 = LINE('',#8810,#8811);
#8810 = CARTESIAN_POINT('',(-1.225,1.125,1.E-01));
#8811 = VECTOR('',#8812,1.);
#8812 = DIRECTION('',(-1.,0.,0.));
#8813 = CARTESIAN_POINT('',(-1.225,1.125,1.E-01));
#8814 = CARTESIAN_POINT('',(-1.5,1.125,1.E-01));
#8815 = GEOMETRIC_CURVE_SET('',(#8816));
#8816 = TRIMMED_CURVE('',#8817,(#8821,PARAMETER_VALUE(0.)),(#8822,
    PARAMETER_VALUE(0.25)),.T.,.PARAMETER.);
#8817 = LINE('',#8818,#8819);
#8818 = CARTESIAN_POINT('',(-1.5,1.125,1.E-01));
#8819 = VECTOR('',#8820,1.);
#8820 = DIRECTION('',(0.,1.,-2.22044604925E-16));
#8821 = CARTESIAN_POINT('',(-1.5,1.125,1.E-01));
#8822 = CARTESIAN_POINT('',(-1.5,1.375,1.E-01));
#8823 = ( GEOMETRIC_REPRESENTATION_CONTEXT(3) 
GLOBAL_UNCERTAINTY_ASSIGNED_CONTEXT((#8827)) 
GLOBAL_UNIT_ASSIGNED_CONTEXT((#8824,#8825,#8826)) REPRESENTATION_CONTEXT
('Context #1','3D Context with UNIT and UNCERTAINTY') );
#8824 = ( LENGTH_UNIT() NAMED_UNIT(*) SI_UNIT(.MILLI.,.METRE.) );
#8825 = ( NAMED_UNIT(*) PLANE_ANGLE_UNIT() SI_UNIT($,.RADIAN.) );
#8826 = ( NAMED_UNIT(*) SI_UNIT($,.STERADIAN.) SOLID_ANGLE_UNIT() );
#8827 = UNCERTAINTY_MEASURE_WITH_UNIT(LENGTH_MEASURE(1.E-07),#8824,
  'distance_accuracy_value','confusion accuracy');
#8828 = PRODUCT_RELATED_PRODUCT_CATEGORY('part',$,(#7));
#8829 = MECHANICAL_DESIGN_GEOMETRIC_PRESENTATION_REPRESENTATION('',(
    #8830,#8838,#8845,#8852,#8859,#8866,#8873,#8880,#8887,#8894,#8901,
    #8908,#8915,#8922,#8929,#8936,#8943,#8950,#8957,#8964,#8971,#8978,
    #8985,#8992,#8999,#9006,#9013,#9020,#9027,#9034,#9041,#9048,#9055,
    #9062,#9069,#9076,#9083,#9090,#9097,#9104,#9111,#9118,#9125,#9132,
    #9139,#9146,#9153,#9160,#9167,#9174,#9181,#9188,#9195,#9202,#9209,
    #9216,#9223,#9230,#9237,#9244,#9251,#9258,#9265,#9272,#9279,#9286,
    #9293,#9300,#9307,#9314,#9321,#9328,#9335,#9342,#9349,#9356,#9363,
    #9370,#9378,#9385,#9392,#9399,#9406,#9413,#9420,#9427,#9434,#9441,
    #9448,#9455,#9462,#9469,#9476,#9483,#9490,#9497,#9504,#9511,#9518,
    #9525,#9532,#9539,#9547,#9554,#9561,#9568,#9576,#9583,#9590,#9597,
    #9604,#9611,#9618,#9625,#9632,#9639,#9646,#9653,#9660,#9667,#9674,
    #9681,#9688,#9695,#9702,#9709,#9716,#9723,#9730,#9737,#9744,#9751,
    #9758,#9765,#9772,#9779,#9786,#9793,#9800,#9807,#9814,#9821,#9828,
    #9835,#9842,#9849,#9856,#9863,#9870,#9877,#9884,#9891,#9898,#9905,
    #9912,#9919,#9926,#9933,#9940,#9947,#9954,#9961,#9968,#9975,#9982,
    #9989,#9996,#10003,#10010,#10017,#10024,#10031,#10038,#10045,#10052,
    #10059,#10066),#8823);
#8830 = STYLED_ITEM('color',(#8831),#17);
#8831 = PRESENTATION_STYLE_ASSIGNMENT((#8832));
#8832 = SURFACE_STYLE_USAGE(.BOTH.,#8833);
#8833 = SURFACE_SIDE_STYLE('',(#8834));
#8834 = SURFACE_STYLE_FILL_AREA(#8835);
#8835 = FILL_AREA_STYLE('',(#8836));
#8836 = FILL_AREA_STYLE_COLOUR('',#8837);
#8837 = COLOUR_RGB('',0.274509996176,0.274509996176,0.274509996176);
#8838 = STYLED_ITEM('color',(#8839),#495);
#8839 = PRESENTATION_STYLE_ASSIGNMENT((#8840));
#8840 = SURFACE_STYLE_USAGE(.BOTH.,#8841);
#8841 = SURFACE_SIDE_STYLE('',(#8842));
#8842 = SURFACE_STYLE_FILL_AREA(#8843);
#8843 = FILL_AREA_STYLE('',(#8844));
#8844 = FILL_AREA_STYLE_COLOUR('',#8837);
#8845 = STYLED_ITEM('color',(#8846),#526);
#8846 = PRESENTATION_STYLE_ASSIGNMENT((#8847));
#8847 = SURFACE_STYLE_USAGE(.BOTH.,#8848);
#8848 = SURFACE_SIDE_STYLE('',(#8849));
#8849 = SURFACE_STYLE_FILL_AREA(#8850);
#8850 = FILL_AREA_STYLE('',(#8851));
#8851 = FILL_AREA_STYLE_COLOUR('',#8837);
#8852 = STYLED_ITEM('color',(#8853),#550);
#8853 = PRESENTATION_STYLE_ASSIGNMENT((#8854));
#8854 = SURFACE_STYLE_USAGE(.BOTH.,#8855);
#8855 = SURFACE_SIDE_STYLE('',(#8856));
#8856 = SURFACE_STYLE_FILL_AREA(#8857);
#8857 = FILL_AREA_STYLE('',(#8858));
#8858 = FILL_AREA_STYLE_COLOUR('',#8837);
#8859 = STYLED_ITEM('color',(#8860),#574);
#8860 = PRESENTATION_STYLE_ASSIGNMENT((#8861));
#8861 = SURFACE_STYLE_USAGE(.BOTH.,#8862);
#8862 = SURFACE_SIDE_STYLE('',(#8863));
#8863 = SURFACE_STYLE_FILL_AREA(#8864);
#8864 = FILL_AREA_STYLE('',(#8865));
#8865 = FILL_AREA_STYLE_COLOUR('',#8837);
#8866 = STYLED_ITEM('color',(#8867),#598);
#8867 = PRESENTATION_STYLE_ASSIGNMENT((#8868));
#8868 = SURFACE_STYLE_USAGE(.BOTH.,#8869);
#8869 = SURFACE_SIDE_STYLE('',(#8870));
#8870 = SURFACE_STYLE_FILL_AREA(#8871);
#8871 = FILL_AREA_STYLE('',(#8872));
#8872 = FILL_AREA_STYLE_COLOUR('',#8837);
#8873 = STYLED_ITEM('color',(#8874),#615);
#8874 = PRESENTATION_STYLE_ASSIGNMENT((#8875));
#8875 = SURFACE_STYLE_USAGE(.BOTH.,#8876);
#8876 = SURFACE_SIDE_STYLE('',(#8877));
#8877 = SURFACE_STYLE_FILL_AREA(#8878);
#8878 = FILL_AREA_STYLE('',(#8879));
#8879 = FILL_AREA_STYLE_COLOUR('',#8837);
#8880 = STYLED_ITEM('color',(#8881),#790);
#8881 = PRESENTATION_STYLE_ASSIGNMENT((#8882));
#8882 = SURFACE_STYLE_USAGE(.BOTH.,#8883);
#8883 = SURFACE_SIDE_STYLE('',(#8884));
#8884 = SURFACE_STYLE_FILL_AREA(#8885);
#8885 = FILL_AREA_STYLE('',(#8886));
#8886 = FILL_AREA_STYLE_COLOUR('',#8837);
#8887 = STYLED_ITEM('color',(#8888),#821);
#8888 = PRESENTATION_STYLE_ASSIGNMENT((#8889));
#8889 = SURFACE_STYLE_USAGE(.BOTH.,#8890);
#8890 = SURFACE_SIDE_STYLE('',(#8891));
#8891 = SURFACE_STYLE_FILL_AREA(#8892);
#8892 = FILL_AREA_STYLE('',(#8893));
#8893 = FILL_AREA_STYLE_COLOUR('',#8837);
#8894 = STYLED_ITEM('color',(#8895),#895);
#8895 = PRESENTATION_STYLE_ASSIGNMENT((#8896));
#8896 = SURFACE_STYLE_USAGE(.BOTH.,#8897);
#8897 = SURFACE_SIDE_STYLE('',(#8898));
#8898 = SURFACE_STYLE_FILL_AREA(#8899);
#8899 = FILL_AREA_STYLE('',(#8900));
#8900 = FILL_AREA_STYLE_COLOUR('',#8837);
#8901 = STYLED_ITEM('color',(#8902),#1057);
#8902 = PRESENTATION_STYLE_ASSIGNMENT((#8903));
#8903 = SURFACE_STYLE_USAGE(.BOTH.,#8904);
#8904 = SURFACE_SIDE_STYLE('',(#8905));
#8905 = SURFACE_STYLE_FILL_AREA(#8906);
#8906 = FILL_AREA_STYLE('',(#8907));
#8907 = FILL_AREA_STYLE_COLOUR('',#8837);
#8908 = STYLED_ITEM('color',(#8909),#1081);
#8909 = PRESENTATION_STYLE_ASSIGNMENT((#8910));
#8910 = SURFACE_STYLE_USAGE(.BOTH.,#8911);
#8911 = SURFACE_SIDE_STYLE('',(#8912));
#8912 = SURFACE_STYLE_FILL_AREA(#8913);
#8913 = FILL_AREA_STYLE('',(#8914));
#8914 = FILL_AREA_STYLE_COLOUR('',#8837);
#8915 = STYLED_ITEM('color',(#8916),#1106);
#8916 = PRESENTATION_STYLE_ASSIGNMENT((#8917));
#8917 = SURFACE_STYLE_USAGE(.BOTH.,#8918);
#8918 = SURFACE_SIDE_STYLE('',(#8919));
#8919 = SURFACE_STYLE_FILL_AREA(#8920);
#8920 = FILL_AREA_STYLE('',(#8921));
#8921 = FILL_AREA_STYLE_COLOUR('',#8837);
#8922 = STYLED_ITEM('color',(#8923),#1123);
#8923 = PRESENTATION_STYLE_ASSIGNMENT((#8924));
#8924 = SURFACE_STYLE_USAGE(.BOTH.,#8925);
#8925 = SURFACE_SIDE_STYLE('',(#8926));
#8926 = SURFACE_STYLE_FILL_AREA(#8927);
#8927 = FILL_AREA_STYLE('',(#8928));
#8928 = FILL_AREA_STYLE_COLOUR('',#8837);
#8929 = STYLED_ITEM('color',(#8930),#1135);
#8930 = PRESENTATION_STYLE_ASSIGNMENT((#8931));
#8931 = SURFACE_STYLE_USAGE(.BOTH.,#8932);
#8932 = SURFACE_SIDE_STYLE('',(#8933));
#8933 = SURFACE_STYLE_FILL_AREA(#8934);
#8934 = FILL_AREA_STYLE('',(#8935));
#8935 = FILL_AREA_STYLE_COLOUR('',#8837);
#8936 = STYLED_ITEM('color',(#8937),#1159);
#8937 = PRESENTATION_STYLE_ASSIGNMENT((#8938));
#8938 = SURFACE_STYLE_USAGE(.BOTH.,#8939);
#8939 = SURFACE_SIDE_STYLE('',(#8940));
#8940 = SURFACE_STYLE_FILL_AREA(#8941);
#8941 = FILL_AREA_STYLE('',(#8942));
#8942 = FILL_AREA_STYLE_COLOUR('',#8837);
#8943 = STYLED_ITEM('color',(#8944),#1184);
#8944 = PRESENTATION_STYLE_ASSIGNMENT((#8945));
#8945 = SURFACE_STYLE_USAGE(.BOTH.,#8946);
#8946 = SURFACE_SIDE_STYLE('',(#8947));
#8947 = SURFACE_STYLE_FILL_AREA(#8948);
#8948 = FILL_AREA_STYLE('',(#8949));
#8949 = FILL_AREA_STYLE_COLOUR('',#8837);
#8950 = STYLED_ITEM('color',(#8951),#1201);
#8951 = PRESENTATION_STYLE_ASSIGNMENT((#8952));
#8952 = SURFACE_STYLE_USAGE(.BOTH.,#8953);
#8953 = SURFACE_SIDE_STYLE('',(#8954));
#8954 = SURFACE_STYLE_FILL_AREA(#8955);
#8955 = FILL_AREA_STYLE('',(#8956));
#8956 = FILL_AREA_STYLE_COLOUR('',#8837);
#8957 = STYLED_ITEM('color',(#8958),#1213);
#8958 = PRESENTATION_STYLE_ASSIGNMENT((#8959));
#8959 = SURFACE_STYLE_USAGE(.BOTH.,#8960);
#8960 = SURFACE_SIDE_STYLE('',(#8961));
#8961 = SURFACE_STYLE_FILL_AREA(#8962);
#8962 = FILL_AREA_STYLE('',(#8963));
#8963 = FILL_AREA_STYLE_COLOUR('',#8837);
#8964 = STYLED_ITEM('color',(#8965),#1237);
#8965 = PRESENTATION_STYLE_ASSIGNMENT((#8966));
#8966 = SURFACE_STYLE_USAGE(.BOTH.,#8967);
#8967 = SURFACE_SIDE_STYLE('',(#8968));
#8968 = SURFACE_STYLE_FILL_AREA(#8969);
#8969 = FILL_AREA_STYLE('',(#8970));
#8970 = FILL_AREA_STYLE_COLOUR('',#8837);
#8971 = STYLED_ITEM('color',(#8972),#1262);
#8972 = PRESENTATION_STYLE_ASSIGNMENT((#8973));
#8973 = SURFACE_STYLE_USAGE(.BOTH.,#8974);
#8974 = SURFACE_SIDE_STYLE('',(#8975));
#8975 = SURFACE_STYLE_FILL_AREA(#8976);
#8976 = FILL_AREA_STYLE('',(#8977));
#8977 = FILL_AREA_STYLE_COLOUR('',#8837);
#8978 = STYLED_ITEM('color',(#8979),#1279);
#8979 = PRESENTATION_STYLE_ASSIGNMENT((#8980));
#8980 = SURFACE_STYLE_USAGE(.BOTH.,#8981);
#8981 = SURFACE_SIDE_STYLE('',(#8982));
#8982 = SURFACE_STYLE_FILL_AREA(#8983);
#8983 = FILL_AREA_STYLE('',(#8984));
#8984 = FILL_AREA_STYLE_COLOUR('',#8837);
#8985 = STYLED_ITEM('color',(#8986),#1291);
#8986 = PRESENTATION_STYLE_ASSIGNMENT((#8987));
#8987 = SURFACE_STYLE_USAGE(.BOTH.,#8988);
#8988 = SURFACE_SIDE_STYLE('',(#8989));
#8989 = SURFACE_STYLE_FILL_AREA(#8990);
#8990 = FILL_AREA_STYLE('',(#8991));
#8991 = FILL_AREA_STYLE_COLOUR('',#8837);
#8992 = STYLED_ITEM('color',(#8993),#1315);
#8993 = PRESENTATION_STYLE_ASSIGNMENT((#8994));
#8994 = SURFACE_STYLE_USAGE(.BOTH.,#8995);
#8995 = SURFACE_SIDE_STYLE('',(#8996));
#8996 = SURFACE_STYLE_FILL_AREA(#8997);
#8997 = FILL_AREA_STYLE('',(#8998));
#8998 = FILL_AREA_STYLE_COLOUR('',#8837);
#8999 = STYLED_ITEM('color',(#9000),#1340);
#9000 = PRESENTATION_STYLE_ASSIGNMENT((#9001));
#9001 = SURFACE_STYLE_USAGE(.BOTH.,#9002);
#9002 = SURFACE_SIDE_STYLE('',(#9003));
#9003 = SURFACE_STYLE_FILL_AREA(#9004);
#9004 = FILL_AREA_STYLE('',(#9005));
#9005 = FILL_AREA_STYLE_COLOUR('',#8837);
#9006 = STYLED_ITEM('color',(#9007),#1357);
#9007 = PRESENTATION_STYLE_ASSIGNMENT((#9008));
#9008 = SURFACE_STYLE_USAGE(.BOTH.,#9009);
#9009 = SURFACE_SIDE_STYLE('',(#9010));
#9010 = SURFACE_STYLE_FILL_AREA(#9011);
#9011 = FILL_AREA_STYLE('',(#9012));
#9012 = FILL_AREA_STYLE_COLOUR('',#8837);
#9013 = STYLED_ITEM('color',(#9014),#1369);
#9014 = PRESENTATION_STYLE_ASSIGNMENT((#9015));
#9015 = SURFACE_STYLE_USAGE(.BOTH.,#9016);
#9016 = SURFACE_SIDE_STYLE('',(#9017));
#9017 = SURFACE_STYLE_FILL_AREA(#9018);
#9018 = FILL_AREA_STYLE('',(#9019));
#9019 = FILL_AREA_STYLE_COLOUR('',#8837);
#9020 = STYLED_ITEM('color',(#9021),#1393);
#9021 = PRESENTATION_STYLE_ASSIGNMENT((#9022));
#9022 = SURFACE_STYLE_USAGE(.BOTH.,#9023);
#9023 = SURFACE_SIDE_STYLE('',(#9024));
#9024 = SURFACE_STYLE_FILL_AREA(#9025);
#9025 = FILL_AREA_STYLE('',(#9026));
#9026 = FILL_AREA_STYLE_COLOUR('',#8837);
#9027 = STYLED_ITEM('color',(#9028),#1418);
#9028 = PRESENTATION_STYLE_ASSIGNMENT((#9029));
#9029 = SURFACE_STYLE_USAGE(.BOTH.,#9030);
#9030 = SURFACE_SIDE_STYLE('',(#9031));
#9031 = SURFACE_STYLE_FILL_AREA(#9032);
#9032 = FILL_AREA_STYLE('',(#9033));
#9033 = FILL_AREA_STYLE_COLOUR('',#8837);
#9034 = STYLED_ITEM('color',(#9035),#1435);
#9035 = PRESENTATION_STYLE_ASSIGNMENT((#9036));
#9036 = SURFACE_STYLE_USAGE(.BOTH.,#9037);
#9037 = SURFACE_SIDE_STYLE('',(#9038));
#9038 = SURFACE_STYLE_FILL_AREA(#9039);
#9039 = FILL_AREA_STYLE('',(#9040));
#9040 = FILL_AREA_STYLE_COLOUR('',#8837);
#9041 = STYLED_ITEM('color',(#9042),#1447);
#9042 = PRESENTATION_STYLE_ASSIGNMENT((#9043));
#9043 = SURFACE_STYLE_USAGE(.BOTH.,#9044);
#9044 = SURFACE_SIDE_STYLE('',(#9045));
#9045 = SURFACE_STYLE_FILL_AREA(#9046);
#9046 = FILL_AREA_STYLE('',(#9047));
#9047 = FILL_AREA_STYLE_COLOUR('',#8837);
#9048 = STYLED_ITEM('color',(#9049),#1471);
#9049 = PRESENTATION_STYLE_ASSIGNMENT((#9050));
#9050 = SURFACE_STYLE_USAGE(.BOTH.,#9051);
#9051 = SURFACE_SIDE_STYLE('',(#9052));
#9052 = SURFACE_STYLE_FILL_AREA(#9053);
#9053 = FILL_AREA_STYLE('',(#9054));
#9054 = FILL_AREA_STYLE_COLOUR('',#8837);
#9055 = STYLED_ITEM('color',(#9056),#1496);
#9056 = PRESENTATION_STYLE_ASSIGNMENT((#9057));
#9057 = SURFACE_STYLE_USAGE(.BOTH.,#9058);
#9058 = SURFACE_SIDE_STYLE('',(#9059));
#9059 = SURFACE_STYLE_FILL_AREA(#9060);
#9060 = FILL_AREA_STYLE('',(#9061));
#9061 = FILL_AREA_STYLE_COLOUR('',#8837);
#9062 = STYLED_ITEM('color',(#9063),#1513);
#9063 = PRESENTATION_STYLE_ASSIGNMENT((#9064));
#9064 = SURFACE_STYLE_USAGE(.BOTH.,#9065);
#9065 = SURFACE_SIDE_STYLE('',(#9066));
#9066 = SURFACE_STYLE_FILL_AREA(#9067);
#9067 = FILL_AREA_STYLE('',(#9068));
#9068 = FILL_AREA_STYLE_COLOUR('',#8837);
#9069 = STYLED_ITEM('color',(#9070),#1525);
#9070 = PRESENTATION_STYLE_ASSIGNMENT((#9071));
#9071 = SURFACE_STYLE_USAGE(.BOTH.,#9072);
#9072 = SURFACE_SIDE_STYLE('',(#9073));
#9073 = SURFACE_STYLE_FILL_AREA(#9074);
#9074 = FILL_AREA_STYLE('',(#9075));
#9075 = FILL_AREA_STYLE_COLOUR('',#8837);
#9076 = STYLED_ITEM('color',(#9077),#1599);
#9077 = PRESENTATION_STYLE_ASSIGNMENT((#9078));
#9078 = SURFACE_STYLE_USAGE(.BOTH.,#9079);
#9079 = SURFACE_SIDE_STYLE('',(#9080));
#9080 = SURFACE_STYLE_FILL_AREA(#9081);
#9081 = FILL_AREA_STYLE('',(#9082));
#9082 = FILL_AREA_STYLE_COLOUR('',#8837);
#9083 = STYLED_ITEM('color',(#9084),#1754);
#9084 = PRESENTATION_STYLE_ASSIGNMENT((#9085));
#9085 = SURFACE_STYLE_USAGE(.BOTH.,#9086);
#9086 = SURFACE_SIDE_STYLE('',(#9087));
#9087 = SURFACE_STYLE_FILL_AREA(#9088);
#9088 = FILL_AREA_STYLE('',(#9089));
#9089 = FILL_AREA_STYLE_COLOUR('',#8837);
#9090 = STYLED_ITEM('color',(#9091),#1778);
#9091 = PRESENTATION_STYLE_ASSIGNMENT((#9092));
#9092 = SURFACE_STYLE_USAGE(.BOTH.,#9093);
#9093 = SURFACE_SIDE_STYLE('',(#9094));
#9094 = SURFACE_STYLE_FILL_AREA(#9095);
#9095 = FILL_AREA_STYLE('',(#9096));
#9096 = FILL_AREA_STYLE_COLOUR('',#8837);
#9097 = STYLED_ITEM('color',(#9098),#1803);
#9098 = PRESENTATION_STYLE_ASSIGNMENT((#9099));
#9099 = SURFACE_STYLE_USAGE(.BOTH.,#9100);
#9100 = SURFACE_SIDE_STYLE('',(#9101));
#9101 = SURFACE_STYLE_FILL_AREA(#9102);
#9102 = FILL_AREA_STYLE('',(#9103));
#9103 = FILL_AREA_STYLE_COLOUR('',#8837);
#9104 = STYLED_ITEM('color',(#9105),#1820);
#9105 = PRESENTATION_STYLE_ASSIGNMENT((#9106));
#9106 = SURFACE_STYLE_USAGE(.BOTH.,#9107);
#9107 = SURFACE_SIDE_STYLE('',(#9108));
#9108 = SURFACE_STYLE_FILL_AREA(#9109);
#9109 = FILL_AREA_STYLE('',(#9110));
#9110 = FILL_AREA_STYLE_COLOUR('',#8837);
#9111 = STYLED_ITEM('color',(#9112),#1832);
#9112 = PRESENTATION_STYLE_ASSIGNMENT((#9113));
#9113 = SURFACE_STYLE_USAGE(.BOTH.,#9114);
#9114 = SURFACE_SIDE_STYLE('',(#9115));
#9115 = SURFACE_STYLE_FILL_AREA(#9116);
#9116 = FILL_AREA_STYLE('',(#9117));
#9117 = FILL_AREA_STYLE_COLOUR('',#8837);
#9118 = STYLED_ITEM('color',(#9119),#1844);
#9119 = PRESENTATION_STYLE_ASSIGNMENT((#9120));
#9120 = SURFACE_STYLE_USAGE(.BOTH.,#9121);
#9121 = SURFACE_SIDE_STYLE('',(#9122));
#9122 = SURFACE_STYLE_FILL_AREA(#9123);
#9123 = FILL_AREA_STYLE('',(#9124));
#9124 = FILL_AREA_STYLE_COLOUR('',#8837);
#9125 = STYLED_ITEM('color',(#9126),#1868);
#9126 = PRESENTATION_STYLE_ASSIGNMENT((#9127));
#9127 = SURFACE_STYLE_USAGE(.BOTH.,#9128);
#9128 = SURFACE_SIDE_STYLE('',(#9129));
#9129 = SURFACE_STYLE_FILL_AREA(#9130);
#9130 = FILL_AREA_STYLE('',(#9131));
#9131 = FILL_AREA_STYLE_COLOUR('',#8837);
#9132 = STYLED_ITEM('color',(#9133),#1893);
#9133 = PRESENTATION_STYLE_ASSIGNMENT((#9134));
#9134 = SURFACE_STYLE_USAGE(.BOTH.,#9135);
#9135 = SURFACE_SIDE_STYLE('',(#9136));
#9136 = SURFACE_STYLE_FILL_AREA(#9137);
#9137 = FILL_AREA_STYLE('',(#9138));
#9138 = FILL_AREA_STYLE_COLOUR('',#8837);
#9139 = STYLED_ITEM('color',(#9140),#1910);
#9140 = PRESENTATION_STYLE_ASSIGNMENT((#9141));
#9141 = SURFACE_STYLE_USAGE(.BOTH.,#9142);
#9142 = SURFACE_SIDE_STYLE('',(#9143));
#9143 = SURFACE_STYLE_FILL_AREA(#9144);
#9144 = FILL_AREA_STYLE('',(#9145));
#9145 = FILL_AREA_STYLE_COLOUR('',#8837);
#9146 = STYLED_ITEM('color',(#9147),#1922);
#9147 = PRESENTATION_STYLE_ASSIGNMENT((#9148));
#9148 = SURFACE_STYLE_USAGE(.BOTH.,#9149);
#9149 = SURFACE_SIDE_STYLE('',(#9150));
#9150 = SURFACE_STYLE_FILL_AREA(#9151);
#9151 = FILL_AREA_STYLE('',(#9152));
#9152 = FILL_AREA_STYLE_COLOUR('',#8837);
#9153 = STYLED_ITEM('color',(#9154),#1946);
#9154 = PRESENTATION_STYLE_ASSIGNMENT((#9155));
#9155 = SURFACE_STYLE_USAGE(.BOTH.,#9156);
#9156 = SURFACE_SIDE_STYLE('',(#9157));
#9157 = SURFACE_STYLE_FILL_AREA(#9158);
#9158 = FILL_AREA_STYLE('',(#9159));
#9159 = FILL_AREA_STYLE_COLOUR('',#8837);
#9160 = STYLED_ITEM('color',(#9161),#1971);
#9161 = PRESENTATION_STYLE_ASSIGNMENT((#9162));
#9162 = SURFACE_STYLE_USAGE(.BOTH.,#9163);
#9163 = SURFACE_SIDE_STYLE('',(#9164));
#9164 = SURFACE_STYLE_FILL_AREA(#9165);
#9165 = FILL_AREA_STYLE('',(#9166));
#9166 = FILL_AREA_STYLE_COLOUR('',#8837);
#9167 = STYLED_ITEM('color',(#9168),#1988);
#9168 = PRESENTATION_STYLE_ASSIGNMENT((#9169));
#9169 = SURFACE_STYLE_USAGE(.BOTH.,#9170);
#9170 = SURFACE_SIDE_STYLE('',(#9171));
#9171 = SURFACE_STYLE_FILL_AREA(#9172);
#9172 = FILL_AREA_STYLE('',(#9173));
#9173 = FILL_AREA_STYLE_COLOUR('',#8837);
#9174 = STYLED_ITEM('color',(#9175),#2000);
#9175 = PRESENTATION_STYLE_ASSIGNMENT((#9176));
#9176 = SURFACE_STYLE_USAGE(.BOTH.,#9177);
#9177 = SURFACE_SIDE_STYLE('',(#9178));
#9178 = SURFACE_STYLE_FILL_AREA(#9179);
#9179 = FILL_AREA_STYLE('',(#9180));
#9180 = FILL_AREA_STYLE_COLOUR('',#8837);
#9181 = STYLED_ITEM('color',(#9182),#2024);
#9182 = PRESENTATION_STYLE_ASSIGNMENT((#9183));
#9183 = SURFACE_STYLE_USAGE(.BOTH.,#9184);
#9184 = SURFACE_SIDE_STYLE('',(#9185));
#9185 = SURFACE_STYLE_FILL_AREA(#9186);
#9186 = FILL_AREA_STYLE('',(#9187));
#9187 = FILL_AREA_STYLE_COLOUR('',#8837);
#9188 = STYLED_ITEM('color',(#9189),#2049);
#9189 = PRESENTATION_STYLE_ASSIGNMENT((#9190));
#9190 = SURFACE_STYLE_USAGE(.BOTH.,#9191);
#9191 = SURFACE_SIDE_STYLE('',(#9192));
#9192 = SURFACE_STYLE_FILL_AREA(#9193);
#9193 = FILL_AREA_STYLE('',(#9194));
#9194 = FILL_AREA_STYLE_COLOUR('',#8837);
#9195 = STYLED_ITEM('color',(#9196),#2066);
#9196 = PRESENTATION_STYLE_ASSIGNMENT((#9197));
#9197 = SURFACE_STYLE_USAGE(.BOTH.,#9198);
#9198 = SURFACE_SIDE_STYLE('',(#9199));
#9199 = SURFACE_STYLE_FILL_AREA(#9200);
#9200 = FILL_AREA_STYLE('',(#9201));
#9201 = FILL_AREA_STYLE_COLOUR('',#8837);
#9202 = STYLED_ITEM('color',(#9203),#2078);
#9203 = PRESENTATION_STYLE_ASSIGNMENT((#9204));
#9204 = SURFACE_STYLE_USAGE(.BOTH.,#9205);
#9205 = SURFACE_SIDE_STYLE('',(#9206));
#9206 = SURFACE_STYLE_FILL_AREA(#9207);
#9207 = FILL_AREA_STYLE('',(#9208));
#9208 = FILL_AREA_STYLE_COLOUR('',#8837);
#9209 = STYLED_ITEM('color',(#9210),#2102);
#9210 = PRESENTATION_STYLE_ASSIGNMENT((#9211));
#9211 = SURFACE_STYLE_USAGE(.BOTH.,#9212);
#9212 = SURFACE_SIDE_STYLE('',(#9213));
#9213 = SURFACE_STYLE_FILL_AREA(#9214);
#9214 = FILL_AREA_STYLE('',(#9215));
#9215 = FILL_AREA_STYLE_COLOUR('',#8837);
#9216 = STYLED_ITEM('color',(#9217),#2127);
#9217 = PRESENTATION_STYLE_ASSIGNMENT((#9218));
#9218 = SURFACE_STYLE_USAGE(.BOTH.,#9219);
#9219 = SURFACE_SIDE_STYLE('',(#9220));
#9220 = SURFACE_STYLE_FILL_AREA(#9221);
#9221 = FILL_AREA_STYLE('',(#9222));
#9222 = FILL_AREA_STYLE_COLOUR('',#8837);
#9223 = STYLED_ITEM('color',(#9224),#2144);
#9224 = PRESENTATION_STYLE_ASSIGNMENT((#9225));
#9225 = SURFACE_STYLE_USAGE(.BOTH.,#9226);
#9226 = SURFACE_SIDE_STYLE('',(#9227));
#9227 = SURFACE_STYLE_FILL_AREA(#9228);
#9228 = FILL_AREA_STYLE('',(#9229));
#9229 = FILL_AREA_STYLE_COLOUR('',#8837);
#9230 = STYLED_ITEM('color',(#9231),#2156);
#9231 = PRESENTATION_STYLE_ASSIGNMENT((#9232));
#9232 = SURFACE_STYLE_USAGE(.BOTH.,#9233);
#9233 = SURFACE_SIDE_STYLE('',(#9234));
#9234 = SURFACE_STYLE_FILL_AREA(#9235);
#9235 = FILL_AREA_STYLE('',(#9236));
#9236 = FILL_AREA_STYLE_COLOUR('',#8837);
#9237 = STYLED_ITEM('color',(#9238),#2180);
#9238 = PRESENTATION_STYLE_ASSIGNMENT((#9239));
#9239 = SURFACE_STYLE_USAGE(.BOTH.,#9240);
#9240 = SURFACE_SIDE_STYLE('',(#9241));
#9241 = SURFACE_STYLE_FILL_AREA(#9242);
#9242 = FILL_AREA_STYLE('',(#9243));
#9243 = FILL_AREA_STYLE_COLOUR('',#8837);
#9244 = STYLED_ITEM('color',(#9245),#2205);
#9245 = PRESENTATION_STYLE_ASSIGNMENT((#9246));
#9246 = SURFACE_STYLE_USAGE(.BOTH.,#9247);
#9247 = SURFACE_SIDE_STYLE('',(#9248));
#9248 = SURFACE_STYLE_FILL_AREA(#9249);
#9249 = FILL_AREA_STYLE('',(#9250));
#9250 = FILL_AREA_STYLE_COLOUR('',#8837);
#9251 = STYLED_ITEM('color',(#9252),#2222);
#9252 = PRESENTATION_STYLE_ASSIGNMENT((#9253));
#9253 = SURFACE_STYLE_USAGE(.BOTH.,#9254);
#9254 = SURFACE_SIDE_STYLE('',(#9255));
#9255 = SURFACE_STYLE_FILL_AREA(#9256);
#9256 = FILL_AREA_STYLE('',(#9257));
#9257 = FILL_AREA_STYLE_COLOUR('',#8837);
#9258 = STYLED_ITEM('color',(#9259),#2234);
#9259 = PRESENTATION_STYLE_ASSIGNMENT((#9260));
#9260 = SURFACE_STYLE_USAGE(.BOTH.,#9261);
#9261 = SURFACE_SIDE_STYLE('',(#9262));
#9262 = SURFACE_STYLE_FILL_AREA(#9263);
#9263 = FILL_AREA_STYLE('',(#9264));
#9264 = FILL_AREA_STYLE_COLOUR('',#8837);
#9265 = STYLED_ITEM('color',(#9266),#2258);
#9266 = PRESENTATION_STYLE_ASSIGNMENT((#9267));
#9267 = SURFACE_STYLE_USAGE(.BOTH.,#9268);
#9268 = SURFACE_SIDE_STYLE('',(#9269));
#9269 = SURFACE_STYLE_FILL_AREA(#9270);
#9270 = FILL_AREA_STYLE('',(#9271));
#9271 = FILL_AREA_STYLE_COLOUR('',#8837);
#9272 = STYLED_ITEM('color',(#9273),#2282);
#9273 = PRESENTATION_STYLE_ASSIGNMENT((#9274));
#9274 = SURFACE_STYLE_USAGE(.BOTH.,#9275);
#9275 = SURFACE_SIDE_STYLE('',(#9276));
#9276 = SURFACE_STYLE_FILL_AREA(#9277);
#9277 = FILL_AREA_STYLE('',(#9278));
#9278 = FILL_AREA_STYLE_COLOUR('',#8837);
#9279 = STYLED_ITEM('color',(#9280),#2313);
#9280 = PRESENTATION_STYLE_ASSIGNMENT((#9281));
#9281 = SURFACE_STYLE_USAGE(.BOTH.,#9282);
#9282 = SURFACE_SIDE_STYLE('',(#9283));
#9283 = SURFACE_STYLE_FILL_AREA(#9284);
#9284 = FILL_AREA_STYLE('',(#9285));
#9285 = FILL_AREA_STYLE_COLOUR('',#8837);
#9286 = STYLED_ITEM('color',(#9287),#2344);
#9287 = PRESENTATION_STYLE_ASSIGNMENT((#9288));
#9288 = SURFACE_STYLE_USAGE(.BOTH.,#9289);
#9289 = SURFACE_SIDE_STYLE('',(#9290));
#9290 = SURFACE_STYLE_FILL_AREA(#9291);
#9291 = FILL_AREA_STYLE('',(#9292));
#9292 = FILL_AREA_STYLE_COLOUR('',#8837);
#9293 = STYLED_ITEM('color',(#9294),#2368);
#9294 = PRESENTATION_STYLE_ASSIGNMENT((#9295));
#9295 = SURFACE_STYLE_USAGE(.BOTH.,#9296);
#9296 = SURFACE_SIDE_STYLE('',(#9297));
#9297 = SURFACE_STYLE_FILL_AREA(#9298);
#9298 = FILL_AREA_STYLE('',(#9299));
#9299 = FILL_AREA_STYLE_COLOUR('',#8837);
#9300 = STYLED_ITEM('color',(#9301),#2385);
#9301 = PRESENTATION_STYLE_ASSIGNMENT((#9302));
#9302 = SURFACE_STYLE_USAGE(.BOTH.,#9303);
#9303 = SURFACE_SIDE_STYLE('',(#9304));
#9304 = SURFACE_STYLE_FILL_AREA(#9305);
#9305 = FILL_AREA_STYLE('',(#9306));
#9306 = FILL_AREA_STYLE_COLOUR('',#8837);
#9307 = STYLED_ITEM('color',(#9308),#2416);
#9308 = PRESENTATION_STYLE_ASSIGNMENT((#9309));
#9309 = SURFACE_STYLE_USAGE(.BOTH.,#9310);
#9310 = SURFACE_SIDE_STYLE('',(#9311));
#9311 = SURFACE_STYLE_FILL_AREA(#9312);
#9312 = FILL_AREA_STYLE('',(#9313));
#9313 = FILL_AREA_STYLE_COLOUR('',#8837);
#9314 = STYLED_ITEM('color',(#9315),#2447);
#9315 = PRESENTATION_STYLE_ASSIGNMENT((#9316));
#9316 = SURFACE_STYLE_USAGE(.BOTH.,#9317);
#9317 = SURFACE_SIDE_STYLE('',(#9318));
#9318 = SURFACE_STYLE_FILL_AREA(#9319);
#9319 = FILL_AREA_STYLE('',(#9320));
#9320 = FILL_AREA_STYLE_COLOUR('',#8837);
#9321 = STYLED_ITEM('color',(#9322),#2510);
#9322 = PRESENTATION_STYLE_ASSIGNMENT((#9323));
#9323 = SURFACE_STYLE_USAGE(.BOTH.,#9324);
#9324 = SURFACE_SIDE_STYLE('',(#9325));
#9325 = SURFACE_STYLE_FILL_AREA(#9326);
#9326 = FILL_AREA_STYLE('',(#9327));
#9327 = FILL_AREA_STYLE_COLOUR('',#8837);
#9328 = STYLED_ITEM('color',(#9329),#2522);
#9329 = PRESENTATION_STYLE_ASSIGNMENT((#9330));
#9330 = SURFACE_STYLE_USAGE(.BOTH.,#9331);
#9331 = SURFACE_SIDE_STYLE('',(#9332));
#9332 = SURFACE_STYLE_FILL_AREA(#9333);
#9333 = FILL_AREA_STYLE('',(#9334));
#9334 = FILL_AREA_STYLE_COLOUR('',#8837);
#9335 = STYLED_ITEM('color',(#9336),#2534);
#9336 = PRESENTATION_STYLE_ASSIGNMENT((#9337));
#9337 = SURFACE_STYLE_USAGE(.BOTH.,#9338);
#9338 = SURFACE_SIDE_STYLE('',(#9339));
#9339 = SURFACE_STYLE_FILL_AREA(#9340);
#9340 = FILL_AREA_STYLE('',(#9341));
#9341 = FILL_AREA_STYLE_COLOUR('',#8837);
#9342 = STYLED_ITEM('color',(#9343),#2546);
#9343 = PRESENTATION_STYLE_ASSIGNMENT((#9344));
#9344 = SURFACE_STYLE_USAGE(.BOTH.,#9345);
#9345 = SURFACE_SIDE_STYLE('',(#9346));
#9346 = SURFACE_STYLE_FILL_AREA(#9347);
#9347 = FILL_AREA_STYLE('',(#9348));
#9348 = FILL_AREA_STYLE_COLOUR('',#8837);
#9349 = STYLED_ITEM('color',(#9350),#2558);
#9350 = PRESENTATION_STYLE_ASSIGNMENT((#9351));
#9351 = SURFACE_STYLE_USAGE(.BOTH.,#9352);
#9352 = SURFACE_SIDE_STYLE('',(#9353));
#9353 = SURFACE_STYLE_FILL_AREA(#9354);
#9354 = FILL_AREA_STYLE('',(#9355));
#9355 = FILL_AREA_STYLE_COLOUR('',#8837);
#9356 = STYLED_ITEM('color',(#9357),#2570);
#9357 = PRESENTATION_STYLE_ASSIGNMENT((#9358));
#9358 = SURFACE_STYLE_USAGE(.BOTH.,#9359);
#9359 = SURFACE_SIDE_STYLE('',(#9360));
#9360 = SURFACE_STYLE_FILL_AREA(#9361);
#9361 = FILL_AREA_STYLE('',(#9362));
#9362 = FILL_AREA_STYLE_COLOUR('',#8837);
#9363 = STYLED_ITEM('color',(#9364),#2582);
#9364 = PRESENTATION_STYLE_ASSIGNMENT((#9365));
#9365 = SURFACE_STYLE_USAGE(.BOTH.,#9366);
#9366 = SURFACE_SIDE_STYLE('',(#9367));
#9367 = SURFACE_STYLE_FILL_AREA(#9368);
#9368 = FILL_AREA_STYLE('',(#9369));
#9369 = FILL_AREA_STYLE_COLOUR('',#8837);
#9370 = STYLED_ITEM('color',(#9371),#2596);
#9371 = PRESENTATION_STYLE_ASSIGNMENT((#9372));
#9372 = SURFACE_STYLE_USAGE(.BOTH.,#9373);
#9373 = SURFACE_SIDE_STYLE('',(#9374));
#9374 = SURFACE_STYLE_FILL_AREA(#9375);
#9375 = FILL_AREA_STYLE('',(#9376));
#9376 = FILL_AREA_STYLE_COLOUR('',#9377);
#9377 = COLOUR_RGB('',0.800000011921,0.800000011921,0.800000011921);
#9378 = STYLED_ITEM('color',(#9379),#2636);
#9379 = PRESENTATION_STYLE_ASSIGNMENT((#9380));
#9380 = SURFACE_STYLE_USAGE(.BOTH.,#9381);
#9381 = SURFACE_SIDE_STYLE('',(#9382));
#9382 = SURFACE_STYLE_FILL_AREA(#9383);
#9383 = FILL_AREA_STYLE('',(#9384));
#9384 = FILL_AREA_STYLE_COLOUR('',#9377);
#9385 = STYLED_ITEM('color',(#9386),#2837);
#9386 = PRESENTATION_STYLE_ASSIGNMENT((#9387));
#9387 = SURFACE_STYLE_USAGE(.BOTH.,#9388);
#9388 = SURFACE_SIDE_STYLE('',(#9389));
#9389 = SURFACE_STYLE_FILL_AREA(#9390);
#9390 = FILL_AREA_STYLE('',(#9391));
#9391 = FILL_AREA_STYLE_COLOUR('',#9377);
#9392 = STYLED_ITEM('color',(#9393),#2868);
#9393 = PRESENTATION_STYLE_ASSIGNMENT((#9394));
#9394 = SURFACE_STYLE_USAGE(.BOTH.,#9395);
#9395 = SURFACE_SIDE_STYLE('',(#9396));
#9396 = SURFACE_STYLE_FILL_AREA(#9397);
#9397 = FILL_AREA_STYLE('',(#9398));
#9398 = FILL_AREA_STYLE_COLOUR('',#9377);
#9399 = STYLED_ITEM('color',(#9400),#2892);
#9400 = PRESENTATION_STYLE_ASSIGNMENT((#9401));
#9401 = SURFACE_STYLE_USAGE(.BOTH.,#9402);
#9402 = SURFACE_SIDE_STYLE('',(#9403));
#9403 = SURFACE_STYLE_FILL_AREA(#9404);
#9404 = FILL_AREA_STYLE('',(#9405));
#9405 = FILL_AREA_STYLE_COLOUR('',#9377);
#9406 = STYLED_ITEM('color',(#9407),#2923);
#9407 = PRESENTATION_STYLE_ASSIGNMENT((#9408));
#9408 = SURFACE_STYLE_USAGE(.BOTH.,#9409);
#9409 = SURFACE_SIDE_STYLE('',(#9410));
#9410 = SURFACE_STYLE_FILL_AREA(#9411);
#9411 = FILL_AREA_STYLE('',(#9412));
#9412 = FILL_AREA_STYLE_COLOUR('',#9377);
#9413 = STYLED_ITEM('color',(#9414),#2947);
#9414 = PRESENTATION_STYLE_ASSIGNMENT((#9415));
#9415 = SURFACE_STYLE_USAGE(.BOTH.,#9416);
#9416 = SURFACE_SIDE_STYLE('',(#9417));
#9417 = SURFACE_STYLE_FILL_AREA(#9418);
#9418 = FILL_AREA_STYLE('',(#9419));
#9419 = FILL_AREA_STYLE_COLOUR('',#9377);
#9420 = STYLED_ITEM('color',(#9421),#3074);
#9421 = PRESENTATION_STYLE_ASSIGNMENT((#9422));
#9422 = SURFACE_STYLE_USAGE(.BOTH.,#9423);
#9423 = SURFACE_SIDE_STYLE('',(#9424));
#9424 = SURFACE_STYLE_FILL_AREA(#9425);
#9425 = FILL_AREA_STYLE('',(#9426));
#9426 = FILL_AREA_STYLE_COLOUR('',#9377);
#9427 = STYLED_ITEM('color',(#9428),#3091);
#9428 = PRESENTATION_STYLE_ASSIGNMENT((#9429));
#9429 = SURFACE_STYLE_USAGE(.BOTH.,#9430);
#9430 = SURFACE_SIDE_STYLE('',(#9431));
#9431 = SURFACE_STYLE_FILL_AREA(#9432);
#9432 = FILL_AREA_STYLE('',(#9433));
#9433 = FILL_AREA_STYLE_COLOUR('',#9377);
#9434 = STYLED_ITEM('color',(#9435),#3108);
#9435 = PRESENTATION_STYLE_ASSIGNMENT((#9436));
#9436 = SURFACE_STYLE_USAGE(.BOTH.,#9437);
#9437 = SURFACE_SIDE_STYLE('',(#9438));
#9438 = SURFACE_STYLE_FILL_AREA(#9439);
#9439 = FILL_AREA_STYLE('',(#9440));
#9440 = FILL_AREA_STYLE_COLOUR('',#9377);
#9441 = STYLED_ITEM('color',(#9442),#3120);
#9442 = PRESENTATION_STYLE_ASSIGNMENT((#9443));
#9443 = SURFACE_STYLE_USAGE(.BOTH.,#9444);
#9444 = SURFACE_SIDE_STYLE('',(#9445));
#9445 = SURFACE_STYLE_FILL_AREA(#9446);
#9446 = FILL_AREA_STYLE('',(#9447));
#9447 = FILL_AREA_STYLE_COLOUR('',#9377);
#9448 = STYLED_ITEM('color',(#9449),#3132);
#9449 = PRESENTATION_STYLE_ASSIGNMENT((#9450));
#9450 = SURFACE_STYLE_USAGE(.BOTH.,#9451);
#9451 = SURFACE_SIDE_STYLE('',(#9452));
#9452 = SURFACE_STYLE_FILL_AREA(#9453);
#9453 = FILL_AREA_STYLE('',(#9454));
#9454 = FILL_AREA_STYLE_COLOUR('',#9377);
#9455 = STYLED_ITEM('color',(#9456),#3149);
#9456 = PRESENTATION_STYLE_ASSIGNMENT((#9457));
#9457 = SURFACE_STYLE_USAGE(.BOTH.,#9458);
#9458 = SURFACE_SIDE_STYLE('',(#9459));
#9459 = SURFACE_STYLE_FILL_AREA(#9460);
#9460 = FILL_AREA_STYLE('',(#9461));
#9461 = FILL_AREA_STYLE_COLOUR('',#9377);
#9462 = STYLED_ITEM('color',(#9463),#3166);
#9463 = PRESENTATION_STYLE_ASSIGNMENT((#9464));
#9464 = SURFACE_STYLE_USAGE(.BOTH.,#9465);
#9465 = SURFACE_SIDE_STYLE('',(#9466));
#9466 = SURFACE_STYLE_FILL_AREA(#9467);
#9467 = FILL_AREA_STYLE('',(#9468));
#9468 = FILL_AREA_STYLE_COLOUR('',#9377);
#9469 = STYLED_ITEM('color',(#9470),#3188);
#9470 = PRESENTATION_STYLE_ASSIGNMENT((#9471));
#9471 = SURFACE_STYLE_USAGE(.BOTH.,#9472);
#9472 = SURFACE_SIDE_STYLE('',(#9473));
#9473 = SURFACE_STYLE_FILL_AREA(#9474);
#9474 = FILL_AREA_STYLE('',(#9475));
#9475 = FILL_AREA_STYLE_COLOUR('',#9377);
#9476 = STYLED_ITEM('color',(#9477),#3210);
#9477 = PRESENTATION_STYLE_ASSIGNMENT((#9478));
#9478 = SURFACE_STYLE_USAGE(.BOTH.,#9479);
#9479 = SURFACE_SIDE_STYLE('',(#9480));
#9480 = SURFACE_STYLE_FILL_AREA(#9481);
#9481 = FILL_AREA_STYLE('',(#9482));
#9482 = FILL_AREA_STYLE_COLOUR('',#9377);
#9483 = STYLED_ITEM('color',(#9484),#3227);
#9484 = PRESENTATION_STYLE_ASSIGNMENT((#9485));
#9485 = SURFACE_STYLE_USAGE(.BOTH.,#9486);
#9486 = SURFACE_SIDE_STYLE('',(#9487));
#9487 = SURFACE_STYLE_FILL_AREA(#9488);
#9488 = FILL_AREA_STYLE('',(#9489));
#9489 = FILL_AREA_STYLE_COLOUR('',#9377);
#9490 = STYLED_ITEM('color',(#9491),#3244);
#9491 = PRESENTATION_STYLE_ASSIGNMENT((#9492));
#9492 = SURFACE_STYLE_USAGE(.BOTH.,#9493);
#9493 = SURFACE_SIDE_STYLE('',(#9494));
#9494 = SURFACE_STYLE_FILL_AREA(#9495);
#9495 = FILL_AREA_STYLE('',(#9496));
#9496 = FILL_AREA_STYLE_COLOUR('',#9377);
#9497 = STYLED_ITEM('color',(#9498),#3256);
#9498 = PRESENTATION_STYLE_ASSIGNMENT((#9499));
#9499 = SURFACE_STYLE_USAGE(.BOTH.,#9500);
#9500 = SURFACE_SIDE_STYLE('',(#9501));
#9501 = SURFACE_STYLE_FILL_AREA(#9502);
#9502 = FILL_AREA_STYLE('',(#9503));
#9503 = FILL_AREA_STYLE_COLOUR('',#9377);
#9504 = STYLED_ITEM('color',(#9505),#3273);
#9505 = PRESENTATION_STYLE_ASSIGNMENT((#9506));
#9506 = SURFACE_STYLE_USAGE(.BOTH.,#9507);
#9507 = SURFACE_SIDE_STYLE('',(#9508));
#9508 = SURFACE_STYLE_FILL_AREA(#9509);
#9509 = FILL_AREA_STYLE('',(#9510));
#9510 = FILL_AREA_STYLE_COLOUR('',#9377);
#9511 = STYLED_ITEM('color',(#9512),#3290);
#9512 = PRESENTATION_STYLE_ASSIGNMENT((#9513));
#9513 = SURFACE_STYLE_USAGE(.BOTH.,#9514);
#9514 = SURFACE_SIDE_STYLE('',(#9515));
#9515 = SURFACE_STYLE_FILL_AREA(#9516);
#9516 = FILL_AREA_STYLE('',(#9517));
#9517 = FILL_AREA_STYLE_COLOUR('',#9377);
#9518 = STYLED_ITEM('color',(#9519),#3302);
#9519 = PRESENTATION_STYLE_ASSIGNMENT((#9520));
#9520 = SURFACE_STYLE_USAGE(.BOTH.,#9521);
#9521 = SURFACE_SIDE_STYLE('',(#9522));
#9522 = SURFACE_STYLE_FILL_AREA(#9523);
#9523 = FILL_AREA_STYLE('',(#9524));
#9524 = FILL_AREA_STYLE_COLOUR('',#9377);
#9525 = STYLED_ITEM('color',(#9526),#3314);
#9526 = PRESENTATION_STYLE_ASSIGNMENT((#9527));
#9527 = SURFACE_STYLE_USAGE(.BOTH.,#9528);
#9528 = SURFACE_SIDE_STYLE('',(#9529));
#9529 = SURFACE_STYLE_FILL_AREA(#9530);
#9530 = FILL_AREA_STYLE('',(#9531));
#9531 = FILL_AREA_STYLE_COLOUR('',#9377);
#9532 = STYLED_ITEM('color',(#9533),#3345);
#9533 = PRESENTATION_STYLE_ASSIGNMENT((#9534));
#9534 = SURFACE_STYLE_USAGE(.BOTH.,#9535);
#9535 = SURFACE_SIDE_STYLE('',(#9536));
#9536 = SURFACE_STYLE_FILL_AREA(#9537);
#9537 = FILL_AREA_STYLE('',(#9538));
#9538 = FILL_AREA_STYLE_COLOUR('',#9377);
#9539 = STYLED_ITEM('color',(#9540),#3369);
#9540 = PRESENTATION_STYLE_ASSIGNMENT((#9541));
#9541 = SURFACE_STYLE_USAGE(.BOTH.,#9542);
#9542 = SURFACE_SIDE_STYLE('',(#9543));
#9543 = SURFACE_STYLE_FILL_AREA(#9544);
#9544 = FILL_AREA_STYLE('',(#9545));
#9545 = FILL_AREA_STYLE_COLOUR('',#9546);
#9546 = DRAUGHTING_PRE_DEFINED_COLOUR('white');
#9547 = STYLED_ITEM('color',(#9548),#3401);
#9548 = PRESENTATION_STYLE_ASSIGNMENT((#9549));
#9549 = SURFACE_STYLE_USAGE(.BOTH.,#9550);
#9550 = SURFACE_SIDE_STYLE('',(#9551));
#9551 = SURFACE_STYLE_FILL_AREA(#9552);
#9552 = FILL_AREA_STYLE('',(#9553));
#9553 = FILL_AREA_STYLE_COLOUR('',#9377);
#9554 = STYLED_ITEM('color',(#9555),#3418);
#9555 = PRESENTATION_STYLE_ASSIGNMENT((#9556));
#9556 = SURFACE_STYLE_USAGE(.BOTH.,#9557);
#9557 = SURFACE_SIDE_STYLE('',(#9558));
#9558 = SURFACE_STYLE_FILL_AREA(#9559);
#9559 = FILL_AREA_STYLE('',(#9560));
#9560 = FILL_AREA_STYLE_COLOUR('',#9377);
#9561 = STYLED_ITEM('color',(#9562),#3435);
#9562 = PRESENTATION_STYLE_ASSIGNMENT((#9563));
#9563 = SURFACE_STYLE_USAGE(.BOTH.,#9564);
#9564 = SURFACE_SIDE_STYLE('',(#9565));
#9565 = SURFACE_STYLE_FILL_AREA(#9566);
#9566 = FILL_AREA_STYLE('',(#9567));
#9567 = FILL_AREA_STYLE_COLOUR('',#9377);
#9568 = STYLED_ITEM('color',(#9569),#3449);
#9569 = PRESENTATION_STYLE_ASSIGNMENT((#9570));
#9570 = SURFACE_STYLE_USAGE(.BOTH.,#9571);
#9571 = SURFACE_SIDE_STYLE('',(#9572));
#9572 = SURFACE_STYLE_FILL_AREA(#9573);
#9573 = FILL_AREA_STYLE('',(#9574));
#9574 = FILL_AREA_STYLE_COLOUR('',#9575);
#9575 = COLOUR_RGB('',0.980391979218,0.980391979218,0.980391979218);
#9576 = STYLED_ITEM('color',(#9577),#3490);
#9577 = PRESENTATION_STYLE_ASSIGNMENT((#9578));
#9578 = SURFACE_STYLE_USAGE(.BOTH.,#9579);
#9579 = SURFACE_SIDE_STYLE('',(#9580));
#9580 = SURFACE_STYLE_FILL_AREA(#9581);
#9581 = FILL_AREA_STYLE('',(#9582));
#9582 = FILL_AREA_STYLE_COLOUR('',#9377);
#9583 = STYLED_ITEM('color',(#9584),#3521);
#9584 = PRESENTATION_STYLE_ASSIGNMENT((#9585));
#9585 = SURFACE_STYLE_USAGE(.BOTH.,#9586);
#9586 = SURFACE_SIDE_STYLE('',(#9587));
#9587 = SURFACE_STYLE_FILL_AREA(#9588);
#9588 = FILL_AREA_STYLE('',(#9589));
#9589 = FILL_AREA_STYLE_COLOUR('',#9377);
#9590 = STYLED_ITEM('color',(#9591),#3545);
#9591 = PRESENTATION_STYLE_ASSIGNMENT((#9592));
#9592 = SURFACE_STYLE_USAGE(.BOTH.,#9593);
#9593 = SURFACE_SIDE_STYLE('',(#9594));
#9594 = SURFACE_STYLE_FILL_AREA(#9595);
#9595 = FILL_AREA_STYLE('',(#9596));
#9596 = FILL_AREA_STYLE_COLOUR('',#9377);
#9597 = STYLED_ITEM('color',(#9598),#3569);
#9598 = PRESENTATION_STYLE_ASSIGNMENT((#9599));
#9599 = SURFACE_STYLE_USAGE(.BOTH.,#9600);
#9600 = SURFACE_SIDE_STYLE('',(#9601));
#9601 = SURFACE_STYLE_FILL_AREA(#9602);
#9602 = FILL_AREA_STYLE('',(#9603));
#9603 = FILL_AREA_STYLE_COLOUR('',#9377);
#9604 = STYLED_ITEM('color',(#9605),#3587);
#9605 = PRESENTATION_STYLE_ASSIGNMENT((#9606));
#9606 = SURFACE_STYLE_USAGE(.BOTH.,#9607);
#9607 = SURFACE_SIDE_STYLE('',(#9608));
#9608 = SURFACE_STYLE_FILL_AREA(#9609);
#9609 = FILL_AREA_STYLE('',(#9610));
#9610 = FILL_AREA_STYLE_COLOUR('',#9377);
#9611 = STYLED_ITEM('color',(#9612),#3601);
#9612 = PRESENTATION_STYLE_ASSIGNMENT((#9613));
#9613 = SURFACE_STYLE_USAGE(.BOTH.,#9614);
#9614 = SURFACE_SIDE_STYLE('',(#9615));
#9615 = SURFACE_STYLE_FILL_AREA(#9616);
#9616 = FILL_AREA_STYLE('',(#9617));
#9617 = FILL_AREA_STYLE_COLOUR('',#9575);
#9618 = STYLED_ITEM('color',(#9619),#3642);
#9619 = PRESENTATION_STYLE_ASSIGNMENT((#9620));
#9620 = SURFACE_STYLE_USAGE(.BOTH.,#9621);
#9621 = SURFACE_SIDE_STYLE('',(#9622));
#9622 = SURFACE_STYLE_FILL_AREA(#9623);
#9623 = FILL_AREA_STYLE('',(#9624));
#9624 = FILL_AREA_STYLE_COLOUR('',#9377);
#9625 = STYLED_ITEM('color',(#9626),#3673);
#9626 = PRESENTATION_STYLE_ASSIGNMENT((#9627));
#9627 = SURFACE_STYLE_USAGE(.BOTH.,#9628);
#9628 = SURFACE_SIDE_STYLE('',(#9629));
#9629 = SURFACE_STYLE_FILL_AREA(#9630);
#9630 = FILL_AREA_STYLE('',(#9631));
#9631 = FILL_AREA_STYLE_COLOUR('',#9377);
#9632 = STYLED_ITEM('color',(#9633),#3697);
#9633 = PRESENTATION_STYLE_ASSIGNMENT((#9634));
#9634 = SURFACE_STYLE_USAGE(.BOTH.,#9635);
#9635 = SURFACE_SIDE_STYLE('',(#9636));
#9636 = SURFACE_STYLE_FILL_AREA(#9637);
#9637 = FILL_AREA_STYLE('',(#9638));
#9638 = FILL_AREA_STYLE_COLOUR('',#9377);
#9639 = STYLED_ITEM('color',(#9640),#3721);
#9640 = PRESENTATION_STYLE_ASSIGNMENT((#9641));
#9641 = SURFACE_STYLE_USAGE(.BOTH.,#9642);
#9642 = SURFACE_SIDE_STYLE('',(#9643));
#9643 = SURFACE_STYLE_FILL_AREA(#9644);
#9644 = FILL_AREA_STYLE('',(#9645));
#9645 = FILL_AREA_STYLE_COLOUR('',#9377);
#9646 = STYLED_ITEM('color',(#9647),#3739);
#9647 = PRESENTATION_STYLE_ASSIGNMENT((#9648));
#9648 = SURFACE_STYLE_USAGE(.BOTH.,#9649);
#9649 = SURFACE_SIDE_STYLE('',(#9650));
#9650 = SURFACE_STYLE_FILL_AREA(#9651);
#9651 = FILL_AREA_STYLE('',(#9652));
#9652 = FILL_AREA_STYLE_COLOUR('',#9377);
#9653 = STYLED_ITEM('color',(#9654),#3753);
#9654 = PRESENTATION_STYLE_ASSIGNMENT((#9655));
#9655 = SURFACE_STYLE_USAGE(.BOTH.,#9656);
#9656 = SURFACE_SIDE_STYLE('',(#9657));
#9657 = SURFACE_STYLE_FILL_AREA(#9658);
#9658 = FILL_AREA_STYLE('',(#9659));
#9659 = FILL_AREA_STYLE_COLOUR('',#9575);
#9660 = STYLED_ITEM('color',(#9661),#3794);
#9661 = PRESENTATION_STYLE_ASSIGNMENT((#9662));
#9662 = SURFACE_STYLE_USAGE(.BOTH.,#9663);
#9663 = SURFACE_SIDE_STYLE('',(#9664));
#9664 = SURFACE_STYLE_FILL_AREA(#9665);
#9665 = FILL_AREA_STYLE('',(#9666));
#9666 = FILL_AREA_STYLE_COLOUR('',#9377);
#9667 = STYLED_ITEM('color',(#9668),#3825);
#9668 = PRESENTATION_STYLE_ASSIGNMENT((#9669));
#9669 = SURFACE_STYLE_USAGE(.BOTH.,#9670);
#9670 = SURFACE_SIDE_STYLE('',(#9671));
#9671 = SURFACE_STYLE_FILL_AREA(#9672);
#9672 = FILL_AREA_STYLE('',(#9673));
#9673 = FILL_AREA_STYLE_COLOUR('',#9377);
#9674 = STYLED_ITEM('color',(#9675),#3849);
#9675 = PRESENTATION_STYLE_ASSIGNMENT((#9676));
#9676 = SURFACE_STYLE_USAGE(.BOTH.,#9677);
#9677 = SURFACE_SIDE_STYLE('',(#9678));
#9678 = SURFACE_STYLE_FILL_AREA(#9679);
#9679 = FILL_AREA_STYLE('',(#9680));
#9680 = FILL_AREA_STYLE_COLOUR('',#9377);
#9681 = STYLED_ITEM('color',(#9682),#3873);
#9682 = PRESENTATION_STYLE_ASSIGNMENT((#9683));
#9683 = SURFACE_STYLE_USAGE(.BOTH.,#9684);
#9684 = SURFACE_SIDE_STYLE('',(#9685));
#9685 = SURFACE_STYLE_FILL_AREA(#9686);
#9686 = FILL_AREA_STYLE('',(#9687));
#9687 = FILL_AREA_STYLE_COLOUR('',#9377);
#9688 = STYLED_ITEM('color',(#9689),#3891);
#9689 = PRESENTATION_STYLE_ASSIGNMENT((#9690));
#9690 = SURFACE_STYLE_USAGE(.BOTH.,#9691);
#9691 = SURFACE_SIDE_STYLE('',(#9692));
#9692 = SURFACE_STYLE_FILL_AREA(#9693);
#9693 = FILL_AREA_STYLE('',(#9694));
#9694 = FILL_AREA_STYLE_COLOUR('',#9377);
#9695 = STYLED_ITEM('color',(#9696),#3905);
#9696 = PRESENTATION_STYLE_ASSIGNMENT((#9697));
#9697 = SURFACE_STYLE_USAGE(.BOTH.,#9698);
#9698 = SURFACE_SIDE_STYLE('',(#9699));
#9699 = SURFACE_STYLE_FILL_AREA(#9700);
#9700 = FILL_AREA_STYLE('',(#9701));
#9701 = FILL_AREA_STYLE_COLOUR('',#9575);
#9702 = STYLED_ITEM('color',(#9703),#3946);
#9703 = PRESENTATION_STYLE_ASSIGNMENT((#9704));
#9704 = SURFACE_STYLE_USAGE(.BOTH.,#9705);
#9705 = SURFACE_SIDE_STYLE('',(#9706));
#9706 = SURFACE_STYLE_FILL_AREA(#9707);
#9707 = FILL_AREA_STYLE('',(#9708));
#9708 = FILL_AREA_STYLE_COLOUR('',#9377);
#9709 = STYLED_ITEM('color',(#9710),#3977);
#9710 = PRESENTATION_STYLE_ASSIGNMENT((#9711));
#9711 = SURFACE_STYLE_USAGE(.BOTH.,#9712);
#9712 = SURFACE_SIDE_STYLE('',(#9713));
#9713 = SURFACE_STYLE_FILL_AREA(#9714);
#9714 = FILL_AREA_STYLE('',(#9715));
#9715 = FILL_AREA_STYLE_COLOUR('',#9377);
#9716 = STYLED_ITEM('color',(#9717),#4001);
#9717 = PRESENTATION_STYLE_ASSIGNMENT((#9718));
#9718 = SURFACE_STYLE_USAGE(.BOTH.,#9719);
#9719 = SURFACE_SIDE_STYLE('',(#9720));
#9720 = SURFACE_STYLE_FILL_AREA(#9721);
#9721 = FILL_AREA_STYLE('',(#9722));
#9722 = FILL_AREA_STYLE_COLOUR('',#9377);
#9723 = STYLED_ITEM('color',(#9724),#4025);
#9724 = PRESENTATION_STYLE_ASSIGNMENT((#9725));
#9725 = SURFACE_STYLE_USAGE(.BOTH.,#9726);
#9726 = SURFACE_SIDE_STYLE('',(#9727));
#9727 = SURFACE_STYLE_FILL_AREA(#9728);
#9728 = FILL_AREA_STYLE('',(#9729));
#9729 = FILL_AREA_STYLE_COLOUR('',#9377);
#9730 = STYLED_ITEM('color',(#9731),#4043);
#9731 = PRESENTATION_STYLE_ASSIGNMENT((#9732));
#9732 = SURFACE_STYLE_USAGE(.BOTH.,#9733);
#9733 = SURFACE_SIDE_STYLE('',(#9734));
#9734 = SURFACE_STYLE_FILL_AREA(#9735);
#9735 = FILL_AREA_STYLE('',(#9736));
#9736 = FILL_AREA_STYLE_COLOUR('',#9377);
#9737 = STYLED_ITEM('color',(#9738),#4057);
#9738 = PRESENTATION_STYLE_ASSIGNMENT((#9739));
#9739 = SURFACE_STYLE_USAGE(.BOTH.,#9740);
#9740 = SURFACE_SIDE_STYLE('',(#9741));
#9741 = SURFACE_STYLE_FILL_AREA(#9742);
#9742 = FILL_AREA_STYLE('',(#9743));
#9743 = FILL_AREA_STYLE_COLOUR('',#9575);
#9744 = STYLED_ITEM('color',(#9745),#4098);
#9745 = PRESENTATION_STYLE_ASSIGNMENT((#9746));
#9746 = SURFACE_STYLE_USAGE(.BOTH.,#9747);
#9747 = SURFACE_SIDE_STYLE('',(#9748));
#9748 = SURFACE_STYLE_FILL_AREA(#9749);
#9749 = FILL_AREA_STYLE('',(#9750));
#9750 = FILL_AREA_STYLE_COLOUR('',#9377);
#9751 = STYLED_ITEM('color',(#9752),#4129);
#9752 = PRESENTATION_STYLE_ASSIGNMENT((#9753));
#9753 = SURFACE_STYLE_USAGE(.BOTH.,#9754);
#9754 = SURFACE_SIDE_STYLE('',(#9755));
#9755 = SURFACE_STYLE_FILL_AREA(#9756);
#9756 = FILL_AREA_STYLE('',(#9757));
#9757 = FILL_AREA_STYLE_COLOUR('',#9377);
#9758 = STYLED_ITEM('color',(#9759),#4153);
#9759 = PRESENTATION_STYLE_ASSIGNMENT((#9760));
#9760 = SURFACE_STYLE_USAGE(.BOTH.,#9761);
#9761 = SURFACE_SIDE_STYLE('',(#9762));
#9762 = SURFACE_STYLE_FILL_AREA(#9763);
#9763 = FILL_AREA_STYLE('',(#9764));
#9764 = FILL_AREA_STYLE_COLOUR('',#9377);
#9765 = STYLED_ITEM('color',(#9766),#4177);
#9766 = PRESENTATION_STYLE_ASSIGNMENT((#9767));
#9767 = SURFACE_STYLE_USAGE(.BOTH.,#9768);
#9768 = SURFACE_SIDE_STYLE('',(#9769));
#9769 = SURFACE_STYLE_FILL_AREA(#9770);
#9770 = FILL_AREA_STYLE('',(#9771));
#9771 = FILL_AREA_STYLE_COLOUR('',#9377);
#9772 = STYLED_ITEM('color',(#9773),#4195);
#9773 = PRESENTATION_STYLE_ASSIGNMENT((#9774));
#9774 = SURFACE_STYLE_USAGE(.BOTH.,#9775);
#9775 = SURFACE_SIDE_STYLE('',(#9776));
#9776 = SURFACE_STYLE_FILL_AREA(#9777);
#9777 = FILL_AREA_STYLE('',(#9778));
#9778 = FILL_AREA_STYLE_COLOUR('',#9377);
#9779 = STYLED_ITEM('color',(#9780),#4209);
#9780 = PRESENTATION_STYLE_ASSIGNMENT((#9781));
#9781 = SURFACE_STYLE_USAGE(.BOTH.,#9782);
#9782 = SURFACE_SIDE_STYLE('',(#9783));
#9783 = SURFACE_STYLE_FILL_AREA(#9784);
#9784 = FILL_AREA_STYLE('',(#9785));
#9785 = FILL_AREA_STYLE_COLOUR('',#9575);
#9786 = STYLED_ITEM('color',(#9787),#4250);
#9787 = PRESENTATION_STYLE_ASSIGNMENT((#9788));
#9788 = SURFACE_STYLE_USAGE(.BOTH.,#9789);
#9789 = SURFACE_SIDE_STYLE('',(#9790));
#9790 = SURFACE_STYLE_FILL_AREA(#9791);
#9791 = FILL_AREA_STYLE('',(#9792));
#9792 = FILL_AREA_STYLE_COLOUR('',#9377);
#9793 = STYLED_ITEM('color',(#9794),#4281);
#9794 = PRESENTATION_STYLE_ASSIGNMENT((#9795));
#9795 = SURFACE_STYLE_USAGE(.BOTH.,#9796);
#9796 = SURFACE_SIDE_STYLE('',(#9797));
#9797 = SURFACE_STYLE_FILL_AREA(#9798);
#9798 = FILL_AREA_STYLE('',(#9799));
#9799 = FILL_AREA_STYLE_COLOUR('',#9377);
#9800 = STYLED_ITEM('color',(#9801),#4306);
#9801 = PRESENTATION_STYLE_ASSIGNMENT((#9802));
#9802 = SURFACE_STYLE_USAGE(.BOTH.,#9803);
#9803 = SURFACE_SIDE_STYLE('',(#9804));
#9804 = SURFACE_STYLE_FILL_AREA(#9805);
#9805 = FILL_AREA_STYLE('',(#9806));
#9806 = FILL_AREA_STYLE_COLOUR('',#9377);
#9807 = STYLED_ITEM('color',(#9808),#4330);
#9808 = PRESENTATION_STYLE_ASSIGNMENT((#9809));
#9809 = SURFACE_STYLE_USAGE(.BOTH.,#9810);
#9810 = SURFACE_SIDE_STYLE('',(#9811));
#9811 = SURFACE_STYLE_FILL_AREA(#9812);
#9812 = FILL_AREA_STYLE('',(#9813));
#9813 = FILL_AREA_STYLE_COLOUR('',#9377);
#9814 = STYLED_ITEM('color',(#9815),#4347);
#9815 = PRESENTATION_STYLE_ASSIGNMENT((#9816));
#9816 = SURFACE_STYLE_USAGE(.BOTH.,#9817);
#9817 = SURFACE_SIDE_STYLE('',(#9818));
#9818 = SURFACE_STYLE_FILL_AREA(#9819);
#9819 = FILL_AREA_STYLE('',(#9820));
#9820 = FILL_AREA_STYLE_COLOUR('',#9377);
#9821 = STYLED_ITEM('color',(#9822),#4361);
#9822 = PRESENTATION_STYLE_ASSIGNMENT((#9823));
#9823 = SURFACE_STYLE_USAGE(.BOTH.,#9824);
#9824 = SURFACE_SIDE_STYLE('',(#9825));
#9825 = SURFACE_STYLE_FILL_AREA(#9826);
#9826 = FILL_AREA_STYLE('',(#9827));
#9827 = FILL_AREA_STYLE_COLOUR('',#9575);
#9828 = STYLED_ITEM('color',(#9829),#4402);
#9829 = PRESENTATION_STYLE_ASSIGNMENT((#9830));
#9830 = SURFACE_STYLE_USAGE(.BOTH.,#9831);
#9831 = SURFACE_SIDE_STYLE('',(#9832));
#9832 = SURFACE_STYLE_FILL_AREA(#9833);
#9833 = FILL_AREA_STYLE('',(#9834));
#9834 = FILL_AREA_STYLE_COLOUR('',#9377);
#9835 = STYLED_ITEM('color',(#9836),#4433);
#9836 = PRESENTATION_STYLE_ASSIGNMENT((#9837));
#9837 = SURFACE_STYLE_USAGE(.BOTH.,#9838);
#9838 = SURFACE_SIDE_STYLE('',(#9839));
#9839 = SURFACE_STYLE_FILL_AREA(#9840);
#9840 = FILL_AREA_STYLE('',(#9841));
#9841 = FILL_AREA_STYLE_COLOUR('',#9377);
#9842 = STYLED_ITEM('color',(#9843),#4458);
#9843 = PRESENTATION_STYLE_ASSIGNMENT((#9844));
#9844 = SURFACE_STYLE_USAGE(.BOTH.,#9845);
#9845 = SURFACE_SIDE_STYLE('',(#9846));
#9846 = SURFACE_STYLE_FILL_AREA(#9847);
#9847 = FILL_AREA_STYLE('',(#9848));
#9848 = FILL_AREA_STYLE_COLOUR('',#9377);
#9849 = STYLED_ITEM('color',(#9850),#4482);
#9850 = PRESENTATION_STYLE_ASSIGNMENT((#9851));
#9851 = SURFACE_STYLE_USAGE(.BOTH.,#9852);
#9852 = SURFACE_SIDE_STYLE('',(#9853));
#9853 = SURFACE_STYLE_FILL_AREA(#9854);
#9854 = FILL_AREA_STYLE('',(#9855));
#9855 = FILL_AREA_STYLE_COLOUR('',#9377);
#9856 = STYLED_ITEM('color',(#9857),#4499);
#9857 = PRESENTATION_STYLE_ASSIGNMENT((#9858));
#9858 = SURFACE_STYLE_USAGE(.BOTH.,#9859);
#9859 = SURFACE_SIDE_STYLE('',(#9860));
#9860 = SURFACE_STYLE_FILL_AREA(#9861);
#9861 = FILL_AREA_STYLE('',(#9862));
#9862 = FILL_AREA_STYLE_COLOUR('',#9377);
#9863 = STYLED_ITEM('color',(#9864),#4513);
#9864 = PRESENTATION_STYLE_ASSIGNMENT((#9865));
#9865 = SURFACE_STYLE_USAGE(.BOTH.,#9866);
#9866 = SURFACE_SIDE_STYLE('',(#9867));
#9867 = SURFACE_STYLE_FILL_AREA(#9868);
#9868 = FILL_AREA_STYLE('',(#9869));
#9869 = FILL_AREA_STYLE_COLOUR('',#9575);
#9870 = STYLED_ITEM('color',(#9871),#4554);
#9871 = PRESENTATION_STYLE_ASSIGNMENT((#9872));
#9872 = SURFACE_STYLE_USAGE(.BOTH.,#9873);
#9873 = SURFACE_SIDE_STYLE('',(#9874));
#9874 = SURFACE_STYLE_FILL_AREA(#9875);
#9875 = FILL_AREA_STYLE('',(#9876));
#9876 = FILL_AREA_STYLE_COLOUR('',#9377);
#9877 = STYLED_ITEM('color',(#9878),#4585);
#9878 = PRESENTATION_STYLE_ASSIGNMENT((#9879));
#9879 = SURFACE_STYLE_USAGE(.BOTH.,#9880);
#9880 = SURFACE_SIDE_STYLE('',(#9881));
#9881 = SURFACE_STYLE_FILL_AREA(#9882);
#9882 = FILL_AREA_STYLE('',(#9883));
#9883 = FILL_AREA_STYLE_COLOUR('',#9377);
#9884 = STYLED_ITEM('color',(#9885),#4610);
#9885 = PRESENTATION_STYLE_ASSIGNMENT((#9886));
#9886 = SURFACE_STYLE_USAGE(.BOTH.,#9887);
#9887 = SURFACE_SIDE_STYLE('',(#9888));
#9888 = SURFACE_STYLE_FILL_AREA(#9889);
#9889 = FILL_AREA_STYLE('',(#9890));
#9890 = FILL_AREA_STYLE_COLOUR('',#9377);
#9891 = STYLED_ITEM('color',(#9892),#4634);
#9892 = PRESENTATION_STYLE_ASSIGNMENT((#9893));
#9893 = SURFACE_STYLE_USAGE(.BOTH.,#9894);
#9894 = SURFACE_SIDE_STYLE('',(#9895));
#9895 = SURFACE_STYLE_FILL_AREA(#9896);
#9896 = FILL_AREA_STYLE('',(#9897));
#9897 = FILL_AREA_STYLE_COLOUR('',#9377);
#9898 = STYLED_ITEM('color',(#9899),#4651);
#9899 = PRESENTATION_STYLE_ASSIGNMENT((#9900));
#9900 = SURFACE_STYLE_USAGE(.BOTH.,#9901);
#9901 = SURFACE_SIDE_STYLE('',(#9902));
#9902 = SURFACE_STYLE_FILL_AREA(#9903);
#9903 = FILL_AREA_STYLE('',(#9904));
#9904 = FILL_AREA_STYLE_COLOUR('',#9377);
#9905 = STYLED_ITEM('color',(#9906),#4665);
#9906 = PRESENTATION_STYLE_ASSIGNMENT((#9907));
#9907 = SURFACE_STYLE_USAGE(.BOTH.,#9908);
#9908 = SURFACE_SIDE_STYLE('',(#9909));
#9909 = SURFACE_STYLE_FILL_AREA(#9910);
#9910 = FILL_AREA_STYLE('',(#9911));
#9911 = FILL_AREA_STYLE_COLOUR('',#9575);
#9912 = STYLED_ITEM('color',(#9913),#4706);
#9913 = PRESENTATION_STYLE_ASSIGNMENT((#9914));
#9914 = SURFACE_STYLE_USAGE(.BOTH.,#9915);
#9915 = SURFACE_SIDE_STYLE('',(#9916));
#9916 = SURFACE_STYLE_FILL_AREA(#9917);
#9917 = FILL_AREA_STYLE('',(#9918));
#9918 = FILL_AREA_STYLE_COLOUR('',#9377);
#9919 = STYLED_ITEM('color',(#9920),#4737);
#9920 = PRESENTATION_STYLE_ASSIGNMENT((#9921));
#9921 = SURFACE_STYLE_USAGE(.BOTH.,#9922);
#9922 = SURFACE_SIDE_STYLE('',(#9923));
#9923 = SURFACE_STYLE_FILL_AREA(#9924);
#9924 = FILL_AREA_STYLE('',(#9925));
#9925 = FILL_AREA_STYLE_COLOUR('',#9377);
#9926 = STYLED_ITEM('color',(#9927),#4762);
#9927 = PRESENTATION_STYLE_ASSIGNMENT((#9928));
#9928 = SURFACE_STYLE_USAGE(.BOTH.,#9929);
#9929 = SURFACE_SIDE_STYLE('',(#9930));
#9930 = SURFACE_STYLE_FILL_AREA(#9931);
#9931 = FILL_AREA_STYLE('',(#9932));
#9932 = FILL_AREA_STYLE_COLOUR('',#9377);
#9933 = STYLED_ITEM('color',(#9934),#4786);
#9934 = PRESENTATION_STYLE_ASSIGNMENT((#9935));
#9935 = SURFACE_STYLE_USAGE(.BOTH.,#9936);
#9936 = SURFACE_SIDE_STYLE('',(#9937));
#9937 = SURFACE_STYLE_FILL_AREA(#9938);
#9938 = FILL_AREA_STYLE('',(#9939));
#9939 = FILL_AREA_STYLE_COLOUR('',#9377);
#9940 = STYLED_ITEM('color',(#9941),#4803);
#9941 = PRESENTATION_STYLE_ASSIGNMENT((#9942));
#9942 = SURFACE_STYLE_USAGE(.BOTH.,#9943);
#9943 = SURFACE_SIDE_STYLE('',(#9944));
#9944 = SURFACE_STYLE_FILL_AREA(#9945);
#9945 = FILL_AREA_STYLE('',(#9946));
#9946 = FILL_AREA_STYLE_COLOUR('',#9377);
#9947 = STYLED_ITEM('color',(#9948),#4817);
#9948 = PRESENTATION_STYLE_ASSIGNMENT((#9949));
#9949 = SURFACE_STYLE_USAGE(.BOTH.,#9950);
#9950 = SURFACE_SIDE_STYLE('',(#9951));
#9951 = SURFACE_STYLE_FILL_AREA(#9952);
#9952 = FILL_AREA_STYLE('',(#9953));
#9953 = FILL_AREA_STYLE_COLOUR('',#9575);
#9954 = STYLED_ITEM('color',(#9955),#4858);
#9955 = PRESENTATION_STYLE_ASSIGNMENT((#9956));
#9956 = SURFACE_STYLE_USAGE(.BOTH.,#9957);
#9957 = SURFACE_SIDE_STYLE('',(#9958));
#9958 = SURFACE_STYLE_FILL_AREA(#9959);
#9959 = FILL_AREA_STYLE('',(#9960));
#9960 = FILL_AREA_STYLE_COLOUR('',#9377);
#9961 = STYLED_ITEM('color',(#9962),#4889);
#9962 = PRESENTATION_STYLE_ASSIGNMENT((#9963));
#9963 = SURFACE_STYLE_USAGE(.BOTH.,#9964);
#9964 = SURFACE_SIDE_STYLE('',(#9965));
#9965 = SURFACE_STYLE_FILL_AREA(#9966);
#9966 = FILL_AREA_STYLE('',(#9967));
#9967 = FILL_AREA_STYLE_COLOUR('',#9377);
#9968 = STYLED_ITEM('color',(#9969),#4914);
#9969 = PRESENTATION_STYLE_ASSIGNMENT((#9970));
#9970 = SURFACE_STYLE_USAGE(.BOTH.,#9971);
#9971 = SURFACE_SIDE_STYLE('',(#9972));
#9972 = SURFACE_STYLE_FILL_AREA(#9973);
#9973 = FILL_AREA_STYLE('',(#9974));
#9974 = FILL_AREA_STYLE_COLOUR('',#9377);
#9975 = STYLED_ITEM('color',(#9976),#4938);
#9976 = PRESENTATION_STYLE_ASSIGNMENT((#9977));
#9977 = SURFACE_STYLE_USAGE(.BOTH.,#9978);
#9978 = SURFACE_SIDE_STYLE('',(#9979));
#9979 = SURFACE_STYLE_FILL_AREA(#9980);
#9980 = FILL_AREA_STYLE('',(#9981));
#9981 = FILL_AREA_STYLE_COLOUR('',#9377);
#9982 = STYLED_ITEM('color',(#9983),#4955);
#9983 = PRESENTATION_STYLE_ASSIGNMENT((#9984));
#9984 = SURFACE_STYLE_USAGE(.BOTH.,#9985);
#9985 = SURFACE_SIDE_STYLE('',(#9986));
#9986 = SURFACE_STYLE_FILL_AREA(#9987);
#9987 = FILL_AREA_STYLE('',(#9988));
#9988 = FILL_AREA_STYLE_COLOUR('',#9377);
#9989 = STYLED_ITEM('color',(#9990),#4969);
#9990 = PRESENTATION_STYLE_ASSIGNMENT((#9991));
#9991 = SURFACE_STYLE_USAGE(.BOTH.,#9992);
#9992 = SURFACE_SIDE_STYLE('',(#9993));
#9993 = SURFACE_STYLE_FILL_AREA(#9994);
#9994 = FILL_AREA_STYLE('',(#9995));
#9995 = FILL_AREA_STYLE_COLOUR('',#9575);
#9996 = STYLED_ITEM('color',(#9997),#5010);
#9997 = PRESENTATION_STYLE_ASSIGNMENT((#9998));
#9998 = SURFACE_STYLE_USAGE(.BOTH.,#9999);
#9999 = SURFACE_SIDE_STYLE('',(#10000));
#10000 = SURFACE_STYLE_FILL_AREA(#10001);
#10001 = FILL_AREA_STYLE('',(#10002));
#10002 = FILL_AREA_STYLE_COLOUR('',#9377);
#10003 = STYLED_ITEM('color',(#10004),#5041);
#10004 = PRESENTATION_STYLE_ASSIGNMENT((#10005));
#10005 = SURFACE_STYLE_USAGE(.BOTH.,#10006);
#10006 = SURFACE_SIDE_STYLE('',(#10007));
#10007 = SURFACE_STYLE_FILL_AREA(#10008);
#10008 = FILL_AREA_STYLE('',(#10009));
#10009 = FILL_AREA_STYLE_COLOUR('',#9377);
#10010 = STYLED_ITEM('color',(#10011),#5065);
#10011 = PRESENTATION_STYLE_ASSIGNMENT((#10012));
#10012 = SURFACE_STYLE_USAGE(.BOTH.,#10013);
#10013 = SURFACE_SIDE_STYLE('',(#10014));
#10014 = SURFACE_STYLE_FILL_AREA(#10015);
#10015 = FILL_AREA_STYLE('',(#10016));
#10016 = FILL_AREA_STYLE_COLOUR('',#9377);
#10017 = STYLED_ITEM('color',(#10018),#5089);
#10018 = PRESENTATION_STYLE_ASSIGNMENT((#10019));
#10019 = SURFACE_STYLE_USAGE(.BOTH.,#10020);
#10020 = SURFACE_SIDE_STYLE('',(#10021));
#10021 = SURFACE_STYLE_FILL_AREA(#10022);
#10022 = FILL_AREA_STYLE('',(#10023));
#10023 = FILL_AREA_STYLE_COLOUR('',#9377);
#10024 = STYLED_ITEM('color',(#10025),#5107);
#10025 = PRESENTATION_STYLE_ASSIGNMENT((#10026));
#10026 = SURFACE_STYLE_USAGE(.BOTH.,#10027);
#10027 = SURFACE_SIDE_STYLE('',(#10028));
#10028 = SURFACE_STYLE_FILL_AREA(#10029);
#10029 = FILL_AREA_STYLE('',(#10030));
#10030 = FILL_AREA_STYLE_COLOUR('',#9377);
#10031 = STYLED_ITEM('color',(#10032),#5121);
#10032 = PRESENTATION_STYLE_ASSIGNMENT((#10033));
#10033 = SURFACE_STYLE_USAGE(.BOTH.,#10034);
#10034 = SURFACE_SIDE_STYLE('',(#10035));
#10035 = SURFACE_STYLE_FILL_AREA(#10036);
#10036 = FILL_AREA_STYLE('',(#10037));
#10037 = FILL_AREA_STYLE_COLOUR('',#9575);
#10038 = STYLED_ITEM('color',(#10039),#5162);
#10039 = PRESENTATION_STYLE_ASSIGNMENT((#10040));
#10040 = SURFACE_STYLE_USAGE(.BOTH.,#10041);
#10041 = SURFACE_SIDE_STYLE('',(#10042));
#10042 = SURFACE_STYLE_FILL_AREA(#10043);
#10043 = FILL_AREA_STYLE('',(#10044));
#10044 = FILL_AREA_STYLE_COLOUR('',#9377);
#10045 = STYLED_ITEM('color',(#10046),#5193);
#10046 = PRESENTATION_STYLE_ASSIGNMENT((#10047));
#10047 = SURFACE_STYLE_USAGE(.BOTH.,#10048);
#10048 = SURFACE_SIDE_STYLE('',(#10049));
#10049 = SURFACE_STYLE_FILL_AREA(#10050);
#10050 = FILL_AREA_STYLE('',(#10051));
#10051 = FILL_AREA_STYLE_COLOUR('',#9377);
#10052 = STYLED_ITEM('color',(#10053),#5218);
#10053 = PRESENTATION_STYLE_ASSIGNMENT((#10054));
#10054 = SURFACE_STYLE_USAGE(.BOTH.,#10055);
#10055 = SURFACE_SIDE_STYLE('',(#10056));
#10056 = SURFACE_STYLE_FILL_AREA(#10057);
#10057 = FILL_AREA_STYLE('',(#10058));
#10058 = FILL_AREA_STYLE_COLOUR('',#9377);
#10059 = STYLED_ITEM('color',(#10060),#5242);
#10060 = PRESENTATION_STYLE_ASSIGNMENT((#10061));
#10061 = SURFACE_STYLE_USAGE(.BOTH.,#10062);
#10062 = SURFACE_SIDE_STYLE('',(#10063));
#10063 = SURFACE_STYLE_FILL_AREA(#10064);
#10064 = FILL_AREA_STYLE('',(#10065));
#10065 = FILL_AREA_STYLE_COLOUR('',#9377);
#10066 = STYLED_ITEM('color',(#10067),#5259);
#10067 = PRESENTATION_STYLE_ASSIGNMENT((#10068));
#10068 = SURFACE_STYLE_USAGE(.BOTH.,#10069);
#10069 = SURFACE_SIDE_STYLE('',(#10070));
#10070 = SURFACE_STYLE_FILL_AREA(#10071);
#10071 = FILL_AREA_STYLE('',(#10072));
#10072 = FILL_AREA_STYLE_COLOUR('',#9377);
ENDSEC;
END-ISO-10303-21;
