ISO-10303-21;
HEADER;
FILE_DESCRIPTION(('FreeCAD Model'),'2;1');
FILE_NAME('/home/kenny/test/KK-06-SK468.step','2019-11-01T16:39:52',(
    'kicad StepUp'),('ksu MCAD'),'Open CASCADE STEP processor 7.3',
  'FreeCAD','Unknown');
FILE_SCHEMA(('AUTOMOTIVE_DESIGN { 1 0 10303 214 1 1 1 1 }'));
ENDSEC;
DATA;
#1 = APPLICATION_PROTOCOL_DEFINITION('international standard',
  'automotive_design',2000,#2);
#2 = APPLICATION_CONTEXT(
  'core data for automotive mechanical design processes');
#3 = SHAPE_DEFINITION_REPRESENTATION(#4,#10);
#4 = PRODUCT_DEFINITION_SHAPE('','',#5);
#5 = PRODUCT_DEFINITION('design','',#6,#9);
#6 = PRODUCT_DEFINITION_FORMATION('','',#7);
#7 = PRODUCT('KK-06-SK468','KK-06-SK468','',(#8));
#8 = PRODUCT_CONTEXT('',#2,'mechanical');
#9 = PRODUCT_DEFINITION_CONTEXT('part definition',#2,'design');
#10 = ADVANCED_BREP_SHAPE_REPRESENTATION('',(#11,#15),#9154);
#11 = AXIS2_PLACEMENT_3D('',#12,#13,#14);
#12 = CARTESIAN_POINT('',(0.,0.,0.));
#13 = DIRECTION('',(0.,0.,1.));
#14 = DIRECTION('',(1.,0.,-0.));
#15 = MANIFOLD_SOLID_BREP('',#16);
#16 = CLOSED_SHELL('',(#17,#57,#496,#641,#704,#931,#956,#1369,#1386,
    #1403,#1420,#1432,#1449,#1466,#1483,#1500,#1517,#1534,#1551,#1568,
    #1585,#1602,#1619,#1636,#1653,#1670,#1687,#1704,#1721,#1738,#1755,
    #1772,#1789,#1806,#1823,#1840,#1857,#1874,#1891,#1908,#1925,#1942,
    #1959,#1976,#1993,#2010,#2027,#2044,#2061,#2078,#2095,#2112,#2129,
    #2360,#2405,#2417,#2451,#2476,#2500,#2518,#2531,#2543,#2899,#3390,
    #3760,#3784,#3932,#3943,#3959,#3981,#3993,#4423,#4991,#5419,#5443,
    #5618,#5639,#5651,#5667,#5683,#5695,#5729,#5754,#5778,#5796,#5809,
    #5821,#6196,#6839,#7276,#7300,#7495,#7516,#7528,#7873,#8412,#8783,
    #8807,#8981,#9002,#9014,#9030,#9046,#9077,#9108,#9125,#9142));
#17 = ADVANCED_FACE('',(#18),#52,.T.);
#18 = FACE_BOUND('',#19,.T.);
#19 = EDGE_LOOP('',(#20,#30,#38,#46));
#20 = ORIENTED_EDGE('',*,*,#21,.T.);
#21 = EDGE_CURVE('',#22,#24,#26,.T.);
#22 = VERTEX_POINT('',#23);
#23 = CARTESIAN_POINT('',(29.934795276711,-13.87912409323,3.499999999999
    ));
#24 = VERTEX_POINT('',#25);
#25 = CARTESIAN_POINT('',(31.620509562711,-13.87912409323,3.499999999999
    ));
#26 = LINE('',#27,#28);
#27 = CARTESIAN_POINT('',(29.934795276711,-13.87912409323,3.499999999999
    ));
#28 = VECTOR('',#29,1.);
#29 = DIRECTION('',(1.,0.,0.));
#30 = ORIENTED_EDGE('',*,*,#31,.F.);
#31 = EDGE_CURVE('',#32,#24,#34,.T.);
#32 = VERTEX_POINT('',#33);
#33 = CARTESIAN_POINT('',(31.620509562711,26.120875906767,3.499999999999
    ));
#34 = LINE('',#35,#36);
#35 = CARTESIAN_POINT('',(31.620509562711,26.120875906767,3.499999999999
    ));
#36 = VECTOR('',#37,1.);
#37 = DIRECTION('',(0.,-1.,2.22044604925E-16));
#38 = ORIENTED_EDGE('',*,*,#39,.F.);
#39 = EDGE_CURVE('',#40,#32,#42,.T.);
#40 = VERTEX_POINT('',#41);
#41 = CARTESIAN_POINT('',(29.934795276711,26.120875906767,3.499999999999
    ));
#42 = LINE('',#43,#44);
#43 = CARTESIAN_POINT('',(29.934795276711,26.120875906767,3.499999999999
    ));
#44 = VECTOR('',#45,1.);
#45 = DIRECTION('',(1.,0.,0.));
#46 = ORIENTED_EDGE('',*,*,#47,.T.);
#47 = EDGE_CURVE('',#40,#22,#48,.T.);
#48 = LINE('',#49,#50);
#49 = CARTESIAN_POINT('',(29.934795276711,26.120875906767,3.499999999999
    ));
#50 = VECTOR('',#51,1.);
#51 = DIRECTION('',(0.,-1.,2.22044604925E-16));
#52 = PLANE('',#53);
#53 = AXIS2_PLACEMENT_3D('',#54,#55,#56);
#54 = CARTESIAN_POINT('',(29.934795276711,-13.87912409323,3.499999999999
    ));
#55 = DIRECTION('',(0.,2.22044604925E-16,1.));
#56 = DIRECTION('',(1.,0.,0.));
#57 = ADVANCED_FACE('',(#58),#491,.T.);
#58 = FACE_BOUND('',#59,.T.);
#59 = EDGE_LOOP('',(#60,#70,#78,#86,#95,#103,#112,#120,#129,#137,#146,
    #154,#163,#171,#180,#188,#197,#205,#214,#222,#231,#239,#248,#256,
    #265,#273,#282,#290,#299,#307,#316,#324,#333,#341,#350,#358,#367,
    #375,#384,#392,#401,#409,#418,#426,#433,#434,#443,#451,#460,#468,
    #477,#485));
#60 = ORIENTED_EDGE('',*,*,#61,.T.);
#61 = EDGE_CURVE('',#62,#64,#66,.T.);
#62 = VERTEX_POINT('',#63);
#63 = CARTESIAN_POINT('',(19.777652418711,-13.87912409323,1.2));
#64 = VERTEX_POINT('',#65);
#65 = CARTESIAN_POINT('',(64.777652418711,-13.87912409323,1.2));
#66 = LINE('',#67,#68);
#67 = CARTESIAN_POINT('',(19.777652418711,-13.87912409323,1.2));
#68 = VECTOR('',#69,1.);
#69 = DIRECTION('',(1.,0.,0.));
#70 = ORIENTED_EDGE('',*,*,#71,.F.);
#71 = EDGE_CURVE('',#72,#64,#74,.T.);
#72 = VERTEX_POINT('',#73);
#73 = CARTESIAN_POINT('',(64.777652418711,-13.87912409323,3.5));
#74 = LINE('',#75,#76);
#75 = CARTESIAN_POINT('',(64.777652418711,-13.87912409323,3.5));
#76 = VECTOR('',#77,1.);
#77 = DIRECTION('',(0.,-2.22044604925E-16,-1.));
#78 = ORIENTED_EDGE('',*,*,#79,.F.);
#79 = EDGE_CURVE('',#80,#72,#82,.T.);
#80 = VERTEX_POINT('',#81);
#81 = CARTESIAN_POINT('',(57.077652420711,-13.87912409323,3.499999999999
    ));
#82 = LINE('',#83,#84);
#83 = CARTESIAN_POINT('',(57.077652420711,-13.87912409323,3.499999999999
    ));
#84 = VECTOR('',#85,1.);
#85 = DIRECTION('',(1.,1.731396013207E-29,7.797514439912E-14));
#86 = ORIENTED_EDGE('',*,*,#87,.F.);
#87 = EDGE_CURVE('',#88,#80,#90,.T.);
#88 = VERTEX_POINT('',#89);
#89 = CARTESIAN_POINT('',(56.777652420711,-13.87912409323,3.799999999999
    ));
#90 = CIRCLE('',#91,0.3);
#91 = AXIS2_PLACEMENT_3D('',#92,#93,#94);
#92 = CARTESIAN_POINT('',(57.077652420711,-13.87912409323,3.799999999999
    ));
#93 = DIRECTION('',(0.,-1.,2.832769448824E-16));
#94 = DIRECTION('',(-1.,0.,0.));
#95 = ORIENTED_EDGE('',*,*,#96,.F.);
#96 = EDGE_CURVE('',#97,#88,#99,.T.);
#97 = VERTEX_POINT('',#98);
#98 = CARTESIAN_POINT('',(56.777652420711,-13.87912409323,11.55));
#99 = LINE('',#100,#101);
#100 = CARTESIAN_POINT('',(56.777652420711,-13.87912409323,11.55));
#101 = VECTOR('',#102,1.);
#102 = DIRECTION('',(-1.375244004697E-14,-2.22044604925E-16,-1.));
#103 = ORIENTED_EDGE('',*,*,#104,.F.);
#104 = EDGE_CURVE('',#105,#97,#107,.T.);
#105 = VERTEX_POINT('',#106);
#106 = CARTESIAN_POINT('',(55.277652420711,-13.87912409323,11.55));
#107 = CIRCLE('',#108,0.75);
#108 = AXIS2_PLACEMENT_3D('',#109,#110,#111);
#109 = CARTESIAN_POINT('',(56.027652420711,-13.87912409323,11.55));
#110 = DIRECTION('',(-0.,1.,-2.832769448824E-16));
#111 = DIRECTION('',(-1.,-0.,0.));
#112 = ORIENTED_EDGE('',*,*,#113,.F.);
#113 = EDGE_CURVE('',#114,#105,#116,.T.);
#114 = VERTEX_POINT('',#115);
#115 = CARTESIAN_POINT('',(55.277652420711,-13.87912409323,
    3.799999999999));
#116 = LINE('',#117,#118);
#117 = CARTESIAN_POINT('',(55.277652420711,-13.87912409323,
    3.799999999999));
#118 = VECTOR('',#119,1.);
#119 = DIRECTION('',(0.,2.22044604925E-16,1.));
#120 = ORIENTED_EDGE('',*,*,#121,.F.);
#121 = EDGE_CURVE('',#122,#114,#124,.T.);
#122 = VERTEX_POINT('',#123);
#123 = CARTESIAN_POINT('',(54.977652420711,-13.87912409323,3.5));
#124 = CIRCLE('',#125,0.3);
#125 = AXIS2_PLACEMENT_3D('',#126,#127,#128);
#126 = CARTESIAN_POINT('',(54.977652420711,-13.87912409323,
    3.799999999999));
#127 = DIRECTION('',(0.,-1.,2.22044604925E-16));
#128 = DIRECTION('',(0.,-2.22044604925E-16,-1.));
#129 = ORIENTED_EDGE('',*,*,#130,.F.);
#130 = EDGE_CURVE('',#131,#122,#133,.T.);
#131 = VERTEX_POINT('',#132);
#132 = CARTESIAN_POINT('',(53.077652420711,-13.87912409323,
    3.499999999999));
#133 = LINE('',#134,#135);
#134 = CARTESIAN_POINT('',(53.077652420711,-13.87912409323,
    3.499999999999));
#135 = VECTOR('',#136,1.);
#136 = DIRECTION('',(1.,1.204050855337E-29,5.422562983433E-14));
#137 = ORIENTED_EDGE('',*,*,#138,.F.);
#138 = EDGE_CURVE('',#139,#131,#141,.T.);
#139 = VERTEX_POINT('',#140);
#140 = CARTESIAN_POINT('',(52.777652420711,-13.87912409323,
    3.799999999999));
#141 = CIRCLE('',#142,0.3);
#142 = AXIS2_PLACEMENT_3D('',#143,#144,#145);
#143 = CARTESIAN_POINT('',(53.077652420711,-13.87912409323,
    3.799999999999));
#144 = DIRECTION('',(0.,-1.,2.832769448824E-16));
#145 = DIRECTION('',(-1.,0.,0.));
#146 = ORIENTED_EDGE('',*,*,#147,.F.);
#147 = EDGE_CURVE('',#148,#139,#150,.T.);
#148 = VERTEX_POINT('',#149);
#149 = CARTESIAN_POINT('',(52.777652420711,-13.87912409323,11.55));
#150 = LINE('',#151,#152);
#151 = CARTESIAN_POINT('',(52.777652420711,-13.87912409323,11.55));
#152 = VECTOR('',#153,1.);
#153 = DIRECTION('',(0.,-2.22044604925E-16,-1.));
#154 = ORIENTED_EDGE('',*,*,#155,.F.);
#155 = EDGE_CURVE('',#156,#148,#158,.T.);
#156 = VERTEX_POINT('',#157);
#157 = CARTESIAN_POINT('',(51.277652420711,-13.87912409323,11.55));
#158 = CIRCLE('',#159,0.75);
#159 = AXIS2_PLACEMENT_3D('',#160,#161,#162);
#160 = CARTESIAN_POINT('',(52.027652420711,-13.87912409323,11.55));
#161 = DIRECTION('',(-0.,1.,-2.832769448824E-16));
#162 = DIRECTION('',(-1.,-0.,0.));
#163 = ORIENTED_EDGE('',*,*,#164,.F.);
#164 = EDGE_CURVE('',#165,#156,#167,.T.);
#165 = VERTEX_POINT('',#166);
#166 = CARTESIAN_POINT('',(51.277652420711,-13.87912409323,
    3.799999999999));
#167 = LINE('',#168,#169);
#168 = CARTESIAN_POINT('',(51.277652420711,-13.87912409323,
    3.799999999999));
#169 = VECTOR('',#170,1.);
#170 = DIRECTION('',(0.,2.22044604925E-16,1.));
#171 = ORIENTED_EDGE('',*,*,#172,.F.);
#172 = EDGE_CURVE('',#173,#165,#175,.T.);
#173 = VERTEX_POINT('',#174);
#174 = CARTESIAN_POINT('',(50.977652420711,-13.87912409323,
    3.499999999999));
#175 = CIRCLE('',#176,0.3);
#176 = AXIS2_PLACEMENT_3D('',#177,#178,#179);
#177 = CARTESIAN_POINT('',(50.977652420711,-13.87912409323,
    3.799999999999));
#178 = DIRECTION('',(0.,-1.,2.22044604925E-16));
#179 = DIRECTION('',(0.,-2.22044604925E-16,-1.));
#180 = ORIENTED_EDGE('',*,*,#181,.F.);
#181 = EDGE_CURVE('',#182,#173,#184,.T.);
#182 = VERTEX_POINT('',#183);
#183 = CARTESIAN_POINT('',(49.077652420711,-13.87912409323,
    3.499999999999));
#184 = LINE('',#185,#186);
#185 = CARTESIAN_POINT('',(49.077652420711,-13.87912409323,
    3.499999999999));
#186 = VECTOR('',#187,1.);
#187 = DIRECTION('',(1.,0.,0.));
#188 = ORIENTED_EDGE('',*,*,#189,.F.);
#189 = EDGE_CURVE('',#190,#182,#192,.T.);
#190 = VERTEX_POINT('',#191);
#191 = CARTESIAN_POINT('',(48.777652420711,-13.87912409323,
    3.799999999999));
#192 = CIRCLE('',#193,0.3);
#193 = AXIS2_PLACEMENT_3D('',#194,#195,#196);
#194 = CARTESIAN_POINT('',(49.077652420711,-13.87912409323,
    3.799999999999));
#195 = DIRECTION('',(0.,-1.,2.832769448824E-16));
#196 = DIRECTION('',(-1.,0.,0.));
#197 = ORIENTED_EDGE('',*,*,#198,.F.);
#198 = EDGE_CURVE('',#199,#190,#201,.T.);
#199 = VERTEX_POINT('',#200);
#200 = CARTESIAN_POINT('',(48.777652420711,-13.87912409323,11.55));
#201 = LINE('',#202,#203);
#202 = CARTESIAN_POINT('',(48.777652420711,-13.87912409323,11.55));
#203 = VECTOR('',#204,1.);
#204 = DIRECTION('',(0.,-2.22044604925E-16,-1.));
#205 = ORIENTED_EDGE('',*,*,#206,.F.);
#206 = EDGE_CURVE('',#207,#199,#209,.T.);
#207 = VERTEX_POINT('',#208);
#208 = CARTESIAN_POINT('',(47.277652420711,-13.87912409323,11.55));
#209 = CIRCLE('',#210,0.75);
#210 = AXIS2_PLACEMENT_3D('',#211,#212,#213);
#211 = CARTESIAN_POINT('',(48.027652420711,-13.87912409323,11.55));
#212 = DIRECTION('',(-0.,1.,-2.832769448824E-16));
#213 = DIRECTION('',(-1.,-0.,0.));
#214 = ORIENTED_EDGE('',*,*,#215,.F.);
#215 = EDGE_CURVE('',#216,#207,#218,.T.);
#216 = VERTEX_POINT('',#217);
#217 = CARTESIAN_POINT('',(47.277652420711,-13.87912409323,
    3.799999999999));
#218 = LINE('',#219,#220);
#219 = CARTESIAN_POINT('',(47.277652420711,-13.87912409323,
    3.799999999999));
#220 = VECTOR('',#221,1.);
#221 = DIRECTION('',(0.,2.22044604925E-16,1.));
#222 = ORIENTED_EDGE('',*,*,#223,.F.);
#223 = EDGE_CURVE('',#224,#216,#226,.T.);
#224 = VERTEX_POINT('',#225);
#225 = CARTESIAN_POINT('',(46.977652420711,-13.87912409323,3.5));
#226 = CIRCLE('',#227,0.3);
#227 = AXIS2_PLACEMENT_3D('',#228,#229,#230);
#228 = CARTESIAN_POINT('',(46.977652420711,-13.87912409323,
    3.799999999999));
#229 = DIRECTION('',(0.,-1.,2.22044604925E-16));
#230 = DIRECTION('',(0.,-2.22044604925E-16,-1.));
#231 = ORIENTED_EDGE('',*,*,#232,.F.);
#232 = EDGE_CURVE('',#233,#224,#235,.T.);
#233 = VERTEX_POINT('',#234);
#234 = CARTESIAN_POINT('',(45.077652420711,-13.87912409323,
    3.499999999999));
#235 = LINE('',#236,#237);
#236 = CARTESIAN_POINT('',(45.077652420711,-13.87912409323,
    3.499999999999));
#237 = VECTOR('',#238,1.);
#238 = DIRECTION('',(1.,1.204050855337E-29,5.422562983433E-14));
#239 = ORIENTED_EDGE('',*,*,#240,.F.);
#240 = EDGE_CURVE('',#241,#233,#243,.T.);
#241 = VERTEX_POINT('',#242);
#242 = CARTESIAN_POINT('',(44.777652420711,-13.87912409323,
    3.799999999999));
#243 = CIRCLE('',#244,0.3);
#244 = AXIS2_PLACEMENT_3D('',#245,#246,#247);
#245 = CARTESIAN_POINT('',(45.077652420711,-13.87912409323,
    3.799999999999));
#246 = DIRECTION('',(0.,-1.,2.832769448824E-16));
#247 = DIRECTION('',(-1.,0.,0.));
#248 = ORIENTED_EDGE('',*,*,#249,.F.);
#249 = EDGE_CURVE('',#250,#241,#252,.T.);
#250 = VERTEX_POINT('',#251);
#251 = CARTESIAN_POINT('',(44.777652420711,-13.87912409323,11.55));
#252 = LINE('',#253,#254);
#253 = CARTESIAN_POINT('',(44.777652420711,-13.87912409323,11.55));
#254 = VECTOR('',#255,1.);
#255 = DIRECTION('',(0.,-2.22044604925E-16,-1.));
#256 = ORIENTED_EDGE('',*,*,#257,.F.);
#257 = EDGE_CURVE('',#258,#250,#260,.T.);
#258 = VERTEX_POINT('',#259);
#259 = CARTESIAN_POINT('',(43.277652420711,-13.87912409323,11.55));
#260 = CIRCLE('',#261,0.75);
#261 = AXIS2_PLACEMENT_3D('',#262,#263,#264);
#262 = CARTESIAN_POINT('',(44.027652420711,-13.87912409323,11.55));
#263 = DIRECTION('',(-0.,1.,-2.832769448824E-16));
#264 = DIRECTION('',(-1.,-0.,0.));
#265 = ORIENTED_EDGE('',*,*,#266,.F.);
#266 = EDGE_CURVE('',#267,#258,#269,.T.);
#267 = VERTEX_POINT('',#268);
#268 = CARTESIAN_POINT('',(43.277652420711,-13.87912409323,
    3.799999999999));
#269 = LINE('',#270,#271);
#270 = CARTESIAN_POINT('',(43.277652420711,-13.87912409323,
    3.799999999999));
#271 = VECTOR('',#272,1.);
#272 = DIRECTION('',(0.,2.22044604925E-16,1.));
#273 = ORIENTED_EDGE('',*,*,#274,.F.);
#274 = EDGE_CURVE('',#275,#267,#277,.T.);
#275 = VERTEX_POINT('',#276);
#276 = CARTESIAN_POINT('',(42.977652420711,-13.87912409323,
    3.499999999999));
#277 = CIRCLE('',#278,0.3);
#278 = AXIS2_PLACEMENT_3D('',#279,#280,#281);
#279 = CARTESIAN_POINT('',(42.977652420711,-13.87912409323,
    3.799999999999));
#280 = DIRECTION('',(0.,-1.,2.22044604925E-16));
#281 = DIRECTION('',(0.,-2.22044604925E-16,-1.));
#282 = ORIENTED_EDGE('',*,*,#283,.F.);
#283 = EDGE_CURVE('',#284,#275,#286,.T.);
#284 = VERTEX_POINT('',#285);
#285 = CARTESIAN_POINT('',(41.291938134711,-13.87912409323,
    3.499999999999));
#286 = LINE('',#287,#288);
#287 = CARTESIAN_POINT('',(41.291938134711,-13.87912409323,
    3.499999999999));
#288 = VECTOR('',#289,1.);
#289 = DIRECTION('',(1.,0.,0.));
#290 = ORIENTED_EDGE('',*,*,#291,.F.);
#291 = EDGE_CURVE('',#292,#284,#294,.T.);
#292 = VERTEX_POINT('',#293);
#293 = CARTESIAN_POINT('',(40.991938134711,-13.87912409323,
    3.799999999999));
#294 = CIRCLE('',#295,0.3);
#295 = AXIS2_PLACEMENT_3D('',#296,#297,#298);
#296 = CARTESIAN_POINT('',(41.291938134711,-13.87912409323,
    3.799999999999));
#297 = DIRECTION('',(0.,-1.,2.832769448824E-16));
#298 = DIRECTION('',(-1.,0.,0.));
#299 = ORIENTED_EDGE('',*,*,#300,.F.);
#300 = EDGE_CURVE('',#301,#292,#303,.T.);
#301 = VERTEX_POINT('',#302);
#302 = CARTESIAN_POINT('',(40.991938134711,-13.87912409323,11.55));
#303 = LINE('',#304,#305);
#304 = CARTESIAN_POINT('',(40.991938134711,-13.87912409323,11.55));
#305 = VECTOR('',#306,1.);
#306 = DIRECTION('',(0.,-2.22044604925E-16,-1.));
#307 = ORIENTED_EDGE('',*,*,#308,.F.);
#308 = EDGE_CURVE('',#309,#301,#311,.T.);
#309 = VERTEX_POINT('',#310);
#310 = CARTESIAN_POINT('',(39.491938134711,-13.87912409323,11.55));
#311 = CIRCLE('',#312,0.75);
#312 = AXIS2_PLACEMENT_3D('',#313,#314,#315);
#313 = CARTESIAN_POINT('',(40.241938134711,-13.87912409323,11.55));
#314 = DIRECTION('',(-0.,1.,-2.832769448824E-16));
#315 = DIRECTION('',(-1.,-0.,0.));
#316 = ORIENTED_EDGE('',*,*,#317,.F.);
#317 = EDGE_CURVE('',#318,#309,#320,.T.);
#318 = VERTEX_POINT('',#319);
#319 = CARTESIAN_POINT('',(39.491938134711,-13.87912409323,
    3.799999999999));
#320 = LINE('',#321,#322);
#321 = CARTESIAN_POINT('',(39.491938134711,-13.87912409323,
    3.799999999999));
#322 = VECTOR('',#323,1.);
#323 = DIRECTION('',(0.,2.22044604925E-16,1.));
#324 = ORIENTED_EDGE('',*,*,#325,.F.);
#325 = EDGE_CURVE('',#326,#318,#328,.T.);
#326 = VERTEX_POINT('',#327);
#327 = CARTESIAN_POINT('',(39.191938134711,-13.87912409323,
    3.499999999999));
#328 = CIRCLE('',#329,0.3);
#329 = AXIS2_PLACEMENT_3D('',#330,#331,#332);
#330 = CARTESIAN_POINT('',(39.191938134711,-13.87912409323,
    3.799999999999));
#331 = DIRECTION('',(0.,-1.,2.22044604925E-16));
#332 = DIRECTION('',(0.,-2.22044604925E-16,-1.));
#333 = ORIENTED_EDGE('',*,*,#334,.F.);
#334 = EDGE_CURVE('',#335,#326,#337,.T.);
#335 = VERTEX_POINT('',#336);
#336 = CARTESIAN_POINT('',(37.506223848711,-13.87912409323,
    3.499999999999));
#337 = LINE('',#338,#339);
#338 = CARTESIAN_POINT('',(37.506223848711,-13.87912409323,
    3.499999999999));
#339 = VECTOR('',#340,1.);
#340 = DIRECTION('',(1.,0.,0.));
#341 = ORIENTED_EDGE('',*,*,#342,.F.);
#342 = EDGE_CURVE('',#343,#335,#345,.T.);
#343 = VERTEX_POINT('',#344);
#344 = CARTESIAN_POINT('',(37.206223848711,-13.87912409323,
    3.799999999999));
#345 = CIRCLE('',#346,0.3);
#346 = AXIS2_PLACEMENT_3D('',#347,#348,#349);
#347 = CARTESIAN_POINT('',(37.506223848711,-13.87912409323,
    3.799999999999));
#348 = DIRECTION('',(0.,-1.,2.832769448824E-16));
#349 = DIRECTION('',(-1.,0.,0.));
#350 = ORIENTED_EDGE('',*,*,#351,.F.);
#351 = EDGE_CURVE('',#352,#343,#354,.T.);
#352 = VERTEX_POINT('',#353);
#353 = CARTESIAN_POINT('',(37.206223848711,-13.87912409323,11.55));
#354 = LINE('',#355,#356);
#355 = CARTESIAN_POINT('',(37.206223848711,-13.87912409323,11.55));
#356 = VECTOR('',#357,1.);
#357 = DIRECTION('',(0.,-2.22044604925E-16,-1.));
#358 = ORIENTED_EDGE('',*,*,#359,.F.);
#359 = EDGE_CURVE('',#360,#352,#362,.T.);
#360 = VERTEX_POINT('',#361);
#361 = CARTESIAN_POINT('',(35.706223848711,-13.87912409323,11.55));
#362 = CIRCLE('',#363,0.75);
#363 = AXIS2_PLACEMENT_3D('',#364,#365,#366);
#364 = CARTESIAN_POINT('',(36.456223848711,-13.87912409323,11.55));
#365 = DIRECTION('',(-0.,1.,-2.832769448824E-16));
#366 = DIRECTION('',(-1.,-0.,0.));
#367 = ORIENTED_EDGE('',*,*,#368,.F.);
#368 = EDGE_CURVE('',#369,#360,#371,.T.);
#369 = VERTEX_POINT('',#370);
#370 = CARTESIAN_POINT('',(35.706223848711,-13.87912409323,
    3.799999999999));
#371 = LINE('',#372,#373);
#372 = CARTESIAN_POINT('',(35.706223848711,-13.87912409323,
    3.799999999999));
#373 = VECTOR('',#374,1.);
#374 = DIRECTION('',(0.,2.22044604925E-16,1.));
#375 = ORIENTED_EDGE('',*,*,#376,.F.);
#376 = EDGE_CURVE('',#377,#369,#379,.T.);
#377 = VERTEX_POINT('',#378);
#378 = CARTESIAN_POINT('',(35.406223848711,-13.87912409323,
    3.499999999999));
#379 = CIRCLE('',#380,0.3);
#380 = AXIS2_PLACEMENT_3D('',#381,#382,#383);
#381 = CARTESIAN_POINT('',(35.406223848711,-13.87912409323,
    3.799999999999));
#382 = DIRECTION('',(0.,-1.,2.22044604925E-16));
#383 = DIRECTION('',(0.,-2.22044604925E-16,-1.));
#384 = ORIENTED_EDGE('',*,*,#385,.F.);
#385 = EDGE_CURVE('',#386,#377,#388,.T.);
#386 = VERTEX_POINT('',#387);
#387 = CARTESIAN_POINT('',(33.720509562711,-13.87912409323,
    3.499999999999));
#388 = LINE('',#389,#390);
#389 = CARTESIAN_POINT('',(33.720509562711,-13.87912409323,
    3.499999999999));
#390 = VECTOR('',#391,1.);
#391 = DIRECTION('',(1.,0.,0.));
#392 = ORIENTED_EDGE('',*,*,#393,.F.);
#393 = EDGE_CURVE('',#394,#386,#396,.T.);
#394 = VERTEX_POINT('',#395);
#395 = CARTESIAN_POINT('',(33.420509562711,-13.87912409323,
    3.799999999999));
#396 = CIRCLE('',#397,0.3);
#397 = AXIS2_PLACEMENT_3D('',#398,#399,#400);
#398 = CARTESIAN_POINT('',(33.720509562711,-13.87912409323,
    3.799999999999));
#399 = DIRECTION('',(0.,-1.,2.832769448824E-16));
#400 = DIRECTION('',(-1.,0.,0.));
#401 = ORIENTED_EDGE('',*,*,#402,.F.);
#402 = EDGE_CURVE('',#403,#394,#405,.T.);
#403 = VERTEX_POINT('',#404);
#404 = CARTESIAN_POINT('',(33.420509562711,-13.87912409323,11.55));
#405 = LINE('',#406,#407);
#406 = CARTESIAN_POINT('',(33.420509562711,-13.87912409323,11.55));
#407 = VECTOR('',#408,1.);
#408 = DIRECTION('',(0.,-2.22044604925E-16,-1.));
#409 = ORIENTED_EDGE('',*,*,#410,.F.);
#410 = EDGE_CURVE('',#411,#403,#413,.T.);
#411 = VERTEX_POINT('',#412);
#412 = CARTESIAN_POINT('',(31.920509562711,-13.87912409323,11.55));
#413 = CIRCLE('',#414,0.75);
#414 = AXIS2_PLACEMENT_3D('',#415,#416,#417);
#415 = CARTESIAN_POINT('',(32.670509562711,-13.87912409323,11.55));
#416 = DIRECTION('',(-0.,1.,-2.832769448824E-16));
#417 = DIRECTION('',(-1.,-0.,0.));
#418 = ORIENTED_EDGE('',*,*,#419,.F.);
#419 = EDGE_CURVE('',#420,#411,#422,.T.);
#420 = VERTEX_POINT('',#421);
#421 = CARTESIAN_POINT('',(31.920509562711,-13.87912409323,
    3.799999999999));
#422 = LINE('',#423,#424);
#423 = CARTESIAN_POINT('',(31.920509562711,-13.87912409323,
    3.799999999999));
#424 = VECTOR('',#425,1.);
#425 = DIRECTION('',(-1.329402537874E-14,2.22044604925E-16,1.));
#426 = ORIENTED_EDGE('',*,*,#427,.F.);
#427 = EDGE_CURVE('',#24,#420,#428,.T.);
#428 = CIRCLE('',#429,0.3);
#429 = AXIS2_PLACEMENT_3D('',#430,#431,#432);
#430 = CARTESIAN_POINT('',(31.620509562711,-13.87912409323,
    3.799999999999));
#431 = DIRECTION('',(0.,-1.,2.22044604925E-16));
#432 = DIRECTION('',(0.,-2.22044604925E-16,-1.));
#433 = ORIENTED_EDGE('',*,*,#21,.F.);
#434 = ORIENTED_EDGE('',*,*,#435,.F.);
#435 = EDGE_CURVE('',#436,#22,#438,.T.);
#436 = VERTEX_POINT('',#437);
#437 = CARTESIAN_POINT('',(29.634795276711,-13.87912409323,
    3.799999999999));
#438 = CIRCLE('',#439,0.3);
#439 = AXIS2_PLACEMENT_3D('',#440,#441,#442);
#440 = CARTESIAN_POINT('',(29.934795276711,-13.87912409323,
    3.799999999999));
#441 = DIRECTION('',(0.,-1.,2.832769448824E-16));
#442 = DIRECTION('',(-1.,0.,0.));
#443 = ORIENTED_EDGE('',*,*,#444,.F.);
#444 = EDGE_CURVE('',#445,#436,#447,.T.);
#445 = VERTEX_POINT('',#446);
#446 = CARTESIAN_POINT('',(29.634795276711,-13.87912409323,11.55));
#447 = LINE('',#448,#449);
#448 = CARTESIAN_POINT('',(29.634795276711,-13.87912409323,11.55));
#449 = VECTOR('',#450,1.);
#450 = DIRECTION('',(0.,-2.22044604925E-16,-1.));
#451 = ORIENTED_EDGE('',*,*,#452,.F.);
#452 = EDGE_CURVE('',#453,#445,#455,.T.);
#453 = VERTEX_POINT('',#454);
#454 = CARTESIAN_POINT('',(28.134795276711,-13.87912409323,11.55));
#455 = CIRCLE('',#456,0.75);
#456 = AXIS2_PLACEMENT_3D('',#457,#458,#459);
#457 = CARTESIAN_POINT('',(28.884795276711,-13.87912409323,11.55));
#458 = DIRECTION('',(-0.,1.,-2.832769448824E-16));
#459 = DIRECTION('',(-1.,-0.,0.));
#460 = ORIENTED_EDGE('',*,*,#461,.F.);
#461 = EDGE_CURVE('',#462,#453,#464,.T.);
#462 = VERTEX_POINT('',#463);
#463 = CARTESIAN_POINT('',(28.134795276711,-13.87912409323,
    3.799999999999));
#464 = LINE('',#465,#466);
#465 = CARTESIAN_POINT('',(28.134795276711,-13.87912409323,
    3.799999999999));
#466 = VECTOR('',#467,1.);
#467 = DIRECTION('',(0.,2.22044604925E-16,1.));
#468 = ORIENTED_EDGE('',*,*,#469,.F.);
#469 = EDGE_CURVE('',#470,#462,#472,.T.);
#470 = VERTEX_POINT('',#471);
#471 = CARTESIAN_POINT('',(27.834795276711,-13.87912409323,
    3.499999999999));
#472 = CIRCLE('',#473,0.3);
#473 = AXIS2_PLACEMENT_3D('',#474,#475,#476);
#474 = CARTESIAN_POINT('',(27.834795276711,-13.87912409323,
    3.799999999999));
#475 = DIRECTION('',(0.,-1.,2.22044604925E-16));
#476 = DIRECTION('',(0.,-2.22044604925E-16,-1.));
#477 = ORIENTED_EDGE('',*,*,#478,.F.);
#478 = EDGE_CURVE('',#479,#470,#481,.T.);
#479 = VERTEX_POINT('',#480);
#480 = CARTESIAN_POINT('',(19.777652418711,-13.87912409323,3.5));
#481 = LINE('',#482,#483);
#482 = CARTESIAN_POINT('',(19.777652418711,-13.87912409323,3.5));
#483 = VECTOR('',#484,1.);
#484 = DIRECTION('',(1.,-1.654649735421E-29,-7.451879931869E-14));
#485 = ORIENTED_EDGE('',*,*,#486,.F.);
#486 = EDGE_CURVE('',#62,#479,#487,.T.);
#487 = LINE('',#488,#489);
#488 = CARTESIAN_POINT('',(19.777652418711,-13.87912409323,1.2));
#489 = VECTOR('',#490,1.);
#490 = DIRECTION('',(0.,2.22044604925E-16,1.));
#491 = PLANE('',#492);
#492 = AXIS2_PLACEMENT_3D('',#493,#494,#495);
#493 = CARTESIAN_POINT('',(56.777652420711,-13.87912409323,
    3.799999999999));
#494 = DIRECTION('',(0.,-1.,2.240416384281E-16));
#495 = DIRECTION('',(0.,-2.240416384281E-16,-1.));
#496 = ADVANCED_FACE('',(#497,#558,#592,#603,#614,#625),#636,.T.);
#497 = FACE_BOUND('',#498,.T.);
#498 = EDGE_LOOP('',(#499,#509,#518,#526,#535,#543,#550,#551));
#499 = ORIENTED_EDGE('',*,*,#500,.F.);
#500 = EDGE_CURVE('',#501,#503,#505,.T.);
#501 = VERTEX_POINT('',#502);
#502 = CARTESIAN_POINT('',(16.777652418711,23.120875906767,
    1.199999999999));
#503 = VERTEX_POINT('',#504);
#504 = CARTESIAN_POINT('',(16.777652418711,-10.87912409323,1.2));
#505 = LINE('',#506,#507);
#506 = CARTESIAN_POINT('',(16.777652418711,23.120875906767,
    1.199999999999));
#507 = VECTOR('',#508,1.);
#508 = DIRECTION('',(0.,-1.,2.22044604925E-16));
#509 = ORIENTED_EDGE('',*,*,#510,.T.);
#510 = EDGE_CURVE('',#501,#511,#513,.T.);
#511 = VERTEX_POINT('',#512);
#512 = CARTESIAN_POINT('',(19.777652418711,26.120875906767,
    1.199999999999));
#513 = CIRCLE('',#514,3.);
#514 = AXIS2_PLACEMENT_3D('',#515,#516,#517);
#515 = CARTESIAN_POINT('',(19.777652418711,23.120875906767,
    1.199999999999));
#516 = DIRECTION('',(-0.,-2.22044604925E-16,-1.));
#517 = DIRECTION('',(0.,-1.,2.22044604925E-16));
#518 = ORIENTED_EDGE('',*,*,#519,.F.);
#519 = EDGE_CURVE('',#520,#511,#522,.T.);
#520 = VERTEX_POINT('',#521);
#521 = CARTESIAN_POINT('',(64.777652418711,26.120875906767,
    1.199999999999));
#522 = LINE('',#523,#524);
#523 = CARTESIAN_POINT('',(64.777652418711,26.120875906767,
    1.199999999999));
#524 = VECTOR('',#525,1.);
#525 = DIRECTION('',(-1.,0.,0.));
#526 = ORIENTED_EDGE('',*,*,#527,.T.);
#527 = EDGE_CURVE('',#520,#528,#530,.T.);
#528 = VERTEX_POINT('',#529);
#529 = CARTESIAN_POINT('',(67.777652418711,23.120875906767,
    1.199999999999));
#530 = CIRCLE('',#531,3.);
#531 = AXIS2_PLACEMENT_3D('',#532,#533,#534);
#532 = CARTESIAN_POINT('',(64.777652418711,23.120875906767,
    1.199999999999));
#533 = DIRECTION('',(-0.,-2.22044604925E-16,-1.));
#534 = DIRECTION('',(0.,-1.,2.22044604925E-16));
#535 = ORIENTED_EDGE('',*,*,#536,.F.);
#536 = EDGE_CURVE('',#537,#528,#539,.T.);
#537 = VERTEX_POINT('',#538);
#538 = CARTESIAN_POINT('',(67.777652418711,-10.87912409323,1.2));
#539 = LINE('',#540,#541);
#540 = CARTESIAN_POINT('',(67.777652418711,-10.87912409323,1.2));
#541 = VECTOR('',#542,1.);
#542 = DIRECTION('',(0.,1.,-2.22044604925E-16));
#543 = ORIENTED_EDGE('',*,*,#544,.T.);
#544 = EDGE_CURVE('',#537,#64,#545,.T.);
#545 = CIRCLE('',#546,3.);
#546 = AXIS2_PLACEMENT_3D('',#547,#548,#549);
#547 = CARTESIAN_POINT('',(64.777652418711,-10.87912409323,1.2));
#548 = DIRECTION('',(-0.,-2.22044604925E-16,-1.));
#549 = DIRECTION('',(0.,-1.,2.22044604925E-16));
#550 = ORIENTED_EDGE('',*,*,#61,.F.);
#551 = ORIENTED_EDGE('',*,*,#552,.T.);
#552 = EDGE_CURVE('',#62,#503,#553,.T.);
#553 = CIRCLE('',#554,3.);
#554 = AXIS2_PLACEMENT_3D('',#555,#556,#557);
#555 = CARTESIAN_POINT('',(19.777652418711,-10.87912409323,1.2));
#556 = DIRECTION('',(-0.,-2.22044604925E-16,-1.));
#557 = DIRECTION('',(0.,-1.,2.22044604925E-16));
#558 = FACE_BOUND('',#559,.T.);
#559 = EDGE_LOOP('',(#560,#570,#578,#586));
#560 = ORIENTED_EDGE('',*,*,#561,.T.);
#561 = EDGE_CURVE('',#562,#564,#566,.T.);
#562 = VERTEX_POINT('',#563);
#563 = CARTESIAN_POINT('',(52.877652418711,19.620875906767,
    1.199999999999));
#564 = VERTEX_POINT('',#565);
#565 = CARTESIAN_POINT('',(25.877652418711,19.620875906767,
    1.199999999999));
#566 = LINE('',#567,#568);
#567 = CARTESIAN_POINT('',(52.877652418711,19.620875906767,
    1.199999999999));
#568 = VECTOR('',#569,1.);
#569 = DIRECTION('',(-1.,1.315819881037E-16,-2.921707056374E-32));
#570 = ORIENTED_EDGE('',*,*,#571,.T.);
#571 = EDGE_CURVE('',#564,#572,#574,.T.);
#572 = VERTEX_POINT('',#573);
#573 = CARTESIAN_POINT('',(25.877652418711,-7.379124093233,1.2));
#574 = LINE('',#575,#576);
#575 = CARTESIAN_POINT('',(25.877652418711,19.620875906767,
    1.199999999999));
#576 = VECTOR('',#577,1.);
#577 = DIRECTION('',(0.,-1.,2.22044604925E-16));
#578 = ORIENTED_EDGE('',*,*,#579,.T.);
#579 = EDGE_CURVE('',#572,#580,#582,.T.);
#580 = VERTEX_POINT('',#581);
#581 = CARTESIAN_POINT('',(52.877652418711,-7.379124093233,1.2));
#582 = LINE('',#583,#584);
#583 = CARTESIAN_POINT('',(25.877652418711,-7.379124093233,1.2));
#584 = VECTOR('',#585,1.);
#585 = DIRECTION('',(1.,-2.631639762074E-16,5.843414112748E-32));
#586 = ORIENTED_EDGE('',*,*,#587,.T.);
#587 = EDGE_CURVE('',#580,#562,#588,.T.);
#588 = LINE('',#589,#590);
#589 = CARTESIAN_POINT('',(52.877652418711,-7.379124093233,1.2));
#590 = VECTOR('',#591,1.);
#591 = DIRECTION('',(-5.263279524149E-16,1.,-2.22044604925E-16));
#592 = FACE_BOUND('',#593,.T.);
#593 = EDGE_LOOP('',(#594));
#594 = ORIENTED_EDGE('',*,*,#595,.F.);
#595 = EDGE_CURVE('',#596,#596,#598,.T.);
#596 = VERTEX_POINT('',#597);
#597 = CARTESIAN_POINT('',(64.277652418711,-13.02912409323,1.2));
#598 = CIRCLE('',#599,2.15);
#599 = AXIS2_PLACEMENT_3D('',#600,#601,#602);
#600 = CARTESIAN_POINT('',(64.277652418711,-10.87912409323,1.2));
#601 = DIRECTION('',(-0.,-2.22044604925E-16,-1.));
#602 = DIRECTION('',(0.,-1.,2.22044604925E-16));
#603 = FACE_BOUND('',#604,.T.);
#604 = EDGE_LOOP('',(#605));
#605 = ORIENTED_EDGE('',*,*,#606,.F.);
#606 = EDGE_CURVE('',#607,#607,#609,.T.);
#607 = VERTEX_POINT('',#608);
#608 = CARTESIAN_POINT('',(64.277652418711,20.970875906767,
    1.199999999999));
#609 = CIRCLE('',#610,2.15);
#610 = AXIS2_PLACEMENT_3D('',#611,#612,#613);
#611 = CARTESIAN_POINT('',(64.277652418711,23.120875906767,
    1.199999999999));
#612 = DIRECTION('',(-0.,-2.22044604925E-16,-1.));
#613 = DIRECTION('',(0.,-1.,2.22044604925E-16));
#614 = FACE_BOUND('',#615,.T.);
#615 = EDGE_LOOP('',(#616));
#616 = ORIENTED_EDGE('',*,*,#617,.F.);
#617 = EDGE_CURVE('',#618,#618,#620,.T.);
#618 = VERTEX_POINT('',#619);
#619 = CARTESIAN_POINT('',(20.277652418711,-13.02912409323,1.2));
#620 = CIRCLE('',#621,2.15);
#621 = AXIS2_PLACEMENT_3D('',#622,#623,#624);
#622 = CARTESIAN_POINT('',(20.277652418711,-10.87912409323,1.2));
#623 = DIRECTION('',(-0.,-2.22044604925E-16,-1.));
#624 = DIRECTION('',(0.,-1.,2.22044604925E-16));
#625 = FACE_BOUND('',#626,.T.);
#626 = EDGE_LOOP('',(#627));
#627 = ORIENTED_EDGE('',*,*,#628,.F.);
#628 = EDGE_CURVE('',#629,#629,#631,.T.);
#629 = VERTEX_POINT('',#630);
#630 = CARTESIAN_POINT('',(20.277652418711,20.970875906767,
    1.199999999999));
#631 = CIRCLE('',#632,2.15);
#632 = AXIS2_PLACEMENT_3D('',#633,#634,#635);
#633 = CARTESIAN_POINT('',(20.277652418711,23.120875906767,
    1.199999999999));
#634 = DIRECTION('',(-0.,-2.22044604925E-16,-1.));
#635 = DIRECTION('',(0.,-1.,2.22044604925E-16));
#636 = PLANE('',#637);
#637 = AXIS2_PLACEMENT_3D('',#638,#639,#640);
#638 = CARTESIAN_POINT('',(67.477652418711,26.120875906767,
    1.199999999999));
#639 = DIRECTION('',(0.,-2.22044604925E-16,-1.));
#640 = DIRECTION('',(-1.,0.,0.));
#641 = ADVANCED_FACE('',(#642),#699,.T.);
#642 = FACE_BOUND('',#643,.T.);
#643 = EDGE_LOOP('',(#644,#654,#662,#670,#678,#686,#692,#693));
#644 = ORIENTED_EDGE('',*,*,#645,.T.);
#645 = EDGE_CURVE('',#646,#648,#650,.T.);
#646 = VERTEX_POINT('',#647);
#647 = CARTESIAN_POINT('',(16.777652418711,-10.87912409323,3.5));
#648 = VERTEX_POINT('',#649);
#649 = CARTESIAN_POINT('',(16.777652418711,-4.879124093233,3.5));
#650 = LINE('',#651,#652);
#651 = CARTESIAN_POINT('',(16.777652418711,-10.87912409323,3.5));
#652 = VECTOR('',#653,1.);
#653 = DIRECTION('',(-2.48689957516E-14,1.,-2.22044604925E-16));
#654 = ORIENTED_EDGE('',*,*,#655,.T.);
#655 = EDGE_CURVE('',#648,#656,#658,.T.);
#656 = VERTEX_POINT('',#657);
#657 = CARTESIAN_POINT('',(16.777652418711,-4.879124093233,11.55));
#658 = LINE('',#659,#660);
#659 = CARTESIAN_POINT('',(16.777652418711,-4.879124093233,3.5));
#660 = VECTOR('',#661,1.);
#661 = DIRECTION('',(1.677057388751E-14,2.22044604925E-16,1.));
#662 = ORIENTED_EDGE('',*,*,#663,.F.);
#663 = EDGE_CURVE('',#664,#656,#666,.T.);
#664 = VERTEX_POINT('',#665);
#665 = CARTESIAN_POINT('',(16.777652418711,17.120875906767,
    11.549999999999));
#666 = LINE('',#667,#668);
#667 = CARTESIAN_POINT('',(16.777652418711,17.120875906767,
    11.549999999999));
#668 = VECTOR('',#669,1.);
#669 = DIRECTION('',(-6.459479416001E-16,-1.,2.22044604925E-16));
#670 = ORIENTED_EDGE('',*,*,#671,.F.);
#671 = EDGE_CURVE('',#672,#664,#674,.T.);
#672 = VERTEX_POINT('',#673);
#673 = CARTESIAN_POINT('',(16.777652418711,17.120875906767,3.5));
#674 = LINE('',#675,#676);
#675 = CARTESIAN_POINT('',(16.777652418711,17.120875906767,3.5));
#676 = VECTOR('',#677,1.);
#677 = DIRECTION('',(1.853589745461E-14,2.22044604925E-16,1.));
#678 = ORIENTED_EDGE('',*,*,#679,.T.);
#679 = EDGE_CURVE('',#672,#680,#682,.T.);
#680 = VERTEX_POINT('',#681);
#681 = CARTESIAN_POINT('',(16.777652418711,23.120875906767,3.5));
#682 = LINE('',#683,#684);
#683 = CARTESIAN_POINT('',(16.777652418711,17.120875906767,3.5));
#684 = VECTOR('',#685,1.);
#685 = DIRECTION('',(2.48689957516E-14,1.,-2.22044604925E-16));
#686 = ORIENTED_EDGE('',*,*,#687,.F.);
#687 = EDGE_CURVE('',#501,#680,#688,.T.);
#688 = LINE('',#689,#690);
#689 = CARTESIAN_POINT('',(16.777652418711,23.120875906767,
    1.199999999999));
#690 = VECTOR('',#691,1.);
#691 = DIRECTION('',(0.,2.802589078684E-14,1.));
#692 = ORIENTED_EDGE('',*,*,#500,.T.);
#693 = ORIENTED_EDGE('',*,*,#694,.T.);
#694 = EDGE_CURVE('',#503,#646,#695,.T.);
#695 = LINE('',#696,#697);
#696 = CARTESIAN_POINT('',(16.777652418711,-10.87912409323,1.2));
#697 = VECTOR('',#698,1.);
#698 = DIRECTION('',(0.,-2.758180157699E-14,1.));
#699 = PLANE('',#700);
#700 = AXIS2_PLACEMENT_3D('',#701,#702,#703);
#701 = CARTESIAN_POINT('',(16.777652418711,17.120875906767,
    11.549999999999));
#702 = DIRECTION('',(-1.,0.,0.));
#703 = DIRECTION('',(0.,2.22044604925E-16,1.));
#704 = ADVANCED_FACE('',(#705,#762,#834,#904,#915),#926,.T.);
#705 = FACE_BOUND('',#706,.T.);
#706 = EDGE_LOOP('',(#707,#708,#716,#724,#731,#732,#740,#748,#754,#755)
  );
#707 = ORIENTED_EDGE('',*,*,#478,.T.);
#708 = ORIENTED_EDGE('',*,*,#709,.F.);
#709 = EDGE_CURVE('',#710,#470,#712,.T.);
#710 = VERTEX_POINT('',#711);
#711 = CARTESIAN_POINT('',(27.834795276711,26.120875906767,
    3.499999999999));
#712 = LINE('',#713,#714);
#713 = CARTESIAN_POINT('',(27.834795276711,26.120875906767,
    3.499999999999));
#714 = VECTOR('',#715,1.);
#715 = DIRECTION('',(0.,-1.,2.22044604925E-16));
#716 = ORIENTED_EDGE('',*,*,#717,.F.);
#717 = EDGE_CURVE('',#718,#710,#720,.T.);
#718 = VERTEX_POINT('',#719);
#719 = CARTESIAN_POINT('',(19.777652418711,26.120875906767,3.5));
#720 = LINE('',#721,#722);
#721 = CARTESIAN_POINT('',(19.777652418711,26.120875906767,3.5));
#722 = VECTOR('',#723,1.);
#723 = DIRECTION('',(1.,-1.654649735421E-29,-7.451879931869E-14));
#724 = ORIENTED_EDGE('',*,*,#725,.T.);
#725 = EDGE_CURVE('',#718,#680,#726,.T.);
#726 = CIRCLE('',#727,3.);
#727 = AXIS2_PLACEMENT_3D('',#728,#729,#730);
#728 = CARTESIAN_POINT('',(19.777652418711,23.120875906767,3.5));
#729 = DIRECTION('',(0.,2.22044604925E-16,1.));
#730 = DIRECTION('',(0.,1.,-2.22044604925E-16));
#731 = ORIENTED_EDGE('',*,*,#679,.F.);
#732 = ORIENTED_EDGE('',*,*,#733,.F.);
#733 = EDGE_CURVE('',#734,#672,#736,.T.);
#734 = VERTEX_POINT('',#735);
#735 = CARTESIAN_POINT('',(18.577652418711,17.120875906767,3.5));
#736 = LINE('',#737,#738);
#737 = CARTESIAN_POINT('',(18.577652418711,17.120875906767,3.5));
#738 = VECTOR('',#739,1.);
#739 = DIRECTION('',(-1.,-5.921189464667E-15,2.230314698358E-13));
#740 = ORIENTED_EDGE('',*,*,#741,.T.);
#741 = EDGE_CURVE('',#734,#742,#744,.T.);
#742 = VERTEX_POINT('',#743);
#743 = CARTESIAN_POINT('',(18.577652418711,-4.879124093233,3.5));
#744 = LINE('',#745,#746);
#745 = CARTESIAN_POINT('',(18.577652418711,17.120875906767,3.5));
#746 = VECTOR('',#747,1.);
#747 = DIRECTION('',(-1.614869854E-16,-1.,2.22044604925E-16));
#748 = ORIENTED_EDGE('',*,*,#749,.T.);
#749 = EDGE_CURVE('',#742,#648,#750,.T.);
#750 = LINE('',#751,#752);
#751 = CARTESIAN_POINT('',(18.577652418711,-4.879124093233,3.5));
#752 = VECTOR('',#753,1.);
#753 = DIRECTION('',(-1.,-1.973729821556E-15,2.230314698358E-13));
#754 = ORIENTED_EDGE('',*,*,#645,.F.);
#755 = ORIENTED_EDGE('',*,*,#756,.T.);
#756 = EDGE_CURVE('',#646,#479,#757,.T.);
#757 = CIRCLE('',#758,3.);
#758 = AXIS2_PLACEMENT_3D('',#759,#760,#761);
#759 = CARTESIAN_POINT('',(19.777652418711,-10.87912409323,3.5));
#760 = DIRECTION('',(0.,2.22044604925E-16,1.));
#761 = DIRECTION('',(0.,1.,-2.22044604925E-16));
#762 = FACE_BOUND('',#763,.T.);
#763 = EDGE_LOOP('',(#764,#774,#783,#792,#801,#809,#818,#827));
#764 = ORIENTED_EDGE('',*,*,#765,.F.);
#765 = EDGE_CURVE('',#766,#768,#770,.T.);
#766 = VERTEX_POINT('',#767);
#767 = CARTESIAN_POINT('',(24.049080990711,18.454364733921,3.5));
#768 = VERTEX_POINT('',#769);
#769 = CARTESIAN_POINT('',(24.049080990711,-6.212612920387,3.5));
#770 = LINE('',#771,#772);
#771 = CARTESIAN_POINT('',(24.049080990711,18.454364733921,3.5));
#772 = VECTOR('',#773,1.);
#773 = DIRECTION('',(-1.44027117087E-16,-1.,-6.600962924906E-17));
#774 = ORIENTED_EDGE('',*,*,#775,.T.);
#775 = EDGE_CURVE('',#766,#776,#778,.T.);
#776 = VERTEX_POINT('',#777);
#777 = CARTESIAN_POINT('',(24.051824278972,18.456583166253,
    3.500012542979));
#778 = CIRCLE('',#779,6.);
#779 = AXIS2_PLACEMENT_3D('',#780,#781,#782);
#780 = CARTESIAN_POINT('',(20.277652418711,23.120875906767,3.5));
#781 = DIRECTION('',(0.,2.22044604925E-16,1.));
#782 = DIRECTION('',(0.,1.,-2.22044604925E-16));
#783 = ORIENTED_EDGE('',*,*,#784,.T.);
#784 = EDGE_CURVE('',#776,#785,#787,.T.);
#785 = VERTEX_POINT('',#786);
#786 = CARTESIAN_POINT('',(26.139530871415,21.840883326426,
    3.500152046494));
#787 = CIRCLE('',#788,6.);
#788 = AXIS2_PLACEMENT_3D('',#789,#790,#791);
#789 = CARTESIAN_POINT('',(20.277652418711,23.120875906767,3.5));
#790 = DIRECTION('',(0.,2.22044604925E-16,1.));
#791 = DIRECTION('',(0.,1.,-2.22044604925E-16));
#792 = ORIENTED_EDGE('',*,*,#793,.T.);
#793 = EDGE_CURVE('',#785,#794,#796,.T.);
#794 = VERTEX_POINT('',#795);
#795 = CARTESIAN_POINT('',(26.149080990711,21.885430026164,
    3.499999999999));
#796 = CIRCLE('',#797,6.);
#797 = AXIS2_PLACEMENT_3D('',#798,#799,#800);
#798 = CARTESIAN_POINT('',(20.277652418711,23.120875906767,3.5));
#799 = DIRECTION('',(0.,2.22044604925E-16,1.));
#800 = DIRECTION('',(0.,1.,-2.22044604925E-16));
#801 = ORIENTED_EDGE('',*,*,#802,.T.);
#802 = EDGE_CURVE('',#794,#803,#805,.T.);
#803 = VERTEX_POINT('',#804);
#804 = CARTESIAN_POINT('',(26.149080990711,-9.643678212631,
    3.499999999993));
#805 = LINE('',#806,#807);
#806 = CARTESIAN_POINT('',(26.149080990711,21.885430026164,
    3.499999999999));
#807 = VECTOR('',#808,1.);
#808 = DIRECTION('',(0.,-1.,-2.017012976029E-13));
#809 = ORIENTED_EDGE('',*,*,#810,.T.);
#810 = EDGE_CURVE('',#803,#811,#813,.T.);
#811 = VERTEX_POINT('',#812);
#812 = CARTESIAN_POINT('',(26.137793996758,-9.591203022185,
    3.500212402245));
#813 = CIRCLE('',#814,6.);
#814 = AXIS2_PLACEMENT_3D('',#815,#816,#817);
#815 = CARTESIAN_POINT('',(20.277652418711,-10.87912409323,3.5));
#816 = DIRECTION('',(0.,2.22044604925E-16,1.));
#817 = DIRECTION('',(0.,1.,-2.22044604925E-16));
#818 = ORIENTED_EDGE('',*,*,#819,.T.);
#819 = EDGE_CURVE('',#811,#820,#822,.T.);
#820 = VERTEX_POINT('',#821);
#821 = CARTESIAN_POINT('',(24.052504002186,-6.215381441377,
    3.500019528981));
#822 = CIRCLE('',#823,6.);
#823 = AXIS2_PLACEMENT_3D('',#824,#825,#826);
#824 = CARTESIAN_POINT('',(20.277652418711,-10.87912409323,3.5));
#825 = DIRECTION('',(0.,2.22044604925E-16,1.));
#826 = DIRECTION('',(0.,1.,-2.22044604925E-16));
#827 = ORIENTED_EDGE('',*,*,#828,.T.);
#828 = EDGE_CURVE('',#820,#768,#829,.T.);
#829 = CIRCLE('',#830,6.);
#830 = AXIS2_PLACEMENT_3D('',#831,#832,#833);
#831 = CARTESIAN_POINT('',(20.277652418711,-10.87912409323,3.5));
#832 = DIRECTION('',(0.,2.22044604925E-16,1.));
#833 = DIRECTION('',(0.,1.,-2.22044604925E-16));
#834 = FACE_BOUND('',#835,.T.);
#835 = EDGE_LOOP('',(#836,#846,#854,#863,#872,#880,#889,#898));
#836 = ORIENTED_EDGE('',*,*,#837,.F.);
#837 = EDGE_CURVE('',#838,#840,#842,.T.);
#838 = VERTEX_POINT('',#839);
#839 = CARTESIAN_POINT('',(20.263366704711,17.120875906767,3.5));
#840 = VERTEX_POINT('',#841);
#841 = CARTESIAN_POINT('',(20.263366704711,-4.879124093233,3.5));
#842 = LINE('',#843,#844);
#843 = CARTESIAN_POINT('',(20.263366704711,17.120875906767,3.5));
#844 = VECTOR('',#845,1.);
#845 = DIRECTION('',(-1.614869854E-16,-1.,2.22044604925E-16));
#846 = ORIENTED_EDGE('',*,*,#847,.F.);
#847 = EDGE_CURVE('',#848,#838,#850,.T.);
#848 = VERTEX_POINT('',#849);
#849 = CARTESIAN_POINT('',(20.277652418711,17.120875906767,3.5));
#850 = LINE('',#851,#852);
#851 = CARTESIAN_POINT('',(20.277652418711,17.120875906767,3.5));
#852 = VECTOR('',#853,1.);
#853 = DIRECTION('',(-1.,-6.239889885166E-27,-2.810196576167E-11));
#854 = ORIENTED_EDGE('',*,*,#855,.T.);
#855 = EDGE_CURVE('',#848,#856,#858,.T.);
#856 = VERTEX_POINT('',#857);
#857 = CARTESIAN_POINT('',(22.360317571559,17.493931277476,
    3.500015495755));
#858 = CIRCLE('',#859,6.);
#859 = AXIS2_PLACEMENT_3D('',#860,#861,#862);
#860 = CARTESIAN_POINT('',(20.277652418711,23.120875906767,3.5));
#861 = DIRECTION('',(0.,2.22044604925E-16,1.));
#862 = DIRECTION('',(0.,1.,-2.22044604925E-16));
#863 = ORIENTED_EDGE('',*,*,#864,.T.);
#864 = EDGE_CURVE('',#856,#865,#867,.T.);
#865 = VERTEX_POINT('',#866);
#866 = CARTESIAN_POINT('',(22.363366704711,17.495060773191,3.5));
#867 = CIRCLE('',#868,6.);
#868 = AXIS2_PLACEMENT_3D('',#869,#870,#871);
#869 = CARTESIAN_POINT('',(20.277652418711,23.120875906767,3.5));
#870 = DIRECTION('',(0.,2.22044604925E-16,1.));
#871 = DIRECTION('',(0.,1.,-2.22044604925E-16));
#872 = ORIENTED_EDGE('',*,*,#873,.T.);
#873 = EDGE_CURVE('',#865,#874,#876,.T.);
#874 = VERTEX_POINT('',#875);
#875 = CARTESIAN_POINT('',(22.363366704711,-5.253308959658,
    3.500000000001));
#876 = LINE('',#877,#878);
#877 = CARTESIAN_POINT('',(22.363366704711,17.495060773191,3.5));
#878 = VECTOR('',#879,1.);
#879 = DIRECTION('',(0.,-1.,6.581530524819E-14));
#880 = ORIENTED_EDGE('',*,*,#881,.T.);
#881 = EDGE_CURVE('',#874,#882,#884,.T.);
#882 = VERTEX_POINT('',#883);
#883 = CARTESIAN_POINT('',(22.358496987488,-5.251505957592,3.50003952618
    ));
#884 = CIRCLE('',#885,6.);
#885 = AXIS2_PLACEMENT_3D('',#886,#887,#888);
#886 = CARTESIAN_POINT('',(20.277652418711,-10.87912409323,3.5));
#887 = DIRECTION('',(0.,2.22044604925E-16,1.));
#888 = DIRECTION('',(0.,1.,-2.22044604925E-16));
#889 = ORIENTED_EDGE('',*,*,#890,.T.);
#890 = EDGE_CURVE('',#882,#891,#893,.T.);
#891 = VERTEX_POINT('',#892);
#892 = CARTESIAN_POINT('',(20.277652418711,-4.879124093233,3.5));
#893 = CIRCLE('',#894,6.);
#894 = AXIS2_PLACEMENT_3D('',#895,#896,#897);
#895 = CARTESIAN_POINT('',(20.277652418711,-10.87912409323,3.5));
#896 = DIRECTION('',(0.,2.22044604925E-16,1.));
#897 = DIRECTION('',(0.,1.,-2.22044604925E-16));
#898 = ORIENTED_EDGE('',*,*,#899,.T.);
#899 = EDGE_CURVE('',#891,#840,#900,.T.);
#900 = LINE('',#901,#902);
#901 = CARTESIAN_POINT('',(20.277652418711,-4.879124093233,3.5));
#902 = VECTOR('',#903,1.);
#903 = DIRECTION('',(-1.,-6.239889885166E-27,-2.810196576167E-11));
#904 = FACE_BOUND('',#905,.T.);
#905 = EDGE_LOOP('',(#906));
#906 = ORIENTED_EDGE('',*,*,#907,.F.);
#907 = EDGE_CURVE('',#908,#908,#910,.T.);
#908 = VERTEX_POINT('',#909);
#909 = CARTESIAN_POINT('',(20.277652418711,-13.02912409323,3.5));
#910 = CIRCLE('',#911,2.15);
#911 = AXIS2_PLACEMENT_3D('',#912,#913,#914);
#912 = CARTESIAN_POINT('',(20.277652418711,-10.87912409323,3.5));
#913 = DIRECTION('',(-0.,2.22044604925E-16,1.));
#914 = DIRECTION('',(0.,-1.,2.22044604925E-16));
#915 = FACE_BOUND('',#916,.T.);
#916 = EDGE_LOOP('',(#917));
#917 = ORIENTED_EDGE('',*,*,#918,.F.);
#918 = EDGE_CURVE('',#919,#919,#921,.T.);
#919 = VERTEX_POINT('',#920);
#920 = CARTESIAN_POINT('',(20.277652418711,20.970875906767,3.5));
#921 = CIRCLE('',#922,2.15);
#922 = AXIS2_PLACEMENT_3D('',#923,#924,#925);
#923 = CARTESIAN_POINT('',(20.277652418711,23.120875906767,3.5));
#924 = DIRECTION('',(-0.,2.22044604925E-16,1.));
#925 = DIRECTION('',(0.,-1.,2.22044604925E-16));
#926 = PLANE('',#927);
#927 = AXIS2_PLACEMENT_3D('',#928,#929,#930);
#928 = CARTESIAN_POINT('',(16.777652418711,-13.87912409323,3.5));
#929 = DIRECTION('',(0.,2.22044604925E-16,1.));
#930 = DIRECTION('',(1.,0.,0.));
#931 = ADVANCED_FACE('',(#932),#951,.F.);
#932 = FACE_BOUND('',#933,.F.);
#933 = EDGE_LOOP('',(#934,#935,#944,#950));
#934 = ORIENTED_EDGE('',*,*,#709,.F.);
#935 = ORIENTED_EDGE('',*,*,#936,.T.);
#936 = EDGE_CURVE('',#710,#937,#939,.T.);
#937 = VERTEX_POINT('',#938);
#938 = CARTESIAN_POINT('',(28.134795276711,26.120875906767,
    3.799999999999));
#939 = CIRCLE('',#940,0.3);
#940 = AXIS2_PLACEMENT_3D('',#941,#942,#943);
#941 = CARTESIAN_POINT('',(27.834795276711,26.120875906767,
    3.799999999999));
#942 = DIRECTION('',(0.,-1.,2.22044604925E-16));
#943 = DIRECTION('',(0.,-2.22044604925E-16,-1.));
#944 = ORIENTED_EDGE('',*,*,#945,.T.);
#945 = EDGE_CURVE('',#937,#462,#946,.T.);
#946 = LINE('',#947,#948);
#947 = CARTESIAN_POINT('',(28.134795276711,26.120875906767,
    3.799999999999));
#948 = VECTOR('',#949,1.);
#949 = DIRECTION('',(0.,-1.,2.22044604925E-16));
#950 = ORIENTED_EDGE('',*,*,#469,.F.);
#951 = CYLINDRICAL_SURFACE('',#952,0.3);
#952 = AXIS2_PLACEMENT_3D('',#953,#954,#955);
#953 = CARTESIAN_POINT('',(27.834795276711,21.120875906767,
    3.799999999999));
#954 = DIRECTION('',(0.,-1.,2.22044604925E-16));
#955 = DIRECTION('',(0.,-2.22044604925E-16,-1.));
#956 = ADVANCED_FACE('',(#957),#1364,.T.);
#957 = FACE_BOUND('',#958,.T.);
#958 = EDGE_LOOP('',(#959,#960,#961,#969,#978,#986,#993,#994,#1003,#1011
    ,#1020,#1028,#1037,#1045,#1054,#1062,#1071,#1079,#1088,#1096,#1105,
    #1113,#1122,#1130,#1139,#1147,#1156,#1164,#1173,#1181,#1190,#1198,
    #1207,#1215,#1224,#1232,#1241,#1249,#1258,#1266,#1275,#1283,#1292,
    #1300,#1309,#1317,#1326,#1334,#1343,#1351,#1357,#1358));
#959 = ORIENTED_EDGE('',*,*,#717,.T.);
#960 = ORIENTED_EDGE('',*,*,#936,.T.);
#961 = ORIENTED_EDGE('',*,*,#962,.T.);
#962 = EDGE_CURVE('',#937,#963,#965,.T.);
#963 = VERTEX_POINT('',#964);
#964 = CARTESIAN_POINT('',(28.134795276711,26.120875906767,
    11.549999999999));
#965 = LINE('',#966,#967);
#966 = CARTESIAN_POINT('',(28.134795276711,26.120875906767,
    3.799999999999));
#967 = VECTOR('',#968,1.);
#968 = DIRECTION('',(0.,2.22044604925E-16,1.));
#969 = ORIENTED_EDGE('',*,*,#970,.T.);
#970 = EDGE_CURVE('',#963,#971,#973,.T.);
#971 = VERTEX_POINT('',#972);
#972 = CARTESIAN_POINT('',(29.634795276711,26.120875906767,
    11.549999999999));
#973 = CIRCLE('',#974,0.75);
#974 = AXIS2_PLACEMENT_3D('',#975,#976,#977);
#975 = CARTESIAN_POINT('',(28.884795276711,26.120875906767,
    11.549999999999));
#976 = DIRECTION('',(-0.,1.,-2.832769448824E-16));
#977 = DIRECTION('',(-1.,-0.,0.));
#978 = ORIENTED_EDGE('',*,*,#979,.T.);
#979 = EDGE_CURVE('',#971,#980,#982,.T.);
#980 = VERTEX_POINT('',#981);
#981 = CARTESIAN_POINT('',(29.634795276711,26.120875906767,
    3.799999999999));
#982 = LINE('',#983,#984);
#983 = CARTESIAN_POINT('',(29.634795276711,26.120875906767,
    11.549999999999));
#984 = VECTOR('',#985,1.);
#985 = DIRECTION('',(0.,-2.22044604925E-16,-1.));
#986 = ORIENTED_EDGE('',*,*,#987,.T.);
#987 = EDGE_CURVE('',#980,#40,#988,.T.);
#988 = CIRCLE('',#989,0.3);
#989 = AXIS2_PLACEMENT_3D('',#990,#991,#992);
#990 = CARTESIAN_POINT('',(29.934795276711,26.120875906767,
    3.799999999999));
#991 = DIRECTION('',(0.,-1.,2.832769448824E-16));
#992 = DIRECTION('',(-1.,0.,0.));
#993 = ORIENTED_EDGE('',*,*,#39,.T.);
#994 = ORIENTED_EDGE('',*,*,#995,.T.);
#995 = EDGE_CURVE('',#32,#996,#998,.T.);
#996 = VERTEX_POINT('',#997);
#997 = CARTESIAN_POINT('',(31.920509562711,26.120875906767,
    3.799999999999));
#998 = CIRCLE('',#999,0.3);
#999 = AXIS2_PLACEMENT_3D('',#1000,#1001,#1002);
#1000 = CARTESIAN_POINT('',(31.620509562711,26.120875906767,
    3.799999999999));
#1001 = DIRECTION('',(0.,-1.,2.22044604925E-16));
#1002 = DIRECTION('',(0.,-2.22044604925E-16,-1.));
#1003 = ORIENTED_EDGE('',*,*,#1004,.T.);
#1004 = EDGE_CURVE('',#996,#1005,#1007,.T.);
#1005 = VERTEX_POINT('',#1006);
#1006 = CARTESIAN_POINT('',(31.920509562711,26.120875906767,
    11.549999999999));
#1007 = LINE('',#1008,#1009);
#1008 = CARTESIAN_POINT('',(31.920509562711,26.120875906767,
    3.799999999999));
#1009 = VECTOR('',#1010,1.);
#1010 = DIRECTION('',(-1.329402537874E-14,2.22044604925E-16,1.));
#1011 = ORIENTED_EDGE('',*,*,#1012,.T.);
#1012 = EDGE_CURVE('',#1005,#1013,#1015,.T.);
#1013 = VERTEX_POINT('',#1014);
#1014 = CARTESIAN_POINT('',(33.420509562711,26.120875906767,
    11.549999999999));
#1015 = CIRCLE('',#1016,0.75);
#1016 = AXIS2_PLACEMENT_3D('',#1017,#1018,#1019);
#1017 = CARTESIAN_POINT('',(32.670509562711,26.120875906767,
    11.549999999999));
#1018 = DIRECTION('',(-0.,1.,-2.832769448824E-16));
#1019 = DIRECTION('',(-1.,-0.,0.));
#1020 = ORIENTED_EDGE('',*,*,#1021,.T.);
#1021 = EDGE_CURVE('',#1013,#1022,#1024,.T.);
#1022 = VERTEX_POINT('',#1023);
#1023 = CARTESIAN_POINT('',(33.420509562711,26.120875906767,
    3.799999999999));
#1024 = LINE('',#1025,#1026);
#1025 = CARTESIAN_POINT('',(33.420509562711,26.120875906767,
    11.549999999999));
#1026 = VECTOR('',#1027,1.);
#1027 = DIRECTION('',(0.,-2.22044604925E-16,-1.));
#1028 = ORIENTED_EDGE('',*,*,#1029,.T.);
#1029 = EDGE_CURVE('',#1022,#1030,#1032,.T.);
#1030 = VERTEX_POINT('',#1031);
#1031 = CARTESIAN_POINT('',(33.720509562711,26.120875906767,
    3.499999999999));
#1032 = CIRCLE('',#1033,0.3);
#1033 = AXIS2_PLACEMENT_3D('',#1034,#1035,#1036);
#1034 = CARTESIAN_POINT('',(33.720509562711,26.120875906767,
    3.799999999999));
#1035 = DIRECTION('',(0.,-1.,2.832769448824E-16));
#1036 = DIRECTION('',(-1.,0.,0.));
#1037 = ORIENTED_EDGE('',*,*,#1038,.T.);
#1038 = EDGE_CURVE('',#1030,#1039,#1041,.T.);
#1039 = VERTEX_POINT('',#1040);
#1040 = CARTESIAN_POINT('',(35.406223848711,26.120875906767,
    3.499999999999));
#1041 = LINE('',#1042,#1043);
#1042 = CARTESIAN_POINT('',(33.720509562711,26.120875906767,
    3.499999999999));
#1043 = VECTOR('',#1044,1.);
#1044 = DIRECTION('',(1.,0.,0.));
#1045 = ORIENTED_EDGE('',*,*,#1046,.T.);
#1046 = EDGE_CURVE('',#1039,#1047,#1049,.T.);
#1047 = VERTEX_POINT('',#1048);
#1048 = CARTESIAN_POINT('',(35.706223848711,26.120875906767,
    3.799999999999));
#1049 = CIRCLE('',#1050,0.3);
#1050 = AXIS2_PLACEMENT_3D('',#1051,#1052,#1053);
#1051 = CARTESIAN_POINT('',(35.406223848711,26.120875906767,
    3.799999999999));
#1052 = DIRECTION('',(0.,-1.,2.22044604925E-16));
#1053 = DIRECTION('',(0.,-2.22044604925E-16,-1.));
#1054 = ORIENTED_EDGE('',*,*,#1055,.T.);
#1055 = EDGE_CURVE('',#1047,#1056,#1058,.T.);
#1056 = VERTEX_POINT('',#1057);
#1057 = CARTESIAN_POINT('',(35.706223848711,26.120875906767,
    11.549999999999));
#1058 = LINE('',#1059,#1060);
#1059 = CARTESIAN_POINT('',(35.706223848711,26.120875906767,
    3.799999999999));
#1060 = VECTOR('',#1061,1.);
#1061 = DIRECTION('',(0.,2.22044604925E-16,1.));
#1062 = ORIENTED_EDGE('',*,*,#1063,.T.);
#1063 = EDGE_CURVE('',#1056,#1064,#1066,.T.);
#1064 = VERTEX_POINT('',#1065);
#1065 = CARTESIAN_POINT('',(37.206223848711,26.120875906767,
    11.549999999999));
#1066 = CIRCLE('',#1067,0.75);
#1067 = AXIS2_PLACEMENT_3D('',#1068,#1069,#1070);
#1068 = CARTESIAN_POINT('',(36.456223848711,26.120875906767,
    11.549999999999));
#1069 = DIRECTION('',(-0.,1.,-2.832769448824E-16));
#1070 = DIRECTION('',(-1.,-0.,0.));
#1071 = ORIENTED_EDGE('',*,*,#1072,.T.);
#1072 = EDGE_CURVE('',#1064,#1073,#1075,.T.);
#1073 = VERTEX_POINT('',#1074);
#1074 = CARTESIAN_POINT('',(37.206223848711,26.120875906767,
    3.799999999999));
#1075 = LINE('',#1076,#1077);
#1076 = CARTESIAN_POINT('',(37.206223848711,26.120875906767,
    11.549999999999));
#1077 = VECTOR('',#1078,1.);
#1078 = DIRECTION('',(0.,-2.22044604925E-16,-1.));
#1079 = ORIENTED_EDGE('',*,*,#1080,.T.);
#1080 = EDGE_CURVE('',#1073,#1081,#1083,.T.);
#1081 = VERTEX_POINT('',#1082);
#1082 = CARTESIAN_POINT('',(37.506223848711,26.120875906767,
    3.499999999999));
#1083 = CIRCLE('',#1084,0.3);
#1084 = AXIS2_PLACEMENT_3D('',#1085,#1086,#1087);
#1085 = CARTESIAN_POINT('',(37.506223848711,26.120875906767,
    3.799999999999));
#1086 = DIRECTION('',(0.,-1.,2.832769448824E-16));
#1087 = DIRECTION('',(-1.,0.,0.));
#1088 = ORIENTED_EDGE('',*,*,#1089,.T.);
#1089 = EDGE_CURVE('',#1081,#1090,#1092,.T.);
#1090 = VERTEX_POINT('',#1091);
#1091 = CARTESIAN_POINT('',(39.191938134711,26.120875906767,
    3.499999999999));
#1092 = LINE('',#1093,#1094);
#1093 = CARTESIAN_POINT('',(37.506223848711,26.120875906767,
    3.499999999999));
#1094 = VECTOR('',#1095,1.);
#1095 = DIRECTION('',(1.,0.,0.));
#1096 = ORIENTED_EDGE('',*,*,#1097,.T.);
#1097 = EDGE_CURVE('',#1090,#1098,#1100,.T.);
#1098 = VERTEX_POINT('',#1099);
#1099 = CARTESIAN_POINT('',(39.491938134711,26.120875906767,
    3.799999999999));
#1100 = CIRCLE('',#1101,0.3);
#1101 = AXIS2_PLACEMENT_3D('',#1102,#1103,#1104);
#1102 = CARTESIAN_POINT('',(39.191938134711,26.120875906767,
    3.799999999999));
#1103 = DIRECTION('',(0.,-1.,2.22044604925E-16));
#1104 = DIRECTION('',(0.,-2.22044604925E-16,-1.));
#1105 = ORIENTED_EDGE('',*,*,#1106,.T.);
#1106 = EDGE_CURVE('',#1098,#1107,#1109,.T.);
#1107 = VERTEX_POINT('',#1108);
#1108 = CARTESIAN_POINT('',(39.491938134711,26.120875906767,
    11.549999999999));
#1109 = LINE('',#1110,#1111);
#1110 = CARTESIAN_POINT('',(39.491938134711,26.120875906767,
    3.799999999999));
#1111 = VECTOR('',#1112,1.);
#1112 = DIRECTION('',(0.,2.22044604925E-16,1.));
#1113 = ORIENTED_EDGE('',*,*,#1114,.T.);
#1114 = EDGE_CURVE('',#1107,#1115,#1117,.T.);
#1115 = VERTEX_POINT('',#1116);
#1116 = CARTESIAN_POINT('',(40.991938134711,26.120875906767,
    11.549999999999));
#1117 = CIRCLE('',#1118,0.75);
#1118 = AXIS2_PLACEMENT_3D('',#1119,#1120,#1121);
#1119 = CARTESIAN_POINT('',(40.241938134711,26.120875906767,
    11.549999999999));
#1120 = DIRECTION('',(-0.,1.,-2.832769448824E-16));
#1121 = DIRECTION('',(-1.,-0.,0.));
#1122 = ORIENTED_EDGE('',*,*,#1123,.T.);
#1123 = EDGE_CURVE('',#1115,#1124,#1126,.T.);
#1124 = VERTEX_POINT('',#1125);
#1125 = CARTESIAN_POINT('',(40.991938134711,26.120875906767,
    3.799999999999));
#1126 = LINE('',#1127,#1128);
#1127 = CARTESIAN_POINT('',(40.991938134711,26.120875906767,
    11.549999999999));
#1128 = VECTOR('',#1129,1.);
#1129 = DIRECTION('',(0.,-2.22044604925E-16,-1.));
#1130 = ORIENTED_EDGE('',*,*,#1131,.T.);
#1131 = EDGE_CURVE('',#1124,#1132,#1134,.T.);
#1132 = VERTEX_POINT('',#1133);
#1133 = CARTESIAN_POINT('',(41.291938134711,26.120875906767,
    3.499999999999));
#1134 = CIRCLE('',#1135,0.3);
#1135 = AXIS2_PLACEMENT_3D('',#1136,#1137,#1138);
#1136 = CARTESIAN_POINT('',(41.291938134711,26.120875906767,
    3.799999999999));
#1137 = DIRECTION('',(0.,-1.,2.832769448824E-16));
#1138 = DIRECTION('',(-1.,0.,0.));
#1139 = ORIENTED_EDGE('',*,*,#1140,.T.);
#1140 = EDGE_CURVE('',#1132,#1141,#1143,.T.);
#1141 = VERTEX_POINT('',#1142);
#1142 = CARTESIAN_POINT('',(42.977652420711,26.120875906767,
    3.499999999999));
#1143 = LINE('',#1144,#1145);
#1144 = CARTESIAN_POINT('',(41.291938134711,26.120875906767,
    3.499999999999));
#1145 = VECTOR('',#1146,1.);
#1146 = DIRECTION('',(1.,0.,0.));
#1147 = ORIENTED_EDGE('',*,*,#1148,.T.);
#1148 = EDGE_CURVE('',#1141,#1149,#1151,.T.);
#1149 = VERTEX_POINT('',#1150);
#1150 = CARTESIAN_POINT('',(43.277652420711,26.120875906767,
    3.799999999999));
#1151 = CIRCLE('',#1152,0.3);
#1152 = AXIS2_PLACEMENT_3D('',#1153,#1154,#1155);
#1153 = CARTESIAN_POINT('',(42.977652420711,26.120875906767,
    3.799999999999));
#1154 = DIRECTION('',(0.,-1.,2.22044604925E-16));
#1155 = DIRECTION('',(0.,-2.22044604925E-16,-1.));
#1156 = ORIENTED_EDGE('',*,*,#1157,.T.);
#1157 = EDGE_CURVE('',#1149,#1158,#1160,.T.);
#1158 = VERTEX_POINT('',#1159);
#1159 = CARTESIAN_POINT('',(43.277652420711,26.120875906767,
    11.549999999999));
#1160 = LINE('',#1161,#1162);
#1161 = CARTESIAN_POINT('',(43.277652420711,26.120875906767,
    3.799999999999));
#1162 = VECTOR('',#1163,1.);
#1163 = DIRECTION('',(0.,2.22044604925E-16,1.));
#1164 = ORIENTED_EDGE('',*,*,#1165,.T.);
#1165 = EDGE_CURVE('',#1158,#1166,#1168,.T.);
#1166 = VERTEX_POINT('',#1167);
#1167 = CARTESIAN_POINT('',(44.777652420711,26.120875906767,
    11.549999999999));
#1168 = CIRCLE('',#1169,0.75);
#1169 = AXIS2_PLACEMENT_3D('',#1170,#1171,#1172);
#1170 = CARTESIAN_POINT('',(44.027652420711,26.120875906767,
    11.549999999999));
#1171 = DIRECTION('',(-0.,1.,-2.832769448824E-16));
#1172 = DIRECTION('',(-1.,-0.,0.));
#1173 = ORIENTED_EDGE('',*,*,#1174,.T.);
#1174 = EDGE_CURVE('',#1166,#1175,#1177,.T.);
#1175 = VERTEX_POINT('',#1176);
#1176 = CARTESIAN_POINT('',(44.777652420711,26.120875906767,
    3.799999999999));
#1177 = LINE('',#1178,#1179);
#1178 = CARTESIAN_POINT('',(44.777652420711,26.120875906767,
    11.549999999999));
#1179 = VECTOR('',#1180,1.);
#1180 = DIRECTION('',(0.,-2.22044604925E-16,-1.));
#1181 = ORIENTED_EDGE('',*,*,#1182,.T.);
#1182 = EDGE_CURVE('',#1175,#1183,#1185,.T.);
#1183 = VERTEX_POINT('',#1184);
#1184 = CARTESIAN_POINT('',(45.077652420711,26.120875906767,
    3.499999999999));
#1185 = CIRCLE('',#1186,0.3);
#1186 = AXIS2_PLACEMENT_3D('',#1187,#1188,#1189);
#1187 = CARTESIAN_POINT('',(45.077652420711,26.120875906767,
    3.799999999999));
#1188 = DIRECTION('',(0.,-1.,2.832769448824E-16));
#1189 = DIRECTION('',(-1.,0.,0.));
#1190 = ORIENTED_EDGE('',*,*,#1191,.T.);
#1191 = EDGE_CURVE('',#1183,#1192,#1194,.T.);
#1192 = VERTEX_POINT('',#1193);
#1193 = CARTESIAN_POINT('',(46.977652420711,26.120875906767,
    3.499999999999));
#1194 = LINE('',#1195,#1196);
#1195 = CARTESIAN_POINT('',(45.077652420711,26.120875906767,
    3.499999999999));
#1196 = VECTOR('',#1197,1.);
#1197 = DIRECTION('',(1.,1.204050855337E-29,5.422562983433E-14));
#1198 = ORIENTED_EDGE('',*,*,#1199,.T.);
#1199 = EDGE_CURVE('',#1192,#1200,#1202,.T.);
#1200 = VERTEX_POINT('',#1201);
#1201 = CARTESIAN_POINT('',(47.277652420711,26.120875906767,
    3.799999999999));
#1202 = CIRCLE('',#1203,0.3);
#1203 = AXIS2_PLACEMENT_3D('',#1204,#1205,#1206);
#1204 = CARTESIAN_POINT('',(46.977652420711,26.120875906767,
    3.799999999999));
#1205 = DIRECTION('',(0.,-1.,2.22044604925E-16));
#1206 = DIRECTION('',(0.,-2.22044604925E-16,-1.));
#1207 = ORIENTED_EDGE('',*,*,#1208,.T.);
#1208 = EDGE_CURVE('',#1200,#1209,#1211,.T.);
#1209 = VERTEX_POINT('',#1210);
#1210 = CARTESIAN_POINT('',(47.277652420711,26.120875906767,
    11.549999999999));
#1211 = LINE('',#1212,#1213);
#1212 = CARTESIAN_POINT('',(47.277652420711,26.120875906767,
    3.799999999999));
#1213 = VECTOR('',#1214,1.);
#1214 = DIRECTION('',(0.,2.22044604925E-16,1.));
#1215 = ORIENTED_EDGE('',*,*,#1216,.T.);
#1216 = EDGE_CURVE('',#1209,#1217,#1219,.T.);
#1217 = VERTEX_POINT('',#1218);
#1218 = CARTESIAN_POINT('',(48.777652420711,26.120875906767,
    11.549999999999));
#1219 = CIRCLE('',#1220,0.75);
#1220 = AXIS2_PLACEMENT_3D('',#1221,#1222,#1223);
#1221 = CARTESIAN_POINT('',(48.027652420711,26.120875906767,
    11.549999999999));
#1222 = DIRECTION('',(-0.,1.,-2.832769448824E-16));
#1223 = DIRECTION('',(-1.,-0.,0.));
#1224 = ORIENTED_EDGE('',*,*,#1225,.T.);
#1225 = EDGE_CURVE('',#1217,#1226,#1228,.T.);
#1226 = VERTEX_POINT('',#1227);
#1227 = CARTESIAN_POINT('',(48.777652420711,26.120875906767,
    3.799999999999));
#1228 = LINE('',#1229,#1230);
#1229 = CARTESIAN_POINT('',(48.777652420711,26.120875906767,
    11.549999999999));
#1230 = VECTOR('',#1231,1.);
#1231 = DIRECTION('',(0.,-2.22044604925E-16,-1.));
#1232 = ORIENTED_EDGE('',*,*,#1233,.T.);
#1233 = EDGE_CURVE('',#1226,#1234,#1236,.T.);
#1234 = VERTEX_POINT('',#1235);
#1235 = CARTESIAN_POINT('',(49.077652420711,26.120875906767,
    3.499999999999));
#1236 = CIRCLE('',#1237,0.3);
#1237 = AXIS2_PLACEMENT_3D('',#1238,#1239,#1240);
#1238 = CARTESIAN_POINT('',(49.077652420711,26.120875906767,
    3.799999999999));
#1239 = DIRECTION('',(0.,-1.,2.832769448824E-16));
#1240 = DIRECTION('',(-1.,0.,0.));
#1241 = ORIENTED_EDGE('',*,*,#1242,.T.);
#1242 = EDGE_CURVE('',#1234,#1243,#1245,.T.);
#1243 = VERTEX_POINT('',#1244);
#1244 = CARTESIAN_POINT('',(50.977652420711,26.120875906767,
    3.499999999999));
#1245 = LINE('',#1246,#1247);
#1246 = CARTESIAN_POINT('',(49.077652420711,26.120875906767,
    3.499999999999));
#1247 = VECTOR('',#1248,1.);
#1248 = DIRECTION('',(1.,0.,0.));
#1249 = ORIENTED_EDGE('',*,*,#1250,.T.);
#1250 = EDGE_CURVE('',#1243,#1251,#1253,.T.);
#1251 = VERTEX_POINT('',#1252);
#1252 = CARTESIAN_POINT('',(51.277652420711,26.120875906767,
    3.799999999999));
#1253 = CIRCLE('',#1254,0.3);
#1254 = AXIS2_PLACEMENT_3D('',#1255,#1256,#1257);
#1255 = CARTESIAN_POINT('',(50.977652420711,26.120875906767,
    3.799999999999));
#1256 = DIRECTION('',(0.,-1.,2.22044604925E-16));
#1257 = DIRECTION('',(0.,-2.22044604925E-16,-1.));
#1258 = ORIENTED_EDGE('',*,*,#1259,.T.);
#1259 = EDGE_CURVE('',#1251,#1260,#1262,.T.);
#1260 = VERTEX_POINT('',#1261);
#1261 = CARTESIAN_POINT('',(51.277652420711,26.120875906767,11.55));
#1262 = LINE('',#1263,#1264);
#1263 = CARTESIAN_POINT('',(51.277652420711,26.120875906767,
    3.799999999999));
#1264 = VECTOR('',#1265,1.);
#1265 = DIRECTION('',(0.,2.22044604925E-16,1.));
#1266 = ORIENTED_EDGE('',*,*,#1267,.T.);
#1267 = EDGE_CURVE('',#1260,#1268,#1270,.T.);
#1268 = VERTEX_POINT('',#1269);
#1269 = CARTESIAN_POINT('',(52.777652420711,26.120875906767,11.55));
#1270 = CIRCLE('',#1271,0.75);
#1271 = AXIS2_PLACEMENT_3D('',#1272,#1273,#1274);
#1272 = CARTESIAN_POINT('',(52.027652420711,26.120875906767,11.55));
#1273 = DIRECTION('',(-0.,1.,-2.832769448824E-16));
#1274 = DIRECTION('',(-1.,-0.,0.));
#1275 = ORIENTED_EDGE('',*,*,#1276,.T.);
#1276 = EDGE_CURVE('',#1268,#1277,#1279,.T.);
#1277 = VERTEX_POINT('',#1278);
#1278 = CARTESIAN_POINT('',(52.777652420711,26.120875906767,
    3.799999999999));
#1279 = LINE('',#1280,#1281);
#1280 = CARTESIAN_POINT('',(52.777652420711,26.120875906767,11.55));
#1281 = VECTOR('',#1282,1.);
#1282 = DIRECTION('',(0.,-2.22044604925E-16,-1.));
#1283 = ORIENTED_EDGE('',*,*,#1284,.T.);
#1284 = EDGE_CURVE('',#1277,#1285,#1287,.T.);
#1285 = VERTEX_POINT('',#1286);
#1286 = CARTESIAN_POINT('',(53.077652420711,26.120875906767,
    3.499999999999));
#1287 = CIRCLE('',#1288,0.3);
#1288 = AXIS2_PLACEMENT_3D('',#1289,#1290,#1291);
#1289 = CARTESIAN_POINT('',(53.077652420711,26.120875906767,
    3.799999999999));
#1290 = DIRECTION('',(0.,-1.,2.832769448824E-16));
#1291 = DIRECTION('',(-1.,0.,0.));
#1292 = ORIENTED_EDGE('',*,*,#1293,.T.);
#1293 = EDGE_CURVE('',#1285,#1294,#1296,.T.);
#1294 = VERTEX_POINT('',#1295);
#1295 = CARTESIAN_POINT('',(54.977652420711,26.120875906767,
    3.499999999999));
#1296 = LINE('',#1297,#1298);
#1297 = CARTESIAN_POINT('',(53.077652420711,26.120875906767,
    3.499999999999));
#1298 = VECTOR('',#1299,1.);
#1299 = DIRECTION('',(1.,1.204050855337E-29,5.422562983433E-14));
#1300 = ORIENTED_EDGE('',*,*,#1301,.T.);
#1301 = EDGE_CURVE('',#1294,#1302,#1304,.T.);
#1302 = VERTEX_POINT('',#1303);
#1303 = CARTESIAN_POINT('',(55.277652420711,26.120875906767,
    3.799999999999));
#1304 = CIRCLE('',#1305,0.3);
#1305 = AXIS2_PLACEMENT_3D('',#1306,#1307,#1308);
#1306 = CARTESIAN_POINT('',(54.977652420711,26.120875906767,
    3.799999999999));
#1307 = DIRECTION('',(0.,-1.,2.22044604925E-16));
#1308 = DIRECTION('',(0.,-2.22044604925E-16,-1.));
#1309 = ORIENTED_EDGE('',*,*,#1310,.T.);
#1310 = EDGE_CURVE('',#1302,#1311,#1313,.T.);
#1311 = VERTEX_POINT('',#1312);
#1312 = CARTESIAN_POINT('',(55.277652420711,26.120875906767,11.55));
#1313 = LINE('',#1314,#1315);
#1314 = CARTESIAN_POINT('',(55.277652420711,26.120875906767,
    3.799999999999));
#1315 = VECTOR('',#1316,1.);
#1316 = DIRECTION('',(0.,2.22044604925E-16,1.));
#1317 = ORIENTED_EDGE('',*,*,#1318,.T.);
#1318 = EDGE_CURVE('',#1311,#1319,#1321,.T.);
#1319 = VERTEX_POINT('',#1320);
#1320 = CARTESIAN_POINT('',(56.777652420711,26.120875906767,11.55));
#1321 = CIRCLE('',#1322,0.75);
#1322 = AXIS2_PLACEMENT_3D('',#1323,#1324,#1325);
#1323 = CARTESIAN_POINT('',(56.027652420711,26.120875906767,11.55));
#1324 = DIRECTION('',(-0.,1.,-2.832769448824E-16));
#1325 = DIRECTION('',(-1.,-0.,0.));
#1326 = ORIENTED_EDGE('',*,*,#1327,.T.);
#1327 = EDGE_CURVE('',#1319,#1328,#1330,.T.);
#1328 = VERTEX_POINT('',#1329);
#1329 = CARTESIAN_POINT('',(56.777652420711,26.120875906767,
    3.799999999999));
#1330 = LINE('',#1331,#1332);
#1331 = CARTESIAN_POINT('',(56.777652420711,26.120875906767,11.55));
#1332 = VECTOR('',#1333,1.);
#1333 = DIRECTION('',(-1.375244004697E-14,-2.22044604925E-16,-1.));
#1334 = ORIENTED_EDGE('',*,*,#1335,.T.);
#1335 = EDGE_CURVE('',#1328,#1336,#1338,.T.);
#1336 = VERTEX_POINT('',#1337);
#1337 = CARTESIAN_POINT('',(57.077652420711,26.120875906767,
    3.499999999999));
#1338 = CIRCLE('',#1339,0.3);
#1339 = AXIS2_PLACEMENT_3D('',#1340,#1341,#1342);
#1340 = CARTESIAN_POINT('',(57.077652420711,26.120875906767,
    3.799999999999));
#1341 = DIRECTION('',(0.,-1.,2.832769448824E-16));
#1342 = DIRECTION('',(-1.,0.,0.));
#1343 = ORIENTED_EDGE('',*,*,#1344,.T.);
#1344 = EDGE_CURVE('',#1336,#1345,#1347,.T.);
#1345 = VERTEX_POINT('',#1346);
#1346 = CARTESIAN_POINT('',(64.777652418711,26.120875906767,3.5));
#1347 = LINE('',#1348,#1349);
#1348 = CARTESIAN_POINT('',(57.077652420711,26.120875906767,
    3.499999999999));
#1349 = VECTOR('',#1350,1.);
#1350 = DIRECTION('',(1.,1.731396013207E-29,7.797514439912E-14));
#1351 = ORIENTED_EDGE('',*,*,#1352,.T.);
#1352 = EDGE_CURVE('',#1345,#520,#1353,.T.);
#1353 = LINE('',#1354,#1355);
#1354 = CARTESIAN_POINT('',(64.777652418711,26.120875906767,3.5));
#1355 = VECTOR('',#1356,1.);
#1356 = DIRECTION('',(0.,-2.22044604925E-16,-1.));
#1357 = ORIENTED_EDGE('',*,*,#519,.T.);
#1358 = ORIENTED_EDGE('',*,*,#1359,.T.);
#1359 = EDGE_CURVE('',#511,#718,#1360,.T.);
#1360 = LINE('',#1361,#1362);
#1361 = CARTESIAN_POINT('',(19.777652418711,26.120875906767,
    1.199999999999));
#1362 = VECTOR('',#1363,1.);
#1363 = DIRECTION('',(0.,2.22044604925E-16,1.));
#1364 = PLANE('',#1365);
#1365 = AXIS2_PLACEMENT_3D('',#1366,#1367,#1368);
#1366 = CARTESIAN_POINT('',(27.834795276711,26.120875906767,
    3.499999999999));
#1367 = DIRECTION('',(1.400926773362E-30,1.,-7.268070728326E-16));
#1368 = DIRECTION('',(0.,7.268070728326E-16,1.));
#1369 = ADVANCED_FACE('',(#1370),#1381,.T.);
#1370 = FACE_BOUND('',#1371,.T.);
#1371 = EDGE_LOOP('',(#1372,#1373,#1379,#1380));
#1372 = ORIENTED_EDGE('',*,*,#461,.T.);
#1373 = ORIENTED_EDGE('',*,*,#1374,.F.);
#1374 = EDGE_CURVE('',#963,#453,#1375,.T.);
#1375 = LINE('',#1376,#1377);
#1376 = CARTESIAN_POINT('',(28.134795276711,26.120875906767,
    11.549999999999));
#1377 = VECTOR('',#1378,1.);
#1378 = DIRECTION('',(0.,-1.,2.22044604925E-16));
#1379 = ORIENTED_EDGE('',*,*,#962,.F.);
#1380 = ORIENTED_EDGE('',*,*,#945,.T.);
#1381 = PLANE('',#1382);
#1382 = AXIS2_PLACEMENT_3D('',#1383,#1384,#1385);
#1383 = CARTESIAN_POINT('',(28.134795276711,-13.87912409323,
    3.799999999999));
#1384 = DIRECTION('',(-1.,0.,0.));
#1385 = DIRECTION('',(0.,2.22044604925E-16,1.));
#1386 = ADVANCED_FACE('',(#1387),#1398,.T.);
#1387 = FACE_BOUND('',#1388,.T.);
#1388 = EDGE_LOOP('',(#1389,#1390,#1396,#1397));
#1389 = ORIENTED_EDGE('',*,*,#452,.T.);
#1390 = ORIENTED_EDGE('',*,*,#1391,.F.);
#1391 = EDGE_CURVE('',#971,#445,#1392,.T.);
#1392 = LINE('',#1393,#1394);
#1393 = CARTESIAN_POINT('',(29.634795276711,26.120875906767,
    11.549999999999));
#1394 = VECTOR('',#1395,1.);
#1395 = DIRECTION('',(0.,-1.,2.22044604925E-16));
#1396 = ORIENTED_EDGE('',*,*,#970,.F.);
#1397 = ORIENTED_EDGE('',*,*,#1374,.T.);
#1398 = CYLINDRICAL_SURFACE('',#1399,0.75);
#1399 = AXIS2_PLACEMENT_3D('',#1400,#1401,#1402);
#1400 = CARTESIAN_POINT('',(28.884795276711,26.120875906767,
    11.549999999999));
#1401 = DIRECTION('',(0.,-1.,2.22044604925E-16));
#1402 = DIRECTION('',(0.,-2.22044604925E-16,-1.));
#1403 = ADVANCED_FACE('',(#1404),#1415,.T.);
#1404 = FACE_BOUND('',#1405,.T.);
#1405 = EDGE_LOOP('',(#1406,#1407,#1413,#1414));
#1406 = ORIENTED_EDGE('',*,*,#444,.T.);
#1407 = ORIENTED_EDGE('',*,*,#1408,.F.);
#1408 = EDGE_CURVE('',#980,#436,#1409,.T.);
#1409 = LINE('',#1410,#1411);
#1410 = CARTESIAN_POINT('',(29.634795276711,26.120875906767,
    3.799999999999));
#1411 = VECTOR('',#1412,1.);
#1412 = DIRECTION('',(0.,-1.,2.22044604925E-16));
#1413 = ORIENTED_EDGE('',*,*,#979,.F.);
#1414 = ORIENTED_EDGE('',*,*,#1391,.T.);
#1415 = PLANE('',#1416);
#1416 = AXIS2_PLACEMENT_3D('',#1417,#1418,#1419);
#1417 = CARTESIAN_POINT('',(29.634795276711,-13.87912409323,11.55));
#1418 = DIRECTION('',(1.,0.,0.));
#1419 = DIRECTION('',(0.,-2.22044604925E-16,-1.));
#1420 = ADVANCED_FACE('',(#1421),#1427,.F.);
#1421 = FACE_BOUND('',#1422,.F.);
#1422 = EDGE_LOOP('',(#1423,#1424,#1425,#1426));
#1423 = ORIENTED_EDGE('',*,*,#1408,.F.);
#1424 = ORIENTED_EDGE('',*,*,#987,.T.);
#1425 = ORIENTED_EDGE('',*,*,#47,.T.);
#1426 = ORIENTED_EDGE('',*,*,#435,.F.);
#1427 = CYLINDRICAL_SURFACE('',#1428,0.3);
#1428 = AXIS2_PLACEMENT_3D('',#1429,#1430,#1431);
#1429 = CARTESIAN_POINT('',(29.934795276711,21.120875906767,
    3.799999999999));
#1430 = DIRECTION('',(0.,-1.,2.22044604925E-16));
#1431 = DIRECTION('',(0.,-2.22044604925E-16,-1.));
#1432 = ADVANCED_FACE('',(#1433),#1444,.F.);
#1433 = FACE_BOUND('',#1434,.F.);
#1434 = EDGE_LOOP('',(#1435,#1436,#1437,#1443));
#1435 = ORIENTED_EDGE('',*,*,#31,.F.);
#1436 = ORIENTED_EDGE('',*,*,#995,.T.);
#1437 = ORIENTED_EDGE('',*,*,#1438,.T.);
#1438 = EDGE_CURVE('',#996,#420,#1439,.T.);
#1439 = LINE('',#1440,#1441);
#1440 = CARTESIAN_POINT('',(31.920509562711,26.120875906767,
    3.799999999999));
#1441 = VECTOR('',#1442,1.);
#1442 = DIRECTION('',(0.,-1.,2.22044604925E-16));
#1443 = ORIENTED_EDGE('',*,*,#427,.F.);
#1444 = CYLINDRICAL_SURFACE('',#1445,0.3);
#1445 = AXIS2_PLACEMENT_3D('',#1446,#1447,#1448);
#1446 = CARTESIAN_POINT('',(31.620509562711,21.120875906767,
    3.799999999999));
#1447 = DIRECTION('',(0.,-1.,2.22044604925E-16));
#1448 = DIRECTION('',(0.,-2.22044604925E-16,-1.));
#1449 = ADVANCED_FACE('',(#1450),#1461,.T.);
#1450 = FACE_BOUND('',#1451,.T.);
#1451 = EDGE_LOOP('',(#1452,#1453,#1459,#1460));
#1452 = ORIENTED_EDGE('',*,*,#419,.T.);
#1453 = ORIENTED_EDGE('',*,*,#1454,.F.);
#1454 = EDGE_CURVE('',#1005,#411,#1455,.T.);
#1455 = LINE('',#1456,#1457);
#1456 = CARTESIAN_POINT('',(31.920509562711,26.120875906767,
    11.549999999999));
#1457 = VECTOR('',#1458,1.);
#1458 = DIRECTION('',(0.,-1.,2.22044604925E-16));
#1459 = ORIENTED_EDGE('',*,*,#1004,.F.);
#1460 = ORIENTED_EDGE('',*,*,#1438,.T.);
#1461 = PLANE('',#1462);
#1462 = AXIS2_PLACEMENT_3D('',#1463,#1464,#1465);
#1463 = CARTESIAN_POINT('',(31.920509562711,-13.87912409323,
    3.799999999999));
#1464 = DIRECTION('',(-1.,-2.951866613085E-30,-1.329402537874E-14));
#1465 = DIRECTION('',(-1.329402537874E-14,2.22044604925E-16,1.));
#1466 = ADVANCED_FACE('',(#1467),#1478,.T.);
#1467 = FACE_BOUND('',#1468,.T.);
#1468 = EDGE_LOOP('',(#1469,#1470,#1476,#1477));
#1469 = ORIENTED_EDGE('',*,*,#410,.T.);
#1470 = ORIENTED_EDGE('',*,*,#1471,.F.);
#1471 = EDGE_CURVE('',#1013,#403,#1472,.T.);
#1472 = LINE('',#1473,#1474);
#1473 = CARTESIAN_POINT('',(33.420509562711,26.120875906767,
    11.549999999999));
#1474 = VECTOR('',#1475,1.);
#1475 = DIRECTION('',(0.,-1.,2.22044604925E-16));
#1476 = ORIENTED_EDGE('',*,*,#1012,.F.);
#1477 = ORIENTED_EDGE('',*,*,#1454,.T.);
#1478 = CYLINDRICAL_SURFACE('',#1479,0.75);
#1479 = AXIS2_PLACEMENT_3D('',#1480,#1481,#1482);
#1480 = CARTESIAN_POINT('',(32.670509562711,26.120875906767,
    11.549999999999));
#1481 = DIRECTION('',(0.,-1.,2.22044604925E-16));
#1482 = DIRECTION('',(0.,-2.22044604925E-16,-1.));
#1483 = ADVANCED_FACE('',(#1484),#1495,.T.);
#1484 = FACE_BOUND('',#1485,.T.);
#1485 = EDGE_LOOP('',(#1486,#1487,#1493,#1494));
#1486 = ORIENTED_EDGE('',*,*,#402,.T.);
#1487 = ORIENTED_EDGE('',*,*,#1488,.F.);
#1488 = EDGE_CURVE('',#1022,#394,#1489,.T.);
#1489 = LINE('',#1490,#1491);
#1490 = CARTESIAN_POINT('',(33.420509562711,26.120875906767,
    3.799999999999));
#1491 = VECTOR('',#1492,1.);
#1492 = DIRECTION('',(0.,-1.,2.22044604925E-16));
#1493 = ORIENTED_EDGE('',*,*,#1021,.F.);
#1494 = ORIENTED_EDGE('',*,*,#1471,.T.);
#1495 = PLANE('',#1496);
#1496 = AXIS2_PLACEMENT_3D('',#1497,#1498,#1499);
#1497 = CARTESIAN_POINT('',(33.420509562711,-13.87912409323,11.55));
#1498 = DIRECTION('',(1.,0.,0.));
#1499 = DIRECTION('',(0.,-2.22044604925E-16,-1.));
#1500 = ADVANCED_FACE('',(#1501),#1512,.F.);
#1501 = FACE_BOUND('',#1502,.F.);
#1502 = EDGE_LOOP('',(#1503,#1504,#1505,#1511));
#1503 = ORIENTED_EDGE('',*,*,#1488,.F.);
#1504 = ORIENTED_EDGE('',*,*,#1029,.T.);
#1505 = ORIENTED_EDGE('',*,*,#1506,.T.);
#1506 = EDGE_CURVE('',#1030,#386,#1507,.T.);
#1507 = LINE('',#1508,#1509);
#1508 = CARTESIAN_POINT('',(33.720509562711,26.120875906767,
    3.499999999999));
#1509 = VECTOR('',#1510,1.);
#1510 = DIRECTION('',(0.,-1.,2.22044604925E-16));
#1511 = ORIENTED_EDGE('',*,*,#393,.F.);
#1512 = CYLINDRICAL_SURFACE('',#1513,0.3);
#1513 = AXIS2_PLACEMENT_3D('',#1514,#1515,#1516);
#1514 = CARTESIAN_POINT('',(33.720509562711,21.120875906767,
    3.799999999999));
#1515 = DIRECTION('',(0.,-1.,2.22044604925E-16));
#1516 = DIRECTION('',(0.,-2.22044604925E-16,-1.));
#1517 = ADVANCED_FACE('',(#1518),#1529,.T.);
#1518 = FACE_BOUND('',#1519,.T.);
#1519 = EDGE_LOOP('',(#1520,#1521,#1527,#1528));
#1520 = ORIENTED_EDGE('',*,*,#385,.T.);
#1521 = ORIENTED_EDGE('',*,*,#1522,.F.);
#1522 = EDGE_CURVE('',#1039,#377,#1523,.T.);
#1523 = LINE('',#1524,#1525);
#1524 = CARTESIAN_POINT('',(35.406223848711,26.120875906767,
    3.499999999999));
#1525 = VECTOR('',#1526,1.);
#1526 = DIRECTION('',(0.,-1.,2.22044604925E-16));
#1527 = ORIENTED_EDGE('',*,*,#1038,.F.);
#1528 = ORIENTED_EDGE('',*,*,#1506,.T.);
#1529 = PLANE('',#1530);
#1530 = AXIS2_PLACEMENT_3D('',#1531,#1532,#1533);
#1531 = CARTESIAN_POINT('',(33.720509562711,-13.87912409323,
    3.499999999999));
#1532 = DIRECTION('',(0.,2.22044604925E-16,1.));
#1533 = DIRECTION('',(1.,0.,0.));
#1534 = ADVANCED_FACE('',(#1535),#1546,.F.);
#1535 = FACE_BOUND('',#1536,.F.);
#1536 = EDGE_LOOP('',(#1537,#1538,#1539,#1545));
#1537 = ORIENTED_EDGE('',*,*,#1522,.F.);
#1538 = ORIENTED_EDGE('',*,*,#1046,.T.);
#1539 = ORIENTED_EDGE('',*,*,#1540,.T.);
#1540 = EDGE_CURVE('',#1047,#369,#1541,.T.);
#1541 = LINE('',#1542,#1543);
#1542 = CARTESIAN_POINT('',(35.706223848711,26.120875906767,
    3.799999999999));
#1543 = VECTOR('',#1544,1.);
#1544 = DIRECTION('',(0.,-1.,2.22044604925E-16));
#1545 = ORIENTED_EDGE('',*,*,#376,.F.);
#1546 = CYLINDRICAL_SURFACE('',#1547,0.3);
#1547 = AXIS2_PLACEMENT_3D('',#1548,#1549,#1550);
#1548 = CARTESIAN_POINT('',(35.406223848711,21.120875906767,
    3.799999999999));
#1549 = DIRECTION('',(0.,-1.,2.22044604925E-16));
#1550 = DIRECTION('',(0.,-2.22044604925E-16,-1.));
#1551 = ADVANCED_FACE('',(#1552),#1563,.T.);
#1552 = FACE_BOUND('',#1553,.T.);
#1553 = EDGE_LOOP('',(#1554,#1555,#1561,#1562));
#1554 = ORIENTED_EDGE('',*,*,#368,.T.);
#1555 = ORIENTED_EDGE('',*,*,#1556,.F.);
#1556 = EDGE_CURVE('',#1056,#360,#1557,.T.);
#1557 = LINE('',#1558,#1559);
#1558 = CARTESIAN_POINT('',(35.706223848711,26.120875906767,
    11.549999999999));
#1559 = VECTOR('',#1560,1.);
#1560 = DIRECTION('',(0.,-1.,2.22044604925E-16));
#1561 = ORIENTED_EDGE('',*,*,#1055,.F.);
#1562 = ORIENTED_EDGE('',*,*,#1540,.T.);
#1563 = PLANE('',#1564);
#1564 = AXIS2_PLACEMENT_3D('',#1565,#1566,#1567);
#1565 = CARTESIAN_POINT('',(35.706223848711,-13.87912409323,
    3.799999999999));
#1566 = DIRECTION('',(-1.,0.,0.));
#1567 = DIRECTION('',(0.,2.22044604925E-16,1.));
#1568 = ADVANCED_FACE('',(#1569),#1580,.T.);
#1569 = FACE_BOUND('',#1570,.T.);
#1570 = EDGE_LOOP('',(#1571,#1572,#1578,#1579));
#1571 = ORIENTED_EDGE('',*,*,#359,.T.);
#1572 = ORIENTED_EDGE('',*,*,#1573,.F.);
#1573 = EDGE_CURVE('',#1064,#352,#1574,.T.);
#1574 = LINE('',#1575,#1576);
#1575 = CARTESIAN_POINT('',(37.206223848711,26.120875906767,
    11.549999999999));
#1576 = VECTOR('',#1577,1.);
#1577 = DIRECTION('',(0.,-1.,2.22044604925E-16));
#1578 = ORIENTED_EDGE('',*,*,#1063,.F.);
#1579 = ORIENTED_EDGE('',*,*,#1556,.T.);
#1580 = CYLINDRICAL_SURFACE('',#1581,0.75);
#1581 = AXIS2_PLACEMENT_3D('',#1582,#1583,#1584);
#1582 = CARTESIAN_POINT('',(36.456223848711,26.120875906767,
    11.549999999999));
#1583 = DIRECTION('',(0.,-1.,2.22044604925E-16));
#1584 = DIRECTION('',(0.,-2.22044604925E-16,-1.));
#1585 = ADVANCED_FACE('',(#1586),#1597,.T.);
#1586 = FACE_BOUND('',#1587,.T.);
#1587 = EDGE_LOOP('',(#1588,#1589,#1595,#1596));
#1588 = ORIENTED_EDGE('',*,*,#351,.T.);
#1589 = ORIENTED_EDGE('',*,*,#1590,.F.);
#1590 = EDGE_CURVE('',#1073,#343,#1591,.T.);
#1591 = LINE('',#1592,#1593);
#1592 = CARTESIAN_POINT('',(37.206223848711,26.120875906767,
    3.799999999999));
#1593 = VECTOR('',#1594,1.);
#1594 = DIRECTION('',(0.,-1.,2.22044604925E-16));
#1595 = ORIENTED_EDGE('',*,*,#1072,.F.);
#1596 = ORIENTED_EDGE('',*,*,#1573,.T.);
#1597 = PLANE('',#1598);
#1598 = AXIS2_PLACEMENT_3D('',#1599,#1600,#1601);
#1599 = CARTESIAN_POINT('',(37.206223848711,-13.87912409323,11.55));
#1600 = DIRECTION('',(1.,0.,0.));
#1601 = DIRECTION('',(0.,-2.22044604925E-16,-1.));
#1602 = ADVANCED_FACE('',(#1603),#1614,.F.);
#1603 = FACE_BOUND('',#1604,.F.);
#1604 = EDGE_LOOP('',(#1605,#1606,#1607,#1613));
#1605 = ORIENTED_EDGE('',*,*,#1590,.F.);
#1606 = ORIENTED_EDGE('',*,*,#1080,.T.);
#1607 = ORIENTED_EDGE('',*,*,#1608,.T.);
#1608 = EDGE_CURVE('',#1081,#335,#1609,.T.);
#1609 = LINE('',#1610,#1611);
#1610 = CARTESIAN_POINT('',(37.506223848711,26.120875906767,
    3.499999999999));
#1611 = VECTOR('',#1612,1.);
#1612 = DIRECTION('',(0.,-1.,2.22044604925E-16));
#1613 = ORIENTED_EDGE('',*,*,#342,.F.);
#1614 = CYLINDRICAL_SURFACE('',#1615,0.3);
#1615 = AXIS2_PLACEMENT_3D('',#1616,#1617,#1618);
#1616 = CARTESIAN_POINT('',(37.506223848711,21.120875906767,
    3.799999999999));
#1617 = DIRECTION('',(0.,-1.,2.22044604925E-16));
#1618 = DIRECTION('',(0.,-2.22044604925E-16,-1.));
#1619 = ADVANCED_FACE('',(#1620),#1631,.T.);
#1620 = FACE_BOUND('',#1621,.T.);
#1621 = EDGE_LOOP('',(#1622,#1623,#1629,#1630));
#1622 = ORIENTED_EDGE('',*,*,#334,.T.);
#1623 = ORIENTED_EDGE('',*,*,#1624,.F.);
#1624 = EDGE_CURVE('',#1090,#326,#1625,.T.);
#1625 = LINE('',#1626,#1627);
#1626 = CARTESIAN_POINT('',(39.191938134711,26.120875906767,
    3.499999999999));
#1627 = VECTOR('',#1628,1.);
#1628 = DIRECTION('',(0.,-1.,2.22044604925E-16));
#1629 = ORIENTED_EDGE('',*,*,#1089,.F.);
#1630 = ORIENTED_EDGE('',*,*,#1608,.T.);
#1631 = PLANE('',#1632);
#1632 = AXIS2_PLACEMENT_3D('',#1633,#1634,#1635);
#1633 = CARTESIAN_POINT('',(37.506223848711,-13.87912409323,
    3.499999999999));
#1634 = DIRECTION('',(0.,2.22044604925E-16,1.));
#1635 = DIRECTION('',(1.,0.,0.));
#1636 = ADVANCED_FACE('',(#1637),#1648,.F.);
#1637 = FACE_BOUND('',#1638,.F.);
#1638 = EDGE_LOOP('',(#1639,#1640,#1641,#1647));
#1639 = ORIENTED_EDGE('',*,*,#1624,.F.);
#1640 = ORIENTED_EDGE('',*,*,#1097,.T.);
#1641 = ORIENTED_EDGE('',*,*,#1642,.T.);
#1642 = EDGE_CURVE('',#1098,#318,#1643,.T.);
#1643 = LINE('',#1644,#1645);
#1644 = CARTESIAN_POINT('',(39.491938134711,26.120875906767,
    3.799999999999));
#1645 = VECTOR('',#1646,1.);
#1646 = DIRECTION('',(0.,-1.,2.22044604925E-16));
#1647 = ORIENTED_EDGE('',*,*,#325,.F.);
#1648 = CYLINDRICAL_SURFACE('',#1649,0.3);
#1649 = AXIS2_PLACEMENT_3D('',#1650,#1651,#1652);
#1650 = CARTESIAN_POINT('',(39.191938134711,21.120875906767,
    3.799999999999));
#1651 = DIRECTION('',(0.,-1.,2.22044604925E-16));
#1652 = DIRECTION('',(0.,-2.22044604925E-16,-1.));
#1653 = ADVANCED_FACE('',(#1654),#1665,.T.);
#1654 = FACE_BOUND('',#1655,.T.);
#1655 = EDGE_LOOP('',(#1656,#1657,#1663,#1664));
#1656 = ORIENTED_EDGE('',*,*,#317,.T.);
#1657 = ORIENTED_EDGE('',*,*,#1658,.F.);
#1658 = EDGE_CURVE('',#1107,#309,#1659,.T.);
#1659 = LINE('',#1660,#1661);
#1660 = CARTESIAN_POINT('',(39.491938134711,26.120875906767,
    11.549999999999));
#1661 = VECTOR('',#1662,1.);
#1662 = DIRECTION('',(0.,-1.,2.22044604925E-16));
#1663 = ORIENTED_EDGE('',*,*,#1106,.F.);
#1664 = ORIENTED_EDGE('',*,*,#1642,.T.);
#1665 = PLANE('',#1666);
#1666 = AXIS2_PLACEMENT_3D('',#1667,#1668,#1669);
#1667 = CARTESIAN_POINT('',(39.491938134711,-13.87912409323,
    3.799999999999));
#1668 = DIRECTION('',(-1.,0.,0.));
#1669 = DIRECTION('',(0.,2.22044604925E-16,1.));
#1670 = ADVANCED_FACE('',(#1671),#1682,.T.);
#1671 = FACE_BOUND('',#1672,.T.);
#1672 = EDGE_LOOP('',(#1673,#1674,#1680,#1681));
#1673 = ORIENTED_EDGE('',*,*,#308,.T.);
#1674 = ORIENTED_EDGE('',*,*,#1675,.F.);
#1675 = EDGE_CURVE('',#1115,#301,#1676,.T.);
#1676 = LINE('',#1677,#1678);
#1677 = CARTESIAN_POINT('',(40.991938134711,26.120875906767,
    11.549999999999));
#1678 = VECTOR('',#1679,1.);
#1679 = DIRECTION('',(0.,-1.,2.22044604925E-16));
#1680 = ORIENTED_EDGE('',*,*,#1114,.F.);
#1681 = ORIENTED_EDGE('',*,*,#1658,.T.);
#1682 = CYLINDRICAL_SURFACE('',#1683,0.75);
#1683 = AXIS2_PLACEMENT_3D('',#1684,#1685,#1686);
#1684 = CARTESIAN_POINT('',(40.241938134711,26.120875906767,
    11.549999999999));
#1685 = DIRECTION('',(0.,-1.,2.22044604925E-16));
#1686 = DIRECTION('',(0.,-2.22044604925E-16,-1.));
#1687 = ADVANCED_FACE('',(#1688),#1699,.T.);
#1688 = FACE_BOUND('',#1689,.T.);
#1689 = EDGE_LOOP('',(#1690,#1691,#1697,#1698));
#1690 = ORIENTED_EDGE('',*,*,#300,.T.);
#1691 = ORIENTED_EDGE('',*,*,#1692,.F.);
#1692 = EDGE_CURVE('',#1124,#292,#1693,.T.);
#1693 = LINE('',#1694,#1695);
#1694 = CARTESIAN_POINT('',(40.991938134711,26.120875906767,
    3.799999999999));
#1695 = VECTOR('',#1696,1.);
#1696 = DIRECTION('',(0.,-1.,2.22044604925E-16));
#1697 = ORIENTED_EDGE('',*,*,#1123,.F.);
#1698 = ORIENTED_EDGE('',*,*,#1675,.T.);
#1699 = PLANE('',#1700);
#1700 = AXIS2_PLACEMENT_3D('',#1701,#1702,#1703);
#1701 = CARTESIAN_POINT('',(40.991938134711,-13.87912409323,11.55));
#1702 = DIRECTION('',(1.,0.,0.));
#1703 = DIRECTION('',(0.,-2.22044604925E-16,-1.));
#1704 = ADVANCED_FACE('',(#1705),#1716,.F.);
#1705 = FACE_BOUND('',#1706,.F.);
#1706 = EDGE_LOOP('',(#1707,#1708,#1709,#1715));
#1707 = ORIENTED_EDGE('',*,*,#1692,.F.);
#1708 = ORIENTED_EDGE('',*,*,#1131,.T.);
#1709 = ORIENTED_EDGE('',*,*,#1710,.T.);
#1710 = EDGE_CURVE('',#1132,#284,#1711,.T.);
#1711 = LINE('',#1712,#1713);
#1712 = CARTESIAN_POINT('',(41.291938134711,26.120875906767,
    3.499999999999));
#1713 = VECTOR('',#1714,1.);
#1714 = DIRECTION('',(0.,-1.,2.22044604925E-16));
#1715 = ORIENTED_EDGE('',*,*,#291,.F.);
#1716 = CYLINDRICAL_SURFACE('',#1717,0.3);
#1717 = AXIS2_PLACEMENT_3D('',#1718,#1719,#1720);
#1718 = CARTESIAN_POINT('',(41.291938134711,21.120875906767,
    3.799999999999));
#1719 = DIRECTION('',(0.,-1.,2.22044604925E-16));
#1720 = DIRECTION('',(0.,-2.22044604925E-16,-1.));
#1721 = ADVANCED_FACE('',(#1722),#1733,.T.);
#1722 = FACE_BOUND('',#1723,.T.);
#1723 = EDGE_LOOP('',(#1724,#1725,#1731,#1732));
#1724 = ORIENTED_EDGE('',*,*,#283,.T.);
#1725 = ORIENTED_EDGE('',*,*,#1726,.F.);
#1726 = EDGE_CURVE('',#1141,#275,#1727,.T.);
#1727 = LINE('',#1728,#1729);
#1728 = CARTESIAN_POINT('',(42.977652420711,26.120875906767,
    3.499999999999));
#1729 = VECTOR('',#1730,1.);
#1730 = DIRECTION('',(0.,-1.,2.22044604925E-16));
#1731 = ORIENTED_EDGE('',*,*,#1140,.F.);
#1732 = ORIENTED_EDGE('',*,*,#1710,.T.);
#1733 = PLANE('',#1734);
#1734 = AXIS2_PLACEMENT_3D('',#1735,#1736,#1737);
#1735 = CARTESIAN_POINT('',(41.291938134711,-13.87912409323,
    3.499999999999));
#1736 = DIRECTION('',(0.,2.22044604925E-16,1.));
#1737 = DIRECTION('',(1.,0.,0.));
#1738 = ADVANCED_FACE('',(#1739),#1750,.F.);
#1739 = FACE_BOUND('',#1740,.F.);
#1740 = EDGE_LOOP('',(#1741,#1742,#1743,#1749));
#1741 = ORIENTED_EDGE('',*,*,#1726,.F.);
#1742 = ORIENTED_EDGE('',*,*,#1148,.T.);
#1743 = ORIENTED_EDGE('',*,*,#1744,.T.);
#1744 = EDGE_CURVE('',#1149,#267,#1745,.T.);
#1745 = LINE('',#1746,#1747);
#1746 = CARTESIAN_POINT('',(43.277652420711,26.120875906767,
    3.799999999999));
#1747 = VECTOR('',#1748,1.);
#1748 = DIRECTION('',(0.,-1.,2.22044604925E-16));
#1749 = ORIENTED_EDGE('',*,*,#274,.F.);
#1750 = CYLINDRICAL_SURFACE('',#1751,0.3);
#1751 = AXIS2_PLACEMENT_3D('',#1752,#1753,#1754);
#1752 = CARTESIAN_POINT('',(42.977652420711,21.120875906767,
    3.799999999999));
#1753 = DIRECTION('',(0.,-1.,2.22044604925E-16));
#1754 = DIRECTION('',(0.,-2.22044604925E-16,-1.));
#1755 = ADVANCED_FACE('',(#1756),#1767,.T.);
#1756 = FACE_BOUND('',#1757,.T.);
#1757 = EDGE_LOOP('',(#1758,#1759,#1765,#1766));
#1758 = ORIENTED_EDGE('',*,*,#266,.T.);
#1759 = ORIENTED_EDGE('',*,*,#1760,.F.);
#1760 = EDGE_CURVE('',#1158,#258,#1761,.T.);
#1761 = LINE('',#1762,#1763);
#1762 = CARTESIAN_POINT('',(43.277652420711,26.120875906767,
    11.549999999999));
#1763 = VECTOR('',#1764,1.);
#1764 = DIRECTION('',(0.,-1.,2.22044604925E-16));
#1765 = ORIENTED_EDGE('',*,*,#1157,.F.);
#1766 = ORIENTED_EDGE('',*,*,#1744,.T.);
#1767 = PLANE('',#1768);
#1768 = AXIS2_PLACEMENT_3D('',#1769,#1770,#1771);
#1769 = CARTESIAN_POINT('',(43.277652420711,-13.87912409323,
    3.799999999999));
#1770 = DIRECTION('',(-1.,0.,0.));
#1771 = DIRECTION('',(0.,2.22044604925E-16,1.));
#1772 = ADVANCED_FACE('',(#1773),#1784,.T.);
#1773 = FACE_BOUND('',#1774,.T.);
#1774 = EDGE_LOOP('',(#1775,#1776,#1782,#1783));
#1775 = ORIENTED_EDGE('',*,*,#257,.T.);
#1776 = ORIENTED_EDGE('',*,*,#1777,.F.);
#1777 = EDGE_CURVE('',#1166,#250,#1778,.T.);
#1778 = LINE('',#1779,#1780);
#1779 = CARTESIAN_POINT('',(44.777652420711,26.120875906767,
    11.549999999999));
#1780 = VECTOR('',#1781,1.);
#1781 = DIRECTION('',(0.,-1.,2.22044604925E-16));
#1782 = ORIENTED_EDGE('',*,*,#1165,.F.);
#1783 = ORIENTED_EDGE('',*,*,#1760,.T.);
#1784 = CYLINDRICAL_SURFACE('',#1785,0.75);
#1785 = AXIS2_PLACEMENT_3D('',#1786,#1787,#1788);
#1786 = CARTESIAN_POINT('',(44.027652420711,26.120875906767,
    11.549999999999));
#1787 = DIRECTION('',(0.,-1.,2.22044604925E-16));
#1788 = DIRECTION('',(0.,-2.22044604925E-16,-1.));
#1789 = ADVANCED_FACE('',(#1790),#1801,.T.);
#1790 = FACE_BOUND('',#1791,.T.);
#1791 = EDGE_LOOP('',(#1792,#1793,#1799,#1800));
#1792 = ORIENTED_EDGE('',*,*,#249,.T.);
#1793 = ORIENTED_EDGE('',*,*,#1794,.F.);
#1794 = EDGE_CURVE('',#1175,#241,#1795,.T.);
#1795 = LINE('',#1796,#1797);
#1796 = CARTESIAN_POINT('',(44.777652420711,26.120875906767,
    3.799999999999));
#1797 = VECTOR('',#1798,1.);
#1798 = DIRECTION('',(0.,-1.,2.22044604925E-16));
#1799 = ORIENTED_EDGE('',*,*,#1174,.F.);
#1800 = ORIENTED_EDGE('',*,*,#1777,.T.);
#1801 = PLANE('',#1802);
#1802 = AXIS2_PLACEMENT_3D('',#1803,#1804,#1805);
#1803 = CARTESIAN_POINT('',(44.777652420711,-13.87912409323,11.55));
#1804 = DIRECTION('',(1.,0.,0.));
#1805 = DIRECTION('',(0.,-2.22044604925E-16,-1.));
#1806 = ADVANCED_FACE('',(#1807),#1818,.F.);
#1807 = FACE_BOUND('',#1808,.F.);
#1808 = EDGE_LOOP('',(#1809,#1810,#1811,#1817));
#1809 = ORIENTED_EDGE('',*,*,#1794,.F.);
#1810 = ORIENTED_EDGE('',*,*,#1182,.T.);
#1811 = ORIENTED_EDGE('',*,*,#1812,.T.);
#1812 = EDGE_CURVE('',#1183,#233,#1813,.T.);
#1813 = LINE('',#1814,#1815);
#1814 = CARTESIAN_POINT('',(45.077652420711,26.120875906767,
    3.499999999999));
#1815 = VECTOR('',#1816,1.);
#1816 = DIRECTION('',(0.,-1.,2.22044604925E-16));
#1817 = ORIENTED_EDGE('',*,*,#240,.F.);
#1818 = CYLINDRICAL_SURFACE('',#1819,0.3);
#1819 = AXIS2_PLACEMENT_3D('',#1820,#1821,#1822);
#1820 = CARTESIAN_POINT('',(45.077652420711,21.120875906767,
    3.799999999999));
#1821 = DIRECTION('',(0.,-1.,2.22044604925E-16));
#1822 = DIRECTION('',(0.,-2.22044604925E-16,-1.));
#1823 = ADVANCED_FACE('',(#1824),#1835,.T.);
#1824 = FACE_BOUND('',#1825,.T.);
#1825 = EDGE_LOOP('',(#1826,#1827,#1833,#1834));
#1826 = ORIENTED_EDGE('',*,*,#232,.T.);
#1827 = ORIENTED_EDGE('',*,*,#1828,.F.);
#1828 = EDGE_CURVE('',#1192,#224,#1829,.T.);
#1829 = LINE('',#1830,#1831);
#1830 = CARTESIAN_POINT('',(46.977652420711,26.120875906767,
    3.499999999999));
#1831 = VECTOR('',#1832,1.);
#1832 = DIRECTION('',(0.,-1.,2.22044604925E-16));
#1833 = ORIENTED_EDGE('',*,*,#1191,.F.);
#1834 = ORIENTED_EDGE('',*,*,#1812,.T.);
#1835 = PLANE('',#1836);
#1836 = AXIS2_PLACEMENT_3D('',#1837,#1838,#1839);
#1837 = CARTESIAN_POINT('',(45.077652420711,-13.87912409323,
    3.499999999999));
#1838 = DIRECTION('',(-5.422562983433E-14,2.22044604925E-16,1.));
#1839 = DIRECTION('',(1.,1.204050855337E-29,5.422562983433E-14));
#1840 = ADVANCED_FACE('',(#1841),#1852,.F.);
#1841 = FACE_BOUND('',#1842,.F.);
#1842 = EDGE_LOOP('',(#1843,#1844,#1845,#1851));
#1843 = ORIENTED_EDGE('',*,*,#1828,.F.);
#1844 = ORIENTED_EDGE('',*,*,#1199,.T.);
#1845 = ORIENTED_EDGE('',*,*,#1846,.T.);
#1846 = EDGE_CURVE('',#1200,#216,#1847,.T.);
#1847 = LINE('',#1848,#1849);
#1848 = CARTESIAN_POINT('',(47.277652420711,26.120875906767,
    3.799999999999));
#1849 = VECTOR('',#1850,1.);
#1850 = DIRECTION('',(0.,-1.,2.22044604925E-16));
#1851 = ORIENTED_EDGE('',*,*,#223,.F.);
#1852 = CYLINDRICAL_SURFACE('',#1853,0.3);
#1853 = AXIS2_PLACEMENT_3D('',#1854,#1855,#1856);
#1854 = CARTESIAN_POINT('',(46.977652420711,21.120875906767,
    3.799999999999));
#1855 = DIRECTION('',(0.,-1.,2.22044604925E-16));
#1856 = DIRECTION('',(0.,-2.22044604925E-16,-1.));
#1857 = ADVANCED_FACE('',(#1858),#1869,.T.);
#1858 = FACE_BOUND('',#1859,.T.);
#1859 = EDGE_LOOP('',(#1860,#1861,#1867,#1868));
#1860 = ORIENTED_EDGE('',*,*,#215,.T.);
#1861 = ORIENTED_EDGE('',*,*,#1862,.F.);
#1862 = EDGE_CURVE('',#1209,#207,#1863,.T.);
#1863 = LINE('',#1864,#1865);
#1864 = CARTESIAN_POINT('',(47.277652420711,26.120875906767,
    11.549999999999));
#1865 = VECTOR('',#1866,1.);
#1866 = DIRECTION('',(0.,-1.,2.22044604925E-16));
#1867 = ORIENTED_EDGE('',*,*,#1208,.F.);
#1868 = ORIENTED_EDGE('',*,*,#1846,.T.);
#1869 = PLANE('',#1870);
#1870 = AXIS2_PLACEMENT_3D('',#1871,#1872,#1873);
#1871 = CARTESIAN_POINT('',(47.277652420711,-13.87912409323,
    3.799999999999));
#1872 = DIRECTION('',(-1.,0.,0.));
#1873 = DIRECTION('',(0.,2.22044604925E-16,1.));
#1874 = ADVANCED_FACE('',(#1875),#1886,.T.);
#1875 = FACE_BOUND('',#1876,.T.);
#1876 = EDGE_LOOP('',(#1877,#1878,#1884,#1885));
#1877 = ORIENTED_EDGE('',*,*,#206,.T.);
#1878 = ORIENTED_EDGE('',*,*,#1879,.F.);
#1879 = EDGE_CURVE('',#1217,#199,#1880,.T.);
#1880 = LINE('',#1881,#1882);
#1881 = CARTESIAN_POINT('',(48.777652420711,26.120875906767,
    11.549999999999));
#1882 = VECTOR('',#1883,1.);
#1883 = DIRECTION('',(0.,-1.,2.22044604925E-16));
#1884 = ORIENTED_EDGE('',*,*,#1216,.F.);
#1885 = ORIENTED_EDGE('',*,*,#1862,.T.);
#1886 = CYLINDRICAL_SURFACE('',#1887,0.75);
#1887 = AXIS2_PLACEMENT_3D('',#1888,#1889,#1890);
#1888 = CARTESIAN_POINT('',(48.027652420711,26.120875906767,
    11.549999999999));
#1889 = DIRECTION('',(0.,-1.,2.22044604925E-16));
#1890 = DIRECTION('',(0.,-2.22044604925E-16,-1.));
#1891 = ADVANCED_FACE('',(#1892),#1903,.T.);
#1892 = FACE_BOUND('',#1893,.T.);
#1893 = EDGE_LOOP('',(#1894,#1895,#1901,#1902));
#1894 = ORIENTED_EDGE('',*,*,#198,.T.);
#1895 = ORIENTED_EDGE('',*,*,#1896,.F.);
#1896 = EDGE_CURVE('',#1226,#190,#1897,.T.);
#1897 = LINE('',#1898,#1899);
#1898 = CARTESIAN_POINT('',(48.777652420711,26.120875906767,
    3.799999999999));
#1899 = VECTOR('',#1900,1.);
#1900 = DIRECTION('',(0.,-1.,2.22044604925E-16));
#1901 = ORIENTED_EDGE('',*,*,#1225,.F.);
#1902 = ORIENTED_EDGE('',*,*,#1879,.T.);
#1903 = PLANE('',#1904);
#1904 = AXIS2_PLACEMENT_3D('',#1905,#1906,#1907);
#1905 = CARTESIAN_POINT('',(48.777652420711,-13.87912409323,11.55));
#1906 = DIRECTION('',(1.,0.,0.));
#1907 = DIRECTION('',(0.,-2.22044604925E-16,-1.));
#1908 = ADVANCED_FACE('',(#1909),#1920,.F.);
#1909 = FACE_BOUND('',#1910,.F.);
#1910 = EDGE_LOOP('',(#1911,#1912,#1913,#1919));
#1911 = ORIENTED_EDGE('',*,*,#1896,.F.);
#1912 = ORIENTED_EDGE('',*,*,#1233,.T.);
#1913 = ORIENTED_EDGE('',*,*,#1914,.T.);
#1914 = EDGE_CURVE('',#1234,#182,#1915,.T.);
#1915 = LINE('',#1916,#1917);
#1916 = CARTESIAN_POINT('',(49.077652420711,26.120875906767,
    3.499999999999));
#1917 = VECTOR('',#1918,1.);
#1918 = DIRECTION('',(0.,-1.,2.22044604925E-16));
#1919 = ORIENTED_EDGE('',*,*,#189,.F.);
#1920 = CYLINDRICAL_SURFACE('',#1921,0.3);
#1921 = AXIS2_PLACEMENT_3D('',#1922,#1923,#1924);
#1922 = CARTESIAN_POINT('',(49.077652420711,21.120875906767,
    3.799999999999));
#1923 = DIRECTION('',(0.,-1.,2.22044604925E-16));
#1924 = DIRECTION('',(0.,-2.22044604925E-16,-1.));
#1925 = ADVANCED_FACE('',(#1926),#1937,.T.);
#1926 = FACE_BOUND('',#1927,.T.);
#1927 = EDGE_LOOP('',(#1928,#1929,#1935,#1936));
#1928 = ORIENTED_EDGE('',*,*,#181,.T.);
#1929 = ORIENTED_EDGE('',*,*,#1930,.F.);
#1930 = EDGE_CURVE('',#1243,#173,#1931,.T.);
#1931 = LINE('',#1932,#1933);
#1932 = CARTESIAN_POINT('',(50.977652420711,26.120875906767,
    3.499999999999));
#1933 = VECTOR('',#1934,1.);
#1934 = DIRECTION('',(0.,-1.,2.22044604925E-16));
#1935 = ORIENTED_EDGE('',*,*,#1242,.F.);
#1936 = ORIENTED_EDGE('',*,*,#1914,.T.);
#1937 = PLANE('',#1938);
#1938 = AXIS2_PLACEMENT_3D('',#1939,#1940,#1941);
#1939 = CARTESIAN_POINT('',(49.077652420711,-13.87912409323,
    3.499999999999));
#1940 = DIRECTION('',(0.,2.22044604925E-16,1.));
#1941 = DIRECTION('',(1.,0.,0.));
#1942 = ADVANCED_FACE('',(#1943),#1954,.F.);
#1943 = FACE_BOUND('',#1944,.F.);
#1944 = EDGE_LOOP('',(#1945,#1946,#1947,#1953));
#1945 = ORIENTED_EDGE('',*,*,#1930,.F.);
#1946 = ORIENTED_EDGE('',*,*,#1250,.T.);
#1947 = ORIENTED_EDGE('',*,*,#1948,.T.);
#1948 = EDGE_CURVE('',#1251,#165,#1949,.T.);
#1949 = LINE('',#1950,#1951);
#1950 = CARTESIAN_POINT('',(51.277652420711,26.120875906767,
    3.799999999999));
#1951 = VECTOR('',#1952,1.);
#1952 = DIRECTION('',(0.,-1.,2.22044604925E-16));
#1953 = ORIENTED_EDGE('',*,*,#172,.F.);
#1954 = CYLINDRICAL_SURFACE('',#1955,0.3);
#1955 = AXIS2_PLACEMENT_3D('',#1956,#1957,#1958);
#1956 = CARTESIAN_POINT('',(50.977652420711,21.120875906767,
    3.799999999999));
#1957 = DIRECTION('',(0.,-1.,2.22044604925E-16));
#1958 = DIRECTION('',(0.,-2.22044604925E-16,-1.));
#1959 = ADVANCED_FACE('',(#1960),#1971,.T.);
#1960 = FACE_BOUND('',#1961,.T.);
#1961 = EDGE_LOOP('',(#1962,#1963,#1969,#1970));
#1962 = ORIENTED_EDGE('',*,*,#164,.T.);
#1963 = ORIENTED_EDGE('',*,*,#1964,.F.);
#1964 = EDGE_CURVE('',#1260,#156,#1965,.T.);
#1965 = LINE('',#1966,#1967);
#1966 = CARTESIAN_POINT('',(51.277652420711,26.120875906767,11.55));
#1967 = VECTOR('',#1968,1.);
#1968 = DIRECTION('',(0.,-1.,2.22044604925E-16));
#1969 = ORIENTED_EDGE('',*,*,#1259,.F.);
#1970 = ORIENTED_EDGE('',*,*,#1948,.T.);
#1971 = PLANE('',#1972);
#1972 = AXIS2_PLACEMENT_3D('',#1973,#1974,#1975);
#1973 = CARTESIAN_POINT('',(51.277652420711,-13.87912409323,
    3.799999999999));
#1974 = DIRECTION('',(-1.,0.,0.));
#1975 = DIRECTION('',(0.,2.22044604925E-16,1.));
#1976 = ADVANCED_FACE('',(#1977),#1988,.T.);
#1977 = FACE_BOUND('',#1978,.T.);
#1978 = EDGE_LOOP('',(#1979,#1980,#1986,#1987));
#1979 = ORIENTED_EDGE('',*,*,#155,.T.);
#1980 = ORIENTED_EDGE('',*,*,#1981,.F.);
#1981 = EDGE_CURVE('',#1268,#148,#1982,.T.);
#1982 = LINE('',#1983,#1984);
#1983 = CARTESIAN_POINT('',(52.777652420711,26.120875906767,11.55));
#1984 = VECTOR('',#1985,1.);
#1985 = DIRECTION('',(0.,-1.,2.22044604925E-16));
#1986 = ORIENTED_EDGE('',*,*,#1267,.F.);
#1987 = ORIENTED_EDGE('',*,*,#1964,.T.);
#1988 = CYLINDRICAL_SURFACE('',#1989,0.75);
#1989 = AXIS2_PLACEMENT_3D('',#1990,#1991,#1992);
#1990 = CARTESIAN_POINT('',(52.027652420711,26.120875906767,11.55));
#1991 = DIRECTION('',(0.,-1.,2.22044604925E-16));
#1992 = DIRECTION('',(0.,-2.22044604925E-16,-1.));
#1993 = ADVANCED_FACE('',(#1994),#2005,.T.);
#1994 = FACE_BOUND('',#1995,.T.);
#1995 = EDGE_LOOP('',(#1996,#1997,#2003,#2004));
#1996 = ORIENTED_EDGE('',*,*,#147,.T.);
#1997 = ORIENTED_EDGE('',*,*,#1998,.F.);
#1998 = EDGE_CURVE('',#1277,#139,#1999,.T.);
#1999 = LINE('',#2000,#2001);
#2000 = CARTESIAN_POINT('',(52.777652420711,26.120875906767,
    3.799999999999));
#2001 = VECTOR('',#2002,1.);
#2002 = DIRECTION('',(0.,-1.,2.22044604925E-16));
#2003 = ORIENTED_EDGE('',*,*,#1276,.F.);
#2004 = ORIENTED_EDGE('',*,*,#1981,.T.);
#2005 = PLANE('',#2006);
#2006 = AXIS2_PLACEMENT_3D('',#2007,#2008,#2009);
#2007 = CARTESIAN_POINT('',(52.777652420711,-13.87912409323,11.55));
#2008 = DIRECTION('',(1.,0.,0.));
#2009 = DIRECTION('',(0.,-2.22044604925E-16,-1.));
#2010 = ADVANCED_FACE('',(#2011),#2022,.F.);
#2011 = FACE_BOUND('',#2012,.F.);
#2012 = EDGE_LOOP('',(#2013,#2014,#2015,#2021));
#2013 = ORIENTED_EDGE('',*,*,#1998,.F.);
#2014 = ORIENTED_EDGE('',*,*,#1284,.T.);
#2015 = ORIENTED_EDGE('',*,*,#2016,.T.);
#2016 = EDGE_CURVE('',#1285,#131,#2017,.T.);
#2017 = LINE('',#2018,#2019);
#2018 = CARTESIAN_POINT('',(53.077652420711,26.120875906767,
    3.499999999999));
#2019 = VECTOR('',#2020,1.);
#2020 = DIRECTION('',(0.,-1.,2.22044604925E-16));
#2021 = ORIENTED_EDGE('',*,*,#138,.F.);
#2022 = CYLINDRICAL_SURFACE('',#2023,0.3);
#2023 = AXIS2_PLACEMENT_3D('',#2024,#2025,#2026);
#2024 = CARTESIAN_POINT('',(53.077652420711,21.120875906767,
    3.799999999999));
#2025 = DIRECTION('',(0.,-1.,2.22044604925E-16));
#2026 = DIRECTION('',(0.,-2.22044604925E-16,-1.));
#2027 = ADVANCED_FACE('',(#2028),#2039,.T.);
#2028 = FACE_BOUND('',#2029,.T.);
#2029 = EDGE_LOOP('',(#2030,#2031,#2037,#2038));
#2030 = ORIENTED_EDGE('',*,*,#130,.T.);
#2031 = ORIENTED_EDGE('',*,*,#2032,.F.);
#2032 = EDGE_CURVE('',#1294,#122,#2033,.T.);
#2033 = LINE('',#2034,#2035);
#2034 = CARTESIAN_POINT('',(54.977652420711,26.120875906767,
    3.499999999999));
#2035 = VECTOR('',#2036,1.);
#2036 = DIRECTION('',(0.,-1.,2.22044604925E-16));
#2037 = ORIENTED_EDGE('',*,*,#1293,.F.);
#2038 = ORIENTED_EDGE('',*,*,#2016,.T.);
#2039 = PLANE('',#2040);
#2040 = AXIS2_PLACEMENT_3D('',#2041,#2042,#2043);
#2041 = CARTESIAN_POINT('',(53.077652420711,-13.87912409323,
    3.499999999999));
#2042 = DIRECTION('',(-5.422562983433E-14,2.22044604925E-16,1.));
#2043 = DIRECTION('',(1.,1.204050855337E-29,5.422562983433E-14));
#2044 = ADVANCED_FACE('',(#2045),#2056,.F.);
#2045 = FACE_BOUND('',#2046,.F.);
#2046 = EDGE_LOOP('',(#2047,#2048,#2049,#2055));
#2047 = ORIENTED_EDGE('',*,*,#2032,.F.);
#2048 = ORIENTED_EDGE('',*,*,#1301,.T.);
#2049 = ORIENTED_EDGE('',*,*,#2050,.T.);
#2050 = EDGE_CURVE('',#1302,#114,#2051,.T.);
#2051 = LINE('',#2052,#2053);
#2052 = CARTESIAN_POINT('',(55.277652420711,26.120875906767,
    3.799999999999));
#2053 = VECTOR('',#2054,1.);
#2054 = DIRECTION('',(0.,-1.,2.22044604925E-16));
#2055 = ORIENTED_EDGE('',*,*,#121,.F.);
#2056 = CYLINDRICAL_SURFACE('',#2057,0.3);
#2057 = AXIS2_PLACEMENT_3D('',#2058,#2059,#2060);
#2058 = CARTESIAN_POINT('',(54.977652420711,21.120875906767,
    3.799999999999));
#2059 = DIRECTION('',(0.,-1.,2.22044604925E-16));
#2060 = DIRECTION('',(0.,-2.22044604925E-16,-1.));
#2061 = ADVANCED_FACE('',(#2062),#2073,.T.);
#2062 = FACE_BOUND('',#2063,.T.);
#2063 = EDGE_LOOP('',(#2064,#2065,#2071,#2072));
#2064 = ORIENTED_EDGE('',*,*,#113,.T.);
#2065 = ORIENTED_EDGE('',*,*,#2066,.F.);
#2066 = EDGE_CURVE('',#1311,#105,#2067,.T.);
#2067 = LINE('',#2068,#2069);
#2068 = CARTESIAN_POINT('',(55.277652420711,26.120875906767,11.55));
#2069 = VECTOR('',#2070,1.);
#2070 = DIRECTION('',(0.,-1.,2.22044604925E-16));
#2071 = ORIENTED_EDGE('',*,*,#1310,.F.);
#2072 = ORIENTED_EDGE('',*,*,#2050,.T.);
#2073 = PLANE('',#2074);
#2074 = AXIS2_PLACEMENT_3D('',#2075,#2076,#2077);
#2075 = CARTESIAN_POINT('',(55.277652420711,-13.87912409323,
    3.799999999999));
#2076 = DIRECTION('',(-1.,0.,0.));
#2077 = DIRECTION('',(0.,2.22044604925E-16,1.));
#2078 = ADVANCED_FACE('',(#2079),#2090,.T.);
#2079 = FACE_BOUND('',#2080,.T.);
#2080 = EDGE_LOOP('',(#2081,#2082,#2088,#2089));
#2081 = ORIENTED_EDGE('',*,*,#104,.T.);
#2082 = ORIENTED_EDGE('',*,*,#2083,.F.);
#2083 = EDGE_CURVE('',#1319,#97,#2084,.T.);
#2084 = LINE('',#2085,#2086);
#2085 = CARTESIAN_POINT('',(56.777652420711,26.120875906767,11.55));
#2086 = VECTOR('',#2087,1.);
#2087 = DIRECTION('',(0.,-1.,2.22044604925E-16));
#2088 = ORIENTED_EDGE('',*,*,#1318,.F.);
#2089 = ORIENTED_EDGE('',*,*,#2066,.T.);
#2090 = CYLINDRICAL_SURFACE('',#2091,0.75);
#2091 = AXIS2_PLACEMENT_3D('',#2092,#2093,#2094);
#2092 = CARTESIAN_POINT('',(56.027652420711,26.120875906767,11.55));
#2093 = DIRECTION('',(0.,-1.,2.22044604925E-16));
#2094 = DIRECTION('',(0.,-2.22044604925E-16,-1.));
#2095 = ADVANCED_FACE('',(#2096),#2107,.T.);
#2096 = FACE_BOUND('',#2097,.T.);
#2097 = EDGE_LOOP('',(#2098,#2099,#2105,#2106));
#2098 = ORIENTED_EDGE('',*,*,#96,.T.);
#2099 = ORIENTED_EDGE('',*,*,#2100,.F.);
#2100 = EDGE_CURVE('',#1328,#88,#2101,.T.);
#2101 = LINE('',#2102,#2103);
#2102 = CARTESIAN_POINT('',(56.777652420711,26.120875906767,
    3.799999999999));
#2103 = VECTOR('',#2104,1.);
#2104 = DIRECTION('',(0.,-1.,2.22044604925E-16));
#2105 = ORIENTED_EDGE('',*,*,#1327,.F.);
#2106 = ORIENTED_EDGE('',*,*,#2083,.T.);
#2107 = PLANE('',#2108);
#2108 = AXIS2_PLACEMENT_3D('',#2109,#2110,#2111);
#2109 = CARTESIAN_POINT('',(56.777652420711,-13.87912409323,11.55));
#2110 = DIRECTION('',(1.,-3.053655116984E-30,-1.375244004697E-14));
#2111 = DIRECTION('',(-1.375244004697E-14,-2.22044604925E-16,-1.));
#2112 = ADVANCED_FACE('',(#2113),#2124,.F.);
#2113 = FACE_BOUND('',#2114,.F.);
#2114 = EDGE_LOOP('',(#2115,#2116,#2117,#2123));
#2115 = ORIENTED_EDGE('',*,*,#2100,.F.);
#2116 = ORIENTED_EDGE('',*,*,#1335,.T.);
#2117 = ORIENTED_EDGE('',*,*,#2118,.T.);
#2118 = EDGE_CURVE('',#1336,#80,#2119,.T.);
#2119 = LINE('',#2120,#2121);
#2120 = CARTESIAN_POINT('',(57.077652420711,26.120875906767,
    3.499999999999));
#2121 = VECTOR('',#2122,1.);
#2122 = DIRECTION('',(0.,-1.,2.22044604925E-16));
#2123 = ORIENTED_EDGE('',*,*,#87,.F.);
#2124 = CYLINDRICAL_SURFACE('',#2125,0.3);
#2125 = AXIS2_PLACEMENT_3D('',#2126,#2127,#2128);
#2126 = CARTESIAN_POINT('',(57.077652420711,21.120875906767,
    3.799999999999));
#2127 = DIRECTION('',(0.,-1.,2.22044604925E-16));
#2128 = DIRECTION('',(0.,-2.22044604925E-16,-1.));
#2129 = ADVANCED_FACE('',(#2130,#2191,#2261,#2333,#2344),#2355,.T.);
#2130 = FACE_BOUND('',#2131,.T.);
#2131 = EDGE_LOOP('',(#2132,#2142,#2150,#2158,#2166,#2174,#2181,#2182,
    #2183,#2184));
#2132 = ORIENTED_EDGE('',*,*,#2133,.F.);
#2133 = EDGE_CURVE('',#2134,#2136,#2138,.T.);
#2134 = VERTEX_POINT('',#2135);
#2135 = CARTESIAN_POINT('',(67.777652418711,-4.879124093233,3.5));
#2136 = VERTEX_POINT('',#2137);
#2137 = CARTESIAN_POINT('',(67.777652418711,-10.87912409323,3.5));
#2138 = LINE('',#2139,#2140);
#2139 = CARTESIAN_POINT('',(67.777652418711,-4.879124093233,3.5));
#2140 = VECTOR('',#2141,1.);
#2141 = DIRECTION('',(3.315866100214E-14,-1.,2.22044604925E-16));
#2142 = ORIENTED_EDGE('',*,*,#2143,.F.);
#2143 = EDGE_CURVE('',#2144,#2134,#2146,.T.);
#2144 = VERTEX_POINT('',#2145);
#2145 = CARTESIAN_POINT('',(65.977652418711,-4.879124093233,3.5));
#2146 = LINE('',#2147,#2148);
#2147 = CARTESIAN_POINT('',(65.977652418711,-4.879124093233,3.5));
#2148 = VECTOR('',#2149,1.);
#2149 = DIRECTION('',(1.,4.952293460555E-29,2.230314698358E-13));
#2150 = ORIENTED_EDGE('',*,*,#2151,.F.);
#2151 = EDGE_CURVE('',#2152,#2144,#2154,.T.);
#2152 = VERTEX_POINT('',#2153);
#2153 = CARTESIAN_POINT('',(65.977652418711,17.120875906767,3.5));
#2154 = LINE('',#2155,#2156);
#2155 = CARTESIAN_POINT('',(65.977652418711,17.120875906767,3.5));
#2156 = VECTOR('',#2157,1.);
#2157 = DIRECTION('',(6.459479416001E-16,-1.,2.22044604925E-16));
#2158 = ORIENTED_EDGE('',*,*,#2159,.T.);
#2159 = EDGE_CURVE('',#2152,#2160,#2162,.T.);
#2160 = VERTEX_POINT('',#2161);
#2161 = CARTESIAN_POINT('',(67.777652418711,17.120875906767,3.5));
#2162 = LINE('',#2163,#2164);
#2163 = CARTESIAN_POINT('',(65.977652418711,17.120875906767,3.5));
#2164 = VECTOR('',#2165,1.);
#2165 = DIRECTION('',(1.,-5.921189464668E-15,2.230314698358E-13));
#2166 = ORIENTED_EDGE('',*,*,#2167,.F.);
#2167 = EDGE_CURVE('',#2168,#2160,#2170,.T.);
#2168 = VERTEX_POINT('',#2169);
#2169 = CARTESIAN_POINT('',(67.777652418711,23.120875906767,3.5));
#2170 = LINE('',#2171,#2172);
#2171 = CARTESIAN_POINT('',(67.777652418711,23.120875906767,3.5));
#2172 = VECTOR('',#2173,1.);
#2173 = DIRECTION('',(-3.315866100214E-14,-1.,2.22044604925E-16));
#2174 = ORIENTED_EDGE('',*,*,#2175,.T.);
#2175 = EDGE_CURVE('',#2168,#1345,#2176,.T.);
#2176 = CIRCLE('',#2177,3.);
#2177 = AXIS2_PLACEMENT_3D('',#2178,#2179,#2180);
#2178 = CARTESIAN_POINT('',(64.777652418711,23.120875906767,3.5));
#2179 = DIRECTION('',(0.,2.22044604925E-16,1.));
#2180 = DIRECTION('',(0.,1.,-2.22044604925E-16));
#2181 = ORIENTED_EDGE('',*,*,#1344,.F.);
#2182 = ORIENTED_EDGE('',*,*,#2118,.T.);
#2183 = ORIENTED_EDGE('',*,*,#79,.T.);
#2184 = ORIENTED_EDGE('',*,*,#2185,.T.);
#2185 = EDGE_CURVE('',#72,#2136,#2186,.T.);
#2186 = CIRCLE('',#2187,3.);
#2187 = AXIS2_PLACEMENT_3D('',#2188,#2189,#2190);
#2188 = CARTESIAN_POINT('',(64.777652418711,-10.87912409323,3.5));
#2189 = DIRECTION('',(0.,2.22044604925E-16,1.));
#2190 = DIRECTION('',(0.,1.,-2.22044604925E-16));
#2191 = FACE_BOUND('',#2192,.T.);
#2192 = EDGE_LOOP('',(#2193,#2203,#2212,#2221,#2229,#2237,#2245,#2254));
#2193 = ORIENTED_EDGE('',*,*,#2194,.F.);
#2194 = EDGE_CURVE('',#2195,#2197,#2199,.T.);
#2195 = VERTEX_POINT('',#2196);
#2196 = CARTESIAN_POINT('',(62.310985752711,17.452346800831,3.5));
#2197 = VERTEX_POINT('',#2198);
#2198 = CARTESIAN_POINT('',(62.310985752711,-5.210594987297,3.5));
#2199 = LINE('',#2200,#2201);
#2200 = CARTESIAN_POINT('',(62.310985752711,17.452346800831,3.5));
#2201 = VECTOR('',#2202,1.);
#2202 = DIRECTION('',(0.,-1.,2.734206601161E-14));
#2203 = ORIENTED_EDGE('',*,*,#2204,.T.);
#2204 = EDGE_CURVE('',#2195,#2205,#2207,.T.);
#2205 = VERTEX_POINT('',#2206);
#2206 = CARTESIAN_POINT('',(62.314119839715,17.45126041617,
    3.500016371282));
#2207 = CIRCLE('',#2208,6.);
#2208 = AXIS2_PLACEMENT_3D('',#2209,#2210,#2211);
#2209 = CARTESIAN_POINT('',(64.277652418711,23.120875906767,3.5));
#2210 = DIRECTION('',(0.,2.22044604925E-16,1.));
#2211 = DIRECTION('',(0.,1.,-2.22044604925E-16));
#2212 = ORIENTED_EDGE('',*,*,#2213,.T.);
#2213 = EDGE_CURVE('',#2205,#2214,#2216,.T.);
#2214 = VERTEX_POINT('',#2215);
#2215 = CARTESIAN_POINT('',(64.277652418711,17.120875906767,3.5));
#2216 = CIRCLE('',#2217,6.);
#2217 = AXIS2_PLACEMENT_3D('',#2218,#2219,#2220);
#2218 = CARTESIAN_POINT('',(64.277652418711,23.120875906767,3.5));
#2219 = DIRECTION('',(0.,2.22044604925E-16,1.));
#2220 = DIRECTION('',(0.,1.,-2.22044604925E-16));
#2221 = ORIENTED_EDGE('',*,*,#2222,.T.);
#2222 = EDGE_CURVE('',#2214,#2223,#2225,.T.);
#2223 = VERTEX_POINT('',#2224);
#2224 = CARTESIAN_POINT('',(64.410985752711,17.120875906767,3.5));
#2225 = LINE('',#2226,#2227);
#2226 = CARTESIAN_POINT('',(64.277652418711,17.120875906767,3.5));
#2227 = VECTOR('',#2228,1.);
#2228 = DIRECTION('',(1.,-6.685596138317E-28,-3.010924827727E-12));
#2229 = ORIENTED_EDGE('',*,*,#2230,.T.);
#2230 = EDGE_CURVE('',#2223,#2231,#2233,.T.);
#2231 = VERTEX_POINT('',#2232);
#2232 = CARTESIAN_POINT('',(64.410985752711,-4.879124093233,3.5));
#2233 = LINE('',#2234,#2235);
#2234 = CARTESIAN_POINT('',(64.410985752711,17.120875906767,3.5));
#2235 = VECTOR('',#2236,1.);
#2236 = DIRECTION('',(0.,-1.,2.22044604925E-16));
#2237 = ORIENTED_EDGE('',*,*,#2238,.F.);
#2238 = EDGE_CURVE('',#2239,#2231,#2241,.T.);
#2239 = VERTEX_POINT('',#2240);
#2240 = CARTESIAN_POINT('',(64.277652418711,-4.879124093233,3.5));
#2241 = LINE('',#2242,#2243);
#2242 = CARTESIAN_POINT('',(64.277652418711,-4.879124093233,3.5));
#2243 = VECTOR('',#2244,1.);
#2244 = DIRECTION('',(1.,-6.685596138317E-28,-3.010924827727E-12));
#2245 = ORIENTED_EDGE('',*,*,#2246,.T.);
#2246 = EDGE_CURVE('',#2239,#2247,#2249,.T.);
#2247 = VERTEX_POINT('',#2248);
#2248 = CARTESIAN_POINT('',(62.313436417909,-5.209745335186,
    3.500010009766));
#2249 = CIRCLE('',#2250,6.);
#2250 = AXIS2_PLACEMENT_3D('',#2251,#2252,#2253);
#2251 = CARTESIAN_POINT('',(64.277652418711,-10.87912409323,3.5));
#2252 = DIRECTION('',(0.,2.22044604925E-16,1.));
#2253 = DIRECTION('',(0.,1.,-2.22044604925E-16));
#2254 = ORIENTED_EDGE('',*,*,#2255,.T.);
#2255 = EDGE_CURVE('',#2247,#2197,#2256,.T.);
#2256 = CIRCLE('',#2257,6.);
#2257 = AXIS2_PLACEMENT_3D('',#2258,#2259,#2260);
#2258 = CARTESIAN_POINT('',(64.277652418711,-10.87912409323,3.5));
#2259 = DIRECTION('',(0.,2.22044604925E-16,1.));
#2260 = DIRECTION('',(0.,1.,-2.22044604925E-16));
#2261 = FACE_BOUND('',#2262,.T.);
#2262 = EDGE_LOOP('',(#2263,#2273,#2282,#2291,#2300,#2308,#2317,#2326));
#2263 = ORIENTED_EDGE('',*,*,#2264,.F.);
#2264 = EDGE_CURVE('',#2265,#2267,#2269,.T.);
#2265 = VERTEX_POINT('',#2266);
#2266 = CARTESIAN_POINT('',(58.644319086711,21.055553759843,
    3.499999999997));
#2267 = VERTEX_POINT('',#2268);
#2268 = CARTESIAN_POINT('',(58.644319086711,-8.813801946309,
    3.499999999996));
#2269 = LINE('',#2270,#2271);
#2270 = CARTESIAN_POINT('',(58.644319086711,21.055553759843,
    3.499999999997));
#2271 = VECTOR('',#2272,1.);
#2272 = DIRECTION('',(0.,-1.,-1.619191800269E-14));
#2273 = ORIENTED_EDGE('',*,*,#2274,.T.);
#2274 = EDGE_CURVE('',#2265,#2275,#2277,.T.);
#2275 = VERTEX_POINT('',#2276);
#2276 = CARTESIAN_POINT('',(58.650297814256,21.039318759891,
    3.500059581221));
#2277 = CIRCLE('',#2278,6.);
#2278 = AXIS2_PLACEMENT_3D('',#2279,#2280,#2281);
#2279 = CARTESIAN_POINT('',(64.277652418711,23.120875906767,3.5));
#2280 = DIRECTION('',(0.,2.22044604925E-16,1.));
#2281 = DIRECTION('',(0.,1.,-2.22044604925E-16));
#2282 = ORIENTED_EDGE('',*,*,#2283,.T.);
#2283 = EDGE_CURVE('',#2275,#2284,#2286,.T.);
#2284 = VERTEX_POINT('',#2285);
#2285 = CARTESIAN_POINT('',(60.740479610098,18.274391766485,
    3.500024570307));
#2286 = CIRCLE('',#2287,6.);
#2287 = AXIS2_PLACEMENT_3D('',#2288,#2289,#2290);
#2288 = CARTESIAN_POINT('',(64.277652418711,23.120875906767,3.5));
#2289 = DIRECTION('',(0.,2.22044604925E-16,1.));
#2290 = DIRECTION('',(0.,1.,-2.22044604925E-16));
#2291 = ORIENTED_EDGE('',*,*,#2292,.T.);
#2292 = EDGE_CURVE('',#2284,#2293,#2295,.T.);
#2293 = VERTEX_POINT('',#2294);
#2294 = CARTESIAN_POINT('',(60.744319086711,18.271591880751,
    3.499999999999));
#2295 = CIRCLE('',#2296,6.);
#2296 = AXIS2_PLACEMENT_3D('',#2297,#2298,#2299);
#2297 = CARTESIAN_POINT('',(64.277652418711,23.120875906767,3.5));
#2298 = DIRECTION('',(0.,2.22044604925E-16,1.));
#2299 = DIRECTION('',(0.,1.,-2.22044604925E-16));
#2300 = ORIENTED_EDGE('',*,*,#2301,.T.);
#2301 = EDGE_CURVE('',#2293,#2302,#2304,.T.);
#2302 = VERTEX_POINT('',#2303);
#2303 = CARTESIAN_POINT('',(60.744319086711,-6.029840067217,3.5));
#2304 = LINE('',#2305,#2306);
#2305 = CARTESIAN_POINT('',(60.744319086711,18.271591880751,
    3.499999999999));
#2306 = VECTOR('',#2307,1.);
#2307 = DIRECTION('',(0.,-1.,2.229727731745E-14));
#2308 = ORIENTED_EDGE('',*,*,#2309,.T.);
#2309 = EDGE_CURVE('',#2302,#2310,#2312,.T.);
#2310 = VERTEX_POINT('',#2311);
#2311 = CARTESIAN_POINT('',(60.741175492311,-6.032132144711,
    3.500016470761));
#2312 = CIRCLE('',#2313,6.);
#2313 = AXIS2_PLACEMENT_3D('',#2314,#2315,#2316);
#2314 = CARTESIAN_POINT('',(64.277652418711,-10.87912409323,3.5));
#2315 = DIRECTION('',(0.,2.22044604925E-16,1.));
#2316 = DIRECTION('',(0.,1.,-2.22044604925E-16));
#2317 = ORIENTED_EDGE('',*,*,#2318,.T.);
#2318 = EDGE_CURVE('',#2310,#2319,#2321,.T.);
#2319 = VERTEX_POINT('',#2320);
#2320 = CARTESIAN_POINT('',(58.650575117164,-8.796817429361,
    3.500065236954));
#2321 = CIRCLE('',#2322,6.);
#2322 = AXIS2_PLACEMENT_3D('',#2323,#2324,#2325);
#2323 = CARTESIAN_POINT('',(64.277652418711,-10.87912409323,3.5));
#2324 = DIRECTION('',(0.,2.22044604925E-16,1.));
#2325 = DIRECTION('',(0.,1.,-2.22044604925E-16));
#2326 = ORIENTED_EDGE('',*,*,#2327,.T.);
#2327 = EDGE_CURVE('',#2319,#2267,#2328,.T.);
#2328 = CIRCLE('',#2329,6.);
#2329 = AXIS2_PLACEMENT_3D('',#2330,#2331,#2332);
#2330 = CARTESIAN_POINT('',(64.277652418711,-10.87912409323,3.5));
#2331 = DIRECTION('',(0.,2.22044604925E-16,1.));
#2332 = DIRECTION('',(0.,1.,-2.22044604925E-16));
#2333 = FACE_BOUND('',#2334,.T.);
#2334 = EDGE_LOOP('',(#2335));
#2335 = ORIENTED_EDGE('',*,*,#2336,.F.);
#2336 = EDGE_CURVE('',#2337,#2337,#2339,.T.);
#2337 = VERTEX_POINT('',#2338);
#2338 = CARTESIAN_POINT('',(64.277652418711,-13.02912409323,3.5));
#2339 = CIRCLE('',#2340,2.15);
#2340 = AXIS2_PLACEMENT_3D('',#2341,#2342,#2343);
#2341 = CARTESIAN_POINT('',(64.277652418711,-10.87912409323,3.5));
#2342 = DIRECTION('',(-0.,2.22044604925E-16,1.));
#2343 = DIRECTION('',(0.,-1.,2.22044604925E-16));
#2344 = FACE_BOUND('',#2345,.T.);
#2345 = EDGE_LOOP('',(#2346));
#2346 = ORIENTED_EDGE('',*,*,#2347,.F.);
#2347 = EDGE_CURVE('',#2348,#2348,#2350,.T.);
#2348 = VERTEX_POINT('',#2349);
#2349 = CARTESIAN_POINT('',(64.277652418711,20.970875906767,3.5));
#2350 = CIRCLE('',#2351,2.15);
#2351 = AXIS2_PLACEMENT_3D('',#2352,#2353,#2354);
#2352 = CARTESIAN_POINT('',(64.277652418711,23.120875906767,3.5));
#2353 = DIRECTION('',(-0.,2.22044604925E-16,1.));
#2354 = DIRECTION('',(0.,-1.,2.22044604925E-16));
#2355 = PLANE('',#2356);
#2356 = AXIS2_PLACEMENT_3D('',#2357,#2358,#2359);
#2357 = CARTESIAN_POINT('',(67.777652418711,-4.879124093233,3.5));
#2358 = DIRECTION('',(0.,2.22044604925E-16,1.));
#2359 = DIRECTION('',(1.,0.,0.));
#2360 = ADVANCED_FACE('',(#2361),#2400,.T.);
#2361 = FACE_BOUND('',#2362,.T.);
#2362 = EDGE_LOOP('',(#2363,#2364,#2370,#2371,#2379,#2387,#2393,#2394));
#2363 = ORIENTED_EDGE('',*,*,#536,.T.);
#2364 = ORIENTED_EDGE('',*,*,#2365,.F.);
#2365 = EDGE_CURVE('',#2168,#528,#2366,.T.);
#2366 = LINE('',#2367,#2368);
#2367 = CARTESIAN_POINT('',(67.777652418711,23.120875906767,3.5));
#2368 = VECTOR('',#2369,1.);
#2369 = DIRECTION('',(0.,1.322613516292E-15,-1.));
#2370 = ORIENTED_EDGE('',*,*,#2167,.T.);
#2371 = ORIENTED_EDGE('',*,*,#2372,.T.);
#2372 = EDGE_CURVE('',#2160,#2373,#2375,.T.);
#2373 = VERTEX_POINT('',#2374);
#2374 = CARTESIAN_POINT('',(67.777652418711,17.120875906767,11.55));
#2375 = LINE('',#2376,#2377);
#2376 = CARTESIAN_POINT('',(67.777652418711,17.120875906767,3.5));
#2377 = VECTOR('',#2378,1.);
#2378 = DIRECTION('',(1.412258853685E-14,2.22044604925E-16,1.));
#2379 = ORIENTED_EDGE('',*,*,#2380,.T.);
#2380 = EDGE_CURVE('',#2373,#2381,#2383,.T.);
#2381 = VERTEX_POINT('',#2382);
#2382 = CARTESIAN_POINT('',(67.777652418711,-4.879124093233,11.55));
#2383 = LINE('',#2384,#2385);
#2384 = CARTESIAN_POINT('',(67.777652418711,17.120875906767,11.55));
#2385 = VECTOR('',#2386,1.);
#2386 = DIRECTION('',(6.459479416001E-16,-1.,2.22044604925E-16));
#2387 = ORIENTED_EDGE('',*,*,#2388,.F.);
#2388 = EDGE_CURVE('',#2134,#2381,#2389,.T.);
#2389 = LINE('',#2390,#2391);
#2390 = CARTESIAN_POINT('',(67.777652418711,-4.879124093233,3.5));
#2391 = VECTOR('',#2392,1.);
#2392 = DIRECTION('',(1.588791210395E-14,2.22044604925E-16,1.));
#2393 = ORIENTED_EDGE('',*,*,#2133,.T.);
#2394 = ORIENTED_EDGE('',*,*,#2395,.T.);
#2395 = EDGE_CURVE('',#2136,#537,#2396,.T.);
#2396 = LINE('',#2397,#2398);
#2397 = CARTESIAN_POINT('',(67.777652418711,-10.87912409323,3.5));
#2398 = VECTOR('',#2399,1.);
#2399 = DIRECTION('',(0.,-2.22044604925E-16,-1.));
#2400 = PLANE('',#2401);
#2401 = AXIS2_PLACEMENT_3D('',#2402,#2403,#2404);
#2402 = CARTESIAN_POINT('',(67.777652418711,-13.87912409323,3.5));
#2403 = DIRECTION('',(1.,0.,0.));
#2404 = DIRECTION('',(0.,-2.22044604925E-16,-1.));
#2405 = ADVANCED_FACE('',(#2406),#2412,.T.);
#2406 = FACE_BOUND('',#2407,.T.);
#2407 = EDGE_LOOP('',(#2408,#2409,#2410,#2411));
#2408 = ORIENTED_EDGE('',*,*,#2365,.T.);
#2409 = ORIENTED_EDGE('',*,*,#527,.F.);
#2410 = ORIENTED_EDGE('',*,*,#1352,.F.);
#2411 = ORIENTED_EDGE('',*,*,#2175,.F.);
#2412 = CYLINDRICAL_SURFACE('',#2413,3.);
#2413 = AXIS2_PLACEMENT_3D('',#2414,#2415,#2416);
#2414 = CARTESIAN_POINT('',(64.777652418711,23.120875906767,2.35));
#2415 = DIRECTION('',(0.,-2.22044604925E-16,-1.));
#2416 = DIRECTION('',(0.,1.,-2.22044604925E-16));
#2417 = ADVANCED_FACE('',(#2418),#2446,.T.);
#2418 = FACE_BOUND('',#2419,.T.);
#2419 = EDGE_LOOP('',(#2420,#2429,#2430,#2431,#2440));
#2420 = ORIENTED_EDGE('',*,*,#2421,.T.);
#2421 = EDGE_CURVE('',#2422,#2373,#2424,.T.);
#2422 = VERTEX_POINT('',#2423);
#2423 = CARTESIAN_POINT('',(66.277652418711,17.120875906767,11.55));
#2424 = CIRCLE('',#2425,0.75);
#2425 = AXIS2_PLACEMENT_3D('',#2426,#2427,#2428);
#2426 = CARTESIAN_POINT('',(67.027652418711,17.120875906767,11.55));
#2427 = DIRECTION('',(4.736951571734E-15,1.,-2.22044604925E-16));
#2428 = DIRECTION('',(0.,-2.22044604925E-16,-1.));
#2429 = ORIENTED_EDGE('',*,*,#2372,.F.);
#2430 = ORIENTED_EDGE('',*,*,#2159,.F.);
#2431 = ORIENTED_EDGE('',*,*,#2432,.F.);
#2432 = EDGE_CURVE('',#2433,#2152,#2435,.T.);
#2433 = VERTEX_POINT('',#2434);
#2434 = CARTESIAN_POINT('',(66.277652418711,17.120875906767,
    3.799999999999));
#2435 = CIRCLE('',#2436,0.3);
#2436 = AXIS2_PLACEMENT_3D('',#2437,#2438,#2439);
#2437 = CARTESIAN_POINT('',(65.977652418711,17.120875906767,
    3.799999999999));
#2438 = DIRECTION('',(5.921189464668E-15,1.,-2.22044604925E-16));
#2439 = DIRECTION('',(0.,-2.22044604925E-16,-1.));
#2440 = ORIENTED_EDGE('',*,*,#2441,.T.);
#2441 = EDGE_CURVE('',#2433,#2422,#2442,.T.);
#2442 = LINE('',#2443,#2444);
#2443 = CARTESIAN_POINT('',(66.277652418711,17.120875906767,
    3.799999999999));
#2444 = VECTOR('',#2445,1.);
#2445 = DIRECTION('',(-1.833658672929E-15,2.22044604925E-16,1.));
#2446 = PLANE('',#2447);
#2447 = AXIS2_PLACEMENT_3D('',#2448,#2449,#2450);
#2448 = CARTESIAN_POINT('',(66.277652418711,17.120875906767,11.55));
#2449 = DIRECTION('',(5.075305255429E-15,1.,-2.22044604925E-16));
#2450 = DIRECTION('',(0.,2.22044604925E-16,1.));
#2451 = ADVANCED_FACE('',(#2452),#2471,.T.);
#2452 = FACE_BOUND('',#2453,.T.);
#2453 = EDGE_LOOP('',(#2454,#2455,#2456,#2464));
#2454 = ORIENTED_EDGE('',*,*,#2380,.F.);
#2455 = ORIENTED_EDGE('',*,*,#2421,.F.);
#2456 = ORIENTED_EDGE('',*,*,#2457,.T.);
#2457 = EDGE_CURVE('',#2422,#2458,#2460,.T.);
#2458 = VERTEX_POINT('',#2459);
#2459 = CARTESIAN_POINT('',(66.277652418711,-4.879124093233,11.55));
#2460 = LINE('',#2461,#2462);
#2461 = CARTESIAN_POINT('',(66.277652418711,17.120875906767,11.55));
#2462 = VECTOR('',#2463,1.);
#2463 = DIRECTION('',(6.459479416001E-16,-1.,2.22044604925E-16));
#2464 = ORIENTED_EDGE('',*,*,#2465,.F.);
#2465 = EDGE_CURVE('',#2381,#2458,#2466,.T.);
#2466 = CIRCLE('',#2467,0.75);
#2467 = AXIS2_PLACEMENT_3D('',#2468,#2469,#2470);
#2468 = CARTESIAN_POINT('',(67.027652418711,-4.879124093233,11.55));
#2469 = DIRECTION('',(0.,-1.,2.22044604925E-16));
#2470 = DIRECTION('',(0.,2.22044604925E-16,1.));
#2471 = CYLINDRICAL_SURFACE('',#2472,0.75);
#2472 = AXIS2_PLACEMENT_3D('',#2473,#2474,#2475);
#2473 = CARTESIAN_POINT('',(67.027652418711,26.120875906767,11.55));
#2474 = DIRECTION('',(0.,-1.,2.22044604925E-16));
#2475 = DIRECTION('',(0.,-2.22044604925E-16,-1.));
#2476 = ADVANCED_FACE('',(#2477),#2495,.T.);
#2477 = FACE_BOUND('',#2478,.T.);
#2478 = EDGE_LOOP('',(#2479,#2480,#2481,#2489));
#2479 = ORIENTED_EDGE('',*,*,#2457,.F.);
#2480 = ORIENTED_EDGE('',*,*,#2441,.F.);
#2481 = ORIENTED_EDGE('',*,*,#2482,.T.);
#2482 = EDGE_CURVE('',#2433,#2483,#2485,.T.);
#2483 = VERTEX_POINT('',#2484);
#2484 = CARTESIAN_POINT('',(66.277652418711,-4.879124093233,
    3.799999999999));
#2485 = LINE('',#2486,#2487);
#2486 = CARTESIAN_POINT('',(66.277652418711,17.120875906767,
    3.799999999999));
#2487 = VECTOR('',#2488,1.);
#2488 = DIRECTION('',(0.,-1.,2.22044604925E-16));
#2489 = ORIENTED_EDGE('',*,*,#2490,.F.);
#2490 = EDGE_CURVE('',#2458,#2483,#2491,.T.);
#2491 = LINE('',#2492,#2493);
#2492 = CARTESIAN_POINT('',(66.277652418711,-4.879124093233,11.55));
#2493 = VECTOR('',#2494,1.);
#2494 = DIRECTION('',(0.,-2.22044604925E-16,-1.));
#2495 = PLANE('',#2496);
#2496 = AXIS2_PLACEMENT_3D('',#2497,#2498,#2499);
#2497 = CARTESIAN_POINT('',(66.277652418711,17.120875906767,11.55));
#2498 = DIRECTION('',(-1.,0.,0.));
#2499 = DIRECTION('',(0.,2.22044604925E-16,1.));
#2500 = ADVANCED_FACE('',(#2501),#2513,.F.);
#2501 = FACE_BOUND('',#2502,.F.);
#2502 = EDGE_LOOP('',(#2503,#2504,#2505,#2506));
#2503 = ORIENTED_EDGE('',*,*,#2151,.F.);
#2504 = ORIENTED_EDGE('',*,*,#2432,.F.);
#2505 = ORIENTED_EDGE('',*,*,#2482,.T.);
#2506 = ORIENTED_EDGE('',*,*,#2507,.F.);
#2507 = EDGE_CURVE('',#2144,#2483,#2508,.T.);
#2508 = CIRCLE('',#2509,0.3);
#2509 = AXIS2_PLACEMENT_3D('',#2510,#2511,#2512);
#2510 = CARTESIAN_POINT('',(65.977652418711,-4.879124093233,
    3.799999999999));
#2511 = DIRECTION('',(0.,-1.,2.22044604925E-16));
#2512 = DIRECTION('',(0.,2.22044604925E-16,1.));
#2513 = CYLINDRICAL_SURFACE('',#2514,0.3);
#2514 = AXIS2_PLACEMENT_3D('',#2515,#2516,#2517);
#2515 = CARTESIAN_POINT('',(65.977652418711,21.120875906767,
    3.799999999999));
#2516 = DIRECTION('',(0.,-1.,2.22044604925E-16));
#2517 = DIRECTION('',(0.,-2.22044604925E-16,-1.));
#2518 = ADVANCED_FACE('',(#2519),#2526,.T.);
#2519 = FACE_BOUND('',#2520,.T.);
#2520 = EDGE_LOOP('',(#2521,#2522,#2523,#2524,#2525));
#2521 = ORIENTED_EDGE('',*,*,#2465,.T.);
#2522 = ORIENTED_EDGE('',*,*,#2490,.T.);
#2523 = ORIENTED_EDGE('',*,*,#2507,.F.);
#2524 = ORIENTED_EDGE('',*,*,#2143,.T.);
#2525 = ORIENTED_EDGE('',*,*,#2388,.T.);
#2526 = PLANE('',#2527);
#2527 = AXIS2_PLACEMENT_3D('',#2528,#2529,#2530);
#2528 = CARTESIAN_POINT('',(67.777652418711,-4.879124093233,11.55));
#2529 = DIRECTION('',(-5.075305255429E-16,-1.,2.22044604925E-16));
#2530 = DIRECTION('',(0.,-2.22044604925E-16,-1.));
#2531 = ADVANCED_FACE('',(#2532),#2538,.T.);
#2532 = FACE_BOUND('',#2533,.T.);
#2533 = EDGE_LOOP('',(#2534,#2535,#2536,#2537));
#2534 = ORIENTED_EDGE('',*,*,#71,.T.);
#2535 = ORIENTED_EDGE('',*,*,#544,.F.);
#2536 = ORIENTED_EDGE('',*,*,#2395,.F.);
#2537 = ORIENTED_EDGE('',*,*,#2185,.F.);
#2538 = CYLINDRICAL_SURFACE('',#2539,3.);
#2539 = AXIS2_PLACEMENT_3D('',#2540,#2541,#2542);
#2540 = CARTESIAN_POINT('',(64.777652418711,-10.87912409323,2.35));
#2541 = DIRECTION('',(0.,-2.22044604925E-16,-1.));
#2542 = DIRECTION('',(1.,0.,0.));
#2543 = ADVANCED_FACE('',(#2544),#2894,.F.);
#2544 = FACE_BOUND('',#2545,.F.);
#2545 = EDGE_LOOP('',(#2546,#2547,#2548,#2723,#2731,#2893));
#2546 = ORIENTED_EDGE('',*,*,#2194,.F.);
#2547 = ORIENTED_EDGE('',*,*,#2204,.T.);
#2548 = ORIENTED_EDGE('',*,*,#2549,.F.);
#2549 = EDGE_CURVE('',#2550,#2205,#2552,.T.);
#2550 = VERTEX_POINT('',#2551);
#2551 = CARTESIAN_POINT('',(62.610985752709,17.357003751311,
    3.799999999999));
#2552 = B_SPLINE_CURVE_WITH_KNOTS('',3,(#2553,#2554,#2555,#2556,#2557,
    #2558,#2559,#2560,#2561,#2562,#2563,#2564,#2565,#2566,#2567,#2568,
    #2569,#2570,#2571,#2572,#2573,#2574,#2575,#2576,#2577,#2578,#2579,
    #2580,#2581,#2582,#2583,#2584,#2585,#2586,#2587,#2588,#2589,#2590,
    #2591,#2592,#2593,#2594,#2595,#2596,#2597,#2598,#2599,#2600,#2601,
    #2602,#2603,#2604,#2605,#2606,#2607,#2608,#2609,#2610,#2611,#2612,
    #2613,#2614,#2615,#2616,#2617,#2618,#2619,#2620,#2621,#2622,#2623,
    #2624,#2625,#2626,#2627,#2628,#2629,#2630,#2631,#2632,#2633,#2634,
    #2635,#2636,#2637,#2638,#2639,#2640,#2641,#2642,#2643,#2644,#2645,
    #2646,#2647,#2648,#2649,#2650,#2651,#2652,#2653,#2654,#2655,#2656,
    #2657,#2658,#2659,#2660,#2661,#2662,#2663,#2664,#2665,#2666,#2667,
    #2668,#2669,#2670,#2671,#2672,#2673,#2674,#2675,#2676,#2677,#2678,
    #2679,#2680,#2681,#2682,#2683,#2684,#2685,#2686,#2687,#2688,#2689,
    #2690,#2691,#2692,#2693,#2694,#2695,#2696,#2697,#2698,#2699,#2700,
    #2701,#2702,#2703,#2704,#2705,#2706,#2707,#2708,#2709,#2710,#2711,
    #2712,#2713,#2714,#2715,#2716,#2717,#2718,#2719,#2720,#2721,#2722),
  .UNSPECIFIED.,.F.,.F.,(4,1,1,1,1,1,1,1,1,1,1,1,1,1,1,1,1,1,1,1,1,1,1,1
    ,1,1,1,1,1,1,1,1,1,1,1,1,1,1,1,1,1,1,1,1,1,1,1,1,1,1,1,1,1,1,1,1,1,1
    ,1,1,1,1,1,1,1,1,1,1,1,1,1,1,1,1,1,1,1,1,1,1,1,1,1,1,1,1,1,1,1,1,1,1
    ,1,1,1,1,1,1,1,1,1,1,1,1,1,1,1,1,1,1,1,1,1,1,1,1,1,1,1,1,1,1,1,1,1,1
    ,1,1,1,1,1,1,1,1,1,1,1,1,1,1,1,1,1,1,1,1,1,1,1,1,1,1,1,1,1,1,1,1,1,1
    ,1,1,1,1,1,1,1,4),(0.499999848984,0.501115982956,0.502603789139,
    0.504090834022,0.505577132723,0.50706270036,0.508547552051,
    0.510031702909,0.511515168046,0.512997962569,0.514480101575,
    0.515961600157,0.517442473395,0.518922736359,0.520402404108,
    0.521881491685,0.523360014119,0.524837986422,0.526315423589,
    0.527792340593,0.529268752388,0.530744673905,0.532220120051,
    0.53369510571,0.535169645735,0.536643754954,0.538117448166,
    0.539590740136,0.541063645599,0.542536179254,0.544008355766,
    0.545480189761,0.546951695828,0.548422888514,0.549893782325,
    0.551364391724,0.552834731128,0.554304814905,0.555774657378,
    0.557244272817,0.558713675441,0.560182879414,0.561651898846,
    0.563120747787,0.56458944023,0.566057990104,0.567526411277,
    0.56899471755,0.570462922657,0.571931040264,0.573399083964,
    0.574867067277,0.576335003647,0.577802906441,0.579270788946,
    0.580738664366,0.582206545821,0.583674446344,0.585142378879,
    0.586610356279,0.588078391301,0.58954649661,0.591014684767,
    0.592482968235,0.593951359373,0.595419870432,0.596888513557,
    0.598357300777,0.59982624401,0.601295355056,0.602764645596,
    0.604234127187,0.605703811263,0.607173709127,0.608643831953,
    0.610114190781,0.611584796514,0.613055659916,0.614526791607,
    0.615998202062,0.617469901609,0.618941900421,0.62041420852,
    0.621886835767,0.623359791865,0.624833086351,0.626306728596,
    0.6277807278,0.62925509299,0.630729833016,0.632204956549,
    0.633680472076,0.6351563879,0.636632712132,0.638109452691,
    0.639586617302,0.641064213488,0.642542248572,0.64402072967,
    0.645499663691,0.64697905733,0.648458917069,0.649939249169,
    0.651420059671,0.652901354392,0.654383138919,0.655865418608,
    0.657348198584,0.65883148373,0.660315278692,0.661799587872,
    0.663284415423,0.664769765251,0.666255641009,0.667742046094,
    0.669228983645,0.67071645654,0.672204467392,0.673693018549,
    0.675182112088,0.676671749815,0.67816193326,0.679652663676,
    0.681143942039,0.682635769039,0.684128145084,0.685621070294,
    0.687114544501,0.688608567246,0.690103137776,0.691598255043,
    0.693093917704,0.694590124115,0.696086872333,0.697584160113,
    0.699081984908,0.700580343862,0.702079233818,0.70357865131,
    0.705078592563,0.706579053494,0.70808002971,0.709581516508,
    0.711083508873,0.712586001479,0.714088988691,0.715592464557,
    0.717096422819,0.718600856904,0.720105759929,0.721611124701,
    0.723116943716,0.724623209162,0.726129912919,0.727637046558,
    0.729144601347,0.730652568248,0.732160937923,0.733669700731,
    0.735178846735,0.7366883657,0.738198247098,0.739708480109,
    0.741219053628,0.742729956261,0.744241176334,0.745752701895,
    0.747264520717),.UNSPECIFIED.);
#2553 = CARTESIAN_POINT('',(62.610985752706,17.357003751312,
    3.799999999999));
#2554 = CARTESIAN_POINT('',(62.610985752699,17.357003751313,
    3.79927787234));
#2555 = CARTESIAN_POINT('',(62.610979669764,17.357005510238,
    3.797593148774));
#2556 = CARTESIAN_POINT('',(62.610947817705,17.357014720566,
    3.79494649633));
#2557 = CARTESIAN_POINT('',(62.610885312061,17.357032795244,
    3.792060873808));
#2558 = CARTESIAN_POINT('',(62.610795101983,17.357058882474,
    3.789177494964));
#2559 = CARTESIAN_POINT('',(62.610677239016,17.357092968757,
    3.786296617879));
#2560 = CARTESIAN_POINT('',(62.610531776929,17.35713504038,
    3.783418499634));
#2561 = CARTESIAN_POINT('',(62.610358771705,17.357185083414,
    3.780543396302));
#2562 = CARTESIAN_POINT('',(62.610158281518,17.357243083716,
    3.777671562925));
#2563 = CARTESIAN_POINT('',(62.609930366716,17.357309026932,
    3.774803253502));
#2564 = CARTESIAN_POINT('',(62.609675089805,17.357382898501,
    3.771938720969));
#2565 = CARTESIAN_POINT('',(62.609392515429,17.35746468365,
    3.769078217192));
#2566 = CARTESIAN_POINT('',(62.609082710357,17.357554367403,
    3.766221992942));
#2567 = CARTESIAN_POINT('',(62.608745743456,17.357651934576,
    3.763370297889));
#2568 = CARTESIAN_POINT('',(62.608381685682,17.357757369784,
    3.760523380582));
#2569 = CARTESIAN_POINT('',(62.607990610058,17.357870657436,
    3.757681488437));
#2570 = CARTESIAN_POINT('',(62.607572591655,17.357991781741,
    3.754844867723));
#2571 = CARTESIAN_POINT('',(62.607127707575,17.358120726705,
    3.752013763549));
#2572 = CARTESIAN_POINT('',(62.606656036935,17.358257476135,
    3.74918841985));
#2573 = CARTESIAN_POINT('',(62.606157660846,17.358402013637,
    3.746369079375));
#2574 = CARTESIAN_POINT('',(62.605632662394,17.358554322617,
    3.743555983673));
#2575 = CARTESIAN_POINT('',(62.605081126626,17.358714386284,
    3.740749373083));
#2576 = CARTESIAN_POINT('',(62.604503140529,17.358882187646,
    3.737949486719));
#2577 = CARTESIAN_POINT('',(62.603898793009,17.359057709511,
    3.73515656246));
#2578 = CARTESIAN_POINT('',(62.603268174881,17.35924093449,3.73237083694
    ));
#2579 = CARTESIAN_POINT('',(62.602611378843,17.359431844995,
    3.729592545535));
#2580 = CARTESIAN_POINT('',(62.60192849946,17.359630423238,3.72682192235
    ));
#2581 = CARTESIAN_POINT('',(62.60121963315,17.35983665123,3.724059200214
    ));
#2582 = CARTESIAN_POINT('',(62.600484878158,17.360050510784,
    3.721304610666));
#2583 = CARTESIAN_POINT('',(62.599724334547,17.360271983511,
    3.718558383945));
#2584 = CARTESIAN_POINT('',(62.598938104173,17.360501050821,
    3.715820748981));
#2585 = CARTESIAN_POINT('',(62.598126290669,17.360737693921,
    3.713091933388));
#2586 = CARTESIAN_POINT('',(62.597288999431,17.360981893816,
    3.710372163448));
#2587 = CARTESIAN_POINT('',(62.596426337594,17.361233631306,
    3.707661664113));
#2588 = CARTESIAN_POINT('',(62.595538414018,17.361492886986,
    3.704960658985));
#2589 = CARTESIAN_POINT('',(62.59462533927,17.361759641245,
    3.702269370315));
#2590 = CARTESIAN_POINT('',(62.593687225604,17.362033874263,
    3.699588018994));
#2591 = CARTESIAN_POINT('',(62.592724186949,17.362315566013,
    3.696916824543));
#2592 = CARTESIAN_POINT('',(62.591736338885,17.362604696256,
    3.694256005107));
#2593 = CARTESIAN_POINT('',(62.590723798628,17.362901244539,
    3.691605777447));
#2594 = CARTESIAN_POINT('',(62.589686685017,17.363205190198,
    3.688966356936));
#2595 = CARTESIAN_POINT('',(62.58862511849,17.363516512352,
    3.686337957547));
#2596 = CARTESIAN_POINT('',(62.58753922107,17.363835189902,
    3.683720791853));
#2597 = CARTESIAN_POINT('',(62.586429116352,17.364161201529,
    3.681115071015));
#2598 = CARTESIAN_POINT('',(62.58529492948,17.364494525694,
    3.678521004778));
#2599 = CARTESIAN_POINT('',(62.584136787132,17.364835140631,
    3.675938801468));
#2600 = CARTESIAN_POINT('',(62.582954817506,17.36518302435,
    3.673368667984));
#2601 = CARTESIAN_POINT('',(62.581749150303,17.365538154632,
    3.670810809792));
#2602 = CARTESIAN_POINT('',(62.580519916708,17.365900509027,
    3.668265430922));
#2603 = CARTESIAN_POINT('',(62.579267249377,17.366270064851,
    3.665732733962));
#2604 = CARTESIAN_POINT('',(62.577991282419,17.366646799183,
    3.663212920054));
#2605 = CARTESIAN_POINT('',(62.576692151383,17.367030688863,
    3.66070618889));
#2606 = CARTESIAN_POINT('',(62.575369993238,17.367421710492,
    3.658212738706));
#2607 = CARTESIAN_POINT('',(62.574024946362,17.367819840421,
    3.655732766283));
#2608 = CARTESIAN_POINT('',(62.572657150525,17.368225054758,
    3.653266466934));
#2609 = CARTESIAN_POINT('',(62.571266746873,17.368637329359,
    3.650814034511));
#2610 = CARTESIAN_POINT('',(62.569853877914,17.369056639823,
    3.648375661396));
#2611 = CARTESIAN_POINT('',(62.568418687505,17.369482961496,
    3.645951538495));
#2612 = CARTESIAN_POINT('',(62.566961320832,17.36991626946,
    3.643541855243));
#2613 = CARTESIAN_POINT('',(62.565481924403,17.370356538535,
    3.641146799594));
#2614 = CARTESIAN_POINT('',(62.563980646028,17.370803743272,
    3.638766558022));
#2615 = CARTESIAN_POINT('',(62.56245763481,17.371257857953,
    3.636401315518));
#2616 = CARTESIAN_POINT('',(62.560913041126,17.371718856584,
    3.634051255584));
#2617 = CARTESIAN_POINT('',(62.559347016616,17.372186712892,
    3.631716560237));
#2618 = CARTESIAN_POINT('',(62.557759714171,17.372661400321,
    3.629397410001));
#2619 = CARTESIAN_POINT('',(62.556151287919,17.373142892032,
    3.62709398391));
#2620 = CARTESIAN_POINT('',(62.55452189321,17.373631160894,
    3.624806459502));
#2621 = CARTESIAN_POINT('',(62.552871686605,17.37412617948,
    3.622535012817));
#2622 = CARTESIAN_POINT('',(62.551200825866,17.374627920068,3.6202798184
    ));
#2623 = CARTESIAN_POINT('',(62.549509469938,17.375136354632,
    3.618041049294));
#2624 = CARTESIAN_POINT('',(62.547797778942,17.375651454839,
    3.615818877043));
#2625 = CARTESIAN_POINT('',(62.54606591416,17.376173192046,
    3.613613471686));
#2626 = CARTESIAN_POINT('',(62.544314038026,17.376701537294,
    3.611425001759));
#2627 = CARTESIAN_POINT('',(62.542542314112,17.377236461305,
    3.609253634292));
#2628 = CARTESIAN_POINT('',(62.540750907118,17.377777934475,
    3.607099534808));
#2629 = CARTESIAN_POINT('',(62.538939982861,17.378325926873,
    3.604962867323));
#2630 = CARTESIAN_POINT('',(62.537109708266,17.378880408234,
    3.602843794343));
#2631 = CARTESIAN_POINT('',(62.53526025135,17.379441347954,
    3.600742476863));
#2632 = CARTESIAN_POINT('',(62.533391781219,17.380008715086,
    3.598659074366));
#2633 = CARTESIAN_POINT('',(62.531504468052,17.380582478338,
    3.596593744823));
#2634 = CARTESIAN_POINT('',(62.529598483093,17.381162606061,
    3.594546644692));
#2635 = CARTESIAN_POINT('',(62.527673998644,17.381749066252,
    3.592517928913));
#2636 = CARTESIAN_POINT('',(62.525731188049,17.382341826544,
    3.590507750912));
#2637 = CARTESIAN_POINT('',(62.523770225691,17.382940854202,
    3.588516262595));
#2638 = CARTESIAN_POINT('',(62.521791286983,17.383546116121,
    3.586543614351));
#2639 = CARTESIAN_POINT('',(62.519794548351,17.384157578815,
    3.58458995505));
#2640 = CARTESIAN_POINT('',(62.517780187236,17.384775208417,
    3.582655432036));
#2641 = CARTESIAN_POINT('',(62.515748382078,17.385398970672,
    3.580740191135));
#2642 = CARTESIAN_POINT('',(62.513699312312,17.386028830932,
    3.578844376646));
#2643 = CARTESIAN_POINT('',(62.511633158355,17.386664754148,
    3.576968131342));
#2644 = CARTESIAN_POINT('',(62.509550101605,17.387306704871,
    3.575111596471));
#2645 = CARTESIAN_POINT('',(62.507450324426,17.387954647241,
    3.573274911751));
#2646 = CARTESIAN_POINT('',(62.505334010146,17.388608544981,
    3.571458215366));
#2647 = CARTESIAN_POINT('',(62.503201343046,17.389268361399,
    3.569661643973));
#2648 = CARTESIAN_POINT('',(62.501052508355,17.389934059374,
    3.56788533269));
#2649 = CARTESIAN_POINT('',(62.498887692242,17.390605601355,
    3.566129415101));
#2650 = CARTESIAN_POINT('',(62.496707081809,17.391282949355,
    3.564394023249));
#2651 = CARTESIAN_POINT('',(62.494510865084,17.391966064946,
    3.562679287639));
#2652 = CARTESIAN_POINT('',(62.492299231014,17.392654909252,
    3.560985337228));
#2653 = CARTESIAN_POINT('',(62.490072369461,17.393349442942,
    3.559312299432));
#2654 = CARTESIAN_POINT('',(62.487830471193,17.394049626232,
    3.557660300114));
#2655 = CARTESIAN_POINT('',(62.485573727877,17.394755418869,
    3.556029463588));
#2656 = CARTESIAN_POINT('',(62.483302332077,17.395466780134,
    3.554419912611));
#2657 = CARTESIAN_POINT('',(62.481016477243,17.396183668831,
    3.552831768386));
#2658 = CARTESIAN_POINT('',(62.478716357709,17.396906043286,
    3.551265150549));
#2659 = CARTESIAN_POINT('',(62.476402168685,17.397633861337,
    3.549720177177));
#2660 = CARTESIAN_POINT('',(62.474074106252,17.398367080331,
    3.548196964775));
#2661 = CARTESIAN_POINT('',(62.471732367356,17.39910565712,
    3.546695628276));
#2662 = CARTESIAN_POINT('',(62.469377149802,17.399849548051,
    3.545216281039));
#2663 = CARTESIAN_POINT('',(62.467008652251,17.400598708966,
    3.54375903484));
#2664 = CARTESIAN_POINT('',(62.464627074211,17.401353095192,
    3.54232399987));
#2665 = CARTESIAN_POINT('',(62.462232616032,17.402112661538,
    3.540911284732));
#2666 = CARTESIAN_POINT('',(62.459825478904,17.40287736229,
    3.539520996432));
#2667 = CARTESIAN_POINT('',(62.457405864848,17.403647151204,
    3.538153240378));
#2668 = CARTESIAN_POINT('',(62.454973976712,17.404421981501,
    3.536808120373));
#2669 = CARTESIAN_POINT('',(62.452530018166,17.405201805864,
    3.535485738609));
#2670 = CARTESIAN_POINT('',(62.450074193696,17.405986576431,
    3.534186195662));
#2671 = CARTESIAN_POINT('',(62.447606708597,17.40677624479,
    3.532909590487));
#2672 = CARTESIAN_POINT('',(62.445127768973,17.407570761973,
    3.531656020408));
#2673 = CARTESIAN_POINT('',(62.442637581725,17.408370078454,
    3.530425581119));
#2674 = CARTESIAN_POINT('',(62.440136354549,17.409174144141,
    3.52921836667));
#2675 = CARTESIAN_POINT('',(62.43762429593,17.409982908374,
    3.528034469462));
#2676 = CARTESIAN_POINT('',(62.435101615136,17.410796319917,
    3.526873980245));
#2677 = CARTESIAN_POINT('',(62.432568522214,17.411614326956,
    3.525736988104));
#2678 = CARTESIAN_POINT('',(62.430025227981,17.412436877095,
    3.524623580455));
#2679 = CARTESIAN_POINT('',(62.427471944019,17.413263917348,
    3.523533843038));
#2680 = CARTESIAN_POINT('',(62.424908882673,17.414095394137,
    3.522467859906));
#2681 = CARTESIAN_POINT('',(62.422336257039,17.414931253289,
    3.521425713421));
#2682 = CARTESIAN_POINT('',(62.419754280961,17.41577144003,
    3.520407484243));
#2683 = CARTESIAN_POINT('',(62.417163169025,17.416615898982,
    3.51941325132));
#2684 = CARTESIAN_POINT('',(62.41456313655,17.417464574155,
    3.518443091884));
#2685 = CARTESIAN_POINT('',(62.411954399585,17.418317408953,
    3.517497081438));
#2686 = CARTESIAN_POINT('',(62.409337174898,17.419174346159,
    3.516575293748));
#2687 = CARTESIAN_POINT('',(62.40671167997,17.420035327938,
    3.515677800835));
#2688 = CARTESIAN_POINT('',(62.40407813299,17.420900295836,
    3.514804672962));
#2689 = CARTESIAN_POINT('',(62.401436752847,17.421769190768,
    3.51395597863));
#2690 = CARTESIAN_POINT('',(62.398787759118,17.422641953023,
    3.51313178456));
#2691 = CARTESIAN_POINT('',(62.396131372066,17.423518522259,
    3.512332155692));
#2692 = CARTESIAN_POINT('',(62.393467812627,17.424398837499,
    3.511557155167));
#2693 = CARTESIAN_POINT('',(62.390797302406,17.42528283713,
    3.510806844322));
#2694 = CARTESIAN_POINT('',(62.388120063662,17.426170458898,
    3.510081282676));
#2695 = CARTESIAN_POINT('',(62.385436319307,17.427061639911,
    3.50938052792));
#2696 = CARTESIAN_POINT('',(62.382746292889,17.427956316631,
    3.508704635908));
#2697 = CARTESIAN_POINT('',(62.380050208588,17.428854424878,
    3.508053660642));
#2698 = CARTESIAN_POINT('',(62.377348291203,17.429755899823,
    3.507427654266));
#2699 = CARTESIAN_POINT('',(62.374640766142,17.430660675993,
    3.50682666705));
#2700 = CARTESIAN_POINT('',(62.371927859412,17.431568687263,
    3.506250747382));
#2701 = CARTESIAN_POINT('',(62.36920979761,17.432479866861,
    3.505699941753));
#2702 = CARTESIAN_POINT('',(62.366486807908,17.433394147364,
    3.50517429475));
#2703 = CARTESIAN_POINT('',(62.363759118042,17.434311460698,
    3.504673849041));
#2704 = CARTESIAN_POINT('',(62.361026956305,17.435231738141,
    3.504198645362));
#2705 = CARTESIAN_POINT('',(62.358290551527,17.436154910318,
    3.503748722509));
#2706 = CARTESIAN_POINT('',(62.355550133068,17.437080907206,
    3.503324117325));
#2707 = CARTESIAN_POINT('',(62.352805930801,17.438009658131,
    3.502924864687));
#2708 = CARTESIAN_POINT('',(62.350058175102,17.438941091772,
    3.502550997493));
#2709 = CARTESIAN_POINT('',(62.347307096834,17.43987513616,
    3.502202546654));
#2710 = CARTESIAN_POINT('',(62.34455292733,17.440811718681,
    3.501879541079));
#2711 = CARTESIAN_POINT('',(62.341795898386,17.441750766076,
    3.501582007663));
#2712 = CARTESIAN_POINT('',(62.339036242235,17.442692204444,
    3.501309971278));
#2713 = CARTESIAN_POINT('',(62.336274191542,17.443635959247,
    3.501063454759));
#2714 = CARTESIAN_POINT('',(62.333509979379,17.444581955306,
    3.50084247889));
#2715 = CARTESIAN_POINT('',(62.330743839214,17.445530116811,
    3.500647062399));
#2716 = CARTESIAN_POINT('',(62.327976004892,17.44648036732,
    3.500477221939));
#2717 = CARTESIAN_POINT('',(62.325206710617,17.447432629764,
    3.500332972084));
#2718 = CARTESIAN_POINT('',(62.322436190936,17.448386826449,
    3.50021432531));
#2719 = CARTESIAN_POINT('',(62.319664680717,17.449342879065,
    3.50012129199));
#2720 = CARTESIAN_POINT('',(62.316892415134,17.450300708684,
    3.50005388038));
#2721 = CARTESIAN_POINT('',(62.315044065669,17.450940333128,
    3.500026027157));
#2722 = CARTESIAN_POINT('',(62.314119839715,17.45126041617,
    3.500016371282));
#2723 = ORIENTED_EDGE('',*,*,#2724,.T.);
#2724 = EDGE_CURVE('',#2550,#2725,#2727,.T.);
#2725 = VERTEX_POINT('',#2726);
#2726 = CARTESIAN_POINT('',(62.610985752709,-5.115251937777,
    3.799999999999));
#2727 = LINE('',#2728,#2729);
#2728 = CARTESIAN_POINT('',(62.610985752709,17.357003751311,
    3.799999999999));
#2729 = VECTOR('',#2730,1.);
#2730 = DIRECTION('',(0.,-1.,2.22044604925E-16));
#2731 = ORIENTED_EDGE('',*,*,#2732,.F.);
#2732 = EDGE_CURVE('',#2247,#2725,#2733,.T.);
#2733 = B_SPLINE_CURVE_WITH_KNOTS('',3,(#2734,#2735,#2736,#2737,#2738,
    #2739,#2740,#2741,#2742,#2743,#2744,#2745,#2746,#2747,#2748,#2749,
    #2750,#2751,#2752,#2753,#2754,#2755,#2756,#2757,#2758,#2759,#2760,
    #2761,#2762,#2763,#2764,#2765,#2766,#2767,#2768,#2769,#2770,#2771,
    #2772,#2773,#2774,#2775,#2776,#2777,#2778,#2779,#2780,#2781,#2782,
    #2783,#2784,#2785,#2786,#2787,#2788,#2789,#2790,#2791,#2792,#2793,
    #2794,#2795,#2796,#2797,#2798,#2799,#2800,#2801,#2802,#2803,#2804,
    #2805,#2806,#2807,#2808,#2809,#2810,#2811,#2812,#2813,#2814,#2815,
    #2816,#2817,#2818,#2819,#2820,#2821,#2822,#2823,#2824,#2825,#2826,
    #2827,#2828,#2829,#2830,#2831,#2832,#2833,#2834,#2835,#2836,#2837,
    #2838,#2839,#2840,#2841,#2842,#2843,#2844,#2845,#2846,#2847,#2848,
    #2849,#2850,#2851,#2852,#2853,#2854,#2855,#2856,#2857,#2858,#2859,
    #2860,#2861,#2862,#2863,#2864,#2865,#2866,#2867,#2868,#2869,#2870,
    #2871,#2872,#2873,#2874,#2875,#2876,#2877,#2878,#2879,#2880,#2881,
    #2882,#2883,#2884,#2885,#2886,#2887,#2888,#2889,#2890,#2891,#2892),
  .UNSPECIFIED.,.F.,.F.,(4,1,1,1,1,1,1,1,1,1,1,1,1,1,1,1,1,1,1,1,1,1,1,1
    ,1,1,1,1,1,1,1,1,1,1,1,1,1,1,1,1,1,1,1,1,1,1,1,1,1,1,1,1,1,1,1,1,1,1
    ,1,1,1,1,1,1,1,1,1,1,1,1,1,1,1,1,1,1,1,1,1,1,1,1,1,1,1,1,1,1,1,1,1,1
    ,1,1,1,1,1,1,1,1,1,1,1,1,1,1,1,1,1,1,1,1,1,1,1,1,1,1,1,1,1,1,1,1,1,1
    ,1,1,1,1,1,1,1,1,1,1,1,1,1,1,1,1,1,1,1,1,1,1,1,1,1,1,1,1,1,1,4),(
    0.252362673853,0.254070061925,0.255776742377,0.257482678754,
    0.259187835182,0.260892176379,0.262595667661,0.264298274952,
    0.265999964789,0.267700704332,0.269400461365,0.271099204307,
    0.27279690221,0.274493524773,0.276189042337,0.277883425895,
    0.27957664709,0.281268678222,0.282959492248,0.284649062782,
    0.2863373641,0.288024371138,0.289710059495,0.29139440543,
    0.293077385861,0.294758978371,0.296439161197,0.298117913236,
    0.299795214041,0.301471043817,0.30314538342,0.304818214356,
    0.306489518772,0.30815927946,0.309827479847,0.311494103995,
    0.313159136594,0.31482256296,0.316484369028,0.318144541347,
    0.319803067078,0.321459933983,0.323115130426,0.324768645359,
    0.326420468326,0.328070589447,0.329718999417,0.331365689501,
    0.333010651521,0.334653877855,0.336295361428,0.337935095706,
    0.339573074687,0.341209292893,0.342843745367,0.344476427663,
    0.346107335836,0.34773646644,0.349363816514,0.350989383582,
    0.352613165637,0.354235161139,0.355855369007,0.357473788606,
    0.359090419748,0.360705262674,0.362318318055,0.36392958698,
    0.365539070946,0.367146771857,0.36875269201,0.370356834088,
    0.371959201157,0.373559796653,0.375158624377,0.376755688485,
    0.378350993486,0.379944544227,0.38153634589,0.383126403985,
    0.384714724342,0.3863013131,0.387886176707,0.389469321905,
    0.391050755729,0.392630485498,0.394208518807,0.39578486352,
    0.397359527765,0.398932519928,0.400503848644,0.402073522789,
    0.40364155148,0.405207944061,0.406772710103,0.408335859395,
    0.409897401937,0.411457347936,0.413015707799,0.414572492128,
    0.416127711714,0.417681377532,0.419233500733,0.420784092643,
    0.422333164754,0.423880728719,0.42542679635,0.426971379611,
    0.428514490611,0.430056141603,0.431596344978,0.433135113259,
    0.434672459098,0.436208395271,0.437742934675,0.43927609032,
    0.44080787533,0.442338302935,0.44386738647,0.445395139368,
    0.44692157516,0.448446707466,0.449970549998,0.451493116551,
    0.453014421003,0.45453447731,0.456053299503,0.457570901684,
    0.459087298026,0.460602502766,0.462116530205,0.463629394703,
    0.465141110679,0.466651692603,0.468161155002,0.469669512447,
    0.47117677956,0.472682971003,0.474188101484,0.475692185748,
    0.477195238578,0.478697274791,0.480198309237,0.481698356799,
    0.483197432386,0.484695550933,0.486192727402,0.487688976776,
    0.489184314059,0.490678754275,0.492172312462,0.493665003677,
    0.495156842989,0.496647845478,0.498138026235,0.499627400359,
    0.499999848984),.UNSPECIFIED.);
#2734 = CARTESIAN_POINT('',(62.313436417909,-5.209745335186,
    3.500010009766));
#2735 = CARTESIAN_POINT('',(62.314480179058,-5.20938371314,
    3.500018536415));
#2736 = CARTESIAN_POINT('',(62.316567389025,-5.208661222827,
    3.500046480424));
#2737 = CARTESIAN_POINT('',(62.319697587265,-5.207579635892,
    3.500121072517));
#2738 = CARTESIAN_POINT('',(62.322826169092,-5.206500539552,
    3.500228303001));
#2739 = CARTESIAN_POINT('',(62.325952762181,-5.205424057787,
    3.500368137686));
#2740 = CARTESIAN_POINT('',(62.329076995385,-5.204350313263,
    3.500540537528));
#2741 = CARTESIAN_POINT('',(62.332198498813,-5.203279427316,
    3.500745458676));
#2742 = CARTESIAN_POINT('',(62.335316903892,-5.202211519927,
    3.500982852509));
#2743 = CARTESIAN_POINT('',(62.338431843444,-5.201146709716,
    3.501252665679));
#2744 = CARTESIAN_POINT('',(62.34154295175,-5.200085113919,
    3.501554840154));
#2745 = CARTESIAN_POINT('',(62.344649864615,-5.199026848376,
    3.501889313263));
#2746 = CARTESIAN_POINT('',(62.347752219436,-5.197972027521,
    3.502256017741));
#2747 = CARTESIAN_POINT('',(62.350849655262,-5.196920764364,
    3.502654881775));
#2748 = CARTESIAN_POINT('',(62.353941812856,-5.195873170485,
    3.503085829049));
#2749 = CARTESIAN_POINT('',(62.357028334758,-5.194829356021,
    3.503548778795));
#2750 = CARTESIAN_POINT('',(62.360108865338,-5.193789429656,
    3.504043645839));
#2751 = CARTESIAN_POINT('',(62.363183050857,-5.192753498614,
    3.504570340652));
#2752 = CARTESIAN_POINT('',(62.366250539524,-5.191721668653,
    3.505128769397));
#2753 = CARTESIAN_POINT('',(62.369310981542,-5.190694044053,
    3.505718833983));
#2754 = CARTESIAN_POINT('',(62.37236402917,-5.189670727616,
    3.506340432112));
#2755 = CARTESIAN_POINT('',(62.375409336766,-5.188651820657,
    3.506993457334));
#2756 = CARTESIAN_POINT('',(62.378446560841,-5.187637423003,
    3.507677799096));
#2757 = CARTESIAN_POINT('',(62.381475360107,-5.186627632988,
    3.508393342796));
#2758 = CARTESIAN_POINT('',(62.384495395519,-5.185622547449,
    3.509139969835));
#2759 = CARTESIAN_POINT('',(62.387506330325,-5.184622261727,
    3.50991755767));
#2760 = CARTESIAN_POINT('',(62.390507830107,-5.183626869664,
    3.510725979868));
#2761 = CARTESIAN_POINT('',(62.393499562823,-5.182636463606,
    3.511565106156));
#2762 = CARTESIAN_POINT('',(62.39648119885,-5.181651134398,
    3.512434802481));
#2763 = CARTESIAN_POINT('',(62.39945241102,-5.180670971392,
    3.513334931057));
#2764 = CARTESIAN_POINT('',(62.40241287466,-5.179696062442,
    3.514265350425));
#2765 = CARTESIAN_POINT('',(62.405362267631,-5.178726493912,
    3.515225915503));
#2766 = CARTESIAN_POINT('',(62.408300270358,-5.177762350677,
    3.51621647764));
#2767 = CARTESIAN_POINT('',(62.411226565868,-5.176803716125,
    3.517236884675));
#2768 = CARTESIAN_POINT('',(62.414140839823,-5.175850672166,
    3.518286980985));
#2769 = CARTESIAN_POINT('',(62.41704278055,-5.174903299232,
    3.519366607543));
#2770 = CARTESIAN_POINT('',(62.41993207907,-5.173961676287,
    3.520475601972));
#2771 = CARTESIAN_POINT('',(62.422808429132,-5.17302588083,
    3.521613798597));
#2772 = CARTESIAN_POINT('',(62.425671527236,-5.172095988903,
    3.522781028503));
#2773 = CARTESIAN_POINT('',(62.428521072661,-5.171172075098,
    3.523977119581));
#2774 = CARTESIAN_POINT('',(62.431356767496,-5.170254212566,
    3.525201896593));
#2775 = CARTESIAN_POINT('',(62.434178316654,-5.169342473022,
    3.526455181214));
#2776 = CARTESIAN_POINT('',(62.436985427906,-5.168436926756,
    3.527736792095));
#2777 = CARTESIAN_POINT('',(62.439777811897,-5.167537642642,
    3.529046544908));
#2778 = CARTESIAN_POINT('',(62.44255518217,-5.166644688147,
    3.530384252407));
#2779 = CARTESIAN_POINT('',(62.445317255187,-5.16575812934,
    3.531749724473));
#2780 = CARTESIAN_POINT('',(62.448063750344,-5.164878030902,
    3.533142768171));
#2781 = CARTESIAN_POINT('',(62.450794389997,-5.164004456142,
    3.534563187802));
#2782 = CARTESIAN_POINT('',(62.453508899471,-5.163137466998,
    3.536010784952));
#2783 = CARTESIAN_POINT('',(62.456207007083,-5.162277124058,
    3.537485358548));
#2784 = CARTESIAN_POINT('',(62.458888444154,-5.161423486565,
    3.538986704905));
#2785 = CARTESIAN_POINT('',(62.461552945027,-5.160576612433,
    3.540514617778));
#2786 = CARTESIAN_POINT('',(62.464200247077,-5.159736558255,
    3.542068888415));
#2787 = CARTESIAN_POINT('',(62.466830090727,-5.158903379321,
    3.543649305604));
#2788 = CARTESIAN_POINT('',(62.469442219459,-5.158077129625,
    3.545255655725));
#2789 = CARTESIAN_POINT('',(62.472036379827,-5.15725786188,
    3.546887722799));
#2790 = CARTESIAN_POINT('',(62.474612321466,-5.156445627534,
    3.548545288537));
#2791 = CARTESIAN_POINT('',(62.477169797101,-5.155640476779,
    3.550228132387));
#2792 = CARTESIAN_POINT('',(62.479708562561,-5.154842458566,
    3.551936031586));
#2793 = CARTESIAN_POINT('',(62.482228376782,-5.154051620619,
    3.553668761206));
#2794 = CARTESIAN_POINT('',(62.484729001819,-5.153268009449,
    3.555426094202));
#2795 = CARTESIAN_POINT('',(62.48721020285,-5.152491670368,
    3.557207801457));
#2796 = CARTESIAN_POINT('',(62.489671748186,-5.151722647501,
    3.559013651832));
#2797 = CARTESIAN_POINT('',(62.492113409273,-5.150960983804,
    3.560843412212));
#2798 = CARTESIAN_POINT('',(62.494534960701,-5.150206721076,
    3.56269684755));
#2799 = CARTESIAN_POINT('',(62.496936180207,-5.149459899971,
    3.564573720914));
#2800 = CARTESIAN_POINT('',(62.499316848679,-5.148720560017,
    3.566473793532));
#2801 = CARTESIAN_POINT('',(62.50167675016,-5.147988739628,
    3.568396824836));
#2802 = CARTESIAN_POINT('',(62.504015671852,-5.147264476121,
    3.570342572509));
#2803 = CARTESIAN_POINT('',(62.506333404116,-5.146547805726,
    3.572310792526));
#2804 = CARTESIAN_POINT('',(62.508629740479,-5.145838763605,
    3.574301239197));
#2805 = CARTESIAN_POINT('',(62.510904477628,-5.145137383866,
    3.576313665214));
#2806 = CARTESIAN_POINT('',(62.513157415418,-5.144443699574,
    3.578347821692));
#2807 = CARTESIAN_POINT('',(62.515388356872,-5.143757742771,
    3.580403458207));
#2808 = CARTESIAN_POINT('',(62.517597108175,-5.143079544488,
    3.582480322846));
#2809 = CARTESIAN_POINT('',(62.519783478681,-5.14240913476,
    3.584578162243));
#2810 = CARTESIAN_POINT('',(62.521947280909,-5.141746542641,
    3.58669672162));
#2811 = CARTESIAN_POINT('',(62.524088330543,-5.141091796218,
    3.588835744832));
#2812 = CARTESIAN_POINT('',(62.526206446428,-5.140444922626,
    3.590994974401));
#2813 = CARTESIAN_POINT('',(62.528301450571,-5.139805948062,
    3.593174151564));
#2814 = CARTESIAN_POINT('',(62.530373168141,-5.139174897803,
    3.595373016304));
#2815 = CARTESIAN_POINT('',(62.532421427458,-5.138551796213,
    3.597591307397));
#2816 = CARTESIAN_POINT('',(62.534446060001,-5.137936666767,
    3.599828762444));
#2817 = CARTESIAN_POINT('',(62.536446900394,-5.137329532056,
    3.602085117915));
#2818 = CARTESIAN_POINT('',(62.538423786412,-5.136730413809,
    3.604360109183));
#2819 = CARTESIAN_POINT('',(62.540376558972,-5.136139332902,
    3.606653470566));
#2820 = CARTESIAN_POINT('',(62.542305062126,-5.135556309374,
    3.60896493536));
#2821 = CARTESIAN_POINT('',(62.544209143066,-5.13498136244,
    3.611294235878));
#2822 = CARTESIAN_POINT('',(62.546088652109,-5.134414510509,
    3.613641103488));
#2823 = CARTESIAN_POINT('',(62.547943442698,-5.13385577119,
    3.616005268646));
#2824 = CARTESIAN_POINT('',(62.549773371395,-5.133305161313,
    3.618386460935));
#2825 = CARTESIAN_POINT('',(62.551578297874,-5.132762696938,3.6207844091
    ));
#2826 = CARTESIAN_POINT('',(62.553358084918,-5.132228393372,
    3.623198841082));
#2827 = CARTESIAN_POINT('',(62.555112598411,-5.131702265178,
    3.625629484055));
#2828 = CARTESIAN_POINT('',(62.556841707331,-5.131184326192,
    3.628076064459));
#2829 = CARTESIAN_POINT('',(62.558545283746,-5.130674589533,
    3.630538308033));
#2830 = CARTESIAN_POINT('',(62.560223202803,-5.130173067619,
    3.633015939854));
#2831 = CARTESIAN_POINT('',(62.561875342726,-5.129679772178,
    3.635508684366));
#2832 = CARTESIAN_POINT('',(62.563501584804,-5.129194714258,
    3.638016265416));
#2833 = CARTESIAN_POINT('',(62.565101813386,-5.128717904245,
    3.640538406283));
#2834 = CARTESIAN_POINT('',(62.566675915872,-5.128249351872,
    3.643074829719));
#2835 = CARTESIAN_POINT('',(62.568223782707,-5.12778906623,
    3.645625257972));
#2836 = CARTESIAN_POINT('',(62.56974530737,-5.127337055782,
    3.648189412825));
#2837 = CARTESIAN_POINT('',(62.571240386368,-5.126893328375,
    3.650767015625));
#2838 = CARTESIAN_POINT('',(62.572708919226,-5.126457891252,
    3.653357787315));
#2839 = CARTESIAN_POINT('',(62.574150808478,-5.126030751059,
    3.655961448465));
#2840 = CARTESIAN_POINT('',(62.575565959659,-5.125611913863,
    3.658577719306));
#2841 = CARTESIAN_POINT('',(62.576954281295,-5.125201385159,
    3.661206319757));
#2842 = CARTESIAN_POINT('',(62.578315684894,-5.124799169882,
    3.663846969455));
#2843 = CARTESIAN_POINT('',(62.579650084936,-5.124405272418,
    3.666499387792));
#2844 = CARTESIAN_POINT('',(62.580957398864,-5.124019696613,
    3.669163293936));
#2845 = CARTESIAN_POINT('',(62.582237547072,-5.123642445787,
    3.671838406867));
#2846 = CARTESIAN_POINT('',(62.583490452898,-5.123273522743,
    3.674524445405));
#2847 = CARTESIAN_POINT('',(62.584716042611,-5.122912929772,
    3.677221128237));
#2848 = CARTESIAN_POINT('',(62.585914245401,-5.122560668674,
    3.67992817395));
#2849 = CARTESIAN_POINT('',(62.587084993369,-5.122216740755,
    3.682645301056));
#2850 = CARTESIAN_POINT('',(62.588228221516,-5.121881146847,
    3.685372228023));
#2851 = CARTESIAN_POINT('',(62.589343867731,-5.121553887312,3.6881086733
    ));
#2852 = CARTESIAN_POINT('',(62.590431872781,-5.121234962052,
    3.690854355351));
#2853 = CARTESIAN_POINT('',(62.591492180298,-5.12092437052,
    3.693608992675));
#2854 = CARTESIAN_POINT('',(62.59252473677,-5.120622111726,3.69637230384
    ));
#2855 = CARTESIAN_POINT('',(62.593529491525,-5.12032818425,
    3.699144007506));
#2856 = CARTESIAN_POINT('',(62.594506396725,-5.120042586246,
    3.701923822454));
#2857 = CARTESIAN_POINT('',(62.595455407347,-5.119765315451,
    3.704711467614));
#2858 = CARTESIAN_POINT('',(62.596376481176,-5.119496369199,
    3.707506662087));
#2859 = CARTESIAN_POINT('',(62.597269578792,-5.119235744421,
    3.710309125176));
#2860 = CARTESIAN_POINT('',(62.598134663552,-5.118983437657,
    3.71311857641));
#2861 = CARTESIAN_POINT('',(62.598971701587,-5.118739445064,
    3.71593473557));
#2862 = CARTESIAN_POINT('',(62.599780661778,-5.118503762424,
    3.718757322713));
#2863 = CARTESIAN_POINT('',(62.600561515751,-5.118276385147,
    3.721586058201));
#2864 = CARTESIAN_POINT('',(62.601314237861,-5.118057308284,
    3.724420662722));
#2865 = CARTESIAN_POINT('',(62.602038805178,-5.117846526531,
    3.727260857318));
#2866 = CARTESIAN_POINT('',(62.602735197474,-5.117644034234,
    3.730106363407));
#2867 = CARTESIAN_POINT('',(62.603403397208,-5.1174498254,3.732956902809
    ));
#2868 = CARTESIAN_POINT('',(62.604043389516,-5.117263893702,
    3.735812197771));
#2869 = CARTESIAN_POINT('',(62.604655162192,-5.117086232482,
    3.738671970988));
#2870 = CARTESIAN_POINT('',(62.605238705675,-5.116916834761,
    3.741535945628));
#2871 = CARTESIAN_POINT('',(62.605794013038,-5.116755693245,
    3.744403845356));
#2872 = CARTESIAN_POINT('',(62.606321079969,-5.116602800329,
    3.747275394356));
#2873 = CARTESIAN_POINT('',(62.60681990476,-5.116458148102,
    3.750150317356));
#2874 = CARTESIAN_POINT('',(62.607290488289,-5.116321728356,
    3.753028339647));
#2875 = CARTESIAN_POINT('',(62.607732834006,-5.116193532587,
    3.755909187108));
#2876 = CARTESIAN_POINT('',(62.608146947921,-5.116073552004,
    3.758792586228));
#2877 = CARTESIAN_POINT('',(62.608532838582,-5.115961777532,
    3.761678264128));
#2878 = CARTESIAN_POINT('',(62.608890517067,-5.115858199816,
    3.76456594858));
#2879 = CARTESIAN_POINT('',(62.609219996964,-5.11576280923,
    3.767455368031));
#2880 = CARTESIAN_POINT('',(62.609521294355,-5.115675595874,
    3.770346251624));
#2881 = CARTESIAN_POINT('',(62.609794427802,-5.115596549588,
    3.773238329218));
#2882 = CARTESIAN_POINT('',(62.610039418333,-5.115525659946,
    3.776131331408));
#2883 = CARTESIAN_POINT('',(62.610256289419,-5.11546291627,
    3.779024989547));
#2884 = CARTESIAN_POINT('',(62.610445066967,-5.115408307625,
    3.781919035763));
#2885 = CARTESIAN_POINT('',(62.610605779294,-5.115361822829,
    3.784813202985));
#2886 = CARTESIAN_POINT('',(62.610738457119,-5.115323450455,
    3.787707224953));
#2887 = CARTESIAN_POINT('',(62.610843133542,-5.115293178833,
    3.790600836247));
#2888 = CARTESIAN_POINT('',(62.610919844026,-5.115270996054,
    3.793493772298));
#2889 = CARTESIAN_POINT('',(62.610968626385,-5.115256889975,
    3.796385769412));
#2890 = CARTESIAN_POINT('',(62.610984301379,-5.115252357442,
    3.798554448481));
#2891 = CARTESIAN_POINT('',(62.610985752708,-5.115251937777,
    3.799759029417));
#2892 = CARTESIAN_POINT('',(62.610985752706,-5.115251937778,
    3.799999999999));
#2893 = ORIENTED_EDGE('',*,*,#2255,.T.);
#2894 = CYLINDRICAL_SURFACE('',#2895,0.3);
#2895 = AXIS2_PLACEMENT_3D('',#2896,#2897,#2898);
#2896 = CARTESIAN_POINT('',(62.310985752711,21.120875906767,
    3.799999999999));
#2897 = DIRECTION('',(0.,-1.,2.22044604925E-16));
#2898 = DIRECTION('',(0.,-2.22044604925E-16,-1.));
#2899 = ADVANCED_FACE('',(#2900),#3385,.F.);
#2900 = FACE_BOUND('',#2901,.F.);
#2901 = EDGE_LOOP('',(#2902,#2913,#3077,#3083,#3084,#3085,#3093,#3214,
    #3222));
#2902 = ORIENTED_EDGE('',*,*,#2903,.T.);
#2903 = EDGE_CURVE('',#2904,#2906,#2908,.T.);
#2904 = VERTEX_POINT('',#2905);
#2905 = CARTESIAN_POINT('',(63.366769730488,17.190421225354,
    12.299977696736));
#2906 = VERTEX_POINT('',#2907);
#2907 = CARTESIAN_POINT('',(63.351661936804,17.192761398138,
    12.299942042066));
#2908 = CIRCLE('',#2909,6.);
#2909 = AXIS2_PLACEMENT_3D('',#2910,#2911,#2912);
#2910 = CARTESIAN_POINT('',(64.277652418711,23.120875906767,12.3));
#2911 = DIRECTION('',(0.,-2.22044604925E-16,-1.));
#2912 = DIRECTION('',(0.,1.,-2.22044604925E-16));
#2913 = ORIENTED_EDGE('',*,*,#2914,.F.);
#2914 = EDGE_CURVE('',#2915,#2906,#2917,.T.);
#2915 = VERTEX_POINT('',#2916);
#2916 = CARTESIAN_POINT('',(62.610985752711,17.357003751311,11.55));
#2917 = B_SPLINE_CURVE_WITH_KNOTS('',3,(#2918,#2919,#2920,#2921,#2922,
    #2923,#2924,#2925,#2926,#2927,#2928,#2929,#2930,#2931,#2932,#2933,
    #2934,#2935,#2936,#2937,#2938,#2939,#2940,#2941,#2942,#2943,#2944,
    #2945,#2946,#2947,#2948,#2949,#2950,#2951,#2952,#2953,#2954,#2955,
    #2956,#2957,#2958,#2959,#2960,#2961,#2962,#2963,#2964,#2965,#2966,
    #2967,#2968,#2969,#2970,#2971,#2972,#2973,#2974,#2975,#2976,#2977,
    #2978,#2979,#2980,#2981,#2982,#2983,#2984,#2985,#2986,#2987,#2988,
    #2989,#2990,#2991,#2992,#2993,#2994,#2995,#2996,#2997,#2998,#2999,
    #3000,#3001,#3002,#3003,#3004,#3005,#3006,#3007,#3008,#3009,#3010,
    #3011,#3012,#3013,#3014,#3015,#3016,#3017,#3018,#3019,#3020,#3021,
    #3022,#3023,#3024,#3025,#3026,#3027,#3028,#3029,#3030,#3031,#3032,
    #3033,#3034,#3035,#3036,#3037,#3038,#3039,#3040,#3041,#3042,#3043,
    #3044,#3045,#3046,#3047,#3048,#3049,#3050,#3051,#3052,#3053,#3054,
    #3055,#3056,#3057,#3058,#3059,#3060,#3061,#3062,#3063,#3064,#3065,
    #3066,#3067,#3068,#3069,#3070,#3071,#3072,#3073,#3074,#3075,#3076),
  .UNSPECIFIED.,.F.,.F.,(4,1,1,1,1,1,1,1,1,1,1,1,1,1,1,1,1,1,1,1,1,1,1,1
    ,1,1,1,1,1,1,1,1,1,1,1,1,1,1,1,1,1,1,1,1,1,1,1,1,1,1,1,1,1,1,1,1,1,1
    ,1,1,1,1,1,1,1,1,1,1,1,1,1,1,1,1,1,1,1,1,1,1,1,1,1,1,1,1,1,1,1,1,1,1
    ,1,1,1,1,1,1,1,1,1,1,1,1,1,1,1,1,1,1,1,1,1,1,1,1,1,1,1,1,1,1,1,1,1,1
    ,1,1,1,1,1,1,1,1,1,1,1,1,1,1,1,1,1,1,1,1,1,1,1,1,1,1,1,1,1,1,4),(0.,
    7.901981531436E-04,2.328664338735E-03,3.86767747025E-03,
    5.407264415826E-03,6.94745189958E-03,8.488266476571E-03,
    1.002973450777E-02,1.157188213506E-02,1.311473525626E-02,
    1.465831950025E-02,1.620266020218E-02,1.774778237877E-02,
    1.929371070378E-02,2.084046948364E-02,2.238808263326E-02,
    2.393657365203E-02,2.548596560012E-02,2.703628107498E-02,
    2.858754218815E-02,3.013977054238E-02,3.169298720912E-02,
    3.324721270629E-02,3.480246697656E-02,3.635876936591E-02,
    3.791613860277E-02,3.947459277751E-02,4.103414932251E-02,
    4.25948249927E-02,4.415663584668E-02,4.571959722838E-02,
    4.728372374934E-02,4.884902927164E-02,5.041552689146E-02,
    5.198322892329E-02,5.355214688488E-02,5.512229148292E-02,
    5.669367259947E-02,5.826629927913E-02,5.984017971707E-02,
    6.141532124785E-02,6.299173033508E-02,6.456941256197E-02,
    6.614837262276E-02,6.772861431506E-02,6.93101405331E-02,
    7.089295326196E-02,7.247705357271E-02,7.406244161864E-02,
    7.564911663229E-02,7.723707692372E-02,7.882631987957E-02,
    8.041684196335E-02,8.200863871659E-02,8.36017047612E-02,
    8.519603380272E-02,8.679161863474E-02,8.838845114435E-02,
    8.998652231859E-02,9.158582225202E-02,9.318634015533E-02,
    9.478806436496E-02,9.63909823538E-02,9.799508074289E-02,
    9.960034531416E-02,0.101206761024,0.102814312019,0.104422981649,
    0.106032752488,0.107643606346,0.109255524295,0.110868486681,
    0.112482473148,0.114097462659,0.115713433517,0.117330363388,
    0.118948229326,0.120567007793,0.122186674686,0.123807205366,
    0.125428574676,0.127050756976,0.128673726162,0.1302974557,
    0.131921918651,0.133547087698,0.135172935178,0.136799433107,
    0.138426553211,0.140054266955,0.141682545575,0.143311360101,
    0.144940681393,0.146570480166,0.148200727024,0.149831392484,
    0.151462447009,0.153093861037,0.154725605008,0.156357649392,
    0.15798996472,0.159622521612,0.161255290798,0.162888243155,
    0.164521349726,0.166154581749,0.167787910683,0.169421308229,
    0.171054746362,0.172688197346,0.174321633763,0.175955028535,
    0.177588354941,0.179221586643,0.180854697705,0.18248766261,
    0.184120456281,0.185753054098,0.187385431916,0.18901756608,
    0.19064943344,0.192281011366,0.193912277762,0.195543211079,
    0.197173790326,0.198803995082,0.200433805504,0.202063202339,
    0.203692166933,0.205320681234,0.206948727804,0.208576289823,
    0.210203351092,0.21182989604,0.213455909728,0.215081377848,
    0.21670628673,0.218330623338,0.219954375274,0.221577530776,
    0.223200078718,0.224822008606,0.226443310579,0.228063975402,
    0.229683994467,0.231303359782,0.232922063972,0.234540100272,
    0.236157462518,0.237774145142,0.239390143167,0.241005452194,
    0.2426200684,0.244233988524,0.24584720986,0.247459730249,
    0.249071548066),.UNSPECIFIED.);
#2918 = CARTESIAN_POINT('',(62.610985752711,17.357003751311,11.55));
#2919 = CARTESIAN_POINT('',(62.610985752711,17.357003751311,
    11.551249999025));
#2920 = CARTESIAN_POINT('',(62.610994961859,17.357001088417,
    11.554933670966));
#2921 = CARTESIAN_POINT('',(62.611055332286,17.356983631979,
    11.561051664377));
#2922 = CARTESIAN_POINT('',(62.611198502252,17.356942236472,
    11.56835391314));
#2923 = CARTESIAN_POINT('',(62.611412862231,17.356880264621,
    11.575657000762));
#2924 = CARTESIAN_POINT('',(62.611698470206,17.356797708267,
    11.582960296688));
#2925 = CARTESIAN_POINT('',(62.612055380017,17.356694563328,
    11.590263173479));
#2926 = CARTESIAN_POINT('',(62.612483641309,17.356570829813,
    11.597565000124));
#2927 = CARTESIAN_POINT('',(62.612983299462,17.356426511845,
    11.604865143749));
#2928 = CARTESIAN_POINT('',(62.613554395515,17.356261617687,
    11.612162969079));
#2929 = CARTESIAN_POINT('',(62.614196966098,17.356076159768,
    11.61945783851));
#2930 = CARTESIAN_POINT('',(62.614911043344,17.355870154702,
    11.62674911201));
#2931 = CARTESIAN_POINT('',(62.615696654808,17.35564362332,
    11.634036147081));
#2932 = CARTESIAN_POINT('',(62.616553823377,17.355396590689,
    11.641318298701));
#2933 = CARTESIAN_POINT('',(62.617482567178,17.35512908614,
    11.648594919275));
#2934 = CARTESIAN_POINT('',(62.618482899477,17.354841143291,
    11.655865358595));
#2935 = CARTESIAN_POINT('',(62.619554828584,17.354532800071,
    11.663128963791));
#2936 = CARTESIAN_POINT('',(62.620698357744,17.354204098747,
    11.6703850793));
#2937 = CARTESIAN_POINT('',(62.621913485028,17.353855085947,
    11.677633046827));
#2938 = CARTESIAN_POINT('',(62.623200203226,17.353485812682,
    11.684872205318));
#2939 = CARTESIAN_POINT('',(62.624558499726,17.353096334372,
    11.692101890932));
#2940 = CARTESIAN_POINT('',(62.625988356399,17.352686710868,
    11.699321437023));
#2941 = CARTESIAN_POINT('',(62.627489749476,17.352257006474,
    11.706530174119));
#2942 = CARTESIAN_POINT('',(62.629062649425,17.35180728997,
    11.713727429916));
#2943 = CARTESIAN_POINT('',(62.630707020821,17.351337634632,
    11.720912529266));
#2944 = CARTESIAN_POINT('',(62.632422822223,17.35084811825,
    11.728084794181));
#2945 = CARTESIAN_POINT('',(62.634210006034,17.350338823154,
    11.735243543832));
#2946 = CARTESIAN_POINT('',(62.636068518372,17.349809836226,
    11.74238809456));
#2947 = CARTESIAN_POINT('',(62.637998298934,17.349261248918,
    11.749517759894));
#2948 = CARTESIAN_POINT('',(62.639999280859,17.34869315727,
    11.756631850566));
#2949 = CARTESIAN_POINT('',(62.642071390584,17.348105661927,
    11.763729674545));
#2950 = CARTESIAN_POINT('',(62.644214547711,17.347498868144,
    11.770810537062));
#2951 = CARTESIAN_POINT('',(62.646428664864,17.346872885806,
    11.777873740655));
#2952 = CARTESIAN_POINT('',(62.648713647543,17.346227829436,
    11.784918585212));
#2953 = CARTESIAN_POINT('',(62.651069393988,17.345563818202,
    11.79194436802));
#2954 = CARTESIAN_POINT('',(62.653495795032,17.344880975922,
    11.798950383828));
#2955 = CARTESIAN_POINT('',(62.655992733961,17.344179431074,
    11.805935924905));
#2956 = CARTESIAN_POINT('',(62.658560086373,17.343459316795,
    11.812900281116));
#2957 = CARTESIAN_POINT('',(62.661197720034,17.342720770883,
    11.819842739998));
#2958 = CARTESIAN_POINT('',(62.663905494739,17.341963935793,
    11.826762586841));
#2959 = CARTESIAN_POINT('',(62.666683262171,17.341188958637,
    11.833659104784));
#2960 = CARTESIAN_POINT('',(62.669530865769,17.340395991175,
    11.840531574908));
#2961 = CARTESIAN_POINT('',(62.672448140584,17.339585189806,
    11.847379276342));
#2962 = CARTESIAN_POINT('',(62.67543491315,17.33875671556,
    11.854201486372));
#2963 = CARTESIAN_POINT('',(62.67849100135,17.337910734078,
    11.860997480561));
#2964 = CARTESIAN_POINT('',(62.68161621429,17.3370474156,11.867766532869
    ));
#2965 = CARTESIAN_POINT('',(62.684810352167,17.336166934945,
    11.874507915789));
#2966 = CARTESIAN_POINT('',(62.688073206152,17.335269471485,
    11.881220900479));
#2967 = CARTESIAN_POINT('',(62.691404558268,17.334355209121,
    11.887904756906));
#2968 = CARTESIAN_POINT('',(62.694804181272,17.333424336257,
    11.894558753997));
#2969 = CARTESIAN_POINT('',(62.698271838545,17.332477045764,
    11.901182159796));
#2970 = CARTESIAN_POINT('',(62.701807283988,17.331513534945,
    11.907774241623));
#2971 = CARTESIAN_POINT('',(62.705410261911,17.330534005499,
    11.914334266243));
#2972 = CARTESIAN_POINT('',(62.709080506942,17.32953866348,
    11.920861500039));
#2973 = CARTESIAN_POINT('',(62.712817743931,17.328527719245,
    11.927355209195));
#2974 = CARTESIAN_POINT('',(62.716621687861,17.327501387415,
    11.933814659876));
#2975 = CARTESIAN_POINT('',(62.72049204377,17.326459886815,
    11.940239118419));
#2976 = CARTESIAN_POINT('',(62.724428506671,17.325403440422,
    11.946627851531));
#2977 = CARTESIAN_POINT('',(62.728430761485,17.324332275307,
    11.952980126487));
#2978 = CARTESIAN_POINT('',(62.732498482973,17.323246622568,
    11.959295211333));
#2979 = CARTESIAN_POINT('',(62.736631335683,17.322146717269,
    11.965572375098));
#2980 = CARTESIAN_POINT('',(62.740828973898,17.321032798366,
    11.971810888007));
#2981 = CARTESIAN_POINT('',(62.745091041591,17.319905108636,
    11.978010021695));
#2982 = CARTESIAN_POINT('',(62.74941717239,17.3187638946,11.984169049431
    ));
#2983 = CARTESIAN_POINT('',(62.753806989548,17.317609406442,
    11.99028724634));
#2984 = CARTESIAN_POINT('',(62.758260105921,17.316441897927,
    11.99636388963));
#2985 = CARTESIAN_POINT('',(62.762776123954,17.31526162631,
    12.002398258824));
#2986 = CARTESIAN_POINT('',(62.767354635675,17.314068852251,
    12.008389635988));
#2987 = CARTESIAN_POINT('',(62.771995222694,17.312863839715,
    12.01433730597));
#2988 = CARTESIAN_POINT('',(62.776697456213,17.311646855881,
    12.020240556632));
#2989 = CARTESIAN_POINT('',(62.781460897042,17.310418171034,
    12.026098679089));
#2990 = CARTESIAN_POINT('',(62.786285095628,17.30917805847,
    12.031910967948));
#2991 = CARTESIAN_POINT('',(62.791169592079,17.307926794383,
    12.037676721546));
#2992 = CARTESIAN_POINT('',(62.796113916214,17.306664657757,
    12.043395242191));
#2993 = CARTESIAN_POINT('',(62.801117587607,17.305391930256,
    12.049065836398));
#2994 = CARTESIAN_POINT('',(62.806180115644,17.304108896105,
    12.054687815134));
#2995 = CARTESIAN_POINT('',(62.81130099959,17.302815841975,
    12.060260494052));
#2996 = CARTESIAN_POINT('',(62.816479728659,17.30151305686,
    12.065783193731));
#2997 = CARTESIAN_POINT('',(62.821715782098,17.300200831956,
    12.071255239911));
#2998 = CARTESIAN_POINT('',(62.827008629274,17.298879460538,
    12.076675963727));
#2999 = CARTESIAN_POINT('',(62.83235772977,17.297549237826,
    12.082044701945));
#3000 = CARTESIAN_POINT('',(62.837762533488,17.296210460861,
    12.087360797187));
#3001 = CARTESIAN_POINT('',(62.843222480764,17.294863428374,
    12.092623598162));
#3002 = CARTESIAN_POINT('',(62.848737002482,17.293508440649,
    12.097832459888));
#3003 = CARTESIAN_POINT('',(62.854305520206,17.292145799393,
    12.102986743915));
#3004 = CARTESIAN_POINT('',(62.859927446306,17.290775807597,
    12.108085818541));
#3005 = CARTESIAN_POINT('',(62.865602184101,17.289398769398,
    12.113129059023));
#3006 = CARTESIAN_POINT('',(62.871329128008,17.288014989946,
    12.11811584779));
#3007 = CARTESIAN_POINT('',(62.877107663689,17.286624775258,
    12.123045574644));
#3008 = CARTESIAN_POINT('',(62.882937168215,17.285228432083,
    12.12791763696));
#3009 = CARTESIAN_POINT('',(62.888817010226,17.283826267757,
    12.132731439881));
#3010 = CARTESIAN_POINT('',(62.894746550105,17.282418590068,
    12.137486396506));
#3011 = CARTESIAN_POINT('',(62.900725140154,17.281005707108,
    12.142181928072));
#3012 = CARTESIAN_POINT('',(62.906752124769,17.279587927136,
    12.146817464134));
#3013 = CARTESIAN_POINT('',(62.912826840635,17.278165558436,
    12.151392442733));
#3014 = CARTESIAN_POINT('',(62.918948616905,17.276738909174,
    12.155906310563));
#3015 = CARTESIAN_POINT('',(62.925116775405,17.275308287259,
    12.16035852313));
#3016 = CARTESIAN_POINT('',(62.931330630824,17.273874000205,
    12.164748544901));
#3017 = CARTESIAN_POINT('',(62.93758949092,17.272436354985,
    12.169075849451));
#3018 = CARTESIAN_POINT('',(62.943892656725,17.2709956579,
    12.173339919601));
#3019 = CARTESIAN_POINT('',(62.95023942275,17.269552214438,
    12.17754024755));
#3020 = CARTESIAN_POINT('',(62.956629077199,17.268106329139,
    12.181676334997));
#3021 = CARTESIAN_POINT('',(62.963060902178,17.266658305457,
    12.185747693259));
#3022 = CARTESIAN_POINT('',(62.969534173917,17.265208445632,
    12.189753843382));
#3023 = CARTESIAN_POINT('',(62.976048162976,17.263757050556,
    12.19369431624));
#3024 = CARTESIAN_POINT('',(62.982602134473,17.262304419642,
    12.197568652633));
#3025 = CARTESIAN_POINT('',(62.989195348296,17.260850850696,
    12.201376403375));
#3026 = CARTESIAN_POINT('',(62.995827059326,17.259396639794,
    12.20511712937));
#3027 = CARTESIAN_POINT('',(63.002496517655,17.257942081158,
    12.208790401689));
#3028 = CARTESIAN_POINT('',(63.009202968808,17.256487467029,
    12.212395801636));
#3029 = CARTESIAN_POINT('',(63.015945653961,17.255033087558,
    12.215932920802));
#3030 = CARTESIAN_POINT('',(63.022723810159,17.253579230679,
    12.219401361121));
#3031 = CARTESIAN_POINT('',(63.02953667054,17.252126182003,
    12.222800734912));
#3032 = CARTESIAN_POINT('',(63.036383464544,17.250674224703,
    12.226130664916));
#3033 = CARTESIAN_POINT('',(63.043263418136,17.249223639407,
    12.229390784325));
#3034 = CARTESIAN_POINT('',(63.050175754015,17.247774704091,
    12.232580736808));
#3035 = CARTESIAN_POINT('',(63.057119691833,17.24632769398,
    12.235700176525));
#3036 = CARTESIAN_POINT('',(63.064094448395,17.244882881444,
    12.238748768138));
#3037 = CARTESIAN_POINT('',(63.071099237876,17.243440535902,
    12.241726186816));
#3038 = CARTESIAN_POINT('',(63.078133272023,17.242000923733,
    12.244632118228));
#3039 = CARTESIAN_POINT('',(63.085195760355,17.240564308181,
    12.247466258541));
#3040 = CARTESIAN_POINT('',(63.092285910366,17.239130949268,
    12.250228314398));
#3041 = CARTESIAN_POINT('',(63.099402927717,17.237701103716,
    12.252918002903));
#3042 = CARTESIAN_POINT('',(63.106546016433,17.236275024856,
    12.255535051594));
#3043 = CARTESIAN_POINT('',(63.113714379089,17.234852962562,
    12.258079198408));
#3044 = CARTESIAN_POINT('',(63.120907216994,17.233435163168,
    12.260550191651));
#3045 = CARTESIAN_POINT('',(63.128123730377,17.232021869401,
    12.262947789951));
#3046 = CARTESIAN_POINT('',(63.13536311856,17.230613320314,
    12.265271762214));
#3047 = CARTESIAN_POINT('',(63.142624580134,17.229209751221,
    12.267521887575));
#3048 = CARTESIAN_POINT('',(63.149907313127,17.227811393634,
    12.269697955342));
#3049 = CARTESIAN_POINT('',(63.157210515165,17.226418475209,
    12.271799764935));
#3050 = CARTESIAN_POINT('',(63.16453338364,17.22503121969,
    12.273827125828));
#3051 = CARTESIAN_POINT('',(63.171875115857,17.223649846854,
    12.275779857478));
#3052 = CARTESIAN_POINT('',(63.179234909192,17.222274572471,
    12.27765778926));
#3053 = CARTESIAN_POINT('',(63.186611961234,17.22090560825,
    12.279460760388));
#3054 = CARTESIAN_POINT('',(63.194005469928,17.219543161806,
    12.281188619847));
#3055 = CARTESIAN_POINT('',(63.201414633712,17.218187436614,
    12.282841226308));
#3056 = CARTESIAN_POINT('',(63.208838651651,17.216838631978,
    12.284418448051));
#3057 = CARTESIAN_POINT('',(63.21627672356,17.215496942995,
    12.285920162881));
#3058 = CARTESIAN_POINT('',(63.223728050133,17.214162560531,
    12.287346258041));
#3059 = CARTESIAN_POINT('',(63.231191833055,17.212835671186,
    12.28869663013));
#3060 = CARTESIAN_POINT('',(63.238667275121,17.211516457278,
    12.289971185009));
#3061 = CARTESIAN_POINT('',(63.246153580339,17.210205096818,
    12.291169837714));
#3062 = CARTESIAN_POINT('',(63.253649954038,17.20890176349,
    12.292292512365));
#3063 = CARTESIAN_POINT('',(63.26115560297,17.207606626639,
    12.293339142073));
#3064 = CARTESIAN_POINT('',(63.268669735395,17.206319851258,
    12.294309668847));
#3065 = CARTESIAN_POINT('',(63.276191561184,17.205041597974,
    12.295204043504));
#3066 = CARTESIAN_POINT('',(63.283720291896,17.203772023041,
    12.296022225572));
#3067 = CARTESIAN_POINT('',(63.291255140864,17.202511278337,
    12.296764183194));
#3068 = CARTESIAN_POINT('',(63.298795323271,17.201259511358,
    12.297429893041));
#3069 = CARTESIAN_POINT('',(63.306340056224,17.20001686522,
    12.298019340212));
#3070 = CARTESIAN_POINT('',(63.313888558823,17.198783478655,
    12.298532518143));
#3071 = CARTESIAN_POINT('',(63.321440052227,17.19755948602,
    12.298969428513));
#3072 = CARTESIAN_POINT('',(63.328993759714,17.1963450173,
    12.299330081153));
#3073 = CARTESIAN_POINT('',(63.336548906742,17.195140198114,
    12.299614493952));
#3074 = CARTESIAN_POINT('',(63.344104720999,17.193945149729,
    12.299822692771));
#3075 = CARTESIAN_POINT('',(63.349142960931,17.193154870241,
    12.299910724356));
#3076 = CARTESIAN_POINT('',(63.351661936804,17.192761398138,
    12.299942042066));
#3077 = ORIENTED_EDGE('',*,*,#3078,.F.);
#3078 = EDGE_CURVE('',#2550,#2915,#3079,.T.);
#3079 = LINE('',#3080,#3081);
#3080 = CARTESIAN_POINT('',(62.610985752709,17.357003751311,
    3.799999999999));
#3081 = VECTOR('',#3082,1.);
#3082 = DIRECTION('',(3.254744144449E-13,-5.295405691002E-14,1.));
#3083 = ORIENTED_EDGE('',*,*,#2549,.T.);
#3084 = ORIENTED_EDGE('',*,*,#2213,.T.);
#3085 = ORIENTED_EDGE('',*,*,#3086,.T.);
#3086 = EDGE_CURVE('',#2214,#3087,#3089,.T.);
#3087 = VERTEX_POINT('',#3088);
#3088 = CARTESIAN_POINT('',(64.277652418711,17.120875906767,
    3.531258075389));
#3089 = LINE('',#3090,#3091);
#3090 = CARTESIAN_POINT('',(64.277652418711,17.120875906767,3.5));
#3091 = VECTOR('',#3092,1.);
#3092 = DIRECTION('',(0.,6.024067807205E-12,1.));
#3093 = ORIENTED_EDGE('',*,*,#3094,.T.);
#3094 = EDGE_CURVE('',#3087,#3095,#3097,.T.);
#3095 = VERTEX_POINT('',#3096);
#3096 = CARTESIAN_POINT('',(64.110985752711,17.123191168266,
    3.799999999999));
#3097 = B_SPLINE_CURVE_WITH_KNOTS('',3,(#3098,#3099,#3100,#3101,#3102,
    #3103,#3104,#3105,#3106,#3107,#3108,#3109,#3110,#3111,#3112,#3113,
    #3114,#3115,#3116,#3117,#3118,#3119,#3120,#3121,#3122,#3123,#3124,
    #3125,#3126,#3127,#3128,#3129,#3130,#3131,#3132,#3133,#3134,#3135,
    #3136,#3137,#3138,#3139,#3140,#3141,#3142,#3143,#3144,#3145,#3146,
    #3147,#3148,#3149,#3150,#3151,#3152,#3153,#3154,#3155,#3156,#3157,
    #3158,#3159,#3160,#3161,#3162,#3163,#3164,#3165,#3166,#3167,#3168,
    #3169,#3170,#3171,#3172,#3173,#3174,#3175,#3176,#3177,#3178,#3179,
    #3180,#3181,#3182,#3183,#3184,#3185,#3186,#3187,#3188,#3189,#3190,
    #3191,#3192,#3193,#3194,#3195,#3196,#3197,#3198,#3199,#3200,#3201,
    #3202,#3203,#3204,#3205,#3206,#3207,#3208,#3209,#3210,#3211,#3212,
    #3213),.UNSPECIFIED.,.F.,.F.,(4,1,1,1,1,1,1,1,1,1,1,1,1,1,1,1,1,1,1,
    1,1,1,1,1,1,1,1,1,1,1,1,1,1,1,1,1,1,1,1,1,1,1,1,1,1,1,1,1,1,1,1,1,1,
    1,1,1,1,1,1,1,1,1,1,1,1,1,1,1,1,1,1,1,1,1,1,1,1,1,1,1,1,1,1,1,1,1,1,
    1,1,1,1,1,1,1,1,1,1,1,1,1,1,1,1,1,1,1,1,1,1,1,1,1,1,4),(
    0.323343764878,0.324597338772,0.326161155127,0.327725103422,
    0.329289182238,0.330853390082,0.332417725391,0.333982186527,
    0.335546771786,0.337111479392,0.338676307501,0.340241254204,
    0.341806317524,0.343371495421,0.344936785793,0.346502186474,
    0.348067695241,0.349633309812,0.351199027847,0.352764846953,
    0.354330764684,0.355896778542,0.35746288598,0.359029084404,
    0.360595371175,0.36216174361,0.363728198986,0.365294734541,
    0.366861347475,0.368428034954,0.369994794114,0.371561622057,
    0.373128515861,0.374695472577,0.376262489233,0.377829562837,
    0.379396690378,0.380963868831,0.382531095156,0.384098366303,
    0.385665679214,0.387233030823,0.388800418064,0.390367837866,
    0.391935287163,0.39350276289,0.39507026199,0.396637781415,
    0.398205318125,0.399772869097,0.401340431323,0.40290800181,
    0.40447557759,0.406043155714,0.407610733259,0.409178307329,
    0.410745875059,0.412313433611,0.413880980185,0.415448512012,
    0.417016026365,0.418583520551,0.420150991923,0.421718437873,
    0.423285855841,0.424853243309,0.426420597812,0.427987916931,
    0.4295551983,0.431122439604,0.432689638583,0.434256793032,
    0.435823900802,0.437390959802,0.438957968,0.440524923423,
    0.442091824161,0.443658668363,0.445225454242,0.446792180074,
    0.448358844199,0.449925445022,0.451491981013,0.453058450707,
    0.454624852705,0.456191185677,0.457757448357,0.459323639546,
    0.460889758114,0.462455802996,0.464021773195,0.465587667781,
    0.46715348589,0.468719226728,0.470284889562,0.471850473731,
    0.473415978635,0.474981403741,0.476546748583,0.478112012755,
    0.479677195919,0.481242297796,0.482807318172,0.484372256895,
    0.48593711387,0.487501889066,0.48906658251,0.490631194285,
    0.492195724533,0.493760173453,0.495324541296,0.496888828369,
    0.498453035033,0.500000013371),.UNSPECIFIED.);
#3098 = CARTESIAN_POINT('',(64.277652418711,17.120875906767,
    3.53125807539));
#3099 = CARTESIAN_POINT('',(64.276946644626,17.120875906768,
    3.531608237405));
#3100 = CARTESIAN_POINT('',(64.275363527169,17.120876186648,
    3.532401470387));
#3101 = CARTESIAN_POINT('',(64.272912620278,17.120877588542,
    3.533656784629));
#3102 = CARTESIAN_POINT('',(64.270301357976,17.120880221498,
    3.535026794116));
#3103 = CARTESIAN_POINT('',(64.267703472749,17.120883968737,
    3.536422520906));
#3104 = CARTESIAN_POINT('',(64.265119221852,17.120888812346,
    3.537843834931));
#3105 = CARTESIAN_POINT('',(64.262548861364,17.120894734065,
    3.539290603427));
#3106 = CARTESIAN_POINT('',(64.259992646157,17.120901715294,
    3.540762690946));
#3107 = CARTESIAN_POINT('',(64.257450829864,17.120909737104,
    3.542259959358));
#3108 = CARTESIAN_POINT('',(64.254923664845,17.120918780241,
    3.543782267868));
#3109 = CARTESIAN_POINT('',(64.252411402157,17.12092882514,
    3.545329473022));
#3110 = CARTESIAN_POINT('',(64.249914291519,17.120939851931,
    3.546901428721));
#3111 = CARTESIAN_POINT('',(64.247432581281,17.12095184045,3.54849798623
    ));
#3112 = CARTESIAN_POINT('',(64.244966518391,17.120964770246,
    3.550118994191));
#3113 = CARTESIAN_POINT('',(64.242516348363,17.120978620593,
    3.551764298636));
#3114 = CARTESIAN_POINT('',(64.240082315243,17.120993370498,3.553433743)
  );
#3115 = CARTESIAN_POINT('',(64.237664661579,17.12100899871,
    3.555127168134));
#3116 = CARTESIAN_POINT('',(64.235263628388,17.121025483733,
    3.55684441232));
#3117 = CARTESIAN_POINT('',(64.232879455124,17.121042803832,
    3.558585311288));
#3118 = CARTESIAN_POINT('',(64.230512379643,17.121060937045,
    3.560349698225));
#3119 = CARTESIAN_POINT('',(64.228162638177,17.121079861193,3.5621374038
    ));
#3120 = CARTESIAN_POINT('',(64.225830465297,17.121099553892,
    3.563948256173));
#3121 = CARTESIAN_POINT('',(64.223516093885,17.121119992559,
    3.565782081017));
#3122 = CARTESIAN_POINT('',(64.221219755098,17.121141154426,
    3.567638701531));
#3123 = CARTESIAN_POINT('',(64.218941678343,17.12116301655,
    3.569517938465));
#3124 = CARTESIAN_POINT('',(64.216682091242,17.121185555822,
    3.571419610133));
#3125 = CARTESIAN_POINT('',(64.2144412196,17.121208748979,3.573343532435
    ));
#3126 = CARTESIAN_POINT('',(64.21221928738,17.121232572614,
    3.575289518875));
#3127 = CARTESIAN_POINT('',(64.210016516667,17.121257003187,
    3.577257380585));
#3128 = CARTESIAN_POINT('',(64.20783312764,17.121282017038,
    3.579246926344));
#3129 = CARTESIAN_POINT('',(64.205669338543,17.121307590394,
    3.581257962599));
#3130 = CARTESIAN_POINT('',(64.203525365656,17.121333699382,
    3.583290293486));
#3131 = CARTESIAN_POINT('',(64.201401423264,17.121360320041,
    3.585343720859));
#3132 = CARTESIAN_POINT('',(64.199297723631,17.121387428329,
    3.587418044303));
#3133 = CARTESIAN_POINT('',(64.197214476966,17.121415000141,
    3.589513061167));
#3134 = CARTESIAN_POINT('',(64.195151891404,17.121443011313,
    3.591628566584));
#3135 = CARTESIAN_POINT('',(64.193110172969,17.121471437637,
    3.593764353494));
#3136 = CARTESIAN_POINT('',(64.191089525554,17.121500254873,
    3.595920212672));
#3137 = CARTESIAN_POINT('',(64.189090150887,17.121529438755,
    3.598095932754));
#3138 = CARTESIAN_POINT('',(64.187112248514,17.121558965008,
    3.60029130026));
#3139 = CARTESIAN_POINT('',(64.185156015763,17.121588809357,
    3.602506099622));
#3140 = CARTESIAN_POINT('',(64.183221647724,17.121618947535,
    3.604740113212));
#3141 = CARTESIAN_POINT('',(64.181309337224,17.121649355301,
    3.606993121367));
#3142 = CARTESIAN_POINT('',(64.1794192748,17.121680008445,3.60926490242)
  );
#3143 = CARTESIAN_POINT('',(64.177551648676,17.121710882799,
    3.611555232723));
#3144 = CARTESIAN_POINT('',(64.175706644739,17.121741954254,
    3.613863886682));
#3145 = CARTESIAN_POINT('',(64.173884446515,17.121773198764,
    3.616190636779));
#3146 = CARTESIAN_POINT('',(64.17208523515,17.121804592364,
    3.618535253607));
#3147 = CARTESIAN_POINT('',(64.170309189382,17.121836111173,
    3.620897505896));
#3148 = CARTESIAN_POINT('',(64.168556485521,17.12186773141,
    3.623277160543));
#3149 = CARTESIAN_POINT('',(64.166827297433,17.121899429407,
    3.625673982644));
#3150 = CARTESIAN_POINT('',(64.165121796512,17.121931181612,
    3.628087735524));
#3151 = CARTESIAN_POINT('',(64.163440151663,17.121962964607,
    3.630518180766));
#3152 = CARTESIAN_POINT('',(64.161782529285,17.121994755115,
    3.632965078243));
#3153 = CARTESIAN_POINT('',(64.160149093246,17.122026530012,
    3.635428186151));
#3154 = CARTESIAN_POINT('',(64.158540004869,17.122058266335,
    3.637907261036));
#3155 = CARTESIAN_POINT('',(64.156955422915,17.122089941297,
    3.640402057831));
#3156 = CARTESIAN_POINT('',(64.155395503561,17.122121532292,
    3.642912329883));
#3157 = CARTESIAN_POINT('',(64.153860400386,17.122153016909,
    3.645437828988));
#3158 = CARTESIAN_POINT('',(64.152350264354,17.12218437294,
    3.647978305424));
#3159 = CARTESIAN_POINT('',(64.1508652438,17.122215578391,3.65053350798)
  );
#3160 = CARTESIAN_POINT('',(64.149405484413,17.122246611491,
    3.653103183991));
#3161 = CARTESIAN_POINT('',(64.14797112922,17.122277450703,
    3.655687079368));
#3162 = CARTESIAN_POINT('',(64.146562318577,17.122308074733,
    3.658284938636));
#3163 = CARTESIAN_POINT('',(64.145179190149,17.122338462536,
    3.660896504961));
#3164 = CARTESIAN_POINT('',(64.143821878903,17.122368593334,
    3.663521520185));
#3165 = CARTESIAN_POINT('',(64.142490517092,17.122398446615,
    3.666159724861));
#3166 = CARTESIAN_POINT('',(64.141185234244,17.12242800215,
    3.668810858283));
#3167 = CARTESIAN_POINT('',(64.139906157151,17.122457239996,
    3.67147465852));
#3168 = CARTESIAN_POINT('',(64.13865340986,17.122486140511,
    3.674150862449));
#3169 = CARTESIAN_POINT('',(64.137427113659,17.122514684355,
    3.676839205789));
#3170 = CARTESIAN_POINT('',(64.136227387071,17.122542852507,
    3.679539423133));
#3171 = CARTESIAN_POINT('',(64.135054345842,17.122570626265,
    3.68225124798));
#3172 = CARTESIAN_POINT('',(64.133908102937,17.122597987261,
    3.684974412772));
#3173 = CARTESIAN_POINT('',(64.132788768525,17.122624917463,
    3.687708648921));
#3174 = CARTESIAN_POINT('',(64.13169644998,17.12265139919,3.690453686846
    ));
#3175 = CARTESIAN_POINT('',(64.130631251866,17.122677415111,
    3.693209256005));
#3176 = CARTESIAN_POINT('',(64.129593275934,17.12270294826,
    3.695975084927));
#3177 = CARTESIAN_POINT('',(64.12858262112,17.122727982039,
    3.698750901245));
#3178 = CARTESIAN_POINT('',(64.127599383531,17.122752500226,
    3.701536431729));
#3179 = CARTESIAN_POINT('',(64.126643656448,17.122776486983,
    3.704331402316));
#3180 = CARTESIAN_POINT('',(64.125715530315,17.122799926861,
    3.707135538146));
#3181 = CARTESIAN_POINT('',(64.124815092742,17.122822804808,
    3.709948563591));
#3182 = CARTESIAN_POINT('',(64.123942428494,17.122845106176,
    3.712770202288));
#3183 = CARTESIAN_POINT('',(64.123097619493,17.122866816723,
    3.715600177171));
#3184 = CARTESIAN_POINT('',(64.122280744814,17.122887922624,
    3.718438210502));
#3185 = CARTESIAN_POINT('',(64.12149188068,17.122908410475,
    3.721284023904));
#3186 = CARTESIAN_POINT('',(64.120731100465,17.122928267297,
    3.724137338389));
#3187 = CARTESIAN_POINT('',(64.119998474688,17.122947480543,
    3.726997874394));
#3188 = CARTESIAN_POINT('',(64.119294071016,17.122966038104,
    3.729865351807));
#3189 = CARTESIAN_POINT('',(64.118617954261,17.12298392831,
    3.732739490001));
#3190 = CARTESIAN_POINT('',(64.117970186377,17.123001139941,
    3.735620007862));
#3191 = CARTESIAN_POINT('',(64.117350826467,17.123017662224,
    3.738506623823));
#3192 = CARTESIAN_POINT('',(64.116759930777,17.123033484846,
    3.741399055889));
#3193 = CARTESIAN_POINT('',(64.116197552701,17.123048597949,
    3.744297021672));
#3194 = CARTESIAN_POINT('',(64.115663742779,17.123062992141,
    3.747200238417));
#3195 = CARTESIAN_POINT('',(64.1151585487,17.123076658498,3.750108423032
    ));
#3196 = CARTESIAN_POINT('',(64.114682015305,17.123089588564,
    3.75302129212));
#3197 = CARTESIAN_POINT('',(64.114234184587,17.123101774359,
    3.755938562004));
#3198 = CARTESIAN_POINT('',(64.113815095694,17.123113208379,
    3.758859948759));
#3199 = CARTESIAN_POINT('',(64.113424784931,17.123123883601,
    3.761785168239));
#3200 = CARTESIAN_POINT('',(64.113063285766,17.123133793483,
    3.764713936105));
#3201 = CARTESIAN_POINT('',(64.112730628829,17.123142931971,
    3.767645967853));
#3202 = CARTESIAN_POINT('',(64.112426841919,17.123151293495,
    3.770580978845));
#3203 = CARTESIAN_POINT('',(64.112151950004,17.123158872975,
    3.773518684331));
#3204 = CARTESIAN_POINT('',(64.11190597523,17.123165665825,
    3.776458799482));
#3205 = CARTESIAN_POINT('',(64.111688936919,17.123171667948,
    3.779401039412));
#3206 = CARTESIAN_POINT('',(64.111500851581,17.123176875743,
    3.782345119211));
#3207 = CARTESIAN_POINT('',(64.111341732911,17.123181286105,
    3.785290753966));
#3208 = CARTESIAN_POINT('',(64.111211591798,17.123184896424,
    3.788237658791));
#3209 = CARTESIAN_POINT('',(64.111110436331,17.123187704588,
    3.791185548851));
#3210 = CARTESIAN_POINT('',(64.1110382718,17.123189708981,3.79413413939)
  );
#3211 = CARTESIAN_POINT('',(64.110995258467,17.123190904105,
    3.79707236915));
#3212 = CARTESIAN_POINT('',(64.110985752712,17.123191168266,
    3.799027732353));
#3213 = CARTESIAN_POINT('',(64.110985752711,17.123191168266,
    3.799999999999));
#3214 = ORIENTED_EDGE('',*,*,#3215,.F.);
#3215 = EDGE_CURVE('',#3216,#3095,#3218,.T.);
#3216 = VERTEX_POINT('',#3217);
#3217 = CARTESIAN_POINT('',(64.110985752706,17.123191168265,11.55));
#3218 = LINE('',#3219,#3220);
#3219 = CARTESIAN_POINT('',(64.110985752706,17.123191168265,11.55));
#3220 = VECTOR('',#3221,1.);
#3221 = DIRECTION('',(6.362795595064E-13,2.193585814783E-13,-1.));
#3222 = ORIENTED_EDGE('',*,*,#3223,.F.);
#3223 = EDGE_CURVE('',#2904,#3216,#3224,.T.);
#3224 = B_SPLINE_CURVE_WITH_KNOTS('',3,(#3225,#3226,#3227,#3228,#3229,
    #3230,#3231,#3232,#3233,#3234,#3235,#3236,#3237,#3238,#3239,#3240,
    #3241,#3242,#3243,#3244,#3245,#3246,#3247,#3248,#3249,#3250,#3251,
    #3252,#3253,#3254,#3255,#3256,#3257,#3258,#3259,#3260,#3261,#3262,
    #3263,#3264,#3265,#3266,#3267,#3268,#3269,#3270,#3271,#3272,#3273,
    #3274,#3275,#3276,#3277,#3278,#3279,#3280,#3281,#3282,#3283,#3284,
    #3285,#3286,#3287,#3288,#3289,#3290,#3291,#3292,#3293,#3294,#3295,
    #3296,#3297,#3298,#3299,#3300,#3301,#3302,#3303,#3304,#3305,#3306,
    #3307,#3308,#3309,#3310,#3311,#3312,#3313,#3314,#3315,#3316,#3317,
    #3318,#3319,#3320,#3321,#3322,#3323,#3324,#3325,#3326,#3327,#3328,
    #3329,#3330,#3331,#3332,#3333,#3334,#3335,#3336,#3337,#3338,#3339,
    #3340,#3341,#3342,#3343,#3344,#3345,#3346,#3347,#3348,#3349,#3350,
    #3351,#3352,#3353,#3354,#3355,#3356,#3357,#3358,#3359,#3360,#3361,
    #3362,#3363,#3364,#3365,#3366,#3367,#3368,#3369,#3370,#3371,#3372,
    #3373,#3374,#3375,#3376,#3377,#3378,#3379,#3380,#3381,#3382,#3383,
    #3384),.UNSPECIFIED.,.F.,.F.,(4,1,1,1,1,1,1,1,1,1,1,1,1,1,1,1,1,1,1,
    1,1,1,1,1,1,1,1,1,1,1,1,1,1,1,1,1,1,1,1,1,1,1,1,1,1,1,1,1,1,1,1,1,1,
    1,1,1,1,1,1,1,1,1,1,1,1,1,1,1,1,1,1,1,1,1,1,1,1,1,1,1,1,1,1,1,1,1,1,
    1,1,1,1,1,1,1,1,1,1,1,1,1,1,1,1,1,1,1,1,1,1,1,1,1,1,1,1,1,1,1,1,1,1,
    1,1,1,1,1,1,1,1,1,1,1,1,1,1,1,1,1,1,1,1,1,1,1,1,1,1,1,1,1,1,1,1,1,1,
    1,1,4),(0.252293072098,0.253902777646,0.255511779263,0.257120077838,
    0.25872767473,0.260334571752,0.26194077116,0.263546275644,
    0.265151088308,0.266755212663,0.268358652612,0.269961412437,
    0.271563496783,0.273164910648,0.274765659368,0.276365748604,
    0.277965184325,0.2795639728,0.281162120579,0.282759634483,
    0.284356521587,0.28595278921,0.287548444898,0.289143496412,
    0.290737951716,0.29233181896,0.293925106471,0.295517822734,
    0.297109976388,0.298701576203,0.300292631075,0.301883150011,
    0.303473142115,0.305062616577,0.306651582663,0.308240049701,
    0.309828027069,0.311415524188,0.313002550505,0.314589115486,
    0.316175228607,0.317760899339,0.319346137143,0.320930951456,
    0.322515351686,0.324099347198,0.325682947311,0.327266161285,
    0.328848998315,0.330431467522,0.332013577947,0.333595338543,
    0.335176758167,0.336757845578,0.338338609422,0.339919058238,
    0.34149920044,0.343079044323,0.344658598051,0.346237869654,
    0.347816867024,0.349395597914,0.35097406993,0.35255229053,
    0.354130267021,0.355708006557,0.357285516133,0.358862802589,
    0.360439872606,0.3620167327,0.363593389229,0.365169848385,
    0.366746116198,0.368322198536,0.369898101099,0.371473829428,
    0.373049388899,0.374624784726,0.376200021964,0.377775105505,
    0.379350040085,0.380924830283,0.382499480523,0.384073995076,
    0.385648378064,0.387222633459,0.388796765088,0.390370776636,
    0.391944671648,0.39351845353,0.395092125557,0.39666569087,
    0.398239152486,0.399812513295,0.401385776067,0.402958943456,
    0.404532018,0.406105002129,0.407677898165,0.409250708328,
    0.410823434737,0.412396079417,0.4139686443,0.415541131229,
    0.417113541964,0.418685878181,0.420258141478,0.42183033338,
    0.42340245534,0.424974508741,0.426546494904,0.428118415085,
    0.429690270483,0.431262062241,0.432833791448,0.434405459141,
    0.43597706631,0.4375486139,0.439120102811,0.440691533902,
    0.442262907992,0.443834225862,0.445405488259,0.446976695893,
    0.448547849443,0.450118949555,0.451689996843,0.453260991895,
    0.454831935265,0.456402827483,0.457973669048,0.459544460432,
    0.461115202082,0.462685894413,0.464256537818,0.465827132657,
    0.467397679266,0.46896817795,0.470538628985,0.472109032618,
    0.473679389063,0.475249698506,0.476819961096,0.478390176949,
    0.479960346147,0.481530468734,0.483100544714,0.484670574055,
    0.48624055668,0.487810492471,0.489380381263,0.490950222847,
    0.492520016964,0.494089763305,0.495659461509,0.497229111162,
    0.498798711792,0.499999952488),.UNSPECIFIED.);
#3225 = CARTESIAN_POINT('',(63.366769730488,17.190421225354,
    12.299977696736));
#3226 = CARTESIAN_POINT('',(63.369286515104,17.190034662154,
    12.299958286791));
#3227 = CARTESIAN_POINT('',(63.374319284943,17.189264937763,
    12.299894139316));
#3228 = CARTESIAN_POINT('',(63.381866932148,17.188120410834,
    12.299721928797));
#3229 = CARTESIAN_POINT('',(63.389410662188,17.186986291606,
    12.29947382185));
#3230 = CARTESIAN_POINT('',(63.396949719613,17.185862671274,
    12.299149897674));
#3231 = CARTESIAN_POINT('',(63.40448335152,17.18474963682,
    12.298750242755));
#3232 = CARTESIAN_POINT('',(63.412010807584,17.183647271032,
    12.298274950792));
#3233 = CARTESIAN_POINT('',(63.419531340079,17.18255565253,
    12.297724122616));
#3234 = CARTESIAN_POINT('',(63.427044203905,17.181474855795,
    12.297097866122));
#3235 = CARTESIAN_POINT('',(63.434548656605,17.180404951197,
    12.296396296193));
#3236 = CARTESIAN_POINT('',(63.442043958384,17.17934600502,
    12.295619534633));
#3237 = CARTESIAN_POINT('',(63.449529372128,17.178298079499,
    12.294767710097));
#3238 = CARTESIAN_POINT('',(63.457004163418,17.177261232845,
    12.293840958026));
#3239 = CARTESIAN_POINT('',(63.464467600542,17.176235519281,
    12.292839420585));
#3240 = CARTESIAN_POINT('',(63.471918954509,17.175220989074,
    12.2917632466));
#3241 = CARTESIAN_POINT('',(63.479357499063,17.174217688571,
    12.290612591499));
#3242 = CARTESIAN_POINT('',(63.486782510686,17.173225660231,
    12.289387617258));
#3243 = CARTESIAN_POINT('',(63.494193268614,17.172244942666,
    12.288088492341));
#3244 = CARTESIAN_POINT('',(63.501589054842,17.171275570672,
    12.286715391654));
#3245 = CARTESIAN_POINT('',(63.50896915413,17.17031757527,12.28526849649
    ));
#3246 = CARTESIAN_POINT('',(63.516332854013,17.169370983746,
    12.283747994482));
#3247 = CARTESIAN_POINT('',(63.523679444808,17.168435819685,
    12.28215407956));
#3248 = CARTESIAN_POINT('',(63.531008219617,17.167512103017,
    12.280486951901));
#3249 = CARTESIAN_POINT('',(63.538318474334,17.16659985005,
    12.278746817897));
#3250 = CARTESIAN_POINT('',(63.545609507653,17.16569907352,
    12.276933890105));
#3251 = CARTESIAN_POINT('',(63.552880621072,17.164809782624,
    12.275048387218));
#3252 = CARTESIAN_POINT('',(63.5601311189,17.163931983069,
    12.273090534024));
#3253 = CARTESIAN_POINT('',(63.567360308263,17.163065677111,
    12.271060561375));
#3254 = CARTESIAN_POINT('',(63.574567499109,17.162210863598,
    12.268958706157));
#3255 = CARTESIAN_POINT('',(63.58175200422,17.161367538016,
    12.266785211257));
#3256 = CARTESIAN_POINT('',(63.588913139214,17.160535692533,
    12.264540325536));
#3257 = CARTESIAN_POINT('',(63.596050222557,17.159715316042,
    12.262224303804));
#3258 = CARTESIAN_POINT('',(63.603162575572,17.158906394209,
    12.259837406797));
#3259 = CARTESIAN_POINT('',(63.610249522446,17.158108909514,
    12.257379901149));
#3260 = CARTESIAN_POINT('',(63.617310390245,17.157322841304,
    12.254852059374));
#3261 = CARTESIAN_POINT('',(63.624344508922,17.156548165833,
    12.252254159849));
#3262 = CARTESIAN_POINT('',(63.631351211333,17.155784856312,
    12.249586486788));
#3263 = CARTESIAN_POINT('',(63.638329833247,17.155032882958,
    12.246849330231));
#3264 = CARTESIAN_POINT('',(63.645279713367,17.154292213037,
    12.244042986027));
#3265 = CARTESIAN_POINT('',(63.65220019334,17.153562810917,
    12.241167755817));
#3266 = CARTESIAN_POINT('',(63.659090617781,17.152844638114,
    12.23822394702));
#3267 = CARTESIAN_POINT('',(63.665950334286,17.152137653341,
    12.235211872824));
#3268 = CARTESIAN_POINT('',(63.672778693457,17.151441812556,
    12.232131852168));
#3269 = CARTESIAN_POINT('',(63.679575048922,17.150757069017,
    12.228984209736));
#3270 = CARTESIAN_POINT('',(63.686338757357,17.150083373326,
    12.225769275943));
#3271 = CARTESIAN_POINT('',(63.693069178515,17.149420673481,
    12.222487386929));
#3272 = CARTESIAN_POINT('',(63.699765675249,17.148768914927,
    12.219138884544));
#3273 = CARTESIAN_POINT('',(63.706427613539,17.14812804061,
    12.215724116342));
#3274 = CARTESIAN_POINT('',(63.713054362526,17.147497991023,
    12.212243435572));
#3275 = CARTESIAN_POINT('',(63.719645294538,17.146878704262,
    12.20869720117));
#3276 = CARTESIAN_POINT('',(63.726199785127,17.146270116077,
    12.20508577775));
#3277 = CARTESIAN_POINT('',(63.732717213101,17.145672159922,
    12.201409535594));
#3278 = CARTESIAN_POINT('',(63.739196960558,17.145084767011,
    12.197668850645));
#3279 = CARTESIAN_POINT('',(63.745638412928,17.144507866371,
    12.193864104498));
#3280 = CARTESIAN_POINT('',(63.75204095901,17.143941384894,
    12.189995684394));
#3281 = CARTESIAN_POINT('',(63.75840399101,17.143385247391,
    12.186063983203));
#3282 = CARTESIAN_POINT('',(63.764726904586,17.142839376646,
    12.182069399425));
#3283 = CARTESIAN_POINT('',(63.771009098893,17.142303693473,
    12.178012337169));
#3284 = CARTESIAN_POINT('',(63.777249976622,17.141778116768,
    12.173893206152));
#3285 = CARTESIAN_POINT('',(63.783448944055,17.141262563565,
    12.169712421681));
#3286 = CARTESIAN_POINT('',(63.789605411104,17.140756949091,
    12.165470404642));
#3287 = CARTESIAN_POINT('',(63.795718791369,17.140261186825,
    12.161167581491));
#3288 = CARTESIAN_POINT('',(63.801788502181,17.139775188549,
    12.156804384236));
#3289 = CARTESIAN_POINT('',(63.80781396466,17.13929886441,
    12.152381250423));
#3290 = CARTESIAN_POINT('',(63.813794603763,17.138832122971,
    12.147898623123));
#3291 = CARTESIAN_POINT('',(63.819729848344,17.138374871275,
    12.14335695091));
#3292 = CARTESIAN_POINT('',(63.825619131203,17.137927014896,
    12.138756687849));
#3293 = CARTESIAN_POINT('',(63.831461889149,17.137488457999,
    12.134098293473));
#3294 = CARTESIAN_POINT('',(63.837257563052,17.137059103402,
    12.129382232764));
#3295 = CARTESIAN_POINT('',(63.843005597906,17.136638852627,
    12.124608976129));
#3296 = CARTESIAN_POINT('',(63.848705442885,17.136227605965,
    12.11977899938));
#3297 = CARTESIAN_POINT('',(63.854356551405,17.135825262531,
    12.11489278371));
#3298 = CARTESIAN_POINT('',(63.859958381185,17.135431720324,
    12.109950815664));
#3299 = CARTESIAN_POINT('',(63.865510394307,17.135046876287,
    12.104953587111));
#3300 = CARTESIAN_POINT('',(63.871012057279,17.134670626368,
    12.099901595223));
#3301 = CARTESIAN_POINT('',(63.876462841098,17.134302865575,
    12.094795342433));
#3302 = CARTESIAN_POINT('',(63.881862221314,17.133943488041,
    12.089635336415));
#3303 = CARTESIAN_POINT('',(63.887209678091,17.133592387082,
    12.084422090041));
#3304 = CARTESIAN_POINT('',(63.892504696271,17.133249455257,
    12.079156121352));
#3305 = CARTESIAN_POINT('',(63.897746765442,17.132914584428,
    12.07383795352));
#3306 = CARTESIAN_POINT('',(63.902935379997,17.132587665824,
    12.068468114809));
#3307 = CARTESIAN_POINT('',(63.908070039199,17.132268590098,
    12.063047138537));
#3308 = CARTESIAN_POINT('',(63.91315024725,17.131957247387,
    12.057575563034));
#3309 = CARTESIAN_POINT('',(63.918175513347,17.131653527379,
    12.052053931599));
#3310 = CARTESIAN_POINT('',(63.923145351754,17.131357319367,
    12.046482792456));
#3311 = CARTESIAN_POINT('',(63.928059281858,17.131068512314,
    12.04086269871));
#3312 = CARTESIAN_POINT('',(63.93291682824,17.130786994912,
    12.035194208297));
#3313 = CARTESIAN_POINT('',(63.93771752073,17.130512655645,
    12.029477883937));
#3314 = CARTESIAN_POINT('',(63.942460894475,17.130245382848,
    12.023714293085));
#3315 = CARTESIAN_POINT('',(63.94714649,17.12998506477,12.017904007875)
  );
#3316 = CARTESIAN_POINT('',(63.951773853267,17.129731589633,
    12.012047605073));
#3317 = CARTESIAN_POINT('',(63.956342535739,17.129484845691,
    12.006145666019));
#3318 = CARTESIAN_POINT('',(63.960852094435,17.129244721295,
    12.000198776571));
#3319 = CARTESIAN_POINT('',(63.965302091995,17.129011104952,
    11.994207527053));
#3320 = CARTESIAN_POINT('',(63.969692096735,17.128783885381,
    11.988172512188));
#3321 = CARTESIAN_POINT('',(63.974021682703,17.12856295158,
    11.982094331049));
#3322 = CARTESIAN_POINT('',(63.978290429741,17.12834819288,
    11.975973586992));
#3323 = CARTESIAN_POINT('',(63.982497923534,17.128139499007,
    11.969810887597));
#3324 = CARTESIAN_POINT('',(63.986643755669,17.127936760141,
    11.963606844604));
#3325 = CARTESIAN_POINT('',(63.990727523688,17.127739866974,
    11.957362073853));
#3326 = CARTESIAN_POINT('',(63.994748831137,17.127548710769,
    11.951077195214));
#3327 = CARTESIAN_POINT('',(63.998707287622,17.127363183419,
    11.94475283253));
#3328 = CARTESIAN_POINT('',(64.002602508855,17.127183177504,
    11.938389613542));
#3329 = CARTESIAN_POINT('',(64.006434116708,17.127008586348,
    11.931988169831));
#3330 = CARTESIAN_POINT('',(64.010201739253,17.126839304074,
    11.925549136744));
#3331 = CARTESIAN_POINT('',(64.013905010817,17.126675225666,
    11.91907315333));
#3332 = CARTESIAN_POINT('',(64.01754357202,17.126516247019,
    11.912560862269));
#3333 = CARTESIAN_POINT('',(64.021117069826,17.126362264995,
    11.906012909807));
#3334 = CARTESIAN_POINT('',(64.024625157578,17.126213177482,
    11.899429945683));
#3335 = CARTESIAN_POINT('',(64.028067495046,17.126068883442,
    11.892812623059));
#3336 = CARTESIAN_POINT('',(64.031443748464,17.12592928297,
    11.886161598455));
#3337 = CARTESIAN_POINT('',(64.034753590571,17.125794277343,
    11.879477531672));
#3338 = CARTESIAN_POINT('',(64.037996700646,17.125663769073,
    11.872761085726));
#3339 = CARTESIAN_POINT('',(64.041172764546,17.125537661958,
    11.866012926778));
#3340 = CARTESIAN_POINT('',(64.044281474742,17.125415861135,
    11.859233724059));
#3341 = CARTESIAN_POINT('',(64.047322530352,17.125298273128,
    11.852424149804));
#3342 = CARTESIAN_POINT('',(64.050295637175,17.125184805895,
    11.845584879178));
#3343 = CARTESIAN_POINT('',(64.05320050772,17.12507536888,
    11.838716590209));
#3344 = CARTESIAN_POINT('',(64.05603686124,17.124969873058,
    11.831819963711));
#3345 = CARTESIAN_POINT('',(64.058804423759,17.124868230983,
    11.824895683222));
#3346 = CARTESIAN_POINT('',(64.061502928101,17.124770356833,
    11.817944434927));
#3347 = CARTESIAN_POINT('',(64.064132113917,17.124676166455,
    11.810966907592));
#3348 = CARTESIAN_POINT('',(64.066691727713,17.124585577406,
    11.803963792493));
#3349 = CARTESIAN_POINT('',(64.069181522871,17.124498509002,
    11.796935783344));
#3350 = CARTESIAN_POINT('',(64.071601259679,17.124414882354,
    11.789883576235));
#3351 = CARTESIAN_POINT('',(64.073950705348,17.124334620412,
    11.782807869554));
#3352 = CARTESIAN_POINT('',(64.07622963404,17.124257648003,
    11.775709363925));
#3353 = CARTESIAN_POINT('',(64.078437826887,17.124183891874,
    11.768588762139));
#3354 = CARTESIAN_POINT('',(64.080575072011,17.124113280724,
    11.761446769085));
#3355 = CARTESIAN_POINT('',(64.082641164545,17.124045745243,
    11.754284091682));
#3356 = CARTESIAN_POINT('',(64.084635906652,17.123981218152,
    11.747101438815));
#3357 = CARTESIAN_POINT('',(64.086559107546,17.123919634229,
    11.739899521265));
#3358 = CARTESIAN_POINT('',(64.088410583505,17.123860930351,
    11.732679051648));
#3359 = CARTESIAN_POINT('',(64.090190157892,17.123805045521,
    11.725440744344));
#3360 = CARTESIAN_POINT('',(64.091897661173,17.1237519209,
    11.718185315434));
#3361 = CARTESIAN_POINT('',(64.093532930928,17.12370149984,
    11.710913482637));
#3362 = CARTESIAN_POINT('',(64.095095811871,17.123653727908,
    11.703625965243));
#3363 = CARTESIAN_POINT('',(64.096586155867,17.123608552918,
    11.696323484051));
#3364 = CARTESIAN_POINT('',(64.098003821941,17.123565924956,
    11.689006761302));
#3365 = CARTESIAN_POINT('',(64.099348676297,17.123525796402,
    11.681676520622));
#3366 = CARTESIAN_POINT('',(64.100620592333,17.123488121961,
    11.674333486951));
#3367 = CARTESIAN_POINT('',(64.101819450652,17.123452858679,
    11.666978386487));
#3368 = CARTESIAN_POINT('',(64.102945139077,17.123419965967,
    11.65961194662));
#3369 = CARTESIAN_POINT('',(64.103997552665,17.123389405624,
    11.652234895872));
#3370 = CARTESIAN_POINT('',(64.10497659372,17.12336114185,
    11.644847963831));
#3371 = CARTESIAN_POINT('',(64.105882171807,17.12333514127,
    11.637451881095));
#3372 = CARTESIAN_POINT('',(64.106714203762,17.123311372947,
    11.630047379205));
#3373 = CARTESIAN_POINT('',(64.10747261371,17.123289808397,
    11.622635190586));
#3374 = CARTESIAN_POINT('',(64.108157333073,17.123270421604,
    11.615216048485));
#3375 = CARTESIAN_POINT('',(64.108768300586,17.123253189033,
    11.607790686909));
#3376 = CARTESIAN_POINT('',(64.109305462306,17.123238089639,
    11.600359840564));
#3377 = CARTESIAN_POINT('',(64.10976877163,17.123225104879,
    11.592924244792));
#3378 = CARTESIAN_POINT('',(64.110158189303,17.123214218721,
    11.585484635511));
#3379 = CARTESIAN_POINT('',(64.110473683429,17.123205417649,
    11.578041749151));
#3380 = CARTESIAN_POINT('',(64.110715229491,17.123198690668,
    11.570596322591));
#3381 = CARTESIAN_POINT('',(64.110882810356,17.123194029315,
    11.563149093099));
#3382 = CARTESIAN_POINT('',(64.110969094673,17.12319163115,
    11.556283384814));
#3383 = CARTESIAN_POINT('',(64.110985752687,17.123191168258,
    11.551900227011));
#3384 = CARTESIAN_POINT('',(64.110985752701,17.123191168263,11.55));
#3385 = CYLINDRICAL_SURFACE('',#3386,6.);
#3386 = AXIS2_PLACEMENT_3D('',#3387,#3388,#3389);
#3387 = CARTESIAN_POINT('',(64.277652418711,23.120875906767,12.3));
#3388 = DIRECTION('',(0.,2.22044604925E-16,1.));
#3389 = DIRECTION('',(0.,1.,-2.22044604925E-16));
#3390 = ADVANCED_FACE('',(#3391),#3755,.T.);
#3391 = FACE_BOUND('',#3392,.T.);
#3392 = EDGE_LOOP('',(#3393,#3401,#3402,#3403,#3404,#3412,#3581,#3590));
#3393 = ORIENTED_EDGE('',*,*,#3394,.F.);
#3394 = EDGE_CURVE('',#3216,#3395,#3397,.T.);
#3395 = VERTEX_POINT('',#3396);
#3396 = CARTESIAN_POINT('',(64.110985752706,-4.881439354731,11.55));
#3397 = LINE('',#3398,#3399);
#3398 = CARTESIAN_POINT('',(64.110985752706,17.123191168265,11.55));
#3399 = VECTOR('',#3400,1.);
#3400 = DIRECTION('',(0.,-1.,5.449506110121E-16));
#3401 = ORIENTED_EDGE('',*,*,#3223,.F.);
#3402 = ORIENTED_EDGE('',*,*,#2903,.T.);
#3403 = ORIENTED_EDGE('',*,*,#2914,.F.);
#3404 = ORIENTED_EDGE('',*,*,#3405,.T.);
#3405 = EDGE_CURVE('',#2915,#3406,#3408,.T.);
#3406 = VERTEX_POINT('',#3407);
#3407 = CARTESIAN_POINT('',(62.610985752711,-5.115251937777,11.55));
#3408 = LINE('',#3409,#3410);
#3409 = CARTESIAN_POINT('',(62.610985752711,17.357003751311,11.55));
#3410 = VECTOR('',#3411,1.);
#3411 = DIRECTION('',(0.,-1.,2.22044604925E-16));
#3412 = ORIENTED_EDGE('',*,*,#3413,.F.);
#3413 = EDGE_CURVE('',#3414,#3406,#3416,.T.);
#3414 = VERTEX_POINT('',#3415);
#3415 = CARTESIAN_POINT('',(63.349513515958,-4.951345573653,
    12.29991225339));
#3416 = B_SPLINE_CURVE_WITH_KNOTS('',3,(#3417,#3418,#3419,#3420,#3421,
    #3422,#3423,#3424,#3425,#3426,#3427,#3428,#3429,#3430,#3431,#3432,
    #3433,#3434,#3435,#3436,#3437,#3438,#3439,#3440,#3441,#3442,#3443,
    #3444,#3445,#3446,#3447,#3448,#3449,#3450,#3451,#3452,#3453,#3454,
    #3455,#3456,#3457,#3458,#3459,#3460,#3461,#3462,#3463,#3464,#3465,
    #3466,#3467,#3468,#3469,#3470,#3471,#3472,#3473,#3474,#3475,#3476,
    #3477,#3478,#3479,#3480,#3481,#3482,#3483,#3484,#3485,#3486,#3487,
    #3488,#3489,#3490,#3491,#3492,#3493,#3494,#3495,#3496,#3497,#3498,
    #3499,#3500,#3501,#3502,#3503,#3504,#3505,#3506,#3507,#3508,#3509,
    #3510,#3511,#3512,#3513,#3514,#3515,#3516,#3517,#3518,#3519,#3520,
    #3521,#3522,#3523,#3524,#3525,#3526,#3527,#3528,#3529,#3530,#3531,
    #3532,#3533,#3534,#3535,#3536,#3537,#3538,#3539,#3540,#3541,#3542,
    #3543,#3544,#3545,#3546,#3547,#3548,#3549,#3550,#3551,#3552,#3553,
    #3554,#3555,#3556,#3557,#3558,#3559,#3560,#3561,#3562,#3563,#3564,
    #3565,#3566,#3567,#3568,#3569,#3570,#3571,#3572,#3573,#3574,#3575,
    #3576,#3577,#3578,#3579,#3580),.UNSPECIFIED.,.F.,.F.,(4,1,1,1,1,1,1,
    1,1,1,1,1,1,1,1,1,1,1,1,1,1,1,1,1,1,1,1,1,1,1,1,1,1,1,1,1,1,1,1,1,1,
    1,1,1,1,1,1,1,1,1,1,1,1,1,1,1,1,1,1,1,1,1,1,1,1,1,1,1,1,1,1,1,1,1,1,
    1,1,1,1,1,1,1,1,1,1,1,1,1,1,1,1,1,1,1,1,1,1,1,1,1,1,1,1,1,1,1,1,1,1,
    1,1,1,1,1,1,1,1,1,1,1,1,1,1,1,1,1,1,1,1,1,1,1,1,1,1,1,1,1,1,1,1,1,1,
    1,1,1,1,1,1,1,1,1,1,1,1,1,1,1,1,1,1,4),(0.751386643526,
    0.752941123676,0.754495832465,0.756050773888,0.757605951636,
    0.759161369086,0.760717029299,0.762272935006,0.763829088606,
    0.765385492153,0.766942147353,0.768499055558,0.770056217758,
    0.771613634574,0.773171306257,0.774729232678,0.776287413327,
    0.777845847308,0.779404533333,0.780963469721,0.782522654397,
    0.784082084883,0.785641758304,0.787201671381,0.788761820433,
    0.790322201374,0.791882809715,0.793443640567,0.795004688634,
    0.796565948226,0.798127413252,0.799689077227,0.801250933274,
    0.802812974129,0.804375192146,0.8059375793,0.807500127194,
    0.809062827065,0.810625669793,0.812188645903,0.813751745578,
    0.815314958667,0.816878274693,0.818441682861,0.820005172072,
    0.821568730932,0.823132347764,0.824696010617,0.826259707286,
    0.827823425315,0.82938715202,0.830950874496,0.832514579637,
    0.834078254147,0.835641884558,0.837205457245,0.838768958443,
    0.840332374263,0.84189569071,0.8434588937,0.845021969081,
    0.846584902646,0.848147680155,0.849710287353,0.851272709993,
    0.852834933846,0.854396944732,0.855958728531,0.857520271209,
    0.859081558833,0.860642577594,0.862203313829,0.863763754038,
    0.865323884904,0.866883693318,0.868443166392,0.870002291487,
    0.871561056227,0.873119448521,0.874677456584,0.876235068954,
    0.877792274515,0.87934906251,0.880905422567,0.882461344711,
    0.884016819385,0.885571837469,0.887126390295,0.888680469665,
    0.890234067864,0.891787177683,0.893339792427,0.894891905935,
    0.89644351259,0.897994607338,0.899545185695,0.901095243764,
    0.902644778246,0.90419378645,0.905742266304,0.907290216364,
    0.908837635827,0.910384524535,0.911930882982,0.913476712328,
    0.915022014397,0.916566791688,0.918111047376,0.919654785318,
    0.921198010059,0.922740726827,0.924282941541,0.92582466081,
    0.927365891934,0.928906642899,0.930446922381,0.931986739743,
    0.933526105026,0.935065028955,0.936603522925,0.938141599002,
    0.939679269914,0.941216549046,0.942753450431,0.944289988741,
    0.945826179282,0.947362037978,0.948897581368,0.950432826588,
    0.951967791365,0.953502494001,0.955036953361,0.95657118886,
    0.958105220447,0.959639068593,0.961172754272,0.962706298949,
    0.96423972456,0.965773053495,0.967306308584,0.968839513075,
    0.970372690616,0.971905865238,0.973439061332,0.974972303633,
    0.976505617196,0.978039027378,0.979572559813,0.981106240395,
    0.982640095252,0.984174150727,0.985708433353,0.98724296983,
    0.988777787004,0.990312911842,0.991848371406,0.993384192836,
    0.994920403317,0.996457030061,0.997994100282,0.999209801847,1.),
  .UNSPECIFIED.);
#3417 = CARTESIAN_POINT('',(63.349513515958,-4.951345573653,
    12.29991225339));
#3418 = CARTESIAN_POINT('',(63.347084380916,-4.951725914235,
    12.299875092226));
#3419 = CARTESIAN_POINT('',(63.342226573614,-4.952489582763,
    12.299777163988));
#3420 = CARTESIAN_POINT('',(63.334942461519,-4.953643854122,
    12.299559502665));
#3421 = CARTESIAN_POINT('',(63.327661080676,-4.95480686869,
    12.299271089809));
#3422 = CARTESIAN_POINT('',(63.32038309279,-4.955978514604,
    12.298911959216));
#3423 = CARTESIAN_POINT('',(63.313109159719,-4.957158676675,
    12.298482150403));
#3424 = CARTESIAN_POINT('',(63.305839943468,-4.958347236394,
    12.297981708631));
#3425 = CARTESIAN_POINT('',(63.298576106167,-4.959544071928,
    12.297410684933));
#3426 = CARTESIAN_POINT('',(63.291318310063,-4.960749058124,
    12.296769136137));
#3427 = CARTESIAN_POINT('',(63.284067217496,-4.961962066515,
    12.296057124903));
#3428 = CARTESIAN_POINT('',(63.276823490881,-4.96318296532,
    12.295274719745));
#3429 = CARTESIAN_POINT('',(63.26958779269,-4.964411619457,
    12.294421995068));
#3430 = CARTESIAN_POINT('',(63.262360785422,-4.965647890541,
    12.293499031196));
#3431 = CARTESIAN_POINT('',(63.255143131586,-4.9668916369,12.29250591441
    ));
#3432 = CARTESIAN_POINT('',(63.247935493667,-4.968142713582,
    12.291442736977));
#3433 = CARTESIAN_POINT('',(63.240738534096,-4.969400972363,
    12.29030959719));
#3434 = CARTESIAN_POINT('',(63.233552915226,-4.970666261766,
    12.289106599401));
#3435 = CARTESIAN_POINT('',(63.226379299286,-4.971938427067,
    12.287833854056));
#3436 = CARTESIAN_POINT('',(63.219218348355,-4.973217310316,
    12.286491477735));
#3437 = CARTESIAN_POINT('',(63.212070724315,-4.974502750349,
    12.285079593186));
#3438 = CARTESIAN_POINT('',(63.204937088814,-4.975794582812,
    12.283598329364));
#3439 = CARTESIAN_POINT('',(63.197818103221,-4.977092640173,
    12.282047821469));
#3440 = CARTESIAN_POINT('',(63.190714428575,-4.978396751749,
    12.280428210981));
#3441 = CARTESIAN_POINT('',(63.183626725542,-4.979706743727,
    12.278739645698));
#3442 = CARTESIAN_POINT('',(63.176555654358,-4.981022439187,
    12.276982279775));
#3443 = CARTESIAN_POINT('',(63.169501874774,-4.982343658129,
    12.275156273758));
#3444 = CARTESIAN_POINT('',(63.162466046001,-4.983670217502,
    12.273261794621));
#3445 = CARTESIAN_POINT('',(63.155448826648,-4.98500193123,12.2712990158
    ));
#3446 = CARTESIAN_POINT('',(63.148450874659,-4.986338610248,
    12.269268117231));
#3447 = CARTESIAN_POINT('',(63.141472847245,-4.987680062529,
    12.26716928538));
#3448 = CARTESIAN_POINT('',(63.134515400818,-4.989026093123,
    12.265002713276));
#3449 = CARTESIAN_POINT('',(63.127579190918,-4.990376504193,
    12.262768600544));
#3450 = CARTESIAN_POINT('',(63.120664872138,-4.99173109505,
    12.260467153432));
#3451 = CARTESIAN_POINT('',(63.11377309805,-4.993089662197,
    12.258098584842));
#3452 = CARTESIAN_POINT('',(63.10690452112,-4.994451999368,
    12.255663114358));
#3453 = CARTESIAN_POINT('',(63.100059792629,-4.995817897576,
    12.253160968263));
#3454 = CARTESIAN_POINT('',(63.093239562588,-4.997187145151,
    12.250592379574));
#3455 = CARTESIAN_POINT('',(63.086444479649,-4.998559527797,
    12.24795758805));
#3456 = CARTESIAN_POINT('',(63.079675191016,-4.999934828634,
    12.245256840222));
#3457 = CARTESIAN_POINT('',(63.072932342352,-5.001312828251,
    12.242490389402));
#3458 = CARTESIAN_POINT('',(63.066216577682,-5.002693304763,
    12.239658495699));
#3459 = CARTESIAN_POINT('',(63.0595285393,-5.004076033861,
    12.236761426033));
#3460 = CARTESIAN_POINT('',(63.052868867665,-5.00546078887,
    12.233799454137));
#3461 = CARTESIAN_POINT('',(63.046238201304,-5.006847340812,
    12.230772860571));
#3462 = CARTESIAN_POINT('',(63.039637176703,-5.008235458459,
    12.227681932717));
#3463 = CARTESIAN_POINT('',(63.033066428208,-5.009624908403,
    12.224526964786));
#3464 = CARTESIAN_POINT('',(63.026526587911,-5.011015455115,
    12.221308257808));
#3465 = CARTESIAN_POINT('',(63.020018285546,-5.012406861013,
    12.218026119628));
#3466 = CARTESIAN_POINT('',(63.013542148378,-5.013798886528,
    12.214680864899));
#3467 = CARTESIAN_POINT('',(63.007098801089,-5.015191290176,
    12.211272815063));
#3468 = CARTESIAN_POINT('',(63.000688865667,-5.016583828627,
    12.207802298336));
#3469 = CARTESIAN_POINT('',(62.994312961291,-5.017976256778,
    12.20426964969));
#3470 = CARTESIAN_POINT('',(62.987971704216,-5.019368327829,
    12.200675210825));
#3471 = CARTESIAN_POINT('',(62.981665707657,-5.020759793353,
    12.197019330142));
#3472 = CARTESIAN_POINT('',(62.975395581674,-5.022150403383,
    12.193302362712));
#3473 = CARTESIAN_POINT('',(62.969161933052,-5.02353990648,
    12.189524670239));
#3474 = CARTESIAN_POINT('',(62.962965365187,-5.02492804982,
    12.185686621023));
#3475 = CARTESIAN_POINT('',(62.956806477968,-5.026314579274,
    12.181788589911));
#3476 = CARTESIAN_POINT('',(62.950685867658,-5.027699239489,
    12.177830958256));
#3477 = CARTESIAN_POINT('',(62.944604126778,-5.029081773974,
    12.173814113862));
#3478 = CARTESIAN_POINT('',(62.93856184399,-5.030461925181,
    12.169738450928));
#3479 = CARTESIAN_POINT('',(62.932559603983,-5.031839434595,
    12.165604369993));
#3480 = CARTESIAN_POINT('',(62.926597987356,-5.033214042821,
    12.161412277868));
#3481 = CARTESIAN_POINT('',(62.920677570503,-5.034585489668,
    12.15716258757));
#3482 = CARTESIAN_POINT('',(62.914798925502,-5.03595351424,
    12.152855718256));
#3483 = CARTESIAN_POINT('',(62.908962620003,-5.037317855025,
    12.148492095141));
#3484 = CARTESIAN_POINT('',(62.903169217116,-5.038678249985,
    12.144072149426));
#3485 = CARTESIAN_POINT('',(62.897419275305,-5.040034436649,
    12.13959631821));
#3486 = CARTESIAN_POINT('',(62.891713348281,-5.041386152197,
    12.135065044412));
#3487 = CARTESIAN_POINT('',(62.886051984894,-5.042733133559,
    12.130478776674));
#3488 = CARTESIAN_POINT('',(62.880435729038,-5.044075117503,
    12.125837969274));
#3489 = CARTESIAN_POINT('',(62.874865119546,-5.045411840726,
    12.121143082027));
#3490 = CARTESIAN_POINT('',(62.869340690093,-5.046743039949,
    12.116394580189));
#3491 = CARTESIAN_POINT('',(62.863862969105,-5.048068452005,
    12.111592934352));
#3492 = CARTESIAN_POINT('',(62.858432479663,-5.049387813936,
    12.10673862034));
#3493 = CARTESIAN_POINT('',(62.853049739421,-5.05070086308,
    12.101832119103));
#3494 = CARTESIAN_POINT('',(62.847715260514,-5.052007337165,
    12.096873916603));
#3495 = CARTESIAN_POINT('',(62.842429549482,-5.053306974398,
    12.091864503706));
#3496 = CARTESIAN_POINT('',(62.837193107189,-5.054599513559,
    12.08680437606));
#3497 = CARTESIAN_POINT('',(62.83200642875,-5.055884694089,
    12.081694033986));
#3498 = CARTESIAN_POINT('',(62.826870003458,-5.057162256179,
    12.076533982352));
#3499 = CARTESIAN_POINT('',(62.821784314721,-5.05843194086,
    12.071324730453));
#3500 = CARTESIAN_POINT('',(62.816749839996,-5.059693490092,
    12.066066791891));
#3501 = CARTESIAN_POINT('',(62.81176705073,-5.060946646848,
    12.060760684449));
#3502 = CARTESIAN_POINT('',(62.80683641231,-5.062191155204,
    12.055406929965));
#3503 = CARTESIAN_POINT('',(62.801958384005,-5.063426760421,
    12.050006054207));
#3504 = CARTESIAN_POINT('',(62.797133418929,-5.064653209031,
    12.044558586745));
#3505 = CARTESIAN_POINT('',(62.792361963991,-5.065870248921,
    12.039065060824));
#3506 = CARTESIAN_POINT('',(62.787644459864,-5.067077629411,
    12.033526013232));
#3507 = CARTESIAN_POINT('',(62.782981340948,-5.068275101339,
    12.027941984177));
#3508 = CARTESIAN_POINT('',(62.778373035343,-5.069462417135,
    12.022313517157));
#3509 = CARTESIAN_POINT('',(62.773819964829,-5.070639330904,
    12.01664115883));
#3510 = CARTESIAN_POINT('',(62.769322544838,-5.071805598498,
    12.010925458885));
#3511 = CARTESIAN_POINT('',(62.764881184447,-5.072960977592,
    12.005166969922));
#3512 = CARTESIAN_POINT('',(62.760496286364,-5.074105227759,
    11.999366247317));
#3513 = CARTESIAN_POINT('',(62.756168246924,-5.075238110538,
    11.993523849103));
#3514 = CARTESIAN_POINT('',(62.751897456084,-5.076359389505,
    11.987640335843));
#3515 = CARTESIAN_POINT('',(62.747684297429,-5.077468830343,
    11.98171627051));
#3516 = CARTESIAN_POINT('',(62.743529148177,-5.078566200906,
    11.975752218366));
#3517 = CARTESIAN_POINT('',(62.739432379193,-5.079651271284,
    11.969748746841));
#3518 = CARTESIAN_POINT('',(62.735394354999,-5.080723813867,
    11.963706425418));
#3519 = CARTESIAN_POINT('',(62.731415433801,-5.081783603406,
    11.95762582552));
#3520 = CARTESIAN_POINT('',(62.727495967504,-5.082830417069,
    11.951507520396));
#3521 = CARTESIAN_POINT('',(62.723636301748,-5.083864034505,
    11.945352085013));
#3522 = CARTESIAN_POINT('',(62.71983677593,-5.084884237892,
    11.939160095949));
#3523 = CARTESIAN_POINT('',(62.716097723247,-5.085890811997,
    11.93293213129));
#3524 = CARTESIAN_POINT('',(62.712419470728,-5.086883544225,
    11.926668770528));
#3525 = CARTESIAN_POINT('',(62.708802339278,-5.08786222467,
    11.920370594468));
#3526 = CARTESIAN_POINT('',(62.705246643721,-5.088826646162,
    11.91403818513));
#3527 = CARTESIAN_POINT('',(62.701752692852,-5.089776604318,
    11.90767212566));
#3528 = CARTESIAN_POINT('',(62.698320789482,-5.09071189758,
    11.901273000248));
#3529 = CARTESIAN_POINT('',(62.694951230494,-5.091632327267,
    11.894841394039));
#3530 = CARTESIAN_POINT('',(62.691644306899,-5.09253769761,
    11.888377893057));
#3531 = CARTESIAN_POINT('',(62.688400303892,-5.093427815791,
    11.881883084134));
#3532 = CARTESIAN_POINT('',(62.685219500917,-5.094302491989,
    11.875357554832));
#3533 = CARTESIAN_POINT('',(62.682102171725,-5.095161539409,
    11.868801893385));
#3534 = CARTESIAN_POINT('',(62.679048584439,-5.096004774321,
    11.862216688631));
#3535 = CARTESIAN_POINT('',(62.67605900162,-5.096832016093,
    11.855602529958));
#3536 = CARTESIAN_POINT('',(62.673133680338,-5.097643087221,
    11.848960007248));
#3537 = CARTESIAN_POINT('',(62.670272872232,-5.098437813366,
    11.84228971083));
#3538 = CARTESIAN_POINT('',(62.66747682359,-5.099216023375,
    11.835592231435));
#3539 = CARTESIAN_POINT('',(62.664745775411,-5.099977549317,
    11.828868160157));
#3540 = CARTESIAN_POINT('',(62.66207996348,-5.100722226506,
    11.822118088417));
#3541 = CARTESIAN_POINT('',(62.659479618437,-5.101449893525,
    11.815342607932));
#3542 = CARTESIAN_POINT('',(62.656944965853,-5.102160392256,
    11.808542310691));
#3543 = CARTESIAN_POINT('',(62.654476226295,-5.1028535679,
    11.801717788931));
#3544 = CARTESIAN_POINT('',(62.652073615403,-5.103529269001,
    11.79486963512));
#3545 = CARTESIAN_POINT('',(62.649737343961,-5.104187347466,
    11.787998441945));
#3546 = CARTESIAN_POINT('',(62.647467617962,-5.104827658588,
    11.781104802306));
#3547 = CARTESIAN_POINT('',(62.645264638683,-5.105450061065,
    11.774189309308));
#3548 = CARTESIAN_POINT('',(62.643128602753,-5.10605441702,
    11.767252556264));
#3549 = CARTESIAN_POINT('',(62.641059702218,-5.106640592017,
    11.760295136702));
#3550 = CARTESIAN_POINT('',(62.639058124608,-5.107208455084,
    11.753317644369));
#3551 = CARTESIAN_POINT('',(62.637124053005,-5.107757878726,
    11.74632067325));
#3552 = CARTESIAN_POINT('',(62.6352576661,-5.108288738944,11.73930481758
    ));
#3553 = CARTESIAN_POINT('',(62.633459138258,-5.10880091525,
    11.73227067187));
#3554 = CARTESIAN_POINT('',(62.631728639575,-5.109294290687,
    11.725218830929));
#3555 = CARTESIAN_POINT('',(62.630066335938,-5.10976875184,
    11.718149889896));
#3556 = CARTESIAN_POINT('',(62.628472389071,-5.110224188856,
    11.711064444267));
#3557 = CARTESIAN_POINT('',(62.626946956596,-5.110660495454,
    11.70396308994));
#3558 = CARTESIAN_POINT('',(62.625490192075,-5.111077568949,
    11.696846423247));
#3559 = CARTESIAN_POINT('',(62.624102245058,-5.111475310257,
    11.689715040998));
#3560 = CARTESIAN_POINT('',(62.622783261127,-5.11185362392,
    11.682569540531));
#3561 = CARTESIAN_POINT('',(62.621533381932,-5.112212418114,
    11.675410519758));
#3562 = CARTESIAN_POINT('',(62.62035274523,-5.112551604666,
    11.668238577217));
#3563 = CARTESIAN_POINT('',(62.619241484915,-5.112871099075,
    11.661054312125));
#3564 = CARTESIAN_POINT('',(62.618199731051,-5.11317082052,
    11.653858324439));
#3565 = CARTESIAN_POINT('',(62.617227609893,-5.11345069188,
    11.646651214912));
#3566 = CARTESIAN_POINT('',(62.616325243908,-5.113710639749,
    11.639433585156));
#3567 = CARTESIAN_POINT('',(62.615492751798,-5.113950594454,
    11.632206037704));
#3568 = CARTESIAN_POINT('',(62.614730248507,-5.11417049007,
    11.624969176079));
#3569 = CARTESIAN_POINT('',(62.614037845232,-5.114370264436,
    11.617723604854));
#3570 = CARTESIAN_POINT('',(62.613415649431,-5.114549859178,
    11.610469929729));
#3571 = CARTESIAN_POINT('',(62.612863764819,-5.114709219719,
    11.603208757592));
#3572 = CARTESIAN_POINT('',(62.612382291368,-5.114848295304,
    11.595940696605));
#3573 = CARTESIAN_POINT('',(62.611971325296,-5.114967039013,
    11.588666356225));
#3574 = CARTESIAN_POINT('',(62.611630959057,-5.115065407786,
    11.581386347465));
#3575 = CARTESIAN_POINT('',(62.611361281319,-5.115143362438,
    11.574101282255));
#3576 = CARTESIAN_POINT('',(62.611162376953,-5.115200867681,
    11.566811776185));
#3577 = CARTESIAN_POINT('',(62.611043264162,-5.115235308036,
    11.560027473894));
#3578 = CARTESIAN_POINT('',(62.610993685464,-5.115249643957,
    11.554423097308));
#3579 = CARTESIAN_POINT('',(62.610985752711,-5.115251937777,
    11.551249999025));
#3580 = CARTESIAN_POINT('',(62.610985752711,-5.115251937777,11.55));
#3581 = ORIENTED_EDGE('',*,*,#3582,.T.);
#3582 = EDGE_CURVE('',#3414,#3583,#3585,.T.);
#3583 = VERTEX_POINT('',#3584);
#3584 = CARTESIAN_POINT('',(63.371377502797,-4.947963517361,
    12.299928004232));
#3585 = CIRCLE('',#3586,6.);
#3586 = AXIS2_PLACEMENT_3D('',#3587,#3588,#3589);
#3587 = CARTESIAN_POINT('',(64.277652418711,-10.87912409323,12.3));
#3588 = DIRECTION('',(0.,-2.22044604925E-16,-1.));
#3589 = DIRECTION('',(0.,1.,-2.22044604925E-16));
#3590 = ORIENTED_EDGE('',*,*,#3591,.F.);
#3591 = EDGE_CURVE('',#3395,#3583,#3592,.T.);
#3592 = B_SPLINE_CURVE_WITH_KNOTS('',3,(#3593,#3594,#3595,#3596,#3597,
    #3598,#3599,#3600,#3601,#3602,#3603,#3604,#3605,#3606,#3607,#3608,
    #3609,#3610,#3611,#3612,#3613,#3614,#3615,#3616,#3617,#3618,#3619,
    #3620,#3621,#3622,#3623,#3624,#3625,#3626,#3627,#3628,#3629,#3630,
    #3631,#3632,#3633,#3634,#3635,#3636,#3637,#3638,#3639,#3640,#3641,
    #3642,#3643,#3644,#3645,#3646,#3647,#3648,#3649,#3650,#3651,#3652,
    #3653,#3654,#3655,#3656,#3657,#3658,#3659,#3660,#3661,#3662,#3663,
    #3664,#3665,#3666,#3667,#3668,#3669,#3670,#3671,#3672,#3673,#3674,
    #3675,#3676,#3677,#3678,#3679,#3680,#3681,#3682,#3683,#3684,#3685,
    #3686,#3687,#3688,#3689,#3690,#3691,#3692,#3693,#3694,#3695,#3696,
    #3697,#3698,#3699,#3700,#3701,#3702,#3703,#3704,#3705,#3706,#3707,
    #3708,#3709,#3710,#3711,#3712,#3713,#3714,#3715,#3716,#3717,#3718,
    #3719,#3720,#3721,#3722,#3723,#3724,#3725,#3726,#3727,#3728,#3729,
    #3730,#3731,#3732,#3733,#3734,#3735,#3736,#3737,#3738,#3739,#3740,
    #3741,#3742,#3743,#3744,#3745,#3746,#3747,#3748,#3749,#3750,#3751,
    #3752,#3753,#3754),.UNSPECIFIED.,.F.,.F.,(4,1,1,1,1,1,1,1,1,1,1,1,1,
    1,1,1,1,1,1,1,1,1,1,1,1,1,1,1,1,1,1,1,1,1,1,1,1,1,1,1,1,1,1,1,1,1,1,
    1,1,1,1,1,1,1,1,1,1,1,1,1,1,1,1,1,1,1,1,1,1,1,1,1,1,1,1,1,1,1,1,1,1,
    1,1,1,1,1,1,1,1,1,1,1,1,1,1,1,1,1,1,1,1,1,1,1,1,1,1,1,1,1,1,1,1,1,1,
    1,1,1,1,1,1,1,1,1,1,1,1,1,1,1,1,1,1,1,1,1,1,1,1,1,1,1,1,1,1,1,1,1,1,
    1,1,1,1,1,1,1,1,1,1,4),(0.499999952488,0.500368262871,0.501937763811
    ,0.503507213964,0.505076612617,0.506645958993,0.50821525225,
    0.509784491474,0.511353675685,0.512922803831,0.514491874787,
    0.516060887353,0.517629840255,0.519198732143,0.520767561589,
    0.522336327087,0.523905027053,0.525473659822,0.52704222365,
    0.528610716712,0.530179137104,0.531747482838,0.53331575185,
    0.534883941994,0.536452051043,0.538020076693,0.539588016562,
    0.54115586819,0.542723629042,0.544291296509,0.545858867908,
    0.547426340488,0.548993711424,0.550560977831,0.552128136755,
    0.553695185181,0.555262120039,0.556828938198,0.558395636478,
    0.55996221165,0.561528660438,0.563094979525,0.564661165555,
    0.566227215142,0.567793124868,0.56935889129,0.570924510947,
    0.572489980361,0.574055296046,0.575620454509,0.577185452258,
    0.578750285806,0.58031495168,0.581879446421,0.583443766593,
    0.585007908791,0.586571869641,0.588135645812,0.589699234019,
    0.59126263103,0.592825833673,0.594388838839,0.595951643492,
    0.597514244675,0.599076639513,0.600638825223,0.602200799118,
    0.603762558616,0.605324101241,0.606885424635,0.608446526561,
    0.610007404908,0.6115680577,0.613128483101,0.614688679417,
    0.616248645107,0.617808378785,0.619367879226,0.620927145373,
    0.622486176337,0.624044971409,0.625603530058,0.627161851939,
    0.628719936896,0.630277784967,0.631835396385,0.633392771587,
    0.634949911209,0.636506816098,0.638063487308,0.639619926106,
    0.641176133972,0.642732112602,0.64428786391,0.64584339003,
    0.647398693315,0.648953776337,0.650508641891,0.652063292994,
    0.653617732881,0.65517196501,0.656725993057,0.658279820916,
    0.659833452701,0.661386892737,0.662940145565,0.664493215935,
    0.666046108804,0.667598829335,0.669151382891,0.670703775035,
    0.67225601152,0.673808098289,0.675360041471,0.676911847372,
    0.678463522473,0.680015073424,0.681566507037,0.68311783028,
    0.684669050272,0.686220174275,0.687771209687,0.689322164035,
    0.690873044967,0.692423860246,0.69397461774,0.695525325415,
    0.697075991326,0.698626623608,0.700177230469,0.701727820177,
    0.703278401057,0.704828981473,0.706379569828,0.707930174547,
    0.709480804069,0.71103146684,0.712582171298,0.714132925866,
    0.71568373894,0.717234618881,0.718785574,0.720336612553,
    0.721887742723,0.723438972617,0.72499031025,0.726541763537,
    0.728093340279,0.729645048156,0.731196894713,0.732748887352,
    0.734301033317,0.735853339688,0.737405813369,0.738958461075,
    0.740511289324,0.742064304426,0.743617512472,0.745170919326,
    0.746724530612),.UNSPECIFIED.);
#3593 = CARTESIAN_POINT('',(64.110985752701,-4.881439354729,11.55));
#3594 = CARTESIAN_POINT('',(64.110985752706,-4.881439354731,
    11.550582625397));
#3595 = CARTESIAN_POINT('',(64.110982180774,-4.881439453999,
    11.553648023887));
#3596 = CARTESIAN_POINT('',(64.110941701495,-4.881440578805,
    11.559196035797));
#3597 = CARTESIAN_POINT('',(64.110813398403,-4.881444145944,
    11.566643098797));
#3598 = CARTESIAN_POINT('',(64.110611155674,-4.881449774364,
    11.574088274795));
#3599 = CARTESIAN_POINT('',(64.110335000752,-4.881457470783,
    11.581530825535));
#3600 = CARTESIAN_POINT('',(64.109984968547,-4.881467244446,
    11.588970012826));
#3601 = CARTESIAN_POINT('',(64.109561101453,-4.881479107109,
    11.596405098607));
#3602 = CARTESIAN_POINT('',(64.109063449357,-4.881493073036,
    11.603835345015));
#3603 = CARTESIAN_POINT('',(64.108492069651,-4.881509158993,
    11.611260014451));
#3604 = CARTESIAN_POINT('',(64.107847027239,-4.881527384232,
    11.618678369655));
#3605 = CARTESIAN_POINT('',(64.107128394552,-4.88154777048,
    11.62608967377));
#3606 = CARTESIAN_POINT('',(64.106336251555,-4.88157034193,
    11.633493190416));
#3607 = CARTESIAN_POINT('',(64.105470685759,-4.881595125224,
    11.640888183759));
#3608 = CARTESIAN_POINT('',(64.104531792226,-4.881622149435,
    11.64827391859));
#3609 = CARTESIAN_POINT('',(64.103519673581,-4.881651446053,
    11.655649660393));
#3610 = CARTESIAN_POINT('',(64.10243444002,-4.881683048967,
    11.663014675419));
#3611 = CARTESIAN_POINT('',(64.101276209313,-4.881716994442,
    11.670368230769));
#3612 = CARTESIAN_POINT('',(64.100045106818,-4.881753321099,
    11.677709594464));
#3613 = CARTESIAN_POINT('',(64.09874126548,-4.881792069894,
    11.685038035526));
#3614 = CARTESIAN_POINT('',(64.097364825838,-4.881833284093,
    11.692352824059));
#3615 = CARTESIAN_POINT('',(64.095915936031,-4.881877009247,
    11.699653231325));
#3616 = CARTESIAN_POINT('',(64.0943947518,-4.881923293164,
    11.706938529828));
#3617 = CARTESIAN_POINT('',(64.092801436489,-4.881972185884,
    11.714207993397));
#3618 = CARTESIAN_POINT('',(64.09113616105,-4.882023739648,
    11.721460897271));
#3619 = CARTESIAN_POINT('',(64.089399104037,-4.88207800887,
    11.72869651818));
#3620 = CARTESIAN_POINT('',(64.087590451611,-4.882135050102,
    11.735914134434));
#3621 = CARTESIAN_POINT('',(64.085710397531,-4.882194922002,
    11.74311302601));
#3622 = CARTESIAN_POINT('',(64.083759143158,-4.882257685303,
    11.750292474638));
#3623 = CARTESIAN_POINT('',(64.081736897442,-4.882323402774,
    11.757451763894));
#3624 = CARTESIAN_POINT('',(64.079643876921,-4.882392139187,
    11.764590179288));
#3625 = CARTESIAN_POINT('',(64.07748030571,-4.882463961274,
    11.771707008358));
#3626 = CARTESIAN_POINT('',(64.07524641549,-4.882538937695,
    11.778801540757));
#3627 = CARTESIAN_POINT('',(64.072942445501,-4.882617138993,
    11.785873068352));
#3628 = CARTESIAN_POINT('',(64.070568642522,-4.882698637554,
    11.792920885318));
#3629 = CARTESIAN_POINT('',(64.068125260863,-4.882783507566,
    11.799944288229));
#3630 = CARTESIAN_POINT('',(64.065612562341,-4.882871824973,
    11.806942576161));
#3631 = CARTESIAN_POINT('',(64.063030816268,-4.882963667437,
    11.81391505078));
#3632 = CARTESIAN_POINT('',(64.060380299424,-4.883059114282,
    11.820861016448));
#3633 = CARTESIAN_POINT('',(64.057661296037,-4.883158246457,
    11.827779780318));
#3634 = CARTESIAN_POINT('',(64.05487409776,-4.883261146486,
    11.834670652431));
#3635 = CARTESIAN_POINT('',(64.052019003637,-4.883367898417,
    11.841532945819));
#3636 = CARTESIAN_POINT('',(64.049096320081,-4.883478587773,
    11.848365976602));
#3637 = CARTESIAN_POINT('',(64.046106360839,-4.883593301506,
    11.855169064092));
#3638 = CARTESIAN_POINT('',(64.043049446957,-4.883712127942,
    11.86194153089));
#3639 = CARTESIAN_POINT('',(64.039925906746,-4.88383515673,
    11.868682702987));
#3640 = CARTESIAN_POINT('',(64.036736075743,-4.883962478787,
    11.875391909868));
#3641 = CARTESIAN_POINT('',(64.033480296668,-4.884094186252,
    11.882068484612));
#3642 = CARTESIAN_POINT('',(64.030158919382,-4.88423037242,
    11.888711763991));
#3643 = CARTESIAN_POINT('',(64.026772300845,-4.884371131697,
    11.895321088573));
#3644 = CARTESIAN_POINT('',(64.02332080506,-4.884516559541,
    11.901895802824));
#3645 = CARTESIAN_POINT('',(64.019804803029,-4.884666752403,
    11.908435255203));
#3646 = CARTESIAN_POINT('',(64.016224672696,-4.884821807673,
    11.914938798271));
#3647 = CARTESIAN_POINT('',(64.012580798896,-4.884981823622,
    11.92140578878));
#3648 = CARTESIAN_POINT('',(64.008873573291,-4.885146899343,
    11.927835587781));
#3649 = CARTESIAN_POINT('',(64.005103394313,-4.885317134694,
    11.934227560719));
#3650 = CARTESIAN_POINT('',(64.001270667103,-4.885492630236,
    11.940581077527));
#3651 = CARTESIAN_POINT('',(63.997375803442,-4.885673487176,
    11.946895512727));
#3652 = CARTESIAN_POINT('',(63.993419221686,-4.885859807308,
    11.953170245526));
#3653 = CARTESIAN_POINT('',(63.989401346693,-4.88605169295,
    11.959404659907));
#3654 = CARTESIAN_POINT('',(63.985322609755,-4.886249246884,
    11.965598144724));
#3655 = CARTESIAN_POINT('',(63.98118344852,-4.886452572297,
    11.971750093795));
#3656 = CARTESIAN_POINT('',(63.976984306917,-4.886661772718,
    11.977859905988));
#3657 = CARTESIAN_POINT('',(63.972725635076,-4.88687695196,
    11.983926985318));
#3658 = CARTESIAN_POINT('',(63.968407889248,-4.887098214053,
    11.989950741027));
#3659 = CARTESIAN_POINT('',(63.96403153172,-4.887325663189,
    11.995930587673));
#3660 = CARTESIAN_POINT('',(63.95959703073,-4.887559403655,
    12.001865945215));
#3661 = CARTESIAN_POINT('',(63.955104860383,-4.887799539776,
    12.007756239091));
#3662 = CARTESIAN_POINT('',(63.950555500557,-4.888046175848,
    12.013600900304));
#3663 = CARTESIAN_POINT('',(63.945949436817,-4.888299416084,
    12.019399365494));
#3664 = CARTESIAN_POINT('',(63.941287160317,-4.888559364545,
    12.025151077018));
#3665 = CARTESIAN_POINT('',(63.936569167712,-4.888826125083,
    12.030855483023));
#3666 = CARTESIAN_POINT('',(63.931795961056,-4.889099801279,
    12.036512037517));
#3667 = CARTESIAN_POINT('',(63.926968047709,-4.889380496382,
    12.042120200437));
#3668 = CARTESIAN_POINT('',(63.922085940236,-4.889668313248,
    12.047679437719));
#3669 = CARTESIAN_POINT('',(63.917150156309,-4.88996335428,
    12.053189221357));
#3670 = CARTESIAN_POINT('',(63.912161218605,-4.890265721368,
    12.058649029471));
#3671 = CARTESIAN_POINT('',(63.907119654701,-4.890575515828,
    12.064058346361));
#3672 = CARTESIAN_POINT('',(63.902025996977,-4.890892838344,
    12.069416662567));
#3673 = CARTESIAN_POINT('',(63.896880782506,-4.891217788907,
    12.07472347492));
#3674 = CARTESIAN_POINT('',(63.891684552953,-4.89155046676,
    12.079978286594));
#3675 = CARTESIAN_POINT('',(63.886437854466,-4.891890970336,
    12.085180607156));
#3676 = CARTESIAN_POINT('',(63.881141237575,-4.892239397203,
    12.09032995261));
#3677 = CARTESIAN_POINT('',(63.87579525708,-4.892595844003,
    12.09542584544));
#3678 = CARTESIAN_POINT('',(63.870400471949,-4.892960406401,
    12.100467814649));
#3679 = CARTESIAN_POINT('',(63.864957445208,-4.893333179025,
    12.105455395798));
#3680 = CARTESIAN_POINT('',(63.859466743836,-4.893714255412,
    12.110388131038));
#3681 = CARTESIAN_POINT('',(63.853928938657,-4.894103727951,
    12.115265569145));
#3682 = CARTESIAN_POINT('',(63.848344604232,-4.894501687831,
    12.120087265545));
#3683 = CARTESIAN_POINT('',(63.842714318757,-4.894908224989,
    12.12485278234));
#3684 = CARTESIAN_POINT('',(63.83703866395,-4.895323428052,
    12.129561688334));
#3685 = CARTESIAN_POINT('',(63.831318224952,-4.895747384288,
    12.13421355905));
#3686 = CARTESIAN_POINT('',(63.825553590217,-4.896180179555,
    12.138807976747));
#3687 = CARTESIAN_POINT('',(63.81974535141,-4.896621898249,
    12.143344530439));
#3688 = CARTESIAN_POINT('',(63.813894103304,-4.897072623253,
    12.147822815902));
#3689 = CARTESIAN_POINT('',(63.808000443676,-4.897532435889,
    12.152242435685));
#3690 = CARTESIAN_POINT('',(63.802064973205,-4.898001415869,
    12.156602999117));
#3691 = CARTESIAN_POINT('',(63.796088295373,-4.898479641249,
    12.160904122312));
#3692 = CARTESIAN_POINT('',(63.790071016365,-4.898967188375,
    12.165145428166));
#3693 = CARTESIAN_POINT('',(63.78401374497,-4.899464131846,
    12.169326546362));
#3694 = CARTESIAN_POINT('',(63.777917092487,-4.899970544463,
    12.173447113364));
#3695 = CARTESIAN_POINT('',(63.771781672628,-4.900486497182,
    12.177506772409));
#3696 = CARTESIAN_POINT('',(63.765608101425,-4.901012059077,
    12.181505173502));
#3697 = CARTESIAN_POINT('',(63.759396997138,-4.901547297291,
    12.185441973405));
#3698 = CARTESIAN_POINT('',(63.753148980164,-4.902092276993,
    12.189316835625));
#3699 = CARTESIAN_POINT('',(63.746864672952,-4.902647061343,
    12.193129430399));
#3700 = CARTESIAN_POINT('',(63.740544699914,-4.903211711442,
    12.196879434677));
#3701 = CARTESIAN_POINT('',(63.734189687338,-4.903786286298,
    12.200566532106));
#3702 = CARTESIAN_POINT('',(63.727800263314,-4.904370842787,
    12.204190413009));
#3703 = CARTESIAN_POINT('',(63.721377057642,-4.904965435608,
    12.207750774363));
#3704 = CARTESIAN_POINT('',(63.714920701765,-4.905570117252,
    12.211247319776));
#3705 = CARTESIAN_POINT('',(63.708431828686,-4.906184937962,
    12.214679759462));
#3706 = CARTESIAN_POINT('',(63.701911072894,-4.906809945696,
    12.218047810216));
#3707 = CARTESIAN_POINT('',(63.695359070297,-4.907445186093,
    12.221351195387));
#3708 = CARTESIAN_POINT('',(63.688776458149,-4.908090702436,
    12.224589644847));
#3709 = CARTESIAN_POINT('',(63.682163874982,-4.908746535618,
    12.227762894965));
#3710 = CARTESIAN_POINT('',(63.675521960547,-4.909412724113,
    12.230870688573));
#3711 = CARTESIAN_POINT('',(63.668851355742,-4.910089303937,
    12.233912774936));
#3712 = CARTESIAN_POINT('',(63.662152702563,-4.910776308617,
    12.23688890972));
#3713 = CARTESIAN_POINT('',(63.655426644037,-4.911473769165,
    12.239798854961));
#3714 = CARTESIAN_POINT('',(63.648673824172,-4.91218171404,
    12.242642379028));
#3715 = CARTESIAN_POINT('',(63.641894887901,-4.912900169123,
    12.245419256591));
#3716 = CARTESIAN_POINT('',(63.635090481035,-4.913629157684,
    12.248129268587));
#3717 = CARTESIAN_POINT('',(63.628261250211,-4.914368700358,
    12.250772202186));
#3718 = CARTESIAN_POINT('',(63.621407842846,-4.91511881511,
    12.253347850755));
#3719 = CARTESIAN_POINT('',(63.614530907099,-4.915879517213,
    12.255856013825));
#3720 = CARTESIAN_POINT('',(63.607631091822,-4.916650819221,
    12.258296497056));
#3721 = CARTESIAN_POINT('',(63.600709046526,-4.917432730938,
    12.260669112203));
#3722 = CARTESIAN_POINT('',(63.593765421341,-4.918225259396,
    12.262973677081));
#3723 = CARTESIAN_POINT('',(63.586800866984,-4.91902840883,
    12.265210015534));
#3724 = CARTESIAN_POINT('',(63.579816034726,-4.919842180651,
    12.267377957399));
#3725 = CARTESIAN_POINT('',(63.572811576358,-4.920666573426,
    12.269477338476));
#3726 = CARTESIAN_POINT('',(63.565788144169,-4.921501582848,
    12.271508000493));
#3727 = CARTESIAN_POINT('',(63.558746390913,-4.92234720172,
    12.27346979108));
#3728 = CARTESIAN_POINT('',(63.551686969788,-4.923203419928,
    12.275362563732));
#3729 = CARTESIAN_POINT('',(63.544610534414,-4.924070224422,
    12.277186177788));
#3730 = CARTESIAN_POINT('',(63.537517738808,-4.924947599194,
    12.278940498395));
#3731 = CARTESIAN_POINT('',(63.530409237371,-4.925835525255,
    12.280625396486));
#3732 = CARTESIAN_POINT('',(63.523285684865,-4.926733980617,
    12.282240748752));
#3733 = CARTESIAN_POINT('',(63.516147736401,-4.927642940274,
    12.283786437616));
#3734 = CARTESIAN_POINT('',(63.50899604742,-4.928562376181,
    12.285262351214));
#3735 = CARTESIAN_POINT('',(63.501831273685,-4.929492257237,
    12.286668383369));
#3736 = CARTESIAN_POINT('',(63.494654071269,-4.930432549265,
    12.288004433572));
#3737 = CARTESIAN_POINT('',(63.487465096538,-4.931383214995,
    12.289270406961));
#3738 = CARTESIAN_POINT('',(63.480265006151,-4.932344214049,
    12.290466214308));
#3739 = CARTESIAN_POINT('',(63.473054457044,-4.933315502923,
    12.291591771997));
#3740 = CARTESIAN_POINT('',(63.465834106429,-4.93429703497,
    12.292647002018));
#3741 = CARTESIAN_POINT('',(63.458604611782,-4.935288760388,
    12.293631831943));
#3742 = CARTESIAN_POINT('',(63.451366630842,-4.936290626199,
    12.294546194928));
#3743 = CARTESIAN_POINT('',(63.444120821602,-4.937302576243,
    12.295390029695));
#3744 = CARTESIAN_POINT('',(63.436867842308,-4.938324551158,
    12.296163280526));
#3745 = CARTESIAN_POINT('',(63.429608351454,-4.939356488371,
    12.296865897262));
#3746 = CARTESIAN_POINT('',(63.422343007775,-4.94039832208,
    12.297497835295));
#3747 = CARTESIAN_POINT('',(63.41507247025,-4.941449983252,
    12.298059055568));
#3748 = CARTESIAN_POINT('',(63.407797398094,-4.9425113996,
    12.298549524577));
#3749 = CARTESIAN_POINT('',(63.400518450755,-4.943582495582,
    12.298969214368));
#3750 = CARTESIAN_POINT('',(63.393236287912,-4.944663192387,
    12.299318102547));
#3751 = CARTESIAN_POINT('',(63.385951569473,-4.945753407927,
    12.299596172282));
#3752 = CARTESIAN_POINT('',(63.378664955566,-4.946853056827,
    12.299803412309));
#3753 = CARTESIAN_POINT('',(63.373806714811,-4.947592336394,
    12.299894342648));
#3754 = CARTESIAN_POINT('',(63.371377502797,-4.947963517361,
    12.299928004232));
#3755 = CYLINDRICAL_SURFACE('',#3756,0.75);
#3756 = AXIS2_PLACEMENT_3D('',#3757,#3758,#3759);
#3757 = CARTESIAN_POINT('',(63.360985752711,26.120875906767,11.55));
#3758 = DIRECTION('',(0.,-1.,2.22044604925E-16));
#3759 = DIRECTION('',(0.,-2.22044604925E-16,-1.));
#3760 = ADVANCED_FACE('',(#3761),#3779,.T.);
#3761 = FACE_BOUND('',#3762,.T.);
#3762 = EDGE_LOOP('',(#3763,#3771,#3772,#3773));
#3763 = ORIENTED_EDGE('',*,*,#3764,.F.);
#3764 = EDGE_CURVE('',#3095,#3765,#3767,.T.);
#3765 = VERTEX_POINT('',#3766);
#3766 = CARTESIAN_POINT('',(64.110985752711,-4.881439354732,
    3.799999999999));
#3767 = LINE('',#3768,#3769);
#3768 = CARTESIAN_POINT('',(64.110985752711,17.123191168266,
    3.799999999999));
#3769 = VECTOR('',#3770,1.);
#3770 = DIRECTION('',(0.,-1.,2.22044604925E-16));
#3771 = ORIENTED_EDGE('',*,*,#3215,.F.);
#3772 = ORIENTED_EDGE('',*,*,#3394,.T.);
#3773 = ORIENTED_EDGE('',*,*,#3774,.F.);
#3774 = EDGE_CURVE('',#3765,#3395,#3775,.T.);
#3775 = LINE('',#3776,#3777);
#3776 = CARTESIAN_POINT('',(64.110985752711,-4.881439354732,
    3.799999999999));
#3777 = VECTOR('',#3778,1.);
#3778 = DIRECTION('',(-6.362795595064E-13,2.202610853564E-13,1.));
#3779 = PLANE('',#3780);
#3780 = AXIS2_PLACEMENT_3D('',#3781,#3782,#3783);
#3781 = CARTESIAN_POINT('',(64.110985752711,17.123191168266,
    3.799999999999));
#3782 = DIRECTION('',(1.,0.,0.));
#3783 = DIRECTION('',(0.,-2.22044604925E-16,-1.));
#3784 = ADVANCED_FACE('',(#3785),#3927,.F.);
#3785 = FACE_BOUND('',#3786,.F.);
#3786 = EDGE_LOOP('',(#3787,#3788,#3789,#3796,#3797,#3806));
#3787 = ORIENTED_EDGE('',*,*,#3764,.F.);
#3788 = ORIENTED_EDGE('',*,*,#3094,.F.);
#3789 = ORIENTED_EDGE('',*,*,#3790,.F.);
#3790 = EDGE_CURVE('',#2223,#3087,#3791,.T.);
#3791 = CIRCLE('',#3792,0.3);
#3792 = AXIS2_PLACEMENT_3D('',#3793,#3794,#3795);
#3793 = CARTESIAN_POINT('',(64.410985752711,17.120875906767,
    3.799999999999));
#3794 = DIRECTION('',(5.921189464668E-15,1.,-2.22044604925E-16));
#3795 = DIRECTION('',(0.,-2.22044604925E-16,-1.));
#3796 = ORIENTED_EDGE('',*,*,#2230,.T.);
#3797 = ORIENTED_EDGE('',*,*,#3798,.F.);
#3798 = EDGE_CURVE('',#3799,#2231,#3801,.T.);
#3799 = VERTEX_POINT('',#3800);
#3800 = CARTESIAN_POINT('',(64.277652418711,-4.879124093233,
    3.531258075387));
#3801 = CIRCLE('',#3802,0.3);
#3802 = AXIS2_PLACEMENT_3D('',#3803,#3804,#3805);
#3803 = CARTESIAN_POINT('',(64.410985752711,-4.879124093233,
    3.799999999999));
#3804 = DIRECTION('',(0.,-1.,2.22044604925E-16));
#3805 = DIRECTION('',(0.,2.22044604925E-16,1.));
#3806 = ORIENTED_EDGE('',*,*,#3807,.F.);
#3807 = EDGE_CURVE('',#3765,#3799,#3808,.T.);
#3808 = B_SPLINE_CURVE_WITH_KNOTS('',3,(#3809,#3810,#3811,#3812,#3813,
    #3814,#3815,#3816,#3817,#3818,#3819,#3820,#3821,#3822,#3823,#3824,
    #3825,#3826,#3827,#3828,#3829,#3830,#3831,#3832,#3833,#3834,#3835,
    #3836,#3837,#3838,#3839,#3840,#3841,#3842,#3843,#3844,#3845,#3846,
    #3847,#3848,#3849,#3850,#3851,#3852,#3853,#3854,#3855,#3856,#3857,
    #3858,#3859,#3860,#3861,#3862,#3863,#3864,#3865,#3866,#3867,#3868,
    #3869,#3870,#3871,#3872,#3873,#3874,#3875,#3876,#3877,#3878,#3879,
    #3880,#3881,#3882,#3883,#3884,#3885,#3886,#3887,#3888,#3889,#3890,
    #3891,#3892,#3893,#3894,#3895,#3896,#3897,#3898,#3899,#3900,#3901,
    #3902,#3903,#3904,#3905,#3906,#3907,#3908,#3909,#3910,#3911,#3912,
    #3913,#3914,#3915,#3916,#3917,#3918,#3919,#3920,#3921,#3922,#3923,
    #3924,#3925,#3926),.UNSPECIFIED.,.F.,.F.,(4,1,1,1,1,1,1,1,1,1,1,1,1,
    1,1,1,1,1,1,1,1,1,1,1,1,1,1,1,1,1,1,1,1,1,1,1,1,1,1,1,1,1,1,1,1,1,1,
    1,1,1,1,1,1,1,1,1,1,1,1,1,1,1,1,1,1,1,1,1,1,1,1,1,1,1,1,1,1,1,1,1,1,
    1,1,1,1,1,1,1,1,1,1,1,1,1,1,1,1,1,1,1,1,1,1,1,1,1,1,1,1,1,1,1,1,1,1,
    4),(0.500000013371,0.500017161698,0.501581208826,0.50314517693,
    0.504709066568,0.506272878348,0.507836612922,0.509400270988,
    0.510963853286,0.512527360597,0.514090793747,0.515654153597,
    0.517217441048,0.518780657038,0.520343802541,0.521906878565,
    0.523469886151,0.525032826371,0.526595700329,0.528158509158,
    0.529721254019,0.531283936099,0.532846556611,0.534409116795,
    0.535971617911,0.537534061242,0.539096448095,0.540658779792,
    0.542221057678,0.543783283115,0.545345457481,0.546907582171,
    0.548469658595,0.550031688175,0.551593672349,0.553155612567,
    0.55471751029,0.556279366988,0.557841184145,0.559402963252,
    0.560964705808,0.562526413323,0.564088087311,0.565649729297,
    0.567211340808,0.568772923381,0.570334478558,0.571896007883,
    0.57345751291,0.575018995192,0.576580456292,0.578141897773,
    0.579703321204,0.581264728156,0.582826120206,0.584387498932,
    0.585948865918,0.58751022275,0.589071571016,0.590632912312,
    0.592194248232,0.593755580379,0.595316910356,0.596878239771,
    0.598439570238,0.600000903372,0.601562240795,0.603123584134,
    0.604684935019,0.606246295087,0.60780766598,0.609369049346,
    0.61093044684,0.612491860123,0.614053290862,0.615614740731,
    0.617176211415,0.618737704603,0.620299221993,0.621860765293,
    0.62342233622,0.624983936498,0.626545567863,0.628107232058,
    0.629668930839,0.631230665972,0.632792439232,0.634354252406,
    0.635916107293,0.637478005701,0.639039949452,0.640601940378,
    0.642163980325,0.643726071147,0.645288214715,0.646850412907,
    0.648412667618,0.649974980751,0.651537354222,0.653099789961,
    0.654662289907,0.65622485601,0.657787490235,0.659350194555,
    0.660912970953,0.662475821425,0.664038747975,0.665601752616,
    0.667164837373,0.668728004274,0.670291255361,0.671854592678,
    0.673418018278,0.674981534219,0.676545142564,0.676656265536),
  .UNSPECIFIED.);
#3809 = CARTESIAN_POINT('',(64.110985752711,-4.881439354732,
    3.799999999999));
#3810 = CARTESIAN_POINT('',(64.110985752711,-4.881439354732,
    3.799989222368));
#3811 = CARTESIAN_POINT('',(64.110985806263,-4.881439353244,
    3.798995449446));
#3812 = CARTESIAN_POINT('',(64.11099573491,-4.88143907733,3.797018731961
    ));
#3813 = CARTESIAN_POINT('',(64.111039531305,-4.881437860457,
    3.794070184599));
#3814 = CARTESIAN_POINT('',(64.111112303342,-4.881435839208,
    3.791122358466));
#3815 = CARTESIAN_POINT('',(64.111214039654,-4.881433014957,
    3.788175537311));
#3816 = CARTESIAN_POINT('',(64.111344726119,-4.881429389568,
    3.785230004631));
#3817 = CARTESIAN_POINT('',(64.111504345866,-4.881424965405,
    3.782286043641));
#3818 = CARTESIAN_POINT('',(64.111692879282,-4.88141974532,
    3.779343937252));
#3819 = CARTESIAN_POINT('',(64.111910304019,-4.881413732662,
    3.776403968047));
#3820 = CARTESIAN_POINT('',(64.112156595002,-4.881406931265,
    3.773466418258));
#3821 = CARTESIAN_POINT('',(64.112431724432,-4.881399345456,
    3.770531569741));
#3822 = CARTESIAN_POINT('',(64.1127356618,-4.881390980044,3.76759970395)
  );
#3823 = CARTESIAN_POINT('',(64.113068373887,-4.881381840324,
    3.764671101919));
#3824 = CARTESIAN_POINT('',(64.113429824777,-4.881371932072,
    3.761746044233));
#3825 = CARTESIAN_POINT('',(64.11381997586,-4.881361261543,3.75882481101
    ));
#3826 = CARTESIAN_POINT('',(64.114238785844,-4.881349835467,
    3.755907681873));
#3827 = CARTESIAN_POINT('',(64.11468621076,-4.881337661045,
    3.752994935929));
#3828 = CARTESIAN_POINT('',(64.115162203968,-4.881324745952,
    3.750086851749));
#3829 = CARTESIAN_POINT('',(64.115666716171,-4.881311098324,
    3.74718370734));
#3830 = CARTESIAN_POINT('',(64.116199695416,-4.881296726763,
    3.744285780128));
#3831 = CARTESIAN_POINT('',(64.116761087106,-4.881281640327,
    3.741393346929));
#3832 = CARTESIAN_POINT('',(64.11735083401,-4.88126584853,3.738506683935
    ));
#3833 = CARTESIAN_POINT('',(64.117968876266,-4.881249361336,
    3.735626066682));
#3834 = CARTESIAN_POINT('',(64.118615151392,-4.881232189153,
    3.732751770038));
#3835 = CARTESIAN_POINT('',(64.119289594298,-4.881214342835,
    3.729884068173));
#3836 = CARTESIAN_POINT('',(64.119992137288,-4.881195833668,
    3.727023234539));
#3837 = CARTESIAN_POINT('',(64.120722710073,-4.881176673372,
    3.724169541853));
#3838 = CARTESIAN_POINT('',(64.12148123978,-4.881156874094,
    3.721323262068));
#3839 = CARTESIAN_POINT('',(64.122267650958,-4.881136448401,
    3.718484666355));
#3840 = CARTESIAN_POINT('',(64.123081865591,-4.881115409278,
    3.715654025082));
#3841 = CARTESIAN_POINT('',(64.123923803101,-4.881093770121,
    3.712831607791));
#3842 = CARTESIAN_POINT('',(64.124793380366,-4.881071544727,
    3.710017683176));
#3843 = CARTESIAN_POINT('',(64.12569051172,-4.881048747297,
    3.707212519065));
#3844 = CARTESIAN_POINT('',(64.126615108971,-4.881025392421,
    3.704416382394));
#3845 = CARTESIAN_POINT('',(64.127567081401,-4.881001495079,
    3.701629539187));
#3846 = CARTESIAN_POINT('',(64.128546335787,-4.880977070628,
    3.698852254537));
#3847 = CARTESIAN_POINT('',(64.1295527764,-4.880952134801,3.696084792585
    ));
#3848 = CARTESIAN_POINT('',(64.130586305023,-4.880926703699,
    3.693327416495));
#3849 = CARTESIAN_POINT('',(64.131646820956,-4.880900793781,
    3.690580388435));
#3850 = CARTESIAN_POINT('',(64.132734221028,-4.880874421862,
    3.687843969557));
#3851 = CARTESIAN_POINT('',(64.133848399607,-4.880847605102,
    3.685118419977));
#3852 = CARTESIAN_POINT('',(64.134989248612,-4.880820360999,
    3.68240399875));
#3853 = CARTESIAN_POINT('',(64.13615665752,-4.880792707387,
    3.679700963851));
#3854 = CARTESIAN_POINT('',(64.137350513379,-4.880764662419,
    3.677009572158));
#3855 = CARTESIAN_POINT('',(64.138570700821,-4.880736244569,
    3.674330079425));
#3856 = CARTESIAN_POINT('',(64.139817102066,-4.880707472617,
    3.671662740266));
#3857 = CARTESIAN_POINT('',(64.141089596942,-4.880678365647,
    3.669007808131));
#3858 = CARTESIAN_POINT('',(64.142388062889,-4.880648943033,
    3.666365535289));
#3859 = CARTESIAN_POINT('',(64.143712374973,-4.880619224437,
    3.663736172805));
#3860 = CARTESIAN_POINT('',(64.145062405899,-4.880589229795,
    3.661119970518));
#3861 = CARTESIAN_POINT('',(64.146438026021,-4.880558979312,
    3.658517177025));
#3862 = CARTESIAN_POINT('',(64.147839103352,-4.880528493455,
    3.655928039659));
#3863 = CARTESIAN_POINT('',(64.149265503581,-4.880497792941,
    3.653352804465));
#3864 = CARTESIAN_POINT('',(64.150717090079,-4.880466898728,
    3.650791716184));
#3865 = CARTESIAN_POINT('',(64.152193723918,-4.88043583201,
    3.648245018234));
#3866 = CARTESIAN_POINT('',(64.153695263877,-4.880404614205,
    3.645712952684));
#3867 = CARTESIAN_POINT('',(64.155221566458,-4.880373266949,
    3.643195760238));
#3868 = CARTESIAN_POINT('',(64.156772485899,-4.880341812082,
    3.640693680217));
#3869 = CARTESIAN_POINT('',(64.158347874185,-4.880310271644,
    3.638206950534));
#3870 = CARTESIAN_POINT('',(64.159947581063,-4.880278667863,
    3.635735807677));
#3871 = CARTESIAN_POINT('',(64.161571454055,-4.880247023147,
    3.633280486691));
#3872 = CARTESIAN_POINT('',(64.163219338469,-4.880215360071,
    3.630841221154));
#3873 = CARTESIAN_POINT('',(64.164891077416,-4.880183701375,
    3.628418243162));
#3874 = CARTESIAN_POINT('',(64.166586511822,-4.880152069947,
    3.626011783304));
#3875 = CARTESIAN_POINT('',(64.168305480442,-4.880120488816,
    3.62362207065));
#3876 = CARTESIAN_POINT('',(64.170047819874,-4.880088981144,
    3.621249332726));
#3877 = CARTESIAN_POINT('',(64.171813364574,-4.880057570215,
    3.618893795494));
#3878 = CARTESIAN_POINT('',(64.173601946868,-4.880026279423,
    3.61655568334));
#3879 = CARTESIAN_POINT('',(64.175413396971,-4.879995132268,
    3.614235219046));
#3880 = CARTESIAN_POINT('',(64.177247542997,-4.879964152339,
    3.61193262378));
#3881 = CARTESIAN_POINT('',(64.179104210978,-4.879933363308,
    3.609648117068));
#3882 = CARTESIAN_POINT('',(64.180983224876,-4.879902788922,
    3.607381916784));
#3883 = CARTESIAN_POINT('',(64.1828844066,-4.879872452987,3.605134239127
    ));
#3884 = CARTESIAN_POINT('',(64.184807576018,-4.879842379363,3.6029052986
    ));
#3885 = CARTESIAN_POINT('',(64.18675255098,-4.879812591953,3.600695308)
  );
#3886 = CARTESIAN_POINT('',(64.188719147326,-4.879783114692,
    3.59850447839));
#3887 = CARTESIAN_POINT('',(64.190707178904,-4.879753971536,
    3.59633301909));
#3888 = CARTESIAN_POINT('',(64.192716457588,-4.879725186453,
    3.594181137653));
#3889 = CARTESIAN_POINT('',(64.194746793294,-4.879696783414,
    3.592049039848));
#3890 = CARTESIAN_POINT('',(64.196797993994,-4.87966878638,
    3.589936929646));
#3891 = CARTESIAN_POINT('',(64.198869865732,-4.879641219295,
    3.587845009199));
#3892 = CARTESIAN_POINT('',(64.200962212644,-4.879614106073,
    3.585773478823));
#3893 = CARTESIAN_POINT('',(64.203074836974,-4.879587470588,
    3.583722536985));
#3894 = CARTESIAN_POINT('',(64.205207539086,-4.879561336668,
    3.581692380278));
#3895 = CARTESIAN_POINT('',(64.207360117488,-4.879535728078,
    3.579683203413));
#3896 = CARTESIAN_POINT('',(64.209532368843,-4.879510668515,
    3.577695199196));
#3897 = CARTESIAN_POINT('',(64.211724087991,-4.879486181597,
    3.575728558515));
#3898 = CARTESIAN_POINT('',(64.213935067963,-4.87946229085,3.57378347032
    ));
#3899 = CARTESIAN_POINT('',(64.216165099999,-4.879439019701,
    3.571860121611));
#3900 = CARTESIAN_POINT('',(64.218413973567,-4.879416391468,
    3.56995869742));
#3901 = CARTESIAN_POINT('',(64.220681476379,-4.879394429346,
    3.568079380793));
#3902 = CARTESIAN_POINT('',(64.22296739441,-4.879373156402,
    3.566222352779));
#3903 = CARTESIAN_POINT('',(64.225271511914,-4.879352595562,
    3.56438779241));
#3904 = CARTESIAN_POINT('',(64.227593611446,-4.8793327696,3.562575876687
    ));
#3905 = CARTESIAN_POINT('',(64.229933473873,-4.879313701133,
    3.560786780566));
#3906 = CARTESIAN_POINT('',(64.2322908784,-4.879295412604,3.559020676941
    ));
#3907 = CARTESIAN_POINT('',(64.234665602582,-4.87927792628,
    3.557277736632));
#3908 = CARTESIAN_POINT('',(64.237057422345,-4.879261264234,
    3.555558128364));
#3909 = CARTESIAN_POINT('',(64.239466112006,-4.879245448342,
    3.553862018761));
#3910 = CARTESIAN_POINT('',(64.241891444287,-4.879230500271,
    3.552189572325));
#3911 = CARTESIAN_POINT('',(64.244333190337,-4.879216441469,
    3.550540951422));
#3912 = CARTESIAN_POINT('',(64.246791119749,-4.879203293154,
    3.548916316274));
#3913 = CARTESIAN_POINT('',(64.24926500058,-4.879191076307,
    3.547315824935));
#3914 = CARTESIAN_POINT('',(64.251754599367,-4.879179811663,
    3.545739633287));
#3915 = CARTESIAN_POINT('',(64.25425968115,-4.879169519699,
    3.544187895021));
#3916 = CARTESIAN_POINT('',(64.256780009486,-4.879160220626,
    3.542660761622));
#3917 = CARTESIAN_POINT('',(64.259315346469,-4.879151934381,
    3.541158382361));
#3918 = CARTESIAN_POINT('',(64.261865452754,-4.879144680616,
    3.539680904278));
#3919 = CARTESIAN_POINT('',(64.264430087568,-4.879138478691,
    3.538228472167));
#3920 = CARTESIAN_POINT('',(64.267009008735,-4.879133347663,
    3.536801228569));
#3921 = CARTESIAN_POINT('',(64.26960197269,-4.879129306279,
    3.535399313753));
#3922 = CARTESIAN_POINT('',(64.272208734505,-4.879126372965,
    3.534022865708));
#3923 = CARTESIAN_POINT('',(64.2748290479,-4.87912456582,3.532672020126)
  );
#3924 = CARTESIAN_POINT('',(64.276647129027,-4.87912410798,3.53175724905
    ));
#3925 = CARTESIAN_POINT('',(64.277589855415,-4.879124093233,
    3.531289115475));
#3926 = CARTESIAN_POINT('',(64.277652418711,-4.879124093233,
    3.531258075388));
#3927 = CYLINDRICAL_SURFACE('',#3928,0.3);
#3928 = AXIS2_PLACEMENT_3D('',#3929,#3930,#3931);
#3929 = CARTESIAN_POINT('',(64.410985752711,21.120875906767,
    3.799999999999));
#3930 = DIRECTION('',(0.,-1.,2.22044604925E-16));
#3931 = DIRECTION('',(0.,-2.22044604925E-16,-1.));
#3932 = ADVANCED_FACE('',(#3933),#3938,.T.);
#3933 = FACE_BOUND('',#3934,.T.);
#3934 = EDGE_LOOP('',(#3935,#3936,#3937));
#3935 = ORIENTED_EDGE('',*,*,#3790,.F.);
#3936 = ORIENTED_EDGE('',*,*,#2222,.F.);
#3937 = ORIENTED_EDGE('',*,*,#3086,.T.);
#3938 = PLANE('',#3939);
#3939 = AXIS2_PLACEMENT_3D('',#3940,#3941,#3942);
#3940 = CARTESIAN_POINT('',(64.410985752711,17.120875906767,3.5));
#3941 = DIRECTION('',(5.075305255429E-15,1.,-2.22044604925E-16));
#3942 = DIRECTION('',(0.,2.22044604925E-16,1.));
#3943 = ADVANCED_FACE('',(#3944),#3954,.T.);
#3944 = FACE_BOUND('',#3945,.T.);
#3945 = EDGE_LOOP('',(#3946,#3947,#3953));
#3946 = ORIENTED_EDGE('',*,*,#3798,.F.);
#3947 = ORIENTED_EDGE('',*,*,#3948,.F.);
#3948 = EDGE_CURVE('',#2239,#3799,#3949,.T.);
#3949 = LINE('',#3950,#3951);
#3950 = CARTESIAN_POINT('',(64.277652418711,-4.879124093233,3.5));
#3951 = VECTOR('',#3952,1.);
#3952 = DIRECTION('',(0.,-1.02269516041E-12,1.));
#3953 = ORIENTED_EDGE('',*,*,#2238,.T.);
#3954 = PLANE('',#3955);
#3955 = AXIS2_PLACEMENT_3D('',#3956,#3957,#3958);
#3956 = CARTESIAN_POINT('',(64.277652418711,-4.879124093233,
    3.531258075387));
#3957 = DIRECTION('',(-5.075305255429E-16,-1.,2.22044604925E-16));
#3958 = DIRECTION('',(0.,-2.22044604925E-16,-1.));
#3959 = ADVANCED_FACE('',(#3960),#3976,.F.);
#3960 = FACE_BOUND('',#3961,.F.);
#3961 = EDGE_LOOP('',(#3962,#3963,#3964,#3965,#3971,#3972,#3973,#3974,
    #3975));
#3962 = ORIENTED_EDGE('',*,*,#3948,.F.);
#3963 = ORIENTED_EDGE('',*,*,#2246,.T.);
#3964 = ORIENTED_EDGE('',*,*,#2732,.T.);
#3965 = ORIENTED_EDGE('',*,*,#3966,.F.);
#3966 = EDGE_CURVE('',#3406,#2725,#3967,.T.);
#3967 = LINE('',#3968,#3969);
#3968 = CARTESIAN_POINT('',(62.610985752711,-5.115251937777,11.55));
#3969 = VECTOR('',#3970,1.);
#3970 = DIRECTION('',(-3.254744144449E-13,-5.24813167834E-14,-1.));
#3971 = ORIENTED_EDGE('',*,*,#3413,.F.);
#3972 = ORIENTED_EDGE('',*,*,#3582,.T.);
#3973 = ORIENTED_EDGE('',*,*,#3591,.F.);
#3974 = ORIENTED_EDGE('',*,*,#3774,.F.);
#3975 = ORIENTED_EDGE('',*,*,#3807,.T.);
#3976 = CYLINDRICAL_SURFACE('',#3977,6.);
#3977 = AXIS2_PLACEMENT_3D('',#3978,#3979,#3980);
#3978 = CARTESIAN_POINT('',(64.277652418711,-10.87912409323,12.3));
#3979 = DIRECTION('',(0.,2.22044604925E-16,1.));
#3980 = DIRECTION('',(0.,1.,-2.22044604925E-16));
#3981 = ADVANCED_FACE('',(#3982),#3988,.T.);
#3982 = FACE_BOUND('',#3983,.T.);
#3983 = EDGE_LOOP('',(#3984,#3985,#3986,#3987));
#3984 = ORIENTED_EDGE('',*,*,#3405,.F.);
#3985 = ORIENTED_EDGE('',*,*,#3078,.F.);
#3986 = ORIENTED_EDGE('',*,*,#2724,.T.);
#3987 = ORIENTED_EDGE('',*,*,#3966,.F.);
#3988 = PLANE('',#3989);
#3989 = AXIS2_PLACEMENT_3D('',#3990,#3991,#3992);
#3990 = CARTESIAN_POINT('',(62.610985752711,17.357003751311,11.55));
#3991 = DIRECTION('',(-1.,0.,0.));
#3992 = DIRECTION('',(0.,2.22044604925E-16,1.));
#3993 = ADVANCED_FACE('',(#3994),#4418,.F.);
#3994 = FACE_BOUND('',#3995,.F.);
#3995 = EDGE_LOOP('',(#3996,#3997,#3998,#4235,#4243,#4417));
#3996 = ORIENTED_EDGE('',*,*,#2264,.F.);
#3997 = ORIENTED_EDGE('',*,*,#2274,.T.);
#3998 = ORIENTED_EDGE('',*,*,#3999,.F.);
#3999 = EDGE_CURVE('',#4000,#2275,#4002,.T.);
#4000 = VERTEX_POINT('',#4001);
#4001 = CARTESIAN_POINT('',(58.944319086704,20.372138820448,
    3.799999999999));
#4002 = B_SPLINE_CURVE_WITH_KNOTS('',3,(#4003,#4004,#4005,#4006,#4007,
    #4008,#4009,#4010,#4011,#4012,#4013,#4014,#4015,#4016,#4017,#4018,
    #4019,#4020,#4021,#4022,#4023,#4024,#4025,#4026,#4027,#4028,#4029,
    #4030,#4031,#4032,#4033,#4034,#4035,#4036,#4037,#4038,#4039,#4040,
    #4041,#4042,#4043,#4044,#4045,#4046,#4047,#4048,#4049,#4050,#4051,
    #4052,#4053,#4054,#4055,#4056,#4057,#4058,#4059,#4060,#4061,#4062,
    #4063,#4064,#4065,#4066,#4067,#4068,#4069,#4070,#4071,#4072,#4073,
    #4074,#4075,#4076,#4077,#4078,#4079,#4080,#4081,#4082,#4083,#4084,
    #4085,#4086,#4087,#4088,#4089,#4090,#4091,#4092,#4093,#4094,#4095,
    #4096,#4097,#4098,#4099,#4100,#4101,#4102,#4103,#4104,#4105,#4106,
    #4107,#4108,#4109,#4110,#4111,#4112,#4113,#4114,#4115,#4116,#4117,
    #4118,#4119,#4120,#4121,#4122,#4123,#4124,#4125,#4126,#4127,#4128,
    #4129,#4130,#4131,#4132,#4133,#4134,#4135,#4136,#4137,#4138,#4139,
    #4140,#4141,#4142,#4143,#4144,#4145,#4146,#4147,#4148,#4149,#4150,
    #4151,#4152,#4153,#4154,#4155,#4156,#4157,#4158,#4159,#4160,#4161,
    #4162,#4163,#4164,#4165,#4166,#4167,#4168,#4169,#4170,#4171,#4172,
    #4173,#4174,#4175,#4176,#4177,#4178,#4179,#4180,#4181,#4182,#4183,
    #4184,#4185,#4186,#4187,#4188,#4189,#4190,#4191,#4192,#4193,#4194,
    #4195,#4196,#4197,#4198,#4199,#4200,#4201,#4202,#4203,#4204,#4205,
    #4206,#4207,#4208,#4209,#4210,#4211,#4212,#4213,#4214,#4215,#4216,
    #4217,#4218,#4219,#4220,#4221,#4222,#4223,#4224,#4225,#4226,#4227,
    #4228,#4229,#4230,#4231,#4232,#4233,#4234),.UNSPECIFIED.,.F.,.F.,(4,
    1,1,1,1,1,1,1,1,1,1,1,1,1,1,1,1,1,1,1,1,1,1,1,1,1,1,1,1,1,1,1,1,1,1,
    1,1,1,1,1,1,1,1,1,1,1,1,1,1,1,1,1,1,1,1,1,1,1,1,1,1,1,1,1,1,1,1,1,1,
    1,1,1,1,1,1,1,1,1,1,1,1,1,1,1,1,1,1,1,1,1,1,1,1,1,1,1,1,1,1,1,1,1,1,
    1,1,1,1,1,1,1,1,1,1,1,1,1,1,1,1,1,1,1,1,1,1,1,1,1,1,1,1,1,1,1,1,1,1,
    1,1,1,1,1,1,1,1,1,1,1,1,1,1,1,1,1,1,1,1,1,1,1,1,1,1,1,1,1,1,1,1,1,1,
    1,1,1,1,1,1,1,1,1,1,1,1,1,1,1,1,1,1,1,1,1,1,1,1,1,1,1,1,1,1,1,1,1,1,
    1,1,1,1,1,1,1,1,1,1,1,1,1,1,1,1,1,1,1,1,1,1,1,1,4),(0.500006323398,
    0.500127882412,0.500582413984,0.501035456411,0.501487124626,
    0.501937532235,0.502386791518,0.502835013437,0.503282307646,
    0.503728782495,0.504174545041,0.504619701059,0.505064355055,
    0.505508610279,0.505952568737,0.506396331205,0.506839997249,
    0.507283665234,0.507727432348,0.508171394614,0.508615646907,
    0.509060282976,0.50950539546,0.509951075905,0.510397414784,
    0.510844501515,0.511292424481,0.511741271048,0.512191127582,
    0.512642079469,0.513094211136,0.513547606063,0.514002346808,
    0.514458515021,0.51491619146,0.515375456014,0.515836387713,
    0.516299064751,0.516763564499,0.51722996352,0.517698337586,
    0.518168761695,0.518641310082,0.519116056235,0.51959307291,
    0.520072432142,0.520554205261,0.521038462901,0.521525275015,
    0.522014710885,0.522506839135,0.52300172774,0.523499444036,
    0.524000054733,0.524503625921,0.52501022308,0.525519911091,
    0.526032754241,0.526548816234,0.527068160195,0.52759084868,
    0.528116943681,0.528646506634,0.529179598424,0.52971627939,
    0.530256609332,0.530800647514,0.531348452671,0.531900083012,
    0.532455596225,0.53301504948,0.533578499431,0.534146002224,
    0.534717613496,0.535293388379,0.535873381504,0.536457646999,
    0.537046238498,0.537639209137,0.538236611559,0.538838497914,
    0.539444919861,0.540055928571,0.540671574726,0.541291908518,
    0.541916979655,0.54254683736,0.543181530367,0.543821106928,
    0.544465614811,0.545115101297,0.545769613186,0.546429196792,
    0.547093897947,0.547763761997,0.548438833807,0.549119157756,
    0.549804777738,0.550495737164,0.55119207896,0.551893845566,
    0.552601078936,0.553313820539,0.554032111357,0.554755991887,
    0.555485502135,0.556220681622,0.55696156938,0.557708203951,
    0.55846062339,0.559218865258,0.559982966631,0.560752964089,
    0.561528893723,0.562310791132,0.563098691423,0.563892629208,
    0.564692638607,0.565498753246,0.566311006256,0.567129430274,
    0.567954057441,0.568784919401,0.569622047306,0.570465471806,
    0.571315223058,0.572171330721,0.573033823955,0.573902731423,
    0.57477808129,0.575659901221,0.576548218385,0.577443059447,
    0.578344450578,0.579252417446,0.580166985218,0.581088178565,
    0.582016021653,0.582950538151,0.583891751224,0.584839683538,
    0.585794357257,0.586755794043,0.587724015058,0.588699040959,
    0.589680891905,0.590669587548,0.591665147041,0.592667589033,
    0.593676931669,0.594693192592,0.59571638894,0.596746537349,
    0.59778365395,0.598827754369,0.599878853728,0.600936966643,
    0.602002107225,0.60307428908,0.604153525305,0.605239828494,
    0.606333210731,0.607433683592,0.608541258145,0.609655944951,
    0.610777754058,0.611906695006,0.613042776823,0.614186008026,
    0.615336396617,0.616493950088,0.617658675412,0.61883057905,
    0.620009666946,0.621195944524,0.62238941669,0.623590087832,
    0.624797961812,0.626013041974,0.627235331134,0.628464831582,
    0.629701545083,0.63094547287,0.632196615645,0.633454973578,
    0.634720546304,0.635993332918,0.637273331978,0.6385605415,
    0.639854958954,0.641156581265,0.642465404806,0.643781425402,
    0.645104638318,0.646435038264,0.647772619386,0.649117375268,
    0.650469298924,0.651828382797,0.653194618753,0.654567998081,
    0.655948511484,0.657336149079,0.65873090039,0.660132754344,
    0.661541699266,0.662957722877,0.664380812284,0.665810953976,
    0.667248133823,0.668692337063,0.670143548301,0.671601751501,
    0.67306692998,0.674539066401,0.676018142766,0.677504140407,
    0.678997039983,0.680496821468,0.682003464142,0.683516946588,
    0.685037246678,0.686564341565,0.688098207676,0.689638820699,
    0.691186155575,0.692740186485,0.694300886843,0.695868229281,
    0.697442185636),.UNSPECIFIED.);
#4003 = CARTESIAN_POINT('',(58.944319086697,20.372138820461,
    3.799999999999));
#4004 = CARTESIAN_POINT('',(58.944319086703,20.37213882045,
    3.799825850045));
#4005 = CARTESIAN_POINT('',(58.944318368083,20.37214021478,
    3.799000521299));
#4006 = CARTESIAN_POINT('',(58.944310999921,20.372154511103,
    3.797526197714));
#4007 = CARTESIAN_POINT('',(58.944288614885,20.372197945037,
    3.79557946143));
#4008 = CARTESIAN_POINT('',(58.944253737588,20.372265619579,
    3.793639514175));
#4009 = CARTESIAN_POINT('',(58.944206492301,20.372357295852,
    3.791706243115));
#4010 = CARTESIAN_POINT('',(58.944146998405,20.372472745228,
    3.789779533505));
#4011 = CARTESIAN_POINT('',(58.944075370413,20.372611749266,
    3.787859268973));
#4012 = CARTESIAN_POINT('',(58.943991717996,20.372774099634,
    3.785945331786));
#4013 = CARTESIAN_POINT('',(58.943896146018,20.372959598027,
    3.784037603119));
#4014 = CARTESIAN_POINT('',(58.943788754577,20.373168056071,
    3.782135963314));
#4015 = CARTESIAN_POINT('',(58.943669639049,20.373399295212,
    3.780240292123));
#4016 = CARTESIAN_POINT('',(58.943538890143,20.373653146606,
    3.778350468956));
#4017 = CARTESIAN_POINT('',(58.943396593957,20.373929450993,
    3.776466373112));
#4018 = CARTESIAN_POINT('',(58.943242832041,20.374228058561,
    3.774587884005));
#4019 = CARTESIAN_POINT('',(58.943077681464,20.374548828811,
    3.772714881378));
#4020 = CARTESIAN_POINT('',(58.942901214883,20.374891630412,
    3.770847245513));
#4021 = CARTESIAN_POINT('',(58.94271350062,20.375256341043,
    3.768984857429));
#4022 = CARTESIAN_POINT('',(58.942514602739,20.37564284724,
    3.767127599071));
#4023 = CARTESIAN_POINT('',(58.942304581129,20.376051044233,
    3.76527535349));
#4024 = CARTESIAN_POINT('',(58.942083491586,20.376480835778,
    3.763428005019));
#4025 = CARTESIAN_POINT('',(58.941851385899,20.376932133987,
    3.761585439431));
#4026 = CARTESIAN_POINT('',(58.941608311943,20.377404859157,
    3.759747544099));
#4027 = CARTESIAN_POINT('',(58.941354313765,20.377898939591,
    3.757914208137));
#4028 = CARTESIAN_POINT('',(58.941089431676,20.37841431142,
    3.756085322542));
#4029 = CARTESIAN_POINT('',(58.940813702351,20.378950918428,
    3.754260780321));
#4030 = CARTESIAN_POINT('',(58.940527158915,20.379508711863,
    3.752440476611));
#4031 = CARTESIAN_POINT('',(58.940229831045,20.38008765026,
    3.750624308798));
#4032 = CARTESIAN_POINT('',(58.939921745062,20.380687699259,
    3.748812176618));
#4033 = CARTESIAN_POINT('',(58.93960292403,20.381308831421,
    3.747003982255));
#4034 = CARTESIAN_POINT('',(58.939273387853,20.381951026044,
    3.745199630438));
#4035 = CARTESIAN_POINT('',(58.938933153369,20.382614268984,
    3.743399028519));
#4036 = CARTESIAN_POINT('',(58.938582234452,20.383298552474,
    3.741602086556));
#4037 = CARTESIAN_POINT('',(58.938220642104,20.384003874939,
    3.739808717379));
#4038 = CARTESIAN_POINT('',(58.937848384552,20.384730240825,
    3.738018836659));
#4039 = CARTESIAN_POINT('',(58.937465467345,20.385477660413,
    3.736232362968));
#4040 = CARTESIAN_POINT('',(58.937071893451,20.386246149652,
    3.734449217827));
#4041 = CARTESIAN_POINT('',(58.936667663346,20.387035729978,
    3.732669325761));
#4042 = CARTESIAN_POINT('',(58.936252775114,20.387846428144,
    3.730892614335));
#4043 = CARTESIAN_POINT('',(58.935827224535,20.388678276055,
    3.729119014198));
#4044 = CARTESIAN_POINT('',(58.935391005179,20.389531310592,
    3.727348459109));
#4045 = CARTESIAN_POINT('',(58.934944108496,20.390405573455,
    3.725580885972));
#4046 = CARTESIAN_POINT('',(58.934486523907,20.391301110994,
    3.723816234859));
#4047 = CARTESIAN_POINT('',(58.934018238891,20.392217974052,
    3.722054449026));
#4048 = CARTESIAN_POINT('',(58.933539239073,20.393156217806,
    3.720295474932));
#4049 = CARTESIAN_POINT('',(58.933049508311,20.394115901613,
    3.718539262253));
#4050 = CARTESIAN_POINT('',(58.932549028778,20.395097088857,
    3.716785763889));
#4051 = CARTESIAN_POINT('',(58.93203778105,20.396099846799,3.71503493597
    ));
#4052 = CARTESIAN_POINT('',(58.931515744184,20.397124246428,
    3.71328673786));
#4053 = CARTESIAN_POINT('',(58.930982895804,20.398170362322,
    3.711541132154));
#4054 = CARTESIAN_POINT('',(58.930439212175,20.3992382725,3.709798084679
    ));
#4055 = CARTESIAN_POINT('',(58.929884668285,20.400328058289,
    3.708057564485));
#4056 = CARTESIAN_POINT('',(58.929319237921,20.401439804184,
    3.706319543839));
#4057 = CARTESIAN_POINT('',(58.928742893745,20.402573597714,
    3.70458399821));
#4058 = CARTESIAN_POINT('',(58.928155607369,20.403729529316,
    3.702850906266));
#4059 = CARTESIAN_POINT('',(58.927557349424,20.404907692203,
    3.701120249849));
#4060 = CARTESIAN_POINT('',(58.926948089637,20.406108182238,
    3.699392013965));
#4061 = CARTESIAN_POINT('',(58.926327796898,20.407331097815,
    3.697666186763));
#4062 = CARTESIAN_POINT('',(58.92569643933,20.408576539737,
    3.695942759515));
#4063 = CARTESIAN_POINT('',(58.925053984356,20.409844611098,
    3.694221726596));
#4064 = CARTESIAN_POINT('',(58.924400398766,20.411135417168,
    3.692503085458));
#4065 = CARTESIAN_POINT('',(58.92373564878,20.412449065281,
    3.690786836611));
#4066 = CARTESIAN_POINT('',(58.923059700115,20.413785664728,
    3.689072983591));
#4067 = CARTESIAN_POINT('',(58.922372518046,20.415145326642,
    3.687361532935));
#4068 = CARTESIAN_POINT('',(58.921674067464,20.416528163902,
    3.685652494156));
#4069 = CARTESIAN_POINT('',(58.920964312941,20.417934291024,
    3.683945879709));
#4070 = CARTESIAN_POINT('',(58.920243218787,20.419363824062,
    3.682241704964));
#4071 = CARTESIAN_POINT('',(58.919510749105,20.420816880511,
    3.680539988175));
#4072 = CARTESIAN_POINT('',(58.918766867849,20.422293579211,
    3.678840750446));
#4073 = CARTESIAN_POINT('',(58.91801153888,20.423794040251,
    3.677144015702));
#4074 = CARTESIAN_POINT('',(58.91724472602,20.425318384881,
    3.675449810648));
#4075 = CARTESIAN_POINT('',(58.916466393101,20.426866735422,
    3.673758164746));
#4076 = CARTESIAN_POINT('',(58.915676504022,20.428439215174,
    3.672069110171));
#4077 = CARTESIAN_POINT('',(58.914875022795,20.430035948338,
    3.670382681778));
#4078 = CARTESIAN_POINT('',(58.914061913596,20.431657059927,
    3.668698917069));
#4079 = CARTESIAN_POINT('',(58.913237140815,20.433302675688,
    3.667017856155));
#4080 = CARTESIAN_POINT('',(58.912400669101,20.434972922022,
    3.665339541717));
#4081 = CARTESIAN_POINT('',(58.911552463406,20.436667925904,
    3.663664018972));
#4082 = CARTESIAN_POINT('',(58.910692489036,20.438387814811,
    3.661991335634));
#4083 = CARTESIAN_POINT('',(58.909820711691,20.440132716649,
    3.660321541874));
#4084 = CARTESIAN_POINT('',(58.908937097506,20.441902759674,
    3.658654690287));
#4085 = CARTESIAN_POINT('',(58.908041613099,20.44369807243,
    3.656990835849));
#4086 = CARTESIAN_POINT('',(58.907134225607,20.445518783678,
    3.655330035878));
#4087 = CARTESIAN_POINT('',(58.906214902728,20.447365022325,
    3.653672349997));
#4088 = CARTESIAN_POINT('',(58.905283612758,20.449236917364,
    3.652017840096));
#4089 = CARTESIAN_POINT('',(58.904340324632,20.451134597808,
    3.650366570289));
#4090 = CARTESIAN_POINT('',(58.903385007959,20.453058192631,
    3.648718606875));
#4091 = CARTESIAN_POINT('',(58.902417633061,20.455007830702,
    3.647074018302));
#4092 = CARTESIAN_POINT('',(58.901438171003,20.456983640731,
    3.645432875124));
#4093 = CARTESIAN_POINT('',(58.900446593632,20.458985751211,
    3.643795249959));
#4094 = CARTESIAN_POINT('',(58.899442873609,20.461014290358,
    3.642161217454));
#4095 = CARTESIAN_POINT('',(58.898426984441,20.463069386063,
    3.640530854243));
#4096 = CARTESIAN_POINT('',(58.897398900513,20.465151165834,
    3.638904238905));
#4097 = CARTESIAN_POINT('',(58.89635859712,20.467259756746,
    3.637281451927));
#4098 = CARTESIAN_POINT('',(58.895306050494,20.469395285391,
    3.635662575659));
#4099 = CARTESIAN_POINT('',(58.894241237837,20.47155787783,
    3.634047694281));
#4100 = CARTESIAN_POINT('',(58.893164137345,20.47374765954,
    3.632436893756));
#4101 = CARTESIAN_POINT('',(58.892074728241,20.475964755376,
    3.630830261796));
#4102 = CARTESIAN_POINT('',(58.890972990795,20.47820928952,
    3.629227887815));
#4103 = CARTESIAN_POINT('',(58.889858906354,20.480481385436,
    3.627629862898));
#4104 = CARTESIAN_POINT('',(58.888732457367,20.482781165835,
    3.626036279752));
#4105 = CARTESIAN_POINT('',(58.88759362741,20.485108752623,
    3.624447232672));
#4106 = CARTESIAN_POINT('',(58.886442401204,20.487464266869,
    3.622862817501));
#4107 = CARTESIAN_POINT('',(58.885278764644,20.489847828763,
    3.621283131586));
#4108 = CARTESIAN_POINT('',(58.884102704821,20.492259557575,
    3.619708273746));
#4109 = CARTESIAN_POINT('',(58.882914210036,20.494699571623,
    3.618138344224));
#4110 = CARTESIAN_POINT('',(58.881713269829,20.497167988233,
    3.616573444658));
#4111 = CARTESIAN_POINT('',(58.880499874995,20.499664923706,
    3.61501367803));
#4112 = CARTESIAN_POINT('',(58.879274017601,20.502190493284,
    3.613459148638));
#4113 = CARTESIAN_POINT('',(58.878035691009,20.504744811117,
    3.611909962051));
#4114 = CARTESIAN_POINT('',(58.876784889891,20.507327990228,
    3.610366225075));
#4115 = CARTESIAN_POINT('',(58.875521610245,20.509940142488,
    3.608828045707));
#4116 = CARTESIAN_POINT('',(58.874245849413,20.51258137858,
    3.607295533107));
#4117 = CARTESIAN_POINT('',(58.872957606098,20.515251807975,
    3.605768797553));
#4118 = CARTESIAN_POINT('',(58.871656880375,20.517951538899,
    3.604247950406));
#4119 = CARTESIAN_POINT('',(58.870343673709,20.520680678308,
    3.602733104071));
#4120 = CARTESIAN_POINT('',(58.869017988966,20.523439331861,
    3.601224371962));
#4121 = CARTESIAN_POINT('',(58.867679830429,20.526227603896,
    3.599721868463));
#4122 = CARTESIAN_POINT('',(58.866329203807,20.5290455974,3.598225708894
    ));
#4123 = CARTESIAN_POINT('',(58.86496611625,20.531893413991,3.59673600947
    ));
#4124 = CARTESIAN_POINT('',(58.863590576358,20.534771153891,
    3.595252887268));
#4125 = CARTESIAN_POINT('',(58.862202594194,20.537678915903,
    3.593776460191));
#4126 = CARTESIAN_POINT('',(58.860802181291,20.540616797391,
    3.592306846932));
#4127 = CARTESIAN_POINT('',(58.859389350663,20.543584894259,
    3.590844166937));
#4128 = CARTESIAN_POINT('',(58.857964116816,20.546583300925,
    3.589388540372));
#4129 = CARTESIAN_POINT('',(58.856526495753,20.549612110311,
    3.587940088086));
#4130 = CARTESIAN_POINT('',(58.855076504983,20.552671413813,
    3.586498931579));
#4131 = CARTESIAN_POINT('',(58.85361416353,20.555761301291,
    3.585065192964));
#4132 = CARTESIAN_POINT('',(58.852139491936,20.558881861046,
    3.583638994938));
#4133 = CARTESIAN_POINT('',(58.850652512274,20.562033179803,
    3.582220460743));
#4134 = CARTESIAN_POINT('',(58.849153248144,20.565215342696,
    3.580809714135));
#4135 = CARTESIAN_POINT('',(58.847641724687,20.568428433251,
    3.579406879353));
#4136 = CARTESIAN_POINT('',(58.846117968586,20.571672533368,
    3.578012081082));
#4137 = CARTESIAN_POINT('',(58.844582008071,20.57494772331,
    3.576625444422));
#4138 = CARTESIAN_POINT('',(58.843033872921,20.578254081683,
    3.575247094859));
#4139 = CARTESIAN_POINT('',(58.841473594471,20.581591685428,
    3.573877158227));
#4140 = CARTESIAN_POINT('',(58.839901205612,20.584960609798,
    3.572515760682));
#4141 = CARTESIAN_POINT('',(58.838316740793,20.588360928356,
    3.571163028669));
#4142 = CARTESIAN_POINT('',(58.836720236026,20.591792712951,
    3.569819088889));
#4143 = CARTESIAN_POINT('',(58.835111728887,20.595256033712,
    3.56848406827));
#4144 = CARTESIAN_POINT('',(58.833491258513,20.598750959035,
    3.567158093938));
#4145 = CARTESIAN_POINT('',(58.831858865608,20.602277555569,
    3.565841293185));
#4146 = CARTESIAN_POINT('',(58.830214592442,20.605835888205,
    3.564533793441));
#4147 = CARTESIAN_POINT('',(58.828558482849,20.609426020066,
    3.563235722242));
#4148 = CARTESIAN_POINT('',(58.826890582228,20.613048012494,
    3.561947207205));
#4149 = CARTESIAN_POINT('',(58.825210937543,20.616701925043,
    3.560668375995));
#4150 = CARTESIAN_POINT('',(58.823519597321,20.620387815465,3.5593993563
    ));
#4151 = CARTESIAN_POINT('',(58.821816611649,20.6241057397,3.558140275804
    ));
#4152 = CARTESIAN_POINT('',(58.820102032177,20.62785575187,
    3.556891262153));
#4153 = CARTESIAN_POINT('',(58.81837591211,20.631637904263,
    3.555652442935));
#4154 = CARTESIAN_POINT('',(58.816638306209,20.635452247332,
    3.554423945649));
#4155 = CARTESIAN_POINT('',(58.814889270787,20.639298829676,
    3.55320589768));
#4156 = CARTESIAN_POINT('',(58.813128863707,20.643177698041,
    3.55199842627));
#4157 = CARTESIAN_POINT('',(58.811357144377,20.647088897301,
    3.550801658496));
#4158 = CARTESIAN_POINT('',(58.809574173749,20.651032470458,
    3.549615721241));
#4159 = CARTESIAN_POINT('',(58.807780014309,20.655008458629,
    3.54844074117));
#4160 = CARTESIAN_POINT('',(58.80597473008,20.659016901036,
    3.547276844706));
#4161 = CARTESIAN_POINT('',(58.804158386614,20.663057835003,
    3.546124158002));
#4162 = CARTESIAN_POINT('',(58.802331050986,20.667131295942,
    3.54498280692));
#4163 = CARTESIAN_POINT('',(58.800492791791,20.671237317348,
    3.543852917007));
#4164 = CARTESIAN_POINT('',(58.798643679137,20.675375930789,
    3.542734613467));
#4165 = CARTESIAN_POINT('',(58.79678378464,20.679547165901,
    3.541628021142));
#4166 = CARTESIAN_POINT('',(58.794913181421,20.683751050374,
    3.540533264488));
#4167 = CARTESIAN_POINT('',(58.793031944093,20.687987609951,
    3.539450467551));
#4168 = CARTESIAN_POINT('',(58.791140148763,20.692256868413,
    3.538379753945));
#4169 = CARTESIAN_POINT('',(58.789237873017,20.696558847576,
    3.537321246828));
#4170 = CARTESIAN_POINT('',(58.787325195923,20.70089356728,
    3.536275068887));
#4171 = CARTESIAN_POINT('',(58.785402198014,20.70526104538,
    3.535241342306));
#4172 = CARTESIAN_POINT('',(58.783468961287,20.709661297742,
    3.534220188753));
#4173 = CARTESIAN_POINT('',(58.781525569195,20.714094338227,
    3.533211729356));
#4174 = CARTESIAN_POINT('',(58.779572106638,20.718560178691,
    3.532216084683));
#4175 = CARTESIAN_POINT('',(58.777608659956,20.723058828971,
    3.53123337472));
#4176 = CARTESIAN_POINT('',(58.775635316922,20.727590296875,
    3.530263718852));
#4177 = CARTESIAN_POINT('',(58.77365216673,20.732154588177,
    3.529307235844));
#4178 = CARTESIAN_POINT('',(58.771659299993,20.736751706608,
    3.528364043822));
#4179 = CARTESIAN_POINT('',(58.769656808731,20.741381653841,
    3.527434260249));
#4180 = CARTESIAN_POINT('',(58.76764478636,20.746044429487,
    3.526518001914));
#4181 = CARTESIAN_POINT('',(58.765623327691,20.750740031085,
    3.525615384906));
#4182 = CARTESIAN_POINT('',(58.763592528912,20.755468454087,3.5247265246
    ));
#4183 = CARTESIAN_POINT('',(58.761552487586,20.760229691855,
    3.523851535635));
#4184 = CARTESIAN_POINT('',(58.759503302639,20.765023735645,
    3.522990531902));
#4185 = CARTESIAN_POINT('',(58.75744507435,20.769850574596,3.52214362652
    ));
#4186 = CARTESIAN_POINT('',(58.755377904346,20.774710195725,
    3.521310931824));
#4187 = CARTESIAN_POINT('',(58.753301895585,20.77960258391,
    3.520492559344));
#4188 = CARTESIAN_POINT('',(58.751217152356,20.784527721877,
    3.519688619791));
#4189 = CARTESIAN_POINT('',(58.74912378026,20.789485590197,
    3.518899223036));
#4190 = CARTESIAN_POINT('',(58.747021886208,20.794476167262,
    3.518124478102));
#4191 = CARTESIAN_POINT('',(58.744911578407,20.79949942928,
    3.517364493138));
#4192 = CARTESIAN_POINT('',(58.74279296635,20.804555350261,3.51661937541
    ));
#4193 = CARTESIAN_POINT('',(58.740666160808,20.809643901999,
    3.515889231283));
#4194 = CARTESIAN_POINT('',(58.738531273819,20.814765054065,
    3.515174166205));
#4195 = CARTESIAN_POINT('',(58.736388418678,20.819918773785,
    3.514474284695));
#4196 = CARTESIAN_POINT('',(58.734237709927,20.825105026231,
    3.513789690322));
#4197 = CARTESIAN_POINT('',(58.732079263344,20.830323774203,
    3.513120485698));
#4198 = CARTESIAN_POINT('',(58.729913195933,20.835574978214,
    3.512466772456));
#4199 = CARTESIAN_POINT('',(58.727739625916,20.840858596471,
    3.511828651241));
#4200 = CARTESIAN_POINT('',(58.725558672717,20.846174584864,
    3.511206221695));
#4201 = CARTESIAN_POINT('',(58.723370456959,20.851522896941,
    3.510599582439));
#4202 = CARTESIAN_POINT('',(58.721175100448,20.856903483896,
    3.510008831065));
#4203 = CARTESIAN_POINT('',(58.718972726164,20.862316294546,
    3.50943406412));
#4204 = CARTESIAN_POINT('',(58.716763458251,20.867761275314,
    3.50887537709));
#4205 = CARTESIAN_POINT('',(58.714547422007,20.87323837021,
    3.508332864393));
#4206 = CARTESIAN_POINT('',(58.712324743872,20.878747520806,
    3.50780661936));
#4207 = CARTESIAN_POINT('',(58.710095551417,20.884288666219,
    3.507296734224));
#4208 = CARTESIAN_POINT('',(58.707859973338,20.889861743088,
    3.506803300111));
#4209 = CARTESIAN_POINT('',(58.70561813944,20.895466685546,
    3.506326407022));
#4210 = CARTESIAN_POINT('',(58.703370180628,20.901103425206,
    3.505866143823));
#4211 = CARTESIAN_POINT('',(58.701116228898,20.906771891127,
    3.505422598234));
#4212 = CARTESIAN_POINT('',(58.698856417326,20.912472009793,
    3.504995856816));
#4213 = CARTESIAN_POINT('',(58.696590880057,20.918203705087,
    3.504586004959));
#4214 = CARTESIAN_POINT('',(58.694319752294,20.923966898263,
    3.504193126868));
#4215 = CARTESIAN_POINT('',(58.692043170289,20.929761507917,
    3.503817305556));
#4216 = CARTESIAN_POINT('',(58.689761271332,20.935587449959,
    3.50345862283));
#4217 = CARTESIAN_POINT('',(58.68747419374,20.941444637583,
    3.503117159277));
#4218 = CARTESIAN_POINT('',(58.685182076847,20.947332981234,
    3.502792994258));
#4219 = CARTESIAN_POINT('',(58.682885060996,20.953252388577,
    3.502486205892));
#4220 = CARTESIAN_POINT('',(58.680583287526,20.959202764466,
    3.502196871047));
#4221 = CARTESIAN_POINT('',(58.678276898763,20.965184010902,
    3.501925065329));
#4222 = CARTESIAN_POINT('',(58.675966038009,20.971196027006,
    3.50167086307));
#4223 = CARTESIAN_POINT('',(58.673650849535,20.977238708975,
    3.501434337319));
#4224 = CARTESIAN_POINT('',(58.671331478568,20.983311950048,
    3.501215559827));
#4225 = CARTESIAN_POINT('',(58.669008071283,20.989415640463,
    3.501014601041));
#4226 = CARTESIAN_POINT('',(58.666680774794,20.995549667418,
    3.50083153009));
#4227 = CARTESIAN_POINT('',(58.664349737141,21.001713915025,
    3.500666414774));
#4228 = CARTESIAN_POINT('',(58.662015107287,21.00790826427,
    3.500519321557));
#4229 = CARTESIAN_POINT('',(58.659677035102,21.014132592964,
    3.50039031555));
#4230 = CARTESIAN_POINT('',(58.657335671358,21.020386775698,
    3.500279460505));
#4231 = CARTESIAN_POINT('',(58.654991167718,21.026670683789,
    3.500186818802));
#4232 = CARTESIAN_POINT('',(58.652643676731,21.032984185235,
    3.500112451439));
#4233 = CARTESIAN_POINT('',(58.651080075961,21.037203966157,
    3.500075174083));
#4234 = CARTESIAN_POINT('',(58.650297814256,21.039318759891,
    3.500059581221));
#4235 = ORIENTED_EDGE('',*,*,#4236,.T.);
#4236 = EDGE_CURVE('',#4000,#4237,#4239,.T.);
#4237 = VERTEX_POINT('',#4238);
#4238 = CARTESIAN_POINT('',(58.944319086704,-8.130387006914,
    3.799999999999));
#4239 = LINE('',#4240,#4241);
#4240 = CARTESIAN_POINT('',(58.944319086704,20.372138820448,
    3.799999999999));
#4241 = VECTOR('',#4242,1.);
#4242 = DIRECTION('',(0.,-1.,3.466901784549E-16));
#4243 = ORIENTED_EDGE('',*,*,#4244,.F.);
#4244 = EDGE_CURVE('',#2319,#4237,#4245,.T.);
#4245 = B_SPLINE_CURVE_WITH_KNOTS('',3,(#4246,#4247,#4248,#4249,#4250,
    #4251,#4252,#4253,#4254,#4255,#4256,#4257,#4258,#4259,#4260,#4261,
    #4262,#4263,#4264,#4265,#4266,#4267,#4268,#4269,#4270,#4271,#4272,
    #4273,#4274,#4275,#4276,#4277,#4278,#4279,#4280,#4281,#4282,#4283,
    #4284,#4285,#4286,#4287,#4288,#4289,#4290,#4291,#4292,#4293,#4294,
    #4295,#4296,#4297,#4298,#4299,#4300,#4301,#4302,#4303,#4304,#4305,
    #4306,#4307,#4308,#4309,#4310,#4311,#4312,#4313,#4314,#4315,#4316,
    #4317,#4318,#4319,#4320,#4321,#4322,#4323,#4324,#4325,#4326,#4327,
    #4328,#4329,#4330,#4331,#4332,#4333,#4334,#4335,#4336,#4337,#4338,
    #4339,#4340,#4341,#4342,#4343,#4344,#4345,#4346,#4347,#4348,#4349,
    #4350,#4351,#4352,#4353,#4354,#4355,#4356,#4357,#4358,#4359,#4360,
    #4361,#4362,#4363,#4364,#4365,#4366,#4367,#4368,#4369,#4370,#4371,
    #4372,#4373,#4374,#4375,#4376,#4377,#4378,#4379,#4380,#4381,#4382,
    #4383,#4384,#4385,#4386,#4387,#4388,#4389,#4390,#4391,#4392,#4393,
    #4394,#4395,#4396,#4397,#4398,#4399,#4400,#4401,#4402,#4403,#4404,
    #4405,#4406,#4407,#4408,#4409,#4410,#4411,#4412,#4413,#4414,#4415,
    #4416),.UNSPECIFIED.,.F.,.F.,(4,1,1,1,1,1,1,1,1,1,1,1,1,1,1,1,1,1,1,
    1,1,1,1,1,1,1,1,1,1,1,1,1,1,1,1,1,1,1,1,1,1,1,1,1,1,1,1,1,1,1,1,1,1,
    1,1,1,1,1,1,1,1,1,1,1,1,1,1,1,1,1,1,1,1,1,1,1,1,1,1,1,1,1,1,1,1,1,1,
    1,1,1,1,1,1,1,1,1,1,1,1,1,1,1,1,1,1,1,1,1,1,1,1,1,1,1,1,1,1,1,1,1,1,
    1,1,1,1,1,1,1,1,1,1,1,1,1,1,1,1,1,1,1,1,1,1,1,1,1,1,1,1,1,1,1,1,1,1,
    1,1,1,1,1,1,1,1,1,1,1,1,1,4),(0.302756649545,0.305017300352,
    0.30726479028,0.309499025443,0.311719915093,0.313927371564,
    0.316121310206,0.318301649339,0.320468310195,0.322621216875,
    0.324760296293,0.32688547814,0.328996694839,0.331093881502,
    0.333176975896,0.335245918403,0.33730065199,0.339341122171,
    0.341367276981,0.343379066945,0.345376445049,0.347359366715,
    0.349327789776,0.351281674454,0.353220983335,0.355145681348,
    0.357055735751,0.358951116106,0.360831794262,0.362697744345,
    0.364548942734,0.366385368055,0.368207001161,0.370013825121,
    0.371805825214,0.373582988908,0.375345305859,0.377092767898,
    0.378825369022,0.380543105388,0.382245975304,0.383933979223,
    0.385607119738,0.387265401575,0.388908831591,0.390537418764,
    0.392151174197,0.393750111107,0.395334244827,0.396903592801,
    0.398458174584,0.399998011837,0.401523128325,0.403033549921,
    0.404529304599,0.406010422435,0.407476935606,0.408928878391,
    0.410366287169,0.411789200416,0.413197658708,0.414591704722,
    0.415971383228,0.417336741098,0.418687827295,0.420024692883,
    0.421347391017,0.422655976945,0.423950508008,0.425231043636,
    0.426497645346,0.42775037674,0.428989303502,0.430214493394,
    0.431426016253,0.432623943985,0.433808350562,0.434979312014,
    0.436136906424,0.437281213921,0.438412316674,0.439530298877,
    0.440635246747,0.441727248512,0.442806394395,0.44387277661,
    0.444926489341,0.445967628733,0.446996292877,0.448012581789,
    0.449016597399,0.450008443528,0.450988225871,0.451956051974,
    0.452912031214,0.453856274775,0.454788895621,0.455710008474,
    0.456619729785,0.457518177703,0.458405472049,0.459281734282,
    0.460147087466,0.461001656237,0.461845566767,0.462678946726,
    0.463501925244,0.464314632872,0.46511720154,0.465909764511,
    0.466692456343,0.467465412839,0.468228771001,0.468982668982,
    0.469727246037,0.470462642471,0.47118899959,0.471906459642,
    0.472615165769,0.473315261949,0.474006892939,0.474690204217,
    0.475365341928,0.476032452821,0.476691684189,0.477343183813,
    0.477987099897,0.478623581008,0.479252776014,0.479874834023,
    0.48048990432,0.481098136305,0.481699679431,0.482294683141,
    0.482883296807,0.483465669672,0.48404195078,0.484612288928,
    0.485176832594,0.48573572989,0.486289128496,0.486837175606,
    0.487380017873,0.487917801356,0.488450671464,0.488978772907,
    0.489502249648,0.49002124485,0.490535900834,0.491046359034,
    0.491552759954,0.492055243126,0.492553947076,0.49304900928,
    0.49354056614,0.494028752944,0.494513703837,0.494995551798,
    0.495474428612,0.495950464843,0.496423789821,0.496894531617,
    0.497362817027,0.497828771562,0.498292519431,0.498754183532,
    0.499213885447,0.499671745432,0.500006323398),.UNSPECIFIED.);
#4246 = CARTESIAN_POINT('',(58.650575117164,-8.796817429361,
    3.500065236954));
#4247 = CARTESIAN_POINT('',(58.651699070797,-8.793780137069,
    3.500088680346));
#4248 = CARTESIAN_POINT('',(58.653945306842,-8.787725135542,
    3.500148136035));
#4249 = CARTESIAN_POINT('',(58.657319244216,-8.778675112839,
    3.500275474269));
#4250 = CARTESIAN_POINT('',(58.660687514947,-8.7696844019,3.500440555348
    ));
#4251 = CARTESIAN_POINT('',(58.66404966,-8.760753436897,3.500643220179)
  );
#4252 = CARTESIAN_POINT('',(58.667405223343,-8.75188263895,
    3.500883303398));
#4253 = CARTESIAN_POINT('',(58.670753752014,-8.743072416385,
    3.501160633411));
#4254 = CARTESIAN_POINT('',(58.674094796185,-8.734323164974,
    3.501475032436));
#4255 = CARTESIAN_POINT('',(58.677427909229,-8.725635268176,
    3.501826316548));
#4256 = CARTESIAN_POINT('',(58.680752647788,-8.717009097353,
    3.502214295719));
#4257 = CARTESIAN_POINT('',(58.684068571843,-8.708445011986,
    3.502638773864));
#4258 = CARTESIAN_POINT('',(58.687375244781,-8.699943359874,
    3.50309954888));
#4259 = CARTESIAN_POINT('',(58.690672233469,-8.69150447733,
    3.503596412694));
#4260 = CARTESIAN_POINT('',(58.693959108321,-8.68312868936,
    3.504129151303));
#4261 = CARTESIAN_POINT('',(58.697235443371,-8.674816309839,
    3.504697544818));
#4262 = CARTESIAN_POINT('',(58.700500816346,-8.666567641675,
    3.505301367515));
#4263 = CARTESIAN_POINT('',(58.703754808737,-8.65838297697,
    3.505940387871));
#4264 = CARTESIAN_POINT('',(58.706997005873,-8.650262597166,
    3.506614368618));
#4265 = CARTESIAN_POINT('',(58.710226996994,-8.64220677319,
    3.507323066787));
#4266 = CARTESIAN_POINT('',(58.713444375324,-8.63421576559,
    3.508066233753));
#4267 = CARTESIAN_POINT('',(58.716648738145,-8.626289824661,
    3.50884361529));
#4268 = CARTESIAN_POINT('',(58.719839686873,-8.61842919057,
    3.509654951613));
#4269 = CARTESIAN_POINT('',(58.72301682713,-8.610634093472,
    3.510499977435));
#4270 = CARTESIAN_POINT('',(58.72617976882,-8.602904753617,
    3.511378422014));
#4271 = CARTESIAN_POINT('',(58.729328126205,-8.595241381457,
    3.512290009206));
#4272 = CARTESIAN_POINT('',(58.732461517976,-8.587644177748,
    3.513234457523));
#4273 = CARTESIAN_POINT('',(58.73557956733,-8.580113333637,
    3.514211480181));
#4274 = CARTESIAN_POINT('',(58.738681902048,-8.572649030754,
    3.515220785162));
#4275 = CARTESIAN_POINT('',(58.741768154564,-8.565251441297,
    3.516262075267));
#4276 = CARTESIAN_POINT('',(58.744837962044,-8.55792072811,
    3.517335048177));
#4277 = CARTESIAN_POINT('',(58.74789096646,-8.550657044758,
    3.518439396512));
#4278 = CARTESIAN_POINT('',(58.750926814661,-8.543460535594,
    3.519574807891));
#4279 = CARTESIAN_POINT('',(58.753945158454,-8.536331335832,
    3.520740964998));
#4280 = CARTESIAN_POINT('',(58.756945654671,-8.529269571602,
    3.521937545641));
#4281 = CARTESIAN_POINT('',(58.75992796525,-8.522275360015,
    3.523164222822));
#4282 = CARTESIAN_POINT('',(58.7628917573,-8.51534880921,3.524420664803)
  );
#4283 = CARTESIAN_POINT('',(58.765836703183,-8.508490018415,
    3.525706535171));
#4284 = CARTESIAN_POINT('',(58.768762480581,-8.501699077987,
    3.527021492912));
#4285 = CARTESIAN_POINT('',(58.771668772571,-8.494976069457,
    3.528365192483));
#4286 = CARTESIAN_POINT('',(58.774555267693,-8.488321065579,
    3.529737283882));
#4287 = CARTESIAN_POINT('',(58.77742166003,-8.481734130359,
    3.531137412725));
#4288 = CARTESIAN_POINT('',(58.780267649268,-8.475215319098,
    3.532565220324));
#4289 = CARTESIAN_POINT('',(58.783092940775,-8.468764678421,
    3.534020343762));
#4290 = CARTESIAN_POINT('',(58.785897245666,-8.462382246309,
    3.535502415979));
#4291 = CARTESIAN_POINT('',(58.788680280872,-8.456068052127,
    3.537011065846));
#4292 = CARTESIAN_POINT('',(58.79144176921,-8.449822116649,
    3.538545918257));
#4293 = CARTESIAN_POINT('',(58.79418143945,-8.443644452084,
    3.540106594211));
#4294 = CARTESIAN_POINT('',(58.796899026381,-8.437535062094,
    3.541692710898));
#4295 = CARTESIAN_POINT('',(58.799594270874,-8.431493941815,
    3.543303881792));
#4296 = CARTESIAN_POINT('',(58.802266919954,-8.425521077877,
    3.544939716742));
#4297 = CARTESIAN_POINT('',(58.804916726853,-8.419616448416,
    3.546599822064));
#4298 = CARTESIAN_POINT('',(58.807543451084,-8.41378002309,
    3.548283800639));
#4299 = CARTESIAN_POINT('',(58.810146858492,-8.408011763095,
    3.549991252007));
#4300 = CARTESIAN_POINT('',(58.812726721323,-8.402311621171,
    3.551721772472));
#4301 = CARTESIAN_POINT('',(58.815282818276,-8.396679541618,3.5534749552
    ));
#4302 = CARTESIAN_POINT('',(58.817814934565,-8.3911154603,3.555250390323
    ));
#4303 = CARTESIAN_POINT('',(58.820322861974,-8.385619304659,
    3.557047665048));
#4304 = CARTESIAN_POINT('',(58.822806398913,-8.380190993719,
    3.558866363764));
#4305 = CARTESIAN_POINT('',(58.825265350468,-8.374830438093,
    3.560706068152));
#4306 = CARTESIAN_POINT('',(58.827699528457,-8.369537539989,
    3.562566357297));
#4307 = CARTESIAN_POINT('',(58.830108751478,-8.364312193221,
    3.564446807807));
#4308 = CARTESIAN_POINT('',(58.832492844958,-8.359154283205,
    3.566346993925));
#4309 = CARTESIAN_POINT('',(58.834851641198,-8.354063686975,
    3.568266487655));
#4310 = CARTESIAN_POINT('',(58.837184979421,-8.349040273181,
    3.570204858876));
#4311 = CARTESIAN_POINT('',(58.839492705814,-8.344083902098,
    3.572161675475));
#4312 = CARTESIAN_POINT('',(58.841774673566,-8.339194425628,
    3.574136503466));
#4313 = CARTESIAN_POINT('',(58.844030742909,-8.334371687314,
    3.576128907124));
#4314 = CARTESIAN_POINT('',(58.846260781158,-8.329615522338,
    3.578138449115));
#4315 = CARTESIAN_POINT('',(58.848464662738,-8.324925757533,
    3.580164690628));
#4316 = CARTESIAN_POINT('',(58.850642269222,-8.320302211392,
    3.582207191514));
#4317 = CARTESIAN_POINT('',(58.852793489358,-8.315744694075,
    3.584265510422));
#4318 = CARTESIAN_POINT('',(58.8549182191,-8.31125300742,3.586339204941)
  );
#4319 = CARTESIAN_POINT('',(58.857016361626,-8.306826944957,
    3.588427831745));
#4320 = CARTESIAN_POINT('',(58.859087827366,-8.302466291917,
    3.590530946734));
#4321 = CARTESIAN_POINT('',(58.861132534018,-8.29817082525,
    3.592648105186));
#4322 = CARTESIAN_POINT('',(58.863150406566,-8.293940313644,
    3.594778861909));
#4323 = CARTESIAN_POINT('',(58.865141377293,-8.289774517537,
    3.596922771386));
#4324 = CARTESIAN_POINT('',(58.867105385791,-8.285673189143,
    3.599079387941));
#4325 = CARTESIAN_POINT('',(58.86904237897,-8.281636072473,
    3.601248265887));
#4326 = CARTESIAN_POINT('',(58.870952311062,-8.277662903361,
    3.603428959694));
#4327 = CARTESIAN_POINT('',(58.87283514362,-8.273753409492,
    3.605621024143));
#4328 = CARTESIAN_POINT('',(58.874690845517,-8.269907310432,3.6078240145
    ));
#4329 = CARTESIAN_POINT('',(58.876519392943,-8.266124317665,
    3.610037486674));
#4330 = CARTESIAN_POINT('',(58.878320769392,-8.262404134624,
    3.612260997394));
#4331 = CARTESIAN_POINT('',(58.880094965651,-8.258746456738,
    3.614494104374));
#4332 = CARTESIAN_POINT('',(58.881841979784,-8.255150971471,
    3.616736366492));
#4333 = CARTESIAN_POINT('',(58.883561817109,-8.251617358371,
    3.618987343962));
#4334 = CARTESIAN_POINT('',(58.885254490179,-8.24814528912,
    3.621246598517));
#4335 = CARTESIAN_POINT('',(58.886920018751,-8.244734427594,
    3.623513693584));
#4336 = CARTESIAN_POINT('',(58.888558429753,-8.241384429916,
    3.625788194469));
#4337 = CARTESIAN_POINT('',(58.890169757251,-8.238094944523,
    3.628069668544));
#4338 = CARTESIAN_POINT('',(58.891754042405,-8.234865612237,
    3.630357685426));
#4339 = CARTESIAN_POINT('',(58.893311333429,-8.231696066331,
    3.632651817177));
#4340 = CARTESIAN_POINT('',(58.894841685539,-8.228585932617,
    3.634951638483));
#4341 = CARTESIAN_POINT('',(58.896345160901,-8.22553482952,
    3.637256726853));
#4342 = CARTESIAN_POINT('',(58.897821828574,-8.222542368173,
    3.639566662812));
#4343 = CARTESIAN_POINT('',(58.899271764446,-8.219608152508,
    3.641881030093));
#4344 = CARTESIAN_POINT('',(58.900695051168,-8.216731779356,
    3.644199415841));
#4345 = CARTESIAN_POINT('',(58.902091778082,-8.213912838555,
    3.646521410806));
#4346 = CARTESIAN_POINT('',(58.903462041147,-8.21115091306,
    3.648846609544));
#4347 = CARTESIAN_POINT('',(58.904805942855,-8.208445579062,
    3.651174610621));
#4348 = CARTESIAN_POINT('',(58.906123592146,-8.205796406112,
    3.653505016813));
#4349 = CARTESIAN_POINT('',(58.907415104314,-8.203202957251,
    3.655837435314));
#4350 = CARTESIAN_POINT('',(58.908680600918,-8.200664789152,
    3.658171477932));
#4351 = CARTESIAN_POINT('',(58.909920209671,-8.198181452263,
    3.660506761303));
#4352 = CARTESIAN_POINT('',(58.911134064342,-8.195752490958,
    3.662842907093));
#4353 = CARTESIAN_POINT('',(58.91232230464,-8.193377443699,
    3.665179542201));
#4354 = CARTESIAN_POINT('',(58.913485076096,-8.191055843203,
    3.66751629897));
#4355 = CARTESIAN_POINT('',(58.914622529943,-8.188787216616,
    3.669852815392));
#4356 = CARTESIAN_POINT('',(58.915734822989,-8.186571085697,
    3.672188735309));
#4357 = CARTESIAN_POINT('',(58.91682211748,-8.184406967011,
    3.674523708624));
#4358 = CARTESIAN_POINT('',(58.917884580964,-8.182294372123,
    3.676857391501));
#4359 = CARTESIAN_POINT('',(58.918922386148,-8.180232807812,
    3.679189446567));
#4360 = CARTESIAN_POINT('',(58.919935710746,-8.178221776281,
    3.681519543116));
#4361 = CARTESIAN_POINT('',(58.920924737324,-8.176260775388,
    3.683847357305));
#4362 = CARTESIAN_POINT('',(58.921889653143,-8.174349298872,
    3.686172572353));
#4363 = CARTESIAN_POINT('',(58.922830649988,-8.172486836601,
    3.68849487873));
#4364 = CARTESIAN_POINT('',(58.923747924002,-8.17067287482,
    3.690813974352));
#4365 = CARTESIAN_POINT('',(58.924641675504,-8.168906896408,
    3.693129564767));
#4366 = CARTESIAN_POINT('',(58.925512108812,-8.167188381152,
    3.695441363332));
#4367 = CARTESIAN_POINT('',(58.926359432053,-8.165516806016,
    3.697749091398));
#4368 = CARTESIAN_POINT('',(58.92718385697,-8.163891645433,
    3.700052478476));
#4369 = CARTESIAN_POINT('',(58.927985598727,-8.162312371594,
    3.702351262407));
#4370 = CARTESIAN_POINT('',(58.928764875709,-8.16077845475,
    3.704645189519));
#4371 = CARTESIAN_POINT('',(58.929521909307,-8.159289363525,
    3.706934014782));
#4372 = CARTESIAN_POINT('',(58.930256923716,-8.157844565233,
    3.709217501951));
#4373 = CARTESIAN_POINT('',(58.930970145715,-8.156443526198,
    3.711495423703));
#4374 = CARTESIAN_POINT('',(58.931661804448,-8.155085712093,
    3.713767561766));
#4375 = CARTESIAN_POINT('',(58.932332131201,-8.153770588278,
    3.716033707037));
#4376 = CARTESIAN_POINT('',(58.932981359175,-8.152497620141,
    3.718293659686));
#4377 = CARTESIAN_POINT('',(58.933609723256,-8.151266273456,
    3.720547229259));
#4378 = CARTESIAN_POINT('',(58.934217459782,-8.150076014732,
    3.722794234758));
#4379 = CARTESIAN_POINT('',(58.934804806311,-8.148926311583,
    3.72503450472));
#4380 = CARTESIAN_POINT('',(58.935372001378,-8.147816633088,
    3.727267877272));
#4381 = CARTESIAN_POINT('',(58.93591928426,-8.14674645016,3.729494200184
    ));
#4382 = CARTESIAN_POINT('',(58.936446894736,-8.145715235921,
    3.731713330898));
#4383 = CARTESIAN_POINT('',(58.936955072845,-8.144722466072,
    3.733925136553));
#4384 = CARTESIAN_POINT('',(58.937444058645,-8.143767619269,
    3.736129493985));
#4385 = CARTESIAN_POINT('',(58.937914091974,-8.142850177498,
    3.738326289723));
#4386 = CARTESIAN_POINT('',(58.938365412208,-8.141969626448,
    3.740515419958));
#4387 = CARTESIAN_POINT('',(58.938798258023,-8.141125455882,
    3.742696790508));
#4388 = CARTESIAN_POINT('',(58.939212867161,-8.140317160009,
    3.744870316756));
#4389 = CARTESIAN_POINT('',(58.939609476192,-8.139544237848,
    3.747035923585));
#4390 = CARTESIAN_POINT('',(58.939988320286,-8.138806193591,
    3.749193545283));
#4391 = CARTESIAN_POINT('',(58.940349632984,-8.138102536957,
    3.751343125444));
#4392 = CARTESIAN_POINT('',(58.940693645975,-8.137432783539,
    3.753484616847));
#4393 = CARTESIAN_POINT('',(58.94102058888,-8.13679645515,3.755617981318
    ));
#4394 = CARTESIAN_POINT('',(58.941330689033,-8.136193080155,
    3.757743189586));
#4395 = CARTESIAN_POINT('',(58.94162417128,-8.135622193789,
    3.759860221113));
#4396 = CARTESIAN_POINT('',(58.941901257774,-8.135083338476,
    3.761969063915));
#4397 = CARTESIAN_POINT('',(58.942162167782,-8.13457606413,
    3.764069714367));
#4398 = CARTESIAN_POINT('',(58.942407117498,-8.134099928441,
    3.766162177001));
#4399 = CARTESIAN_POINT('',(58.942636319863,-8.133654497154,
    3.76824646428));
#4400 = CARTESIAN_POINT('',(58.942849984394,-8.133239344331,
    3.770322596368));
#4401 = CARTESIAN_POINT('',(58.943048317022,-8.132854052603,
    3.772390600891));
#4402 = CARTESIAN_POINT('',(58.943231519937,-8.1324982134,3.774450512674
    ));
#4403 = CARTESIAN_POINT('',(58.943399791443,-8.132171427172,
    3.776502373488));
#4404 = CARTESIAN_POINT('',(58.943553325824,-8.13187330359,
    3.778546231769));
#4405 = CARTESIAN_POINT('',(58.943692313214,-8.131603461734,
    3.780582142346));
#4406 = CARTESIAN_POINT('',(58.943816939487,-8.131361530264,
    3.782610166146));
#4407 = CARTESIAN_POINT('',(58.943927386142,-8.131147147571,
    3.78463036991));
#4408 = CARTESIAN_POINT('',(58.944023830216,-8.130959961916,
    3.786642825888));
#4409 = CARTESIAN_POINT('',(58.944106444186,-8.130799631548,
    3.788647611544));
#4410 = CARTESIAN_POINT('',(58.944175395903,-8.130665824809,
    3.790644809248));
#4411 = CARTESIAN_POINT('',(58.944230848516,-8.130558220219,
    3.792634505971));
#4412 = CARTESIAN_POINT('',(58.944272960418,-8.130476506544,
    3.794616792977));
#4413 = CARTESIAN_POINT('',(58.9443018852,-8.130420382855,3.79659176552)
  );
#4414 = CARTESIAN_POINT('',(58.944316365817,-8.130392286208,
    3.798385395142));
#4415 = CARTESIAN_POINT('',(58.944319086681,-8.130387006957,
    3.799520671188));
#4416 = CARTESIAN_POINT('',(58.944319086697,-8.130387006927,
    3.799999999999));
#4417 = ORIENTED_EDGE('',*,*,#2327,.T.);
#4418 = CYLINDRICAL_SURFACE('',#4419,0.3);
#4419 = AXIS2_PLACEMENT_3D('',#4420,#4421,#4422);
#4420 = CARTESIAN_POINT('',(58.644319086711,21.120875906767,
    3.799999999999));
#4421 = DIRECTION('',(0.,-1.,2.22044604925E-16));
#4422 = DIRECTION('',(0.,-2.22044604925E-16,-1.));
#4423 = ADVANCED_FACE('',(#4424),#4986,.F.);
#4424 = FACE_BOUND('',#4425,.F.);
#4425 = EDGE_LOOP('',(#4426,#4437,#4611,#4617,#4618,#4619,#4810,#4818));
#4426 = ORIENTED_EDGE('',*,*,#4427,.T.);
#4427 = EDGE_CURVE('',#4428,#4430,#4432,.T.);
#4428 = VERTEX_POINT('',#4429);
#4429 = CARTESIAN_POINT('',(59.704702194215,19.236532172714,
    12.299928123942));
#4430 = VERTEX_POINT('',#4431);
#4431 = CARTESIAN_POINT('',(59.680745892319,19.264912941746,
    12.299877168871));
#4432 = CIRCLE('',#4433,6.);
#4433 = AXIS2_PLACEMENT_3D('',#4434,#4435,#4436);
#4434 = CARTESIAN_POINT('',(64.277652418711,23.120875906767,12.3));
#4435 = DIRECTION('',(0.,-2.22044604925E-16,-1.));
#4436 = DIRECTION('',(0.,1.,-2.22044604925E-16));
#4437 = ORIENTED_EDGE('',*,*,#4438,.F.);
#4438 = EDGE_CURVE('',#4439,#4430,#4441,.T.);
#4439 = VERTEX_POINT('',#4440);
#4440 = CARTESIAN_POINT('',(58.944319086711,20.372138820435,11.55));
#4441 = B_SPLINE_CURVE_WITH_KNOTS('',3,(#4442,#4443,#4444,#4445,#4446,
    #4447,#4448,#4449,#4450,#4451,#4452,#4453,#4454,#4455,#4456,#4457,
    #4458,#4459,#4460,#4461,#4462,#4463,#4464,#4465,#4466,#4467,#4468,
    #4469,#4470,#4471,#4472,#4473,#4474,#4475,#4476,#4477,#4478,#4479,
    #4480,#4481,#4482,#4483,#4484,#4485,#4486,#4487,#4488,#4489,#4490,
    #4491,#4492,#4493,#4494,#4495,#4496,#4497,#4498,#4499,#4500,#4501,
    #4502,#4503,#4504,#4505,#4506,#4507,#4508,#4509,#4510,#4511,#4512,
    #4513,#4514,#4515,#4516,#4517,#4518,#4519,#4520,#4521,#4522,#4523,
    #4524,#4525,#4526,#4527,#4528,#4529,#4530,#4531,#4532,#4533,#4534,
    #4535,#4536,#4537,#4538,#4539,#4540,#4541,#4542,#4543,#4544,#4545,
    #4546,#4547,#4548,#4549,#4550,#4551,#4552,#4553,#4554,#4555,#4556,
    #4557,#4558,#4559,#4560,#4561,#4562,#4563,#4564,#4565,#4566,#4567,
    #4568,#4569,#4570,#4571,#4572,#4573,#4574,#4575,#4576,#4577,#4578,
    #4579,#4580,#4581,#4582,#4583,#4584,#4585,#4586,#4587,#4588,#4589,
    #4590,#4591,#4592,#4593,#4594,#4595,#4596,#4597,#4598,#4599,#4600,
    #4601,#4602,#4603,#4604,#4605,#4606,#4607,#4608,#4609,#4610),
  .UNSPECIFIED.,.F.,.F.,(4,1,1,1,1,1,1,1,1,1,1,1,1,1,1,1,1,1,1,1,1,1,1,1
    ,1,1,1,1,1,1,1,1,1,1,1,1,1,1,1,1,1,1,1,1,1,1,1,1,1,1,1,1,1,1,1,1,1,1
    ,1,1,1,1,1,1,1,1,1,1,1,1,1,1,1,1,1,1,1,1,1,1,1,1,1,1,1,1,1,1,1,1,1,1
    ,1,1,1,1,1,1,1,1,1,1,1,1,1,1,1,1,1,1,1,1,1,1,1,1,1,1,1,1,1,1,1,1,1,1
    ,1,1,1,1,1,1,1,1,1,1,1,1,1,1,1,1,1,1,1,1,1,1,1,1,1,1,1,1,1,1,1,1,1,1
    ,1,1,1,1,1,1,4),(0.,6.03537679581E-04,1.410043335748E-03,
    2.218721365183E-03,3.029816116184E-03,3.843573439267E-03,
    4.660240664884E-03,5.480066577444E-03,6.303301385496E-03,
    7.130196687863E-03,7.961005435595E-03,8.795981889557E-03,
    9.635381573511E-03,1.047946122253E-02,1.132847872659E-02,
    1.218269306927E-02,1.304236426126E-02,1.390775326876E-02,
    1.477912193645E-02,1.565673290504E-02,1.654084952314E-02,
    1.743173575348E-02,1.832965607328E-02,1.923487536856E-02,
    2.014765882245E-02,2.106827179726E-02,2.199697971016E-02,
    2.293404790248E-02,2.387974150235E-02,2.48343252806E-02,
    2.579806349992E-02,2.677121975687E-02,2.775405681692E-02,
    2.874683644212E-02,2.974981921144E-02,3.076326433356E-02,
    3.178742945196E-02,3.282257044232E-02,3.386894120185E-02,
    3.492679343067E-02,3.599637640507E-02,3.70779367424E-02,
    3.81717181577E-02,3.927796121197E-02,4.039690305186E-02,
    4.152877714098E-02,4.267381298275E-02,4.383223583478E-02,
    4.500426641494E-02,4.619012059919E-02,4.739000911141E-02,
    4.860413720532E-02,4.983270433898E-02,5.107590384203E-02,
    5.233392257618E-02,5.36069405895E-02,5.489513076494E-02,
    5.619865846392E-02,5.751768116565E-02,5.885234810303E-02,
    6.020279989623E-02,6.156916818476E-02,6.29515752595E-02,
    6.435013369575E-02,6.576494598877E-02,6.719610419331E-02,
    6.864368956878E-02,7.01077722316E-02,7.158841081673E-02,
    7.308565215018E-02,7.459953093437E-02,7.613006944858E-02,
    7.767727726633E-02,7.924115099205E-02,8.082167401897E-02,
    8.241881631052E-02,8.403253420722E-02,8.566277026128E-02,
    8.730945310074E-02,8.897249732525E-02,9.065180343503E-02,
    9.23472577949E-02,9.405873263462E-02,9.578608608696E-02,
    9.752916226443E-02,9.928779137559E-02,0.101061789881,0.102850960691,
    0.104655093401,0.106473964569,0.10830733803,0.110154965254,
    0.112016585734,0.113891927413,0.115780707145,0.117682631185,
    0.119597395712,0.121524687375,0.123464183862,0.125415554494,
    0.127378460832,0.129352557299,0.131337491817,0.133332906447,
    0.135338438035,0.137353718862,0.139378377285,0.141412038384,
    0.143454324589,0.145504856307,0.147563252527,0.149629131418,
    0.151702110902,0.15378180921,0.155867845421,0.15795983997,
    0.16005741514,0.162160195525,0.164267808468,0.166379884471,
    0.168496057587,0.170615965773,0.172739251225,0.174865560685,
    0.176994545722,0.179125862984,0.181259174433,0.183394147549,
    0.185530455515,0.187667777374,0.189805798174,0.191944209085,
    0.194082707498,0.196220997109,0.198358787982,0.2004957966,
    0.202631745895,0.204766365269,0.206899390604,0.20903056425,
    0.211159635012,0.213286358125,0.215410495215,0.217531814254,
    0.219650089513,0.221765101497,0.223876636885,0.225984488459,
    0.228088455026,0.230188341343,0.232283958032,0.234375121493,
    0.23646165382,0.238543382707,0.240620141354,0.242691768381,
    0.244758107723,0.246819008542,0.24887432513,0.250923916811,
    0.252967647846,0.255005387336,0.257037009129,0.259062391726,
    0.261081418183,0.26309397602,0.265099957132),.UNSPECIFIED.);
#4442 = CARTESIAN_POINT('',(58.944319086711,20.372138820435,11.55));
#4443 = CARTESIAN_POINT('',(58.944319086711,20.372138820435,
    11.551250013404));
#4444 = CARTESIAN_POINT('',(58.944326388016,20.372124653779,
    11.554170436236));
#4445 = CARTESIAN_POINT('',(58.944364713407,20.372050292512,
    11.558765131639));
#4446 = CARTESIAN_POINT('',(58.944440211123,20.371903814858,
    11.563787778705));
#4447 = CARTESIAN_POINT('',(58.944549663077,20.371691478077,
    11.568822485557));
#4448 = CARTESIAN_POINT('',(58.944693340587,20.371412775204,
    11.57386967348));
#4449 = CARTESIAN_POINT('',(58.944871531547,20.371067173444,
    11.578929758727));
#4450 = CARTESIAN_POINT('',(58.945084540429,20.370654114349,
    11.584003149682));
#4451 = CARTESIAN_POINT('',(58.945332688217,20.370173014139,
    11.589090246758));
#4452 = CARTESIAN_POINT('',(58.945616312339,20.369623264045,
    11.594191441566));
#4453 = CARTESIAN_POINT('',(58.94593576659,20.369004230685,
    11.599307116283));
#4454 = CARTESIAN_POINT('',(58.946291421025,20.368315256503,
    11.604437642966));
#4455 = CARTESIAN_POINT('',(58.946683661854,20.367555660229,
    11.609583382897));
#4456 = CARTESIAN_POINT('',(58.947112891309,20.366724737399,
    11.614744685915));
#4457 = CARTESIAN_POINT('',(58.947579527502,20.365821760907,
    11.619921889767));
#4458 = CARTESIAN_POINT('',(58.948084004269,20.364845981603,
    11.625115319461));
#4459 = CARTESIAN_POINT('',(58.948626770995,20.363796628931,
    11.630325286633));
#4460 = CARTESIAN_POINT('',(58.949208292427,20.362672911613,
    11.63555208891));
#4461 = CARTESIAN_POINT('',(58.949829048474,20.361474018366,
    11.6407960093));
#4462 = CARTESIAN_POINT('',(58.950489533987,20.360199118673,
    11.646057315573));
#4463 = CARTESIAN_POINT('',(58.951190258527,20.358847363579,
    11.651336259668));
#4464 = CARTESIAN_POINT('',(58.951931746121,20.35741788654,11.6566330771
    ));
#4465 = CARTESIAN_POINT('',(58.952714534999,20.355909804301,
    11.66194798638));
#4466 = CARTESIAN_POINT('',(58.953539177319,20.354322217826,
    11.667281188442));
#4467 = CARTESIAN_POINT('',(58.954406238877,20.352654213252,
    11.67263286609));
#4468 = CARTESIAN_POINT('',(58.955316298797,20.350904862894,
    11.67800318344));
#4469 = CARTESIAN_POINT('',(58.956269949218,20.34907322628,
    11.68339228538));
#4470 = CARTESIAN_POINT('',(58.95726779495,20.347158351229,
    11.68880029704));
#4471 = CARTESIAN_POINT('',(58.95831045313,20.345159274963,
    11.694227323264));
#4472 = CARTESIAN_POINT('',(58.959398552848,20.343075025258,
    11.699673448092));
#4473 = CARTESIAN_POINT('',(58.96053273477,20.340904621633,
    11.705138734253));
#4474 = CARTESIAN_POINT('',(58.961713650733,20.338647076573,
    11.710623222659));
#4475 = CARTESIAN_POINT('',(58.962941963328,20.336301396798,
    11.716126931903));
#4476 = CARTESIAN_POINT('',(58.964218345467,20.333866584555,
    11.721649857769));
#4477 = CARTESIAN_POINT('',(58.965543479929,20.331341638964,
    11.727191972742));
#4478 = CARTESIAN_POINT('',(58.966918058885,20.328725557389,
    11.732753225514));
#4479 = CARTESIAN_POINT('',(58.968342783404,20.326017336853,
    11.738333540508));
#4480 = CARTESIAN_POINT('',(58.969818362942,20.323215975494,
    11.743932817389));
#4481 = CARTESIAN_POINT('',(58.971345514802,20.320320474053,
    11.749550930585));
#4482 = CARTESIAN_POINT('',(58.972924963577,20.317329837407,
    11.755187728801));
#4483 = CARTESIAN_POINT('',(58.974557440563,20.314243076142,
    11.760843034547));
#4484 = CARTESIAN_POINT('',(58.976243683153,20.311059208162,
    11.766516643648));
#4485 = CARTESIAN_POINT('',(58.977984434201,20.307777260345,
    11.772208324765));
#4486 = CARTESIAN_POINT('',(58.979780441356,20.304396270232,
    11.777917818917));
#4487 = CARTESIAN_POINT('',(58.981632456371,20.300915287768,
    11.783644838994));
#4488 = CARTESIAN_POINT('',(58.983541234381,20.297333377075,
    11.789389069281));
#4489 = CARTESIAN_POINT('',(58.985507533146,20.293649618273,
    11.795150164972));
#4490 = CARTESIAN_POINT('',(58.987532112268,20.28986310934,
    11.800927751692));
#4491 = CARTESIAN_POINT('',(58.989615732367,20.285972968016,
    11.806721425025));
#4492 = CARTESIAN_POINT('',(58.991759154224,20.281978333744,
    11.812530750032));
#4493 = CARTESIAN_POINT('',(58.993963137894,20.277878369658,
    11.818355260792));
#4494 = CARTESIAN_POINT('',(58.996228441771,20.273672264603,
    11.824194459935));
#4495 = CARTESIAN_POINT('',(58.998555821625,20.2693592352,
    11.830047818191));
#4496 = CARTESIAN_POINT('',(59.000946029593,20.264938527941,
    11.835914773951));
#4497 = CARTESIAN_POINT('',(59.00339981314,20.260409421325,
    11.841794732833));
#4498 = CARTESIAN_POINT('',(59.005917913969,20.255771228024,
    11.84768706728));
#4499 = CARTESIAN_POINT('',(59.0085010669,20.251023297073,
    11.853591116157));
#4500 = CARTESIAN_POINT('',(59.01114999871,20.246165016094,
    11.859506184389));
#4501 = CARTESIAN_POINT('',(59.013865426928,20.241195813534,
    11.865431542615));
#4502 = CARTESIAN_POINT('',(59.016648058594,20.236115160927,
    11.871366426876));
#4503 = CARTESIAN_POINT('',(59.019498588988,20.230922575165,
    11.877310038332));
#4504 = CARTESIAN_POINT('',(59.022417700309,20.22561762077,
    11.883261543025));
#4505 = CARTESIAN_POINT('',(59.025406060335,20.220199912177,
    11.889220071681));
#4506 = CARTESIAN_POINT('',(59.028464321043,20.214669116002,
    11.895184719555));
#4507 = CARTESIAN_POINT('',(59.031593117197,20.209024953296,
    11.901154546339));
#4508 = CARTESIAN_POINT('',(59.034793064919,20.203267201779,
    11.907128576115));
#4509 = CARTESIAN_POINT('',(59.03806476023,20.197395698039,
    11.913105797378));
#4510 = CARTESIAN_POINT('',(59.041408777571,20.191410339692,
    11.919085163125));
#4511 = CARTESIAN_POINT('',(59.044825668317,20.185311087489,
    11.925065591012));
#4512 = CARTESIAN_POINT('',(59.048315959274,20.179097967362,
    11.931045963591));
#4513 = CARTESIAN_POINT('',(59.051880151175,20.172771072395,
    11.937025128627));
#4514 = CARTESIAN_POINT('',(59.055518717176,20.16633056471,
    11.943001899504));
#4515 = CARTESIAN_POINT('',(59.059232101358,20.15977667726,
    11.948975055713));
#4516 = CARTESIAN_POINT('',(59.063020717246,20.153109715506,
    11.954943343443));
#4517 = CARTESIAN_POINT('',(59.066884946347,20.146330058982,
    11.960905476264));
#4518 = CARTESIAN_POINT('',(59.070825136715,20.139438162717,
    11.966860135911));
#4519 = CARTESIAN_POINT('',(59.074841601551,20.132434558515,
    11.972805973174));
#4520 = CARTESIAN_POINT('',(59.07893461785,20.125319856081,
    11.978741608884));
#4521 = CARTESIAN_POINT('',(59.083104425093,20.118094743968,
    11.984665635015));
#4522 = CARTESIAN_POINT('',(59.087351223998,20.110759990352,
    11.990576615888));
#4523 = CARTESIAN_POINT('',(59.091675175345,20.103316443609,
    11.996473089475));
#4524 = CARTESIAN_POINT('',(59.096076398865,20.09576503269,
    12.002353568819));
#4525 = CARTESIAN_POINT('',(59.100554972216,20.088106767295,
    12.008216543544));
#4526 = CARTESIAN_POINT('',(59.105110930048,20.080342737813,
    12.014060481475));
#4527 = CARTESIAN_POINT('',(59.109744263159,20.072474115053,
    12.01988383035));
#4528 = CARTESIAN_POINT('',(59.114454917763,20.064502149731,
    12.02568501962));
#4529 = CARTESIAN_POINT('',(59.119242794854,20.056428171734,
    12.031462462339));
#4530 = CARTESIAN_POINT('',(59.124107749694,20.04825358914,
    12.037214557131));
#4531 = CARTESIAN_POINT('',(59.129049591411,20.039979887006,
    12.042939690226));
#4532 = CARTESIAN_POINT('',(59.134068082724,20.03160862592,
    12.048636237571));
#4533 = CARTESIAN_POINT('',(59.139162939792,20.023141440319,
    12.054302566976));
#4534 = CARTESIAN_POINT('',(59.144333832185,20.014580036578,
    12.059937040328));
#4535 = CARTESIAN_POINT('',(59.149580382991,20.005926190887,
    12.065538015822));
#4536 = CARTESIAN_POINT('',(59.154902169043,19.9971817469,
    12.071103850229));
#4537 = CARTESIAN_POINT('',(59.16029872128,19.988348613198,
    12.076632901171));
#4538 = CARTESIAN_POINT('',(59.165769525227,19.979428760549,
    12.082123529405));
#4539 = CARTESIAN_POINT('',(59.171314021605,19.970424218996,
    12.087574101099));
#4540 = CARTESIAN_POINT('',(59.176931607048,19.961337074782,
    12.092982990081));
#4541 = CARTESIAN_POINT('',(59.182621634953,19.952169467125,
    12.098348580071));
#4542 = CARTESIAN_POINT('',(59.188383416416,19.942923584861,
    12.103669266868));
#4543 = CARTESIAN_POINT('',(59.194216221291,19.933601662984,
    12.108943460479));
#4544 = CARTESIAN_POINT('',(59.200119279331,19.924205979074,
    12.114169587202));
#4545 = CARTESIAN_POINT('',(59.206091781427,19.914738849668,
    12.11934609163));
#4546 = CARTESIAN_POINT('',(59.212132880916,19.905202626557,
    12.124471438578));
#4547 = CARTESIAN_POINT('',(59.218241694972,19.895599693057,
    12.129544114931));
#4548 = CARTESIAN_POINT('',(59.224417306055,19.885932460256,
    12.134562631394));
#4549 = CARTESIAN_POINT('',(59.230658763412,19.876203363258,
    12.139525524144));
#4550 = CARTESIAN_POINT('',(59.23696508463,19.866414857449,
    12.144431356384));
#4551 = CARTESIAN_POINT('',(59.243335257216,19.856569414793,
    12.149278719782));
#4552 = CARTESIAN_POINT('',(59.249768240212,19.846669520182,
    12.154066235806));
#4553 = CARTESIAN_POINT('',(59.256262965826,19.83671766785,
    12.158792556943));
#4554 = CARTESIAN_POINT('',(59.262818341071,19.826716357867,
    12.163456367805));
#4555 = CARTESIAN_POINT('',(59.26943324941,19.816668092731,
    12.168056386116));
#4556 = CARTESIAN_POINT('',(59.276106552393,19.806575374054,
    12.172591363594));
#4557 = CARTESIAN_POINT('',(59.282837091278,19.796440699379,
    12.177060086707));
#4558 = CARTESIAN_POINT('',(59.289623688641,19.786266559111,
    12.181461377331));
#4559 = CARTESIAN_POINT('',(59.29646514995,19.776055433579,
    12.18579409329));
#4560 = CARTESIAN_POINT('',(59.303360265116,19.765809790249,
    12.190057128793));
#4561 = CARTESIAN_POINT('',(59.310307810001,19.755532081068,
    12.194249414772));
#4562 = CARTESIAN_POINT('',(59.317306547891,19.745224739966,
    12.198369919117));
#4563 = CARTESIAN_POINT('',(59.324355230919,19.734890180498,
    12.202417646823));
#4564 = CARTESIAN_POINT('',(59.331452601444,19.724530793653,
    12.206391640049));
#4565 = CARTESIAN_POINT('',(59.338597393377,19.714148945798,
    12.210290978088));
#4566 = CARTESIAN_POINT('',(59.345788333457,19.703746976791,
    12.214114777264));
#4567 = CARTESIAN_POINT('',(59.353024142467,19.693327198231,
    12.217862190759));
#4568 = CARTESIAN_POINT('',(59.360303536402,19.682891891863,
    12.221532408369));
#4569 = CARTESIAN_POINT('',(59.367625227571,19.672443308128,
    12.225124656197));
#4570 = CARTESIAN_POINT('',(59.374987925657,19.661983664853,
    12.228638196299));
#4571 = CARTESIAN_POINT('',(59.382390338703,19.651515146075,
    12.232072326269));
#4572 = CARTESIAN_POINT('',(59.389831174057,19.641039901004,
    12.235426378786));
#4573 = CARTESIAN_POINT('',(59.397309139253,19.630560043108,
    12.238699721117));
#4574 = CARTESIAN_POINT('',(59.404822942839,19.620077649321,
    12.241891754588));
#4575 = CARTESIAN_POINT('',(59.412371295161,19.609594759367,
    12.245001914022));
#4576 = CARTESIAN_POINT('',(59.419952909078,19.599113375198,
    12.248029667149));
#4577 = CARTESIAN_POINT('',(59.427566500646,19.588635460527,
    12.250974514001));
#4578 = CARTESIAN_POINT('',(59.435210789745,19.578162940471,
    12.25383598628));
#4579 = CARTESIAN_POINT('',(59.442884500655,19.567697701277,
    12.256613646718));
#4580 = CARTESIAN_POINT('',(59.450586362601,19.557241590139,
    12.259307088423));
#4581 = CARTESIAN_POINT('',(59.458315110245,19.546796415093,
    12.26191593422));
#4582 = CARTESIAN_POINT('',(59.466069484144,19.536363944991,
    12.264439835983));
#4583 = CARTESIAN_POINT('',(59.473848231165,19.525945909537,
    12.266878473969));
#4584 = CARTESIAN_POINT('',(59.481650104872,19.515543999393,
    12.269231556148));
#4585 = CARTESIAN_POINT('',(59.48947386587,19.505159866342,
    12.271498817539));
#4586 = CARTESIAN_POINT('',(59.497318282126,19.494795123501,
    12.273680019548));
#4587 = CARTESIAN_POINT('',(59.505182129256,19.484451345588,
    12.275774949313));
#4588 = CARTESIAN_POINT('',(59.513064190782,19.474130069228,
    12.277783419058));
#4589 = CARTESIAN_POINT('',(59.520963258369,19.463832793303,
    12.279705265449));
#4590 = CARTESIAN_POINT('',(59.528878132034,19.453560979334,
    12.281540348971));
#4591 = CARTESIAN_POINT('',(59.536807620334,19.443316051899,
    12.283288553305));
#4592 = CARTESIAN_POINT('',(59.544750540533,19.433099399072,
    12.284949784727));
#4593 = CARTESIAN_POINT('',(59.55270571875,19.422912372895,
    12.286523971509));
#4594 = CARTESIAN_POINT('',(59.560671990091,19.412756289868,
    12.288011063341));
#4595 = CARTESIAN_POINT('',(59.568648198761,19.402632431453,
    12.289411030766));
#4596 = CARTESIAN_POINT('',(59.57663319817,19.392542044603,
    12.290723864621));
#4597 = CARTESIAN_POINT('',(59.584625851012,19.382486342297,
    12.291949575506));
#4598 = CARTESIAN_POINT('',(59.592625029345,19.372466504089,
    12.293088193249));
#4599 = CARTESIAN_POINT('',(59.600629614653,19.362483676664,
    12.294139766405));
#4600 = CARTESIAN_POINT('',(59.608638497898,19.352538974404,
    12.295104361753));
#4601 = CARTESIAN_POINT('',(59.616650579568,19.342633479955,
    12.295982063816));
#4602 = CARTESIAN_POINT('',(59.62466476971,19.3327682448,12.296772974393
    ));
#4603 = CARTESIAN_POINT('',(59.632679987958,19.322944289833,
    12.297477212104));
#4604 = CARTESIAN_POINT('',(59.640695163561,19.313162605934,
    12.298094911949));
#4605 = CARTESIAN_POINT('',(59.648709235394,19.303424154542,
    12.298626224884));
#4606 = CARTESIAN_POINT('',(59.656721151973,19.29372986823,12.2990713174
    ));
#4607 = CARTESIAN_POINT('',(59.664729871459,19.284080651267,
    12.299430371129));
#4608 = CARTESIAN_POINT('',(59.672734361667,19.274477380193,
    12.299703582451));
#4609 = CARTESIAN_POINT('',(59.678076021408,19.268095842393,
    12.299828842721));
#4610 = CARTESIAN_POINT('',(59.680745892319,19.264912941746,
    12.299877168871));
#4611 = ORIENTED_EDGE('',*,*,#4612,.F.);
#4612 = EDGE_CURVE('',#4000,#4439,#4613,.T.);
#4613 = LINE('',#4614,#4615);
#4614 = CARTESIAN_POINT('',(58.944319086704,20.372138820448,
    3.799999999999));
#4615 = VECTOR('',#4616,1.);
#4616 = DIRECTION('',(9.05827384427E-13,-1.670241006433E-12,1.));
#4617 = ORIENTED_EDGE('',*,*,#3999,.T.);
#4618 = ORIENTED_EDGE('',*,*,#2283,.T.);
#4619 = ORIENTED_EDGE('',*,*,#4620,.T.);
#4620 = EDGE_CURVE('',#2284,#4621,#4623,.T.);
#4621 = VERTEX_POINT('',#4622);
#4622 = CARTESIAN_POINT('',(60.444319086711,18.505081764284,
    3.799999999999));
#4623 = B_SPLINE_CURVE_WITH_KNOTS('',3,(#4624,#4625,#4626,#4627,#4628,
    #4629,#4630,#4631,#4632,#4633,#4634,#4635,#4636,#4637,#4638,#4639,
    #4640,#4641,#4642,#4643,#4644,#4645,#4646,#4647,#4648,#4649,#4650,
    #4651,#4652,#4653,#4654,#4655,#4656,#4657,#4658,#4659,#4660,#4661,
    #4662,#4663,#4664,#4665,#4666,#4667,#4668,#4669,#4670,#4671,#4672,
    #4673,#4674,#4675,#4676,#4677,#4678,#4679,#4680,#4681,#4682,#4683,
    #4684,#4685,#4686,#4687,#4688,#4689,#4690,#4691,#4692,#4693,#4694,
    #4695,#4696,#4697,#4698,#4699,#4700,#4701,#4702,#4703,#4704,#4705,
    #4706,#4707,#4708,#4709,#4710,#4711,#4712,#4713,#4714,#4715,#4716,
    #4717,#4718,#4719,#4720,#4721,#4722,#4723,#4724,#4725,#4726,#4727,
    #4728,#4729,#4730,#4731,#4732,#4733,#4734,#4735,#4736,#4737,#4738,
    #4739,#4740,#4741,#4742,#4743,#4744,#4745,#4746,#4747,#4748,#4749,
    #4750,#4751,#4752,#4753,#4754,#4755,#4756,#4757,#4758,#4759,#4760,
    #4761,#4762,#4763,#4764,#4765,#4766,#4767,#4768,#4769,#4770,#4771,
    #4772,#4773,#4774,#4775,#4776,#4777,#4778,#4779,#4780,#4781,#4782,
    #4783,#4784,#4785,#4786,#4787,#4788,#4789,#4790,#4791,#4792,#4793,
    #4794,#4795,#4796,#4797,#4798,#4799,#4800,#4801,#4802,#4803,#4804,
    #4805,#4806,#4807,#4808,#4809),.UNSPECIFIED.,.F.,.F.,(4,1,1,1,1,1,1,
    1,1,1,1,1,1,1,1,1,1,1,1,1,1,1,1,1,1,1,1,1,1,1,1,1,1,1,1,1,1,1,1,1,1,
    1,1,1,1,1,1,1,1,1,1,1,1,1,1,1,1,1,1,1,1,1,1,1,1,1,1,1,1,1,1,1,1,1,1,
    1,1,1,1,1,1,1,1,1,1,1,1,1,1,1,1,1,1,1,1,1,1,1,1,1,1,1,1,1,1,1,1,1,1,
    1,1,1,1,1,1,1,1,1,1,1,1,1,1,1,1,1,1,1,1,1,1,1,1,1,1,1,1,1,1,1,1,1,1,
    1,1,1,1,1,1,1,1,1,1,1,1,1,1,1,1,1,1,1,1,1,1,1,1,1,1,1,1,1,1,1,1,1,1,
    1,1,1,1,1,1,4),(0.749377553078,0.750922573871,0.75246830122,
    0.754014680426,0.755561656209,0.757109172719,0.75865717356,
    0.760205601797,0.761754399983,0.763303510169,0.764852873928,
    0.766402432372,0.76795212617,0.769501895571,0.771051680423,
    0.772601420195,0.774151053999,0.77570052061,0.777249758492,
    0.77879870582,0.780347300502,0.781895480208,0.783443182389,
    0.784990344309,0.786536903065,0.788082795616,0.78962795881,
    0.791172329411,0.792715844126,0.794258439634,0.795800052613,
    0.797340619771,0.798880077876,0.800418363779,0.801955414453,
    0.803491167019,0.805025558773,0.806558527225,0.808090010121,
    0.809619945482,0.811148271632,0.812674927228,0.814199851295,
    0.815722983256,0.817244262966,0.818763630741,0.820281027394,
    0.821796394262,0.823309673244,0.82482080683,0.826329738133,
    0.827836410921,0.829340769651,0.830842759496,0.832342326383,
    0.833839417018,0.835333978921,0.836825960458,0.838315310864,
    0.839801980284,0.841285919794,0.842767081434,0.844245418239,
    0.845720884263,0.847193434611,0.848663025465,0.850129614113,
    0.851593158973,0.85305361962,0.854510956814,0.855965132522,
    0.857416109944,0.858863853536,0.860308329033,0.861749503472,
    0.863187345215,0.864621823967,0.866052910799,0.867480578166,
    0.868904799928,0.870325551365,0.871742809198,0.873156551603,
    0.874566758227,0.875973410208,0.877376490179,0.878775982294,
    0.880171872232,0.881564147211,0.882952796002,0.884337808937,
    0.885719177917,0.887096896428,0.888470959539,0.889841363919,
    0.891208107837,0.89257119117,0.893930615411,0.895286383667,
    0.89663850067,0.897986972775,0.899331807964,0.900673015848,
    0.902010607666,0.903344596289,0.904674996215,0.906001823572,
    0.907325096113,0.908644833217,0.909961055885,0.911273786734,
    0.912583049999,0.913888871521,0.915191278749,0.91649030073,
    0.917785968105,0.919078313101,0.920367369526,0.921653172761,
    0.922935759751,0.924215168999,0.925491440554,0.926764616006,
    0.928034738474,0.929301852597,0.930566004524,0.931827241904,
    0.933085613874,0.934341171049,0.935593965512,0.936844050798,
    0.938091481888,0.939336315193,0.940578608541,0.941818421167,
    0.943055813699,0.944290848144,0.945523587877,0.946754097625,
    0.947982443452,0.949208692749,0.950432914217,0.951655177853,
    0.952875554935,0.954094118007,0.955310940864,0.956526098538,
    0.957739667279,0.958951724542,0.960162348968,0.961371620373,
    0.962579619724,0.963786429127,0.964992131808,0.966196812097,
    0.967400555406,0.968603448218,0.96980557806,0.97100703349,
    0.972207904077,0.97340828038,0.974608253927,0.975807917197,
    0.977007363601,0.978206687453,0.979405983956,0.980605349179,
    0.981804880028,0.98300467423,0.984204830306,0.985405447546,
    0.986606625988,0.987808466386,0.989011070189,0.990214539515,
    0.991418977117,0.992624486365,0.993831171206,0.995039136143,
    0.996248486203,0.997459326901,0.998671764217,0.999291208166,1.),
  .UNSPECIFIED.);
#4624 = CARTESIAN_POINT('',(60.740479610098,18.274391766485,
    3.500024570307));
#4625 = CARTESIAN_POINT('',(60.739599292533,18.275034260149,
    3.500035837758));
#4626 = CARTESIAN_POINT('',(60.737838669737,18.276319973884,
    3.500066125752));
#4627 = CARTESIAN_POINT('',(60.735198541798,18.278250162786,
    3.50013479537));
#4628 = CARTESIAN_POINT('',(60.732558813913,18.280182268351,
    3.500226716016));
#4629 = CARTESIAN_POINT('',(60.729919714978,18.282116124396,
    3.500341887515));
#4630 = CARTESIAN_POINT('',(60.7272814744,18.284051563602,3.500480307017
    ));
#4631 = CARTESIAN_POINT('',(60.724644322051,18.285988417537,
    3.500641968969));
#4632 = CARTESIAN_POINT('',(60.722008488229,18.287926516689,
    3.500826865099));
#4633 = CARTESIAN_POINT('',(60.71937420361,18.289865690495,
    3.501034984394));
#4634 = CARTESIAN_POINT('',(60.716741699205,18.29180576737,
    3.501266313083));
#4635 = CARTESIAN_POINT('',(60.714111206311,18.293746574737,
    3.501520834621));
#4636 = CARTESIAN_POINT('',(60.711482956464,18.295687939068,
    3.501798529666));
#4637 = CARTESIAN_POINT('',(60.708857181395,18.297629685906,
    3.502099376072));
#4638 = CARTESIAN_POINT('',(60.706234112975,18.29957163991,
    3.502423348871));
#4639 = CARTESIAN_POINT('',(60.703613983168,18.301513624887,
    3.50277042026));
#4640 = CARTESIAN_POINT('',(60.700997023981,18.303455463827,
    3.503140559587));
#4641 = CARTESIAN_POINT('',(60.69838346741,18.305396978945,
    3.503533733347));
#4642 = CARTESIAN_POINT('',(60.695773545391,18.307337991718,
    3.503949905165));
#4643 = CARTESIAN_POINT('',(60.693167489744,18.309278322924,
    3.504389035794));
#4644 = CARTESIAN_POINT('',(60.690565532121,18.311217792685,
    3.504851083107));
#4645 = CARTESIAN_POINT('',(60.687967903953,18.313156220508,
    3.50533600209));
#4646 = CARTESIAN_POINT('',(60.68537483639,18.315093425328,
    3.505843744839));
#4647 = CARTESIAN_POINT('',(60.682786560251,18.31702922555,
    3.506374260559));
#4648 = CARTESIAN_POINT('',(60.680203305966,18.318963439098,
    3.506927495563));
#4649 = CARTESIAN_POINT('',(60.677625303517,18.320895883455,
    3.507503393273));
#4650 = CARTESIAN_POINT('',(60.675052782386,18.322826375713,
    3.508101894219));
#4651 = CARTESIAN_POINT('',(60.672485971491,18.324754732619,
    3.50872293605));
#4652 = CARTESIAN_POINT('',(60.669925099134,18.326680770624,
    3.509366453531));
#4653 = CARTESIAN_POINT('',(60.66737039294,18.328604305927,
    3.510032378558));
#4654 = CARTESIAN_POINT('',(60.664822079797,18.330525154533,
    3.510720640162));
#4655 = CARTESIAN_POINT('',(60.662280385802,18.332443132292,
    3.51143116452));
#4656 = CARTESIAN_POINT('',(60.659745536195,18.334358054959,
    3.51216387497));
#4657 = CARTESIAN_POINT('',(60.657217755308,18.336269738239,
    3.512918692022));
#4658 = CARTESIAN_POINT('',(60.654697266499,18.338177997842,
    3.513695533377));
#4659 = CARTESIAN_POINT('',(60.652184292096,18.340082649534,
    3.514494313939));
#4660 = CARTESIAN_POINT('',(60.649679053339,18.341983509189,
    3.515314945841));
#4661 = CARTESIAN_POINT('',(60.647181770317,18.343880392842,
    3.516157338462));
#4662 = CARTESIAN_POINT('',(60.644692661914,18.345773116744,
    3.51702139845));
#4663 = CARTESIAN_POINT('',(60.642211945745,18.347661497412,
    3.517907029748));
#4664 = CARTESIAN_POINT('',(60.639739838102,18.349545351688,
    3.51881413362));
#4665 = CARTESIAN_POINT('',(60.637276553893,18.351424496787,
    3.519742608678));
#4666 = CARTESIAN_POINT('',(60.634822306586,18.353298750357,
    3.520692350915));
#4667 = CARTESIAN_POINT('',(60.632377308153,18.355167930529,
    3.521663253734));
#4668 = CARTESIAN_POINT('',(60.629941769007,18.357031855971,
    3.522655207982));
#4669 = CARTESIAN_POINT('',(60.627515897956,18.358890345946,
    3.523668101988));
#4670 = CARTESIAN_POINT('',(60.625099902136,18.360743220364,
    3.524701821597));
#4671 = CARTESIAN_POINT('',(60.622693986968,18.362590299834,
    3.525756250212));
#4672 = CARTESIAN_POINT('',(60.620298356094,18.364431405719,
    3.52683126883));
#4673 = CARTESIAN_POINT('',(60.61791321133,18.366266360192,3.52792675609
    ));
#4674 = CARTESIAN_POINT('',(60.615538752611,18.368094986286,
    3.529042588317));
#4675 = CARTESIAN_POINT('',(60.613175177942,18.369917107945,
    3.53017863956));
#4676 = CARTESIAN_POINT('',(60.610822683346,18.371732550083,
    3.531334781651));
#4677 = CARTESIAN_POINT('',(60.608481462815,18.373541138627,
    3.532510884245));
#4678 = CARTESIAN_POINT('',(60.606151708264,18.375342700576,
    3.533706814874));
#4679 = CARTESIAN_POINT('',(60.603833609482,18.377137064044,3.534922439)
  );
#4680 = CARTESIAN_POINT('',(60.601527354088,18.378924058317,
    3.53615762007));
#4681 = CARTESIAN_POINT('',(60.599233127487,18.380703513896,
    3.537412219567));
#4682 = CARTESIAN_POINT('',(60.596951112828,18.382475262548,
    3.538686097069));
#4683 = CARTESIAN_POINT('',(60.594681490962,18.384239137352,
    3.539979110309));
#4684 = CARTESIAN_POINT('',(60.592424440402,18.385994972747,
    3.541291115231));
#4685 = CARTESIAN_POINT('',(60.590180137286,18.387742604574,
    3.542621966054));
#4686 = CARTESIAN_POINT('',(60.587948755343,18.389481870123,
    3.543971515331));
#4687 = CARTESIAN_POINT('',(60.585730465852,18.391212608176,
    3.545339614014));
#4688 = CARTESIAN_POINT('',(60.583525437617,18.392934659045,
    3.546726111519));
#4689 = CARTESIAN_POINT('',(60.581333836929,18.394647864618,
    3.548130855788));
#4690 = CARTESIAN_POINT('',(60.579155827542,18.396352068392,
    3.54955369336));
#4691 = CARTESIAN_POINT('',(60.576991570644,18.398047115518,
    3.550994469432));
#4692 = CARTESIAN_POINT('',(60.57484122483,18.399732852831,
    3.552453027936));
#4693 = CARTESIAN_POINT('',(60.57270494608,18.401409128888,
    3.553929211598));
#4694 = CARTESIAN_POINT('',(60.570582887739,18.403075794002,
    3.555422862017));
#4695 = CARTESIAN_POINT('',(60.568475200494,18.404732700272,
    3.556933819728));
#4696 = CARTESIAN_POINT('',(60.56638203236,18.406379701616,
    3.558461924277));
#4697 = CARTESIAN_POINT('',(60.564303528664,18.408016653796,
    3.560007014293));
#4698 = CARTESIAN_POINT('',(60.562239832031,18.40964341445,
    3.561568927557));
#4699 = CARTESIAN_POINT('',(60.560191082373,18.411259843112,
    3.563147501075));
#4700 = CARTESIAN_POINT('',(60.558157416881,18.41286580124,
    3.564742571156));
#4701 = CARTESIAN_POINT('',(60.556138970021,18.414461152235,
    3.566353973475));
#4702 = CARTESIAN_POINT('',(60.554135873522,18.416045761463,
    3.567981543156));
#4703 = CARTESIAN_POINT('',(60.552148256383,18.417619496272,
    3.56962511484));
#4704 = CARTESIAN_POINT('',(60.550176244866,18.41918222601,
    3.571284522757));
#4705 = CARTESIAN_POINT('',(60.548219962502,18.420733822037,
    3.572959600804));
#4706 = CARTESIAN_POINT('',(60.546279530095,18.422274157739,
    3.574650182613));
#4707 = CARTESIAN_POINT('',(60.544355065727,18.42380310854,
    3.576356101628));
#4708 = CARTESIAN_POINT('',(60.54244668477,18.42532055191,3.578077191174
    ));
#4709 = CARTESIAN_POINT('',(60.540554499892,18.426826367369,
    3.579813284531));
#4710 = CARTESIAN_POINT('',(60.538678621079,18.428320436497,
    3.581564215005));
#4711 = CARTESIAN_POINT('',(60.536819155641,18.429802642933,
    3.583329815999));
#4712 = CARTESIAN_POINT('',(60.534976208236,18.431272872379,
    3.585109921085));
#4713 = CARTESIAN_POINT('',(60.533149880888,18.432731012597,
    3.586904364071));
#4714 = CARTESIAN_POINT('',(60.53134027301,18.434176953407,
    3.588712979073));
#4715 = CARTESIAN_POINT('',(60.529547481427,18.435610586682,
    3.590535600581));
#4716 = CARTESIAN_POINT('',(60.527771600404,18.437031806342,
    3.592372063529));
#4717 = CARTESIAN_POINT('',(60.526012721673,18.438440508344,
    3.594222203358));
#4718 = CARTESIAN_POINT('',(60.524270934463,18.439836590673,
    3.596085856085));
#4719 = CARTESIAN_POINT('',(60.522546325537,18.44121995333,
    3.597962858365));
#4720 = CARTESIAN_POINT('',(60.52083897922,18.442590498314,
    3.599853047555));
#4721 = CARTESIAN_POINT('',(60.519148977442,18.443948129611,
    3.601756261775));
#4722 = CARTESIAN_POINT('',(60.517476399772,18.445292753172,
    3.603672339972));
#4723 = CARTESIAN_POINT('',(60.515821323459,18.446624276895,
    3.605601121973));
#4724 = CARTESIAN_POINT('',(60.514183823477,18.447942610604,
    3.60754244855));
#4725 = CARTESIAN_POINT('',(60.512563972567,18.449247666022,
    3.609496161473));
#4726 = CARTESIAN_POINT('',(60.510961841282,18.450539356751,
    3.611462103563));
#4727 = CARTESIAN_POINT('',(60.509377498038,18.451817598241,
    3.613440118749));
#4728 = CARTESIAN_POINT('',(60.507811009158,18.453082307765,
    3.615430052119));
#4729 = CARTESIAN_POINT('',(60.506262438927,18.454333404386,
    3.617431749967));
#4730 = CARTESIAN_POINT('',(60.504731849645,18.455570808924,
    3.619445059847));
#4731 = CARTESIAN_POINT('',(60.503219301677,18.456794443929,
    3.621469830613));
#4732 = CARTESIAN_POINT('',(60.501724853512,18.458004233639,
    3.623505912469));
#4733 = CARTESIAN_POINT('',(60.500248561817,18.459200103948,
    3.625553157009));
#4734 = CARTESIAN_POINT('',(60.498790481499,18.460381982366,
    3.627611417257));
#4735 = CARTESIAN_POINT('',(60.497350665761,18.461549797983,
    3.629680547711));
#4736 = CARTESIAN_POINT('',(60.495929166164,18.462703481424,
    3.631760404373));
#4737 = CARTESIAN_POINT('',(60.494526032692,18.463842964811,
    3.63385084479));
#4738 = CARTESIAN_POINT('',(60.493141313808,18.464968181717,
    3.635951728083));
#4739 = CARTESIAN_POINT('',(60.491775056528,18.466079067125,
    3.638062914978));
#4740 = CARTESIAN_POINT('',(60.490427306476,18.467175557379,
    3.640184267838));
#4741 = CARTESIAN_POINT('',(60.489098107959,18.46825759014,
    3.642315650685));
#4742 = CARTESIAN_POINT('',(60.487787504029,18.469325104338,
    3.644456929226));
#4743 = CARTESIAN_POINT('',(60.486495536553,18.470378040123,
    3.646607970875));
#4744 = CARTESIAN_POINT('',(60.485222246282,18.471416338816,
    3.648768644773));
#4745 = CARTESIAN_POINT('',(60.483967672918,18.472439942856,
    3.650938821805));
#4746 = CARTESIAN_POINT('',(60.482731855189,18.473448795752,
    3.653118374614));
#4747 = CARTESIAN_POINT('',(60.481514830914,18.474442842032,
    3.655307177615));
#4748 = CARTESIAN_POINT('',(60.480316637081,18.475422027185,
    3.657505107006));
#4749 = CARTESIAN_POINT('',(60.479137309911,18.476386297613,
    3.659712040771));
#4750 = CARTESIAN_POINT('',(60.477976884939,18.477335600573,
    3.661927858693));
#4751 = CARTESIAN_POINT('',(60.47683539708,18.478269884125,
    3.664152442352));
#4752 = CARTESIAN_POINT('',(60.475712880703,18.479189097075,
    3.666385675125));
#4753 = CARTESIAN_POINT('',(60.474609369707,18.480093188924,
    3.668627442188));
#4754 = CARTESIAN_POINT('',(60.473524897592,18.480982109804,
    3.670877630508));
#4755 = CARTESIAN_POINT('',(60.472459497533,18.481855810431,
    3.673136128838));
#4756 = CARTESIAN_POINT('',(60.471413202454,18.482714242042,
    3.675402827706));
#4757 = CARTESIAN_POINT('',(60.470386045099,18.483557356341,
    3.677677619406));
#4758 = CARTESIAN_POINT('',(60.469378058109,18.484385105443,
    3.679960397979));
#4759 = CARTESIAN_POINT('',(60.468389274093,18.485197441817,
    3.682251059201));
#4760 = CARTESIAN_POINT('',(60.4674197257,18.485994318227,3.684549500559
    ));
#4761 = CARTESIAN_POINT('',(60.466469445692,18.48677568768,
    3.686855621231));
#4762 = CARTESIAN_POINT('',(60.465538467021,18.487541503364,
    3.689169322062));
#4763 = CARTESIAN_POINT('',(60.464626822892,18.488291718597,
    3.691490505533));
#4764 = CARTESIAN_POINT('',(60.463734546842,18.489026286768,
    3.693819075737));
#4765 = CARTESIAN_POINT('',(60.462861672806,18.489745161282,
    3.69615493834));
#4766 = CARTESIAN_POINT('',(60.462008235191,18.490448295506,
    3.69849800055));
#4767 = CARTESIAN_POINT('',(60.461174268941,18.491135642712,
    3.700848171079));
#4768 = CARTESIAN_POINT('',(60.460359809609,18.491807156027,3.7032053601
    ));
#4769 = CARTESIAN_POINT('',(60.459564893424,18.492462788374,
    3.705569479208));
#4770 = CARTESIAN_POINT('',(60.458789557356,18.493102492425,
    3.707940441371));
#4771 = CARTESIAN_POINT('',(60.458033839185,18.493726220543,
    3.710318160884));
#4772 = CARTESIAN_POINT('',(60.457297777562,18.494333924739,
    3.712702553318));
#4773 = CARTESIAN_POINT('',(60.456581412075,18.494925556611,
    3.715093535466));
#4774 = CARTESIAN_POINT('',(60.455884783313,18.495501067306,
    3.71749102529));
#4775 = CARTESIAN_POINT('',(60.455207932923,18.496060407465,
    3.719894941857));
#4776 = CARTESIAN_POINT('',(60.454550903673,18.496603527175,
    3.722305205285));
#4777 = CARTESIAN_POINT('',(60.453913739508,18.49713037593,
    3.724721736676));
#4778 = CARTESIAN_POINT('',(60.453296485609,18.497640902579,
    3.72714445805));
#4779 = CARTESIAN_POINT('',(60.452699188447,18.498135055288,
    3.729573292279));
#4780 = CARTESIAN_POINT('',(60.452121895836,18.498612781495,
    3.732008163013));
#4781 = CARTESIAN_POINT('',(60.451564656987,18.499074027873,
    3.734448994611));
#4782 = CARTESIAN_POINT('',(60.451027522555,18.499518740289,
    3.736895712063));
#4783 = CARTESIAN_POINT('',(60.450510544689,18.499946863766,
    3.739348240912));
#4784 = CARTESIAN_POINT('',(60.450013777079,18.500358342451,
    3.741806507176));
#4785 = CARTESIAN_POINT('',(60.449537274996,18.50075311958,
    3.744270437265));
#4786 = CARTESIAN_POINT('',(60.449081095339,18.501131137447,
    3.746739957892));
#4787 = CARTESIAN_POINT('',(60.448645296672,18.501492337373,
    3.749214995996));
#4788 = CARTESIAN_POINT('',(60.448229939261,18.501836659678,
    3.751695478642));
#4789 = CARTESIAN_POINT('',(60.44783508511,18.50216404366,3.754181332938
    ));
#4790 = CARTESIAN_POINT('',(60.447460797993,18.502474427568,
    3.75667248594));
#4791 = CARTESIAN_POINT('',(60.447107143485,18.502767748579,
    3.759168864553));
#4792 = CARTESIAN_POINT('',(60.446774188989,18.503043942787,
    3.761670395442));
#4793 = CARTESIAN_POINT('',(60.44646200376,18.503302945179,
    3.764177004926));
#4794 = CARTESIAN_POINT('',(60.446170658927,18.503544689623,
    3.766688618881));
#4795 = CARTESIAN_POINT('',(60.445900227515,18.503769108862,
    3.769205162637));
#4796 = CARTESIAN_POINT('',(60.445650784457,18.503976134499,
    3.771726560875));
#4797 = CARTESIAN_POINT('',(60.44542240661,18.504165696994,3.77425273752
    ));
#4798 = CARTESIAN_POINT('',(60.445215172765,18.504337725661,
    3.776783615637));
#4799 = CARTESIAN_POINT('',(60.445029163654,18.504492148665,
    3.77931911732));
#4800 = CARTESIAN_POINT('',(60.444864461952,18.50462889303,
    3.781859163586));
#4801 = CARTESIAN_POINT('',(60.444721152281,18.504747884639,
    3.784403674249));
#4802 = CARTESIAN_POINT('',(60.444599321205,18.504849048245,
    3.786952567875));
#4803 = CARTESIAN_POINT('',(60.444499057224,18.504932307482,
    3.789505761415));
#4804 = CARTESIAN_POINT('',(60.444420450766,18.504997584881,
    3.792063171045));
#4805 = CARTESIAN_POINT('',(60.444363594173,18.505044801883,
    3.79462470848));
#4806 = CARTESIAN_POINT('',(60.444334306014,18.505069124955,
    3.796770836126));
#4807 = CARTESIAN_POINT('',(60.444321429183,18.505079818902,
    3.798563023311));
#4808 = CARTESIAN_POINT('',(60.444319086711,18.505081764284,
    3.799499999443));
#4809 = CARTESIAN_POINT('',(60.444319086711,18.505081764284,
    3.799999999999));
#4810 = ORIENTED_EDGE('',*,*,#4811,.F.);
#4811 = EDGE_CURVE('',#4812,#4621,#4814,.T.);
#4812 = VERTEX_POINT('',#4813);
#4813 = CARTESIAN_POINT('',(60.444319086691,18.505081764297,11.55));
#4814 = LINE('',#4815,#4816);
#4815 = CARTESIAN_POINT('',(60.444319086691,18.505081764297,11.55));
#4816 = VECTOR('',#4817,1.);
#4817 = DIRECTION('',(2.548785555371E-12,-1.558831916595E-12,-1.));
#4818 = ORIENTED_EDGE('',*,*,#4819,.F.);
#4819 = EDGE_CURVE('',#4428,#4812,#4820,.T.);
#4820 = B_SPLINE_CURVE_WITH_KNOTS('',3,(#4821,#4822,#4823,#4824,#4825,
    #4826,#4827,#4828,#4829,#4830,#4831,#4832,#4833,#4834,#4835,#4836,
    #4837,#4838,#4839,#4840,#4841,#4842,#4843,#4844,#4845,#4846,#4847,
    #4848,#4849,#4850,#4851,#4852,#4853,#4854,#4855,#4856,#4857,#4858,
    #4859,#4860,#4861,#4862,#4863,#4864,#4865,#4866,#4867,#4868,#4869,
    #4870,#4871,#4872,#4873,#4874,#4875,#4876,#4877,#4878,#4879,#4880,
    #4881,#4882,#4883,#4884,#4885,#4886,#4887,#4888,#4889,#4890,#4891,
    #4892,#4893,#4894,#4895,#4896,#4897,#4898,#4899,#4900,#4901,#4902,
    #4903,#4904,#4905,#4906,#4907,#4908,#4909,#4910,#4911,#4912,#4913,
    #4914,#4915,#4916,#4917,#4918,#4919,#4920,#4921,#4922,#4923,#4924,
    #4925,#4926,#4927,#4928,#4929,#4930,#4931,#4932,#4933,#4934,#4935,
    #4936,#4937,#4938,#4939,#4940,#4941,#4942,#4943,#4944,#4945,#4946,
    #4947,#4948,#4949,#4950,#4951,#4952,#4953,#4954,#4955,#4956,#4957,
    #4958,#4959,#4960,#4961,#4962,#4963,#4964,#4965,#4966,#4967,#4968,
    #4969,#4970,#4971,#4972,#4973,#4974,#4975,#4976,#4977,#4978,#4979,
    #4980,#4981,#4982,#4983,#4984,#4985),.UNSPECIFIED.,.F.,.F.,(4,1,1,1,
    1,1,1,1,1,1,1,1,1,1,1,1,1,1,1,1,1,1,1,1,1,1,1,1,1,1,1,1,1,1,1,1,1,1,
    1,1,1,1,1,1,1,1,1,1,1,1,1,1,1,1,1,1,1,1,1,1,1,1,1,1,1,1,1,1,1,1,1,1,
    1,1,1,1,1,1,1,1,1,1,1,1,1,1,1,1,1,1,1,1,1,1,1,1,1,1,1,1,1,1,1,1,1,1,
    1,1,1,1,1,1,1,1,1,1,1,1,1,1,1,1,1,1,1,1,1,1,1,1,1,1,1,1,1,1,1,1,1,1,
    1,1,1,1,1,1,1,1,1,1,1,1,1,1,1,1,1,1,1,1,1,1,4),(0.271077422734,
    0.273056100169,0.275027722793,0.276992206867,0.278949472418,
    0.280899443152,0.282842046377,0.284777212927,0.286704877078,
    0.288624976481,0.290537452082,0.292442248051,0.294339311714,
    0.29622859348,0.298110046775,0.299983627975,0.30184929634,
    0.303707013953,0.305556745656,0.30739845899,0.309232124133,
    0.311057713846,0.312875203412,0.314684570585,0.31648579553,
    0.318278860775,0.320063751156,0.321840453769,0.323608957915,
    0.325369255059,0.327121338776,0.328865204708,0.330600850518,
    0.332328275845,0.334047482262,0.335758473231,0.337461254066,
    0.339155831887,0.340842215585,0.34252041578,0.344190444783,
    0.345852316564,0.347506046707,0.349151652383,0.350789152308,
    0.352418566714,0.354039917313,0.355653227266,0.357258521149,
    0.358855824924,0.360445165906,0.362026572733,0.363600075339,
    0.365165704924,0.366723493924,0.368273475986,0.369815685938,
    0.371350159765,0.37287693458,0.374396048603,0.375907541129,
    0.377411452511,0.378907824131,0.380396698376,0.381878118617,
    0.383352129186,0.384818775353,0.386278103302,0.387730160113,
    0.389174993737,0.390612652981,0.392043187479,0.39346664768,
    0.394883084823,0.396292550919,0.397695098733,0.399090781765,
    0.400479654229,0.401861771038,0.403237187784,0.404605960723,
    0.405968146753,0.407323803402,0.408672988808,0.410015761704,
    0.411352181401,0.412682307772,0.414006201236,0.415323922743,
    0.41663553376,0.417941096252,0.419240672671,0.420534325939,
    0.421822119434,0.423104116976,0.424380382814,0.425650981609,
    0.426915978424,0.428175438707,0.42942942828,0.430678013324,
    0.431921260369,0.433159236278,0.434392008233,0.435619643729,
    0.436842210555,0.438059776784,0.43927241076,0.44048018109,
    0.441683156627,0.442881406461,0.444074999906,0.445264006491,
    0.446448495946,0.447628538194,0.448804203335,0.449975561641,
    0.45114268354,0.452305639611,0.453464500566,0.454619337247,
    0.455770220612,0.456917221726,0.458060411747,0.459199861925,
    0.460335643582,0.461467828109,0.462596486956,0.463721691619,
    0.464843513634,0.465962024566,0.467077296002,0.468189399538,
    0.469298406777,0.470404389313,0.471507418726,0.472607566575,
    0.473704904386,0.474799503648,0.475891435801,0.476980772229,
    0.478067584256,0.479151943131,0.480233920029,0.481313586035,
    0.482391012145,0.483466269251,0.48453942814,0.485610559484,
    0.486679733833,0.487747021611,0.488812493107,0.489876218467,
    0.490938267692,0.491998710631,0.49305761697,0.494115056234,
    0.495171097772,0.49622581076,0.497279264191,0.49833152687,
    0.499382667408,0.4999997986),.UNSPECIFIED.);
#4821 = CARTESIAN_POINT('',(59.704702194215,19.236532172714,
    12.299928123942));
#4822 = CARTESIAN_POINT('',(59.70735518157,19.233408870568,
    12.299891392084));
#4823 = CARTESIAN_POINT('',(59.712657922218,19.22717902079,
    12.29978986224));
#4824 = CARTESIAN_POINT('',(59.720615900863,19.217868349197,
    12.299552923067));
#4825 = CARTESIAN_POINT('',(59.72856269478,19.208609029091,
    12.299231898933));
#4826 = CARTESIAN_POINT('',(59.736497348777,19.199401734824,
    12.2988270916));
#4827 = CARTESIAN_POINT('',(59.74441891723,19.190247117832,
    12.298338814582));
#4828 = CARTESIAN_POINT('',(59.752326464077,19.181145807132,
    12.297767392865));
#4829 = CARTESIAN_POINT('',(59.760219062795,19.172098409815,
    12.297113162628));
#4830 = CARTESIAN_POINT('',(59.768095796392,19.16310551152,
    12.296376470979));
#4831 = CARTESIAN_POINT('',(59.775955757387,19.154167676912,
    12.295557675692));
#4832 = CARTESIAN_POINT('',(59.783798047796,19.145285450144,
    12.294657144959));
#4833 = CARTESIAN_POINT('',(59.79162177912,19.136459355311,
    12.293675257141));
#4834 = CARTESIAN_POINT('',(59.799426072326,19.127689896896,
    12.292612400535));
#4835 = CARTESIAN_POINT('',(59.807210057835,19.11897756021,
    12.291468973137));
#4836 = CARTESIAN_POINT('',(59.814972875508,19.110322811819,
    12.290245382419));
#4837 = CARTESIAN_POINT('',(59.822713674632,19.101726099964,
    12.288942045109));
#4838 = CARTESIAN_POINT('',(59.830431613907,19.093187854974,
    12.287559386977));
#4839 = CARTESIAN_POINT('',(59.838125861435,19.084708489671,
    12.286097842626));
#4840 = CARTESIAN_POINT('',(59.845795594704,19.076288399762,
    12.284557855288));
#4841 = CARTESIAN_POINT('',(59.853440000582,19.06792796423,
    12.282939876626));
#4842 = CARTESIAN_POINT('',(59.861058275303,19.059627545708,
    12.281244366538));
#4843 = CARTESIAN_POINT('',(59.868649624456,19.051387490856,
    12.279471792966));
#4844 = CARTESIAN_POINT('',(59.876213262977,19.04320813072,
    12.277622631715));
#4845 = CARTESIAN_POINT('',(59.88374841514,19.035089781092,
    12.275697366264));
#4846 = CARTESIAN_POINT('',(59.891254314548,19.027032742851,
    12.273696487591));
#4847 = CARTESIAN_POINT('',(59.898730204121,19.019037302313,12.271620494
    ));
#4848 = CARTESIAN_POINT('',(59.906175336097,19.011103731555,
    12.269469890942));
#4849 = CARTESIAN_POINT('',(59.913588972015,19.003232288749,
    12.267245190855));
#4850 = CARTESIAN_POINT('',(59.920970382714,18.995423218478,
    12.264946912992));
#4851 = CARTESIAN_POINT('',(59.928318848327,18.987676752047,
    12.262575583258));
#4852 = CARTESIAN_POINT('',(59.935633658271,18.979993107793,
    12.260131734055));
#4853 = CARTESIAN_POINT('',(59.942914111245,18.972372491381,
    12.257615904117));
#4854 = CARTESIAN_POINT('',(59.950159515222,18.964815096098,
    12.255028638359));
#4855 = CARTESIAN_POINT('',(59.957369187447,18.95732110314,
    12.252370487719));
#4856 = CARTESIAN_POINT('',(59.964542454428,18.949890681891,
    12.249642009011));
#4857 = CARTESIAN_POINT('',(59.971678651934,18.942523990201,
    12.246843764774));
#4858 = CARTESIAN_POINT('',(59.978777124991,18.935221174651,
    12.243976323121));
#4859 = CARTESIAN_POINT('',(59.985837227873,18.927982370819,
    12.241040257595));
#4860 = CARTESIAN_POINT('',(59.992858324105,18.920807703535,
    12.238036147025));
#4861 = CARTESIAN_POINT('',(59.99983978645,18.913697287134,
    12.234964575382));
#4862 = CARTESIAN_POINT('',(60.006780996911,18.906651225706,
    12.231826131637));
#4863 = CARTESIAN_POINT('',(60.013681346725,18.899669613332,
    12.228621409618));
#4864 = CARTESIAN_POINT('',(60.020540236355,18.892752534326,
    12.225351007877));
#4865 = CARTESIAN_POINT('',(60.027357075489,18.885900063461,
    12.222015529543));
#4866 = CARTESIAN_POINT('',(60.034131283031,18.879112266204,
    12.218615582192));
#4867 = CARTESIAN_POINT('',(60.040862287102,18.872389198928,
    12.215151777707));
#4868 = CARTESIAN_POINT('',(60.047549525027,18.86573090914,
    12.211624732144));
#4869 = CARTESIAN_POINT('',(60.054192443332,18.859137435688,
    12.208035065597));
#4870 = CARTESIAN_POINT('',(60.06079049774,18.85260880897,
    12.204383402061));
#4871 = CARTESIAN_POINT('',(60.067343153159,18.846145051143,
    12.200670369306));
#4872 = CARTESIAN_POINT('',(60.073849883679,18.83974617632,
    12.196896598738));
#4873 = CARTESIAN_POINT('',(60.080310172562,18.833412190767,
    12.19306272527));
#4874 = CARTESIAN_POINT('',(60.086723512233,18.827143093098,
    12.18916938719));
#4875 = CARTESIAN_POINT('',(60.093089404272,18.820938874462,
    12.185217226031));
#4876 = CARTESIAN_POINT('',(60.099407359405,18.81479951873,
    12.181206886439));
#4877 = CARTESIAN_POINT('',(60.10567689749,18.808725002674,
    12.177139016047));
#4878 = CARTESIAN_POINT('',(60.111897547509,18.802715296149,
    12.17301426534));
#4879 = CARTESIAN_POINT('',(60.118068847555,18.796770362265,
    12.168833287531));
#4880 = CARTESIAN_POINT('',(60.124190344818,18.79089015756,
    12.164596738431));
#4881 = CARTESIAN_POINT('',(60.130261595571,18.785074632168,
    12.160305276319));
#4882 = CARTESIAN_POINT('',(60.136282165158,18.779323729984,
    12.155959561817));
#4883 = CARTESIAN_POINT('',(60.142251627974,18.773637388826,
    12.151560257761));
#4884 = CARTESIAN_POINT('',(60.148169567452,18.768015540595,
    12.147108029072));
#4885 = CARTESIAN_POINT('',(60.154035576041,18.762458111433,
    12.142603542632));
#4886 = CARTESIAN_POINT('',(60.159849255193,18.756965021872,
    12.138047467158));
#4887 = CARTESIAN_POINT('',(60.165610215336,18.751536186988,
    12.133440473072));
#4888 = CARTESIAN_POINT('',(60.171318075857,18.746171516549,
    12.128783232378));
#4889 = CARTESIAN_POINT('',(60.176972465078,18.740870915163,
    12.124076418534));
#4890 = CARTESIAN_POINT('',(60.182573020233,18.735634282415,
    12.119320706331));
#4891 = CARTESIAN_POINT('',(60.18811938744,18.730461513013,
    12.11451677176));
#4892 = CARTESIAN_POINT('',(60.193611221681,18.725352496925,
    12.109665291897));
#4893 = CARTESIAN_POINT('',(60.199048186767,18.720307119516,
    12.104766944772));
#4894 = CARTESIAN_POINT('',(60.20442995531,18.715325261679,
    12.099822409245));
#4895 = CARTESIAN_POINT('',(60.209756208698,18.710406799971,
    12.094832364885));
#4896 = CARTESIAN_POINT('',(60.215026637057,18.705551606739,
    12.089797491848));
#4897 = CARTESIAN_POINT('',(60.220240939217,18.700759550251,
    12.084718470748));
#4898 = CARTESIAN_POINT('',(60.225398822682,18.696030494819,
    12.07959598254));
#4899 = CARTESIAN_POINT('',(60.230500003588,18.691364300925,
    12.074430708397));
#4900 = CARTESIAN_POINT('',(60.235544206667,18.68676082534,
    12.069223329587));
#4901 = CARTESIAN_POINT('',(60.240531165206,18.682219921251,
    12.063974527352));
#4902 = CARTESIAN_POINT('',(60.245460621007,18.67774143837,
    12.058684982791));
#4903 = CARTESIAN_POINT('',(60.25033232434,18.673325223059,
    12.053355376734));
#4904 = CARTESIAN_POINT('',(60.255146033904,18.668971118443,
    12.047986389631));
#4905 = CARTESIAN_POINT('',(60.259901516772,18.66467896452,
    12.042578701425));
#4906 = CARTESIAN_POINT('',(60.26459854835,18.660448598278,
    12.037132991441));
#4907 = CARTESIAN_POINT('',(60.269236912323,18.656279853806,
    12.031649938266));
#4908 = CARTESIAN_POINT('',(60.273816400604,18.652172562398,
    12.026130219631));
#4909 = CARTESIAN_POINT('',(60.278336813277,18.648126552666,
    12.020574512301));
#4910 = CARTESIAN_POINT('',(60.282797958547,18.644141650645,
    12.014983491956));
#4911 = CARTESIAN_POINT('',(60.287199652678,18.640217679897,
    12.00935783308));
#4912 = CARTESIAN_POINT('',(60.291541719936,18.63635446162,
    12.003698208846));
#4913 = CARTESIAN_POINT('',(60.295823992527,18.632551814743,
    11.998005291009));
#4914 = CARTESIAN_POINT('',(60.300046310533,18.628809556034,
    11.992279749791));
#4915 = CARTESIAN_POINT('',(60.304208521849,18.6251275002,
    11.986522253777));
#4916 = CARTESIAN_POINT('',(60.308310482116,18.621505459982,
    11.980733469801));
#4917 = CARTESIAN_POINT('',(60.312352054653,18.617943246258,
    11.974914062847));
#4918 = CARTESIAN_POINT('',(60.316333110384,18.614440668138,
    11.969064695938));
#4919 = CARTESIAN_POINT('',(60.320253527771,18.610997533063,
    11.963186030036));
#4920 = CARTESIAN_POINT('',(60.324113192734,18.607613646896,
    11.957278723936));
#4921 = CARTESIAN_POINT('',(60.327911998581,18.604288814019,
    11.951343434171));
#4922 = CARTESIAN_POINT('',(60.331649845928,18.601022837427,
    11.945380814908));
#4923 = CARTESIAN_POINT('',(60.335326642619,18.597815518818,
    11.939391517853));
#4924 = CARTESIAN_POINT('',(60.338942303647,18.594666658688,
    11.933376192157));
#4925 = CARTESIAN_POINT('',(60.342496751072,18.591576056416,
    11.927335484318));
#4926 = CARTESIAN_POINT('',(60.345989913934,18.588543510361,
    11.921270038094));
#4927 = CARTESIAN_POINT('',(60.349421728169,18.585568817946,
    11.91518049441));
#4928 = CARTESIAN_POINT('',(60.352792136522,18.582651775747,
    11.90906749127));
#4929 = CARTESIAN_POINT('',(60.356101088458,18.579792179579,
    11.902931663674));
#4930 = CARTESIAN_POINT('',(60.35934854007,18.576989824586,
    11.896773643533));
#4931 = CARTESIAN_POINT('',(60.362534453989,18.574244505325,
    11.890594059585));
#4932 = CARTESIAN_POINT('',(60.365658799288,18.571556015847,
    11.884393537319));
#4933 = CARTESIAN_POINT('',(60.36872155139,18.568924149785,
    11.878172698898));
#4934 = CARTESIAN_POINT('',(60.371722691972,18.566348700438,
    11.871932163083));
#4935 = CARTESIAN_POINT('',(60.374662208864,18.563829460849,
    11.865672545158));
#4936 = CARTESIAN_POINT('',(60.377540095953,18.56136622389,
    11.85939445687));
#4937 = CARTESIAN_POINT('',(60.380356353085,18.558958782339,
    11.853098506349));
#4938 = CARTESIAN_POINT('',(60.383110985959,18.556606928966,
    11.846785298054));
#4939 = CARTESIAN_POINT('',(60.385804006031,18.554310456603,
    11.840455432705));
#4940 = CARTESIAN_POINT('',(60.388435430407,18.55206915823,
    11.834109507227));
#4941 = CARTESIAN_POINT('',(60.391005281739,18.549882827049,
    11.827748114691));
#4942 = CARTESIAN_POINT('',(60.393513588123,18.547751256561,
    11.821371844262));
#4943 = CARTESIAN_POINT('',(60.395960382993,18.545674240639,
    11.814981281145));
#4944 = CARTESIAN_POINT('',(60.398345705012,18.543651573606,
    11.808577006543));
#4945 = CARTESIAN_POINT('',(60.400669597969,18.541683050307,
    11.802159597603));
#4946 = CARTESIAN_POINT('',(60.40293211067,18.539768466182,
    11.795729627381));
#4947 = CARTESIAN_POINT('',(60.405133296829,18.537907617339,
    11.789287664799));
#4948 = CARTESIAN_POINT('',(60.407273214962,18.536100300623,
    11.782834274609));
#4949 = CARTESIAN_POINT('',(60.409351928279,18.534346313685,
    11.776370017357));
#4950 = CARTESIAN_POINT('',(60.411369504573,18.532645455054,
    11.769895449358));
#4951 = CARTESIAN_POINT('',(60.413326016112,18.530997524204,
    11.763411122661));
#4952 = CARTESIAN_POINT('',(60.41522153953,18.529402321618,
    11.756917585031));
#4953 = CARTESIAN_POINT('',(60.417056155722,18.52785964886,
    11.750415379923));
#4954 = CARTESIAN_POINT('',(60.418829949729,18.526369308631,
    11.743905046462));
#4955 = CARTESIAN_POINT('',(60.420543010633,18.52493110484,
    11.737387119434));
#4956 = CARTESIAN_POINT('',(60.422195431451,18.523544842664,
    11.730862129265));
#4957 = CARTESIAN_POINT('',(60.423787309022,18.522210328608,
    11.724330602017));
#4958 = CARTESIAN_POINT('',(60.425318743903,18.520927370566,
    11.717793059377));
#4959 = CARTESIAN_POINT('',(60.426789840263,18.519695777881,
    11.711250018657));
#4960 = CARTESIAN_POINT('',(60.428200705776,18.518515361403,
    11.704701992791));
#4961 = CARTESIAN_POINT('',(60.429551451513,18.517385933542,
    11.698149490335));
#4962 = CARTESIAN_POINT('',(60.430842191841,18.516307308327,
    11.691593015476));
#4963 = CARTESIAN_POINT('',(60.432073044319,18.515279301459,
    11.685033068036));
#4964 = CARTESIAN_POINT('',(60.433244129592,18.514301730364,
    11.678470143484));
#4965 = CARTESIAN_POINT('',(60.434355571293,18.513374414241,
    11.671904732949));
#4966 = CARTESIAN_POINT('',(60.435407495943,18.512497174118,
    11.665337323234));
#4967 = CARTESIAN_POINT('',(60.436400032846,18.511669832894,
    11.65876839684));
#4968 = CARTESIAN_POINT('',(60.437333313997,18.510892215391,
    11.65219843198));
#4969 = CARTESIAN_POINT('',(60.438207473983,18.510164148397,
    11.645627902608));
#4970 = CARTESIAN_POINT('',(60.439022649887,18.509485460714,
    11.639057278442));
#4971 = CARTESIAN_POINT('',(60.439778981196,18.508855983196,
    11.632487024994));
#4972 = CARTESIAN_POINT('',(60.440476609708,18.508275548792,
    11.625917603604));
#4973 = CARTESIAN_POINT('',(60.44111567944,18.507743992589,
    11.619349471467));
#4974 = CARTESIAN_POINT('',(60.441696336542,18.507261151848,
    11.612783081675));
#4975 = CARTESIAN_POINT('',(60.442218729206,18.506826866038,
    11.60621888325));
#4976 = CARTESIAN_POINT('',(60.442683007586,18.506440976877,
    11.599657321188));
#4977 = CARTESIAN_POINT('',(60.443089323709,18.506103328364,
    11.593098836498));
#4978 = CARTESIAN_POINT('',(60.443437831398,18.505813766807,
    11.586543866248));
#4979 = CARTESIAN_POINT('',(60.443728686189,18.505572140861,
    11.579992843609));
#4980 = CARTESIAN_POINT('',(60.443962045256,18.50537830155,
    11.573446197906));
#4981 = CARTESIAN_POINT('',(60.444138067333,18.505232102301,
    11.566904354663));
#4982 = CARTESIAN_POINT('',(60.444256912642,18.505133398964,
    11.560367735658));
#4983 = CARTESIAN_POINT('',(60.444310253903,18.505089099774,
    11.554733423629));
#4984 = CARTESIAN_POINT('',(60.44431908666,18.505081764315,
    11.551278174336));
#4985 = CARTESIAN_POINT('',(60.444319086672,18.505081764309,11.55));
#4986 = CYLINDRICAL_SURFACE('',#4987,6.);
#4987 = AXIS2_PLACEMENT_3D('',#4988,#4989,#4990);
#4988 = CARTESIAN_POINT('',(64.277652418711,23.120875906767,12.3));
#4989 = DIRECTION('',(0.,2.22044604925E-16,1.));
#4990 = DIRECTION('',(0.,1.,-2.22044604925E-16));
#4991 = ADVANCED_FACE('',(#4992),#5414,.T.);
#4992 = FACE_BOUND('',#4993,.T.);
#4993 = EDGE_LOOP('',(#4994,#5002,#5003,#5004,#5005,#5013,#5216,#5225));
#4994 = ORIENTED_EDGE('',*,*,#4995,.F.);
#4995 = EDGE_CURVE('',#4812,#4996,#4998,.T.);
#4996 = VERTEX_POINT('',#4997);
#4997 = CARTESIAN_POINT('',(60.444319086691,-6.263329950763,11.55));
#4998 = LINE('',#4999,#5000);
#4999 = CARTESIAN_POINT('',(60.444319086691,18.505081764297,11.55));
#5000 = VECTOR('',#5001,1.);
#5001 = DIRECTION('',(-2.86874565852E-16,-1.,2.22044604925E-16));
#5002 = ORIENTED_EDGE('',*,*,#4819,.F.);
#5003 = ORIENTED_EDGE('',*,*,#4427,.T.);
#5004 = ORIENTED_EDGE('',*,*,#4438,.F.);
#5005 = ORIENTED_EDGE('',*,*,#5006,.T.);
#5006 = EDGE_CURVE('',#4439,#5007,#5009,.T.);
#5007 = VERTEX_POINT('',#5008);
#5008 = CARTESIAN_POINT('',(58.944319086711,-8.130387006901,11.55));
#5009 = LINE('',#5010,#5011);
#5010 = CARTESIAN_POINT('',(58.944319086711,20.372138820435,11.55));
#5011 = VECTOR('',#5012,1.);
#5012 = DIRECTION('',(0.,-1.,2.22044604925E-16));
#5013 = ORIENTED_EDGE('',*,*,#5014,.F.);
#5014 = EDGE_CURVE('',#5015,#5007,#5017,.T.);
#5015 = VERTEX_POINT('',#5016);
#5016 = CARTESIAN_POINT('',(59.683585842982,-7.019777996059,
    12.299923194387));
#5017 = B_SPLINE_CURVE_WITH_KNOTS('',3,(#5018,#5019,#5020,#5021,#5022,
    #5023,#5024,#5025,#5026,#5027,#5028,#5029,#5030,#5031,#5032,#5033,
    #5034,#5035,#5036,#5037,#5038,#5039,#5040,#5041,#5042,#5043,#5044,
    #5045,#5046,#5047,#5048,#5049,#5050,#5051,#5052,#5053,#5054,#5055,
    #5056,#5057,#5058,#5059,#5060,#5061,#5062,#5063,#5064,#5065,#5066,
    #5067,#5068,#5069,#5070,#5071,#5072,#5073,#5074,#5075,#5076,#5077,
    #5078,#5079,#5080,#5081,#5082,#5083,#5084,#5085,#5086,#5087,#5088,
    #5089,#5090,#5091,#5092,#5093,#5094,#5095,#5096,#5097,#5098,#5099,
    #5100,#5101,#5102,#5103,#5104,#5105,#5106,#5107,#5108,#5109,#5110,
    #5111,#5112,#5113,#5114,#5115,#5116,#5117,#5118,#5119,#5120,#5121,
    #5122,#5123,#5124,#5125,#5126,#5127,#5128,#5129,#5130,#5131,#5132,
    #5133,#5134,#5135,#5136,#5137,#5138,#5139,#5140,#5141,#5142,#5143,
    #5144,#5145,#5146,#5147,#5148,#5149,#5150,#5151,#5152,#5153,#5154,
    #5155,#5156,#5157,#5158,#5159,#5160,#5161,#5162,#5163,#5164,#5165,
    #5166,#5167,#5168,#5169,#5170,#5171,#5172,#5173,#5174,#5175,#5176,
    #5177,#5178,#5179,#5180,#5181,#5182,#5183,#5184,#5185,#5186,#5187,
    #5188,#5189,#5190,#5191,#5192,#5193,#5194,#5195,#5196,#5197,#5198,
    #5199,#5200,#5201,#5202,#5203,#5204,#5205,#5206,#5207,#5208,#5209,
    #5210,#5211,#5212,#5213,#5214,#5215),.UNSPECIFIED.,.F.,.F.,(4,1,1,1,
    1,1,1,1,1,1,1,1,1,1,1,1,1,1,1,1,1,1,1,1,1,1,1,1,1,1,1,1,1,1,1,1,1,1,
    1,1,1,1,1,1,1,1,1,1,1,1,1,1,1,1,1,1,1,1,1,1,1,1,1,1,1,1,1,1,1,1,1,1,
    1,1,1,1,1,1,1,1,1,1,1,1,1,1,1,1,1,1,1,1,1,1,1,1,1,1,1,1,1,1,1,1,1,1,
    1,1,1,1,1,1,1,1,1,1,1,1,1,1,1,1,1,1,1,1,1,1,1,1,1,1,1,1,1,1,1,1,1,1,
    1,1,1,1,1,1,1,1,1,1,1,1,1,1,1,1,1,1,1,1,1,1,1,1,1,1,1,1,1,1,1,1,1,1,
    1,1,1,1,1,1,1,1,1,1,1,1,1,1,1,1,1,1,1,1,1,4),(0.734188883161,
    0.735858026319,0.737531603225,0.739209560093,0.740891841062,
    0.74257838816,0.744269141255,0.745964038025,0.747663013907,
    0.74936600206,0.751072933322,0.752783736164,0.754498336651,
    0.756216658398,0.757938622523,0.759664147607,0.761393149648,
    0.76312554202,0.764861235424,0.766600137849,0.768342154528,
    0.770087187893,0.771835137534,0.773585900157,0.775339369543,
    0.777095436507,0.778853988859,0.780614911368,0.78237808572,
    0.78414339049,0.785910701104,0.787679889808,0.789450825641,
    0.791223374405,0.792997398643,0.794772757621,0.796549307301,
    0.798326900335,0.800105386052,0.801884610448,0.803664416186,
    0.805444642601,0.807225125702,0.809005698187,0.810786189463,
    0.812566425667,0.814346229701,0.816125421263,0.817903816898,
    0.819681230048,0.821457471109,0.823232347502,0.825005663747,
    0.826777221548,0.82854681989,0.830314255137,0.83207932115,
    0.833841809405,0.835601509125,0.837358207429,0.839111689475,
    0.840861738629,0.842608136635,0.844350663801,0.846089099188,
    0.847823220816,0.849552805875,0.851277630949,0.852997472247,
    0.85471210584,0.856421307916,0.858124855029,0.859822524368,
    0.861514094021,0.863199343258,0.864878052805,0.866550005131,
    0.868214984737,0.869872778446,0.871523175693,0.873165968819,
    0.874800953359,0.876427928336,0.878046696542,0.879657064827,
    0.88125884437,0.882851850954,0.884435905229,0.886010832968,
    0.887576465314,0.889132639014,0.89067919665,0.892215986846,
    0.893742864474,0.895259690838,0.89676633385,0.89826266819,
    0.899748575447,0.901223944252,0.902688670388,0.904142656892,
    0.905585814134,0.907018059884,0.908439319364,0.909849525284,
    0.91124861786,0.912636544821,0.914013261399,0.915378730306,
    0.916732921697,0.918075813122,0.919407389462,0.920727642857,
    0.92203657262,0.923334185144,0.924620493796,0.925895518807,
    0.927159287149,0.928411832404,0.929653194639,0.930883420254,
    0.932102561847,0.933310678059,0.934507833422,0.935694098207,
    0.936869548261,0.938034264854,0.939188334514,0.940331848869,
    0.941464904487,0.942587602717,0.94370004953,0.944802355363,
    0.945894634965,0.946977007246,0.948049595127,0.949112525392,
    0.950165928552,0.951209938699,0.952244693374,0.95327033344,
    0.954287002947,0.955294849019,0.956294021729,0.95728467399,
    0.958266961446,0.959241042366,0.96020707755,0.96116523023,
    0.962115665983,0.963058552647,0.963994060239,0.964922360884,
    0.96584362874,0.966758039937,0.967665772511,0.968567006353,
    0.969461923149,0.970350706341,0.971233541077,0.972110614173,
    0.972982114075,0.973848230832,0.974709156062,0.97556508293,
    0.976416206126,0.977262721847,0.978104827781,0.978942723094,
    0.979776608423,0.980606685866,0.981433158979,0.982256232774,
    0.983076113717,0.983893009731,0.9847071302,0.98551868597,
    0.986327889358,0.987134954159,0.987940095654,0.988743530615,
    0.989545477319,0.990346155556,0.991145786635,0.991944593396,
    0.992742800219,0.993540633031,0.994338319314,0.995136088111,
    0.995934170031,0.99673279725,0.997532203519,0.998332624157,
    0.999134296052,0.99939646232,1.),.UNSPECIFIED.);
#5018 = CARTESIAN_POINT('',(59.683585842982,-7.019777996059,
    12.299923194387));
#5019 = CARTESIAN_POINT('',(59.681362284369,-7.022424863183,
    12.299891369799));
#5020 = CARTESIAN_POINT('',(59.676913958825,-7.027729337451,
    12.299807894302));
#5021 = CARTESIAN_POINT('',(59.670247054187,-7.035707393132,
    12.299623488819));
#5022 = CARTESIAN_POINT('',(59.663577368972,-7.043716978297,
    12.299379613637));
#5023 = CARTESIAN_POINT('',(59.656905462847,-7.051757629762,
    12.299076164343));
#5024 = CARTESIAN_POINT('',(59.650231900248,-7.059828871525,
    12.298713042358));
#5025 = CARTESIAN_POINT('',(59.643557250411,-7.067930214512,
    12.298290155096));
#5026 = CARTESIAN_POINT('',(59.636882087394,-7.076061156322,
    12.297807416136));
#5027 = CARTESIAN_POINT('',(59.63020699011,-7.084221180966,
    12.297264745389));
#5028 = CARTESIAN_POINT('',(59.62353254235,-7.092409758611,
    12.29666206928));
#5029 = CARTESIAN_POINT('',(59.616859332804,-7.100626345313,
    12.295999320928));
#5030 = CARTESIAN_POINT('',(59.610187955088,-7.108870382759,
    12.295276440333));
#5031 = CARTESIAN_POINT('',(59.603519007761,-7.117141297999,
    12.294493374572));
#5032 = CARTESIAN_POINT('',(59.596853094342,-7.125438503184,
    12.293650077993));
#5033 = CARTESIAN_POINT('',(59.590190823331,-7.133761395296,
    12.292746512423));
#5034 = CARTESIAN_POINT('',(59.583532808215,-7.142109355888,
    12.291782647377));
#5035 = CARTESIAN_POINT('',(59.576879667482,-7.150481750813,
    12.290758460272));
#5036 = CARTESIAN_POINT('',(59.570232024627,-7.158877929967,
    12.289673936649));
#5037 = CARTESIAN_POINT('',(59.563590508157,-7.167297227019,
    12.288529070397));
#5038 = CARTESIAN_POINT('',(59.556955751586,-7.175738959157,
    12.287323863992));
#5039 = CARTESIAN_POINT('',(59.550328393435,-7.184202426824,
    12.286058328729));
#5040 = CARTESIAN_POINT('',(59.543709077221,-7.192686913469,
    12.28473248497));
#5041 = CARTESIAN_POINT('',(59.537098451442,-7.201191685292,
    12.28334636239));
#5042 = CARTESIAN_POINT('',(59.530497169559,-7.209715991002,
    12.28190000024));
#5043 = CARTESIAN_POINT('',(59.523905889971,-7.218259061575,
    12.280393447598));
#5044 = CARTESIAN_POINT('',(59.517325275981,-7.226820110018,
    12.278826763645));
#5045 = CARTESIAN_POINT('',(59.510755995761,-7.235398331149,
    12.277200017931));
#5046 = CARTESIAN_POINT('',(59.504198722308,-7.243992901373,
    12.275513290656));
#5047 = CARTESIAN_POINT('',(59.497654133384,-7.252602978478,
    12.273766672949));
#5048 = CARTESIAN_POINT('',(59.491122911465,-7.261227701436,
    12.271960267157));
#5049 = CARTESIAN_POINT('',(59.484605743663,-7.269866190215,
    12.270094187134));
#5050 = CARTESIAN_POINT('',(59.478103321652,-7.278517545612,
    12.268168558541));
#5051 = CARTESIAN_POINT('',(59.471616341574,-7.287180849088,
    12.266183519139));
#5052 = CARTESIAN_POINT('',(59.465145503945,-7.29585516263,
    12.264139219097));
#5053 = CARTESIAN_POINT('',(59.458691513542,-7.304539528624,
    12.262035821291));
#5054 = CARTESIAN_POINT('',(59.452255079276,-7.313232969748,
    12.259873501617));
#5055 = CARTESIAN_POINT('',(59.445836914063,-7.321934488886,
    12.257652449298));
#5056 = CARTESIAN_POINT('',(59.439437734674,-7.330643069063,
    12.255372867193));
#5057 = CARTESIAN_POINT('',(59.43305826157,-7.339357673405,
    12.253034972108));
#5058 = CARTESIAN_POINT('',(59.426699218728,-7.348077245123,
    12.250638995105));
#5059 = CARTESIAN_POINT('',(59.420361333445,-7.356800707523,
    12.248185181813));
#5060 = CARTESIAN_POINT('',(59.414045336138,-7.365526964049,
    12.245673792731));
#5061 = CARTESIAN_POINT('',(59.407751960108,-7.374254898354,
    12.243105103531));
#5062 = CARTESIAN_POINT('',(59.401481941309,-7.382983374402,
    12.240479405359));
#5063 = CARTESIAN_POINT('',(59.395236018078,-7.391711236606,
    12.237797005126));
#5064 = CARTESIAN_POINT('',(59.389014930865,-7.400437310009,
    12.235058225794));
#5065 = CARTESIAN_POINT('',(59.382819421928,-7.409160400493,
    12.232263406655));
#5066 = CARTESIAN_POINT('',(59.376650235021,-7.417879295032,
    12.229412903599));
#5067 = CARTESIAN_POINT('',(59.37050811505,-7.426592761995,
    12.226507089373));
#5068 = CARTESIAN_POINT('',(59.364393807721,-7.435299551483,
    12.223546353824));
#5069 = CARTESIAN_POINT('',(59.358308059151,-7.443998395716,
    12.220531104137));
#5070 = CARTESIAN_POINT('',(59.352251615475,-7.45268800947,
    12.217461765041));
#5071 = CARTESIAN_POINT('',(59.346225222416,-7.46136709056,
    12.21433877902));
#5072 = CARTESIAN_POINT('',(59.340229624841,-7.470034320381,
    12.211162606484));
#5073 = CARTESIAN_POINT('',(59.334265566293,-7.47868836449,
    12.207933725931));
#5074 = CARTESIAN_POINT('',(59.328333788499,-7.487327873253,
    12.204652634086));
#5075 = CARTESIAN_POINT('',(59.32243503086,-7.495951482543,
    12.201319846012));
#5076 = CARTESIAN_POINT('',(59.316570029911,-7.504557814494,
    12.197935895194));
#5077 = CARTESIAN_POINT('',(59.310739518771,-7.513145478311,
    12.194501333604));
#5078 = CARTESIAN_POINT('',(59.304944226559,-7.52171307114,
    12.19101673172));
#5079 = CARTESIAN_POINT('',(59.299184877799,-7.530259178996,
    12.187482678531));
#5080 = CARTESIAN_POINT('',(59.293462191801,-7.538782377745,
    12.183899781495));
#5081 = CARTESIAN_POINT('',(59.287776882024,-7.54728123415,
    12.180268666471));
#5082 = CARTESIAN_POINT('',(59.28212965542,-7.555754306967,
    12.176589977605));
#5083 = CARTESIAN_POINT('',(59.276521211761,-7.564200148107,
    12.172864377186));
#5084 = CARTESIAN_POINT('',(59.270952242956,-7.57261730384,
    12.16909254546));
#5085 = CARTESIAN_POINT('',(59.265423432343,-7.581004316067,
    12.165275180399));
#5086 = CARTESIAN_POINT('',(59.259935453985,-7.589359723634,
    12.161412997427));
#5087 = CARTESIAN_POINT('',(59.254488971939,-7.5976820637,
    12.157506729113));
#5088 = CARTESIAN_POINT('',(59.249084639528,-7.605969873146,
    12.153557124806));
#5089 = CARTESIAN_POINT('',(59.243723098604,-7.614221690042,
    12.149564950233));
#5090 = CARTESIAN_POINT('',(59.238404978809,-7.622436055135,
    12.145530987048));
#5091 = CARTESIAN_POINT('',(59.233130896829,-7.630611513391,
    12.141456032338));
#5092 = CARTESIAN_POINT('',(59.22790145566,-7.638746615559,
    12.13734089808));
#5093 = CARTESIAN_POINT('',(59.222717243867,-7.646839919767,
    12.133186410556));
#5094 = CARTESIAN_POINT('',(59.217578834858,-7.654889993143,
    12.128993409719));
#5095 = CARTESIAN_POINT('',(59.212486786166,-7.662895413449,
    12.124762748517));
#5096 = CARTESIAN_POINT('',(59.207441638743,-7.670854770736,
    12.12049529217));
#5097 = CARTESIAN_POINT('',(59.202443916272,-7.678766668995,
    12.116191917415));
#5098 = CARTESIAN_POINT('',(59.197494124493,-7.686629727822,
    12.111853511692));
#5099 = CARTESIAN_POINT('',(59.192592750561,-7.694442584066,
    12.107480972314));
#5100 = CARTESIAN_POINT('',(59.187740262418,-7.702203893476,
    12.103075205578));
#5101 = CARTESIAN_POINT('',(59.1829371082,-7.709912332323,
    12.098637125861));
#5102 = CARTESIAN_POINT('',(59.178183715673,-7.717566599008,
    12.094167654667));
#5103 = CARTESIAN_POINT('',(59.173480491705,-7.725165415625,
    12.089667719658));
#5104 = CARTESIAN_POINT('',(59.168827821765,-7.732707529503,
    12.085138253654));
#5105 = CARTESIAN_POINT('',(59.164226069477,-7.740191714699,
    12.080580193608));
#5106 = CARTESIAN_POINT('',(59.159675576199,-7.747616773438,
    12.075994479565));
#5107 = CARTESIAN_POINT('',(59.155176660653,-7.754981537509,
    12.071382053601));
#5108 = CARTESIAN_POINT('',(59.150729618604,-7.762284869588,
    12.066743858757));
#5109 = CARTESIAN_POINT('',(59.146334722574,-7.769525664509,
    12.062080837954));
#5110 = CARTESIAN_POINT('',(59.141992221614,-7.776702850455,
    12.057393932913));
#5111 = CARTESIAN_POINT('',(59.137702341124,-7.783815390077,
    12.052684083064));
#5112 = CARTESIAN_POINT('',(59.133465282718,-7.790862281536,
    12.04795222447));
#5113 = CARTESIAN_POINT('',(59.129281224146,-7.797842559455,
    12.043199288742));
#5114 = CARTESIAN_POINT('',(59.125150319264,-7.804755295795,
    12.038426201978));
#5115 = CARTESIAN_POINT('',(59.121072698052,-7.811599600633,
    12.033633883708));
#5116 = CARTESIAN_POINT('',(59.117048466693,-7.818374622852,
    12.028823245856));
#5117 = CARTESIAN_POINT('',(59.11307770769,-7.825079550737,
    12.023995191727));
#5118 = CARTESIAN_POINT('',(59.109160480041,-7.831713612479,
    12.019150615015));
#5119 = CARTESIAN_POINT('',(59.105296819462,-7.838276076576,
    12.014290398835));
#5120 = CARTESIAN_POINT('',(59.101486738655,-7.844766252149,
    12.00941541479));
#5121 = CARTESIAN_POINT('',(59.097730227619,-7.851183489153,
    12.004526522063));
#5122 = CARTESIAN_POINT('',(59.094027254015,-7.857527178501,
    11.999624566553));
#5123 = CARTESIAN_POINT('',(59.090377763565,-7.863796752084,
    11.994710380036));
#5124 = CARTESIAN_POINT('',(59.086781680492,-7.869991682715,
    11.989784779373));
#5125 = CARTESIAN_POINT('',(59.083238908003,-7.876111483964,
    11.984848565754));
#5126 = CARTESIAN_POINT('',(59.079749328801,-7.882155709924,
    11.979902523985));
#5127 = CARTESIAN_POINT('',(59.076312805638,-7.888123954877,
    11.974947421811));
#5128 = CARTESIAN_POINT('',(59.072929181893,-7.894015852889,
    11.969984009293));
#5129 = CARTESIAN_POINT('',(59.069598282179,-7.899831077322,
    11.965013018218));
#5130 = CARTESIAN_POINT('',(59.066319912977,-7.905569340272,
    11.960035161558));
#5131 = CARTESIAN_POINT('',(59.063093863296,-7.911230391937,
    11.955051132974));
#5132 = CARTESIAN_POINT('',(59.059919905345,-7.91681401992,
    11.950061606356));
#5133 = CARTESIAN_POINT('',(59.056797795229,-7.922320048465,
    11.945067235416));
#5134 = CARTESIAN_POINT('',(59.053727273662,-7.927748337636,
    11.94006865332));
#5135 = CARTESIAN_POINT('',(59.050708066684,-7.93309878245,
    11.935066472356));
#5136 = CARTESIAN_POINT('',(59.047739886397,-7.938371311947,
    11.930061283654));
#5137 = CARTESIAN_POINT('',(59.044822431703,-7.943565888222,
    11.925053656936));
#5138 = CARTESIAN_POINT('',(59.041955389051,-7.94868250542,
    11.920044140311));
#5139 = CARTESIAN_POINT('',(59.039138433185,-7.953721188686,
    11.915033260103));
#5140 = CARTESIAN_POINT('',(59.036371227891,-7.958681993084,
    11.910021520721));
#5141 = CARTESIAN_POINT('',(59.033653426751,-7.963565002494,
    11.905009404557));
#5142 = CARTESIAN_POINT('',(59.030984673884,-7.968370328475,
    11.899997371919));
#5143 = CARTESIAN_POINT('',(59.028364604692,-7.973098109117,11.894985861
    ));
#5144 = CARTESIAN_POINT('',(59.025792846594,-7.977748507862,
    11.889975287868));
#5145 = CARTESIAN_POINT('',(59.023269019755,-7.982321712328,
    11.884966046493));
#5146 = CARTESIAN_POINT('',(59.020792737804,-7.986817933108,
    11.879958508794));
#5147 = CARTESIAN_POINT('',(59.018363608547,-7.99123740257,
    11.874953024713));
#5148 = CARTESIAN_POINT('',(59.015981234665,-7.995580373648,
    11.869949922315));
#5149 = CARTESIAN_POINT('',(59.013645214402,-7.999847118634,
    11.864949507901));
#5150 = CARTESIAN_POINT('',(59.011355142237,-8.004037927968,
    11.859952066152));
#5151 = CARTESIAN_POINT('',(59.009110609549,-8.008153109033,
    11.854957860285));
#5152 = CARTESIAN_POINT('',(59.006911205262,-8.012192984954,
    11.849967132222));
#5153 = CARTESIAN_POINT('',(59.004756516481,-8.016157893402,
    11.844980102785));
#5154 = CARTESIAN_POINT('',(59.002646129107,-8.020048185414,
    11.839996971897));
#5155 = CARTESIAN_POINT('',(59.000579628445,-8.02386422421,
    11.835017918795));
#5156 = CARTESIAN_POINT('',(58.998556599788,-8.027606384036,
    11.830043102263));
#5157 = CARTESIAN_POINT('',(58.996576628996,-8.03127504901,
    11.825072660864));
#5158 = CARTESIAN_POINT('',(58.99463930305,-8.034870611986,
    11.820106713193));
#5159 = CARTESIAN_POINT('',(58.992744210597,-8.038393473434,
    11.815145358127));
#5160 = CARTESIAN_POINT('',(58.990890942477,-8.041844040328,
    11.810188675092));
#5161 = CARTESIAN_POINT('',(58.989079092241,-8.045222725061,
    11.805236724332));
#5162 = CARTESIAN_POINT('',(58.987308256644,-8.048529944371,
    11.800289547181));
#5163 = CARTESIAN_POINT('',(58.985578036134,-8.051766118282,
    11.795347166346));
#5164 = CARTESIAN_POINT('',(58.983888035322,-8.054931669065,
    11.790409586195));
#5165 = CARTESIAN_POINT('',(58.982237863439,-8.058027020221,
    11.785476793039));
#5166 = CARTESIAN_POINT('',(58.98062713478,-8.061052595475,
    11.780548755431));
#5167 = CARTESIAN_POINT('',(58.979055469137,-8.064008817787,
    11.775625424461));
#5168 = CARTESIAN_POINT('',(58.977522492215,-8.066896108392,
    11.770706734051));
#5169 = CARTESIAN_POINT('',(58.976027836044,-8.069714885844,
    11.765792601263));
#5170 = CARTESIAN_POINT('',(58.974571139371,-8.072465565085,
    11.760882926597));
#5171 = CARTESIAN_POINT('',(58.973152048045,-8.075148556533,
    11.755977594305));
#5172 = CARTESIAN_POINT('',(58.971770215396,-8.077764265184,
    11.751076472696));
#5173 = CARTESIAN_POINT('',(58.970425302594,-8.080313089727,
    11.746179414448));
#5174 = CARTESIAN_POINT('',(58.969116979004,-8.08279542169,
    11.741286256926));
#5175 = CARTESIAN_POINT('',(58.967844922538,-8.085211644587,
    11.736396822497));
#5176 = CARTESIAN_POINT('',(58.966608819985,-8.087562133088,
    11.731510918855));
#5177 = CARTESIAN_POINT('',(58.965408367341,-8.089847252212,
    11.72662833934));
#5178 = CARTESIAN_POINT('',(58.964243270131,-8.09206735652,
    11.721748863269));
#5179 = CARTESIAN_POINT('',(58.963113243725,-8.094222789344,
    11.71687225627));
#5180 = CARTESIAN_POINT('',(58.962018013635,-8.096313882013,
    11.711998270612));
#5181 = CARTESIAN_POINT('',(58.960957315824,-8.098340953107,
    11.707126645554));
#5182 = CARTESIAN_POINT('',(58.959930896992,-8.100304307723,
    11.702257107685));
#5183 = CARTESIAN_POINT('',(58.958938514863,-8.102204236754,
    11.697389371281));
#5184 = CARTESIAN_POINT('',(58.957979938465,-8.104041016185,
    11.692523138657));
#5185 = CARTESIAN_POINT('',(58.957054948406,-8.105814906409,
    11.687658100541));
#5186 = CARTESIAN_POINT('',(58.956163337138,-8.107526151551,
    11.682793936436));
#5187 = CARTESIAN_POINT('',(58.955304909225,-8.109174978812,
    11.677930315007));
#5188 = CARTESIAN_POINT('',(58.954479481593,-8.110761597832,
    11.673066894467));
#5189 = CARTESIAN_POINT('',(58.953686883786,-8.112286200059,
    11.668203322972));
#5190 = CARTESIAN_POINT('',(58.952926958212,-8.113748958149,
    11.663339239028));
#5191 = CARTESIAN_POINT('',(58.95219956038,-8.115150025369,
    11.658474271907));
#5192 = CARTESIAN_POINT('',(58.951504559137,-8.116489535027,
    11.653608042073));
#5193 = CARTESIAN_POINT('',(58.950841836898,-8.117767599916,
    11.648740161615));
#5194 = CARTESIAN_POINT('',(58.950211289868,-8.118984311777,
    11.6438702347));
#5195 = CARTESIAN_POINT('',(58.94961282826,-8.12013974078,
    11.638997858025));
#5196 = CARTESIAN_POINT('',(58.949046376503,-8.12123393503,
    11.634122621293));
#5197 = CARTESIAN_POINT('',(58.948511873453,-8.122266920085,
    11.629244107692));
#5198 = CARTESIAN_POINT('',(58.948009272587,-8.123238698504,
    11.624361894388));
#5199 = CARTESIAN_POINT('',(58.947538542194,-8.124149249409,
    11.619475553038));
#5200 = CARTESIAN_POINT('',(58.947099665563,-8.124998528081,
    11.6145846503));
#5201 = CARTESIAN_POINT('',(58.946692641154,-8.12578646557,
    11.609688748372));
#5202 = CARTESIAN_POINT('',(58.946317482772,-8.126512968335,
    11.604787405535));
#5203 = CARTESIAN_POINT('',(58.945974219723,-8.127177917907,
    11.599880176705));
#5204 = CARTESIAN_POINT('',(58.945662896967,-8.127781170586,
    11.594966614007));
#5205 = CARTESIAN_POINT('',(58.945383575263,-8.128322557162,
    11.590046267356));
#5206 = CARTESIAN_POINT('',(58.945136331298,-8.128801882659,
    11.585118685028));
#5207 = CARTESIAN_POINT('',(58.94492125781,-8.129218926125,
    11.580183414354));
#5208 = CARTESIAN_POINT('',(58.944738463706,-8.129573440438,
    11.575240002002));
#5209 = CARTESIAN_POINT('',(58.944588074155,-8.129865152154,
    11.570287995821));
#5210 = CARTESIAN_POINT('',(58.944470230683,-8.130093761391,
    11.565326940943));
#5211 = CARTESIAN_POINT('',(58.944385091263,-8.130258941728,
    11.560356397346));
#5212 = CARTESIAN_POINT('',(58.944344584981,-8.130337533411,
    11.556496107366));
#5213 = CARTESIAN_POINT('',(58.944323569528,-8.130378308913,
    11.55304303305));
#5214 = CARTESIAN_POINT('',(58.944319086711,-8.130387006901,
    11.551250013404));
#5215 = CARTESIAN_POINT('',(58.944319086711,-8.130387006901,11.55));
#5216 = ORIENTED_EDGE('',*,*,#5217,.T.);
#5217 = EDGE_CURVE('',#5015,#5218,#5220,.T.);
#5218 = VERTEX_POINT('',#5219);
#5219 = CARTESIAN_POINT('',(59.703551131408,-6.996135886518,
    12.299943177415));
#5220 = CIRCLE('',#5221,6.);
#5221 = AXIS2_PLACEMENT_3D('',#5222,#5223,#5224);
#5222 = CARTESIAN_POINT('',(64.277652418711,-10.87912409323,12.3));
#5223 = DIRECTION('',(0.,-2.22044604925E-16,-1.));
#5224 = DIRECTION('',(0.,1.,-2.22044604925E-16));
#5225 = ORIENTED_EDGE('',*,*,#5226,.F.);
#5226 = EDGE_CURVE('',#4996,#5218,#5227,.T.);
#5227 = B_SPLINE_CURVE_WITH_KNOTS('',3,(#5228,#5229,#5230,#5231,#5232,
    #5233,#5234,#5235,#5236,#5237,#5238,#5239,#5240,#5241,#5242,#5243,
    #5244,#5245,#5246,#5247,#5248,#5249,#5250,#5251,#5252,#5253,#5254,
    #5255,#5256,#5257,#5258,#5259,#5260,#5261,#5262,#5263,#5264,#5265,
    #5266,#5267,#5268,#5269,#5270,#5271,#5272,#5273,#5274,#5275,#5276,
    #5277,#5278,#5279,#5280,#5281,#5282,#5283,#5284,#5285,#5286,#5287,
    #5288,#5289,#5290,#5291,#5292,#5293,#5294,#5295,#5296,#5297,#5298,
    #5299,#5300,#5301,#5302,#5303,#5304,#5305,#5306,#5307,#5308,#5309,
    #5310,#5311,#5312,#5313,#5314,#5315,#5316,#5317,#5318,#5319,#5320,
    #5321,#5322,#5323,#5324,#5325,#5326,#5327,#5328,#5329,#5330,#5331,
    #5332,#5333,#5334,#5335,#5336,#5337,#5338,#5339,#5340,#5341,#5342,
    #5343,#5344,#5345,#5346,#5347,#5348,#5349,#5350,#5351,#5352,#5353,
    #5354,#5355,#5356,#5357,#5358,#5359,#5360,#5361,#5362,#5363,#5364,
    #5365,#5366,#5367,#5368,#5369,#5370,#5371,#5372,#5373,#5374,#5375,
    #5376,#5377,#5378,#5379,#5380,#5381,#5382,#5383,#5384,#5385,#5386,
    #5387,#5388,#5389,#5390,#5391,#5392,#5393,#5394,#5395,#5396,#5397,
    #5398,#5399,#5400,#5401,#5402,#5403,#5404,#5405,#5406,#5407,#5408,
    #5409,#5410,#5411,#5412,#5413),.UNSPECIFIED.,.F.,.F.,(4,1,1,1,1,1,1,
    1,1,1,1,1,1,1,1,1,1,1,1,1,1,1,1,1,1,1,1,1,1,1,1,1,1,1,1,1,1,1,1,1,1,
    1,1,1,1,1,1,1,1,1,1,1,1,1,1,1,1,1,1,1,1,1,1,1,1,1,1,1,1,1,1,1,1,1,1,
    1,1,1,1,1,1,1,1,1,1,1,1,1,1,1,1,1,1,1,1,1,1,1,1,1,1,1,1,1,1,1,1,1,1,
    1,1,1,1,1,1,1,1,1,1,1,1,1,1,1,1,1,1,1,1,1,1,1,1,1,1,1,1,1,1,1,1,1,1,
    1,1,1,1,1,1,1,1,1,1,1,1,1,1,1,1,1,1,1,1,1,1,1,1,1,1,1,1,1,1,1,1,1,1,
    1,1,1,1,1,1,4),(0.4999997986,0.500432754219,0.501481855514,
    0.502530039296,0.503577373353,0.504623925258,0.505669762361,
    0.506714951784,0.50775956042,0.508803654927,0.509847301721,
    0.510890566978,0.511933516626,0.512976216341,0.514018731547,
    0.515061127407,0.516103468825,0.517145820439,0.518188246621,
    0.519230811469,0.520273578809,0.521316612189,0.522359974878,
    0.523403729861,0.524447939839,0.525492667226,0.526537974142,
    0.527583922419,0.528630573589,0.529677988891,0.530726229261,
    0.531775355335,0.532825427445,0.533876505618,0.534928649571,
    0.535981918714,0.537036372143,0.538092068644,0.539149066684,
    0.540207424416,0.541267199676,0.542328449976,0.54339123251,
    0.544455604149,0.545521621436,0.546589340593,0.54765881751,
    0.548730107751,0.549803266548,0.550878348803,0.551955409084,
    0.553034501624,0.55411568032,0.555198998732,0.556284510083,
    0.557372267253,0.558462322782,0.559554728868,0.560649537363,
    0.561746799773,0.562846567259,0.563948890631,0.565053820349,
    0.566161406521,0.567271698904,0.568384746897,0.569500599543,
    0.570619305527,0.571740913173,0.572865470444,0.573993024939,
    0.57512362389,0.576257314162,0.577394142251,0.57853415428,
    0.579677395999,0.58082391278,0.581973749617,0.583126951125,
    0.584283561533,0.585443624686,0.586607184039,0.587774282657,
    0.588944963209,0.59011926797,0.591297238812,0.592478917207,
    0.593664344217,0.594853560499,0.596046606294,0.597243521428,
    0.598444345306,0.59964911691,0.600857874796,0.602070657085,
    0.603287501465,0.604508445184,0.605733525045,0.606962777403,
    0.608196238159,0.609433942758,0.61067592618,0.611922222937,
    0.613172867069,0.614427892138,0.615687331221,0.616951216905,
    0.618219581282,0.619492455943,0.620769871971,0.622051859936,
    0.623338449887,0.624629671344,0.625925553296,0.62722612419,
    0.628531411925,0.629841443842,0.631156246722,0.632475846773,
    0.633800269625,0.635129540318,0.636463683299,0.637802722409,
    0.639146680876,0.640495581304,0.641849445665,0.643208295292,
    0.644572150863,0.645941032397,0.647314959238,0.648693950049,
    0.650078022801,0.651467194756,0.652861482464,0.654260901744,
    0.655665467677,0.657075194589,0.658490096045,0.659910184828,
    0.661335472933,0.662765971548,0.664201691044,0.665642640958,
    0.66708882998,0.668540265938,0.669996955782,0.671458905567,
    0.672926120442,0.674398604628,0.675876361404,0.677359393088,
    0.678847701023,0.680341285554,0.681840146014,0.683344280703,
    0.684853686868,0.686368360684,0.687888297235,0.689413490491,
    0.690943933288,0.692479617308,0.694020533053,0.695566669825,
    0.697118015702,0.698674557515,0.700236280823,0.701803169886,
    0.703375207647,0.704952375695,0.706534654249,0.708122022123,
    0.709714456705,0.711311933922,0.712914428216,0.714521912514,
    0.716134358194,0.717751735059,0.719374011303,0.721001153481,
    0.722633126473,0.724269893452,0.725911415854,0.727557653338,
    0.729208563752),.UNSPECIFIED.);
#5228 = CARTESIAN_POINT('',(60.444319086672,-6.263329950775,11.55));
#5229 = CARTESIAN_POINT('',(60.444319086679,-6.26332995077,
    11.550896718181));
#5230 = CARTESIAN_POINT('',(60.444313581688,-6.263334522584,
    11.553966287714));
#5231 = CARTESIAN_POINT('',(60.444272011027,-6.2633690463,
    11.559206613254));
#5232 = CARTESIAN_POINT('',(60.444163778798,-6.263458934467,
    11.56571819061));
#5233 = CARTESIAN_POINT('',(60.443999190812,-6.263595634991,
    11.572222489161));
#5234 = CARTESIAN_POINT('',(60.443778414798,-6.263779018735,
    11.578719108458));
#5235 = CARTESIAN_POINT('',(60.443501619518,-6.264008959125,
    11.585207651406));
#5236 = CARTESIAN_POINT('',(60.443168974714,-6.264285332166,
    11.591687724196));
#5237 = CARTESIAN_POINT('',(60.442780651054,-6.264608016448,
    11.598158936249));
#5238 = CARTESIAN_POINT('',(60.442336820081,-6.264976893161,
    11.604620900148));
#5239 = CARTESIAN_POINT('',(60.441837654162,-6.265391846103,
    11.611073231579));
#5240 = CARTESIAN_POINT('',(60.441283326444,-6.265852761683,
    11.617515549261));
#5241 = CARTESIAN_POINT('',(60.440674010809,-6.266359528933,
    11.623947474888));
#5242 = CARTESIAN_POINT('',(60.440009881831,-6.266912039504,
    11.630368633058));
#5243 = CARTESIAN_POINT('',(60.439291114739,-6.267510187676,
    11.63677865121));
#5244 = CARTESIAN_POINT('',(60.438517885377,-6.268153870356,
    11.643177159558));
#5245 = CARTESIAN_POINT('',(60.43769037017,-6.268842987074,
    11.649563791023));
#5246 = CARTESIAN_POINT('',(60.436808746091,-6.269577439986,
    11.65593818117));
#5247 = CARTESIAN_POINT('',(60.43587319063,-6.270357133869,
    11.66229996814));
#5248 = CARTESIAN_POINT('',(60.434883881767,-6.271181976115,
    11.668648792581));
#5249 = CARTESIAN_POINT('',(60.433840997945,-6.272051876725,
    11.674984297586));
#5250 = CARTESIAN_POINT('',(60.432744718045,-6.272966748303,
    11.681306128624));
#5251 = CARTESIAN_POINT('',(60.431595221367,-6.273926506044,
    11.687613933477));
#5252 = CARTESIAN_POINT('',(60.430392687606,-6.274931067725,
    11.693907362171));
#5253 = CARTESIAN_POINT('',(60.429137296838,-6.275980353694,
    11.700186066913));
#5254 = CARTESIAN_POINT('',(60.427829229504,-6.277074286856,
    11.706449702025));
#5255 = CARTESIAN_POINT('',(60.426468666392,-6.27821279266,
    11.712697923881));
#5256 = CARTESIAN_POINT('',(60.425055788634,-6.279395799079,
    11.718930390844));
#5257 = CARTESIAN_POINT('',(60.423590777686,-6.280623236599,
    11.725146763198));
#5258 = CARTESIAN_POINT('',(60.42207381533,-6.281895038197,
    11.731346703093));
#5259 = CARTESIAN_POINT('',(60.42050508366,-6.283211139324,
    11.737529874478));
#5260 = CARTESIAN_POINT('',(60.418884765084,-6.284571477881,
    11.743695943039));
#5261 = CARTESIAN_POINT('',(60.417213042317,-6.285975994202,
    11.749844576144));
#5262 = CARTESIAN_POINT('',(60.415490098385,-6.287424631029,
    11.755975442781));
#5263 = CARTESIAN_POINT('',(60.413716116621,-6.288917333487,
    11.762088213498));
#5264 = CARTESIAN_POINT('',(60.411891280673,-6.290454049061,
    11.768182560347));
#5265 = CARTESIAN_POINT('',(60.410015774505,-6.29203472757,
    11.77425815683));
#5266 = CARTESIAN_POINT('',(60.408089782403,-6.293659321139,
    11.780314677837));
#5267 = CARTESIAN_POINT('',(60.406113488985,-6.295327784171,
    11.7863517996));
#5268 = CARTESIAN_POINT('',(60.404087079208,-6.29704007332,
    11.792369199632));
#5269 = CARTESIAN_POINT('',(60.402010738378,-6.298796147461,
    11.798366556681));
#5270 = CARTESIAN_POINT('',(60.399884652162,-6.300595967654,
    11.804343550675));
#5271 = CARTESIAN_POINT('',(60.397709006603,-6.302439497122,
    11.810299862672));
#5272 = CARTESIAN_POINT('',(60.395483988131,-6.304326701208,
    11.816235174815));
#5273 = CARTESIAN_POINT('',(60.393209783583,-6.30625754735,
    11.82214917028));
#5274 = CARTESIAN_POINT('',(60.390886580214,-6.308232005042,
    11.828041533233));
#5275 = CARTESIAN_POINT('',(60.388514565721,-6.310250045802,
    11.833911948784));
#5276 = CARTESIAN_POINT('',(60.386093928257,-6.312311643134,
    11.839760102943));
#5277 = CARTESIAN_POINT('',(60.383624856455,-6.314416772491,
    11.845585682577));
#5278 = CARTESIAN_POINT('',(60.381107539444,-6.316565411241,
    11.85138837537));
#5279 = CARTESIAN_POINT('',(60.378542166878,-6.318757538626,
    11.857167869783));
#5280 = CARTESIAN_POINT('',(60.375928928953,-6.320993135725,
    11.862923855014));
#5281 = CARTESIAN_POINT('',(60.373268016433,-6.323272185414,
    11.868656020964));
#5282 = CARTESIAN_POINT('',(60.370559620676,-6.325594672325,
    11.874364058196));
#5283 = CARTESIAN_POINT('',(60.367803933655,-6.327960582808,
    11.880047657906));
#5284 = CARTESIAN_POINT('',(60.36500114799,-6.330369904888,
    11.885706511885));
#5285 = CARTESIAN_POINT('',(60.362151456971,-6.332822628222,
    11.891340312491));
#5286 = CARTESIAN_POINT('',(60.359255054586,-6.335318744059,
    11.896948752614));
#5287 = CARTESIAN_POINT('',(60.356312135551,-6.337858245197,
    11.902531525651));
#5288 = CARTESIAN_POINT('',(60.353322895335,-6.340441125935,
    11.908088325476));
#5289 = CARTESIAN_POINT('',(60.350287530193,-6.343067382036,
    11.913618846411));
#5290 = CARTESIAN_POINT('',(60.347206237195,-6.345737010675,
    11.919122783206));
#5291 = CARTESIAN_POINT('',(60.344079214256,-6.348450010401,
    11.924599831011));
#5292 = CARTESIAN_POINT('',(60.340906660163,-6.351206381083,
    11.930049685352));
#5293 = CARTESIAN_POINT('',(60.337688774614,-6.354006123872,
    11.935472042113));
#5294 = CARTESIAN_POINT('',(60.334425758242,-6.356849241151,
    11.940866597516));
#5295 = CARTESIAN_POINT('',(60.331117812651,-6.359735736484,
    11.946233048097));
#5296 = CARTESIAN_POINT('',(60.327765140447,-6.362665614576,
    11.951571090693));
#5297 = CARTESIAN_POINT('',(60.324367945268,-6.365638881218,
    11.956880422423));
#5298 = CARTESIAN_POINT('',(60.320926431823,-6.368655543243,
    11.962160740676));
#5299 = CARTESIAN_POINT('',(60.317440805919,-6.371715608473,
    11.967411743091));
#5300 = CARTESIAN_POINT('',(60.313911274493,-6.374819085675,
    11.97263312755));
#5301 = CARTESIAN_POINT('',(60.310338045655,-6.377965984505,
    11.977824592163));
#5302 = CARTESIAN_POINT('',(60.306721328707,-6.381156315463,
    11.982985835258));
#5303 = CARTESIAN_POINT('',(60.303061334191,-6.384390089837,
    11.988116555374));
#5304 = CARTESIAN_POINT('',(60.299358273911,-6.387667319658,
    11.993216451247));
#5305 = CARTESIAN_POINT('',(60.295612360975,-6.390988017643,
    11.99828522181));
#5306 = CARTESIAN_POINT('',(60.291823809822,-6.394352197145,
    12.003322566181));
#5307 = CARTESIAN_POINT('',(60.287992836262,-6.3977598721,
    12.008328183661));
#5308 = CARTESIAN_POINT('',(60.284119657505,-6.401211056976,
    12.013301773731));
#5309 = CARTESIAN_POINT('',(60.280204492199,-6.404705766718,
    12.018243036046));
#5310 = CARTESIAN_POINT('',(60.276247560459,-6.408244016694,
    12.023151670435));
#5311 = CARTESIAN_POINT('',(60.272249083906,-6.41182582264,
    12.028027376902));
#5312 = CARTESIAN_POINT('',(60.268209285696,-6.415451200609,
    12.032869855622));
#5313 = CARTESIAN_POINT('',(60.264128390557,-6.419120166912,
    12.037678806948));
#5314 = CARTESIAN_POINT('',(60.260006624822,-6.422832738065,
    12.042453931405));
#5315 = CARTESIAN_POINT('',(60.25584421646,-6.42658893073,
    12.047194929703));
#5316 = CARTESIAN_POINT('',(60.251641395112,-6.430388761663,
    12.051901502733));
#5317 = CARTESIAN_POINT('',(60.247398392126,-6.434232247653,
    12.056573351576));
#5318 = CARTESIAN_POINT('',(60.243115440584,-6.438119405467,
    12.061210177509));
#5319 = CARTESIAN_POINT('',(60.238792775343,-6.44205025179,
    12.065811682009));
#5320 = CARTESIAN_POINT('',(60.234430633059,-6.446024803169,
    12.070377566766));
#5321 = CARTESIAN_POINT('',(60.230029252228,-6.450043075954,
    12.074907533684));
#5322 = CARTESIAN_POINT('',(60.225588873215,-6.454105086237,
    12.079401284898));
#5323 = CARTESIAN_POINT('',(60.221109738285,-6.45821084979,
    12.08385852278));
#5324 = CARTESIAN_POINT('',(60.216592091637,-6.462360382013,
    12.08827894995));
#5325 = CARTESIAN_POINT('',(60.212036179437,-6.466553697862,
    12.092662269291));
#5326 = CARTESIAN_POINT('',(60.207442249848,-6.470790811796,
    12.097008183957));
#5327 = CARTESIAN_POINT('',(60.202810553063,-6.47507173771,
    12.101316397393));
#5328 = CARTESIAN_POINT('',(60.198141341334,-6.479396488875,
    12.105586613341));
#5329 = CARTESIAN_POINT('',(60.193434869009,-6.483765077874,
    12.109818535864));
#5330 = CARTESIAN_POINT('',(60.188691392557,-6.488177516537,
    12.114011869353));
#5331 = CARTESIAN_POINT('',(60.183911170602,-6.492633815876,
    12.118166318551));
#5332 = CARTESIAN_POINT('',(60.179094463953,-6.497133986024,
    12.122281588564));
#5333 = CARTESIAN_POINT('',(60.174241535636,-6.501678036165,
    12.126357384886));
#5334 = CARTESIAN_POINT('',(60.169352650921,-6.506265974466,
    12.130393413409));
#5335 = CARTESIAN_POINT('',(60.164428077357,-6.510897808015,
    12.134389380451));
#5336 = CARTESIAN_POINT('',(60.159468084798,-6.515573542751,
    12.138344992769));
#5337 = CARTESIAN_POINT('',(60.154472945433,-6.520293183392,
    12.142259957585));
#5338 = CARTESIAN_POINT('',(60.14944293382,-6.52505673337,
    12.146133982604));
#5339 = CARTESIAN_POINT('',(60.144378326908,-6.529864194759,
    12.149966776037));
#5340 = CARTESIAN_POINT('',(60.139279404073,-6.534715568202,
    12.153758046625));
#5341 = CARTESIAN_POINT('',(60.134146447145,-6.539610852843,
    12.157507503661));
#5342 = CARTESIAN_POINT('',(60.128979740434,-6.54455004625,
    12.161214857015));
#5343 = CARTESIAN_POINT('',(60.123779570761,-6.549533144346,
    12.164879817158));
#5344 = CARTESIAN_POINT('',(60.118546227489,-6.55456014133,
    12.168502095187));
#5345 = CARTESIAN_POINT('',(60.113280002545,-6.559631029605,
    12.172081402853));
#5346 = CARTESIAN_POINT('',(60.107981190455,-6.564745799699,
    12.175617452585));
#5347 = CARTESIAN_POINT('',(60.102650088367,-6.56990444019,
    12.17910995752));
#5348 = CARTESIAN_POINT('',(60.097286996082,-6.575106937626,
    12.182558631529));
#5349 = CARTESIAN_POINT('',(60.09189221608,-6.580353276444,
    12.185963189245));
#5350 = CARTESIAN_POINT('',(60.086466053547,-6.585643438897,
    12.189323346096));
#5351 = CARTESIAN_POINT('',(60.081008816405,-6.590977404961,
    12.19263881833));
#5352 = CARTESIAN_POINT('',(60.075520815336,-6.596355152263,
    12.195909323049));
#5353 = CARTESIAN_POINT('',(60.070002363812,-6.60177665599,
    12.19913457824));
#5354 = CARTESIAN_POINT('',(60.064453778122,-6.607241888809,
    12.202314302803));
#5355 = CARTESIAN_POINT('',(60.058875377397,-6.612750820776,
    12.20544821659));
#5356 = CARTESIAN_POINT('',(60.053267483637,-6.618303419254,
    12.208536040433));
#5357 = CARTESIAN_POINT('',(60.047630421739,-6.623899648819,
    12.211577496178));
#5358 = CARTESIAN_POINT('',(60.041964519525,-6.629539471173,
    12.214572306724));
#5359 = CARTESIAN_POINT('',(60.036270107766,-6.635222845054,
    12.217520196052));
#5360 = CARTESIAN_POINT('',(60.030547520209,-6.64094972614,
    12.220420889268));
#5361 = CARTESIAN_POINT('',(60.024797093605,-6.646720066956,
    12.223274112633));
#5362 = CARTESIAN_POINT('',(60.019019167734,-6.652533816778,
    12.226079593605));
#5363 = CARTESIAN_POINT('',(60.013214085433,-6.65839092154,
    12.228837060872));
#5364 = CARTESIAN_POINT('',(60.007382192622,-6.664291323728,
    12.2315462444));
#5365 = CARTESIAN_POINT('',(60.001523838327,-6.670234962286,
    12.234206875462));
#5366 = CARTESIAN_POINT('',(59.995639374713,-6.676221772512,
    12.236818686684));
#5367 = CARTESIAN_POINT('',(59.989729157105,-6.682251685954,
    12.239381412089));
#5368 = CARTESIAN_POINT('',(59.983793544018,-6.688324630306,
    12.241894787132));
#5369 = CARTESIAN_POINT('',(59.97783289718,-6.6944405293,12.244358548748
    ));
#5370 = CARTESIAN_POINT('',(59.971847581562,-6.700599302599,
    12.246772435393));
#5371 = CARTESIAN_POINT('',(59.965837965402,-6.706800865684,
    12.249136187092));
#5372 = CARTESIAN_POINT('',(59.959804420234,-6.713045129744,
    12.251449545482));
#5373 = CARTESIAN_POINT('',(59.953747320911,-6.719332001561,
    12.253712253858));
#5374 = CARTESIAN_POINT('',(59.947667045638,-6.725661383393,
    12.255924057222));
#5375 = CARTESIAN_POINT('',(59.941563975993,-6.732033172857,
    12.258084702331));
#5376 = CARTESIAN_POINT('',(59.935438496956,-6.738447262807,
    12.260193937747));
#5377 = CARTESIAN_POINT('',(59.929290996938,-6.744903541213,
    12.262251513886));
#5378 = CARTESIAN_POINT('',(59.923121867806,-6.751401891037,
    12.264257183071));
#5379 = CARTESIAN_POINT('',(59.916931504912,-6.757942190105,
    12.266210699585));
#5380 = CARTESIAN_POINT('',(59.91072030712,-6.764524310976,
    12.268111819724));
#5381 = CARTESIAN_POINT('',(59.904488676834,-6.771148120815,
    12.269960301851));
#5382 = CARTESIAN_POINT('',(59.898237020023,-6.777813481256,
    12.271755906456));
#5383 = CARTESIAN_POINT('',(59.891965746257,-6.784520248268,
    12.273498396211));
#5384 = CARTESIAN_POINT('',(59.885675268727,-6.791268272013,
    12.275187536028));
#5385 = CARTESIAN_POINT('',(59.879366004276,-6.798057396709,
    12.276823093123));
#5386 = CARTESIAN_POINT('',(59.873038373432,-6.804887460484,
    12.278404837074));
#5387 = CARTESIAN_POINT('',(59.866692800432,-6.811758295228,
    12.279932539886));
#5388 = CARTESIAN_POINT('',(59.860329713252,-6.818669726448,
    12.281405976057));
#5389 = CARTESIAN_POINT('',(59.85394954364,-6.825621573114,
    12.282824922643));
#5390 = CARTESIAN_POINT('',(59.847552727141,-6.832613647502,
    12.284189159324));
#5391 = CARTESIAN_POINT('',(59.841139703131,-6.83964575504,
    12.285498468479));
#5392 = CARTESIAN_POINT('',(59.834710914845,-6.846717694148,
    12.286752635252));
#5393 = CARTESIAN_POINT('',(59.828266809408,-6.853829256072,
    12.28795144763));
#5394 = CARTESIAN_POINT('',(59.821807837867,-6.860980224717,
    12.289094696514));
#5395 = CARTESIAN_POINT('',(59.815334455219,-6.868170376483,
    12.290182175801));
#5396 = CARTESIAN_POINT('',(59.808847120446,-6.875399480085,
    12.291213682459));
#5397 = CARTESIAN_POINT('',(59.802346296545,-6.882667296385,
    12.29218901661));
#5398 = CARTESIAN_POINT('',(59.79583245056,-6.889973578207,
    12.293107981615));
#5399 = CARTESIAN_POINT('',(59.789306053613,-6.897318070158,
    12.293970384159));
#5400 = CARTESIAN_POINT('',(59.782767580938,-6.904700508441,
    12.294776034337));
#5401 = CARTESIAN_POINT('',(59.776217511914,-6.91212062067,
    12.29552474575));
#5402 = CARTESIAN_POINT('',(59.769656330095,-6.919578125671,
    12.296216335593));
#5403 = CARTESIAN_POINT('',(59.763084523247,-6.927072733296,
    12.296850624755));
#5404 = CARTESIAN_POINT('',(59.756502583378,-6.934604144214,
    12.297427437915));
#5405 = CARTESIAN_POINT('',(59.749911006771,-6.942172049717,
    12.297946603644));
#5406 = CARTESIAN_POINT('',(59.743310294024,-6.949776131509,
    12.298407954512));
#5407 = CARTESIAN_POINT('',(59.736700950073,-6.957416061502,
    12.298811327193));
#5408 = CARTESIAN_POINT('',(59.730083484235,-6.965091501596,
    12.299156562575));
#5409 = CARTESIAN_POINT('',(59.723458410237,-6.972802103471,
    12.29944350588));
#5410 = CARTESIAN_POINT('',(59.716826246253,-6.980547508361,
    12.299672006771));
#5411 = CARTESIAN_POINT('',(59.710187514933,-6.988327346836,
    12.299841919484));
#5412 = CARTESIAN_POINT('',(59.705763897355,-6.993529281751,
    12.299915937546));
#5413 = CARTESIAN_POINT('',(59.703551131408,-6.996135886518,
    12.299943177415));
#5414 = CYLINDRICAL_SURFACE('',#5415,0.75);
#5415 = AXIS2_PLACEMENT_3D('',#5416,#5417,#5418);
#5416 = CARTESIAN_POINT('',(59.694319086711,26.120875906767,11.55));
#5417 = DIRECTION('',(0.,-1.,2.22044604925E-16));
#5418 = DIRECTION('',(0.,-2.22044604925E-16,-1.));
#5419 = ADVANCED_FACE('',(#5420),#5438,.T.);
#5420 = FACE_BOUND('',#5421,.T.);
#5421 = EDGE_LOOP('',(#5422,#5430,#5431,#5432));
#5422 = ORIENTED_EDGE('',*,*,#5423,.F.);
#5423 = EDGE_CURVE('',#4621,#5424,#5426,.T.);
#5424 = VERTEX_POINT('',#5425);
#5425 = CARTESIAN_POINT('',(60.444319086711,-6.26332995075,
    3.799999999999));
#5426 = LINE('',#5427,#5428);
#5427 = CARTESIAN_POINT('',(60.444319086711,18.505081764284,
    3.799999999999));
#5428 = VECTOR('',#5429,1.);
#5429 = DIRECTION('',(0.,-1.,2.22044604925E-16));
#5430 = ORIENTED_EDGE('',*,*,#4811,.F.);
#5431 = ORIENTED_EDGE('',*,*,#4995,.T.);
#5432 = ORIENTED_EDGE('',*,*,#5433,.F.);
#5433 = EDGE_CURVE('',#5424,#4996,#5434,.T.);
#5434 = LINE('',#5435,#5436);
#5435 = CARTESIAN_POINT('',(60.444319086711,-6.26332995075,
    3.799999999999));
#5436 = VECTOR('',#5437,1.);
#5437 = DIRECTION('',(-2.549702384708E-12,-1.559304656721E-12,1.));
#5438 = PLANE('',#5439);
#5439 = AXIS2_PLACEMENT_3D('',#5440,#5441,#5442);
#5440 = CARTESIAN_POINT('',(60.444319086711,18.505081764284,
    3.799999999999));
#5441 = DIRECTION('',(1.,0.,0.));
#5442 = DIRECTION('',(0.,-2.22044604925E-16,-1.));
#5443 = ADVANCED_FACE('',(#5444),#5613,.F.);
#5444 = FACE_BOUND('',#5445,.F.);
#5445 = EDGE_LOOP('',(#5446,#5447,#5448,#5449,#5450,#5451));
#5446 = ORIENTED_EDGE('',*,*,#5423,.F.);
#5447 = ORIENTED_EDGE('',*,*,#4620,.F.);
#5448 = ORIENTED_EDGE('',*,*,#2292,.T.);
#5449 = ORIENTED_EDGE('',*,*,#2301,.T.);
#5450 = ORIENTED_EDGE('',*,*,#2309,.T.);
#5451 = ORIENTED_EDGE('',*,*,#5452,.F.);
#5452 = EDGE_CURVE('',#5424,#2310,#5453,.T.);
#5453 = B_SPLINE_CURVE_WITH_KNOTS('',3,(#5454,#5455,#5456,#5457,#5458,
    #5459,#5460,#5461,#5462,#5463,#5464,#5465,#5466,#5467,#5468,#5469,
    #5470,#5471,#5472,#5473,#5474,#5475,#5476,#5477,#5478,#5479,#5480,
    #5481,#5482,#5483,#5484,#5485,#5486,#5487,#5488,#5489,#5490,#5491,
    #5492,#5493,#5494,#5495,#5496,#5497,#5498,#5499,#5500,#5501,#5502,
    #5503,#5504,#5505,#5506,#5507,#5508,#5509,#5510,#5511,#5512,#5513,
    #5514,#5515,#5516,#5517,#5518,#5519,#5520,#5521,#5522,#5523,#5524,
    #5525,#5526,#5527,#5528,#5529,#5530,#5531,#5532,#5533,#5534,#5535,
    #5536,#5537,#5538,#5539,#5540,#5541,#5542,#5543,#5544,#5545,#5546,
    #5547,#5548,#5549,#5550,#5551,#5552,#5553,#5554,#5555,#5556,#5557,
    #5558,#5559,#5560,#5561,#5562,#5563,#5564,#5565,#5566,#5567,#5568,
    #5569,#5570,#5571,#5572,#5573,#5574,#5575,#5576,#5577,#5578,#5579,
    #5580,#5581,#5582,#5583,#5584,#5585,#5586,#5587,#5588,#5589,#5590,
    #5591,#5592,#5593,#5594,#5595,#5596,#5597,#5598,#5599,#5600,#5601,
    #5602,#5603,#5604,#5605,#5606,#5607,#5608,#5609,#5610,#5611,#5612),
  .UNSPECIFIED.,.F.,.F.,(4,1,1,1,1,1,1,1,1,1,1,1,1,1,1,1,1,1,1,1,1,1,1,1
    ,1,1,1,1,1,1,1,1,1,1,1,1,1,1,1,1,1,1,1,1,1,1,1,1,1,1,1,1,1,1,1,1,1,1
    ,1,1,1,1,1,1,1,1,1,1,1,1,1,1,1,1,1,1,1,1,1,1,1,1,1,1,1,1,1,1,1,1,1,1
    ,1,1,1,1,1,1,1,1,1,1,1,1,1,1,1,1,1,1,1,1,1,1,1,1,1,1,1,1,1,1,1,1,1,1
    ,1,1,1,1,1,1,1,1,1,1,1,1,1,1,1,1,1,1,1,1,1,1,1,1,1,1,1,1,1,1,4),(0.,
    7.087918339059E-04,1.926027869317E-03,3.145253608084E-03,
    4.366576733988E-03,5.5901051951E-03,6.815947166417E-03,
    8.044211011612E-03,9.275005243872E-03,1.050843848584E-02,
    1.17446194286E-02,1.298365678977E-02,1.422565927065E-02,
    1.547073551238E-02,1.671899405124E-02,1.797054327292E-02,
    1.922549136589E-02,2.048394627383E-02,2.17460156471E-02,
    2.301180679326E-02,2.428142662672E-02,2.555498161739E-02,
    2.683257773852E-02,2.811432041356E-02,2.94003144622E-02,
    3.069066404552E-02,3.198547261033E-02,3.328484283266E-02,
    3.458887656048E-02,3.589767475565E-02,3.721133743516E-02,
    3.852996361158E-02,3.9853651233E-02,4.118249712217E-02,
    4.251659691513E-02,4.385604499932E-02,4.520093445112E-02,
    4.655135697294E-02,4.790740282992E-02,4.926916078632E-02,
    5.063671804147E-02,5.20101601656E-02,5.338957103545E-02,
    5.47750327697E-02,5.616662566441E-02,5.756442812844E-02,
    5.896851661889E-02,6.037896557678E-02,6.179584736287E-02,
    6.321923219383E-02,6.464918807872E-02,6.608578075598E-02,
    6.752907363091E-02,6.897912771379E-02,7.043600155871E-02,
    7.189975120314E-02,7.337043010846E-02,7.484808910135E-02,
    7.633277631633E-02,7.782453713943E-02,7.932341415305E-02,
    8.082944708222E-02,8.234267274226E-02,8.386312498799E-02,
    8.539083466453E-02,8.692582955981E-02,8.846813435898E-02,
    9.00177706006E-02,9.157475663489E-02,9.313910758411E-02,
    9.471083530505E-02,9.628994835382E-02,9.787645195303E-02,
    9.947034796136E-02,0.101071634846,0.102680307656,0.104296358002,
    0.105919774036,0.107550540431,0.109188638371,0.110834045539,
    0.112486736108,0.114146680736,0.115813846564,0.117488197219,
    0.119169692818,0.120858289972,0.122553941804,0.124256597956,
    0.125966204613,0.127682704519,0.129406037005,0.131136138014,
    0.132872940134,0.134616372631,0.136366361485,0.138122829435,
    0.139885696018,0.14165487762,0.143430287525,0.145211835967,
    0.146999430186,0.14879297449,0.150592370314,0.152397516286,
    0.154208308295,0.156024639558,0.157846400696,0.159673479807,
    0.161505762541,0.163343132182,0.16518546973,0.167032653979,
    0.168884561607,0.170741067257,0.172602043631,0.174467361574,
    0.176336890167,0.178210496818,0.180088047353,0.181969406111,
    0.183854436038,0.185742998781,0.187634954781,0.189530163371,
    0.191428482869,0.193329770675,0.195233883363,0.197140676781,
    0.199050006141,0.200961726113,0.20287569092,0.204791754432,
    0.206709770253,0.208629591815,0.210551072468,0.212474065567,
    0.214398424558,0.216324003068,0.218250654985,0.220178234544,
    0.222106596408,0.224035595745,0.225965088308,0.227894930515,
    0.229824979516,0.231755093271,0.233685130618,0.235614951346,
    0.237544416254,0.239473387225,0.241401727282,0.243329300651,
    0.245255972821,0.247181610598,0.249106082163,0.25102925712),
  .UNSPECIFIED.);
#5454 = CARTESIAN_POINT('',(60.444319086711,-6.26332995075,
    3.799999999999));
#5455 = CARTESIAN_POINT('',(60.444319086711,-6.26332995075,
    3.799499999443));
#5456 = CARTESIAN_POINT('',(60.444322483399,-6.263327129862,
    3.798141325878));
#5457 = CARTESIAN_POINT('',(60.444343102757,-6.263310005896,
    3.795922693658));
#5458 = CARTESIAN_POINT('',(60.444389249561,-6.263271682482,
    3.793343039649));
#5459 = CARTESIAN_POINT('',(60.444457705704,-6.263214833325,
    3.790759780273));
#5460 = CARTESIAN_POINT('',(60.444548575711,-6.263139373306,
    3.788173016893));
#5461 = CARTESIAN_POINT('',(60.444661965789,-6.263045216469,
    3.785582851661));
#5462 = CARTESIAN_POINT('',(60.444797983796,-6.262932276061,
    3.782989389844));
#5463 = CARTESIAN_POINT('',(60.444956739185,-6.262800464587,
    3.780392739346));
#5464 = CARTESIAN_POINT('',(60.445138342954,-6.262649693861,
    3.77779301098));
#5465 = CARTESIAN_POINT('',(60.445342907586,-6.262479875061,
    3.775190318545));
#5466 = CARTESIAN_POINT('',(60.44557054699,-6.262290918795,
    3.772584778943));
#5467 = CARTESIAN_POINT('',(60.445821376435,-6.262082735158,
    3.769976512293));
#5468 = CARTESIAN_POINT('',(60.44609551248,-6.261855233805,
    3.767365642038));
#5469 = CARTESIAN_POINT('',(60.446393072902,-6.261608324019,
    3.764752295059));
#5470 = CARTESIAN_POINT('',(60.446714176618,-6.261341914786,
    3.762136601777));
#5471 = CARTESIAN_POINT('',(60.447058943606,-6.261055914872,
    3.759518696265));
#5472 = CARTESIAN_POINT('',(60.447427494816,-6.260750232905,
    3.756898716348));
#5473 = CARTESIAN_POINT('',(60.447819952084,-6.260424777459,
    3.754276803704));
#5474 = CARTESIAN_POINT('',(60.448236438041,-6.26007945714,3.75165310397
    ));
#5475 = CARTESIAN_POINT('',(60.448677076011,-6.259714180678,
    3.749027766831));
#5476 = CARTESIAN_POINT('',(60.449141989914,-6.259328857022,
    3.746400946125));
#5477 = CARTESIAN_POINT('',(60.449631304163,-6.258923395436,
    3.743772799926));
#5478 = CARTESIAN_POINT('',(60.450145143551,-6.258497705596,
    3.741143490641));
#5479 = CARTESIAN_POINT('',(60.450683633144,-6.258051697701,
    3.738513185094));
#5480 = CARTESIAN_POINT('',(60.451246898165,-6.257585282569,
    3.735882054609));
#5481 = CARTESIAN_POINT('',(60.451835063872,-6.257098371754,
    3.733250275093));
#5482 = CARTESIAN_POINT('',(60.452448255441,-6.256590877654,
    3.73061802711));
#5483 = CARTESIAN_POINT('',(60.453086597832,-6.256062713625,
    3.72798549596));
#5484 = CARTESIAN_POINT('',(60.453750215671,-6.255513794099,
    3.725352871742));
#5485 = CARTESIAN_POINT('',(60.454439233107,-6.254944034701,
    3.722720349427));
#5486 = CARTESIAN_POINT('',(60.455153773683,-6.254353352374,
    3.720088128916));
#5487 = CARTESIAN_POINT('',(60.455893960196,-6.2537416655,3.717456415101
    ));
#5488 = CARTESIAN_POINT('',(60.456659914554,-6.253108894027,
    3.714825417919));
#5489 = CARTESIAN_POINT('',(60.457451757633,-6.252454959596,
    3.712195352397));
#5490 = CARTESIAN_POINT('',(60.458269609131,-6.251779785672,
    3.709566438707));
#5491 = CARTESIAN_POINT('',(60.459113587414,-6.251083297674,
    3.706938902196));
#5492 = CARTESIAN_POINT('',(60.45998380937,-6.250365423109,
    3.704312973432));
#5493 = CARTESIAN_POINT('',(60.460880390249,-6.249626091708,
    3.701688888228));
#5494 = CARTESIAN_POINT('',(60.461803443508,-6.248865235558,
    3.699066887673));
#5495 = CARTESIAN_POINT('',(60.462753080655,-6.248082789241,
    3.69644721815));
#5496 = CARTESIAN_POINT('',(60.463729411083,-6.247278689973,
    3.693830131357));
#5497 = CARTESIAN_POINT('',(60.46473254191,-6.246452877742,
    3.691215884312));
#5498 = CARTESIAN_POINT('',(60.465762577814,-6.245605295447,
    3.688604739366));
#5499 = CARTESIAN_POINT('',(60.466819620869,-6.244735889037,
    3.685996964198));
#5500 = CARTESIAN_POINT('',(60.467903770374,-6.243844607654,
    3.683392831812));
#5501 = CARTESIAN_POINT('',(60.469015122688,-6.24293140377,
    3.680792620526));
#5502 = CARTESIAN_POINT('',(60.470153771057,-6.241996233332,
    3.678196613957));
#5503 = CARTESIAN_POINT('',(60.471319805449,-6.241039055898,
    3.675605100999));
#5504 = CARTESIAN_POINT('',(60.472513312377,-6.240059834779,
    3.673018375792));
#5505 = CARTESIAN_POINT('',(60.473734374729,-6.239058537176,
    3.670436737695));
#5506 = CARTESIAN_POINT('',(60.474983071601,-6.238035134324,
    3.66786049124));
#5507 = CARTESIAN_POINT('',(60.476259478116,-6.236989601623,
    3.665289946093));
#5508 = CARTESIAN_POINT('',(60.477563665261,-6.235921918778,
    3.662725416996));
#5509 = CARTESIAN_POINT('',(60.478895699711,-6.234832069934,
    3.660167223717));
#5510 = CARTESIAN_POINT('',(60.480255643655,-6.23372004381,
    3.657615690982));
#5511 = CARTESIAN_POINT('',(60.481643554633,-6.232585833827,
    3.655071148406));
#5512 = CARTESIAN_POINT('',(60.483059485358,-6.231429438245,
    3.652533930421));
#5513 = CARTESIAN_POINT('',(60.484503483553,-6.230250860283,
    3.650004376191));
#5514 = CARTESIAN_POINT('',(60.485975591782,-6.229050108251,
    3.647482829525));
#5515 = CARTESIAN_POINT('',(60.487475847283,-6.227827195667,
    3.644969638786));
#5516 = CARTESIAN_POINT('',(60.489004281804,-6.226582141384,
    3.64246515679));
#5517 = CARTESIAN_POINT('',(60.490560921445,-6.225314969699,
    3.639969740698));
#5518 = CARTESIAN_POINT('',(60.492145786489,-6.224025710474,
    3.637483751909));
#5519 = CARTESIAN_POINT('',(60.493758891256,-6.222714399243,
    3.635007555936));
#5520 = CARTESIAN_POINT('',(60.495400243936,-6.221381077322,
    3.632541522288));
#5521 = CARTESIAN_POINT('',(60.497069846447,-6.220025791907,
    3.630086024339));
#5522 = CARTESIAN_POINT('',(60.498767694279,-6.21864859618,
    3.627641439191));
#5523 = CARTESIAN_POINT('',(60.500493776351,-6.217249549398,
    3.625208147533));
#5524 = CARTESIAN_POINT('',(60.502248074868,-6.21582871699,
    3.622786533495));
#5525 = CARTESIAN_POINT('',(60.504030565183,-6.214386170637,
    3.620376984495));
#5526 = CARTESIAN_POINT('',(60.505841215661,-6.212921988359,
    3.617979891083));
#5527 = CARTESIAN_POINT('',(60.507679987551,-6.211436254589,
    3.615595646772));
#5528 = CARTESIAN_POINT('',(60.509546834857,-6.209929060244,
    3.613224647877));
#5529 = CARTESIAN_POINT('',(60.511441704219,-6.208400502794,
    3.610867293334));
#5530 = CARTESIAN_POINT('',(60.513364534795,-6.206850686319,
    3.608523984525));
#5531 = CARTESIAN_POINT('',(60.515315258151,-6.205279721568,
    3.606195125092));
#5532 = CARTESIAN_POINT('',(60.517293798154,-6.203687726008,
    3.603881120752));
#5533 = CARTESIAN_POINT('',(60.519300070872,-6.202074823864,
    3.601582379098));
#5534 = CARTESIAN_POINT('',(60.521333984475,-6.200441146163,
    3.599299309407));
#5535 = CARTESIAN_POINT('',(60.523395439155,-6.198786830759,
    3.597032322435));
#5536 = CARTESIAN_POINT('',(60.525484327034,-6.197112022363,
    3.594781830211));
#5537 = CARTESIAN_POINT('',(60.527600532092,-6.19541687256,
    3.592548245829));
#5538 = CARTESIAN_POINT('',(60.529743930094,-6.19370153982,
    3.590331983234));
#5539 = CARTESIAN_POINT('',(60.531914388532,-6.191966189507,
    3.588133457005));
#5540 = CARTESIAN_POINT('',(60.534111766559,-6.190210993875,
    3.585953082135));
#5541 = CARTESIAN_POINT('',(60.53633591495,-6.188436132062,3.58379127381
    ));
#5542 = CARTESIAN_POINT('',(60.538586676048,-6.186641790077,
    3.581648447182));
#5543 = CARTESIAN_POINT('',(60.540863883736,-6.184828160775,
    3.579525017139));
#5544 = CARTESIAN_POINT('',(60.543167363409,-6.18299544383,
    3.577421398082));
#5545 = CARTESIAN_POINT('',(60.545496931945,-6.181143845704,
    3.575338003685));
#5546 = CARTESIAN_POINT('',(60.547852397701,-6.1792735796,3.573275246668
    ));
#5547 = CARTESIAN_POINT('',(60.550233560501,-6.177384865415,
    3.571233538558));
#5548 = CARTESIAN_POINT('',(60.55264021164,-6.175477929685,
    3.569213289457));
#5549 = CARTESIAN_POINT('',(60.555072133893,-6.173553005523,
    3.567214907804));
#5550 = CARTESIAN_POINT('',(60.557529101532,-6.171610332546,
    3.565238800136));
#5551 = CARTESIAN_POINT('',(60.560010880351,-6.169650156804,
    3.563285370855));
#5552 = CARTESIAN_POINT('',(60.562517227701,-6.167672730693,
    3.561355021991));
#5553 = CARTESIAN_POINT('',(60.565047892525,-6.165678312868,
    3.559448152962));
#5554 = CARTESIAN_POINT('',(60.567602615411,-6.163667168149,
    3.557565160344));
#5555 = CARTESIAN_POINT('',(60.570181128646,-6.161639567412,
    3.555706437631));
#5556 = CARTESIAN_POINT('',(60.57278315628,-6.15959578749,3.55387237501)
  );
#5557 = CARTESIAN_POINT('',(60.575408414197,-6.15753611105,
    3.552063359122));
#5558 = CARTESIAN_POINT('',(60.578056610195,-6.155460826477,
    3.550279772839));
#5559 = CARTESIAN_POINT('',(60.58072744407,-6.153370227749,
    3.548521995035));
#5560 = CARTESIAN_POINT('',(60.583420607708,-6.151264614303,
    3.546790400361));
#5561 = CARTESIAN_POINT('',(60.586135785192,-6.149144290895,
    3.545085359028));
#5562 = CARTESIAN_POINT('',(60.588872652902,-6.147009567465,
    3.543407236587));
#5563 = CARTESIAN_POINT('',(60.591630879636,-6.144860758984,
    3.541756393713));
#5564 = CARTESIAN_POINT('',(60.594410126727,-6.142698185301,3.540133186)
  );
#5565 = CARTESIAN_POINT('',(60.597210048172,-6.140522170994,
    3.53853796375));
#5566 = CARTESIAN_POINT('',(60.600030290767,-6.138333045197,
    3.536971071772));
#5567 = CARTESIAN_POINT('',(60.602870494247,-6.136131141449,
    3.535432849189));
#5568 = CARTESIAN_POINT('',(60.605730291432,-6.133916797512,
    3.533923629238));
#5569 = CARTESIAN_POINT('',(60.608609308381,-6.131690355208,
    3.532443739091));
#5570 = CARTESIAN_POINT('',(60.611507164547,-6.12945216024,
    3.530993499668));
#5571 = CARTESIAN_POINT('',(60.614423472938,-6.127202562012,
    3.529573225459));
#5572 = CARTESIAN_POINT('',(60.617357840293,-6.12494191345,
    3.528183224359));
#5573 = CARTESIAN_POINT('',(60.620309867246,-6.122670570819,
    3.526823797496));
#5574 = CARTESIAN_POINT('',(60.623279148507,-6.120388893533,
    3.525495239079));
#5575 = CARTESIAN_POINT('',(60.626265273044,-6.118097243973,
    3.524197836237));
#5576 = CARTESIAN_POINT('',(60.629267824267,-6.115795987291,
    3.522931868881));
#5577 = CARTESIAN_POINT('',(60.632286380215,-6.113485491226,
    3.521697609558));
#5578 = CARTESIAN_POINT('',(60.635320513753,-6.111166125907,
    3.520495323318));
#5579 = CARTESIAN_POINT('',(60.638369792764,-6.108838263664,
    3.519325267591));
#5580 = CARTESIAN_POINT('',(60.641433780348,-6.106502278833,
    3.518187692061));
#5581 = CARTESIAN_POINT('',(60.644512035025,-6.104158547563,
    3.517082838558));
#5582 = CARTESIAN_POINT('',(60.647604110934,-6.101807447626,
    3.516010940947));
#5583 = CARTESIAN_POINT('',(60.650709558042,-6.099449358219,
    3.514972225031));
#5584 = CARTESIAN_POINT('',(60.653827922347,-6.097084659776,
    3.513966908459));
#5585 = CARTESIAN_POINT('',(60.65695874609,-6.094713733774,
    3.512995200635));
#5586 = CARTESIAN_POINT('',(60.660101567962,-6.092336962546,
    3.512057302646));
#5587 = CARTESIAN_POINT('',(60.663255923315,-6.089954729087,
    3.511153407185));
#5588 = CARTESIAN_POINT('',(60.666421344373,-6.087567416873,
    3.510283698488));
#5589 = CARTESIAN_POINT('',(60.66959736044,-6.08517540967,3.509448352276
    ));
#5590 = CARTESIAN_POINT('',(60.672783498118,-6.082779091352,3.5086475357
    ));
#5591 = CARTESIAN_POINT('',(60.67597928151,-6.080378845722,
    3.507881407302));
#5592 = CARTESIAN_POINT('',(60.679184232437,-6.077975056329,
    3.507150116974));
#5593 = CARTESIAN_POINT('',(60.682397870643,-6.075568106295,
    3.506453805923));
#5594 = CARTESIAN_POINT('',(60.685619714008,-6.073158378138,
    3.505792606653));
#5595 = CARTESIAN_POINT('',(60.688849278756,-6.070746253606,
    3.505166642941));
#5596 = CARTESIAN_POINT('',(60.692086079656,-6.068332113503,
    3.504576029827));
#5597 = CARTESIAN_POINT('',(60.695329630236,-6.065916337529,
    3.504020873608));
#5598 = CARTESIAN_POINT('',(60.698579442978,-6.063499304119,
    3.503501271837));
#5599 = CARTESIAN_POINT('',(60.701835029526,-6.061081390281,
    3.503017313327));
#5600 = CARTESIAN_POINT('',(60.705095900881,-6.058662971447,
    3.502569078168));
#5601 = CARTESIAN_POINT('',(60.708361567603,-6.05624442132,
    3.502156637738));
#5602 = CARTESIAN_POINT('',(60.71163154,-6.053826111727,3.50178005473));
#5603 = CARTESIAN_POINT('',(60.714905328328,-6.051408412479,
    3.50143938318));
#5604 = CARTESIAN_POINT('',(60.718182442972,-6.048991691227,
    3.501134668494));
#5605 = CARTESIAN_POINT('',(60.72146239464,-6.046576313334,
    3.500865947497));
#5606 = CARTESIAN_POINT('',(60.724744694546,-6.044162641738,
    3.500633248466));
#5607 = CARTESIAN_POINT('',(60.728028854587,-6.04175103683,
    3.500436591183));
#5608 = CARTESIAN_POINT('',(60.731314387524,-6.039341856329,
    3.500275986987));
#5609 = CARTESIAN_POINT('',(60.73460080716,-6.036935455164,
    3.500151438828));
#5610 = CARTESIAN_POINT('',(60.737887628504,-6.03453218536,
    3.500062941333));
#5611 = CARTESIAN_POINT('',(60.740079575752,-6.032931750666,
    3.500027955115));
#5612 = CARTESIAN_POINT('',(60.741175492311,-6.032132144711,
    3.500016470761));
#5613 = CYLINDRICAL_SURFACE('',#5614,0.3);
#5614 = AXIS2_PLACEMENT_3D('',#5615,#5616,#5617);
#5615 = CARTESIAN_POINT('',(60.744319086711,21.120875906767,
    3.799999999999));
#5616 = DIRECTION('',(0.,-1.,2.22044604925E-16));
#5617 = DIRECTION('',(0.,-2.22044604925E-16,-1.));
#5618 = ADVANCED_FACE('',(#5619),#5634,.F.);
#5619 = FACE_BOUND('',#5620,.F.);
#5620 = EDGE_LOOP('',(#5621,#5622,#5623,#5629,#5630,#5631,#5632,#5633));
#5621 = ORIENTED_EDGE('',*,*,#2318,.T.);
#5622 = ORIENTED_EDGE('',*,*,#4244,.T.);
#5623 = ORIENTED_EDGE('',*,*,#5624,.F.);
#5624 = EDGE_CURVE('',#5007,#4237,#5625,.T.);
#5625 = LINE('',#5626,#5627);
#5626 = CARTESIAN_POINT('',(58.944319086711,-8.130387006901,11.55));
#5627 = VECTOR('',#5628,1.);
#5628 = DIRECTION('',(-9.05827384427E-13,-1.672518754316E-12,-1.));
#5629 = ORIENTED_EDGE('',*,*,#5014,.F.);
#5630 = ORIENTED_EDGE('',*,*,#5217,.T.);
#5631 = ORIENTED_EDGE('',*,*,#5226,.F.);
#5632 = ORIENTED_EDGE('',*,*,#5433,.F.);
#5633 = ORIENTED_EDGE('',*,*,#5452,.T.);
#5634 = CYLINDRICAL_SURFACE('',#5635,6.);
#5635 = AXIS2_PLACEMENT_3D('',#5636,#5637,#5638);
#5636 = CARTESIAN_POINT('',(64.277652418711,-10.87912409323,12.3));
#5637 = DIRECTION('',(0.,2.22044604925E-16,1.));
#5638 = DIRECTION('',(0.,1.,-2.22044604925E-16));
#5639 = ADVANCED_FACE('',(#5640),#5646,.T.);
#5640 = FACE_BOUND('',#5641,.T.);
#5641 = EDGE_LOOP('',(#5642,#5643,#5644,#5645));
#5642 = ORIENTED_EDGE('',*,*,#5006,.F.);
#5643 = ORIENTED_EDGE('',*,*,#4612,.F.);
#5644 = ORIENTED_EDGE('',*,*,#4236,.T.);
#5645 = ORIENTED_EDGE('',*,*,#5624,.F.);
#5646 = PLANE('',#5647);
#5647 = AXIS2_PLACEMENT_3D('',#5648,#5649,#5650);
#5648 = CARTESIAN_POINT('',(58.944319086711,20.372138820435,11.55));
#5649 = DIRECTION('',(-1.,0.,0.));
#5650 = DIRECTION('',(0.,2.22044604925E-16,1.));
#5651 = ADVANCED_FACE('',(#5652),#5662,.F.);
#5652 = FACE_BOUND('',#5653,.F.);
#5653 = EDGE_LOOP('',(#5654,#5655,#5660,#5661));
#5654 = ORIENTED_EDGE('',*,*,#2336,.F.);
#5655 = ORIENTED_EDGE('',*,*,#5656,.T.);
#5656 = EDGE_CURVE('',#2337,#596,#5657,.T.);
#5657 = B_SPLINE_CURVE_WITH_KNOTS('',1,(#5658,#5659),.UNSPECIFIED.,.F.,
  .F.,(2,2),(0.,2.300000000001),.PIECEWISE_BEZIER_KNOTS.);
#5658 = CARTESIAN_POINT('',(64.277652418711,-13.02912409323,3.5));
#5659 = CARTESIAN_POINT('',(64.277652418711,-13.02912409323,1.2));
#5660 = ORIENTED_EDGE('',*,*,#595,.F.);
#5661 = ORIENTED_EDGE('',*,*,#5656,.F.);
#5662 = CYLINDRICAL_SURFACE('',#5663,2.15);
#5663 = AXIS2_PLACEMENT_3D('',#5664,#5665,#5666);
#5664 = CARTESIAN_POINT('',(64.277652418711,-10.87912409323,3.5));
#5665 = DIRECTION('',(0.,-2.22044604925E-16,-1.));
#5666 = DIRECTION('',(0.,-1.,2.22044604925E-16));
#5667 = ADVANCED_FACE('',(#5668),#5678,.F.);
#5668 = FACE_BOUND('',#5669,.F.);
#5669 = EDGE_LOOP('',(#5670,#5671,#5676,#5677));
#5670 = ORIENTED_EDGE('',*,*,#2347,.F.);
#5671 = ORIENTED_EDGE('',*,*,#5672,.T.);
#5672 = EDGE_CURVE('',#2348,#607,#5673,.T.);
#5673 = B_SPLINE_CURVE_WITH_KNOTS('',1,(#5674,#5675),.UNSPECIFIED.,.F.,
  .F.,(2,2),(0.,2.300000000001),.PIECEWISE_BEZIER_KNOTS.);
#5674 = CARTESIAN_POINT('',(64.277652418711,20.970875906767,3.5));
#5675 = CARTESIAN_POINT('',(64.277652418711,20.970875906767,
    1.199999999999));
#5676 = ORIENTED_EDGE('',*,*,#606,.F.);
#5677 = ORIENTED_EDGE('',*,*,#5672,.F.);
#5678 = CYLINDRICAL_SURFACE('',#5679,2.15);
#5679 = AXIS2_PLACEMENT_3D('',#5680,#5681,#5682);
#5680 = CARTESIAN_POINT('',(64.277652418711,23.120875906767,3.5));
#5681 = DIRECTION('',(0.,-2.22044604925E-16,-1.));
#5682 = DIRECTION('',(0.,-1.,2.22044604925E-16));
#5683 = ADVANCED_FACE('',(#5684),#5690,.T.);
#5684 = FACE_BOUND('',#5685,.T.);
#5685 = EDGE_LOOP('',(#5686,#5687,#5688,#5689));
#5686 = ORIENTED_EDGE('',*,*,#687,.T.);
#5687 = ORIENTED_EDGE('',*,*,#725,.F.);
#5688 = ORIENTED_EDGE('',*,*,#1359,.F.);
#5689 = ORIENTED_EDGE('',*,*,#510,.F.);
#5690 = CYLINDRICAL_SURFACE('',#5691,3.);
#5691 = AXIS2_PLACEMENT_3D('',#5692,#5693,#5694);
#5692 = CARTESIAN_POINT('',(19.777652418711,23.120875906767,2.35));
#5693 = DIRECTION('',(0.,2.22044604925E-16,1.));
#5694 = DIRECTION('',(0.,1.,-2.22044604925E-16));
#5695 = ADVANCED_FACE('',(#5696),#5724,.T.);
#5696 = FACE_BOUND('',#5697,.T.);
#5697 = EDGE_LOOP('',(#5698,#5707,#5715,#5722,#5723));
#5698 = ORIENTED_EDGE('',*,*,#5699,.T.);
#5699 = EDGE_CURVE('',#664,#5700,#5702,.T.);
#5700 = VERTEX_POINT('',#5701);
#5701 = CARTESIAN_POINT('',(18.277652418711,17.120875906767,
    11.549999999999));
#5702 = CIRCLE('',#5703,0.75);
#5703 = AXIS2_PLACEMENT_3D('',#5704,#5705,#5706);
#5704 = CARTESIAN_POINT('',(17.527652418711,17.120875906767,
    11.549999999999));
#5705 = DIRECTION('',(-7.105427357601E-15,1.,-2.22044604925E-16));
#5706 = DIRECTION('',(0.,-2.22044604925E-16,-1.));
#5707 = ORIENTED_EDGE('',*,*,#5708,.T.);
#5708 = EDGE_CURVE('',#5700,#5709,#5711,.T.);
#5709 = VERTEX_POINT('',#5710);
#5710 = CARTESIAN_POINT('',(18.277652418711,17.120875906767,
    3.799999999999));
#5711 = LINE('',#5712,#5713);
#5712 = CARTESIAN_POINT('',(18.277652418711,17.120875906767,
    11.549999999999));
#5713 = VECTOR('',#5714,1.);
#5714 = DIRECTION('',(-1.833658672929E-15,-2.22044604925E-16,-1.));
#5715 = ORIENTED_EDGE('',*,*,#5716,.F.);
#5716 = EDGE_CURVE('',#734,#5709,#5717,.T.);
#5717 = CIRCLE('',#5718,0.3);
#5718 = AXIS2_PLACEMENT_3D('',#5719,#5720,#5721);
#5719 = CARTESIAN_POINT('',(18.577652418711,17.120875906767,
    3.799999999999));
#5720 = DIRECTION('',(-5.921189464667E-15,1.,-2.22044604925E-16));
#5721 = DIRECTION('',(0.,-2.22044604925E-16,-1.));
#5722 = ORIENTED_EDGE('',*,*,#733,.T.);
#5723 = ORIENTED_EDGE('',*,*,#671,.T.);
#5724 = PLANE('',#5725);
#5725 = AXIS2_PLACEMENT_3D('',#5726,#5727,#5728);
#5726 = CARTESIAN_POINT('',(16.777652418711,17.120875906767,
    11.549999999999));
#5727 = DIRECTION('',(-6.090366306515E-15,1.,-2.22044604925E-16));
#5728 = DIRECTION('',(0.,2.22044604925E-16,1.));
#5729 = ADVANCED_FACE('',(#5730),#5749,.T.);
#5730 = FACE_BOUND('',#5731,.T.);
#5731 = EDGE_LOOP('',(#5732,#5740,#5741,#5742));
#5732 = ORIENTED_EDGE('',*,*,#5733,.F.);
#5733 = EDGE_CURVE('',#5700,#5734,#5736,.T.);
#5734 = VERTEX_POINT('',#5735);
#5735 = CARTESIAN_POINT('',(18.277652418711,-4.879124093233,11.55));
#5736 = LINE('',#5737,#5738);
#5737 = CARTESIAN_POINT('',(18.277652418711,17.120875906767,
    11.549999999999));
#5738 = VECTOR('',#5739,1.);
#5739 = DIRECTION('',(-8.074349270001E-16,-1.,2.22044604925E-16));
#5740 = ORIENTED_EDGE('',*,*,#5699,.F.);
#5741 = ORIENTED_EDGE('',*,*,#663,.T.);
#5742 = ORIENTED_EDGE('',*,*,#5743,.F.);
#5743 = EDGE_CURVE('',#5734,#656,#5744,.T.);
#5744 = CIRCLE('',#5745,0.75);
#5745 = AXIS2_PLACEMENT_3D('',#5746,#5747,#5748);
#5746 = CARTESIAN_POINT('',(17.527652418711,-4.879124093233,11.55));
#5747 = DIRECTION('',(0.,-1.,2.22044604925E-16));
#5748 = DIRECTION('',(0.,2.22044604925E-16,1.));
#5749 = CYLINDRICAL_SURFACE('',#5750,0.75);
#5750 = AXIS2_PLACEMENT_3D('',#5751,#5752,#5753);
#5751 = CARTESIAN_POINT('',(17.527652418711,26.120875906767,
    11.549999999999));
#5752 = DIRECTION('',(0.,-1.,2.22044604925E-16));
#5753 = DIRECTION('',(0.,-2.22044604925E-16,-1.));
#5754 = ADVANCED_FACE('',(#5755),#5773,.T.);
#5755 = FACE_BOUND('',#5756,.T.);
#5756 = EDGE_LOOP('',(#5757,#5765,#5766,#5767));
#5757 = ORIENTED_EDGE('',*,*,#5758,.F.);
#5758 = EDGE_CURVE('',#5709,#5759,#5761,.T.);
#5759 = VERTEX_POINT('',#5760);
#5760 = CARTESIAN_POINT('',(18.277652418711,-4.879124093233,
    3.799999999999));
#5761 = LINE('',#5762,#5763);
#5762 = CARTESIAN_POINT('',(18.277652418711,17.120875906767,
    3.799999999999));
#5763 = VECTOR('',#5764,1.);
#5764 = DIRECTION('',(-1.614869854E-16,-1.,2.22044604925E-16));
#5765 = ORIENTED_EDGE('',*,*,#5708,.F.);
#5766 = ORIENTED_EDGE('',*,*,#5733,.T.);
#5767 = ORIENTED_EDGE('',*,*,#5768,.F.);
#5768 = EDGE_CURVE('',#5759,#5734,#5769,.T.);
#5769 = LINE('',#5770,#5771);
#5770 = CARTESIAN_POINT('',(18.277652418711,-4.879124093233,
    3.799999999999));
#5771 = VECTOR('',#5772,1.);
#5772 = DIRECTION('',(0.,2.22044604925E-16,1.));
#5773 = PLANE('',#5774);
#5774 = AXIS2_PLACEMENT_3D('',#5775,#5776,#5777);
#5775 = CARTESIAN_POINT('',(18.277652418711,17.120875906767,
    3.799999999999));
#5776 = DIRECTION('',(1.,0.,0.));
#5777 = DIRECTION('',(0.,-2.22044604925E-16,-1.));
#5778 = ADVANCED_FACE('',(#5779),#5791,.F.);
#5779 = FACE_BOUND('',#5780,.F.);
#5780 = EDGE_LOOP('',(#5781,#5782,#5783,#5784));
#5781 = ORIENTED_EDGE('',*,*,#5758,.F.);
#5782 = ORIENTED_EDGE('',*,*,#5716,.F.);
#5783 = ORIENTED_EDGE('',*,*,#741,.T.);
#5784 = ORIENTED_EDGE('',*,*,#5785,.F.);
#5785 = EDGE_CURVE('',#5759,#742,#5786,.T.);
#5786 = CIRCLE('',#5787,0.3);
#5787 = AXIS2_PLACEMENT_3D('',#5788,#5789,#5790);
#5788 = CARTESIAN_POINT('',(18.577652418711,-4.879124093233,
    3.799999999999));
#5789 = DIRECTION('',(0.,-1.,2.22044604925E-16));
#5790 = DIRECTION('',(0.,2.22044604925E-16,1.));
#5791 = CYLINDRICAL_SURFACE('',#5792,0.3);
#5792 = AXIS2_PLACEMENT_3D('',#5793,#5794,#5795);
#5793 = CARTESIAN_POINT('',(18.577652418711,21.120875906767,
    3.799999999999));
#5794 = DIRECTION('',(0.,-1.,2.22044604925E-16));
#5795 = DIRECTION('',(0.,-2.22044604925E-16,-1.));
#5796 = ADVANCED_FACE('',(#5797),#5804,.T.);
#5797 = FACE_BOUND('',#5798,.T.);
#5798 = EDGE_LOOP('',(#5799,#5800,#5801,#5802,#5803));
#5799 = ORIENTED_EDGE('',*,*,#5785,.F.);
#5800 = ORIENTED_EDGE('',*,*,#5768,.T.);
#5801 = ORIENTED_EDGE('',*,*,#5743,.T.);
#5802 = ORIENTED_EDGE('',*,*,#655,.F.);
#5803 = ORIENTED_EDGE('',*,*,#749,.F.);
#5804 = PLANE('',#5805);
#5805 = AXIS2_PLACEMENT_3D('',#5806,#5807,#5808);
#5806 = CARTESIAN_POINT('',(18.277652418711,-4.879124093233,
    3.799999999999));
#5807 = DIRECTION('',(5.075305255429E-16,-1.,2.22044604925E-16));
#5808 = DIRECTION('',(0.,-2.22044604925E-16,-1.));
#5809 = ADVANCED_FACE('',(#5810),#5816,.T.);
#5810 = FACE_BOUND('',#5811,.T.);
#5811 = EDGE_LOOP('',(#5812,#5813,#5814,#5815));
#5812 = ORIENTED_EDGE('',*,*,#486,.T.);
#5813 = ORIENTED_EDGE('',*,*,#756,.F.);
#5814 = ORIENTED_EDGE('',*,*,#694,.F.);
#5815 = ORIENTED_EDGE('',*,*,#552,.F.);
#5816 = CYLINDRICAL_SURFACE('',#5817,3.);
#5817 = AXIS2_PLACEMENT_3D('',#5818,#5819,#5820);
#5818 = CARTESIAN_POINT('',(19.777652418711,-10.87912409323,2.35));
#5819 = DIRECTION('',(0.,2.22044604925E-16,1.));
#5820 = DIRECTION('',(-1.,0.,0.));
#5821 = ADVANCED_FACE('',(#5822),#6191,.F.);
#5822 = FACE_BOUND('',#5823,.F.);
#5823 = EDGE_LOOP('',(#5824,#5825,#5826,#6020,#6028,#6190));
#5824 = ORIENTED_EDGE('',*,*,#765,.F.);
#5825 = ORIENTED_EDGE('',*,*,#775,.T.);
#5826 = ORIENTED_EDGE('',*,*,#5827,.F.);
#5827 = EDGE_CURVE('',#5828,#776,#5830,.T.);
#5828 = VERTEX_POINT('',#5829);
#5829 = CARTESIAN_POINT('',(24.349080990711,18.713669378466,
    3.799999999999));
#5830 = B_SPLINE_CURVE_WITH_KNOTS('',3,(#5831,#5832,#5833,#5834,#5835,
    #5836,#5837,#5838,#5839,#5840,#5841,#5842,#5843,#5844,#5845,#5846,
    #5847,#5848,#5849,#5850,#5851,#5852,#5853,#5854,#5855,#5856,#5857,
    #5858,#5859,#5860,#5861,#5862,#5863,#5864,#5865,#5866,#5867,#5868,
    #5869,#5870,#5871,#5872,#5873,#5874,#5875,#5876,#5877,#5878,#5879,
    #5880,#5881,#5882,#5883,#5884,#5885,#5886,#5887,#5888,#5889,#5890,
    #5891,#5892,#5893,#5894,#5895,#5896,#5897,#5898,#5899,#5900,#5901,
    #5902,#5903,#5904,#5905,#5906,#5907,#5908,#5909,#5910,#5911,#5912,
    #5913,#5914,#5915,#5916,#5917,#5918,#5919,#5920,#5921,#5922,#5923,
    #5924,#5925,#5926,#5927,#5928,#5929,#5930,#5931,#5932,#5933,#5934,
    #5935,#5936,#5937,#5938,#5939,#5940,#5941,#5942,#5943,#5944,#5945,
    #5946,#5947,#5948,#5949,#5950,#5951,#5952,#5953,#5954,#5955,#5956,
    #5957,#5958,#5959,#5960,#5961,#5962,#5963,#5964,#5965,#5966,#5967,
    #5968,#5969,#5970,#5971,#5972,#5973,#5974,#5975,#5976,#5977,#5978,
    #5979,#5980,#5981,#5982,#5983,#5984,#5985,#5986,#5987,#5988,#5989,
    #5990,#5991,#5992,#5993,#5994,#5995,#5996,#5997,#5998,#5999,#6000,
    #6001,#6002,#6003,#6004,#6005,#6006,#6007,#6008,#6009,#6010,#6011,
    #6012,#6013,#6014,#6015,#6016,#6017,#6018,#6019),.UNSPECIFIED.,.F.,
  .F.,(4,1,1,1,1,1,1,1,1,1,1,1,1,1,1,1,1,1,1,1,1,1,1,1,1,1,1,1,1,1,1,1,1
    ,1,1,1,1,1,1,1,1,1,1,1,1,1,1,1,1,1,1,1,1,1,1,1,1,1,1,1,1,1,1,1,1,1,1
    ,1,1,1,1,1,1,1,1,1,1,1,1,1,1,1,1,1,1,1,1,1,1,1,1,1,1,1,1,1,1,1,1,1,1
    ,1,1,1,1,1,1,1,1,1,1,1,1,1,1,1,1,1,1,1,1,1,1,1,1,1,1,1,1,1,1,1,1,1,1
    ,1,1,1,1,1,1,1,1,1,1,1,1,1,1,1,1,1,1,1,1,1,1,1,1,1,1,1,1,1,1,1,1,1,1
    ,1,1,1,1,1,1,1,1,1,1,1,1,1,1,1,1,1,4),(0.,6.928462958962E-04,
    1.852070486262E-03,3.009502379614E-03,4.165261522882E-03,
    5.319466890233E-03,6.472236850643E-03,7.623689136461E-03,
    8.773940812905E-03,9.923108248492E-03,1.107130708634E-02,
    1.221865221636E-02,1.336525774821E-02,1.451123698516E-02,
    1.56567023986E-02,1.680176560337E-02,1.794653733376E-02,
    1.909112742023E-02,2.023564476668E-02,2.138019732845E-02,
    2.252489209085E-02,2.36698350482E-02,2.481513118352E-02,
    2.59608844486E-02,2.710719774459E-02,2.825417290306E-02,
    2.940191066746E-02,3.055051067492E-02,3.170007143851E-02,
    3.285069032979E-02,3.40024635617E-02,3.515548617173E-02,
    3.63098520054E-02,3.746565369998E-02,3.862298266846E-02,
    3.978192908375E-02,4.094258186307E-02,4.210502865252E-02,
    4.32693558119E-02,4.443564839962E-02,4.560399015777E-02,
    4.67744634974E-02,4.794714948385E-02,4.912212782225E-02,
    5.029947684313E-02,5.147927348818E-02,5.266159329603E-02,
    5.384651038823E-02,5.50340974553E-02,5.622442574284E-02,
    5.741756503782E-02,5.861358365493E-02,5.981254842306E-02,
    6.101452467184E-02,6.22195762184E-02,6.342776535413E-02,
    6.463915283168E-02,6.585379785207E-02,6.707175805188E-02,
    6.829308949071E-02,6.951784663873E-02,7.074608236447E-02,
    7.197784792275E-02,7.32131929429E-02,7.445216541713E-02,
    7.56948116892E-02,7.694117644331E-02,7.819130269333E-02,
    7.944523177223E-02,8.070300332192E-02,8.196465528339E-02,
    8.323022388719E-02,8.449974364428E-02,8.577324733733E-02,
    8.705076601239E-02,8.833232897101E-02,8.96179637628E-02,
    9.090769617853E-02,9.22015502437E-02,9.349954821262E-02,
    9.480171056305E-02,9.610805599144E-02,9.741860140874E-02,
    9.873336193683E-02,0.100052350906,0.10137557985,0.102703058511,
    0.104034794831,0.105370794955,0.106711063234,0.108055602221,
    0.109404412677,0.110757493575,0.112114842099,0.113476453652,
    0.114842321859,0.116212438577,0.117586793898,0.118965376159,
    0.12034817195,0.121735166125,0.123126341809,0.124521680417,
    0.125921161656,0.127324763548,0.128732462438,0.130144233012,
    0.131560048312,0.132979879753,0.134403697142,0.135831468696,
    0.137263161059,0.138698739328,0.14013816707,0.141581406346,
    0.143028417735,0.144479160355,0.14593359189,0.147391668617,
    0.148853345429,0.150318575863,0.15178731213,0.15325950514,
    0.154735104536,0.15621405872,0.157696314884,0.159181819042,
    0.160670516064,0.162162349702,0.163657262631,0.165155196475,
    0.166656091846,0.168159888375,0.169666524748,0.171175938741,
    0.172688067254,0.174202846349,0.175720211284,0.17724009655,
    0.178762435905,0.180287162413,0.181814208482,0.183343505895,
    0.184874985853,0.186408579006,0.187944215494,0.189481824984,
    0.1910213367,0.192562679469,0.194105781749,0.195650571669,
    0.197196977068,0.198744925522,0.200294344387,0.201845160833,
    0.203397301875,0.204950694411,0.206505265256,0.208060941174,
    0.209617648911,0.211175315232,0.212733866946,0.214293230946,
    0.215853334234,0.217414103957,0.218975467434,0.220537352185,
    0.222099685965,0.223662396787,0.225225412955,0.226788663088,
    0.22835207615,0.229915581472,0.231479108782,0.233042588229,
    0.234605950405,0.236169126372,0.237732047683,0.239294646405,
    0.240856855141,0.242418607052,0.243979835876,0.24554047595,
    0.247100462227,0.248659730295,0.250218216398,0.251775857448),
  .UNSPECIFIED.);
#5831 = CARTESIAN_POINT('',(24.349080990711,18.713669378466,
    3.799999999999));
#5832 = CARTESIAN_POINT('',(24.349080990711,18.713669378466,
    3.799499999187));
#5833 = CARTESIAN_POINT('',(24.349077649274,18.713666291606,
    3.798163427652));
#5834 = CARTESIAN_POINT('',(24.349057705868,18.713647867698,
    3.795991704411));
#5835 = CARTESIAN_POINT('',(24.349013754865,18.713607265959,
    3.793486455736));
#5836 = CARTESIAN_POINT('',(24.348949002483,18.713547449481,
    3.790985666976));
#5837 = CARTESIAN_POINT('',(24.34886354917,18.713468512748,3.78848939915
    ));
#5838 = CARTESIAN_POINT('',(24.34875749289,18.713370548483,
    3.785997709791));
#5839 = CARTESIAN_POINT('',(24.348630929108,18.713253647612,
    3.783510655188));
#5840 = CARTESIAN_POINT('',(24.348483950776,18.713117899258,
    3.781028289953));
#5841 = CARTESIAN_POINT('',(24.348316648329,18.712963390722,
    3.778550667304));
#5842 = CARTESIAN_POINT('',(24.348129109687,18.712790207475,
    3.776077839154));
#5843 = CARTESIAN_POINT('',(24.34792142025,18.712598433156,3.77360985625
    ));
#5844 = CARTESIAN_POINT('',(24.347693662911,18.712388149568,
    3.771146768303));
#5845 = CARTESIAN_POINT('',(24.347445918059,18.712159436679,
    3.768688624105));
#5846 = CARTESIAN_POINT('',(24.347178263596,18.711912372632,
    3.766235471661));
#5847 = CARTESIAN_POINT('',(24.346890774952,18.711647033751,
    3.763787358308));
#5848 = CARTESIAN_POINT('',(24.346583525103,18.711363494555,
    3.761344330837));
#5849 = CARTESIAN_POINT('',(24.346256584595,18.711061827773,
    3.758906435609));
#5850 = CARTESIAN_POINT('',(24.345910021568,18.710742104364,
    3.756473718675));
#5851 = CARTESIAN_POINT('',(24.34554390179,18.710404393537,
    3.754046225886));
#5852 = CARTESIAN_POINT('',(24.345158288681,18.710048762781,
    3.751624003009));
#5853 = CARTESIAN_POINT('',(24.344753243353,18.709675277887,
    3.749207095835));
#5854 = CARTESIAN_POINT('',(24.344328824647,18.709284002982,
    3.746795550287));
#5855 = CARTESIAN_POINT('',(24.343885089172,18.708875000562,
    3.744389412525));
#5856 = CARTESIAN_POINT('',(24.343422091346,18.70844833153,3.74198872905
    ));
#5857 = CARTESIAN_POINT('',(24.342939883443,18.70800405523,
    3.739593546799));
#5858 = CARTESIAN_POINT('',(24.342438515643,18.707542229491,
    3.737203913251));
#5859 = CARTESIAN_POINT('',(24.341918036076,18.707062910672,
    3.734819876516));
#5860 = CARTESIAN_POINT('',(24.341378490879,18.706566153703,
    3.732441485428));
#5861 = CARTESIAN_POINT('',(24.340819924246,18.706052012136,
    3.730068789637));
#5862 = CARTESIAN_POINT('',(24.340242378489,18.705520538195,
    3.727701839694));
#5863 = CARTESIAN_POINT('',(24.339645894091,18.704971782823,
    3.725340687137));
#5864 = CARTESIAN_POINT('',(24.339030509772,18.70440579574,
    3.722985384572));
#5865 = CARTESIAN_POINT('',(24.338396262543,18.703822625499,
    3.720635985752));
#5866 = CARTESIAN_POINT('',(24.337743187776,18.703222319537,
    3.718292545652));
#5867 = CARTESIAN_POINT('',(24.337071319267,18.702604924238,
    3.715955120544));
#5868 = CARTESIAN_POINT('',(24.336380689301,18.701970484991,
    3.713623768067));
#5869 = CARTESIAN_POINT('',(24.335671328721,18.701319046254,
    3.711298547294));
#5870 = CARTESIAN_POINT('',(24.334943266998,18.70065065161,
    3.708979518797));
#5871 = CARTESIAN_POINT('',(24.334196532304,18.699965343839,
    3.70666674471));
#5872 = CARTESIAN_POINT('',(24.333431151575,18.699263164976,
    3.704360288789));
#5873 = CARTESIAN_POINT('',(24.332647150597,18.698544156379,
    3.702060216464));
#5874 = CARTESIAN_POINT('',(24.331844554067,18.697808358798,3.6997665949
    ));
#5875 = CARTESIAN_POINT('',(24.331023385679,18.69705581244,
    3.697479493041));
#5876 = CARTESIAN_POINT('',(24.330183668191,18.696286557036,
    3.695198981661));
#5877 = CARTESIAN_POINT('',(24.32932542351,18.695500631915,
    3.692925133408));
#5878 = CARTESIAN_POINT('',(24.328448672761,18.69469807607,3.69065802285
    ));
#5879 = CARTESIAN_POINT('',(24.327553436374,18.693878928228,
    3.688397726508));
#5880 = CARTESIAN_POINT('',(24.326639734156,18.693043226925,3.6861443229
    ));
#5881 = CARTESIAN_POINT('',(24.325707585373,18.69219101057,
    3.683897892568));
#5882 = CARTESIAN_POINT('',(24.324757008831,18.691322317524,
    3.681658518117));
#5883 = CARTESIAN_POINT('',(24.323788022956,18.690437186168,
    3.679426284236));
#5884 = CARTESIAN_POINT('',(24.322800645871,18.689535654973,
    3.677201277727));
#5885 = CARTESIAN_POINT('',(24.321794895485,18.688617762577,
    3.67498358753));
#5886 = CARTESIAN_POINT('',(24.320770789564,18.687683547853,
    3.67277330474));
#5887 = CARTESIAN_POINT('',(24.319728345823,18.686733049983,
    3.670570522627));
#5888 = CARTESIAN_POINT('',(24.318667581999,18.685766308529,
    3.668375336649));
#5889 = CARTESIAN_POINT('',(24.317588515939,18.684783363504,
    3.666187844464));
#5890 = CARTESIAN_POINT('',(24.316491165676,18.683784255448,
    3.664008145943));
#5891 = CARTESIAN_POINT('',(24.315375549516,18.682769025491,
    3.661836343173));
#5892 = CARTESIAN_POINT('',(24.314241686115,18.681737715431,
    3.659672540463));
#5893 = CARTESIAN_POINT('',(24.313089594564,18.680690367804,
    3.657516844346));
#5894 = CARTESIAN_POINT('',(24.311919294466,18.679627025947,
    3.655369363578));
#5895 = CARTESIAN_POINT('',(24.31073080602,18.678547734076,
    3.653230209134));
#5896 = CARTESIAN_POINT('',(24.309524150099,18.677452537348,3.6510994942
    ));
#5897 = CARTESIAN_POINT('',(24.308299348333,18.676341481934,
    3.648977334171));
#5898 = CARTESIAN_POINT('',(24.307056423184,18.67521461508,
    3.646863846633));
#5899 = CARTESIAN_POINT('',(24.305795398028,18.67407198518,
    3.644759151351));
#5900 = CARTESIAN_POINT('',(24.304516297232,18.672913641837,
    3.642663370258));
#5901 = CARTESIAN_POINT('',(24.303219146233,18.671739635929,
    3.640576627428));
#5902 = CARTESIAN_POINT('',(24.301903971611,18.670550019672,
    3.638499049064));
#5903 = CARTESIAN_POINT('',(24.30057080117,18.669344846682,
    3.636430763469));
#5904 = CARTESIAN_POINT('',(24.299219664009,18.668124172038,
    3.634371901021));
#5905 = CARTESIAN_POINT('',(24.297850590599,18.666888052338,
    3.632322594148));
#5906 = CARTESIAN_POINT('',(24.296463612854,18.665636545764,
    3.630282977295));
#5907 = CARTESIAN_POINT('',(24.295058764205,18.664369712131,
    3.628253186891));
#5908 = CARTESIAN_POINT('',(24.29363607967,18.663087612952,
    3.626233361319));
#5909 = CARTESIAN_POINT('',(24.292195595924,18.661790311485,
    3.624223640871));
#5910 = CARTESIAN_POINT('',(24.290737351368,18.66047787279,
    3.622224167718));
#5911 = CARTESIAN_POINT('',(24.289261386197,18.659150363781,
    3.620235085861));
#5912 = CARTESIAN_POINT('',(24.287767742464,18.657807853272,
    3.618256541092));
#5913 = CARTESIAN_POINT('',(24.286256464149,18.656450412031,
    3.616288680946));
#5914 = CARTESIAN_POINT('',(24.284727597216,18.65507811282,
    3.614331654657));
#5915 = CARTESIAN_POINT('',(24.283181189682,18.653691030446,
    3.612385613103));
#5916 = CARTESIAN_POINT('',(24.281617291671,18.652289241799,
    3.610450708761));
#5917 = CARTESIAN_POINT('',(24.280035955475,18.650872825896,
    3.608527095648));
#5918 = CARTESIAN_POINT('',(24.278437235613,18.649441863919,
    3.606614929268));
#5919 = CARTESIAN_POINT('',(24.276821188882,18.647996439253,
    3.604714366558));
#5920 = CARTESIAN_POINT('',(24.275187874414,18.646536637519,
    3.602825565823));
#5921 = CARTESIAN_POINT('',(24.273537353727,18.645062546611,
    3.600948686681));
#5922 = CARTESIAN_POINT('',(24.271869690773,18.643574256726,
    3.599083889997));
#5923 = CARTESIAN_POINT('',(24.270184951987,18.642071860388,
    3.597231337824));
#5924 = CARTESIAN_POINT('',(24.268483206332,18.640555452483,
    3.595391193332));
#5925 = CARTESIAN_POINT('',(24.266764525345,18.639025130279,
    3.593563620745));
#5926 = CARTESIAN_POINT('',(24.265028983177,18.637480993447,
    3.591748785272));
#5927 = CARTESIAN_POINT('',(24.263276656633,18.635923144086,
    3.589946853038));
#5928 = CARTESIAN_POINT('',(24.261507625208,18.634351686737,
    3.588157991014));
#5929 = CARTESIAN_POINT('',(24.259721971125,18.632766728401,
    3.58638236694));
#5930 = CARTESIAN_POINT('',(24.257919779368,18.631168378552,
    3.58462014926));
#5931 = CARTESIAN_POINT('',(24.25610113771,18.629556749146,
    3.582871507039));
#5932 = CARTESIAN_POINT('',(24.254266136745,18.627931954633,
    3.581136609897));
#5933 = CARTESIAN_POINT('',(24.252414869912,18.626294111961,
    3.579415627926));
#5934 = CARTESIAN_POINT('',(24.250547433519,18.624643340582,
    3.577708731613));
#5935 = CARTESIAN_POINT('',(24.248663926766,18.622979762451,
    3.576016091768));
#5936 = CARTESIAN_POINT('',(24.246764451763,18.621303502027,
    3.57433787944));
#5937 = CARTESIAN_POINT('',(24.244849113549,18.619614686271,
    3.572674265839));
#5938 = CARTESIAN_POINT('',(24.242918020101,18.617913444639,
    3.571025422259));
#5939 = CARTESIAN_POINT('',(24.240971282354,18.616199909074,
    3.569391519995));
#5940 = CARTESIAN_POINT('',(24.239009014201,18.614474213995,
    3.567772730262));
#5941 = CARTESIAN_POINT('',(24.23703133251,18.612736496288,
    3.566169224118));
#5942 = CARTESIAN_POINT('',(24.23503835712,18.610986895289,3.56458117238
    ));
#5943 = CARTESIAN_POINT('',(24.233030210848,18.609225552765,
    3.563008745543));
#5944 = CARTESIAN_POINT('',(24.231007019489,18.607452612898,
    3.561452113698));
#5945 = CARTESIAN_POINT('',(24.228968911809,18.605668222262,
    3.559911446454));
#5946 = CARTESIAN_POINT('',(24.226916019544,18.603872529797,
    3.558386912853));
#5947 = CARTESIAN_POINT('',(24.224848477392,18.602065686787,
    3.556878681293));
#5948 = CARTESIAN_POINT('',(24.222766423,18.600247846829,3.555386919443)
  );
#5949 = CARTESIAN_POINT('',(24.220669996955,18.598419165801,
    3.553911794168));
#5950 = CARTESIAN_POINT('',(24.218559342767,18.596579801835,
    3.552453471443));
#5951 = CARTESIAN_POINT('',(24.216434606851,18.594729915277,
    3.551012116279));
#5952 = CARTESIAN_POINT('',(24.214295938514,18.592869668654,
    3.549587892642));
#5953 = CARTESIAN_POINT('',(24.212143489922,18.590999226632,
    3.548180963375));
#5954 = CARTESIAN_POINT('',(24.209977416089,18.589118755981,
    3.546791490122));
#5955 = CARTESIAN_POINT('',(24.207797874839,18.587228425527,
    3.545419633248));
#5956 = CARTESIAN_POINT('',(24.205605026786,18.585328406113,
    3.54406555177));
#5957 = CARTESIAN_POINT('',(24.203399035299,18.583418870548,
    3.542729403275));
#5958 = CARTESIAN_POINT('',(24.201180066474,18.581499993567,
    3.541411343854));
#5959 = CARTESIAN_POINT('',(24.198948289091,18.579571951774,
    3.540111528022));
#5960 = CARTESIAN_POINT('',(24.196703874588,18.577634923597,
    3.538830108654));
#5961 = CARTESIAN_POINT('',(24.194446997013,18.575689089234,
    3.537567236911));
#5962 = CARTESIAN_POINT('',(24.192177832992,18.573734630602,
    3.536323062172));
#5963 = CARTESIAN_POINT('',(24.18989656168,18.571771731276,
    3.535097731968));
#5964 = CARTESIAN_POINT('',(24.18760336472,18.569800576443,
    3.533891391916));
#5965 = CARTESIAN_POINT('',(24.185298426198,18.567821352836,
    3.532704185654));
#5966 = CARTESIAN_POINT('',(24.182981932594,18.565834248679,
    3.53153625478));
#5967 = CARTESIAN_POINT('',(24.180654072735,18.563839453632,
    3.53038773879));
#5968 = CARTESIAN_POINT('',(24.178315037742,18.561837158723,
    3.529258775017));
#5969 = CARTESIAN_POINT('',(24.175965020982,18.559827556293,
    3.528149498578));
#5970 = CARTESIAN_POINT('',(24.173604218012,18.557810839932,
    3.527060042314));
#5971 = CARTESIAN_POINT('',(24.171232826524,18.555787204417,
    3.525990536736));
#5972 = CARTESIAN_POINT('',(24.168851046294,18.553756845648,
    3.524941109976));
#5973 = CARTESIAN_POINT('',(24.166459079118,18.551719960586,
    3.523911887734));
#5974 = CARTESIAN_POINT('',(24.164057128761,18.549676747186,
    3.522902993231));
#5975 = CARTESIAN_POINT('',(24.161645400895,18.547627404335,
    3.52191454716));
#5976 = CARTESIAN_POINT('',(24.159224103039,18.545572131788,
    3.520946667643));
#5977 = CARTESIAN_POINT('',(24.156793444499,18.543511130097,
    3.51999947019));
#5978 = CARTESIAN_POINT('',(24.154353636308,18.541444600555,
    3.519073067655));
#5979 = CARTESIAN_POINT('',(24.15190489116,18.53937274512,3.518167570201
    ));
#5980 = CARTESIAN_POINT('',(24.149447423354,18.537295766357,
    3.517283085257));
#5981 = CARTESIAN_POINT('',(24.146981448722,18.535213867372,
    3.516419717492));
#5982 = CARTESIAN_POINT('',(24.144507184573,18.533127251743,
    3.515577568776));
#5983 = CARTESIAN_POINT('',(24.142024849625,18.531036123456,
    3.51475673815));
#5984 = CARTESIAN_POINT('',(24.13953466394,18.528940686844,3.5139573218)
  );
#5985 = CARTESIAN_POINT('',(24.137036848864,18.526841146515,
    3.513179413028));
#5986 = CARTESIAN_POINT('',(24.134531626955,18.524737707296,
    3.512423102228));
#5987 = CARTESIAN_POINT('',(24.132019221924,18.522630574165,
    3.511688476866));
#5988 = CARTESIAN_POINT('',(24.129499858566,18.520519952185,
    3.510975621455));
#5989 = CARTESIAN_POINT('',(24.126973762697,18.518406046449,
    3.510284617537));
#5990 = CARTESIAN_POINT('',(24.124441161088,18.516289062009,
    3.509615543672));
#5991 = CARTESIAN_POINT('',(24.121902281401,18.514169203823,
    3.508968475414));
#5992 = CARTESIAN_POINT('',(24.119357352123,18.512046676686,
    3.508343485306));
#5993 = CARTESIAN_POINT('',(24.116806602502,18.509921685179,
    3.507740642867));
#5994 = CARTESIAN_POINT('',(24.114250262483,18.507794433603,
    3.507160014581));
#5995 = CARTESIAN_POINT('',(24.111688562644,18.505665125922,
    3.506601663889));
#5996 = CARTESIAN_POINT('',(24.109121734134,18.503533965709,
    3.50606565119));
#5997 = CARTESIAN_POINT('',(24.106550008607,18.501401156087,
    3.505552033829));
#5998 = CARTESIAN_POINT('',(24.103973618161,18.499266899673,
    3.505060866101));
#5999 = CARTESIAN_POINT('',(24.101392795278,18.497131398527,
    3.504592199249));
#6000 = CARTESIAN_POINT('',(24.09880777276,18.494994854095,
    3.504146081466));
#6001 = CARTESIAN_POINT('',(24.09621878367,18.492857467159,
    3.503722557897));
#6002 = CARTESIAN_POINT('',(24.093626061272,18.490719437785,
    3.503321670645));
#6003 = CARTESIAN_POINT('',(24.09102983897,18.488580965274,
    3.502943458777));
#6004 = CARTESIAN_POINT('',(24.088430350252,18.486442248113,
    3.502587958333));
#6005 = CARTESIAN_POINT('',(24.08582782863,18.484303483926,
    3.502255202332));
#6006 = CARTESIAN_POINT('',(24.083222507588,18.482164869429,
    3.501945220789));
#6007 = CARTESIAN_POINT('',(24.080614620518,18.480026600387,
    3.50165804072));
#6008 = CARTESIAN_POINT('',(24.078004400672,18.477888871565,
    3.501393686163));
#6009 = CARTESIAN_POINT('',(24.075392081107,18.475751876691,
    3.501152178186));
#6010 = CARTESIAN_POINT('',(24.072777894626,18.473615808411,
    3.500933534908));
#6011 = CARTESIAN_POINT('',(24.070162073735,18.471480858249,
    3.500737771517));
#6012 = CARTESIAN_POINT('',(24.067544850583,18.46934721657,
    3.500564900284));
#6013 = CARTESIAN_POINT('',(24.064926456917,18.467215072543,
    3.500414930587));
#6014 = CARTESIAN_POINT('',(24.062307124034,18.465084614103,
    3.500287868932));
#6015 = CARTESIAN_POINT('',(24.059687082727,18.462956027915,
    3.500183718973));
#6016 = CARTESIAN_POINT('',(24.057066563242,18.460829499346,
    3.500102481535));
#6017 = CARTESIAN_POINT('',(24.054445795234,18.458705212424,
    3.50004415464));
#6018 = CARTESIAN_POINT('',(24.052698106275,18.457290234741,
    3.500020533847));
#6019 = CARTESIAN_POINT('',(24.051824278972,18.456583166253,
    3.500012542979));
#6020 = ORIENTED_EDGE('',*,*,#6021,.T.);
#6021 = EDGE_CURVE('',#5828,#6022,#6024,.T.);
#6022 = VERTEX_POINT('',#6023);
#6023 = CARTESIAN_POINT('',(24.349080990711,-6.471917564932,
    3.799999999999));
#6024 = LINE('',#6025,#6026);
#6025 = CARTESIAN_POINT('',(24.349080990711,18.713669378466,
    3.799999999999));
#6026 = VECTOR('',#6027,1.);
#6027 = DIRECTION('',(0.,-1.,2.22044604925E-16));
#6028 = ORIENTED_EDGE('',*,*,#6029,.F.);
#6029 = EDGE_CURVE('',#820,#6022,#6030,.T.);
#6030 = B_SPLINE_CURVE_WITH_KNOTS('',3,(#6031,#6032,#6033,#6034,#6035,
    #6036,#6037,#6038,#6039,#6040,#6041,#6042,#6043,#6044,#6045,#6046,
    #6047,#6048,#6049,#6050,#6051,#6052,#6053,#6054,#6055,#6056,#6057,
    #6058,#6059,#6060,#6061,#6062,#6063,#6064,#6065,#6066,#6067,#6068,
    #6069,#6070,#6071,#6072,#6073,#6074,#6075,#6076,#6077,#6078,#6079,
    #6080,#6081,#6082,#6083,#6084,#6085,#6086,#6087,#6088,#6089,#6090,
    #6091,#6092,#6093,#6094,#6095,#6096,#6097,#6098,#6099,#6100,#6101,
    #6102,#6103,#6104,#6105,#6106,#6107,#6108,#6109,#6110,#6111,#6112,
    #6113,#6114,#6115,#6116,#6117,#6118,#6119,#6120,#6121,#6122,#6123,
    #6124,#6125,#6126,#6127,#6128,#6129,#6130,#6131,#6132,#6133,#6134,
    #6135,#6136,#6137,#6138,#6139,#6140,#6141,#6142,#6143,#6144,#6145,
    #6146,#6147,#6148,#6149,#6150,#6151,#6152,#6153,#6154,#6155,#6156,
    #6157,#6158,#6159,#6160,#6161,#6162,#6163,#6164,#6165,#6166,#6167,
    #6168,#6169,#6170,#6171,#6172,#6173,#6174,#6175,#6176,#6177,#6178,
    #6179,#6180,#6181,#6182,#6183,#6184,#6185,#6186,#6187,#6188,#6189),
  .UNSPECIFIED.,.F.,.F.,(4,1,1,1,1,1,1,1,1,1,1,1,1,1,1,1,1,1,1,1,1,1,1,1
    ,1,1,1,1,1,1,1,1,1,1,1,1,1,1,1,1,1,1,1,1,1,1,1,1,1,1,1,1,1,1,1,1,1,1
    ,1,1,1,1,1,1,1,1,1,1,1,1,1,1,1,1,1,1,1,1,1,1,1,1,1,1,1,1,1,1,1,1,1,1
    ,1,1,1,1,1,1,1,1,1,1,1,1,1,1,1,1,1,1,1,1,1,1,1,1,1,1,1,1,1,1,1,1,1,1
    ,1,1,1,1,1,1,1,1,1,1,1,1,1,1,1,1,1,1,1,1,1,1,1,1,1,1,1,1,1,1,4),(
    0.748628339596,0.750595660498,0.752564539589,0.754534827012,
    0.7565063712,0.758479018937,0.760452615419,0.762427004317,
    0.764402027845,0.766377526826,0.768353340768,0.770329307937,
    0.772305265428,0.774281049254,0.776256494418,0.778231435003,
    0.780205704255,0.782179134674,0.784151558103,0.786122805821,
    0.788092708639,0.790061096998,0.792027801066,0.79399265084,
    0.79595547625,0.797916107262,0.799874373985,0.801830106779,
    0.803783136362,0.805733293922,0.807680411228,0.809624320742,
    0.811564855731,0.813501850382,0.815435139916,0.817364560703,
    0.819289950372,0.821211147934,0.823127993889,0.825040330342,
    0.826948001121,0.828850851883,0.830748730231,0.832641485822,
    0.834528970479,0.836411038298,0.838287545755,0.840158351811,
    0.842023318014,0.843882308601,0.845735190598,0.847581833911,
    0.849422111427,0.851255899099,0.853083076034,0.854903524583,
    0.856717130417,0.858523782608,0.860323373704,0.8621157998,
    0.863900960607,0.865678759513,0.867449103646,0.869211903931,
    0.870967075139,0.872714535938,0.874454208937,0.876186020727,
    0.877909901914,0.879625787155,0.881333615182,0.883033328827,
    0.884724875045,0.886408204921,0.88808327369,0.889750040739,
    0.891408469609,0.893058527999,0.894700187756,0.896333424868,
    0.897958219452,0.899574555737,0.901182422043,0.902781810759,
    0.904372718314,0.905955145146,0.907529095673,0.909094578247,
    0.910651605125,0.912200192415,0.913740360037,0.915272131674,
    0.916795534715,0.91831060021,0.919817362807,0.921315860694,
    0.922806135544,0.924288232446,0.925762199846,0.927228089475,
    0.928685956288,0.930135858389,0.931577856965,0.933012016211,
    0.934438403257,0.935857088097,0.93726814351,0.938671644989,
    0.940067670658,0.941456301203,0.942837619787,0.944211711979,
    0.94557866567,0.946938570998,0.948291520269,0.949637607878,
    0.950976930232,0.952309585672,0.953635674393,0.954955298367,
    0.95626856127,0.9575755684,0.958876426605,0.960171244204,
    0.961460130917,0.962743197786,0.964020557106,0.96529232235,
    0.9665586081,0.967819529975,0.969075204561,0.970325749344,
    0.971571282642,0.972811923541,0.974047791824,0.975279007914,
    0.976505692808,0.977727968014,0.978945955493,0.980159777601,
    0.981369557027,0.982575416741,0.983777479933,0.984975869967,
    0.986170710321,0.987362124539,0.988550236179,0.989735168766,
    0.990917045743,0.992095990426,0.993272125955,0.994445575256,
    0.995616460993,0.996784905527,0.997951030881,0.999307153704,1.),
  .UNSPECIFIED.);
#6031 = CARTESIAN_POINT('',(24.052504002186,-6.215381441377,
    3.500019528981));
#6032 = CARTESIAN_POINT('',(24.053607513018,-6.21627462737,
    3.500032120901));
#6033 = CARTESIAN_POINT('',(24.05581469043,-6.218062422467,
    3.500069491011));
#6034 = CARTESIAN_POINT('',(24.059124283036,-6.220747058652,
    3.500162064767));
#6035 = CARTESIAN_POINT('',(24.062433595874,-6.223435368345,
    3.500291199595));
#6036 = CARTESIAN_POINT('',(24.065742127387,-6.226126948993,
    3.500456905616));
#6037 = CARTESIAN_POINT('',(24.069049374541,-6.228821394483,
    3.500659184105));
#6038 = CARTESIAN_POINT('',(24.072354833006,-6.23151829528,
    3.500898027419));
#6039 = CARTESIAN_POINT('',(24.075657997343,-6.234217238559,
    3.501173418928));
#6040 = CARTESIAN_POINT('',(24.078958361193,-6.236917808351,
    3.501485332952));
#6041 = CARTESIAN_POINT('',(24.082255417471,-6.239619585686,
    3.501833734702));
#6042 = CARTESIAN_POINT('',(24.085548658563,-6.242322148752,
    3.502218580223));
#6043 = CARTESIAN_POINT('',(24.088837576528,-6.245025073047,
    3.502639816345));
#6044 = CARTESIAN_POINT('',(24.0921216633,-6.247727931545,3.503097380644
    ));
#6045 = CARTESIAN_POINT('',(24.095400410897,-6.250430294863,
    3.503591201397));
#6046 = CARTESIAN_POINT('',(24.098673311631,-6.253131731435,
    3.504121197553));
#6047 = CARTESIAN_POINT('',(24.101939858322,-6.255831807692,
    3.504687278706));
#6048 = CARTESIAN_POINT('',(24.105199544515,-6.25853008824,
    3.505289345074));
#6049 = CARTESIAN_POINT('',(24.108451864698,-6.261226136053,
    3.505927287486));
#6050 = CARTESIAN_POINT('',(24.111696314524,-6.263919512662,
    3.506600987371));
#6051 = CARTESIAN_POINT('',(24.114932391035,-6.266609778354,
    3.507310316761));
#6052 = CARTESIAN_POINT('',(24.118159592889,-6.269296492372,
    3.508055138293));
#6053 = CARTESIAN_POINT('',(24.121377420587,-6.27197921312,
    3.508835305225));
#6054 = CARTESIAN_POINT('',(24.124585376702,-6.274657498376,
    3.509650661454));
#6055 = CARTESIAN_POINT('',(24.127782966112,-6.277330905497,
    3.510501041542));
#6056 = CARTESIAN_POINT('',(24.130969696231,-6.279998991647,
    3.511386270753));
#6057 = CARTESIAN_POINT('',(24.13414507724,-6.282661314007,
    3.512306165092));
#6058 = CARTESIAN_POINT('',(24.137308622327,-6.285317430003,
    3.513260531359));
#6059 = CARTESIAN_POINT('',(24.140459847912,-6.287966897532,
    3.514249167202));
#6060 = CARTESIAN_POINT('',(24.14359827389,-6.29060927519,3.515271861181
    ));
#6061 = CARTESIAN_POINT('',(24.146723423858,-6.293244122504,
    3.516328392847));
#6062 = CARTESIAN_POINT('',(24.149834825353,-6.295871000162,
    3.517418532818));
#6063 = CARTESIAN_POINT('',(24.152932010083,-6.298489470252,
    3.518542042868));
#6064 = CARTESIAN_POINT('',(24.156014514156,-6.301099096494,
    3.519698676025));
#6065 = CARTESIAN_POINT('',(24.159081878312,-6.303699444482,
    3.520888176676));
#6066 = CARTESIAN_POINT('',(24.162133648152,-6.306290081917,
    3.522110280677));
#6067 = CARTESIAN_POINT('',(24.165169374361,-6.308870578851,
    3.523364715479));
#6068 = CARTESIAN_POINT('',(24.168188612933,-6.31144050792,3.52465120025
    ));
#6069 = CARTESIAN_POINT('',(24.17119092539,-6.313999444588,
    3.525969446015));
#6070 = CARTESIAN_POINT('',(24.174175879001,-6.31654696738,
    3.527319155801));
#6071 = CARTESIAN_POINT('',(24.177143046992,-6.319082658121,
    3.528700024785));
#6072 = CARTESIAN_POINT('',(24.180092008761,-6.321606102172,
    3.530111740457));
#6073 = CARTESIAN_POINT('',(24.18302235008,-6.324116888663,
    3.531553982787));
#6074 = CARTESIAN_POINT('',(24.185933663294,-6.326614610722,
    3.533026424393));
#6075 = CARTESIAN_POINT('',(24.188825547523,-6.32909886571,
    3.534528730731));
#6076 = CARTESIAN_POINT('',(24.191697608847,-6.331569255442,
    3.536060560276));
#6077 = CARTESIAN_POINT('',(24.194549460494,-6.334025386411,
    3.53762156472));
#6078 = CARTESIAN_POINT('',(24.197380723021,-6.33646687001,
    3.539211389174));
#6079 = CARTESIAN_POINT('',(24.200191024482,-6.338893322743,
    3.540829672371));
#6080 = CARTESIAN_POINT('',(24.202980000603,-6.341304366442,
    3.542476046886));
#6081 = CARTESIAN_POINT('',(24.205747294933,-6.343699628468,
    3.544150139352));
#6082 = CARTESIAN_POINT('',(24.208492559006,-6.346078741916,
    3.545851570682));
#6083 = CARTESIAN_POINT('',(24.21121545248,-6.348441345808,
    3.547579956305));
#6084 = CARTESIAN_POINT('',(24.213915643282,-6.350787085287,
    3.549334906398));
#6085 = CARTESIAN_POINT('',(24.216592807732,-6.3531156118,3.551116026123
    ));
#6086 = CARTESIAN_POINT('',(24.219246630672,-6.355426583273,
    3.552922915875));
#6087 = CARTESIAN_POINT('',(24.221876805579,-6.357719664288,
    3.554755171528));
#6088 = CARTESIAN_POINT('',(24.224483034672,-6.359994526245,
    3.556612384685));
#6089 = CARTESIAN_POINT('',(24.227065029007,-6.362250847518,
    3.558494142935));
#6090 = CARTESIAN_POINT('',(24.229622508575,-6.36448831361,
    3.560400030109));
#6091 = CARTESIAN_POINT('',(24.232155202373,-6.36670661729,
    3.562329626537));
#6092 = CARTESIAN_POINT('',(24.234662848485,-6.36890545873,
    3.564282509317));
#6093 = CARTESIAN_POINT('',(24.23714519414,-6.371084545637,
    3.566258252572));
#6094 = CARTESIAN_POINT('',(24.239601995772,-6.373243593362,
    3.568256427717));
#6095 = CARTESIAN_POINT('',(24.242033019059,-6.37538232502,
    3.570276603729));
#6096 = CARTESIAN_POINT('',(24.244438038965,-6.377500471585,
    3.572318347408));
#6097 = CARTESIAN_POINT('',(24.246816839766,-6.379597771987,
    3.574381223649));
#6098 = CARTESIAN_POINT('',(24.249169215071,-6.381673973197,
    3.576464795705));
#6099 = CARTESIAN_POINT('',(24.251494967827,-6.383728830302,
    3.578568625458));
#6100 = CARTESIAN_POINT('',(24.253793910323,-6.385762106571,
    3.580692273682));
#6101 = CARTESIAN_POINT('',(24.256065864185,-6.387773573515,
    3.582835300307));
#6102 = CARTESIAN_POINT('',(24.258310660353,-6.389763010939,
    3.584997264686));
#6103 = CARTESIAN_POINT('',(24.26052813906,-6.391730206976,
    3.587177725852));
#6104 = CARTESIAN_POINT('',(24.262718149799,-6.393674958126,
    3.58937624278));
#6105 = CARTESIAN_POINT('',(24.264880551276,-6.395597069274,
    3.591592374644));
#6106 = CARTESIAN_POINT('',(24.267015211365,-6.397496353708,
    3.593825681068));
#6107 = CARTESIAN_POINT('',(24.269122007046,-6.399372633119,
    3.596075722381));
#6108 = CARTESIAN_POINT('',(24.271200824338,-6.401225737607,
    3.598342059862));
#6109 = CARTESIAN_POINT('',(24.273251558228,-6.403055505658,
    3.600624255983));
#6110 = CARTESIAN_POINT('',(24.275274112584,-6.404861784134,
    3.60292187465));
#6111 = CARTESIAN_POINT('',(24.277268400072,-6.406644428239,
    3.605234481442));
#6112 = CARTESIAN_POINT('',(24.279234342053,-6.408403301485,
    3.607561643835));
#6113 = CARTESIAN_POINT('',(24.281171868484,-6.410138275644,
    3.609902931435));
#6114 = CARTESIAN_POINT('',(24.283080917807,-6.411849230701,
    3.612257916197));
#6115 = CARTESIAN_POINT('',(24.284961436831,-6.413536054791,
    3.614626172642));
#6116 = CARTESIAN_POINT('',(24.28681338061,-6.41519864413,3.617007278068
    ));
#6117 = CARTESIAN_POINT('',(24.288636712315,-6.416836902946,
    3.619400812756));
#6118 = CARTESIAN_POINT('',(24.290431403097,-6.418450743389,
    3.62180636017));
#6119 = CARTESIAN_POINT('',(24.292197431951,-6.420040085451,
    3.624223507152));
#6120 = CARTESIAN_POINT('',(24.293934785566,-6.421604856865,
    3.62665184411));
#6121 = CARTESIAN_POINT('',(24.295643458179,-6.423144993006,
    3.629090965201));
#6122 = CARTESIAN_POINT('',(24.297323451415,-6.424660436782,
    3.631540468503));
#6123 = CARTESIAN_POINT('',(24.298974774136,-6.426151138521,
    3.633999956194));
#6124 = CARTESIAN_POINT('',(24.300597442268,-6.427617055852,
    3.636469034703));
#6125 = CARTESIAN_POINT('',(24.302191478639,-6.429058153581,
    3.638947314878));
#6126 = CARTESIAN_POINT('',(24.303756912809,-6.430474403558,
    3.641434412129));
#6127 = CARTESIAN_POINT('',(24.30529378089,-6.431865784547,
    3.643929946576));
#6128 = CARTESIAN_POINT('',(24.306802125376,-6.433232282081,
    3.646433543182));
#6129 = CARTESIAN_POINT('',(24.308281994955,-6.434573888324,
    3.648944831887));
#6130 = CARTESIAN_POINT('',(24.309733444333,-6.435890601918,
    3.651463447728));
#6131 = CARTESIAN_POINT('',(24.311156534044,-6.437182427834,
    3.653989030957));
#6132 = CARTESIAN_POINT('',(24.312551330265,-6.438449377216,
    3.656521227151));
#6133 = CARTESIAN_POINT('',(24.313917904626,-6.439691467221,
    3.659059687312));
#6134 = CARTESIAN_POINT('',(24.315256334018,-6.440908720861,
    3.661604067969));
#6135 = CARTESIAN_POINT('',(24.316566700405,-6.442101166833,
    3.664154031258));
#6136 = CARTESIAN_POINT('',(24.317849090627,-6.443268839354,
    3.666709245013));
#6137 = CARTESIAN_POINT('',(24.319103596206,-6.444411777994,
    3.669269382833));
#6138 = CARTESIAN_POINT('',(24.320330313155,-6.445530027499,
    3.671834124159));
#6139 = CARTESIAN_POINT('',(24.321529341779,-6.446623637623,
    3.674403154326));
#6140 = CARTESIAN_POINT('',(24.32270078648,-6.447692662949,
    3.676976164627));
#6141 = CARTESIAN_POINT('',(24.323844755567,-6.448737162715,
    3.679552852355));
#6142 = CARTESIAN_POINT('',(24.324961361053,-6.449757200636,
    3.682132920845));
#6143 = CARTESIAN_POINT('',(24.326050718466,-6.450752844724,
    3.684716079511));
#6144 = CARTESIAN_POINT('',(24.327112946655,-6.451724167112,
    3.687302043874));
#6145 = CARTESIAN_POINT('',(24.328148167593,-6.452671243874,
    3.68989053558));
#6146 = CARTESIAN_POINT('',(24.329156506191,-6.453594154845,
    3.69248128242));
#6147 = CARTESIAN_POINT('',(24.330138090101,-6.45449298344,
    3.695074018334));
#6148 = CARTESIAN_POINT('',(24.331093049532,-6.455367816481,
    3.697668483419));
#6149 = CARTESIAN_POINT('',(24.332021517059,-6.456218744012,
    3.700264423919));
#6150 = CARTESIAN_POINT('',(24.332923627437,-6.457045859126,
    3.702861592222));
#6151 = CARTESIAN_POINT('',(24.333799517421,-6.457849257785,
    3.705459746836));
#6152 = CARTESIAN_POINT('',(24.33464932558,-6.458629038648,
    3.708058652375));
#6153 = CARTESIAN_POINT('',(24.335473192119,-6.459385302896,
    3.710658079526));
#6154 = CARTESIAN_POINT('',(24.336271258701,-6.460118154055,
    3.71325780502));
#6155 = CARTESIAN_POINT('',(24.337043668276,-6.460827697834,
    3.715857611587));
#6156 = CARTESIAN_POINT('',(24.337790564904,-6.461514041948,
    3.718457287919));
#6157 = CARTESIAN_POINT('',(24.33851209359,-6.462177295956,
    3.721056628613));
#6158 = CARTESIAN_POINT('',(24.339208400117,-6.462817571095,
    3.723655434122));
#6159 = CARTESIAN_POINT('',(24.339879630883,-6.463434980118,
    3.72625351069));
#6160 = CARTESIAN_POINT('',(24.340525932743,-6.464029637135,
    3.72885067029));
#6161 = CARTESIAN_POINT('',(24.34114745285,-6.464601657457,
    3.731446730551));
#6162 = CARTESIAN_POINT('',(24.341744338506,-6.465151157442,
    3.734041514689));
#6163 = CARTESIAN_POINT('',(24.342316737011,-6.465678254344,
    3.73663485142));
#6164 = CARTESIAN_POINT('',(24.34286479552,-6.466183066166,
    3.739226574884));
#6165 = CARTESIAN_POINT('',(24.343388660897,-6.466665711518,
    3.74181652455));
#6166 = CARTESIAN_POINT('',(24.343888479584,-6.467126309473,
    3.744404545133));
#6167 = CARTESIAN_POINT('',(24.344364397463,-6.467564979431,
    3.746990486487));
#6168 = CARTESIAN_POINT('',(24.344816559728,-6.467981840988,
    3.749574203517));
#6169 = CARTESIAN_POINT('',(24.345245110762,-6.468377013807,
    3.752155556067));
#6170 = CARTESIAN_POINT('',(24.34565019401,-6.468750617486,
    3.754734408819));
#6171 = CARTESIAN_POINT('',(24.346031951872,-6.469102771444,
    3.757310631182));
#6172 = CARTESIAN_POINT('',(24.346390525582,-6.469433594802,
    3.759884097178));
#6173 = CARTESIAN_POINT('',(24.346726055105,-6.469743206265,
    3.762454685328));
#6174 = CARTESIAN_POINT('',(24.347038679031,-6.470031724018,
    3.765022278533));
#6175 = CARTESIAN_POINT('',(24.347328534478,-6.470299265618,
    3.767586763954));
#6176 = CARTESIAN_POINT('',(24.347595756997,-6.470545947897,
    3.770148032889));
#6177 = CARTESIAN_POINT('',(24.347840480482,-6.470771886859,
    3.772705980647));
#6178 = CARTESIAN_POINT('',(24.348062837084,-6.470977197598,
    3.775260506423));
#6179 = CARTESIAN_POINT('',(24.348262957133,-6.4711619942,3.777811513169
    ));
#6180 = CARTESIAN_POINT('',(24.348440969057,-6.471326389669,
    3.780358907457));
#6181 = CARTESIAN_POINT('',(24.348596999316,-6.471470495842,
    3.782902599368));
#6182 = CARTESIAN_POINT('',(24.348731172329,-6.471594423318,
    3.785442502305));
#6183 = CARTESIAN_POINT('',(24.348843610417,-6.471698281389,
    3.787978533028));
#6184 = CARTESIAN_POINT('',(24.348934433743,-6.471782177975,
    3.790510610924));
#6185 = CARTESIAN_POINT('',(24.349003760251,-6.471846219554,
    3.793038660062));
#6186 = CARTESIAN_POINT('',(24.349054339601,-6.471892944366,
    3.795701257243));
#6187 = CARTESIAN_POINT('',(24.349077294067,-6.471914149929,
    3.798021334151));
#6188 = CARTESIAN_POINT('',(24.349080990711,-6.471917564932,
    3.799499999187));
#6189 = CARTESIAN_POINT('',(24.349080990711,-6.471917564932,
    3.799999999999));
#6190 = ORIENTED_EDGE('',*,*,#828,.T.);
#6191 = CYLINDRICAL_SURFACE('',#6192,0.3);
#6192 = AXIS2_PLACEMENT_3D('',#6193,#6194,#6195);
#6193 = CARTESIAN_POINT('',(24.049080990711,21.120875906767,
    3.799999999999));
#6194 = DIRECTION('',(0.,-1.,2.22044604925E-16));
#6195 = DIRECTION('',(0.,-2.22044604925E-16,-1.));
#6196 = ADVANCED_FACE('',(#6197),#6834,.F.);
#6197 = FACE_BOUND('',#6198,.F.);
#6198 = EDGE_LOOP('',(#6199,#6210,#6382,#6388,#6389,#6390,#6651,#6659));
#6199 = ORIENTED_EDGE('',*,*,#6200,.T.);
#6200 = EDGE_CURVE('',#6201,#6203,#6205,.T.);
#6201 = VERTEX_POINT('',#6202);
#6202 = CARTESIAN_POINT('',(25.111025929704,19.565809029305,
    12.299904872922));
#6203 = VERTEX_POINT('',#6204);
#6204 = CARTESIAN_POINT('',(25.087157357753,19.533584137015,
    12.299905211994));
#6205 = CIRCLE('',#6206,6.);
#6206 = AXIS2_PLACEMENT_3D('',#6207,#6208,#6209);
#6207 = CARTESIAN_POINT('',(20.277652418711,23.120875906767,12.3));
#6208 = DIRECTION('',(0.,-2.22044604925E-16,-1.));
#6209 = DIRECTION('',(0.,1.,-2.22044604925E-16));
#6210 = ORIENTED_EDGE('',*,*,#6211,.F.);
#6211 = EDGE_CURVE('',#6212,#6203,#6214,.T.);
#6212 = VERTEX_POINT('',#6213);
#6213 = CARTESIAN_POINT('',(24.349080990728,18.713669378478,
    11.549999999999));
#6214 = B_SPLINE_CURVE_WITH_KNOTS('',3,(#6215,#6216,#6217,#6218,#6219,
    #6220,#6221,#6222,#6223,#6224,#6225,#6226,#6227,#6228,#6229,#6230,
    #6231,#6232,#6233,#6234,#6235,#6236,#6237,#6238,#6239,#6240,#6241,
    #6242,#6243,#6244,#6245,#6246,#6247,#6248,#6249,#6250,#6251,#6252,
    #6253,#6254,#6255,#6256,#6257,#6258,#6259,#6260,#6261,#6262,#6263,
    #6264,#6265,#6266,#6267,#6268,#6269,#6270,#6271,#6272,#6273,#6274,
    #6275,#6276,#6277,#6278,#6279,#6280,#6281,#6282,#6283,#6284,#6285,
    #6286,#6287,#6288,#6289,#6290,#6291,#6292,#6293,#6294,#6295,#6296,
    #6297,#6298,#6299,#6300,#6301,#6302,#6303,#6304,#6305,#6306,#6307,
    #6308,#6309,#6310,#6311,#6312,#6313,#6314,#6315,#6316,#6317,#6318,
    #6319,#6320,#6321,#6322,#6323,#6324,#6325,#6326,#6327,#6328,#6329,
    #6330,#6331,#6332,#6333,#6334,#6335,#6336,#6337,#6338,#6339,#6340,
    #6341,#6342,#6343,#6344,#6345,#6346,#6347,#6348,#6349,#6350,#6351,
    #6352,#6353,#6354,#6355,#6356,#6357,#6358,#6359,#6360,#6361,#6362,
    #6363,#6364,#6365,#6366,#6367,#6368,#6369,#6370,#6371,#6372,#6373,
    #6374,#6375,#6376,#6377,#6378,#6379,#6380,#6381),.UNSPECIFIED.,.F.,
  .F.,(4,1,1,1,1,1,1,1,1,1,1,1,1,1,1,1,1,1,1,1,1,1,1,1,1,1,1,1,1,1,1,1,1
    ,1,1,1,1,1,1,1,1,1,1,1,1,1,1,1,1,1,1,1,1,1,1,1,1,1,1,1,1,1,1,1,1,1,1
    ,1,1,1,1,1,1,1,1,1,1,1,1,1,1,1,1,1,1,1,1,1,1,1,1,1,1,1,1,1,1,1,1,1,1
    ,1,1,1,1,1,1,1,1,1,1,1,1,1,1,1,1,1,1,1,1,1,1,1,1,1,1,1,1,1,1,1,1,1,1
    ,1,1,1,1,1,1,1,1,1,1,1,1,1,1,1,1,1,1,1,1,1,1,1,1,1,1,1,1,1,4),(
    0.500000206995,0.500299953856,0.501257199425,0.502215555396,
    0.503175096651,0.504135898312,0.505098035735,0.506061584497,
    0.507026620395,0.507993219436,0.508961457833,0.509931411992,
    0.51090315851,0.511876774164,0.512852335906,0.513829920849,
    0.514809606267,0.515791469581,0.516775588351,0.517762040269,
    0.518750903152,0.519742254927,0.520736173628,0.521732737384,
    0.52273202441,0.523734112998,0.524739081507,0.525747008354,
    0.526757972004,0.527772050958,0.528789323747,0.529809868918,
    0.530833765028,0.531861090629,0.532891924259,0.533926344436,
    0.53496442964,0.536006258307,0.537051908819,0.53810145949,
    0.539154988557,0.540212574167,0.541274294369,0.542340227103,
    0.543410450184,0.544485041297,0.545564077979,0.546647637615,
    0.547735797421,0.548828634436,0.549926225507,0.55102864728,
    0.55213597619,0.553248288443,0.554365660012,0.555488166621,
    0.556615883732,0.557748886538,0.558887249944,0.560031048563,
    0.561180356699,0.562335248336,0.563495797125,0.564662076374,
    0.565834159034,0.567012117689,0.56819602454,0.569385951397,
    0.570581969661,0.571784150318,0.572992563922,0.574207280582,
    0.575428369953,0.57665590122,0.577889943086,0.579130563758,
    0.580377830938,0.581631811803,0.582892572999,0.58416018062,
    0.585434700202,0.586716196704,0.588004734497,0.589300377348,
    0.590603188409,0.591913230198,0.59323056459,0.594555252798,
    0.595887355362,0.597226932132,0.59857404225,0.599928744144,
    0.6012910955,0.602661153258,0.604038973589,0.605424611879,
    0.606818122716,0.608219559873,0.609628976287,0.611046424048,
    0.612471954375,0.613905617603,0.615347463163,0.616797539567,
    0.618255894381,0.619722574217,0.621197624705,0.622681090478,
    0.624173015148,0.625673441292,0.627182410424,0.628699962978,
    0.630226138284,0.63176097455,0.633304508834,0.634856777026,
    0.636417813818,0.637987652689,0.639566325872,0.641153864334,
    0.642750297749,0.644355654473,0.645969961513,0.647593244506,
    0.649225527686,0.650866833858,0.652517184367,0.654176599072,
    0.655845096308,0.657522692864,0.659209403942,0.66090524313,
    0.662610222366,0.664324351903,0.666047640278,0.667780094267,
    0.669521718857,0.671272517201,0.673032490584,0.674801638381,
    0.676579958012,0.678367444905,0.680164092453,0.681969891964,
    0.68378483262,0.685608901427,0.68744208317,0.68928436036,
    0.691135713185,0.692996119457,0.694865554559,0.696743991387,
    0.698631400296,0.700527749041,0.702433002714,0.704347123684,
    0.706270071534,0.708201802992,0.710142271869,0.712091428982,
    0.714049222087,0.716015595807,0.717990491549,0.719973847432,
    0.721965598204),.UNSPECIFIED.);
#6215 = CARTESIAN_POINT('',(24.349080990744,18.71366937849,
    11.549999999999));
#6216 = CARTESIAN_POINT('',(24.349080990732,18.713669378481,
    11.550665050836));
#6217 = CARTESIAN_POINT('',(24.349084700173,18.713672805323,
    11.553453950331));
#6218 = CARTESIAN_POINT('',(24.349118654128,18.713704172346,
    11.558369026995));
#6219 = CARTESIAN_POINT('',(24.349216931528,18.713794964989,
    11.564746833772));
#6220 = CARTESIAN_POINT('',(24.349369642148,18.7139360533,11.57113054937
    ));
#6221 = CARTESIAN_POINT('',(24.349576956821,18.71412760562,
    11.577519808291));
#6222 = CARTESIAN_POINT('',(24.349839045964,18.71436979372,
    11.583914241024));
#6223 = CARTESIAN_POINT('',(24.350156079498,18.714662792772,
    11.590313473961));
#6224 = CARTESIAN_POINT('',(24.350528226767,18.715006781313,
    11.596717129312));
#6225 = CARTESIAN_POINT('',(24.350955656453,18.715401941215,
    11.603124825024));
#6226 = CARTESIAN_POINT('',(24.351438536487,18.71584845764,11.6095361747
    ));
#6227 = CARTESIAN_POINT('',(24.351977033962,18.716346519007,
    11.615950787522));
#6228 = CARTESIAN_POINT('',(24.352571315036,18.716896316943,
    11.622368268176));
#6229 = CARTESIAN_POINT('',(24.353221544837,18.717498046244,
    11.62878821678));
#6230 = CARTESIAN_POINT('',(24.353927887361,18.718151904824,
    11.635210228811));
#6231 = CARTESIAN_POINT('',(24.354690505375,18.71885809367,
    11.641633895041));
#6232 = CARTESIAN_POINT('',(24.355509560307,18.719616816785,
    11.64805880147));
#6233 = CARTESIAN_POINT('',(24.356385212143,18.720428281142,
    11.654484529265));
#6234 = CARTESIAN_POINT('',(24.357317619312,18.721292696621,
    11.660910654701));
#6235 = CARTESIAN_POINT('',(24.358306938578,18.722210275959,
    11.667336749109));
#6236 = CARTESIAN_POINT('',(24.359353324924,18.723181234684,
    11.673762378817));
#6237 = CARTESIAN_POINT('',(24.360456931433,18.724205791057,
    11.680187105109));
#6238 = CARTESIAN_POINT('',(24.361617909174,18.725284166009,
    11.686610484173));
#6239 = CARTESIAN_POINT('',(24.362836407073,18.726416583073,
    11.693032067066));
#6240 = CARTESIAN_POINT('',(24.3641125718,18.727603268319,11.69945139967
    ));
#6241 = CARTESIAN_POINT('',(24.365446547636,18.728844450287,
    11.705868022661));
#6242 = CARTESIAN_POINT('',(24.366838476348,18.73014035991,
    11.712281471478));
#6243 = CARTESIAN_POINT('',(24.368288497066,18.73149123045,
    11.718691276297));
#6244 = CARTESIAN_POINT('',(24.369796746148,18.732897297417,
    11.725096962005));
#6245 = CARTESIAN_POINT('',(24.371363357052,18.734358798498,
    11.731498048189));
#6246 = CARTESIAN_POINT('',(24.372988460204,18.735875973478,
    11.737894049111));
#6247 = CARTESIAN_POINT('',(24.374672182864,18.737449064162,
    11.744284473706));
#6248 = CARTESIAN_POINT('',(24.376414648993,18.739078314295,
    11.750668825573));
#6249 = CARTESIAN_POINT('',(24.378215979117,18.740763969484,
    11.757046602972));
#6250 = CARTESIAN_POINT('',(24.380076290194,18.74250627711,
    11.763417298825));
#6251 = CARTESIAN_POINT('',(24.381995695477,18.744305486247,
    11.769780400726));
#6252 = CARTESIAN_POINT('',(24.383974304376,18.746161847578,
    11.776135390946));
#6253 = CARTESIAN_POINT('',(24.386012222325,18.748075613311,
    11.782481746455));
#6254 = CARTESIAN_POINT('',(24.388109550642,18.750047037086,
    11.788818938932));
#6255 = CARTESIAN_POINT('',(24.390266386395,18.752076373893,
    11.795146434796));
#6256 = CARTESIAN_POINT('',(24.392482822263,18.75416387998,
    11.801463695228));
#6257 = CARTESIAN_POINT('',(24.394758946403,18.756309812763,
    11.807770176205));
#6258 = CARTESIAN_POINT('',(24.39709484231,18.758514430739,
    11.814065328533));
#6259 = CARTESIAN_POINT('',(24.399490588684,18.760777993392,
    11.820348597892));
#6260 = CARTESIAN_POINT('',(24.401946259297,18.763100761099,
    11.826619424874));
#6261 = CARTESIAN_POINT('',(24.404461922856,18.76548299504,
    11.832877245033));
#6262 = CARTESIAN_POINT('',(24.40703764287,18.767924957108,
    11.839121488939));
#6263 = CARTESIAN_POINT('',(24.40967347752,18.770426909805,
    11.845351582229));
#6264 = CARTESIAN_POINT('',(24.412369479526,18.77298911616,
    11.851566945673));
#6265 = CARTESIAN_POINT('',(24.415125696019,18.775611839623,
    11.85776699523));
#6266 = CARTESIAN_POINT('',(24.417942168411,18.778295343976,
    11.863951142123));
#6267 = CARTESIAN_POINT('',(24.420818932269,18.781039893238,
    11.870118792904));
#6268 = CARTESIAN_POINT('',(24.423756017188,18.783845751563,
    11.876269349531));
#6269 = CARTESIAN_POINT('',(24.426753446669,18.786713183148,
    11.882402209448));
#6270 = CARTESIAN_POINT('',(24.429811237995,18.789642452135,
    11.888516765661));
#6271 = CARTESIAN_POINT('',(24.432929402114,18.792633822514,
    11.894612406829));
#6272 = CARTESIAN_POINT('',(24.436107943514,18.795687558024,
    11.900688517348));
#6273 = CARTESIAN_POINT('',(24.439346860115,18.798803922058,
    11.906744477446));
#6274 = CARTESIAN_POINT('',(24.442646143145,18.801983177562,
    11.912779663273));
#6275 = CARTESIAN_POINT('',(24.446005777038,18.80522558694,
    11.918793447002));
#6276 = CARTESIAN_POINT('',(24.449425739314,18.808531411952,
    11.924785196929));
#6277 = CARTESIAN_POINT('',(24.452906000478,18.811900913617,
    11.930754277574));
#6278 = CARTESIAN_POINT('',(24.456446523912,18.815334352117,
    11.936700049789));
#6279 = CARTESIAN_POINT('',(24.460047265771,18.818831986691,
    11.942621870867));
#6280 = CARTESIAN_POINT('',(24.463708174881,18.822394075545,
    11.948519094649));
#6281 = CARTESIAN_POINT('',(24.467429192647,18.826020875744,
    11.954391071643));
#6282 = CARTESIAN_POINT('',(24.471210252948,18.829712643118,
    11.960237149135));
#6283 = CARTESIAN_POINT('',(24.475051282051,18.833469632159,
    11.966056671309));
#6284 = CARTESIAN_POINT('',(24.478952198516,18.837292095923,
    11.971848979367));
#6285 = CARTESIAN_POINT('',(24.48291291311,18.841180285929,
    11.977613411649));
#6286 = CARTESIAN_POINT('',(24.486933328721,18.845134452057,
    11.98334930376));
#6287 = CARTESIAN_POINT('',(24.491013340274,18.84915484245,
    11.989055988692));
#6288 = CARTESIAN_POINT('',(24.495152834652,18.853241703412,
    11.994732796954));
#6289 = CARTESIAN_POINT('',(24.499351690617,18.857395279303,
    12.000379056698));
#6290 = CARTESIAN_POINT('',(24.503609778738,18.861615812444,
    12.005994093853));
#6291 = CARTESIAN_POINT('',(24.507926961315,18.865903543008,
    12.011577232253));
#6292 = CARTESIAN_POINT('',(24.512303092313,18.870258708922,
    12.017127793771));
#6293 = CARTESIAN_POINT('',(24.516738017292,18.874681545762,
    12.022645098453));
#6294 = CARTESIAN_POINT('',(24.521231573345,18.879172286651,
    12.028128464654));
#6295 = CARTESIAN_POINT('',(24.525783589036,18.883731162152,
    12.033577209173));
#6296 = CARTESIAN_POINT('',(24.530393884343,18.888358400166,
    12.03899064739));
#6297 = CARTESIAN_POINT('',(24.535062270596,18.893054225828,
    12.044368093406));
#6298 = CARTESIAN_POINT('',(24.539788550431,18.897818861397,
    12.049708860178));
#6299 = CARTESIAN_POINT('',(24.544572517733,18.902652526153,
    12.05501225966));
#6300 = CARTESIAN_POINT('',(24.549413957593,18.907555436288,
    12.060277602943));
#6301 = CARTESIAN_POINT('',(24.554312646256,18.912527804798,
    12.065504200396));
#6302 = CARTESIAN_POINT('',(24.559268351085,18.917569841375,
    12.070691361805));
#6303 = CARTESIAN_POINT('',(24.564280830514,18.922681752297,
    12.075838396514));
#6304 = CARTESIAN_POINT('',(24.569349834013,18.927863740314,
    12.080944613568));
#6305 = CARTESIAN_POINT('',(24.574475102051,18.933116004543,
    12.086009321855));
#6306 = CARTESIAN_POINT('',(24.579656366064,18.938438740347,
    12.091031830242));
#6307 = CARTESIAN_POINT('',(24.584893348424,18.943832139225,
    12.096011447728));
#6308 = CARTESIAN_POINT('',(24.590185762406,18.949296388699,
    12.100947483573));
#6309 = CARTESIAN_POINT('',(24.595533312168,18.95483167219,
    12.105839247448));
#6310 = CARTESIAN_POINT('',(24.600935692724,18.960438168908,
    12.110686049577));
#6311 = CARTESIAN_POINT('',(24.606392589919,18.966116053728,
    12.115487200874));
#6312 = CARTESIAN_POINT('',(24.611903680416,18.97186549707,
    12.120242013087));
#6313 = CARTESIAN_POINT('',(24.61746863167,18.977686664775,
    12.124949798941));
#6314 = CARTESIAN_POINT('',(24.623087101921,18.983579717984,
    12.129609872276));
#6315 = CARTESIAN_POINT('',(24.628758740175,18.98954481301,
    12.134221548191));
#6316 = CARTESIAN_POINT('',(24.634483186191,18.99558210121,
    12.138784143181));
#6317 = CARTESIAN_POINT('',(24.640260070478,19.001691728857,
    12.143296975281));
#6318 = CARTESIAN_POINT('',(24.646089014281,19.007873837007,
    12.147759364204));
#6319 = CARTESIAN_POINT('',(24.651969629577,19.014128561365,
    12.15217063148));
#6320 = CARTESIAN_POINT('',(24.657901519072,19.020456032152,
    12.156530100596));
#6321 = CARTESIAN_POINT('',(24.663884276197,19.026856373962,
    12.160837097134));
#6322 = CARTESIAN_POINT('',(24.669917485109,19.033329705629,
    12.165090948912));
#6323 = CARTESIAN_POINT('',(24.676000720688,19.039876140077,
    12.169290986117));
#6324 = CARTESIAN_POINT('',(24.682133548545,19.046495784179,
    12.173436541448));
#6325 = CARTESIAN_POINT('',(24.688315525021,19.053188738609,
    12.177526950248));
#6326 = CARTESIAN_POINT('',(24.694546197196,19.05995509769,
    12.181561550644));
#6327 = CARTESIAN_POINT('',(24.700825102893,19.066794949242,
    12.18553968368));
#6328 = CARTESIAN_POINT('',(24.707151770687,19.073708374427,
    12.189460693458));
#6329 = CARTESIAN_POINT('',(24.713525719917,19.080695447587,
    12.193323927266));
#6330 = CARTESIAN_POINT('',(24.719946460693,19.087756236086,
    12.197128735719));
#6331 = CARTESIAN_POINT('',(24.726413493911,19.094890800139,
    12.200874472889));
#6332 = CARTESIAN_POINT('',(24.732926311263,19.102099192649,
    12.204560496441));
#6333 = CARTESIAN_POINT('',(24.739484395256,19.109381459034,
    12.208186167768));
#6334 = CARTESIAN_POINT('',(24.746087219221,19.116737637047,
    12.21175085212));
#6335 = CARTESIAN_POINT('',(24.752734247335,19.124167756604,
    12.21525391874));
#6336 = CARTESIAN_POINT('',(24.759424934636,19.131671839595,
    12.218694740996));
#6337 = CARTESIAN_POINT('',(24.766158727039,19.139249899699,
    12.222072696514));
#6338 = CARTESIAN_POINT('',(24.77293506136,19.146901942197,
    12.225387167306));
#6339 = CARTESIAN_POINT('',(24.77975336533,19.15462796377,
    12.228637539906));
#6340 = CARTESIAN_POINT('',(24.786613057619,19.162427952305,
    12.231823205501));
#6341 = CARTESIAN_POINT('',(24.793513547857,19.170301886692,
    12.23494356006));
#6342 = CARTESIAN_POINT('',(24.800454236654,19.178249736612,
    12.237998004467));
#6343 = CARTESIAN_POINT('',(24.807434515625,19.186271462325,
    12.240985944651));
#6344 = CARTESIAN_POINT('',(24.814453767411,19.194367014454,
    12.24390679172));
#6345 = CARTESIAN_POINT('',(24.821511365699,19.202536333762,
    12.246759962089));
#6346 = CARTESIAN_POINT('',(24.828606675254,19.210779350924,
    12.249544877611));
#6347 = CARTESIAN_POINT('',(24.835739051935,19.219095986289,
    12.252260965712));
#6348 = CARTESIAN_POINT('',(24.842907842723,19.227486149651,
    12.254907659521));
#6349 = CARTESIAN_POINT('',(24.850112385746,19.235949739993,12.257484398
    ));
#6350 = CARTESIAN_POINT('',(24.857352010301,19.244486645246,
    12.25999062608));
#6351 = CARTESIAN_POINT('',(24.86462603688,19.253096742028,
    12.262425794791));
#6352 = CARTESIAN_POINT('',(24.871933777197,19.261779895379,
    12.264789361397));
#6353 = CARTESIAN_POINT('',(24.879274534208,19.270535958499,
    12.267080789528));
#6354 = CARTESIAN_POINT('',(24.886647602142,19.279364772463,
    12.269299549319));
#6355 = CARTESIAN_POINT('',(24.894052266517,19.288266165947,
    12.271445117541));
#6356 = CARTESIAN_POINT('',(24.901487804174,19.297239954931,
    12.273516977741));
#6357 = CARTESIAN_POINT('',(24.908953483294,19.306285942404,
    12.275514620376));
#6358 = CARTESIAN_POINT('',(24.916448563422,19.315403918061,
    12.277437542956));
#6359 = CARTESIAN_POINT('',(24.923972295495,19.324593657987,
    12.279285250182));
#6360 = CARTESIAN_POINT('',(24.931523921861,19.333854924338,
    12.281057254085));
#6361 = CARTESIAN_POINT('',(24.939102676302,19.343187465012,
    12.282753074175));
#6362 = CARTESIAN_POINT('',(24.946707784054,19.352591013309,
    12.284372237581));
#6363 = CARTESIAN_POINT('',(24.954338461832,19.362065287585,
    12.285914279198));
#6364 = CARTESIAN_POINT('',(24.961993917845,19.371609990897,
    12.287378741839));
#6365 = CARTESIAN_POINT('',(24.96967335182,19.381224810635,
    12.288765176382));
#6366 = CARTESIAN_POINT('',(24.977375955016,19.390909418148,
    12.290073141928));
#6367 = CARTESIAN_POINT('',(24.985100910247,19.400663468359,
    12.291302205952));
#6368 = CARTESIAN_POINT('',(24.99284739189,19.410486599366,
    12.292451944466));
#6369 = CARTESIAN_POINT('',(25.00061456591,19.420378432039,
    12.293521942177));
#6370 = CARTESIAN_POINT('',(25.008401589864,19.430338569597,
    12.294511792658));
#6371 = CARTESIAN_POINT('',(25.016207612922,19.440366597182,
    12.29542109851));
#6372 = CARTESIAN_POINT('',(25.024031775873,19.450462081417,
    12.296249471539));
#6373 = CARTESIAN_POINT('',(25.031873211139,19.460624569948,
    12.296996532934));
#6374 = CARTESIAN_POINT('',(25.039731042779,19.470853590985,
    12.29766191344));
#6375 = CARTESIAN_POINT('',(25.047604386497,19.481148652814,
    12.298245253555));
#6376 = CARTESIAN_POINT('',(25.055492349651,19.49150924331,
    12.298746203711));
#6377 = CARTESIAN_POINT('',(25.063394031251,19.501934829427,
    12.299164424475));
#6378 = CARTESIAN_POINT('',(25.071308521964,19.51242485668,
    12.299499586751));
#6379 = CARTESIAN_POINT('',(25.079234904114,19.522978748606,
    12.299751371984));
#6380 = CARTESIAN_POINT('',(25.084515378351,19.530042018393,
    12.299863204028));
#6381 = CARTESIAN_POINT('',(25.087157357753,19.533584137015,
    12.299905211994));
#6382 = ORIENTED_EDGE('',*,*,#6383,.F.);
#6383 = EDGE_CURVE('',#5828,#6212,#6384,.T.);
#6384 = LINE('',#6385,#6386);
#6385 = CARTESIAN_POINT('',(24.349080990711,18.713669378466,
    3.799999999999));
#6386 = VECTOR('',#6387,1.);
#6387 = DIRECTION('',(2.137129183299E-12,1.516199352449E-12,1.));
#6388 = ORIENTED_EDGE('',*,*,#5827,.T.);
#6389 = ORIENTED_EDGE('',*,*,#784,.T.);
#6390 = ORIENTED_EDGE('',*,*,#6391,.T.);
#6391 = EDGE_CURVE('',#785,#6392,#6394,.T.);
#6392 = VERTEX_POINT('',#6393);
#6393 = CARTESIAN_POINT('',(25.84908099072,20.893953441343,
    3.799999999999));
#6394 = B_SPLINE_CURVE_WITH_KNOTS('',3,(#6395,#6396,#6397,#6398,#6399,
    #6400,#6401,#6402,#6403,#6404,#6405,#6406,#6407,#6408,#6409,#6410,
    #6411,#6412,#6413,#6414,#6415,#6416,#6417,#6418,#6419,#6420,#6421,
    #6422,#6423,#6424,#6425,#6426,#6427,#6428,#6429,#6430,#6431,#6432,
    #6433,#6434,#6435,#6436,#6437,#6438,#6439,#6440,#6441,#6442,#6443,
    #6444,#6445,#6446,#6447,#6448,#6449,#6450,#6451,#6452,#6453,#6454,
    #6455,#6456,#6457,#6458,#6459,#6460,#6461,#6462,#6463,#6464,#6465,
    #6466,#6467,#6468,#6469,#6470,#6471,#6472,#6473,#6474,#6475,#6476,
    #6477,#6478,#6479,#6480,#6481,#6482,#6483,#6484,#6485,#6486,#6487,
    #6488,#6489,#6490,#6491,#6492,#6493,#6494,#6495,#6496,#6497,#6498,
    #6499,#6500,#6501,#6502,#6503,#6504,#6505,#6506,#6507,#6508,#6509,
    #6510,#6511,#6512,#6513,#6514,#6515,#6516,#6517,#6518,#6519,#6520,
    #6521,#6522,#6523,#6524,#6525,#6526,#6527,#6528,#6529,#6530,#6531,
    #6532,#6533,#6534,#6535,#6536,#6537,#6538,#6539,#6540,#6541,#6542,
    #6543,#6544,#6545,#6546,#6547,#6548,#6549,#6550,#6551,#6552,#6553,
    #6554,#6555,#6556,#6557,#6558,#6559,#6560,#6561,#6562,#6563,#6564,
    #6565,#6566,#6567,#6568,#6569,#6570,#6571,#6572,#6573,#6574,#6575,
    #6576,#6577,#6578,#6579,#6580,#6581,#6582,#6583,#6584,#6585,#6586,
    #6587,#6588,#6589,#6590,#6591,#6592,#6593,#6594,#6595,#6596,#6597,
    #6598,#6599,#6600,#6601,#6602,#6603,#6604,#6605,#6606,#6607,#6608,
    #6609,#6610,#6611,#6612,#6613,#6614,#6615,#6616,#6617,#6618,#6619,
    #6620,#6621,#6622,#6623,#6624,#6625,#6626,#6627,#6628,#6629,#6630,
    #6631,#6632,#6633,#6634,#6635,#6636,#6637,#6638,#6639,#6640,#6641,
    #6642,#6643,#6644,#6645,#6646,#6647,#6648,#6649,#6650),
  .UNSPECIFIED.,.F.,.F.,(4,1,1,1,1,1,1,1,1,1,1,1,1,1,1,1,1,1,1,1,1,1,1,1
    ,1,1,1,1,1,1,1,1,1,1,1,1,1,1,1,1,1,1,1,1,1,1,1,1,1,1,1,1,1,1,1,1,1,1
    ,1,1,1,1,1,1,1,1,1,1,1,1,1,1,1,1,1,1,1,1,1,1,1,1,1,1,1,1,1,1,1,1,1,1
    ,1,1,1,1,1,1,1,1,1,1,1,1,1,1,1,1,1,1,1,1,1,1,1,1,1,1,1,1,1,1,1,1,1,1
    ,1,1,1,1,1,1,1,1,1,1,1,1,1,1,1,1,1,1,1,1,1,1,1,1,1,1,1,1,1,1,1,1,1,1
    ,1,1,1,1,1,1,1,1,1,1,1,1,1,1,1,1,1,1,1,1,1,1,1,1,1,1,1,1,1,1,1,1,1,1
    ,1,1,1,1,1,1,1,1,1,1,1,1,1,1,1,1,1,1,1,1,1,1,1,1,1,1,1,1,1,1,1,1,1,1
    ,1,1,1,1,1,1,1,1,1,1,1,1,1,1,1,1,1,1,1,1,1,1,1,1,1,4),(
    0.270237636106,0.272100248575,0.273955282058,0.275802637298,
    0.277642219975,0.279473940539,0.281297714045,0.28311345999,
    0.284921102157,0.286720568456,0.288511790773,0.290294704818,
    0.292069249981,0.29383536919,0.29559300877,0.297342118311,
    0.299082650534,0.300814561169,0.302537808829,0.304252354893,
    0.30595816339,0.30765520089,0.309343436399,0.311022841252,
    0.312693389019,0.314355055407,0.316007818171,0.317651657025,
    0.319286553559,0.320912491161,0.322529454933,0.324137431626,
    0.325736409563,0.327326378575,0.328907329937,0.330479256303,
    0.332042151651,0.333596011226,0.335140831486,0.336676610053,
    0.338203345661,0.339721038115,0.341229688244,0.342729297858,
    0.344219869714,0.345701407474,0.347173915668,0.348637399666,
    0.350091865641,0.351537320541,0.352973772059,0.354401228606,
    0.355819699286,0.357229193871,0.35862972278,0.360021297052,
    0.361403928332,0.362777628847,0.36414241139,0.365498289303,
    0.36684527646,0.368183387251,0.369512636569,0.370833039798,
    0.372144612796,0.37344737189,0.374741333858,0.376026515922,
    0.377302935741,0.378570611398,0.379829561392,0.381079804633,
    0.382321360434,0.383554248502,0.384778488934,0.385994102213,
    0.387201109198,0.388399531126,0.389589389599,0.39077070659,
    0.391943504432,0.393107805816,0.394263633792,0.395411011763,
    0.396549963483,0.397680513055,0.398802684933,0.399916503914,
    0.401021995141,0.402119184103,0.40320809663,0.404288758896,
    0.405361197418,0.406425439053,0.407481511001,0.408529440805,
    0.409569256348,0.410600985858,0.411624657904,0.412640301399,
    0.413647945599,0.414647620107,0.41563935487,0.416623180181,
    0.417599126681,0.41856722536,0.419527507556,0.420480004959,
    0.421424749609,0.422361773901,0.423291110581,0.424212792753,
    0.425126853877,0.426033327768,0.426932248604,0.427823650921,
    0.428707569615,0.429584039949,0.430453097545,0.431314778394,
    0.43216911885,0.433016155638,0.433855925849,0.434688466945,
    0.435513816757,0.43633201349,0.43714309572,0.437947102399,
    0.438744072851,0.439534046776,0.440317064253,0.441093165733,
    0.44186239205,0.442624784413,0.443380384411,0.444129234012,
    0.444871375565,0.445606851797,0.446335705819,0.44705798112,
    0.447773721573,0.44848297143,0.449185775326,0.449882178276,
    0.450572225679,0.451255963314,0.451933437342,0.452604694304,
    0.453269781126,0.453928745111,0.454581633944,0.455228495692,
    0.455869378799,0.456504332092,0.457133404775,0.457756646431,
    0.458374107024,0.458985836893,0.459591886757,0.460192307711,
    0.460787151227,0.461376469152,0.461960313712,0.462538737507,
    0.463111793512,0.463679535077,0.464242015927,0.464799290162,
    0.465351412257,0.46589843706,0.466440419796,0.466977416062,
    0.467509481832,0.468036673457,0.46855904766,0.469076661545,
    0.469589572593,0.470097838662,0.470601517992,0.471100669205,
    0.471595351305,0.472085623682,0.472571546114,0.473053178769,
    0.473530582207,0.474003817384,0.474472945656,0.474938028781,
    0.475399128926,0.475856308665,0.476309630994,0.476759159326,
    0.477204957503,0.4776470898,0.478085620932,0.478520616062,
    0.478952140806,0.479380261242,0.479805043922,0.480226555877,
    0.480644864629,0.4810600382,0.481472145125,0.481881254463,
    0.482287435808,0.482690759304,0.483091295658,0.483489116155,
    0.483884292671,0.484276897695,0.484667004337,0.485054686355,
    0.485440018165,0.485823074866,0.48620393226,0.486582666867,
    0.486959355955,0.487334077556,0.487706910493,0.488077934405,
    0.488447229768,0.488814877926,0.489180961113,0.489545562487,
    0.489908766151,0.490270657188,0.490631321691,0.490990846788,
    0.491349320681,0.491706832673,0.492063473203,0.492419333878,
    0.492774507508,0.493129088141,0.493483171095,0.493836852994,
    0.494190231804,0.494543406869,0.494896478942,0.495249550225,
    0.495602724401,0.495956106669,0.496309803781,0.496663924069,
    0.497018577484,0.497373875626,0.497729931773,0.498086860914,
    0.498444779773,0.498803806839,0.499164062393,0.499525668524,
    0.499888749158,0.500000171489),.UNSPECIFIED.);
#6395 = CARTESIAN_POINT('',(26.139530871415,21.840883326426,
    3.500152046494));
#6396 = CARTESIAN_POINT('',(26.138898464658,21.837987144373,
    3.500172188569));
#6397 = CARTESIAN_POINT('',(26.137631946372,21.832207527717,
    3.500216524248));
#6398 = CARTESIAN_POINT('',(26.135723302803,21.823558845675,
    3.500295492189));
#6399 = CARTESIAN_POINT('',(26.13380989895,21.814948883912,
    3.500386882386));
#6400 = CARTESIAN_POINT('',(26.131892000305,21.806378084691,
    3.500490782202));
#6401 = CARTESIAN_POINT('',(26.129969869405,21.797846867702,
    3.500607274276));
#6402 = CARTESIAN_POINT('',(26.128043765813,21.789355630855,
    3.500736436612));
#6403 = CARTESIAN_POINT('',(26.126113946113,21.780904751065,
    3.500878342658));
#6404 = CARTESIAN_POINT('',(26.124180663901,21.77249458501,
    3.501033061396));
#6405 = CARTESIAN_POINT('',(26.122244169786,21.764125469894,
    3.501200657424));
#6406 = CARTESIAN_POINT('',(26.120304711396,21.755797724172,
    3.501381191041));
#6407 = CARTESIAN_POINT('',(26.118362533388,21.747511648279,
    3.501574718332));
#6408 = CARTESIAN_POINT('',(26.116417877457,21.739267525329,
    3.501781291251));
#6409 = CARTESIAN_POINT('',(26.114470982352,21.731065621794,
    3.502000957703));
#6410 = CARTESIAN_POINT('',(26.112522083901,21.722906188175,
    3.502233761629));
#6411 = CARTESIAN_POINT('',(26.110571415021,21.714789459647,
    3.502479743081));
#6412 = CARTESIAN_POINT('',(26.108619205754,21.70671565668,
    3.502738938311));
#6413 = CARTESIAN_POINT('',(26.10666568328,21.698684985651,
    3.503011379838));
#6414 = CARTESIAN_POINT('',(26.104711071954,21.69069763943,
    3.503297096535));
#6415 = CARTESIAN_POINT('',(26.102755593328,21.682753797944,
    3.503596113701));
#6416 = CARTESIAN_POINT('',(26.100799466184,21.674853628727,
    3.503908453135));
#6417 = CARTESIAN_POINT('',(26.098842906562,21.666997287448,
    3.504234133208));
#6418 = CARTESIAN_POINT('',(26.096886127792,21.659184918419,
    3.504573168939));
#6419 = CARTESIAN_POINT('',(26.094929340526,21.651416655084,
    3.50492557206));
#6420 = CARTESIAN_POINT('',(26.092972752772,21.643692620493,
    3.505291351086));
#6421 = CARTESIAN_POINT('',(26.09101656992,21.636012927748,
    3.505670511384));
#6422 = CARTESIAN_POINT('',(26.089060994783,21.628377680446,
    3.506063055234));
#6423 = CARTESIAN_POINT('',(26.087106227621,21.620786973087,
    3.506468981898));
#6424 = CARTESIAN_POINT('',(26.085152466179,21.613240891481,
    3.506888287677));
#6425 = CARTESIAN_POINT('',(26.083199905717,21.605739513125,
    3.507320965978));
#6426 = CARTESIAN_POINT('',(26.081248739042,21.598282907574,
    3.507767007366));
#6427 = CARTESIAN_POINT('',(26.079299156537,21.590871136788,
    3.508226399627));
#6428 = CARTESIAN_POINT('',(26.077351346195,21.583504255469,
    3.508699127824));
#6429 = CARTESIAN_POINT('',(26.075405493647,21.576182311382,
    3.509185174349));
#6430 = CARTESIAN_POINT('',(26.073461782192,21.568905345658,
    3.50968451898));
#6431 = CARTESIAN_POINT('',(26.071520392826,21.56167339309,
    3.510197138932));
#6432 = CARTESIAN_POINT('',(26.069581504272,21.554486482405,
    3.510723008906));
#6433 = CARTESIAN_POINT('',(26.067645293002,21.547344636537,
    3.511262101142));
#6434 = CARTESIAN_POINT('',(26.065711933271,21.540247872876,
    3.511814385466));
#6435 = CARTESIAN_POINT('',(26.063781597139,21.533196203506,
    3.512379829337));
#6436 = CARTESIAN_POINT('',(26.061854454494,21.526189635442,
    3.512958397894));
#6437 = CARTESIAN_POINT('',(26.059930673081,21.519228170839,3.513550054)
  );
#6438 = CARTESIAN_POINT('',(26.058010418524,21.512311807206,
    3.514154758286));
#6439 = CARTESIAN_POINT('',(26.056093854347,21.505440537601,
    3.514772469197));
#6440 = CARTESIAN_POINT('',(26.054181141998,21.498614350815,
    3.515403143028));
#6441 = CARTESIAN_POINT('',(26.052272440869,21.491833231555,
    3.51604673397));
#6442 = CARTESIAN_POINT('',(26.050367908317,21.485097160609,
    3.516703194149));
#6443 = CARTESIAN_POINT('',(26.048467699684,21.478406115007,
    3.517372473664));
#6444 = CARTESIAN_POINT('',(26.046571968314,21.471760068174,
    3.518054520625));
#6445 = CARTESIAN_POINT('',(26.044680865571,21.465158990068,
    3.518749281194));
#6446 = CARTESIAN_POINT('',(26.042794540858,21.458602847324,
    3.519456699616));
#6447 = CARTESIAN_POINT('',(26.040913141633,21.452091603376,
    3.520176718261));
#6448 = CARTESIAN_POINT('',(26.039036813422,21.445625218582,
    3.520909277656));
#6449 = CARTESIAN_POINT('',(26.037165699839,21.43920365034,
    3.521654316521));
#6450 = CARTESIAN_POINT('',(26.035299942593,21.432826853192,
    3.522411771799));
#6451 = CARTESIAN_POINT('',(26.033439681509,21.426494778931,
    3.523181578698));
#6452 = CARTESIAN_POINT('',(26.031585054534,21.420207376698,
    3.523963670714));
#6453 = CARTESIAN_POINT('',(26.029736197756,21.413964593069,
    3.524757979673));
#6454 = CARTESIAN_POINT('',(26.027893245408,21.407766372145,
    3.525564435754));
#6455 = CARTESIAN_POINT('',(26.026056329885,21.401612655634,
    3.526382967526));
#6456 = CARTESIAN_POINT('',(26.02422558175,21.395503382923,
    3.527213501977));
#6457 = CARTESIAN_POINT('',(26.022401129747,21.389438491151,
    3.528055964546));
#6458 = CARTESIAN_POINT('',(26.020583100808,21.38341791528,3.52891027915
    ));
#6459 = CARTESIAN_POINT('',(26.018771620059,21.377441588155,
    3.529776368219));
#6460 = CARTESIAN_POINT('',(26.016966810835,21.371509440562,
    3.530654152717));
#6461 = CARTESIAN_POINT('',(26.015168794679,21.365621401288,
    3.531543552183));
#6462 = CARTESIAN_POINT('',(26.013377691356,21.35977739717,
    3.532444484748));
#6463 = CARTESIAN_POINT('',(26.011593618854,21.353977353144,
    3.533356867172));
#6464 = CARTESIAN_POINT('',(26.009816693395,21.348221192293,
    3.534280614866));
#6465 = CARTESIAN_POINT('',(26.008047029435,21.342508835885,
    3.535215641928));
#6466 = CARTESIAN_POINT('',(26.006284739673,21.336840203416,
    3.536161861162));
#6467 = CARTESIAN_POINT('',(26.004529935054,21.331215212648,
    3.537119184112));
#6468 = CARTESIAN_POINT('',(26.002782724776,21.325633779638,
    3.538087521088));
#6469 = CARTESIAN_POINT('',(26.00104321629,21.320095818777,
    3.539066781192));
#6470 = CARTESIAN_POINT('',(25.999311515305,21.314601242812,
    3.540056872347));
#6471 = CARTESIAN_POINT('',(25.997587725792,21.30914996288,
    3.541057701323));
#6472 = CARTESIAN_POINT('',(25.995871949988,21.303741888529,
    3.542069173767));
#6473 = CARTESIAN_POINT('',(25.994164288395,21.298376927743,
    3.543091194226));
#6474 = CARTESIAN_POINT('',(25.992464839787,21.293054986963,
    3.544123666178));
#6475 = CARTESIAN_POINT('',(25.990773701208,21.287775971107,
    3.545166492055));
#6476 = CARTESIAN_POINT('',(25.989090967976,21.282539783587,
    3.546219573273));
#6477 = CARTESIAN_POINT('',(25.987416733685,21.277346326327,
    3.54728281026));
#6478 = CARTESIAN_POINT('',(25.985751090204,21.272195499777,
    3.54835610248));
#6479 = CARTESIAN_POINT('',(25.984094127684,21.267087202926,
    3.549439348461));
#6480 = CARTESIAN_POINT('',(25.98244593455,21.262021333317,
    3.550532445822));
#6481 = CARTESIAN_POINT('',(25.980806597511,21.256997787055,
    3.551635291304));
#6482 = CARTESIAN_POINT('',(25.979176201554,21.252016458818,
    3.552747780791));
#6483 = CARTESIAN_POINT('',(25.97755482995,21.247077241869,
    3.553869809341));
#6484 = CARTESIAN_POINT('',(25.975942564251,21.242180028058,
    3.555001271213));
#6485 = CARTESIAN_POINT('',(25.974339484292,21.237324707835,
    3.556142059896));
#6486 = CARTESIAN_POINT('',(25.972745668189,21.232511170252,
    3.557292068132));
#6487 = CARTESIAN_POINT('',(25.971161192345,21.227739302972,
    3.55845118795));
#6488 = CARTESIAN_POINT('',(25.969586131443,21.22300899227,
    3.559619310689));
#6489 = CARTESIAN_POINT('',(25.968020558453,21.21832012304,
    3.560796327029));
#6490 = CARTESIAN_POINT('',(25.966464544625,21.213672578798,
    3.561982127017));
#6491 = CARTESIAN_POINT('',(25.964918159499,21.209066241683,
    3.563176600099));
#6492 = CARTESIAN_POINT('',(25.963381470894,21.204500992464,
    3.564379635144));
#6493 = CARTESIAN_POINT('',(25.961854544917,21.199976710535,
    3.565591120477));
#6494 = CARTESIAN_POINT('',(25.96033744596,21.195493273924,
    3.566810943905));
#6495 = CARTESIAN_POINT('',(25.958830236701,21.19105055929,
    3.568038992747));
#6496 = CARTESIAN_POINT('',(25.957332978101,21.186648441925,
    3.569275153866));
#6497 = CARTESIAN_POINT('',(25.955845729411,21.182286795756,
    3.570519313694));
#6498 = CARTESIAN_POINT('',(25.954368548168,21.177965493344,
    3.571771358266));
#6499 = CARTESIAN_POINT('',(25.952901490197,21.173684405885,
    3.573031173249));
#6500 = CARTESIAN_POINT('',(25.951444609611,21.169443403211,
    3.574298643969));
#6501 = CARTESIAN_POINT('',(25.949997958813,21.165242353791,
    3.575573655448));
#6502 = CARTESIAN_POINT('',(25.948561588499,21.161081124727,
    3.576856092429));
#6503 = CARTESIAN_POINT('',(25.947135547654,21.156959581761,
    3.578145839411));
#6504 = CARTESIAN_POINT('',(25.945719883559,21.152877589272,
    3.579442780678));
#6505 = CARTESIAN_POINT('',(25.94431464179,21.148835010274,
    3.580746800331));
#6506 = CARTESIAN_POINT('',(25.94291986622,21.144831706421,
    3.582057782322));
#6507 = CARTESIAN_POINT('',(25.941535599021,21.140867538006,
    3.583375610484));
#6508 = CARTESIAN_POINT('',(25.940161880669,21.136942363962,
    3.584700168563));
#6509 = CARTESIAN_POINT('',(25.938798749942,21.133056041862,
    3.586031340255));
#6510 = CARTESIAN_POINT('',(25.937446243926,21.129208427924,
    3.587369009231));
#6511 = CARTESIAN_POINT('',(25.936104398017,21.12539937701,
    3.588713059182));
#6512 = CARTESIAN_POINT('',(25.934773245926,21.121628742627,
    3.590063373839));
#6513 = CARTESIAN_POINT('',(25.933452819681,21.117896376934,
    3.591419837019));
#6514 = CARTESIAN_POINT('',(25.932143149631,21.114202130742,
    3.592782332653));
#6515 = CARTESIAN_POINT('',(25.930844264449,21.110545853517,
    3.594150744821));
#6516 = CARTESIAN_POINT('',(25.929556191143,21.106927393385,
    3.595524957788));
#6517 = CARTESIAN_POINT('',(25.928278955052,21.103346597137,
    3.596904856039));
#6518 = CARTESIAN_POINT('',(25.927012579858,21.099803310233,
    3.598290324314));
#6519 = CARTESIAN_POINT('',(25.925757087589,21.096297376807,
    3.599681247643));
#6520 = CARTESIAN_POINT('',(25.924512498625,21.092828639674,
    3.601077511386));
#6521 = CARTESIAN_POINT('',(25.923278831705,21.089396940336,
    3.602479001264));
#6522 = CARTESIAN_POINT('',(25.922056103935,21.086002118993,
    3.603885603397));
#6523 = CARTESIAN_POINT('',(25.920844330793,21.082644014544,
    3.605297204346));
#6524 = CARTESIAN_POINT('',(25.919643526139,21.079322464602,
    3.606713691144));
#6525 = CARTESIAN_POINT('',(25.918453702221,21.0760373055,3.608134951335
    ));
#6526 = CARTESIAN_POINT('',(25.917274869685,21.072788372305,
    3.609560873015));
#6527 = CARTESIAN_POINT('',(25.916107037585,21.069575498824,
    3.610991344867));
#6528 = CARTESIAN_POINT('',(25.914950213388,21.066398517619,
    3.612426256202));
#6529 = CARTESIAN_POINT('',(25.913804402991,21.06325726002,
    3.613865496993));
#6530 = CARTESIAN_POINT('',(25.912669610726,21.06015155614,
    3.615308957922));
#6531 = CARTESIAN_POINT('',(25.911545839372,21.057081234883,
    3.616756530412));
#6532 = CARTESIAN_POINT('',(25.910433090169,21.054046123967,
    3.618208106669));
#6533 = CARTESIAN_POINT('',(25.909331362826,21.051046049937,
    3.619663579725));
#6534 = CARTESIAN_POINT('',(25.90824065554,21.048080838182,
    3.621122843473));
#6535 = CARTESIAN_POINT('',(25.907160965,21.045150312956,3.622585792713)
  );
#6536 = CARTESIAN_POINT('',(25.906092286408,21.042254297392,
    3.624052323187));
#6537 = CARTESIAN_POINT('',(25.905034613492,21.039392613531,
    3.625522331627));
#6538 = CARTESIAN_POINT('',(25.903987938517,21.036565082335,
    3.626995715789));
#6539 = CARTESIAN_POINT('',(25.902952252305,21.033771523714,
    3.628472374499));
#6540 = CARTESIAN_POINT('',(25.901927544248,21.031011756552,
    3.629952207695));
#6541 = CARTESIAN_POINT('',(25.900913802326,21.028285598725,
    3.631435116468));
#6542 = CARTESIAN_POINT('',(25.899911013123,21.025592867135,
    3.632921003104));
#6543 = CARTESIAN_POINT('',(25.898919161845,21.022933377731,
    3.634409771126));
#6544 = CARTESIAN_POINT('',(25.897938232342,21.020306945544,
    3.63590132534));
#6545 = CARTESIAN_POINT('',(25.896968207119,21.017713384711,
    3.637395571876));
#6546 = CARTESIAN_POINT('',(25.896009067363,21.015152508508,
    3.638892418231));
#6547 = CARTESIAN_POINT('',(25.895060792963,21.012624129385,
    3.640391773313));
#6548 = CARTESIAN_POINT('',(25.894123362525,21.010128058996,
    3.641893547484));
#6549 = CARTESIAN_POINT('',(25.893196753399,21.007664108238,
    3.643397652608));
#6550 = CARTESIAN_POINT('',(25.892280941701,21.005232087284,
    3.64490400209));
#6551 = CARTESIAN_POINT('',(25.891375902334,21.002831805624,
    3.646412510924));
#6552 = CARTESIAN_POINT('',(25.890481609011,21.000463072103,
    3.647923095734));
#6553 = CARTESIAN_POINT('',(25.889598034285,20.99812569496,
    3.649435674826));
#6554 = CARTESIAN_POINT('',(25.888725149565,20.995819481876,
    3.650950168224));
#6555 = CARTESIAN_POINT('',(25.887862925151,20.993544240012,
    3.652466497723));
#6556 = CARTESIAN_POINT('',(25.887011330255,20.991299776056,
    3.653984586929));
#6557 = CARTESIAN_POINT('',(25.886170333031,20.989085896273,
    3.655504361308));
#6558 = CARTESIAN_POINT('',(25.8853399006,20.986902406551,3.65702574823)
  );
#6559 = CARTESIAN_POINT('',(25.884519999081,20.984749112452,
    3.658548677019));
#6560 = CARTESIAN_POINT('',(25.883710593623,20.982625819262,
    3.660073078991));
#6561 = CARTESIAN_POINT('',(25.88291164843,20.980532332049,
    3.661598887509));
#6562 = CARTESIAN_POINT('',(25.882123126796,20.978468455714,
    3.663126038024));
#6563 = CARTESIAN_POINT('',(25.881344991136,20.976433995051,
    3.664654468124));
#6564 = CARTESIAN_POINT('',(25.880577203016,20.974428754804,
    3.666184117582));
#6565 = CARTESIAN_POINT('',(25.879819723193,20.97245253973,
    3.667714928397));
#6566 = CARTESIAN_POINT('',(25.879072511644,20.970505154657,
    3.669246844849));
#6567 = CARTESIAN_POINT('',(25.8783355276,20.968586404557,3.670779813542
    ));
#6568 = CARTESIAN_POINT('',(25.877608729588,20.966696094602,
    3.672313783448));
#6569 = CARTESIAN_POINT('',(25.876892075464,20.96483403024,
    3.673848705964));
#6570 = CARTESIAN_POINT('',(25.876185522451,20.963000017263,
    3.675384534948));
#6571 = CARTESIAN_POINT('',(25.875489027176,20.96119386188,
    3.676921226775));
#6572 = CARTESIAN_POINT('',(25.874802545716,20.95941537079,
    3.678458740383));
#6573 = CARTESIAN_POINT('',(25.874126033631,20.957664351259,
    3.679997037315));
#6574 = CARTESIAN_POINT('',(25.873459446009,20.955940611203,
    3.681536081777));
#6575 = CARTESIAN_POINT('',(25.872802737509,20.954243959262,
    3.683075840676));
#6576 = CARTESIAN_POINT('',(25.872155862401,20.952574204889,
    3.684616283674));
#6577 = CARTESIAN_POINT('',(25.871518774616,20.950931158436,
    3.686157383233));
#6578 = CARTESIAN_POINT('',(25.870891427783,20.949314631238,
    3.687699114665));
#6579 = CARTESIAN_POINT('',(25.870273775286,20.947724435706,
    3.689241456176));
#6580 = CARTESIAN_POINT('',(25.8696657703,20.946160385423,3.69078438892)
  );
#6581 = CARTESIAN_POINT('',(25.869067365848,20.944622295233,
    3.692327897041));
#6582 = CARTESIAN_POINT('',(25.868478514846,20.943109981348,
    3.693871967724));
#6583 = CARTESIAN_POINT('',(25.867899170156,20.941623261441,
    3.69541659124));
#6584 = CARTESIAN_POINT('',(25.867329284636,20.940161954756,
    3.696961760998));
#6585 = CARTESIAN_POINT('',(25.866768811192,20.93872588221,
    3.698507473585));
#6586 = CARTESIAN_POINT('',(25.866217702835,20.937314866509,
    3.700053728822));
#6587 = CARTESIAN_POINT('',(25.865675912735,20.935928732253,
    3.701600529802));
#6588 = CARTESIAN_POINT('',(25.865143394275,20.934567306058,
    3.703147882944));
#6589 = CARTESIAN_POINT('',(25.864620101114,20.933230416673,
    3.704695798033));
#6590 = CARTESIAN_POINT('',(25.86410598724,20.931917895102,3.70624428827
    ));
#6591 = CARTESIAN_POINT('',(25.863601007033,20.93062957473,
    3.707793370318));
#6592 = CARTESIAN_POINT('',(25.863105115328,20.929365291451,
    3.709343064341));
#6593 = CARTESIAN_POINT('',(25.862618267477,20.928124883805,
    3.710893394055));
#6594 = CARTESIAN_POINT('',(25.862140419412,20.926908193109,
    3.712444386769));
#6595 = CARTESIAN_POINT('',(25.861671527713,20.9257150636,3.713996073427
    ));
#6596 = CARTESIAN_POINT('',(25.861211549675,20.924545342579,
    3.715548488649));
#6597 = CARTESIAN_POINT('',(25.860760443374,20.923398880558,
    3.717101670778));
#6598 = CARTESIAN_POINT('',(25.860318167743,20.922275531414,
    3.718655661915));
#6599 = CARTESIAN_POINT('',(25.85988468264,20.921175152542,
    3.720210507957));
#6600 = CARTESIAN_POINT('',(25.859459948922,20.920097605019,
    3.72176625864));
#6601 = CARTESIAN_POINT('',(25.859043928522,20.919042753767,
    3.723322967572));
#6602 = CARTESIAN_POINT('',(25.858636584525,20.918010467722,
    3.724880692268));
#6603 = CARTESIAN_POINT('',(25.858237881247,20.917000620011,
    3.726439494183));
#6604 = CARTESIAN_POINT('',(25.857847784317,20.916013088126,
    3.727999438746));
#6605 = CARTESIAN_POINT('',(25.857466260757,20.915047754112,
    3.729560595385));
#6606 = CARTESIAN_POINT('',(25.857093279068,20.914104504754,
    3.731123037557));
#6607 = CARTESIAN_POINT('',(25.856728809315,20.913183231769,
    3.732686842773));
#6608 = CARTESIAN_POINT('',(25.856372823217,20.912283832009,
    3.734252092617));
#6609 = CARTESIAN_POINT('',(25.856025294235,20.911406207657,
    3.735818872766));
#6610 = CARTESIAN_POINT('',(25.855686197665,20.910550266446,
    3.73738727301));
#6611 = CARTESIAN_POINT('',(25.855355510732,20.909715921865,
    3.738957387257));
#6612 = CARTESIAN_POINT('',(25.855033212685,20.908903093384,
    3.740529313547));
#6613 = CARTESIAN_POINT('',(25.854719284895,20.908111706676,
    3.742103154053));
#6614 = CARTESIAN_POINT('',(25.854413710956,20.90734169385,
    3.743679015086));
#6615 = CARTESIAN_POINT('',(25.854116476787,20.906592993687,
    3.745257007083));
#6616 = CARTESIAN_POINT('',(25.853827570731,20.905865551879,
    3.746837244605));
#6617 = CARTESIAN_POINT('',(25.853546983669,20.905159321279,
    3.748419846314));
#6618 = CARTESIAN_POINT('',(25.85327470912,20.90447426215,3.750004934961
    ));
#6619 = CARTESIAN_POINT('',(25.853010743355,20.903810342428,
    3.751592637347));
#6620 = CARTESIAN_POINT('',(25.852755085505,20.903167537978,3.7531830843
    ));
#6621 = CARTESIAN_POINT('',(25.852507737677,20.902545832866,
    3.754776410625));
#6622 = CARTESIAN_POINT('',(25.852268705066,20.90194521963,
    3.756372755059));
#6623 = CARTESIAN_POINT('',(25.852037996071,20.90136569956,
    3.757972260213));
#6624 = CARTESIAN_POINT('',(25.851815622415,20.900807282973,
    3.759575072503));
#6625 = CARTESIAN_POINT('',(25.85160159926,20.900269989506,
    3.761181342079));
#6626 = CARTESIAN_POINT('',(25.851395945329,20.899753848399,
    3.762791222735));
#6627 = CARTESIAN_POINT('',(25.851198683025,20.899258898791,
    3.764404871819));
#6628 = CARTESIAN_POINT('',(25.851009838554,20.898785190012,
    3.766022450119));
#6629 = CARTESIAN_POINT('',(25.850829442043,20.898332781887,
    3.767644121754));
#6630 = CARTESIAN_POINT('',(25.850657527667,20.897901745024,
    3.769270054039));
#6631 = CARTESIAN_POINT('',(25.850494133765,20.897492161127,
    3.770900417343));
#6632 = CARTESIAN_POINT('',(25.850339302966,20.897104123286,
    3.772535384936));
#6633 = CARTESIAN_POINT('',(25.850193082304,20.896737736281,
    3.774175132822));
#6634 = CARTESIAN_POINT('',(25.850055523343,20.896393116883,
    3.775819839553));
#6635 = CARTESIAN_POINT('',(25.84992668229,20.896070394148,
    3.777469686037));
#6636 = CARTESIAN_POINT('',(25.849806620113,20.895769709709,
    3.779124855321));
#6637 = CARTESIAN_POINT('',(25.849695402653,20.895491218069,
    3.780785532375));
#6638 = CARTESIAN_POINT('',(25.849593100736,20.895235086881,
    3.782451903839));
#6639 = CARTESIAN_POINT('',(25.849499790276,20.895001497227,
    3.784124157777));
#6640 = CARTESIAN_POINT('',(25.849415552382,20.89479064389,
    3.785802483397));
#6641 = CARTESIAN_POINT('',(25.849340473454,20.894602735609,
    3.787487070767));
#6642 = CARTESIAN_POINT('',(25.849274645276,20.894437995334,
    3.789178110512));
#6643 = CARTESIAN_POINT('',(25.849218165103,20.89429666046,
    3.790875793491));
#6644 = CARTESIAN_POINT('',(25.849171135742,20.894178983057,
    3.792580310468));
#6645 = CARTESIAN_POINT('',(25.849133665627,20.894085230073,
    3.794291851757));
#6646 = CARTESIAN_POINT('',(25.849105868883,20.894015683537,
    3.796010606863));
#6647 = CARTESIAN_POINT('',(25.849087865385,20.893970640727,3.7977367641
    ));
#6648 = CARTESIAN_POINT('',(25.849081660328,20.893955116608,
    3.799067445111));
#6649 = CARTESIAN_POINT('',(25.849080990722,20.893953441348,
    3.79982266094));
#6650 = CARTESIAN_POINT('',(25.849080990728,20.893953441363,
    3.799999999999));
#6651 = ORIENTED_EDGE('',*,*,#6652,.F.);
#6652 = EDGE_CURVE('',#6653,#6392,#6655,.T.);
#6653 = VERTEX_POINT('',#6654);
#6654 = CARTESIAN_POINT('',(25.849080990711,20.893953441323,
    11.549999999999));
#6655 = LINE('',#6656,#6657);
#6656 = CARTESIAN_POINT('',(25.849080990711,20.893953441323,
    11.549999999999));
#6657 = VECTOR('',#6658,1.);
#6658 = DIRECTION('',(1.070856664991E-12,2.556814974795E-12,-1.));
#6659 = ORIENTED_EDGE('',*,*,#6660,.F.);
#6660 = EDGE_CURVE('',#6201,#6653,#6661,.T.);
#6661 = B_SPLINE_CURVE_WITH_KNOTS('',3,(#6662,#6663,#6664,#6665,#6666,
    #6667,#6668,#6669,#6670,#6671,#6672,#6673,#6674,#6675,#6676,#6677,
    #6678,#6679,#6680,#6681,#6682,#6683,#6684,#6685,#6686,#6687,#6688,
    #6689,#6690,#6691,#6692,#6693,#6694,#6695,#6696,#6697,#6698,#6699,
    #6700,#6701,#6702,#6703,#6704,#6705,#6706,#6707,#6708,#6709,#6710,
    #6711,#6712,#6713,#6714,#6715,#6716,#6717,#6718,#6719,#6720,#6721,
    #6722,#6723,#6724,#6725,#6726,#6727,#6728,#6729,#6730,#6731,#6732,
    #6733,#6734,#6735,#6736,#6737,#6738,#6739,#6740,#6741,#6742,#6743,
    #6744,#6745,#6746,#6747,#6748,#6749,#6750,#6751,#6752,#6753,#6754,
    #6755,#6756,#6757,#6758,#6759,#6760,#6761,#6762,#6763,#6764,#6765,
    #6766,#6767,#6768,#6769,#6770,#6771,#6772,#6773,#6774,#6775,#6776,
    #6777,#6778,#6779,#6780,#6781,#6782,#6783,#6784,#6785,#6786,#6787,
    #6788,#6789,#6790,#6791,#6792,#6793,#6794,#6795,#6796,#6797,#6798,
    #6799,#6800,#6801,#6802,#6803,#6804,#6805,#6806,#6807,#6808,#6809,
    #6810,#6811,#6812,#6813,#6814,#6815,#6816,#6817,#6818,#6819,#6820,
    #6821,#6822,#6823,#6824,#6825,#6826,#6827,#6828,#6829,#6830,#6831,
    #6832,#6833),.UNSPECIFIED.,.F.,.F.,(4,1,1,1,1,1,1,1,1,1,1,1,1,1,1,1,
    1,1,1,1,1,1,1,1,1,1,1,1,1,1,1,1,1,1,1,1,1,1,1,1,1,1,1,1,1,1,1,1,1,1,
    1,1,1,1,1,1,1,1,1,1,1,1,1,1,1,1,1,1,1,1,1,1,1,1,1,1,1,1,1,1,1,1,1,1,
    1,1,1,1,1,1,1,1,1,1,1,1,1,1,1,1,1,1,1,1,1,1,1,1,1,1,1,1,1,1,1,1,1,1,
    1,1,1,1,1,1,1,1,1,1,1,1,1,1,1,1,1,1,1,1,1,1,1,1,1,1,1,1,1,1,1,1,1,1,
    1,1,1,1,1,1,1,1,1,1,1,1,1,1,1,1,1,4),(0.727990515011,0.730015122442,
    0.732047744945,0.73408829521,0.736136681918,0.738192809647,
    0.740256578757,0.742327885291,0.744406620857,0.746492672521,
    0.748585922683,0.750686248965,0.752793524079,0.754907615708,
    0.75702838637,0.759155693291,0.761289388265,0.763429317517,
    0.76557532156,0.767727235051,0.769884886644,0.772048098837,
    0.774216687825,0.776390463338,0.778569228492,0.780752779626,
    0.782940906146,0.785133390362,0.787330007331,0.789530524697,
    0.791734702532,0.793942293176,0.796153041088,0.798366682693,
    0.800582946233,0.802801551629,0.805022210347,0.807244625266,
    0.80946849057,0.811693491633,0.81391930493,0.816145597956,
    0.818372029166,0.820598247924,0.822823894484,0.825048599983,
    0.827271986468,0.829493666943,0.831713245447,0.833930317169,
    0.836144468591,0.838355277674,0.840562314079,0.842765139432,
    0.844963307633,0.847156365214,0.849343851744,0.851525300278,
    0.853700237872,0.855868186133,0.85802866184,0.860181177605,
    0.862325242594,0.864460363299,0.866586044362,0.868701789449,
    0.870807102165,0.872901487022,0.874984450433,0.877055501757,
    0.879114154356,0.88115992669,0.883192343418,0.885210936518,
    0.887215246402,0.889204823031,0.89117922702,0.893138030711,
    0.895080819234,0.897007191517,0.898916761262,0.900809157867,
    0.902684027289,0.904541032849,0.906379855962,0.908200196802,
    0.910001774877,0.91178432954,0.913547620409,0.915291427702,
    0.917015552498,0.918719816906,0.920404064158,0.922068158623,
    0.923711985743,0.925335451898,0.926938484199,0.928521030222,
    0.930083057679,0.931624554033,0.933145526069,0.934645999415,
    0.936126018031,0.937585643655,0.93902495523,0.940444048304,
    0.94184303441,0.943222040435,0.944581207975,0.945920692687,
    0.94724066364,0.948541302665,0.949822803706,0.951085372185,
    0.952329224368,0.953554586748,0.954761695438,0.955950795575,
    0.957122140751,0.958275992442,0.959412619471,0.960532297482,
    0.961635308426,0.962721940077,0.963792485559,0.96484724289,
    0.965886514549,0.966910607059,0.967919830585,0.968914498551,
    0.969894927277,0.970861435626,0.971814344672,0.972753977378,
    0.973680658296,0.974594713277,0.975496469191,0.976386253669,
    0.97726439485,0.978131221147,0.978987061017,0.979832242753,
    0.980667094275,0.981491942943,0.982307115373,0.983112937268,
    0.983909733254,0.98469782673,0.985477539725,0.986249192768,
    0.987013104759,0.987769592857,0.988518972373,0.989261556672,
    0.989997657083,0.990727582817,0.991451640895,0.99217013608,
    0.992883370823,0.993591645209,0.994295256914,0.994994501173,
    0.995689670749,0.996381055911,0.997068944418,0.997753621514,
    0.998435369921,0.999114469846,0.999436595553,1.),.UNSPECIFIED.);
#6662 = CARTESIAN_POINT('',(25.111025929704,19.565809029305,
    12.299904872922));
#6663 = CARTESIAN_POINT('',(25.113687369193,19.569427451003,
    12.299862479902));
#6664 = CARTESIAN_POINT('',(25.119012483207,19.576684393061,
    12.299749258772));
#6665 = CARTESIAN_POINT('',(25.126990474993,19.587608065246,
    12.299494710464));
#6666 = CARTESIAN_POINT('',(25.134973700429,19.598590903266,
    12.299154869381));
#6667 = CARTESIAN_POINT('',(25.14296117485,19.609632133674,
    12.298729509669));
#6668 = CARTESIAN_POINT('',(25.150951905159,19.620730955502,
    12.298218418235));
#6669 = CARTESIAN_POINT('',(25.158944889805,19.63188653956,
    12.297621395037));
#6670 = CARTESIAN_POINT('',(25.166939118763,19.643098027708,
    12.296938253396));
#6671 = CARTESIAN_POINT('',(25.174933573514,19.654364532125,
    12.296168820311));
#6672 = CARTESIAN_POINT('',(25.182927227016,19.665685134539,
    12.295312936786));
#6673 = CARTESIAN_POINT('',(25.190919043679,19.677058885458,
    12.294370458182));
#6674 = CARTESIAN_POINT('',(25.198907979341,19.688484803365,
    12.293341254571));
#6675 = CARTESIAN_POINT('',(25.206892981235,19.699961873905,
    12.292225211113));
#6676 = CARTESIAN_POINT('',(25.214872987964,19.71148904905,
    12.291022228442));
#6677 = CARTESIAN_POINT('',(25.222846929472,19.723065246241,
    12.289732223077));
#6678 = CARTESIAN_POINT('',(25.230813727011,19.734689347518,
    12.288355127845));
#6679 = CARTESIAN_POINT('',(25.238772293116,19.746360198626,
    12.286890892319));
#6680 = CARTESIAN_POINT('',(25.246721531579,19.758076608108,
    12.285339483286));
#6681 = CARTESIAN_POINT('',(25.254660337418,19.769837346382,
    12.283700885221));
#6682 = CARTESIAN_POINT('',(25.262587596856,19.781641144791,
    12.281975100793));
#6683 = CARTESIAN_POINT('',(25.270502187301,19.793486694657,
    12.280162151387));
#6684 = CARTESIAN_POINT('',(25.278402977326,19.805372646304,
    12.278262077645));
#6685 = CARTESIAN_POINT('',(25.286288826662,19.817297608077,
    12.276274940037));
#6686 = CARTESIAN_POINT('',(25.294158586183,19.829260145353,
    12.274200819453));
#6687 = CARTESIAN_POINT('',(25.302011097915,19.841258779536,
    12.272039817812));
#6688 = CARTESIAN_POINT('',(25.309845195035,19.853291987053,
    12.269792058707));
#6689 = CARTESIAN_POINT('',(25.317659701899,19.865358198343,
    12.267457688066));
#6690 = CARTESIAN_POINT('',(25.325453434059,19.877455796848,
    12.265036874845));
#6691 = CARTESIAN_POINT('',(25.333225198314,19.889583118005,
    12.262529811741));
#6692 = CARTESIAN_POINT('',(25.340973792759,19.901738448248,
    12.259936715934));
#6693 = CARTESIAN_POINT('',(25.348698006861,19.913920024021,
    12.257257829855));
#6694 = CARTESIAN_POINT('',(25.356396621546,19.926126030803,
    12.25449342198));
#6695 = CARTESIAN_POINT('',(25.364068409314,19.938354602163,
    12.251643787646));
#6696 = CARTESIAN_POINT('',(25.371712134371,19.950603818833,
    12.248709249899));
#6697 = CARTESIAN_POINT('',(25.379326552791,19.962871707825,
    12.245690160355));
#6698 = CARTESIAN_POINT('',(25.386910412707,19.975156241582,
    12.242586900095));
#6699 = CARTESIAN_POINT('',(25.394462454528,19.98745533718,
    12.239399880573));
#6700 = CARTESIAN_POINT('',(25.401981411205,19.999766855594,
    12.23612954455));
#6701 = CARTESIAN_POINT('',(25.409466008517,20.012088601016,
    12.23277636704));
#6702 = CARTESIAN_POINT('',(25.416914965415,20.024418320268,
    12.229340856274));
#6703 = CARTESIAN_POINT('',(25.424326994405,20.036753702288,
    12.225823554672));
#6704 = CARTESIAN_POINT('',(25.431700801984,20.04909237772,
    12.222225039832));
#6705 = CARTESIAN_POINT('',(25.439035089124,20.061431918616,
    12.218545925511));
#6706 = CARTESIAN_POINT('',(25.446328551823,20.073769838256,
    12.214786862616));
#6707 = CARTESIAN_POINT('',(25.453579881711,20.086103591113,
    12.210948540183));
#6708 = CARTESIAN_POINT('',(25.460787766728,20.098430572955,
    12.207031686346));
#6709 = CARTESIAN_POINT('',(25.46795089187,20.110748121125,
    12.203037069293));
#6710 = CARTESIAN_POINT('',(25.475067940011,20.123053514993,
    12.198965498187));
#6711 = CARTESIAN_POINT('',(25.482137592804,20.135343976605,
    12.19481782407));
#6712 = CARTESIAN_POINT('',(25.489158531665,20.147616671538,
    12.190594940707));
#6713 = CARTESIAN_POINT('',(25.496129438844,20.159868709984,
    12.186297785396));
#6714 = CARTESIAN_POINT('',(25.503048998588,20.172097148079,
    12.181927339714));
#6715 = CARTESIAN_POINT('',(25.50991589839,20.184298989471,
    12.17748463019));
#6716 = CARTESIAN_POINT('',(25.516728830346,20.196471187177,
    12.172970728901));
#6717 = CARTESIAN_POINT('',(25.52348649259,20.20861064571,
    12.168386753977));
#6718 = CARTESIAN_POINT('',(25.530187590848,20.220714223508,
    12.163733870005));
#6719 = CARTESIAN_POINT('',(25.536830840073,20.232778735662,
    12.159013288316));
#6720 = CARTESIAN_POINT('',(25.543414966185,20.244800956972,
    12.154226267145));
#6721 = CARTESIAN_POINT('',(25.549938707906,20.256777625312,
    12.149374111662));
#6722 = CARTESIAN_POINT('',(25.556400818686,20.268705445337,
    12.14445817384));
#6723 = CARTESIAN_POINT('',(25.562800068716,20.28058109251,
    12.139479852178));
#6724 = CARTESIAN_POINT('',(25.569135247026,20.29240121747,
    12.134440591239));
#6725 = CARTESIAN_POINT('',(25.575405163656,20.304162450715,
    12.12934188102));
#6726 = CARTESIAN_POINT('',(25.5816086519,20.315861407618,12.12418525612
    ));
#6727 = CARTESIAN_POINT('',(25.587744570598,20.327494693744,
    12.118972294723));
#6728 = CARTESIAN_POINT('',(25.593811806488,20.339058910465,
    12.113704617366));
#6729 = CARTESIAN_POINT('',(25.599809276576,20.350550660851,
    12.108383885509));
#6730 = CARTESIAN_POINT('',(25.605735930542,20.361966555813,
    12.103011799883));
#6731 = CARTESIAN_POINT('',(25.611590753142,20.37330322048,
    12.097590098637));
#6732 = CARTESIAN_POINT('',(25.617372766602,20.384557300761,
    12.092120555268));
#6733 = CARTESIAN_POINT('',(25.623081032983,20.395725470079,
    12.086604976344));
#6734 = CARTESIAN_POINT('',(25.6287146565,20.406804436227,12.08104519903
    ));
#6735 = CARTESIAN_POINT('',(25.63427278578,20.417790948304,
    12.075443088415));
#6736 = CARTESIAN_POINT('',(25.639754616036,20.428681803691,
    12.069800534667));
#6737 = CARTESIAN_POINT('',(25.645159391134,20.439473855027,
    12.064119450011));
#6738 = CARTESIAN_POINT('',(25.650486405549,20.450164017116,
    12.058401765557));
#6739 = CARTESIAN_POINT('',(25.655735006178,20.460749273751,
    12.052649427996));
#6740 = CARTESIAN_POINT('',(25.660904593998,20.471226684367,
    12.046864396179));
#6741 = CARTESIAN_POINT('',(25.665994625559,20.481593390502,
    12.041048637599));
#6742 = CARTESIAN_POINT('',(25.671004614286,20.491846622012,
    12.035204124808));
#6743 = CARTESIAN_POINT('',(25.675934131589,20.501983702991,
    12.029332831783));
#6744 = CARTESIAN_POINT('',(25.68078280776,20.512002057347,
    12.023436730272));
#6745 = CARTESIAN_POINT('',(25.685550332659,20.521899214014,
    12.017517786141));
#6746 = CARTESIAN_POINT('',(25.690236456171,20.531672811745,
    12.011577955752));
#6747 = CARTESIAN_POINT('',(25.694840988443,20.541320603463,
    12.005619182389));
#6748 = CARTESIAN_POINT('',(25.699363799888,20.550840460141,
    11.999643392766));
#6749 = CARTESIAN_POINT('',(25.703804820958,20.560230374198,
    11.993652493631));
#6750 = CARTESIAN_POINT('',(25.708164041703,20.569488462377,
    11.987648368491));
#6751 = CARTESIAN_POINT('',(25.712441511102,20.578612968114,
    11.981632874478));
#6752 = CARTESIAN_POINT('',(25.716637336186,20.587602263384,
    11.975607839376));
#6753 = CARTESIAN_POINT('',(25.720751680958,20.59645485002,
    11.969575058814));
#6754 = CARTESIAN_POINT('',(25.72478476513,20.605169360519,
    11.963536293655));
#6755 = CARTESIAN_POINT('',(25.72873686267,20.613744558345,
    11.957493267577));
#6756 = CARTESIAN_POINT('',(25.732608300201,20.622179337736,
    11.951447664857));
#6757 = CARTESIAN_POINT('',(25.736399455244,20.630472723045,
    11.945401128374));
#6758 = CARTESIAN_POINT('',(25.740110754329,20.638623867625,
    11.939355257821));
#6759 = CARTESIAN_POINT('',(25.743742671002,20.646632052305,
    11.933311608133));
#6760 = CARTESIAN_POINT('',(25.747295723723,20.654496683453,
    11.927271688133));
#6761 = CARTESIAN_POINT('',(25.750770473691,20.662217290694,
    11.921236959383));
#6762 = CARTESIAN_POINT('',(25.754167522603,20.669793524284,
    11.915208835246));
#6763 = CARTESIAN_POINT('',(25.75748751037,20.677225152189,
    11.909188680144));
#6764 = CARTESIAN_POINT('',(25.760731112794,20.684512056898,
    11.903177809008));
#6765 = CARTESIAN_POINT('',(25.763899039236,20.691654232007,
    11.897177486909));
#6766 = CARTESIAN_POINT('',(25.766992030279,20.698651778594,
    11.891188928858));
#6767 = CARTESIAN_POINT('',(25.770010855402,20.705504901438,
    11.885213299763));
#6768 = CARTESIAN_POINT('',(25.772956310675,20.71221390509,
    11.87925171454));
#6769 = CARTESIAN_POINT('',(25.775829216492,20.718779189841,
    11.873305238349));
#6770 = CARTESIAN_POINT('',(25.778630415341,20.725201247613,
    11.867374886962));
#6771 = CARTESIAN_POINT('',(25.781360769635,20.731480657786,
    11.861461627231));
#6772 = CARTESIAN_POINT('',(25.78402115959,20.737618083004,
    11.855566377657));
#6773 = CARTESIAN_POINT('',(25.786612481178,20.743614264964,
    11.849690009046));
#6774 = CARTESIAN_POINT('',(25.789135644149,20.749470020223,
    11.843833345232));
#6775 = CARTESIAN_POINT('',(25.791591570119,20.755186236028,
    11.837997163867));
#6776 = CARTESIAN_POINT('',(25.79398119075,20.76076386619,
    11.832182197254));
#6777 = CARTESIAN_POINT('',(25.796305445992,20.766203927022,
    11.82638913323));
#6778 = CARTESIAN_POINT('',(25.798565282422,20.771507493337,
    11.82061861607));
#6779 = CARTESIAN_POINT('',(25.800761651655,20.776675694532,
    11.814871247415));
#6780 = CARTESIAN_POINT('',(25.802895508836,20.781709710758,
    11.80914758722));
#6781 = CARTESIAN_POINT('',(25.804967811215,20.786610769179,
    11.803448154699));
#6782 = CARTESIAN_POINT('',(25.806979516801,20.791380140337,
    11.797773429271));
#6783 = CARTESIAN_POINT('',(25.808931583093,20.796019134614,
    11.792123851507));
#6784 = CARTESIAN_POINT('',(25.81082496588,20.800529098799,
    11.786499824052));
#6785 = CARTESIAN_POINT('',(25.812660618121,20.804911412762,
    11.780901712544));
#6786 = CARTESIAN_POINT('',(25.814439488893,20.809167486236,
    11.775329846501));
#6787 = CARTESIAN_POINT('',(25.816162522398,20.813298755699,
    11.769784520194));
#6788 = CARTESIAN_POINT('',(25.817830657038,20.817306681367,
    11.764265993485));
#6789 = CARTESIAN_POINT('',(25.819444824556,20.821192744281,
    11.758774492648));
#6790 = CARTESIAN_POINT('',(25.821005949217,20.8249584435,
    11.753310211148));
#6791 = CARTESIAN_POINT('',(25.82251494706,20.828605293387,11.7478733104
    ));
#6792 = CARTESIAN_POINT('',(25.82397272518,20.832134820993,
    11.742463920494));
#6793 = CARTESIAN_POINT('',(25.825380181078,20.83554856352,
    11.73708214089));
#6794 = CARTESIAN_POINT('',(25.826738202029,20.838848065882,
    11.731728041083));
#6795 = CARTESIAN_POINT('',(25.828047664511,20.842034878341,
    11.726401661239));
#6796 = CARTESIAN_POINT('',(25.829309433654,20.845110554221,
    11.721103012809));
#6797 = CARTESIAN_POINT('',(25.830524362731,20.848076647703,
    11.71583207911));
#6798 = CARTESIAN_POINT('',(25.831693292676,20.850934711681,
    11.710588815891));
#6799 = CARTESIAN_POINT('',(25.832817051631,20.853686295695,
    11.705373151873));
#6800 = CARTESIAN_POINT('',(25.833896454517,20.856332943922,
    11.700184989272));
#6801 = CARTESIAN_POINT('',(25.834932302624,20.858876193227,
    11.69502420431));
#6802 = CARTESIAN_POINT('',(25.835925383233,20.861317571282,
    11.689890647708));
#6803 = CARTESIAN_POINT('',(25.836876469242,20.863658594725,
    11.684784145174));
#6804 = CARTESIAN_POINT('',(25.837786318823,20.865900767392,
    11.679704497886));
#6805 = CARTESIAN_POINT('',(25.838655675084,20.868045578581,
    11.674651482968));
#6806 = CARTESIAN_POINT('',(25.83948526575,20.870094501382,
    11.669624853967));
#6807 = CARTESIAN_POINT('',(25.840275802862,20.872048991052,
    11.664624341337));
#6808 = CARTESIAN_POINT('',(25.841027982478,20.873910483434,
    11.659649652923));
#6809 = CARTESIAN_POINT('',(25.841742484396,20.875680393429,
    11.654700474462));
#6810 = CARTESIAN_POINT('',(25.842419971883,20.877360113519,
    11.649776470087));
#6811 = CARTESIAN_POINT('',(25.843061091416,20.878951012332,
    11.644877282851));
#6812 = CARTESIAN_POINT('',(25.843666472437,20.880454433263,
    11.640002535269));
#6813 = CARTESIAN_POINT('',(25.844236727113,20.881871693138,
    11.63515182987));
#6814 = CARTESIAN_POINT('',(25.844772450114,20.883204080938,
    11.630324749778));
#6815 = CARTESIAN_POINT('',(25.845274218398,20.884452856567,
    11.625520859307));
#6816 = CARTESIAN_POINT('',(25.845742591009,20.885619249679,
    11.620739704588));
#6817 = CARTESIAN_POINT('',(25.846178108887,20.886704458559,
    11.615980814206));
#6818 = CARTESIAN_POINT('',(25.846581294692,20.88770964906,
    11.611243699874));
#6819 = CARTESIAN_POINT('',(25.846952652636,20.888635953598,
    11.606527857119));
#6820 = CARTESIAN_POINT('',(25.847292668336,20.889484470211,
    11.601832765997));
#6821 = CARTESIAN_POINT('',(25.847601808677,20.890256261673,
    11.597157891829));
#6822 = CARTESIAN_POINT('',(25.847880521688,20.890952354675,
    11.592502685958));
#6823 = CARTESIAN_POINT('',(25.848129236434,20.891573739071,
    11.587866586529));
#6824 = CARTESIAN_POINT('',(25.848348362929,20.892121367183,
    11.583249019265));
#6825 = CARTESIAN_POINT('',(25.848538292055,20.892596153182,
    11.578649398359));
#6826 = CARTESIAN_POINT('',(25.848699395505,20.892998972523,
    11.574067126986));
#6827 = CARTESIAN_POINT('',(25.848832025738,20.893330661461,
    11.569501599314));
#6828 = CARTESIAN_POINT('',(25.848936515953,20.893592016612,
    11.564952196993));
#6829 = CARTESIAN_POINT('',(25.849013180082,20.893783794647,
    11.560418306168));
#6830 = CARTESIAN_POINT('',(25.849053762113,20.893885320304,
    11.556685716786));
#6831 = CARTESIAN_POINT('',(25.849076078357,20.893941151251,
    11.553214779568));
#6832 = CARTESIAN_POINT('',(25.849080990711,20.893953441323,
    11.551250023147));
#6833 = CARTESIAN_POINT('',(25.849080990711,20.893953441323,
    11.549999999999));
#6834 = CYLINDRICAL_SURFACE('',#6835,6.);
#6835 = AXIS2_PLACEMENT_3D('',#6836,#6837,#6838);
#6836 = CARTESIAN_POINT('',(20.277652418711,23.120875906767,12.3));
#6837 = DIRECTION('',(0.,2.22044604925E-16,1.));
#6838 = DIRECTION('',(0.,1.,-2.22044604925E-16));
#6839 = ADVANCED_FACE('',(#6840),#7271,.T.);
#6840 = FACE_BOUND('',#6841,.T.);
#6841 = EDGE_LOOP('',(#6842,#6850,#6851,#6852,#6853,#6861,#7055,#7064));
#6842 = ORIENTED_EDGE('',*,*,#6843,.F.);
#6843 = EDGE_CURVE('',#6653,#6844,#6846,.T.);
#6844 = VERTEX_POINT('',#6845);
#6845 = CARTESIAN_POINT('',(25.849080990711,-8.652201627789,11.55));
#6846 = LINE('',#6847,#6848);
#6847 = CARTESIAN_POINT('',(25.849080990711,20.893953441323,
    11.549999999999));
#6848 = VECTOR('',#6849,1.);
#6849 = DIRECTION('',(0.,-1.,2.22044604925E-16));
#6850 = ORIENTED_EDGE('',*,*,#6660,.F.);
#6851 = ORIENTED_EDGE('',*,*,#6200,.T.);
#6852 = ORIENTED_EDGE('',*,*,#6211,.F.);
#6853 = ORIENTED_EDGE('',*,*,#6854,.T.);
#6854 = EDGE_CURVE('',#6212,#6855,#6857,.T.);
#6855 = VERTEX_POINT('',#6856);
#6856 = CARTESIAN_POINT('',(24.349080990728,-6.471917564944,11.55));
#6857 = LINE('',#6858,#6859);
#6858 = CARTESIAN_POINT('',(24.349080990728,18.713669378478,
    11.549999999999));
#6859 = VECTOR('',#6860,1.);
#6860 = DIRECTION('',(-1.410613811297E-16,-1.,-6.007815733431E-17));
#6861 = ORIENTED_EDGE('',*,*,#6862,.F.);
#6862 = EDGE_CURVE('',#6863,#6855,#6865,.T.);
#6863 = VERTEX_POINT('',#6864);
#6864 = CARTESIAN_POINT('',(25.086625156518,-7.291118908311,
    12.299896560996));
#6865 = B_SPLINE_CURVE_WITH_KNOTS('',3,(#6866,#6867,#6868,#6869,#6870,
    #6871,#6872,#6873,#6874,#6875,#6876,#6877,#6878,#6879,#6880,#6881,
    #6882,#6883,#6884,#6885,#6886,#6887,#6888,#6889,#6890,#6891,#6892,
    #6893,#6894,#6895,#6896,#6897,#6898,#6899,#6900,#6901,#6902,#6903,
    #6904,#6905,#6906,#6907,#6908,#6909,#6910,#6911,#6912,#6913,#6914,
    #6915,#6916,#6917,#6918,#6919,#6920,#6921,#6922,#6923,#6924,#6925,
    #6926,#6927,#6928,#6929,#6930,#6931,#6932,#6933,#6934,#6935,#6936,
    #6937,#6938,#6939,#6940,#6941,#6942,#6943,#6944,#6945,#6946,#6947,
    #6948,#6949,#6950,#6951,#6952,#6953,#6954,#6955,#6956,#6957,#6958,
    #6959,#6960,#6961,#6962,#6963,#6964,#6965,#6966,#6967,#6968,#6969,
    #6970,#6971,#6972,#6973,#6974,#6975,#6976,#6977,#6978,#6979,#6980,
    #6981,#6982,#6983,#6984,#6985,#6986,#6987,#6988,#6989,#6990,#6991,
    #6992,#6993,#6994,#6995,#6996,#6997,#6998,#6999,#7000,#7001,#7002,
    #7003,#7004,#7005,#7006,#7007,#7008,#7009,#7010,#7011,#7012,#7013,
    #7014,#7015,#7016,#7017,#7018,#7019,#7020,#7021,#7022,#7023,#7024,
    #7025,#7026,#7027,#7028,#7029,#7030,#7031,#7032,#7033,#7034,#7035,
    #7036,#7037,#7038,#7039,#7040,#7041,#7042,#7043,#7044,#7045,#7046,
    #7047,#7048,#7049,#7050,#7051,#7052,#7053,#7054),.UNSPECIFIED.,.F.,
  .F.,(4,1,1,1,1,1,1,1,1,1,1,1,1,1,1,1,1,1,1,1,1,1,1,1,1,1,1,1,1,1,1,1,1
    ,1,1,1,1,1,1,1,1,1,1,1,1,1,1,1,1,1,1,1,1,1,1,1,1,1,1,1,1,1,1,1,1,1,1
    ,1,1,1,1,1,1,1,1,1,1,1,1,1,1,1,1,1,1,1,1,1,1,1,1,1,1,1,1,1,1,1,1,1,1
    ,1,1,1,1,1,1,1,1,1,1,1,1,1,1,1,1,1,1,1,1,1,1,1,1,1,1,1,1,1,1,1,1,1,1
    ,1,1,1,1,1,1,1,1,1,1,1,1,1,1,1,1,1,1,1,1,1,1,1,1,1,1,1,1,1,1,1,1,1,1
    ,1,1,1,1,1,1,1,1,1,1,1,1,1,1,1,1,1,4),(0.278168369603,0.27981400439,
    0.281454105915,0.283088642701,0.284717584856,0.286340904041,
    0.287958573436,0.289570567704,0.291176862964,0.292777436755,
    0.294372268011,0.29596133703,0.297544625442,0.299122116189,
    0.30069379349,0.30225964282,0.303819650882,0.305373805585,
    0.306922096017,0.308464512422,0.31000104618,0.311531689781,
    0.313056436805,0.314575281902,0.31608822077,0.317595250136,
    0.319096367737,0.320591572299,0.322080863522,0.323564242059,
    0.325041709499,0.326513268353,0.327978922035,0.329438674845,
    0.330892531957,0.3323404994,0.333782584045,0.33521879359,
    0.336649136549,0.338073622233,0.339492260739,0.34090506294,
    0.342312040467,0.343713205703,0.345108571764,0.346498152494,
    0.347881962447,0.349260016885,0.350632331756,0.351998923693,
    0.353359810001,0.354715008643,0.356064538237,0.357408418041,
    0.358746667948,0.360079308475,0.361406360754,0.362727846525,
    0.364043788128,0.365354208492,0.366659131133,0.367958580139,
    0.369252580171,0.37054115645,0.37182433475,0.373102141396,
    0.374374603253,0.375641747723,0.376903602736,0.378160196746,
    0.379411558725,0.380657718156,0.38189870503,0.383134549838,
    0.38436528357,0.385590937704,0.386811544209,0.388027135532,
    0.389237744602,0.390443404817,0.391644150047,0.392840014629,
    0.394031033357,0.395217241487,0.396398674727,0.397575369236,
    0.398747361621,0.399914688933,0.401077388664,0.402235498744,
    0.403389057538,0.404538103846,0.405682676896,0.406822816342,
    0.407958562267,0.409089955173,0.410217035986,0.411339846048,
    0.41245842712,0.413572821374,0.4146830714,0.415789220194,
    0.416891311166,0.417989388131,0.419083495311,0.420173677335,
    0.421259979234,0.422342446442,0.423421124796,0.424496060531,
    0.425567300283,0.426634891087,0.427698880373,0.428759315969,
    0.429816246101,0.430869719387,0.43191978484,0.432966491869,
    0.434009890274,0.435050030249,0.436086962378,0.437120737639,
    0.4381514074,0.43917902342,0.440203637848,0.441225303224,
    0.442244072476,0.443259998923,0.44427313627,0.445283538613,
    0.446291260435,0.447296356609,0.448298882391,0.449298893429,
    0.450296445755,0.451291595787,0.452284400332,0.453274916579,
    0.454263202104,0.455249314869,0.456233313217,0.457215255877,
    0.458195201961,0.459173210962,0.460149342758,0.461123657604,
    0.462096216139,0.463067079379,0.46403630872,0.465003965936,
    0.465970113176,0.466934812966,0.467898128206,0.468860122169,
    0.4698208585,0.470780401214,0.471738814696,0.472696163696,
    0.473652513331,0.474607929082,0.47556247679,0.476516222658,
    0.477469233243,0.478421575461,0.479373316577,0.48032452421,
    0.481275266323,0.482225611226,0.48317562757,0.484125384344,
    0.485074950875,0.486024396818,0.486973792161,0.487923207213,
    0.488872712608,0.489822379293,0.490772278532,0.491722481896,
    0.492673061259,0.493624088797,0.494575636981,0.49552777857,
    0.49648058661,0.497434134425,0.498388495616,0.499343744049,
    0.500000206995),.UNSPECIFIED.);
#6866 = CARTESIAN_POINT('',(25.086625156518,-7.291118908311,
    12.299896560996));
#6867 = CARTESIAN_POINT('',(25.08444186266,-7.28819265818,
    12.299860296333));
#6868 = CARTESIAN_POINT('',(25.080077396594,-7.282354128146,
    12.299768759537));
#6869 = CARTESIAN_POINT('',(25.073526367859,-7.273623762126,
    12.299574057644));
#6870 = CARTESIAN_POINT('',(25.066982485338,-7.264935829222,
    12.299322340449));
#6871 = CARTESIAN_POINT('',(25.060446240117,-7.256290633743,
    12.299013763107));
#6872 = CARTESIAN_POINT('',(25.05391811939,-7.247688469988,
    12.298648484739));
#6873 = CARTESIAN_POINT('',(25.047398606484,-7.239129622487,
    12.298226668346));
#6874 = CARTESIAN_POINT('',(25.040888180887,-7.230614366228,
    12.297748480716));
#6875 = CARTESIAN_POINT('',(25.034387318273,-7.22214296688,
    12.29721409234));
#6876 = CARTESIAN_POINT('',(25.027896490527,-7.213715681009,
    12.296623677334));
#6877 = CARTESIAN_POINT('',(25.021416165767,-7.205332756296,
    12.295977413349));
#6878 = CARTESIAN_POINT('',(25.014946808371,-7.196994431739,
    12.295275481503));
#6879 = CARTESIAN_POINT('',(25.008488878998,-7.188700937863,
    12.294518066297));
#6880 = CARTESIAN_POINT('',(25.002042834608,-7.180452496909,
    12.293705355542));
#6881 = CARTESIAN_POINT('',(24.995609128487,-7.172249323037,
    12.29283754029));
#6882 = CARTESIAN_POINT('',(24.989188210268,-7.164091622506,
    12.29191481476));
#6883 = CARTESIAN_POINT('',(24.982780525947,-7.155979593865,
    12.29093737627));
#6884 = CARTESIAN_POINT('',(24.976386517907,-7.147913428132,
    12.28990542517));
#6885 = CARTESIAN_POINT('',(24.970006624933,-7.139893308967,
    12.288819164777));
#6886 = CARTESIAN_POINT('',(24.963641282238,-7.131919412847,
    12.287678801307));
#6887 = CARTESIAN_POINT('',(24.957290921472,-7.123991909232,
    12.286484543817));
#6888 = CARTESIAN_POINT('',(24.950955970747,-7.116110960733,
    12.285236604139));
#6889 = CARTESIAN_POINT('',(24.94463685465,-7.108276723267,
    12.283935196824));
#6890 = CARTESIAN_POINT('',(24.938333994262,-7.100489346219,
    12.28258053908));
#6891 = CARTESIAN_POINT('',(24.932047807175,-7.092748972592,
    12.281172850713));
#6892 = CARTESIAN_POINT('',(24.925778707506,-7.08505573916,
    12.279712354074));
#6893 = CARTESIAN_POINT('',(24.919527105915,-7.077409776613,12.278199274
    ));
#6894 = CARTESIAN_POINT('',(24.913293409619,-7.0698112097,12.27663383776
    ));
#6895 = CARTESIAN_POINT('',(24.90707802241,-7.062260157372,
    12.275016275001));
#6896 = CARTESIAN_POINT('',(24.900881344664,-7.054756732918,
    12.273346817697));
#6897 = CARTESIAN_POINT('',(24.894703773365,-7.047301044099,
    12.271625700091));
#6898 = CARTESIAN_POINT('',(24.88854570211,-7.039893193283,
    12.269853158653));
#6899 = CARTESIAN_POINT('',(24.88240752113,-7.03253327757,
    12.268029432018));
#6900 = CARTESIAN_POINT('',(24.876289617302,-7.025221388921,
    12.266154760948));
#6901 = CARTESIAN_POINT('',(24.870192374164,-7.017957614281,
    12.264229388273));
#6902 = CARTESIAN_POINT('',(24.864116171925,-7.010742035701,
    12.262253558847));
#6903 = CARTESIAN_POINT('',(24.858061387485,-7.003574730459,
    12.260227519502));
#6904 = CARTESIAN_POINT('',(24.852028394445,-6.996455771171,
    12.258151518994));
#6905 = CARTESIAN_POINT('',(24.84601756312,-6.989385225911,
    12.256025807965));
#6906 = CARTESIAN_POINT('',(24.840029260555,-6.982363158323,
    12.253850638891));
#6907 = CARTESIAN_POINT('',(24.83406385054,-6.975389627725,
    12.251626266036));
#6908 = CARTESIAN_POINT('',(24.828121693618,-6.968464689227,
    12.249352945411));
#6909 = CARTESIAN_POINT('',(24.822203147102,-6.961588393827,
    12.247030934725));
#6910 = CARTESIAN_POINT('',(24.816308565092,-6.954760788522,
    12.244660493347));
#6911 = CARTESIAN_POINT('',(24.810438298482,-6.947981916407,
    12.242241882253));
#6912 = CARTESIAN_POINT('',(24.80459269498,-6.941251816779,
    12.239775363991));
#6913 = CARTESIAN_POINT('',(24.798772099116,-6.93457052523,
    12.237261202635));
#6914 = CARTESIAN_POINT('',(24.792976852261,-6.92793807375,
    12.234699663742));
#6915 = CARTESIAN_POINT('',(24.787207292639,-6.921354490817,
    12.232091014309));
#6916 = CARTESIAN_POINT('',(24.781463755341,-6.914819801497,
    12.229435522735));
#6917 = CARTESIAN_POINT('',(24.775746572339,-6.908334027528,
    12.226733458775));
#6918 = CARTESIAN_POINT('',(24.770056072504,-6.90189718742,
    12.223985093504));
#6919 = CARTESIAN_POINT('',(24.764392581614,-6.895509296537,
    12.22119069927));
#6920 = CARTESIAN_POINT('',(24.758756422375,-6.889170367189,
    12.21835054966));
#6921 = CARTESIAN_POINT('',(24.753147914434,-6.882880408717,
    12.215464919456));
#6922 = CARTESIAN_POINT('',(24.747567374395,-6.876639427578,
    12.212534084595));
#6923 = CARTESIAN_POINT('',(24.742015115831,-6.870447427431,
    12.209558322132));
#6924 = CARTESIAN_POINT('',(24.736491449307,-6.864304409217,
    12.206537910199));
#6925 = CARTESIAN_POINT('',(24.730996682388,-6.858210371243,
    12.203473127967));
#6926 = CARTESIAN_POINT('',(24.725531119661,-6.852165309259,
    12.200364255607));
#6927 = CARTESIAN_POINT('',(24.720095062749,-6.846169216544,
    12.197211574252));
#6928 = CARTESIAN_POINT('',(24.714688810331,-6.840222083978,
    12.194015365958));
#6929 = CARTESIAN_POINT('',(24.709312658154,-6.83432390012,
    12.190775913668));
#6930 = CARTESIAN_POINT('',(24.703966899056,-6.828474651289,
    12.187493501174));
#6931 = CARTESIAN_POINT('',(24.698651822982,-6.822674321634,
    12.184168413077));
#6932 = CARTESIAN_POINT('',(24.693367716999,-6.816922893211,
    12.180800934755));
#6933 = CARTESIAN_POINT('',(24.688114865322,-6.811220346057,
    12.177391352323));
#6934 = CARTESIAN_POINT('',(24.682893549327,-6.805566658261,
    12.173939952599));
#6935 = CARTESIAN_POINT('',(24.67770404757,-6.799961806038,
    12.170447023064));
#6936 = CARTESIAN_POINT('',(24.672546635814,-6.794405763797,
    12.166912851831));
#6937 = CARTESIAN_POINT('',(24.66742158704,-6.788898504216,
    12.163337727609));
#6938 = CARTESIAN_POINT('',(24.662329171475,-6.783439998308,
    12.159721939663));
#6939 = CARTESIAN_POINT('',(24.657269656609,-6.778030215489,
    12.156065777785));
#6940 = CARTESIAN_POINT('',(24.652243307218,-6.772669123651,
    12.152369532257));
#6941 = CARTESIAN_POINT('',(24.647250385388,-6.767356689225,
    12.148633493818));
#6942 = CARTESIAN_POINT('',(24.642291150533,-6.762092877252,
    12.144857953628));
#6943 = CARTESIAN_POINT('',(24.637365859421,-6.756877651444,
    12.141043203238));
#6944 = CARTESIAN_POINT('',(24.632474766198,-6.751710974257,
    12.137189534553));
#6945 = CARTESIAN_POINT('',(24.62761812241,-6.74659280695,
    12.133297239802));
#6946 = CARTESIAN_POINT('',(24.62279617703,-6.741523109653,
    12.129366611506));
#6947 = CARTESIAN_POINT('',(24.618009176479,-6.736501841432,
    12.125397942444));
#6948 = CARTESIAN_POINT('',(24.613257364655,-6.73152896035,
    12.121391525624));
#6949 = CARTESIAN_POINT('',(24.60854098296,-6.726604423533,
    12.117347654249));
#6950 = CARTESIAN_POINT('',(24.603860270321,-6.721728187231,
    12.11326662169));
#6951 = CARTESIAN_POINT('',(24.599215463222,-6.716900206885,
    12.109148721453));
#6952 = CARTESIAN_POINT('',(24.594606795732,-6.712120437182,
    12.104994247149));
#6953 = CARTESIAN_POINT('',(24.590034499529,-6.707388832123,
    12.100803492468));
#6954 = CARTESIAN_POINT('',(24.585498803933,-6.702705345083,
    12.096576751147));
#6955 = CARTESIAN_POINT('',(24.580999935932,-6.698069928872,
    12.092314316944));
#6956 = CARTESIAN_POINT('',(24.576538120214,-6.693482535794,
    12.088016483608));
#6957 = CARTESIAN_POINT('',(24.572113579198,-6.688943117711,
    12.083683544856));
#6958 = CARTESIAN_POINT('',(24.567726533064,-6.684451626102,
    12.079315794342));
#6959 = CARTESIAN_POINT('',(24.563377199781,-6.680008012123,
    12.074913525633));
#6960 = CARTESIAN_POINT('',(24.559065795148,-6.675612226666,
    12.070477032186));
#6961 = CARTESIAN_POINT('',(24.554792532817,-6.671264220421,
    12.06600660732));
#6962 = CARTESIAN_POINT('',(24.550557624334,-6.666963943936,
    12.061502544194));
#6963 = CARTESIAN_POINT('',(24.546361279168,-6.662711347671,
    12.056965135782));
#6964 = CARTESIAN_POINT('',(24.542203704749,-6.658506382064,
    12.052394674853));
#6965 = CARTESIAN_POINT('',(24.5380851065,-6.654348997587,
    12.047791453949));
#6966 = CARTESIAN_POINT('',(24.534005687876,-6.650239144803,
    12.043155765361));
#6967 = CARTESIAN_POINT('',(24.529965650395,-6.646176774429,
    12.038487901113));
#6968 = CARTESIAN_POINT('',(24.525965193682,-6.642161837393,
    12.033788152941));
#6969 = CARTESIAN_POINT('',(24.522004515501,-6.638194284888,
    12.029056812273));
#6970 = CARTESIAN_POINT('',(24.518083811796,-6.63427406844,
    12.024294170214));
#6971 = CARTESIAN_POINT('',(24.514203276726,-6.630401139956,
    12.019500517527));
#6972 = CARTESIAN_POINT('',(24.510363102708,-6.626575451792,
    12.014676144622));
#6973 = CARTESIAN_POINT('',(24.506563480455,-6.622796956801,
    12.009821341535));
#6974 = CARTESIAN_POINT('',(24.502804599015,-6.619065608401,
    12.004936397919));
#6975 = CARTESIAN_POINT('',(24.499086645815,-6.615381360627,
    12.000021603029));
#6976 = CARTESIAN_POINT('',(24.495409806696,-6.611744168191,
    11.995077245712));
#6977 = CARTESIAN_POINT('',(24.491774265964,-6.608153986539,
    11.990103614397));
#6978 = CARTESIAN_POINT('',(24.488180206423,-6.604610771909,
    11.985100997085));
#6979 = CARTESIAN_POINT('',(24.484627809422,-6.60111448139,
    11.980069681338));
#6980 = CARTESIAN_POINT('',(24.4811172549,-6.597665072981,11.97500995428
    ));
#6981 = CARTESIAN_POINT('',(24.477648721424,-6.594262505645,
    11.969922102583));
#6982 = CARTESIAN_POINT('',(24.474222386237,-6.590906739367,
    11.964806412468));
#6983 = CARTESIAN_POINT('',(24.470838425304,-6.587597735217,
    11.959663169699));
#6984 = CARTESIAN_POINT('',(24.46749701335,-6.584335455401,
    11.954492659586));
#6985 = CARTESIAN_POINT('',(24.464198323913,-6.581119863322,
    11.949295166979));
#6986 = CARTESIAN_POINT('',(24.460942529381,-6.577950923638,
    11.944070976273));
#6987 = CARTESIAN_POINT('',(24.457729801047,-6.574828602316,
    11.938820371411));
#6988 = CARTESIAN_POINT('',(24.454560309148,-6.571752866692,
    11.933543635886));
#6989 = CARTESIAN_POINT('',(24.451434222911,-6.568723685529,
    11.928241052748));
#6990 = CARTESIAN_POINT('',(24.448351710605,-6.565741029071,
    11.922912904613));
#6991 = CARTESIAN_POINT('',(24.445312939583,-6.562804869102,
    11.917559473668));
#6992 = CARTESIAN_POINT('',(24.442318076328,-6.559915179002,
    11.912181041685));
#6993 = CARTESIAN_POINT('',(24.439367286504,-6.557071933804,
    11.906777890032));
#6994 = CARTESIAN_POINT('',(24.436460734999,-6.554275110251,
    11.90135029969));
#6995 = CARTESIAN_POINT('',(24.433598585972,-6.551524686852,
    11.895898551262));
#6996 = CARTESIAN_POINT('',(24.430781002904,-6.548820643937,
    11.890422924997));
#6997 = CARTESIAN_POINT('',(24.428008148638,-6.546162963714,
    11.884923700806));
#6998 = CARTESIAN_POINT('',(24.425280185431,-6.543551630325,
    11.879401158286));
#6999 = CARTESIAN_POINT('',(24.422597275,-6.540986629899,11.873855576738
    ));
#7000 = CARTESIAN_POINT('',(24.419959578563,-6.538467950612,
    11.868287235198));
#7001 = CARTESIAN_POINT('',(24.417367256893,-6.535995582735,
    11.862696412459));
#7002 = CARTESIAN_POINT('',(24.414820470356,-6.533569518696,
    11.857083387103));
#7003 = CARTESIAN_POINT('',(24.412319378961,-6.531189753128,
    11.85144843753));
#7004 = CARTESIAN_POINT('',(24.409864142406,-6.528856282924,
    11.84579184199));
#7005 = CARTESIAN_POINT('',(24.407454920114,-6.526569107293,
    11.84011387862));
#7006 = CARTESIAN_POINT('',(24.405091871289,-6.524328227811,
    11.834414825479));
#7007 = CARTESIAN_POINT('',(24.402775154949,-6.522133648472,
    11.828694960588));
#7008 = CARTESIAN_POINT('',(24.400504929974,-6.519985375741,
    11.822954561968));
#7009 = CARTESIAN_POINT('',(24.398281355144,-6.517883418606,
    11.817193907689));
#7010 = CARTESIAN_POINT('',(24.396104589184,-6.515827788629,
    11.811413275906));
#7011 = CARTESIAN_POINT('',(24.393974790803,-6.513818499993,
    11.805612944914));
#7012 = CARTESIAN_POINT('',(24.391892118731,-6.511855569553,
    11.799793193193));
#7013 = CARTESIAN_POINT('',(24.389856731757,-6.509939016886,
    11.793954299461));
#7014 = CARTESIAN_POINT('',(24.38786878877,-6.508068864338,
    11.788096542725));
#7015 = CARTESIAN_POINT('',(24.385928448793,-6.506245137068,
    11.782220202338));
#7016 = CARTESIAN_POINT('',(24.384035871014,-6.504467863099,
    11.776325558057));
#7017 = CARTESIAN_POINT('',(24.382191214826,-6.502737073361,
    11.7704128901));
#7018 = CARTESIAN_POINT('',(24.380394639853,-6.501052801735,
    11.764482479209));
#7019 = CARTESIAN_POINT('',(24.378646305985,-6.499415085096,
    11.758534606715));
#7020 = CARTESIAN_POINT('',(24.376946373403,-6.497823963358,
    11.752569554599));
#7021 = CARTESIAN_POINT('',(24.375295002612,-6.496279479512,
    11.746587605565));
#7022 = CARTESIAN_POINT('',(24.37369235446,-6.494781679667,
    11.740589043105));
#7023 = CARTESIAN_POINT('',(24.372138590166,-6.493330613091,
    11.734574151571));
#7024 = CARTESIAN_POINT('',(24.370633871342,-6.491926332247,
    11.728543216252));
#7025 = CARTESIAN_POINT('',(24.369178360014,-6.490568892829,
    11.722496523443));
#7026 = CARTESIAN_POINT('',(24.367772218636,-6.4892583538,
    11.716434360526));
#7027 = CARTESIAN_POINT('',(24.36641561011,-6.487994777421,
    11.710357016047));
#7028 = CARTESIAN_POINT('',(24.365108697801,-6.486778229288,
    11.704264779797));
#7029 = CARTESIAN_POINT('',(24.363851645544,-6.48560877836,
    11.698157942892));
#7030 = CARTESIAN_POINT('',(24.362644617657,-6.484486496991,
    11.69203679786));
#7031 = CARTESIAN_POINT('',(24.361487778948,-6.483411460955,
    11.685901638721));
#7032 = CARTESIAN_POINT('',(24.360381294719,-6.482383749473,
    11.679752761078));
#7033 = CARTESIAN_POINT('',(24.359325330769,-6.481403445241,
    11.673590462201));
#7034 = CARTESIAN_POINT('',(24.35832005339,-6.480470634446,
    11.667415041118));
#7035 = CARTESIAN_POINT('',(24.35736562937,-6.479585406794,
    11.661226798706));
#7036 = CARTESIAN_POINT('',(24.356462225982,-6.478747855525,
    11.65502603778));
#7037 = CARTESIAN_POINT('',(24.355610010978,-6.477958077433,
    11.648813063186));
#7038 = CARTESIAN_POINT('',(24.354809152577,-6.477216172878,
    11.642588181895));
#7039 = CARTESIAN_POINT('',(24.354059819451,-6.476522245803,
    11.636351703098));
#7040 = CARTESIAN_POINT('',(24.353362180706,-6.475876403747,
    11.630103938298));
#7041 = CARTESIAN_POINT('',(24.352716405866,-6.475278757849,
    11.623845201408));
#7042 = CARTESIAN_POINT('',(24.352122664845,-6.474729422859,
    11.617575808845));
#7043 = CARTESIAN_POINT('',(24.351581127924,-6.474228517146,
    11.611296079628));
#7044 = CARTESIAN_POINT('',(24.35109196572,-6.473776162697,
    11.605006335475));
#7045 = CARTESIAN_POINT('',(24.350655349151,-6.473372485119,
    11.598706900898));
#7046 = CARTESIAN_POINT('',(24.350271449408,-6.473017613641,
    11.5923981033));
#7047 = CARTESIAN_POINT('',(24.349940437906,-6.472711681107,
    11.586080273075));
#7048 = CARTESIAN_POINT('',(24.349662486248,-6.472454823975,
    11.5797537437));
#7049 = CARTESIAN_POINT('',(24.349437766179,-6.472247182304,
    11.573418851835));
#7050 = CARTESIAN_POINT('',(24.349266449535,-6.472088899748,
    11.567075937418));
#7051 = CARTESIAN_POINT('',(24.349148708191,-6.471980123545,
    11.560725343759));
#7052 = CARTESIAN_POINT('',(24.349091407401,-6.471927187981,
    11.555032417104));
#7053 = CARTESIAN_POINT('',(24.349080990771,-6.471917564974,
    11.551456499762));
#7054 = CARTESIAN_POINT('',(24.349080990744,-6.471917564956,11.55));
#7055 = ORIENTED_EDGE('',*,*,#7056,.T.);
#7056 = EDGE_CURVE('',#6863,#7057,#7059,.T.);
#7057 = VERTEX_POINT('',#7058);
#7058 = CARTESIAN_POINT('',(25.112912412703,-7.326623454176,
    12.299872450331));
#7059 = CIRCLE('',#7060,6.);
#7060 = AXIS2_PLACEMENT_3D('',#7061,#7062,#7063);
#7061 = CARTESIAN_POINT('',(20.277652418711,-10.87912409323,12.3));
#7062 = DIRECTION('',(0.,-2.22044604925E-16,-1.));
#7063 = DIRECTION('',(0.,1.,-2.22044604925E-16));
#7064 = ORIENTED_EDGE('',*,*,#7065,.F.);
#7065 = EDGE_CURVE('',#6844,#7057,#7066,.T.);
#7066 = B_SPLINE_CURVE_WITH_KNOTS('',3,(#7067,#7068,#7069,#7070,#7071,
    #7072,#7073,#7074,#7075,#7076,#7077,#7078,#7079,#7080,#7081,#7082,
    #7083,#7084,#7085,#7086,#7087,#7088,#7089,#7090,#7091,#7092,#7093,
    #7094,#7095,#7096,#7097,#7098,#7099,#7100,#7101,#7102,#7103,#7104,
    #7105,#7106,#7107,#7108,#7109,#7110,#7111,#7112,#7113,#7114,#7115,
    #7116,#7117,#7118,#7119,#7120,#7121,#7122,#7123,#7124,#7125,#7126,
    #7127,#7128,#7129,#7130,#7131,#7132,#7133,#7134,#7135,#7136,#7137,
    #7138,#7139,#7140,#7141,#7142,#7143,#7144,#7145,#7146,#7147,#7148,
    #7149,#7150,#7151,#7152,#7153,#7154,#7155,#7156,#7157,#7158,#7159,
    #7160,#7161,#7162,#7163,#7164,#7165,#7166,#7167,#7168,#7169,#7170,
    #7171,#7172,#7173,#7174,#7175,#7176,#7177,#7178,#7179,#7180,#7181,
    #7182,#7183,#7184,#7185,#7186,#7187,#7188,#7189,#7190,#7191,#7192,
    #7193,#7194,#7195,#7196,#7197,#7198,#7199,#7200,#7201,#7202,#7203,
    #7204,#7205,#7206,#7207,#7208,#7209,#7210,#7211,#7212,#7213,#7214,
    #7215,#7216,#7217,#7218,#7219,#7220,#7221,#7222,#7223,#7224,#7225,
    #7226,#7227,#7228,#7229,#7230,#7231,#7232,#7233,#7234,#7235,#7236,
    #7237,#7238,#7239,#7240,#7241,#7242,#7243,#7244,#7245,#7246,#7247,
    #7248,#7249,#7250,#7251,#7252,#7253,#7254,#7255,#7256,#7257,#7258,
    #7259,#7260,#7261,#7262,#7263,#7264,#7265,#7266,#7267,#7268,#7269,
    #7270),.UNSPECIFIED.,.F.,.F.,(4,1,1,1,1,1,1,1,1,1,1,1,1,1,1,1,1,1,1,
    1,1,1,1,1,1,1,1,1,1,1,1,1,1,1,1,1,1,1,1,1,1,1,1,1,1,1,1,1,1,1,1,1,1,
    1,1,1,1,1,1,1,1,1,1,1,1,1,1,1,1,1,1,1,1,1,1,1,1,1,1,1,1,1,1,1,1,1,1,
    1,1,1,1,1,1,1,1,1,1,1,1,1,1,1,1,1,1,1,1,1,1,1,1,1,1,1,1,1,1,1,1,1,1,
    1,1,1,1,1,1,1,1,1,1,1,1,1,1,1,1,1,1,1,1,1,1,1,1,1,1,1,1,1,1,1,1,1,1,
    1,1,1,1,1,1,1,1,1,1,1,1,1,1,1,1,1,1,1,1,1,1,1,1,1,1,1,1,1,1,1,1,1,1,
    1,1,1,1,1,1,1,1,1,1,1,1,4),(0.,5.634044473245E-04,1.235973594369E-03
    ,1.90702913284E-03,2.576838579279E-03,3.24566706855E-03,
    3.913777391327E-03,4.581430035061E-03,5.248883228081E-03,
    5.916392986491E-03,6.584213163507E-03,7.252595500907E-03,
    7.921789682223E-03,8.592043387353E-03,9.263602348238E-03,
    9.936710405256E-03,1.061160956402E-02,1.128854005225E-02,
    1.196774037631E-02,1.264944737731E-02,1.333389628613E-02,
    1.402132077741E-02,1.471195302193E-02,1.540602373727E-02,
    1.610376223637E-02,1.680539647372E-02,1.751115308902E-02,
    1.822125744784E-02,1.893593367921E-02,1.965540470981E-02,
    2.037989229455E-02,2.110961704318E-02,2.184479844286E-02,
    2.25856548764E-02,2.333240363583E-02,2.408526093127E-02,
    2.484444189466E-02,2.561016057835E-02,2.638262994818E-02,
    2.716206187081E-02,2.79486670953E-02,2.874265522841E-02,
    2.954423470374E-02,3.035361274421E-02,3.117099531789E-02,
    3.199658708685E-02,3.28305913489E-02,3.367320997199E-02,
    3.452464332104E-02,3.538509017719E-02,3.625474764898E-02,
    3.713381107567E-02,3.802247392221E-02,3.89209276659E-02,
    3.982936167458E-02,4.074796307616E-02,4.167691661954E-02,
    4.261640452661E-02,4.356660633554E-02,4.452769873514E-02,
    4.549985539039E-02,4.648324675917E-02,4.747803990016E-02,
    4.848439827228E-02,4.950248152546E-02,5.053244528334E-02,
    5.157444091788E-02,5.262861531631E-02,5.369511064083E-02,
    5.477406408146E-02,5.586560760252E-02,5.696986768343E-02,
    5.80869650544E-02,5.921701442782E-02,6.036012422612E-02,
    6.151639630698E-02,6.268592568701E-02,6.386880026478E-02,
    6.506510054453E-02,6.627489936167E-02,6.749826161137E-02,
    6.873524398183E-02,6.998589469332E-02,7.125025324486E-02,
    7.252835016989E-02,7.382020680262E-02,7.512583505659E-02,
    7.644523721736E-02,7.777840575064E-02,7.912532312779E-02,
    8.048596167025E-02,8.186028341436E-02,8.324823999833E-02,
    8.464977257257E-02,8.606481173488E-02,8.749327749171E-02,
    8.893507924653E-02,9.039011581631E-02,9.185827547687E-02,
    9.333943603766E-02,9.483346494651E-02,9.634021942424E-02,
    9.78595466295E-02,9.93912838532E-02,0.100935258742,0.102491289552,
    0.104059185427,0.105638746706,0.107229765254,0.108832024819,
    0.110445301409,0.112069363687,0.113703973388,0.11534888575,
    0.117003849958,0.1186686096,0.120342903131,0.122026464347,
    0.123719022854,0.125420304553,0.12713003211,0.128847925432,
    0.130573702136,0.13230707801,0.134047767466,0.135795483982,
    0.137549940531,0.13931085,0.141077925588,0.142850881191,
    0.144629431773,0.146413293714,0.148202185141,0.149995826242,
    0.151793939559,0.15359625026,0.155402486399,0.157212379144,
    0.159025662999,0.160842075996,0.162661359878,0.164483260259,
    0.166307526763,0.168133913159,0.169962177461,0.171792082031,
    0.173623393658,0.17545588362,0.177289327742,0.179123506434,
    0.180958204723,0.182793212267,0.184628323369,0.186463336969,
    0.18829805664,0.19013229057,0.191965851533,0.193798556861,
    0.195630228405,0.197460692495,0.199289779888,0.201117325719,
    0.202943169446,0.204767154788,0.206589129666,0.208408946137,
    0.210226460329,0.212041532372,0.213854026328,0.215663810123,
    0.217470755471,0.219274737806,0.22107563621,0.222873333337,
    0.224667715343,0.226458671815,0.228246095696,0.230029883217,
    0.231809933824,0.233586150111,0.235358437746,0.237126705411,
    0.238890864725,0.240650830188,0.242406519109,0.244157851545,
    0.245904750238,0.247647140554,0.249384950425,0.251118110285,
    0.252846553018,0.254570213899,0.256289030538,0.258002942829,
    0.259711892897,0.261415825045,0.263114685706,0.264808423394,
    0.266496988655,0.268180334024,0.269858413974,0.271531184881),
  .UNSPECIFIED.);
#7067 = CARTESIAN_POINT('',(25.849080990711,-8.652201627789,11.55));
#7068 = CARTESIAN_POINT('',(25.849080990711,-8.652201627789,
    11.551250023147));
#7069 = CARTESIAN_POINT('',(25.849074134562,-8.652184474632,
    11.553992304465));
#7070 = CARTESIAN_POINT('',(25.849040355816,-8.652099966781,
    11.558222624602));
#7071 = CARTESIAN_POINT('',(25.848978097064,-8.651944217423,
    11.562686863968));
#7072 = CARTESIAN_POINT('',(25.848889519808,-8.651722650276,
    11.567139562612));
#7073 = CARTESIAN_POINT('',(25.84877480138,-8.651435731611,
    11.571581378777));
#7074 = CARTESIAN_POINT('',(25.848634100363,-8.651083887247,
    11.576012971511));
#7075 = CARTESIAN_POINT('',(25.848467556688,-8.650667502675,
    11.580435000551));
#7076 = CARTESIAN_POINT('',(25.848275291782,-8.650186923338,
    11.584848125357));
#7077 = CARTESIAN_POINT('',(25.84805740871,-8.649642454923,
    11.589253004404));
#7078 = CARTESIAN_POINT('',(25.847813992343,-8.649034363718,
    11.593650294417));
#7079 = CARTESIAN_POINT('',(25.847545109519,-8.648362877005,
    11.59804064966));
#7080 = CARTESIAN_POINT('',(25.847250809231,-8.647628183498,
    11.602424721229));
#7081 = CARTESIAN_POINT('',(25.846931122804,-8.646830433814,
    11.606803156385));
#7082 = CARTESIAN_POINT('',(25.846586064097,-8.645969740986,
    11.611176597891));
#7083 = CARTESIAN_POINT('',(25.846215629696,-8.645046181007,
    11.615545683392));
#7084 = CARTESIAN_POINT('',(25.845819799123,-8.644059793408,
    11.619911044807));
#7085 = CARTESIAN_POINT('',(25.845398535047,-8.643010581858,
    11.624273307748));
#7086 = CARTESIAN_POINT('',(25.844951783496,-8.641898514797,
    11.628633090967));
#7087 = CARTESIAN_POINT('',(25.844479474076,-8.64072352609,
    11.632991005818));
#7088 = CARTESIAN_POINT('',(25.84398152019,-8.639485515708,
    11.637347655756));
#7089 = CARTESIAN_POINT('',(25.843457819265,-8.638184350419,
    11.641703635839));
#7090 = CARTESIAN_POINT('',(25.842908252974,-8.63681986451,
    11.646059532271));
#7091 = CARTESIAN_POINT('',(25.84233268746,-8.635391860521,
    11.650415921953));
#7092 = CARTESIAN_POINT('',(25.841730973568,-8.633900109989,
    11.654773372056));
#7093 = CARTESIAN_POINT('',(25.841102947068,-8.632344354219,
    11.659132439617));
#7094 = CARTESIAN_POINT('',(25.840448428889,-8.630724305056,
    11.663493671149));
#7095 = CARTESIAN_POINT('',(25.839767225339,-8.62903964568,
    11.667857602265));
#7096 = CARTESIAN_POINT('',(25.839059128343,-8.627290031406,
    11.67222475732));
#7097 = CARTESIAN_POINT('',(25.838323915665,-8.625475090499,
    11.676595649068));
#7098 = CARTESIAN_POINT('',(25.83756135114,-8.623594424999,
    11.680970778327));
#7099 = CARTESIAN_POINT('',(25.836771184901,-8.621647611557,
    11.685350633655));
#7100 = CARTESIAN_POINT('',(25.835953153611,-8.619634202283,
    11.689735691043));
#7101 = CARTESIAN_POINT('',(25.83510698069,-8.617553725604,
    11.694126413602));
#7102 = CARTESIAN_POINT('',(25.834232376549,-8.615405687131,
    11.698523251275));
#7103 = CARTESIAN_POINT('',(25.83332903882,-8.613189570546,
    11.702926640535));
#7104 = CARTESIAN_POINT('',(25.832396652591,-8.61090483849,
    11.707337004104));
#7105 = CARTESIAN_POINT('',(25.83143489064,-8.60855093347,
    11.711754750665));
#7106 = CARTESIAN_POINT('',(25.830443413676,-8.606127278782,
    11.716180274579));
#7107 = CARTESIAN_POINT('',(25.829421870578,-8.603633279443,
    11.720613955601));
#7108 = CARTESIAN_POINT('',(25.828369898642,-8.601068323143,
    11.725056158598));
#7109 = CARTESIAN_POINT('',(25.827287123832,-8.598431781209,
    11.729507233261));
#7110 = CARTESIAN_POINT('',(25.82617316103,-8.59572300959,11.73396751382
    ));
#7111 = CARTESIAN_POINT('',(25.825027614306,-8.592941349863,
    11.73843731875));
#7112 = CARTESIAN_POINT('',(25.823850077175,-8.590086130252,
    11.742916950477));
#7113 = CARTESIAN_POINT('',(25.822640132882,-8.587156666678,
    11.747406695072));
#7114 = CARTESIAN_POINT('',(25.821397354681,-8.584152263824,
    11.751906821947));
#7115 = CARTESIAN_POINT('',(25.82012130613,-8.581072216226,
    11.756417583539));
#7116 = CARTESIAN_POINT('',(25.818811541395,-8.577915809398,
    11.760939214984));
#7117 = CARTESIAN_POINT('',(25.817467605565,-8.57468232097,
    11.765471933791));
#7118 = CARTESIAN_POINT('',(25.816089034984,-8.571371021866,
    11.770015939504));
#7119 = CARTESIAN_POINT('',(25.814675357586,-8.567981177511,
    11.774571413347));
#7120 = CARTESIAN_POINT('',(25.813226093257,-8.564512049062,
    11.779138517876));
#7121 = CARTESIAN_POINT('',(25.811740754208,-8.560962894682,
    11.78371739661));
#7122 = CARTESIAN_POINT('',(25.810218845356,-8.557332970842,
    11.788308173653));
#7123 = CARTESIAN_POINT('',(25.808659864744,-8.553621533659,
    11.792910953315));
#7124 = CARTESIAN_POINT('',(25.807063303954,-8.549827840273,
    11.79752581972));
#7125 = CARTESIAN_POINT('',(25.805428648564,-8.545951150259,
    11.8021528364));
#7126 = CARTESIAN_POINT('',(25.803755378609,-8.541990727083,
    11.806792045892));
#7127 = CARTESIAN_POINT('',(25.802042969075,-8.537945839587,
    11.811443469319));
#7128 = CARTESIAN_POINT('',(25.80029089041,-8.533815763523,
    11.81610710597));
#7129 = CARTESIAN_POINT('',(25.798498609062,-8.529599783126,
    11.82078293287));
#7130 = CARTESIAN_POINT('',(25.796665588044,-8.525297192722,
    11.825470904353));
#7131 = CARTESIAN_POINT('',(25.794791287522,-8.520907298378,
    11.830170951621));
#7132 = CARTESIAN_POINT('',(25.792875165427,-8.516429419599,
    11.834882982311));
#7133 = CARTESIAN_POINT('',(25.790916678105,-8.511862891051,
    11.839606880059));
#7134 = CARTESIAN_POINT('',(25.788915280982,-8.507207064331,
    11.844342504065));
#7135 = CARTESIAN_POINT('',(25.786870429271,-8.502461309773,
    11.849089688661));
#7136 = CARTESIAN_POINT('',(25.784781578691,-8.497625018283,
    11.853848242889));
#7137 = CARTESIAN_POINT('',(25.782648186234,-8.492697603214,
    11.858617950081));
#7138 = CARTESIAN_POINT('',(25.780469710946,-8.487678502262,
    11.863398567457));
#7139 = CARTESIAN_POINT('',(25.778245614742,-8.482567179398,
    11.868189825733));
#7140 = CARTESIAN_POINT('',(25.775975363255,-8.477363126814,
    11.872991428742));
#7141 = CARTESIAN_POINT('',(25.7736584267,-8.472065866899,
    11.877803053083));
#7142 = CARTESIAN_POINT('',(25.771294280777,-8.466674954214,
    11.882624347785));
#7143 = CARTESIAN_POINT('',(25.768882407592,-8.461189977493,
    11.887454933999));
#7144 = CARTESIAN_POINT('',(25.766422296608,-8.455610561638,
    11.892294404724));
#7145 = CARTESIAN_POINT('',(25.763913445611,-8.449936369711,
    11.897142324559));
#7146 = CARTESIAN_POINT('',(25.76135536171,-8.444167104922,11.9019982295
    ));
#7147 = CARTESIAN_POINT('',(25.758747562339,-8.438302512595,
    11.906861626767));
#7148 = CARTESIAN_POINT('',(25.756089576286,-8.432342382117,
    11.911731994685));
#7149 = CARTESIAN_POINT('',(25.753380944738,-8.426286548849,
    11.916608782609));
#7150 = CARTESIAN_POINT('',(25.750621222324,-8.420134895993,
    11.9214914109));
#7151 = CARTESIAN_POINT('',(25.747809978176,-8.413887356421,
    11.926379270959));
#7152 = CARTESIAN_POINT('',(25.744946796988,-8.40754391443,
    11.931271725317));
#7153 = CARTESIAN_POINT('',(25.742031280077,-8.401104607439,
    11.936168107792));
#7154 = CARTESIAN_POINT('',(25.739063046435,-8.394569527601,
    11.941067723705));
#7155 = CARTESIAN_POINT('',(25.736041733776,-8.387938823325,
    11.945969850174));
#7156 = CARTESIAN_POINT('',(25.732966999567,-8.381212700703,
    11.950873736469));
#7157 = CARTESIAN_POINT('',(25.729838522039,-8.374391424826,
    11.955778604449));
#7158 = CARTESIAN_POINT('',(25.726656001175,-8.367475320971,
    11.960683649075));
#7159 = CARTESIAN_POINT('',(25.723419159671,-8.360464775676,
    11.965588038991));
#7160 = CARTESIAN_POINT('',(25.720127743857,-8.353360237658,
    11.970490917198));
#7161 = CARTESIAN_POINT('',(25.716781524587,-8.346162218593,
    11.975391401792));
#7162 = CARTESIAN_POINT('',(25.713380298074,-8.338871293735,
    11.980288586797));
#7163 = CARTESIAN_POINT('',(25.709923886687,-8.331488102372,
    11.985181543065));
#7164 = CARTESIAN_POINT('',(25.706412139683,-8.324013348108,
    11.990069319258));
#7165 = CARTESIAN_POINT('',(25.702844933884,-8.316447798969,
    11.994950942908));
#7166 = CARTESIAN_POINT('',(25.699222174293,-8.308792287324,
    11.99982542155));
#7167 = CARTESIAN_POINT('',(25.695543794635,-8.30104770962,
    12.004691743923));
#7168 = CARTESIAN_POINT('',(25.691809757832,-8.293215025924,
    12.009548881243));
#7169 = CARTESIAN_POINT('',(25.688020056399,-8.285295259276,
    12.014395788535));
#7170 = CARTESIAN_POINT('',(25.684174712765,-8.277289494851,
    12.01923140603));
#7171 = CARTESIAN_POINT('',(25.68027377951,-8.269198878923,
    12.024054660604));
#7172 = CARTESIAN_POINT('',(25.676317339519,-8.261024617648,
    12.028864467279));
#7173 = CARTESIAN_POINT('',(25.672305506058,-8.252767975661,
    12.033659730752));
#7174 = CARTESIAN_POINT('',(25.668238422758,-8.244430274486,
    12.038439346965));
#7175 = CARTESIAN_POINT('',(25.664116263516,-8.236012890784,
    12.043202204704));
#7176 = CARTESIAN_POINT('',(25.659939232317,-8.227517254429,
    12.047947187208));
#7177 = CARTESIAN_POINT('',(25.655707562965,-8.218944846427,
    12.052673173806));
#7178 = CARTESIAN_POINT('',(25.651421518738,-8.210297196699,
    12.057379041544));
#7179 = CARTESIAN_POINT('',(25.647081391963,-8.201575881717,
    12.062063666818));
#7180 = CARTESIAN_POINT('',(25.642687503514,-8.192782522029,
    12.06672592699));
#7181 = CARTESIAN_POINT('',(25.638240202234,-8.183918779667,
    12.071364701993));
#7182 = CARTESIAN_POINT('',(25.633739864298,-8.17498635547,
    12.075978875907));
#7183 = CARTESIAN_POINT('',(25.629186892501,-8.165986986315,
    12.080567338498));
#7184 = CARTESIAN_POINT('',(25.624581715492,-8.15692244229,
    12.085128986722));
#7185 = CARTESIAN_POINT('',(25.619924786955,-8.147794523816,
    12.089662726187));
#7186 = CARTESIAN_POINT('',(25.615216584731,-8.138605058726,
    12.094167472553));
#7187 = CARTESIAN_POINT('',(25.610457609912,-8.12935589933,
    12.098642152885));
#7188 = CARTESIAN_POINT('',(25.605648385883,-8.120048919471,
    12.103085706935));
#7189 = CARTESIAN_POINT('',(25.600789457341,-8.110686011584,
    12.107497088369));
#7190 = CARTESIAN_POINT('',(25.595881389282,-8.101269083785,
    12.111875265911));
#7191 = CARTESIAN_POINT('',(25.590924765972,-8.091800056983,
    12.116219224424));
#7192 = CARTESIAN_POINT('',(25.585920189897,-8.082280862048,
    12.120527965914));
#7193 = CARTESIAN_POINT('',(25.580868280713,-8.072713437032,
    12.124800510451));
#7194 = CARTESIAN_POINT('',(25.575769674185,-8.063099724455,
    12.129035897019));
#7195 = CARTESIAN_POINT('',(25.570625021126,-8.053441668677,
    12.133233184286));
#7196 = CARTESIAN_POINT('',(25.565434986348,-8.043741213349,
    12.137391451288));
#7197 = CARTESIAN_POINT('',(25.560200247619,-8.034000298965,
    12.141509798048));
#7198 = CARTESIAN_POINT('',(25.554921494634,-8.024220860504,
    12.145587346104));
#7199 = CARTESIAN_POINT('',(25.549599428011,-8.014404825189,
    12.149623238971));
#7200 = CARTESIAN_POINT('',(25.544234758297,-8.004554110353,
    12.153616642525));
#7201 = CARTESIAN_POINT('',(25.538828205014,-7.994670621414,
    12.157566745315));
#7202 = CARTESIAN_POINT('',(25.533380495715,-7.984756249975,
    12.16147275881));
#7203 = CARTESIAN_POINT('',(25.52789236509,-7.974812872036,
    12.165333917576));
#7204 = CARTESIAN_POINT('',(25.522364554084,-7.964842346326,
    12.169149479392));
#7205 = CARTESIAN_POINT('',(25.516797809065,-7.95484651276,
    12.172918725306));
#7206 = CARTESIAN_POINT('',(25.511192881017,-7.944827191003,
    12.176640959636));
#7207 = CARTESIAN_POINT('',(25.505550524774,-7.934786179164,
    12.180315509915));
#7208 = CARTESIAN_POINT('',(25.499871498286,-7.924725252594,
    12.183941726794));
#7209 = CARTESIAN_POINT('',(25.494156561927,-7.914646162802,
    12.187518983892));
#7210 = CARTESIAN_POINT('',(25.488406477837,-7.904550636481,
    12.191046677608));
#7211 = CARTESIAN_POINT('',(25.482622009302,-7.894440374632,
    12.194524226898));
#7212 = CARTESIAN_POINT('',(25.47680392017,-7.884317051806,
    12.19795107301));
#7213 = CARTESIAN_POINT('',(25.470952974305,-7.874182315423,
    12.201326679197));
#7214 = CARTESIAN_POINT('',(25.465069935073,-7.864037785203,
    12.204650530393));
#7215 = CARTESIAN_POINT('',(25.459155564867,-7.853885052677,
    12.207922132873));
#7216 = CARTESIAN_POINT('',(25.453210624661,-7.843725680783,
    12.211141013889));
#7217 = CARTESIAN_POINT('',(25.447235873604,-7.833561203544,
    12.214306721283));
#7218 = CARTESIAN_POINT('',(25.441232068634,-7.823393125826,
    12.217418823089));
#7219 = CARTESIAN_POINT('',(25.435199964134,-7.813222923153,
    12.220476907123));
#7220 = CARTESIAN_POINT('',(25.42914031161,-7.803052041603,
    12.223480580562));
#7221 = CARTESIAN_POINT('',(25.423053859398,-7.792881897758,
    12.226429469509));
#7222 = CARTESIAN_POINT('',(25.416941352401,-7.782713878711,
    12.22932321856));
#7223 = CARTESIAN_POINT('',(25.410803531843,-7.772549342129,
    12.232161490363));
#7224 = CARTESIAN_POINT('',(25.404641135055,-7.762389616359,
    12.234943965174));
#7225 = CARTESIAN_POINT('',(25.398454895277,-7.752236000584,
    12.237670340416));
#7226 = CARTESIAN_POINT('',(25.392245541488,-7.742089765019,
    12.240340330235));
#7227 = CARTESIAN_POINT('',(25.386013798246,-7.731952151139,
    12.242953665057));
#7228 = CARTESIAN_POINT('',(25.379760385557,-7.721824371943,
    12.245510091158));
#7229 = CARTESIAN_POINT('',(25.373486018749,-7.71170761225,
    12.248009370225));
#7230 = CARTESIAN_POINT('',(25.367191408376,-7.701603029018,
    12.250451278933));
#7231 = CARTESIAN_POINT('',(25.360877260125,-7.691511751689,
    12.252835608526));
#7232 = CARTESIAN_POINT('',(25.354544274742,-7.681434882555,
    12.255162164397));
#7233 = CARTESIAN_POINT('',(25.348193147971,-7.671373497138,
    12.257430765691));
#7234 = CARTESIAN_POINT('',(25.3418245705,-7.66132864459,12.259641244902
    ));
#7235 = CARTESIAN_POINT('',(25.335439227926,-7.651301348106,
    12.261793447483));
#7236 = CARTESIAN_POINT('',(25.32903780072,-7.641292605347,
    12.263887231474));
#7237 = CARTESIAN_POINT('',(25.322620964209,-7.631303388869,
    12.265922467122));
#7238 = CARTESIAN_POINT('',(25.316189388559,-7.621334646568,
    12.267899036527));
#7239 = CARTESIAN_POINT('',(25.309743738774,-7.611387302121,
    12.269816833287));
#7240 = CARTESIAN_POINT('',(25.303284674692,-7.601462255437,
    12.271675762157));
#7241 = CARTESIAN_POINT('',(25.296812850991,-7.591560383109,
    12.273475738721));
#7242 = CARTESIAN_POINT('',(25.290328917207,-7.581682538868,
    12.275216689062));
#7243 = CARTESIAN_POINT('',(25.283833517743,-7.571829554039,
    12.276898549459));
#7244 = CARTESIAN_POINT('',(25.277327291893,-7.562002237988,
    12.27852126608));
#7245 = CARTESIAN_POINT('',(25.270810873866,-7.55220137858,
    12.280084794686));
#7246 = CARTESIAN_POINT('',(25.264284892814,-7.542427742625,
    12.281589100356));
#7247 = CARTESIAN_POINT('',(25.257749972862,-7.532682076322,
    12.283034157205));
#7248 = CARTESIAN_POINT('',(25.251206733139,-7.522965105705,
    12.284419948122));
#7249 = CARTESIAN_POINT('',(25.244655787816,-7.513277537076,
    12.285746464516));
#7250 = CARTESIAN_POINT('',(25.238097746139,-7.503620057436,
    12.287013706067));
#7251 = CARTESIAN_POINT('',(25.231533212469,-7.493993334918,
    12.288221680484));
#7252 = CARTESIAN_POINT('',(25.22496278632,-7.484398019197,
    12.289370403283));
#7253 = CARTESIAN_POINT('',(25.218387062401,-7.474834741915,
    12.290459897555));
#7254 = CARTESIAN_POINT('',(25.211806630654,-7.465304117078,
    12.291490193758));
#7255 = CARTESIAN_POINT('',(25.205222076294,-7.455806741465,
    12.292461329509));
#7256 = CARTESIAN_POINT('',(25.198633979855,-7.446343195015,
    12.293373349383));
#7257 = CARTESIAN_POINT('',(25.192042917229,-7.436914041218,
    12.29422630472));
#7258 = CARTESIAN_POINT('',(25.185449459704,-7.427519827491,
    12.295020253443));
#7259 = CARTESIAN_POINT('',(25.178854174013,-7.418161085552,
    12.295755259875));
#7260 = CARTESIAN_POINT('',(25.172257622366,-7.408838331781,
    12.296431394569));
#7261 = CARTESIAN_POINT('',(25.165660362498,-7.399552067579,
    12.297048734139));
#7262 = CARTESIAN_POINT('',(25.159062947705,-7.390302779718,
    12.297607361105));
#7263 = CARTESIAN_POINT('',(25.152465926887,-7.38109094068,
    12.298107363731));
#7264 = CARTESIAN_POINT('',(25.145869844584,-7.371917008994,
    12.29854883588));
#7265 = CARTESIAN_POINT('',(25.139275241013,-7.362781429559,
    12.29893187687));
#7266 = CARTESIAN_POINT('',(25.132682652112,-7.353684633969,
    12.299256591333));
#7267 = CARTESIAN_POINT('',(25.126092609571,-7.344627040822,
    12.299523089081));
#7268 = CARTESIAN_POINT('',(25.119505640872,-7.335609056026,
    12.299731484977));
#7269 = CARTESIAN_POINT('',(25.11510972514,-7.329614186057,
    12.299831920831));
#7270 = CARTESIAN_POINT('',(25.112912412703,-7.326623454176,
    12.299872450331));
#7271 = CYLINDRICAL_SURFACE('',#7272,0.75);
#7272 = AXIS2_PLACEMENT_3D('',#7273,#7274,#7275);
#7273 = CARTESIAN_POINT('',(25.099080990711,26.120875906767,
    11.549999999999));
#7274 = DIRECTION('',(0.,-1.,2.22044604925E-16));
#7275 = DIRECTION('',(0.,-2.22044604925E-16,-1.));
#7276 = ADVANCED_FACE('',(#7277),#7295,.T.);
#7277 = FACE_BOUND('',#7278,.T.);
#7278 = EDGE_LOOP('',(#7279,#7287,#7288,#7289));
#7279 = ORIENTED_EDGE('',*,*,#7280,.F.);
#7280 = EDGE_CURVE('',#6392,#7281,#7283,.T.);
#7281 = VERTEX_POINT('',#7282);
#7282 = CARTESIAN_POINT('',(25.84908099072,-8.652201627809,
    3.799999999999));
#7283 = LINE('',#7284,#7285);
#7284 = CARTESIAN_POINT('',(25.84908099072,20.893953441343,
    3.799999999999));
#7285 = VECTOR('',#7286,1.);
#7286 = DIRECTION('',(0.,-1.,1.018017621428E-16));
#7287 = ORIENTED_EDGE('',*,*,#6652,.F.);
#7288 = ORIENTED_EDGE('',*,*,#6843,.T.);
#7289 = ORIENTED_EDGE('',*,*,#7290,.F.);
#7290 = EDGE_CURVE('',#7281,#6844,#7291,.T.);
#7291 = LINE('',#7292,#7293);
#7292 = CARTESIAN_POINT('',(25.84908099072,-8.652201627809,
    3.799999999999));
#7293 = VECTOR('',#7294,1.);
#7294 = DIRECTION('',(-1.070856664991E-12,2.557259064005E-12,1.));
#7295 = PLANE('',#7296);
#7296 = AXIS2_PLACEMENT_3D('',#7297,#7298,#7299);
#7297 = CARTESIAN_POINT('',(25.84908099072,20.893953441343,
    3.799999999999));
#7298 = DIRECTION('',(1.,0.,0.));
#7299 = DIRECTION('',(0.,-2.22044604925E-16,-1.));
#7300 = ADVANCED_FACE('',(#7301),#7490,.F.);
#7301 = FACE_BOUND('',#7302,.F.);
#7302 = EDGE_LOOP('',(#7303,#7304,#7305,#7306,#7307,#7308));
#7303 = ORIENTED_EDGE('',*,*,#7280,.F.);
#7304 = ORIENTED_EDGE('',*,*,#6391,.F.);
#7305 = ORIENTED_EDGE('',*,*,#793,.T.);
#7306 = ORIENTED_EDGE('',*,*,#802,.T.);
#7307 = ORIENTED_EDGE('',*,*,#810,.T.);
#7308 = ORIENTED_EDGE('',*,*,#7309,.F.);
#7309 = EDGE_CURVE('',#7281,#811,#7310,.T.);
#7310 = B_SPLINE_CURVE_WITH_KNOTS('',3,(#7311,#7312,#7313,#7314,#7315,
    #7316,#7317,#7318,#7319,#7320,#7321,#7322,#7323,#7324,#7325,#7326,
    #7327,#7328,#7329,#7330,#7331,#7332,#7333,#7334,#7335,#7336,#7337,
    #7338,#7339,#7340,#7341,#7342,#7343,#7344,#7345,#7346,#7347,#7348,
    #7349,#7350,#7351,#7352,#7353,#7354,#7355,#7356,#7357,#7358,#7359,
    #7360,#7361,#7362,#7363,#7364,#7365,#7366,#7367,#7368,#7369,#7370,
    #7371,#7372,#7373,#7374,#7375,#7376,#7377,#7378,#7379,#7380,#7381,
    #7382,#7383,#7384,#7385,#7386,#7387,#7388,#7389,#7390,#7391,#7392,
    #7393,#7394,#7395,#7396,#7397,#7398,#7399,#7400,#7401,#7402,#7403,
    #7404,#7405,#7406,#7407,#7408,#7409,#7410,#7411,#7412,#7413,#7414,
    #7415,#7416,#7417,#7418,#7419,#7420,#7421,#7422,#7423,#7424,#7425,
    #7426,#7427,#7428,#7429,#7430,#7431,#7432,#7433,#7434,#7435,#7436,
    #7437,#7438,#7439,#7440,#7441,#7442,#7443,#7444,#7445,#7446,#7447,
    #7448,#7449,#7450,#7451,#7452,#7453,#7454,#7455,#7456,#7457,#7458,
    #7459,#7460,#7461,#7462,#7463,#7464,#7465,#7466,#7467,#7468,#7469,
    #7470,#7471,#7472,#7473,#7474,#7475,#7476,#7477,#7478,#7479,#7480,
    #7481,#7482,#7483,#7484,#7485,#7486,#7487,#7488,#7489),
  .UNSPECIFIED.,.F.,.F.,(4,1,1,1,1,1,1,1,1,1,1,1,1,1,1,1,1,1,1,1,1,1,1,1
    ,1,1,1,1,1,1,1,1,1,1,1,1,1,1,1,1,1,1,1,1,1,1,1,1,1,1,1,1,1,1,1,1,1,1
    ,1,1,1,1,1,1,1,1,1,1,1,1,1,1,1,1,1,1,1,1,1,1,1,1,1,1,1,1,1,1,1,1,1,1
    ,1,1,1,1,1,1,1,1,1,1,1,1,1,1,1,1,1,1,1,1,1,1,1,1,1,1,1,1,1,1,1,1,1,1
    ,1,1,1,1,1,1,1,1,1,1,1,1,1,1,1,1,1,1,1,1,1,1,1,1,1,1,1,1,1,1,1,1,1,1
    ,1,1,1,1,1,1,1,1,1,1,1,1,1,1,1,1,4),(0.500000171489,0.500253430073,
    0.500619838915,0.500988105217,0.501358360402,0.501730737803,
    0.502105372658,0.502482402119,0.502861965249,0.50324420302,
    0.503629258302,0.504017275858,0.504408402322,0.504802786187,
    0.505200577782,0.505601929243,0.506006994488,0.506415929183,
    0.506828890703,0.507246038095,0.507667532033,0.508093534771,
    0.508524210093,0.508959723258,0.509400240947,0.509845931197,
    0.510296963345,0.510753507961,0.51121573678,0.511683822633,
    0.512157939375,0.512638261816,0.51312496564,0.513618227335,
    0.51411822411,0.514625133826,0.515139134907,0.515660406268,
    0.516189127237,0.516725477468,0.51726963687,0.517821785526,
    0.518382103611,0.51895077132,0.519527968789,0.520113876019,
    0.520708672804,0.521312538655,0.52192565273,0.522548193764,
    0.523180340002,0.52382226913,0.52447415821,0.525136183622,
    0.525808520996,0.526491345161,0.527184830083,0.527889148812,
    0.52860447343,0.529330975004,0.530068823532,0.530818187906,
    0.53157923586,0.532352133939,0.533137047452,0.533934140442,
    0.534743575649,0.535565514484,0.536400116991,0.537247541832,
    0.538107946252,0.538981486066,0.539868315632,0.540768587838,
    0.541682454089,0.542610064286,0.543551566824,0.544507108578,
    0.545476834897,0.546460889603,0.547459414982,0.548472551791,
    0.549500439253,0.550543215066,0.551601015401,0.552673974915,
    0.55376222676,0.554865902586,0.555985132562,0.557120045385,
    0.558270768295,0.559437427094,0.560620146161,0.561819048476,
    0.563034255638,0.564265887887,0.565514064131,0.566778901968,
    0.568060517711,0.56935902642,0.570674541927,0.572007176866,
    0.573357042702,0.574724249767,0.576108907288,0.577511123421,
    0.578931005288,0.580368659009,0.581824189737,0.583297701699,
    0.584789298228,0.586299081803,0.587827154087,0.589373615967,
    0.590938567591,0.592522108408,0.594124337211,0.595745352173,
    0.597385250893,0.599044130432,0.600722087356,0.602419217779,
    0.6041356174,0.60587138155,0.607626605227,0.609401383142,
    0.611195809755,0.61300997932,0.614843985921,0.616697923513,
    0.61857188596,0.620465967072,0.622380260641,0.624314860482,
    0.626269860457,0.628245354519,0.630241436732,0.63225820131,
    0.634295742637,0.636354155295,0.638433534084,0.640533974041,
    0.642655570459,0.644798418892,0.64696261517,0.649148255398,
    0.651355435955,0.653584253488,0.655834804897,0.65810718732,
    0.660401498099,0.662717834753,0.66505629493,0.667416976357,
    0.669799976776,0.672205393873,0.674633325193,0.677083868039,
    0.679557119364,0.682053175644,0.684572132735,0.687114085715,
    0.689679128708,0.692267354685,0.694878855251,0.697513720406,
    0.700172038282,0.702853894865,0.70555937368,0.708288555463,
    0.711041517799,0.713818334737,0.716619076376,0.719443808432,
    0.722292591767,0.725165481907,0.728062528528),.UNSPECIFIED.);
#7311 = CARTESIAN_POINT('',(25.849080990728,-8.652201627829,
    3.799999999999));
#7312 = CARTESIAN_POINT('',(25.849080990742,-8.652201627863,
    3.799596915281));
#7313 = CARTESIAN_POINT('',(25.849082978466,-8.652206600851,
    3.798610656591));
#7314 = CARTESIAN_POINT('',(25.849093900328,-8.652233925847,
    3.797038494396));
#7315 = CARTESIAN_POINT('',(25.849116385066,-8.652290180831,
    3.79528088322));
#7316 = CARTESIAN_POINT('',(25.849149350031,-8.652372659464,
    3.793514960285));
#7317 = CARTESIAN_POINT('',(25.849192950263,-8.652481753064,
    3.791740553027));
#7318 = CARTESIAN_POINT('',(25.84924734667,-8.652617868816,
    3.789957493033));
#7319 = CARTESIAN_POINT('',(25.849312705997,-8.65278142976,
    3.788165616497));
#7320 = CARTESIAN_POINT('',(25.849389200782,-8.652972874741,
    3.786364764671));
#7321 = CARTESIAN_POINT('',(25.849477009299,-8.65319265834,3.78455478433
    ));
#7322 = CARTESIAN_POINT('',(25.849576315485,-8.653441250762,
    3.782735528225));
#7323 = CARTESIAN_POINT('',(25.849687308853,-8.653719137703,
    3.780906855541));
#7324 = CARTESIAN_POINT('',(25.849810184394,-8.654026820182,
    3.779068632344));
#7325 = CARTESIAN_POINT('',(25.849945142461,-8.654364814339,
    3.777220732027));
#7326 = CARTESIAN_POINT('',(25.85009238864,-8.654733651206,
    3.775363035744));
#7327 = CARTESIAN_POINT('',(25.850252133608,-8.655133876447,
    3.773495432837));
#7328 = CARTESIAN_POINT('',(25.850424592974,-8.655566050061,
    3.771617821243));
#7329 = CARTESIAN_POINT('',(25.850609987107,-8.656030746065,
    3.769730107896));
#7330 = CARTESIAN_POINT('',(25.850808540957,-8.656528552141,
    3.767832209105));
#7331 = CARTESIAN_POINT('',(25.851020483852,-8.657060069259,
    3.765924050915));
#7332 = CARTESIAN_POINT('',(25.85124604929,-8.65762591127,3.764005569453
    ));
#7333 = CARTESIAN_POINT('',(25.851485474722,-8.65822670448,
    3.762076711243));
#7334 = CARTESIAN_POINT('',(25.851739001316,-8.658863087198,
    3.760137433508));
#7335 = CARTESIAN_POINT('',(25.852006873712,-8.659535709258,
    3.758187704444));
#7336 = CARTESIAN_POINT('',(25.85228933978,-8.660245231531,
    3.756227503461));
#7337 = CARTESIAN_POINT('',(25.852586650347,-8.66099232541,
    3.754256821414));
#7338 = CARTESIAN_POINT('',(25.852899058941,-8.661777672289,
    3.75227566079));
#7339 = CARTESIAN_POINT('',(25.853226821508,-8.662601963021,
    3.750284035879));
#7340 = CARTESIAN_POINT('',(25.853570196134,-8.663465897369,
    3.748281972917));
#7341 = CARTESIAN_POINT('',(25.853929442761,-8.664370183449,
    3.74626951019));
#7342 = CARTESIAN_POINT('',(25.854304822896,-8.665315537165,
    3.744246698126));
#7343 = CARTESIAN_POINT('',(25.85469659932,-8.666302681638,3.74221359935
    ));
#7344 = CARTESIAN_POINT('',(25.855105035793,-8.66733234664,
    3.740170288712));
#7345 = CARTESIAN_POINT('',(25.855530396757,-8.66840526802,
    3.738116853294));
#7346 = CARTESIAN_POINT('',(25.855972947045,-8.669522187133,
    3.736053392387));
#7347 = CARTESIAN_POINT('',(25.85643295158,-8.670683850282,
    3.733980017448));
#7348 = CARTESIAN_POINT('',(25.856910675086,-8.671891008152,
    3.731896852028));
#7349 = CARTESIAN_POINT('',(25.857406381793,-8.673144415263,
    3.729804031681));
#7350 = CARTESIAN_POINT('',(25.857920335152,-8.674444829425,
    3.727701703855));
#7351 = CARTESIAN_POINT('',(25.858452797544,-8.675793011206,
    3.725590027754));
#7352 = CARTESIAN_POINT('',(25.859004030005,-8.67718972341,
    3.723469174195));
#7353 = CARTESIAN_POINT('',(25.859574291943,-8.678635730573,
    3.721339325434));
#7354 = CARTESIAN_POINT('',(25.860163840871,-8.680131798463,
    3.719200674988));
#7355 = CARTESIAN_POINT('',(25.860772932137,-8.681678693601,
    3.717053427436));
#7356 = CARTESIAN_POINT('',(25.861401818665,-8.6832771828,3.71489779821)
  );
#7357 = CARTESIAN_POINT('',(25.862050750698,-8.684928032712,
    3.712734013372));
#7358 = CARTESIAN_POINT('',(25.862719975554,-8.686632009392,
    3.710562309385));
#7359 = CARTESIAN_POINT('',(25.863409737377,-8.68838987789,
    3.708382932875));
#7360 = CARTESIAN_POINT('',(25.864120276907,-8.690202401842,
    3.706196140378));
#7361 = CARTESIAN_POINT('',(25.86485183125,-8.692070343091,
    3.704002198092));
#7362 = CARTESIAN_POINT('',(25.865604633655,-8.693994461321,
    3.701801381615));
#7363 = CARTESIAN_POINT('',(25.866378913298,-8.695975513707,
    3.69959397568));
#7364 = CARTESIAN_POINT('',(25.867174895077,-8.698014254578,
    3.697380273892));
#7365 = CARTESIAN_POINT('',(25.867992799408,-8.700111435109,
    3.695160578456));
#7366 = CARTESIAN_POINT('',(25.868832842032,-8.702267803012,
    3.692935199908));
#7367 = CARTESIAN_POINT('',(25.869695233825,-8.704484102259,
    3.69070445684));
#7368 = CARTESIAN_POINT('',(25.870580180619,-8.70676107281,3.68846867563
    ));
#7369 = CARTESIAN_POINT('',(25.871487883031,-8.709099450361,
    3.68622819017));
#7370 = CARTESIAN_POINT('',(25.872418536287,-8.711499966105,
    3.683983341592));
#7371 = CARTESIAN_POINT('',(25.873372330068,-8.713963346514,
    3.681734478001));
#7372 = CARTESIAN_POINT('',(25.874349448352,-8.716490313124,
    3.679481954204));
#7373 = CARTESIAN_POINT('',(25.875350069268,-8.719081582344,
    3.677226131442));
#7374 = CARTESIAN_POINT('',(25.876374364949,-8.721737865275,
    3.674967377128));
#7375 = CARTESIAN_POINT('',(25.877422501403,-8.724459867541,
    3.672706064584));
#7376 = CARTESIAN_POINT('',(25.878494638374,-8.727248289137,
    3.670442572778));
#7377 = CARTESIAN_POINT('',(25.879590929225,-8.730103824283,
    3.66817728607));
#7378 = CARTESIAN_POINT('',(25.880711520816,-8.733027161296,
    3.665910593958));
#7379 = CARTESIAN_POINT('',(25.881856553392,-8.736018982474,
    3.663642890824));
#7380 = CARTESIAN_POINT('',(25.883026160473,-8.739079963985,
    3.661374575685));
#7381 = CARTESIAN_POINT('',(25.884220468758,-8.742210775777,
    3.659106051953));
#7382 = CARTESIAN_POINT('',(25.885439598021,-8.745412081487,
    3.656837727186));
#7383 = CARTESIAN_POINT('',(25.886683661026,-8.748684538375,
    3.654570012853));
#7384 = CARTESIAN_POINT('',(25.887952763437,-8.752028797255,
    3.652303324097));
#7385 = CARTESIAN_POINT('',(25.889247003738,-8.755445502444,
    3.650038079502));
#7386 = CARTESIAN_POINT('',(25.890566473158,-8.758935291719,
    3.647774700862));
#7387 = CARTESIAN_POINT('',(25.891911255599,-8.762498796281,
    3.645513612956));
#7388 = CARTESIAN_POINT('',(25.893281427569,-8.766136640733,
    3.643255243321));
#7389 = CARTESIAN_POINT('',(25.894677058119,-8.769849443065,
    3.641000022035));
#7390 = CARTESIAN_POINT('',(25.896098208791,-8.773637814643,
    3.638748381499));
#7391 = CARTESIAN_POINT('',(25.897544933558,-8.777502360219,
    3.636500756218));
#7392 = CARTESIAN_POINT('',(25.899017278783,-8.781443677934,
    3.634257582594));
#7393 = CARTESIAN_POINT('',(25.900515283171,-8.785462359341,
    3.632019298712));
#7394 = CARTESIAN_POINT('',(25.902038977728,-8.789558989432,
    3.629786344142));
#7395 = CARTESIAN_POINT('',(25.90358838573,-8.793734146672,
    3.627559159724));
#7396 = CARTESIAN_POINT('',(25.905163522689,-8.79798840304,3.62533818738
    ));
#7397 = CARTESIAN_POINT('',(25.906764396323,-8.802322324082,
    3.623123869905));
#7398 = CARTESIAN_POINT('',(25.908391006538,-8.806736468967,
    3.620916650781));
#7399 = CARTESIAN_POINT('',(25.910043345401,-8.811231390551,
    3.618716973981));
#7400 = CARTESIAN_POINT('',(25.91172139713,-8.815807635445,
    3.616525283777));
#7401 = CARTESIAN_POINT('',(25.913425138075,-8.820465744101,
    3.614342024559));
#7402 = CARTESIAN_POINT('',(25.915154536714,-8.825206250889,
    3.612167640646));
#7403 = CARTESIAN_POINT('',(25.916909553642,-8.83002968419,
    3.610002576106));
#7404 = CARTESIAN_POINT('',(25.91869014157,-8.834936566493,3.60784727458
    ));
#7405 = CARTESIAN_POINT('',(25.920496245325,-8.839927414499,
    3.605702179099));
#7406 = CARTESIAN_POINT('',(25.922327801851,-8.845002739229,
    3.603567731919));
#7407 = CARTESIAN_POINT('',(25.924184740217,-8.850163046138,
    3.601444374342));
#7408 = CARTESIAN_POINT('',(25.926066981622,-8.855408835234,
    3.599332546551));
#7409 = CARTESIAN_POINT('',(25.927974439407,-8.860740601206,
    3.597232687445));
#7410 = CARTESIAN_POINT('',(25.929907019069,-8.866158833549,
    3.595145234472));
#7411 = CARTESIAN_POINT('',(25.931864618276,-8.871664016707,
    3.59307062347));
#7412 = CARTESIAN_POINT('',(25.933847126881,-8.877256630204,
    3.591009288506));
#7413 = CARTESIAN_POINT('',(25.935854426948,-8.882937148796,
    3.588961661723));
#7414 = CARTESIAN_POINT('',(25.937886392766,-8.888706042615,
    3.586928173183));
#7415 = CARTESIAN_POINT('',(25.939942890876,-8.894563777324,
    3.584909250712));
#7416 = CARTESIAN_POINT('',(25.942023780097,-8.900510814276,
    3.582905319759));
#7417 = CARTESIAN_POINT('',(25.944128911548,-8.906547610671,
    3.580916803238));
#7418 = CARTESIAN_POINT('',(25.946258128677,-8.912674619725,
    3.578944121391));
#7419 = CARTESIAN_POINT('',(25.948411267291,-8.918892290836,
    3.576987691637));
#7420 = CARTESIAN_POINT('',(25.950588155582,-8.925201069758,
    3.575047928437));
#7421 = CARTESIAN_POINT('',(25.952788614161,-8.931601398772,
    3.57312524315));
#7422 = CARTESIAN_POINT('',(25.955012456088,-8.938093716869,
    3.571220043897));
#7423 = CARTESIAN_POINT('',(25.957259486901,-8.944678459929,
    3.569332735427));
#7424 = CARTESIAN_POINT('',(25.959529504653,-8.951356060905,
    3.567463718976));
#7425 = CARTESIAN_POINT('',(25.961822299938,-8.958126950006,
    3.565613392141));
#7426 = CARTESIAN_POINT('',(25.96413765593,-8.964991554892,
    3.563782148748));
#7427 = CARTESIAN_POINT('',(25.966475348411,-8.971950300857,
    3.561970378719));
#7428 = CARTESIAN_POINT('',(25.968835145804,-8.97900361103,
    3.560178467946));
#7429 = CARTESIAN_POINT('',(25.971216809206,-8.986151906559,
    3.558406798161));
#7430 = CARTESIAN_POINT('',(25.973620092419,-8.993395606817,
    3.556655746817));
#7431 = CARTESIAN_POINT('',(25.976044741979,-9.000735129589,
    3.554925686953));
#7432 = CARTESIAN_POINT('',(25.978490497188,-9.008170891277,
    3.553216987079));
#7433 = CARTESIAN_POINT('',(25.980957090141,-9.015703307094,
    3.551530011048));
#7434 = CARTESIAN_POINT('',(25.983444245753,-9.023332791266,
    3.549865117931));
#7435 = CARTESIAN_POINT('',(25.98595168179,-9.031059757226,
    3.548222661902));
#7436 = CARTESIAN_POINT('',(25.988479108884,-9.038884617816,
    3.54660299211));
#7437 = CARTESIAN_POINT('',(25.991026230565,-9.046807785485,
    3.54500645256));
#7438 = CARTESIAN_POINT('',(25.993592743277,-9.054829672482,
    3.543433381991));
#7439 = CARTESIAN_POINT('',(25.996178336397,-9.062950691055,
    3.541884113753));
#7440 = CARTESIAN_POINT('',(25.998782692249,-9.07117125364,
    3.540358975688));
#7441 = CARTESIAN_POINT('',(26.001405486125,-9.079491773057,
    3.538858290004));
#7442 = CARTESIAN_POINT('',(26.004046386285,-9.087912662692,
    3.537382373155));
#7443 = CARTESIAN_POINT('',(26.006705053972,-9.096434336683,
    3.535931535715));
#7444 = CARTESIAN_POINT('',(26.009381143415,-9.105057210103,
    3.534506082253));
#7445 = CARTESIAN_POINT('',(26.012074301827,-9.113781699127,
    3.533106311207));
#7446 = CARTESIAN_POINT('',(26.014784169403,-9.122608221209,
    3.531732514757));
#7447 = CARTESIAN_POINT('',(26.017510379314,-9.131537195238,
    3.530384978692));
#7448 = CARTESIAN_POINT('',(26.020252557694,-9.140569041694,
    3.529063982283));
#7449 = CARTESIAN_POINT('',(26.023010323623,-9.149704182798,
    3.527769798141));
#7450 = CARTESIAN_POINT('',(26.025783289108,-9.158943042642,
    3.52650269209));
#7451 = CARTESIAN_POINT('',(26.028571059052,-9.168286047315,
    3.525262923017));
#7452 = CARTESIAN_POINT('',(26.031373231227,-9.177733625022,
    3.524050742737));
#7453 = CARTESIAN_POINT('',(26.034189396233,-9.187286206177,
    3.522866395838));
#7454 = CARTESIAN_POINT('',(26.037019137453,-9.196944223486,
    3.521710119538));
#7455 = CARTESIAN_POINT('',(26.039862031005,-9.206708112021,
    3.520582143523));
#7456 = CARTESIAN_POINT('',(26.042717645679,-9.216578309262,
    3.519482689789));
#7457 = CARTESIAN_POINT('',(26.045585542877,-9.226555255125,
    3.518411972478));
#7458 = CARTESIAN_POINT('',(26.048465276537,-9.236639391969,
    3.517370197702));
#7459 = CARTESIAN_POINT('',(26.051356393053,-9.246831164572,
    3.516357563369));
#7460 = CARTESIAN_POINT('',(26.054258431183,-9.257131020086,
    3.515374258997));
#7461 = CARTESIAN_POINT('',(26.057170921954,-9.267539407954,
    3.514420465523));
#7462 = CARTESIAN_POINT('',(26.060093388553,-9.278056779796,3.5134963551
    ));
#7463 = CARTESIAN_POINT('',(26.063025346207,-9.288683589266,
    3.512602090892));
#7464 = CARTESIAN_POINT('',(26.065966302059,-9.299420291857,
    3.511737826855));
#7465 = CARTESIAN_POINT('',(26.068915755028,-9.310267344667,
    3.510903707509));
#7466 = CARTESIAN_POINT('',(26.071873195661,-9.321225206124,3.5100998677
    ));
#7467 = CARTESIAN_POINT('',(26.074838105972,-9.332294335649,
    3.509326432353));
#7468 = CARTESIAN_POINT('',(26.077809959272,-9.34347519327,
    3.508583516207));
#7469 = CARTESIAN_POINT('',(26.080788219985,-9.354768239173,
    3.507871223542));
#7470 = CARTESIAN_POINT('',(26.083772343453,-9.366173933192,
    3.507189647895));
#7471 = CARTESIAN_POINT('',(26.086761775729,-9.377692734221,
    3.50653887175));
#7472 = CARTESIAN_POINT('',(26.089755953355,-9.389325099558,
    3.505918966227));
#7473 = CARTESIAN_POINT('',(26.092754303134,-9.401071484165,
    3.505329990744));
#7474 = CARTESIAN_POINT('',(26.095756241883,-9.412932339844,
    3.50477199267));
#7475 = CARTESIAN_POINT('',(26.098761176178,-9.424908114318,
    3.504245006948));
#7476 = CARTESIAN_POINT('',(26.101768502085,-9.436999250219,
    3.503749055716));
#7477 = CARTESIAN_POINT('',(26.104777604881,-9.44920618397,
    3.503284147891));
#7478 = CARTESIAN_POINT('',(26.107787858763,-9.461529344561,
    3.502850278745));
#7479 = CARTESIAN_POINT('',(26.110798626551,-9.473969152214,
    3.502447429451));
#7480 = CARTESIAN_POINT('',(26.113809259376,-9.486526016922,
    3.502075566613));
#7481 = CARTESIAN_POINT('',(26.11681909637,-9.499200336877,
    3.501734641768));
#7482 = CARTESIAN_POINT('',(26.119827464336,-9.511992496767,
    3.501424590866));
#7483 = CARTESIAN_POINT('',(26.122833677434,-9.524902865947,
    3.501145333727));
#7484 = CARTESIAN_POINT('',(26.125837036846,-9.537931796483,
    3.500896773476));
#7485 = CARTESIAN_POINT('',(26.128836830461,-9.551079621064,
    3.500678795943));
#7486 = CARTESIAN_POINT('',(26.131832332551,-9.564346650796,
    3.500491269053));
#7487 = CARTESIAN_POINT('',(26.134822803462,-9.577733172872,
    3.500334042181));
#7488 = CARTESIAN_POINT('',(26.13680428842,-9.586699771861,
    3.500249664733));
#7489 = CARTESIAN_POINT('',(26.137793996758,-9.591203022185,
    3.500212402245));
#7490 = CYLINDRICAL_SURFACE('',#7491,0.3);
#7491 = AXIS2_PLACEMENT_3D('',#7492,#7493,#7494);
#7492 = CARTESIAN_POINT('',(26.149080990711,21.120875906767,
    3.799999999999));
#7493 = DIRECTION('',(0.,-1.,2.22044604925E-16));
#7494 = DIRECTION('',(0.,-2.22044604925E-16,-1.));
#7495 = ADVANCED_FACE('',(#7496),#7511,.F.);
#7496 = FACE_BOUND('',#7497,.F.);
#7497 = EDGE_LOOP('',(#7498,#7499,#7500,#7506,#7507,#7508,#7509,#7510));
#7498 = ORIENTED_EDGE('',*,*,#819,.T.);
#7499 = ORIENTED_EDGE('',*,*,#6029,.T.);
#7500 = ORIENTED_EDGE('',*,*,#7501,.F.);
#7501 = EDGE_CURVE('',#6855,#6022,#7502,.T.);
#7502 = LINE('',#7503,#7504);
#7503 = CARTESIAN_POINT('',(24.349080990728,-6.471917564944,11.55));
#7504 = VECTOR('',#7505,1.);
#7505 = DIRECTION('',(-2.136670768631E-12,1.516213677908E-12,-1.));
#7506 = ORIENTED_EDGE('',*,*,#6862,.F.);
#7507 = ORIENTED_EDGE('',*,*,#7056,.T.);
#7508 = ORIENTED_EDGE('',*,*,#7065,.F.);
#7509 = ORIENTED_EDGE('',*,*,#7290,.F.);
#7510 = ORIENTED_EDGE('',*,*,#7309,.T.);
#7511 = CYLINDRICAL_SURFACE('',#7512,6.);
#7512 = AXIS2_PLACEMENT_3D('',#7513,#7514,#7515);
#7513 = CARTESIAN_POINT('',(20.277652418711,-10.87912409323,12.3));
#7514 = DIRECTION('',(0.,2.22044604925E-16,1.));
#7515 = DIRECTION('',(0.,1.,-2.22044604925E-16));
#7516 = ADVANCED_FACE('',(#7517),#7523,.T.);
#7517 = FACE_BOUND('',#7518,.T.);
#7518 = EDGE_LOOP('',(#7519,#7520,#7521,#7522));
#7519 = ORIENTED_EDGE('',*,*,#6854,.F.);
#7520 = ORIENTED_EDGE('',*,*,#6383,.F.);
#7521 = ORIENTED_EDGE('',*,*,#6021,.T.);
#7522 = ORIENTED_EDGE('',*,*,#7501,.F.);
#7523 = PLANE('',#7524);
#7524 = AXIS2_PLACEMENT_3D('',#7525,#7526,#7527);
#7525 = CARTESIAN_POINT('',(24.349080990728,18.713669378478,
    11.549999999999));
#7526 = DIRECTION('',(-1.,0.,0.));
#7527 = DIRECTION('',(0.,2.22044604925E-16,1.));
#7528 = ADVANCED_FACE('',(#7529),#7868,.F.);
#7529 = FACE_BOUND('',#7530,.F.);
#7530 = EDGE_LOOP('',(#7531,#7532,#7533,#7696,#7704,#7867));
#7531 = ORIENTED_EDGE('',*,*,#837,.F.);
#7532 = ORIENTED_EDGE('',*,*,#847,.F.);
#7533 = ORIENTED_EDGE('',*,*,#7534,.F.);
#7534 = EDGE_CURVE('',#7535,#848,#7537,.T.);
#7535 = VERTEX_POINT('',#7536);
#7536 = CARTESIAN_POINT('',(20.563366704711,17.127682488666,
    3.799999999999));
#7537 = B_SPLINE_CURVE_WITH_KNOTS('',3,(#7538,#7539,#7540,#7541,#7542,
    #7543,#7544,#7545,#7546,#7547,#7548,#7549,#7550,#7551,#7552,#7553,
    #7554,#7555,#7556,#7557,#7558,#7559,#7560,#7561,#7562,#7563,#7564,
    #7565,#7566,#7567,#7568,#7569,#7570,#7571,#7572,#7573,#7574,#7575,
    #7576,#7577,#7578,#7579,#7580,#7581,#7582,#7583,#7584,#7585,#7586,
    #7587,#7588,#7589,#7590,#7591,#7592,#7593,#7594,#7595,#7596,#7597,
    #7598,#7599,#7600,#7601,#7602,#7603,#7604,#7605,#7606,#7607,#7608,
    #7609,#7610,#7611,#7612,#7613,#7614,#7615,#7616,#7617,#7618,#7619,
    #7620,#7621,#7622,#7623,#7624,#7625,#7626,#7627,#7628,#7629,#7630,
    #7631,#7632,#7633,#7634,#7635,#7636,#7637,#7638,#7639,#7640,#7641,
    #7642,#7643,#7644,#7645,#7646,#7647,#7648,#7649,#7650,#7651,#7652,
    #7653,#7654,#7655,#7656,#7657,#7658,#7659,#7660,#7661,#7662,#7663,
    #7664,#7665,#7666,#7667,#7668,#7669,#7670,#7671,#7672,#7673,#7674,
    #7675,#7676,#7677,#7678,#7679,#7680,#7681,#7682,#7683,#7684,#7685,
    #7686,#7687,#7688,#7689,#7690,#7691,#7692,#7693,#7694,#7695),
  .UNSPECIFIED.,.F.,.F.,(4,1,1,1,1,1,1,1,1,1,1,1,1,1,1,1,1,1,1,1,1,1,1,1
    ,1,1,1,1,1,1,1,1,1,1,1,1,1,1,1,1,1,1,1,1,1,1,1,1,1,1,1,1,1,1,1,1,1,1
    ,1,1,1,1,1,1,1,1,1,1,1,1,1,1,1,1,1,1,1,1,1,1,1,1,1,1,1,1,1,1,1,1,1,1
    ,1,1,1,1,1,1,1,1,1,1,1,1,1,1,1,1,1,1,1,1,1,1,1,1,1,1,1,1,1,1,1,1,1,1
    ,1,1,1,1,1,1,1,1,1,1,1,1,1,1,1,1,1,1,1,1,1,1,1,1,1,1,1,1,1,4),(
    0.500000001111,0.501506906836,0.503070672235,0.504634575447,
    0.506198617467,0.507762799228,0.509327121603,0.510891585402,
    0.512456191374,0.5140209402,0.515585832494,0.517150868803,
    0.518716049602,0.520281375297,0.521846846218,0.523412462624,
    0.524978224696,0.52654413254,0.528110186183,0.529676385573,
    0.531242730578,0.532809220986,0.534375856502,0.535942636747,
    0.537509561262,0.539076629499,0.540643840829,0.542211194535,
    0.543778689814,0.545346325779,0.546914101454,0.548482015776,
    0.550050067596,0.551618255677,0.553186578695,0.554755035238,
    0.556323623808,0.557892342822,0.559461190606,0.561030165405,
    0.562599265375,0.56416848859,0.565737833038,0.567307296624,
    0.568876877172,0.570446572423,0.572016380038,0.5735862976,
    0.575156322612,0.576726452502,0.578296684623,0.579867016251,
    0.581437444595,0.583007966789,0.5845785799,0.586149280927,
    0.587720066806,0.589290934406,0.59086188054,0.592432901956,
    0.59400399535,0.59557515736,0.597146384573,0.598717673526,
    0.600289020708,0.601860422562,0.60343187549,0.605003375851,
    0.606574919971,0.608146504136,0.609718124602,0.611289777598,
    0.612861459322,0.614433165951,0.61600489364,0.617576638525,
    0.619148396728,0.620720164358,0.622291937514,0.62386371229,
    0.625435484774,0.627007251056,0.628579007224,0.630150749376,
    0.631722473615,0.633294176056,0.634865852827,0.636437500074,
    0.638009113961,0.639580690677,0.641152226433,0.642723717472,
    0.644295160063,0.645866550513,0.647437885163,0.649009160394,
    0.650580372627,0.652151518329,0.653722594011,0.655293596236,
    0.656864521615,0.658435366817,0.660006128562,0.661576803633,
    0.663147388869,0.664717881175,0.666288277518,0.667858574933,
    0.669428770521,0.670998861456,0.67256884498,0.674138718412,
    0.675708479143,0.677278124642,0.678847652455,0.680417060207,
    0.681986345603,0.683555506429,0.685124540554,0.68669344593,
    0.688262220593,0.689830862664,0.691399370351,0.692967741944,
    0.694535975825,0.69610407046,0.697672024401,0.699239836292,
    0.700807504862,0.702375028927,0.703942407394,0.705509639254,
    0.707076723589,0.708643659567,0.710210446442,0.711777083557,
    0.713343570338,0.714909906298,0.716476091036,0.718042124232,
    0.719608005653,0.721173735146,0.722739312639,0.724304738142,
    0.725870011744,0.727435133611,0.729000103988,0.730564923194,
    0.732129591624,0.733694109744,0.735258478094,0.736822697283,
    0.738386767988,0.739950690955,0.741514466994,0.742413185188),
  .UNSPECIFIED.);
#7538 = CARTESIAN_POINT('',(20.563366704711,17.127682488666,
    3.799999999999));
#7539 = CARTESIAN_POINT('',(20.563366704709,17.127682488665,
    3.799053033751));
#7540 = CARTESIAN_POINT('',(20.563357568011,17.127682053081,
    3.797123369628));
#7541 = CARTESIAN_POINT('',(20.563315678768,17.127680056231,
    3.794211187727));
#7542 = CARTESIAN_POINT('',(20.563244303621,17.127676654474,
    3.791263664004));
#7543 = CARTESIAN_POINT('',(20.563143954483,17.12767187325,
    3.788316724525));
#7544 = CARTESIAN_POINT('',(20.563014633337,17.127665714114,
    3.785370653117));
#7545 = CARTESIAN_POINT('',(20.562856344936,17.127658179169,
    3.782425733759));
#7546 = CARTESIAN_POINT('',(20.562669096802,17.127649271076,
    3.779482250561));
#7547 = CARTESIAN_POINT('',(20.562452899239,17.127638993043,
    3.776540487739));
#7548 = CARTESIAN_POINT('',(20.562207765334,17.127627348833,
    3.773600729585));
#7549 = CARTESIAN_POINT('',(20.56193371097,17.127614342758,
    3.770663260445));
#7550 = CARTESIAN_POINT('',(20.561630754826,17.127599979678,
    3.767728364695));
#7551 = CARTESIAN_POINT('',(20.561298918386,17.127584265004,
    3.764796326711));
#7552 = CARTESIAN_POINT('',(20.560938225947,17.127567204691,
    3.761867430845));
#7553 = CARTESIAN_POINT('',(20.560548704621,17.127548805242,
    3.758941961397));
#7554 = CARTESIAN_POINT('',(20.56013038434,17.1275290737,3.756020202592)
  );
#7555 = CARTESIAN_POINT('',(20.559683297865,17.12750801765,
    3.753102438547));
#7556 = CARTESIAN_POINT('',(20.559207480791,17.127485645218,
    3.750188953248));
#7557 = CARTESIAN_POINT('',(20.558702971547,17.127461965061,
    3.747280030521));
#7558 = CARTESIAN_POINT('',(20.558169811406,17.127436986374,
    3.744375954005));
#7559 = CARTESIAN_POINT('',(20.557608044485,17.127410718881,
    3.741477007122));
#7560 = CARTESIAN_POINT('',(20.557017717752,17.12738317283,
    3.738583473049));
#7561 = CARTESIAN_POINT('',(20.556398881031,17.127354358997,
    3.73569563469));
#7562 = CARTESIAN_POINT('',(20.555751586999,17.127324288675,
    3.732813774646));
#7563 = CARTESIAN_POINT('',(20.555075891198,17.127292973675,
    3.729938175188));
#7564 = CARTESIAN_POINT('',(20.55437185203,17.127260426318,
    3.727069118224));
#7565 = CARTESIAN_POINT('',(20.553639530765,17.127226659434,
    3.72420688527));
#7566 = CARTESIAN_POINT('',(20.552878991539,17.127191686356,
    3.721351757422));
#7567 = CARTESIAN_POINT('',(20.55209030136,17.127155520916,
    3.718504015323));
#7568 = CARTESIAN_POINT('',(20.551273530107,17.127118177437,
    3.715663939133));
#7569 = CARTESIAN_POINT('',(20.55042875053,17.127079670734,
    3.712831808499));
#7570 = CARTESIAN_POINT('',(20.549556038254,17.127040016102,
    3.710007902523));
#7571 = CARTESIAN_POINT('',(20.548655471776,17.126999229315,
    3.707192499729));
#7572 = CARTESIAN_POINT('',(20.547727132468,17.126957326618,
    3.704385878034));
#7573 = CARTESIAN_POINT('',(20.546771104571,17.126914324721,
    3.701588314714));
#7574 = CARTESIAN_POINT('',(20.545787475202,17.126870240795,
    3.698800086374));
#7575 = CARTESIAN_POINT('',(20.544776334347,17.126825092462,
    3.696021468913));
#7576 = CARTESIAN_POINT('',(20.543737774858,17.126778897793,
    3.69325273749));
#7577 = CARTESIAN_POINT('',(20.542671892455,17.126731675294,
    3.690494166497));
#7578 = CARTESIAN_POINT('',(20.541578785722,17.126683443908,
    3.687746029521));
#7579 = CARTESIAN_POINT('',(20.5404585561,17.126634223001,3.685008599311
    ));
#7580 = CARTESIAN_POINT('',(20.539311307887,17.126584032357,
    3.682282147748));
#7581 = CARTESIAN_POINT('',(20.538137148233,17.12653289217,
    3.679566945806));
#7582 = CARTESIAN_POINT('',(20.536936187133,17.126480823038,
    3.676863263524));
#7583 = CARTESIAN_POINT('',(20.535708537425,17.12642784595,
    3.674171369967));
#7584 = CARTESIAN_POINT('',(20.534454314779,17.126373982286,
    3.671491533196));
#7585 = CARTESIAN_POINT('',(20.533173637696,17.126319253798,
    3.668824020231));
#7586 = CARTESIAN_POINT('',(20.531866627496,17.126263682613,
    3.666169097018));
#7587 = CARTESIAN_POINT('',(20.530533408314,17.126207291214,
    3.663527028394));
#7588 = CARTESIAN_POINT('',(20.529174107089,17.126150102439,
    3.660898078053));
#7589 = CARTESIAN_POINT('',(20.527788853558,17.126092139466,
    3.658282508513));
#7590 = CARTESIAN_POINT('',(20.526377780242,17.126033425807,
    3.655680581077));
#7591 = CARTESIAN_POINT('',(20.524941022442,17.125973985299,
    3.653092555804));
#7592 = CARTESIAN_POINT('',(20.523478718222,17.125913842092,
    3.65051869147));
#7593 = CARTESIAN_POINT('',(20.521991008403,17.125853020642,
    3.647959245535));
#7594 = CARTESIAN_POINT('',(20.520478036547,17.125791545698,
    3.645414474108));
#7595 = CARTESIAN_POINT('',(20.518939948948,17.125729442296,
    3.642884631915));
#7596 = CARTESIAN_POINT('',(20.517376894616,17.125666735743,
    3.64036997226));
#7597 = CARTESIAN_POINT('',(20.515789025265,17.125603451615,
    3.637870746993));
#7598 = CARTESIAN_POINT('',(20.514176495297,17.125539615738,
    3.635387206477));
#7599 = CARTESIAN_POINT('',(20.512539461791,17.125475254183,
    3.632919599551));
#7600 = CARTESIAN_POINT('',(20.510878084481,17.125410393253,
    3.630468173497));
#7601 = CARTESIAN_POINT('',(20.509192525745,17.125345059474,
    3.628033174006));
#7602 = CARTESIAN_POINT('',(20.507482950586,17.125279279581,
    3.625614845145));
#7603 = CARTESIAN_POINT('',(20.505749526614,17.125213080511,
    3.623213429321));
#7604 = CARTESIAN_POINT('',(20.50399242403,17.125146489387,3.62082916725
    ));
#7605 = CARTESIAN_POINT('',(20.502211815605,17.125079533513,
    3.618462297922));
#7606 = CARTESIAN_POINT('',(20.500407876662,17.125012240357,
    3.616113058568));
#7607 = CARTESIAN_POINT('',(20.498580785056,17.124944637542,
    3.613781684629));
#7608 = CARTESIAN_POINT('',(20.496730721152,17.124876752834,
    3.611468409722));
#7609 = CARTESIAN_POINT('',(20.494857867805,17.124808614133,
    3.609173465607));
#7610 = CARTESIAN_POINT('',(20.49296241034,17.124740249457,
    3.606897082155));
#7611 = CARTESIAN_POINT('',(20.491044536527,17.124671686932,
    3.604639487319));
#7612 = CARTESIAN_POINT('',(20.489104436556,17.124602954783,3.6024009071
    ));
#7613 = CARTESIAN_POINT('',(20.487142303022,17.124534081319,
    3.600181565516));
#7614 = CARTESIAN_POINT('',(20.48515833089,17.124465094922,
    3.597981684573));
#7615 = CARTESIAN_POINT('',(20.48315271748,17.124396024034,
    3.595801484233));
#7616 = CARTESIAN_POINT('',(20.481125662435,17.12432689715,
    3.593641182386));
#7617 = CARTESIAN_POINT('',(20.479077367699,17.124257742798,
    3.591500994817));
#7618 = CARTESIAN_POINT('',(20.47700803749,17.124188589534,
    3.589381135183));
#7619 = CARTESIAN_POINT('',(20.474917878273,17.124119465929,
    3.587281814977));
#7620 = CARTESIAN_POINT('',(20.472807098732,17.124050400551,
    3.585203243507));
#7621 = CARTESIAN_POINT('',(20.470675909746,17.123981421961,
    3.583145627862));
#7622 = CARTESIAN_POINT('',(20.468524524354,17.123912558699,
    3.58110917289));
#7623 = CARTESIAN_POINT('',(20.466353157735,17.123843839265,
    3.579094081167));
#7624 = CARTESIAN_POINT('',(20.464162027172,17.12377529212,
    3.577100552973));
#7625 = CARTESIAN_POINT('',(20.461951352026,17.12370694566,
    3.575128786268));
#7626 = CARTESIAN_POINT('',(20.459721353703,17.123638828216,
    3.573178976664));
#7627 = CARTESIAN_POINT('',(20.45747225563,17.123570968035,
    3.571251317399));
#7628 = CARTESIAN_POINT('',(20.455204283217,17.123503393269,
    3.569345999319));
#7629 = CARTESIAN_POINT('',(20.452917663831,17.123436131968,
    3.567463210848));
#7630 = CARTESIAN_POINT('',(20.450612626762,17.123369212063,
    3.565603137969));
#7631 = CARTESIAN_POINT('',(20.448289403193,17.123302661354,
    3.563765964199));
#7632 = CARTESIAN_POINT('',(20.445948226166,17.123236507505,
    3.561951870571));
#7633 = CARTESIAN_POINT('',(20.443589330554,17.123170778026,
    3.560161035608));
#7634 = CARTESIAN_POINT('',(20.441212953022,17.123105500262,
    3.558393635306));
#7635 = CARTESIAN_POINT('',(20.438819331999,17.123040701387,
    3.556649843114));
#7636 = CARTESIAN_POINT('',(20.436408707643,17.122976408387,
    3.55492982991));
#7637 = CARTESIAN_POINT('',(20.433981321811,17.122912648051,
    3.553233763989));
#7638 = CARTESIAN_POINT('',(20.431537418017,17.122849446961,
    3.551561811041));
#7639 = CARTESIAN_POINT('',(20.42907724141,17.12278683148,3.549914134132
    ));
#7640 = CARTESIAN_POINT('',(20.426601038731,17.122724827741,
    3.548290893692));
#7641 = CARTESIAN_POINT('',(20.424109058281,17.122663461635,
    3.546692247493));
#7642 = CARTESIAN_POINT('',(20.421601549891,17.122602758805,
    3.545118350639));
#7643 = CARTESIAN_POINT('',(20.419078764883,17.12254274463,
    3.543569355546));
#7644 = CARTESIAN_POINT('',(20.416540956036,17.122483444219,
    3.54204541193));
#7645 = CARTESIAN_POINT('',(20.413988377556,17.122424882397,
    3.540546666794));
#7646 = CARTESIAN_POINT('',(20.411421285034,17.122367083698,
    3.539073264413));
#7647 = CARTESIAN_POINT('',(20.408839935419,17.122310072355,
    3.537625346323));
#7648 = CARTESIAN_POINT('',(20.406244586979,17.122253872288,
    3.536203051307));
#7649 = CARTESIAN_POINT('',(20.403635499266,17.122198507095,
    3.534806515386));
#7650 = CARTESIAN_POINT('',(20.401012933086,17.122144000045,
    3.533435871807));
#7651 = CARTESIAN_POINT('',(20.398377150456,17.122090374067,
    3.532091251033));
#7652 = CARTESIAN_POINT('',(20.39572841458,17.122037651738,
    3.530772780736));
#7653 = CARTESIAN_POINT('',(20.393066989805,17.121985855281,
    3.529480585782));
#7654 = CARTESIAN_POINT('',(20.390393141593,17.121935006548,
    3.528214788229));
#7655 = CARTESIAN_POINT('',(20.387707136481,17.121885127018,
    3.526975507317));
#7656 = CARTESIAN_POINT('',(20.385009242053,17.121836237786,
    3.525762859459));
#7657 = CARTESIAN_POINT('',(20.3822997269,17.121788359554,3.524576958237
    ));
#7658 = CARTESIAN_POINT('',(20.37957886059,17.121741512623,
    3.523417914396));
#7659 = CARTESIAN_POINT('',(20.376846913632,17.121695716888,
    3.522285835836));
#7660 = CARTESIAN_POINT('',(20.374104157442,17.121650991827,
    3.521180827609));
#7661 = CARTESIAN_POINT('',(20.371350864311,17.121607356494,
    3.520102991915));
#7662 = CARTESIAN_POINT('',(20.36858730737,17.121564829514,
    3.519052428096));
#7663 = CARTESIAN_POINT('',(20.365813760557,17.121523429073,
    3.518029232636));
#7664 = CARTESIAN_POINT('',(20.363030498583,17.121483172912,
    3.517033499154));
#7665 = CARTESIAN_POINT('',(20.360237796903,17.121444078323,
    3.516065318404));
#7666 = CARTESIAN_POINT('',(20.357435931678,17.121406162137,
    3.515124778275));
#7667 = CARTESIAN_POINT('',(20.354625179745,17.121369440724,
    3.514211963783));
#7668 = CARTESIAN_POINT('',(20.351805818586,17.121333929982,
    3.51332695708));
#7669 = CARTESIAN_POINT('',(20.348978126294,17.121299645332,
    3.512469837442));
#7670 = CARTESIAN_POINT('',(20.34614238154,17.121266601715,3.51164068128
    ));
#7671 = CARTESIAN_POINT('',(20.343298863545,17.121234813585,
    3.510839562131));
#7672 = CARTESIAN_POINT('',(20.340447852048,17.121204294902,
    3.510066550665));
#7673 = CARTESIAN_POINT('',(20.337589627272,17.121175059129,
    3.509321714682));
#7674 = CARTESIAN_POINT('',(20.334724469896,17.121147119227,
    3.508605119119));
#7675 = CARTESIAN_POINT('',(20.331852661022,17.121120487649,
    3.507916826044));
#7676 = CARTESIAN_POINT('',(20.32897448215,17.121095176337,
    3.507256894664));
#7677 = CARTESIAN_POINT('',(20.326090215141,17.121071196718,
    3.506625381328));
#7678 = CARTESIAN_POINT('',(20.323200142192,17.121048559698,
    3.506022339525));
#7679 = CARTESIAN_POINT('',(20.320304545806,17.121027275662,
    3.505447819892));
#7680 = CARTESIAN_POINT('',(20.317403708762,17.121007354465,
    3.504901870215));
#7681 = CARTESIAN_POINT('',(20.314497914087,17.120988805434,
    3.504384535434));
#7682 = CARTESIAN_POINT('',(20.311587445025,17.120971637361,
    3.503895857647));
#7683 = CARTESIAN_POINT('',(20.308672585014,17.120955858502,
    3.503435876114));
#7684 = CARTESIAN_POINT('',(20.305753617652,17.120941476574,
    3.50300462726));
#7685 = CARTESIAN_POINT('',(20.302830826673,17.120928498753,
    3.502602144684));
#7686 = CARTESIAN_POINT('',(20.29990449592,17.120916931671,
    3.502228459161));
#7687 = CARTESIAN_POINT('',(20.296974909316,17.120906781413,
    3.501883598649));
#7688 = CARTESIAN_POINT('',(20.294042350836,17.120898053516,
    3.501567588291));
#7689 = CARTESIAN_POINT('',(20.291107104485,17.12089075297,
    3.501280450428));
#7690 = CARTESIAN_POINT('',(20.288169454267,17.120884884212,
    3.501022204596));
#7691 = CARTESIAN_POINT('',(20.285229684164,17.120880451128,
    3.50079286754));
#7692 = CARTESIAN_POINT('',(20.282288078105,17.120877457048,
    3.500592453216));
#7693 = CARTESIAN_POINT('',(20.279762059855,17.120876124763,
    3.500445277074));
#7694 = CARTESIAN_POINT('',(20.27821654845,17.120875906769,
    3.500367222918));
#7695 = CARTESIAN_POINT('',(20.277652418711,17.120875906769,
    3.500340329087));
#7696 = ORIENTED_EDGE('',*,*,#7697,.T.);
#7697 = EDGE_CURVE('',#7535,#7698,#7700,.T.);
#7698 = VERTEX_POINT('',#7699);
#7699 = CARTESIAN_POINT('',(20.563366704711,-4.885930675132,
    3.799999999999));
#7700 = LINE('',#7701,#7702);
#7701 = CARTESIAN_POINT('',(20.563366704711,17.127682488666,
    3.799999999999));
#7702 = VECTOR('',#7703,1.);
#7703 = DIRECTION('',(0.,-1.,3.834317271737E-16));
#7704 = ORIENTED_EDGE('',*,*,#7705,.F.);
#7705 = EDGE_CURVE('',#891,#7698,#7706,.T.);
#7706 = B_SPLINE_CURVE_WITH_KNOTS('',3,(#7707,#7708,#7709,#7710,#7711,
    #7712,#7713,#7714,#7715,#7716,#7717,#7718,#7719,#7720,#7721,#7722,
    #7723,#7724,#7725,#7726,#7727,#7728,#7729,#7730,#7731,#7732,#7733,
    #7734,#7735,#7736,#7737,#7738,#7739,#7740,#7741,#7742,#7743,#7744,
    #7745,#7746,#7747,#7748,#7749,#7750,#7751,#7752,#7753,#7754,#7755,
    #7756,#7757,#7758,#7759,#7760,#7761,#7762,#7763,#7764,#7765,#7766,
    #7767,#7768,#7769,#7770,#7771,#7772,#7773,#7774,#7775,#7776,#7777,
    #7778,#7779,#7780,#7781,#7782,#7783,#7784,#7785,#7786,#7787,#7788,
    #7789,#7790,#7791,#7792,#7793,#7794,#7795,#7796,#7797,#7798,#7799,
    #7800,#7801,#7802,#7803,#7804,#7805,#7806,#7807,#7808,#7809,#7810,
    #7811,#7812,#7813,#7814,#7815,#7816,#7817,#7818,#7819,#7820,#7821,
    #7822,#7823,#7824,#7825,#7826,#7827,#7828,#7829,#7830,#7831,#7832,
    #7833,#7834,#7835,#7836,#7837,#7838,#7839,#7840,#7841,#7842,#7843,
    #7844,#7845,#7846,#7847,#7848,#7849,#7850,#7851,#7852,#7853,#7854,
    #7855,#7856,#7857,#7858,#7859,#7860,#7861,#7862,#7863,#7864,#7865,
    #7866),.UNSPECIFIED.,.F.,.F.,(4,1,1,1,1,1,1,1,1,1,1,1,1,1,1,1,1,1,1,
    1,1,1,1,1,1,1,1,1,1,1,1,1,1,1,1,1,1,1,1,1,1,1,1,1,1,1,1,1,1,1,1,1,1,
    1,1,1,1,1,1,1,1,1,1,1,1,1,1,1,1,1,1,1,1,1,1,1,1,1,1,1,1,1,1,1,1,1,1,
    1,1,1,1,1,1,1,1,1,1,1,1,1,1,1,1,1,1,1,1,1,1,1,1,1,1,1,1,1,1,1,1,1,1,
    1,1,1,1,1,1,1,1,1,1,1,1,1,1,1,1,1,1,1,1,1,1,1,1,1,1,1,1,1,1,1,1,1,1,
    1,1,4),(0.257578219691,0.258148834805,0.259712331246,0.261275689479,
    0.262838910938,0.264401997098,0.265964949479,0.267527769642,
    0.269090459183,0.27065301974,0.272215452981,0.273777760609,
    0.275339944359,0.276902005993,0.278463947302,0.280025770103,
    0.281587476234,0.28314906756,0.28471054596,0.286271913338,
    0.287833171611,0.289394322711,0.290955368587,0.292516311197,
    0.294077152511,0.295637894509,0.297198539176,0.298759088506,
    0.300319544497,0.30187990915,0.30344018447,0.305000372461,
    0.306560475128,0.308120494477,0.309680432508,0.31124029122,
    0.312800072609,0.314359778663,0.315919411367,0.317478972697,
    0.319038464624,0.320597889108,0.322157248103,0.323716543553,
    0.325275777391,0.326834951541,0.328394067916,0.329953128418,
    0.331512134937,0.333071089353,0.334629993533,0.336188849332,
    0.337747658594,0.33930642315,0.340865144819,0.342423825409,
    0.343982466716,0.345541070522,0.347099638601,0.348658172713,
    0.350216674608,0.351775146025,0.353333588693,0.35489200433,
    0.356450394646,0.358008761341,0.359567106105,0.361125430622,
    0.362683736568,0.364242025611,0.365800299413,0.36735855963,
    0.368916807913,0.370475045909,0.372033275259,0.373591497603,
    0.375149714577,0.376707927815,0.37826613895,0.379824349616,
    0.381382561443,0.382940776067,0.384498995121,0.386057220242,
    0.387615453071,0.389173695249,0.390731948425,0.392290214249,
    0.39384849438,0.395406790479,0.396965104217,0.398523437269,
    0.400081791319,0.401640168058,0.403198569188,0.404756996415,
    0.406315451459,0.407873936047,0.409432451916,0.410991000813,
    0.412549584497,0.414108204735,0.415666863307,0.417225562002,
    0.41878430262,0.420343086974,0.421901916884,0.423460794184,
    0.425019720717,0.426578698337,0.428137728907,0.429696814301,
    0.431255956402,0.432815157102,0.434374418301,0.435933741909,
    0.437493129841,0.439052584021,0.440612106377,0.442171698844,
    0.443731363363,0.445291101875,0.446850916327,0.448410808668,
    0.449970780847,0.451530834812,0.453090972511,0.454651195891,
    0.456211506894,0.457771907457,0.459332399512,0.460892984982,
    0.462453665783,0.464014443821,0.465575320989,0.467136299168,
    0.468697380222,0.470258566003,0.471819858341,0.473381259049,
    0.474942769919,0.476504392717,0.478066129189,0.479627981051,
    0.481189949992,0.482752037673,0.484314245721,0.48587657573,
    0.487439029259,0.489001607831,0.490564312928,0.492127145991,
    0.493690108422,0.495253201574,0.496816426756,0.498379785229,
    0.499943278203,0.500000001111),.UNSPECIFIED.);
#7707 = CARTESIAN_POINT('',(20.277636249252,-4.879124093256,
    3.500339558675));
#7708 = CARTESIAN_POINT('',(20.277994428029,-4.879124092291,
    3.500356614805));
#7709 = CARTESIAN_POINT('',(20.279333909206,-4.879124208632,
    3.500422806846));
#7710 = CARTESIAN_POINT('',(20.281653839569,-4.879125187083,
    3.500553048809));
#7711 = CARTESIAN_POINT('',(20.284594802058,-4.879127869548,
    3.500747158326));
#7712 = CARTESIAN_POINT('',(20.287533456976,-4.879131989804,
    3.500970130348));
#7713 = CARTESIAN_POINT('',(20.2904695234,-4.879137543863,3.501221935921
    ));
#7714 = CARTESIAN_POINT('',(20.293402720856,-4.879144527193,
    3.501502543411));
#7715 = CARTESIAN_POINT('',(20.296332769349,-4.879152934719,
    3.501811918508));
#7716 = CARTESIAN_POINT('',(20.29925938938,-4.879162760827,
    3.502150024242));
#7717 = CARTESIAN_POINT('',(20.302182301967,-4.879173999367,
    3.502516820986));
#7718 = CARTESIAN_POINT('',(20.305101228672,-4.879186643653,
    3.502912266466));
#7719 = CARTESIAN_POINT('',(20.308015891619,-4.879200686471,
    3.503336315771));
#7720 = CARTESIAN_POINT('',(20.310926013512,-4.879216120078,
    3.503788921361));
#7721 = CARTESIAN_POINT('',(20.313831317664,-4.87923293621,
    3.504270033075));
#7722 = CARTESIAN_POINT('',(20.316731528011,-4.87925112608,
    3.504779598141));
#7723 = CARTESIAN_POINT('',(20.319626369138,-4.879270680388,
    3.505317561186));
#7724 = CARTESIAN_POINT('',(20.322515566294,-4.879291589319,
    3.505883864243));
#7725 = CARTESIAN_POINT('',(20.32539884542,-4.879313842554,
    3.506478446759));
#7726 = CARTESIAN_POINT('',(20.328275933164,-4.879337429269,
    3.507101245608));
#7727 = CARTESIAN_POINT('',(20.331146556903,-4.879362338141,
    3.507752195097));
#7728 = CARTESIAN_POINT('',(20.334010444764,-4.879388557354,
    3.508431226977));
#7729 = CARTESIAN_POINT('',(20.336867325645,-4.879416074604,
    3.50913827045));
#7730 = CARTESIAN_POINT('',(20.339716929233,-4.879444877101,
    3.509873252181));
#7731 = CARTESIAN_POINT('',(20.342558986026,-4.87947495158,
    3.510636096306));
#7732 = CARTESIAN_POINT('',(20.345393227354,-4.879506284299,
    3.511426724441));
#7733 = CARTESIAN_POINT('',(20.348219385394,-4.879538861053,
    3.512245055692));
#7734 = CARTESIAN_POINT('',(20.351037193198,-4.879572667173,
    3.513091006663));
#7735 = CARTESIAN_POINT('',(20.353846384705,-4.879607687534,
    3.513964491469));
#7736 = CARTESIAN_POINT('',(20.356646694766,-4.879643906562,
    3.514865421744));
#7737 = CARTESIAN_POINT('',(20.359437859163,-4.87968130824,
    3.515793706648));
#7738 = CARTESIAN_POINT('',(20.362219614625,-4.879719876114,
    3.51674925288));
#7739 = CARTESIAN_POINT('',(20.364991698855,-4.879759593299,
    3.517731964689));
#7740 = CARTESIAN_POINT('',(20.367753850543,-4.879800442486,
    3.51874174388));
#7741 = CARTESIAN_POINT('',(20.370505809387,-4.879842405951,
    3.519778489825));
#7742 = CARTESIAN_POINT('',(20.373247316116,-4.879885465557,
    3.520842099476));
#7743 = CARTESIAN_POINT('',(20.375978112507,-4.879929602766,
    3.521932467374));
#7744 = CARTESIAN_POINT('',(20.378697941404,-4.879974798644,
    3.523049485655));
#7745 = CARTESIAN_POINT('',(20.381406546739,-4.880021033869,
    3.524193044068));
#7746 = CARTESIAN_POINT('',(20.384103673551,-4.880068288736,
    3.525363029979));
#7747 = CARTESIAN_POINT('',(20.386789068007,-4.880116543171,
    3.526559328384));
#7748 = CARTESIAN_POINT('',(20.389462477416,-4.88016577673,
    3.527781821922));
#7749 = CARTESIAN_POINT('',(20.392123650258,-4.880215968614,
    3.52903039088));
#7750 = CARTESIAN_POINT('',(20.394772336194,-4.880267097675,
    3.530304913212));
#7751 = CARTESIAN_POINT('',(20.397408286089,-4.880319142421,
    3.531605264541));
#7752 = CARTESIAN_POINT('',(20.400031252036,-4.880372081029,
    3.532931318179));
#7753 = CARTESIAN_POINT('',(20.402640987366,-4.88042589135,
    3.534282945131));
#7754 = CARTESIAN_POINT('',(20.405237246675,-4.88048055092,
    3.535660014111));
#7755 = CARTESIAN_POINT('',(20.407819785841,-4.880536036965,
    3.537062391553));
#7756 = CARTESIAN_POINT('',(20.410388362042,-4.880592326415,
    3.53848994162));
#7757 = CARTESIAN_POINT('',(20.412942733776,-4.880649395907,
    3.53994252622));
#7758 = CARTESIAN_POINT('',(20.415482660882,-4.880707221798,
    3.541420005013));
#7759 = CARTESIAN_POINT('',(20.418007904556,-4.880765780171,
    3.54292223543));
#7760 = CARTESIAN_POINT('',(20.420518227372,-4.880825046848,
    3.544449072678));
#7761 = CARTESIAN_POINT('',(20.423013393302,-4.880884997396,
    3.546000369758));
#7762 = CARTESIAN_POINT('',(20.425493167732,-4.880945607136,
    3.547575977474));
#7763 = CARTESIAN_POINT('',(20.427957317485,-4.881006851154,
    3.549175744449));
#7764 = CARTESIAN_POINT('',(20.430405610835,-4.881068704312,
    3.550799517134));
#7765 = CARTESIAN_POINT('',(20.432837817532,-4.881131141251,
    3.552447139827));
#7766 = CARTESIAN_POINT('',(20.435253708816,-4.881194136411,
    3.55411845468));
#7767 = CARTESIAN_POINT('',(20.437653057436,-4.881257664029,
    3.555813301716));
#7768 = CARTESIAN_POINT('',(20.440035637672,-4.881321698157,
    3.557531518843));
#7769 = CARTESIAN_POINT('',(20.442401225351,-4.881386212671,
    3.559272941866));
#7770 = CARTESIAN_POINT('',(20.444749597865,-4.881451181275,
    3.561037404501));
#7771 = CARTESIAN_POINT('',(20.447080534194,-4.881516577519,
    3.562824738393));
#7772 = CARTESIAN_POINT('',(20.449393814917,-4.881582374802,
    3.564634773123));
#7773 = CARTESIAN_POINT('',(20.451689222238,-4.881648546388,
    3.566467336231));
#7774 = CARTESIAN_POINT('',(20.453966539997,-4.88171506541,
    3.568322253225));
#7775 = CARTESIAN_POINT('',(20.456225553694,-4.881781904886,
    3.570199347596));
#7776 = CARTESIAN_POINT('',(20.458466050506,-4.881849037725,
    3.572098440837));
#7777 = CARTESIAN_POINT('',(20.4606878193,-4.881916436739,3.574019352454
    ));
#7778 = CARTESIAN_POINT('',(20.462890650657,-4.881984074654,
    3.575961899985));
#7779 = CARTESIAN_POINT('',(20.465074336887,-4.882051924116,
    3.577925899011));
#7780 = CARTESIAN_POINT('',(20.467238672046,-4.882119957709,
    3.579911163177));
#7781 = CARTESIAN_POINT('',(20.469383451955,-4.882188147958,
    3.581917504203));
#7782 = CARTESIAN_POINT('',(20.471508474215,-4.882256467342,
    3.583944731905));
#7783 = CARTESIAN_POINT('',(20.473613538227,-4.882324888306,
    3.585992654207));
#7784 = CARTESIAN_POINT('',(20.475698445207,-4.88239338327,
    3.588061077158));
#7785 = CARTESIAN_POINT('',(20.477762998205,-4.882461924639,
    3.590149804953));
#7786 = CARTESIAN_POINT('',(20.479807002117,-4.882530484813,
    3.592258639942));
#7787 = CARTESIAN_POINT('',(20.48183026371,-4.882599036199,
    3.594387382654));
#7788 = CARTESIAN_POINT('',(20.483832591629,-4.88266755122,
    3.596535831809));
#7789 = CARTESIAN_POINT('',(20.48581379642,-4.882736002327,3.59870378434
    ));
#7790 = CARTESIAN_POINT('',(20.487773690544,-4.882804362008,
    3.600891035404));
#7791 = CARTESIAN_POINT('',(20.489712088392,-4.882872602798,
    3.603097378405));
#7792 = CARTESIAN_POINT('',(20.491628806303,-4.88294069729,
    3.605322605009));
#7793 = CARTESIAN_POINT('',(20.493523662577,-4.883008618147,
    3.607566505163));
#7794 = CARTESIAN_POINT('',(20.495396477494,-4.88307633811,
    3.609828867109));
#7795 = CARTESIAN_POINT('',(20.497247073326,-4.883143830008,
    3.612109477407));
#7796 = CARTESIAN_POINT('',(20.499075274353,-4.883211066771,
    3.614408120952));
#7797 = CARTESIAN_POINT('',(20.500880906881,-4.883278021436,
    3.616724580988));
#7798 = CARTESIAN_POINT('',(20.502663799252,-4.883344667162,
    3.61905863913));
#7799 = CARTESIAN_POINT('',(20.504423781862,-4.883410977236,
    3.621410075384));
#7800 = CARTESIAN_POINT('',(20.506160687175,-4.883476925088,
    3.62377866816));
#7801 = CARTESIAN_POINT('',(20.507874349735,-4.883542484293,
    3.626164194294));
#7802 = CARTESIAN_POINT('',(20.509564606185,-4.883607628591,
    3.628566429068));
#7803 = CARTESIAN_POINT('',(20.511231295275,-4.883672331887,
    3.630985146226));
#7804 = CARTESIAN_POINT('',(20.51287425788,-4.88373656827,3.633420117993
    ));
#7805 = CARTESIAN_POINT('',(20.514493337014,-4.883800312015,
    3.635871115095));
#7806 = CARTESIAN_POINT('',(20.516088377838,-4.883863537598,
    3.638337906778));
#7807 = CARTESIAN_POINT('',(20.517659227681,-4.883926219704,
    3.640820260827));
#7808 = CARTESIAN_POINT('',(20.519205736045,-4.883988333235,
    3.643317943583));
#7809 = CARTESIAN_POINT('',(20.520727754627,-4.884049853322,
    3.645830719965));
#7810 = CARTESIAN_POINT('',(20.522225137323,-4.884110755334,
    3.648358353489));
#7811 = CARTESIAN_POINT('',(20.523697740244,-4.884171014884,
    3.650900606283));
#7812 = CARTESIAN_POINT('',(20.525145421733,-4.884230607844,
    3.653457239114));
#7813 = CARTESIAN_POINT('',(20.526568042368,-4.884289510349,
    3.656028011399));
#7814 = CARTESIAN_POINT('',(20.527965464983,-4.884347698809,
    3.658612681231));
#7815 = CARTESIAN_POINT('',(20.529337554673,-4.884405149917,
    3.661211005395));
#7816 = CARTESIAN_POINT('',(20.530684178812,-4.884461840658,
    3.663822739387));
#7817 = CARTESIAN_POINT('',(20.532005207058,-4.884517748318,
    3.666447637436));
#7818 = CARTESIAN_POINT('',(20.53330051137,-4.884572850491,
    3.669085452523));
#7819 = CARTESIAN_POINT('',(20.534569966018,-4.884627125091,
    3.671735936399));
#7820 = CARTESIAN_POINT('',(20.535813447591,-4.884680550356,
    3.674398839605));
#7821 = CARTESIAN_POINT('',(20.537030835012,-4.884733104862,
    3.677073911492));
#7822 = CARTESIAN_POINT('',(20.538222009548,-4.884784767523,
    3.679760900243));
#7823 = CARTESIAN_POINT('',(20.539386854818,-4.884835517609,
    3.682459552887));
#7824 = CARTESIAN_POINT('',(20.540525256808,-4.884885334746,
    3.685169615324));
#7825 = CARTESIAN_POINT('',(20.541637103878,-4.884934198927,
    3.687890832344));
#7826 = CARTESIAN_POINT('',(20.542722286774,-4.884982090521,
    3.690622947644));
#7827 = CARTESIAN_POINT('',(20.543780698638,-4.885028990275,
    3.693365703848));
#7828 = CARTESIAN_POINT('',(20.544812235019,-4.885074879331,
    3.696118842532));
#7829 = CARTESIAN_POINT('',(20.54581679388,-4.885119739223,
    3.698882104236));
#7830 = CARTESIAN_POINT('',(20.546794275612,-4.885163551892,
    3.70165522849));
#7831 = CARTESIAN_POINT('',(20.547744583043,-4.885206299688,
    3.704437953831));
#7832 = CARTESIAN_POINT('',(20.548667621444,-4.885247965379,
    3.707230017825));
#7833 = CARTESIAN_POINT('',(20.549563298544,-4.885288532158,
    3.710031157083));
#7834 = CARTESIAN_POINT('',(20.550431524535,-4.885327983649,
    3.712841107284));
#7835 = CARTESIAN_POINT('',(20.551272212086,-4.885366303914,
    3.715659603197));
#7836 = CARTESIAN_POINT('',(20.552085276347,-4.885403477457,
    3.718486378695));
#7837 = CARTESIAN_POINT('',(20.552870634964,-4.885439489234,
    3.721321166781));
#7838 = CARTESIAN_POINT('',(20.553628208083,-4.885474324656,
    3.724163699604));
#7839 = CARTESIAN_POINT('',(20.554357918365,-4.885507969594,
    3.727013708481));
#7840 = CARTESIAN_POINT('',(20.555059690989,-4.885540410388,
    3.729870923918));
#7841 = CARTESIAN_POINT('',(20.555733453665,-4.885571633852,
    3.732735075629));
#7842 = CARTESIAN_POINT('',(20.556379136642,-4.885601627276,
    3.735605892557));
#7843 = CARTESIAN_POINT('',(20.556996672716,-4.885630378432,
    3.738483102891));
#7844 = CARTESIAN_POINT('',(20.55758599724,-4.885657875585,
    3.741366434093));
#7845 = CARTESIAN_POINT('',(20.558147048134,-4.885684107487,
    3.744255612914));
#7846 = CARTESIAN_POINT('',(20.558679765891,-4.885709063393,
    3.747150365415));
#7847 = CARTESIAN_POINT('',(20.559184093586,-4.885732733056,
    3.750050416988));
#7848 = CARTESIAN_POINT('',(20.559659976887,-4.885755106738,
    3.752955492378));
#7849 = CARTESIAN_POINT('',(20.560107364062,-4.88577617521,
    3.755865315703));
#7850 = CARTESIAN_POINT('',(20.560526205987,-4.885795929758,
    3.758779610474));
#7851 = CARTESIAN_POINT('',(20.560916456156,-4.885814362186,
    3.761698099618));
#7852 = CARTESIAN_POINT('',(20.561278070688,-4.88583146482,
    3.764620505497));
#7853 = CARTESIAN_POINT('',(20.561611008336,-4.885847230511,
    3.767546549934));
#7854 = CARTESIAN_POINT('',(20.561915230496,-4.885861652637,
    3.770475954226));
#7855 = CARTESIAN_POINT('',(20.562190701215,-4.885874725109,
    3.773408439175));
#7856 = CARTESIAN_POINT('',(20.562437387196,-4.885886442372,
    3.776343725104));
#7857 = CARTESIAN_POINT('',(20.562655257813,-4.885896799405,
    3.77928153188));
#7858 = CARTESIAN_POINT('',(20.562844285113,-4.88590579173,
    3.782221578937));
#7859 = CARTESIAN_POINT('',(20.563004443824,-4.885913415407,
    3.785163585297));
#7860 = CARTESIAN_POINT('',(20.563135711369,-4.885919667041,
    3.788107269594));
#7861 = CARTESIAN_POINT('',(20.563238067868,-4.885924543783,
    3.791052350096));
#7862 = CARTESIAN_POINT('',(20.563311496147,-4.885928043328,
    3.793998544726));
#7863 = CARTESIAN_POINT('',(20.563355981748,-4.885930163923,
    3.796945571088));
#7864 = CARTESIAN_POINT('',(20.563366523245,-4.885930666481,
    3.798946181961));
#7865 = CARTESIAN_POINT('',(20.563366704711,-4.885930675132,
    3.799964354319));
#7866 = CARTESIAN_POINT('',(20.563366704711,-4.885930675132,
    3.799999999999));
#7867 = ORIENTED_EDGE('',*,*,#899,.T.);
#7868 = CYLINDRICAL_SURFACE('',#7869,0.3);
#7869 = AXIS2_PLACEMENT_3D('',#7870,#7871,#7872);
#7870 = CARTESIAN_POINT('',(20.263366704711,21.120875906767,
    3.799999999999));
#7871 = DIRECTION('',(0.,-1.,2.22044604925E-16));
#7872 = DIRECTION('',(0.,-2.22044604925E-16,-1.));
#7873 = ADVANCED_FACE('',(#7874),#8407,.F.);
#7874 = FACE_BOUND('',#7875,.F.);
#7875 = EDGE_LOOP('',(#7876,#7887,#8052,#8058,#8059,#8060,#8236,#8244));
#7876 = ORIENTED_EDGE('',*,*,#7877,.T.);
#7877 = EDGE_CURVE('',#7878,#7880,#7882,.T.);
#7878 = VERTEX_POINT('',#7879);
#7879 = CARTESIAN_POINT('',(21.319327442732,17.211991651315,
    12.299976312694));
#7880 = VERTEX_POINT('',#7881);
#7881 = CARTESIAN_POINT('',(21.304190831339,17.209343204718,
    12.299943866797));
#7882 = CIRCLE('',#7883,6.);
#7883 = AXIS2_PLACEMENT_3D('',#7884,#7885,#7886);
#7884 = CARTESIAN_POINT('',(20.277652418711,23.120875906767,12.3));
#7885 = DIRECTION('',(0.,-2.22044604925E-16,-1.));
#7886 = DIRECTION('',(0.,1.,-2.22044604925E-16));
#7887 = ORIENTED_EDGE('',*,*,#7888,.F.);
#7888 = EDGE_CURVE('',#7889,#7880,#7891,.T.);
#7889 = VERTEX_POINT('',#7890);
#7890 = CARTESIAN_POINT('',(20.563366704715,17.127682488664,
    11.549999999999));
#7891 = B_SPLINE_CURVE_WITH_KNOTS('',3,(#7892,#7893,#7894,#7895,#7896,
    #7897,#7898,#7899,#7900,#7901,#7902,#7903,#7904,#7905,#7906,#7907,
    #7908,#7909,#7910,#7911,#7912,#7913,#7914,#7915,#7916,#7917,#7918,
    #7919,#7920,#7921,#7922,#7923,#7924,#7925,#7926,#7927,#7928,#7929,
    #7930,#7931,#7932,#7933,#7934,#7935,#7936,#7937,#7938,#7939,#7940,
    #7941,#7942,#7943,#7944,#7945,#7946,#7947,#7948,#7949,#7950,#7951,
    #7952,#7953,#7954,#7955,#7956,#7957,#7958,#7959,#7960,#7961,#7962,
    #7963,#7964,#7965,#7966,#7967,#7968,#7969,#7970,#7971,#7972,#7973,
    #7974,#7975,#7976,#7977,#7978,#7979,#7980,#7981,#7982,#7983,#7984,
    #7985,#7986,#7987,#7988,#7989,#7990,#7991,#7992,#7993,#7994,#7995,
    #7996,#7997,#7998,#7999,#8000,#8001,#8002,#8003,#8004,#8005,#8006,
    #8007,#8008,#8009,#8010,#8011,#8012,#8013,#8014,#8015,#8016,#8017,
    #8018,#8019,#8020,#8021,#8022,#8023,#8024,#8025,#8026,#8027,#8028,
    #8029,#8030,#8031,#8032,#8033,#8034,#8035,#8036,#8037,#8038,#8039,
    #8040,#8041,#8042,#8043,#8044,#8045,#8046,#8047,#8048,#8049,#8050,
    #8051),.UNSPECIFIED.,.F.,.F.,(4,1,1,1,1,1,1,1,1,1,1,1,1,1,1,1,1,1,1,
    1,1,1,1,1,1,1,1,1,1,1,1,1,1,1,1,1,1,1,1,1,1,1,1,1,1,1,1,1,1,1,1,1,1,
    1,1,1,1,1,1,1,1,1,1,1,1,1,1,1,1,1,1,1,1,1,1,1,1,1,1,1,1,1,1,1,1,1,1,
    1,1,1,1,1,1,1,1,1,1,1,1,1,1,1,1,1,1,1,1,1,1,1,1,1,1,1,1,1,1,1,1,1,1,
    1,1,1,1,1,1,1,1,1,1,1,1,1,1,1,1,1,1,1,1,1,1,1,1,1,1,1,1,1,1,1,1,1,1,
    1,1,4),(0.50000005181,0.500298662281,0.501864913921,0.503431251373,
    0.504997673845,0.506564180602,0.508130770965,0.509697444312,
    0.511264200075,0.51283103774,0.514397956845,0.515964956982,
    0.517532037793,0.51909919897,0.520666440255,0.522233761441,
    0.523801162367,0.52536864292,0.526936203034,0.52850384269,
    0.530071561916,0.531639360785,0.533207239416,0.534775197972,
    0.536343236663,0.537911355746,0.539479555519,0.54104783633,
    0.542616198572,0.544184642683,0.545753169152,0.547321778511,
    0.548890471344,0.550459248285,0.552028110017,0.553597057275,
    0.555166090848,0.556735211581,0.558304420371,0.559873718177,
    0.561443106014,0.563012584963,0.564582156163,0.566151820823,
    0.567721580218,0.569291435691,0.570861388661,0.572431440619,
    0.574001593136,0.575571847862,0.57714220653,0.578712670958,
    0.580283243053,0.581853924815,0.583424718336,0.584995625808,
    0.586566649522,0.588137791875,0.589709055367,0.59128044261,
    0.592851956331,0.594423599371,0.59599537469,0.597567285371,
    0.599139334622,0.600711525781,0.602283862315,0.603856347827,
    0.605428986056,0.607001780881,0.608574736322,0.610147856546,
    0.611721145865,0.613294608743,0.614868249792,0.61644207378,
    0.61801608563,0.619590290421,0.621164693392,0.622739299939,
    0.624314115623,0.625889146162,0.627464397439,0.6290398755,
    0.630615586553,0.63219153697,0.633767733284,0.635344182192,
    0.636920890552,0.638497865381,0.640075113858,0.641652643317,
    0.643230461248,0.644808575295,0.646386993254,0.647965723066,
    0.64954477282,0.651124150745,0.652703865208,0.654283924713,
    0.655864337888,0.657445113491,0.659026260396,0.660607787595,
    0.662189704187,0.663772019373,0.665354742454,0.666937882817,
    0.668521449936,0.670105453357,0.671689902697,0.673274807632,
    0.674860177891,0.676446023246,0.678032353504,0.679619178496,
    0.68120650807,0.682794352083,0.684382720384,0.685971622809,
    0.687561069173,0.68915106925,0.690741632771,0.692332769407,
    0.693924488762,0.695516800355,0.697109713613,0.698703237857,
    0.70029738229,0.701892155982,0.703487567861,0.705083626695,
    0.706680341083,0.70827771944,0.709875769982,0.711474500716,
    0.713073919423,0.714674033643,0.716274850664,0.717876377509,
    0.719478620916,0.72108158733,0.722685282886,0.724289713395,
    0.725894884327,0.727500800805,0.72910746758,0.730714889026,
    0.732323069121,0.733932011433,0.735541719111,0.737152194864,
    0.738763440953,0.740375459176,0.741988250854,0.74360181682,
    0.745216157402,0.746831272417),.UNSPECIFIED.);
#7892 = CARTESIAN_POINT('',(20.563366704719,17.127682488663,
    11.549999999999));
#7893 = CARTESIAN_POINT('',(20.563366704715,17.127682488664,
    11.550473176861));
#7894 = CARTESIAN_POINT('',(20.563369501218,17.127682621991,
    11.553428229297));
#7895 = CARTESIAN_POINT('',(20.563406780391,17.127684399142,
    11.558865232328));
#7896 = CARTESIAN_POINT('',(20.563531751982,17.127690358558,
    11.566310306498));
#7897 = CARTESIAN_POINT('',(20.563730643912,17.127699848337,
    11.57375417347));
#7898 = CARTESIAN_POINT('',(20.564003448286,17.127712875478,
    11.581196093963));
#7899 = CARTESIAN_POINT('',(20.564350149726,17.127729449363,
    11.588635328956));
#7900 = CARTESIAN_POINT('',(20.56477072538,17.127749581751,
    11.596071139749));
#7901 = CARTESIAN_POINT('',(20.565265144932,17.127773286777,
    11.603502788038));
#7902 = CARTESIAN_POINT('',(20.565833370618,17.127800580944,
    11.610929535977));
#7903 = CARTESIAN_POINT('',(20.566475357235,17.127831483117,
    11.618350646248));
#7904 = CARTESIAN_POINT('',(20.567191052151,17.127866014513,
    11.625765382129));
#7905 = CARTESIAN_POINT('',(20.567980395322,17.127904198697,
    11.633173007554));
#7906 = CARTESIAN_POINT('',(20.568843319301,17.127946061561,
    11.64057278719));
#7907 = CARTESIAN_POINT('',(20.569779749253,17.127991631322,
    11.647963986495));
#7908 = CARTESIAN_POINT('',(20.570789602965,17.128040938502,
    11.655345871786));
#7909 = CARTESIAN_POINT('',(20.571872790866,17.128094015915,
    11.662717710308));
#7910 = CARTESIAN_POINT('',(20.573029216031,17.128150898652,
    11.670078770299));
#7911 = CARTESIAN_POINT('',(20.574258774205,17.128211624061,
    11.677428321055));
#7912 = CARTESIAN_POINT('',(20.575561353811,17.12827623173,
    11.684765632999));
#7913 = CARTESIAN_POINT('',(20.576936835966,17.128344763466,
    11.692089977742));
#7914 = CARTESIAN_POINT('',(20.578385094498,17.128417263276,
    11.699400628156));
#7915 = CARTESIAN_POINT('',(20.579905995961,17.128493777341,
    11.706696858439));
#7916 = CARTESIAN_POINT('',(20.581499399649,17.128574353994,
    11.713977944178));
#7917 = CARTESIAN_POINT('',(20.583165157614,17.128659043697,
    11.72124316242));
#7918 = CARTESIAN_POINT('',(20.584903114684,17.128747899012,
    11.728491791737));
#7919 = CARTESIAN_POINT('',(20.586713108478,17.128840974574,
    11.735723112296));
#7920 = CARTESIAN_POINT('',(20.588594969425,17.128938327063,
    11.742936405924));
#7921 = CARTESIAN_POINT('',(20.590548520785,17.129040015175,
    11.750130956175));
#7922 = CARTESIAN_POINT('',(20.592573578664,17.129146099591,
    11.757306048403));
#7923 = CARTESIAN_POINT('',(20.594669952037,17.129256642944,
    11.764460969826));
#7924 = CARTESIAN_POINT('',(20.596837442767,17.129371709786,
    11.771595009594));
#7925 = CARTESIAN_POINT('',(20.599075845627,17.129491366556,
    11.778707458862));
#7926 = CARTESIAN_POINT('',(20.601384948321,17.129615681541,
    11.785797610856));
#7927 = CARTESIAN_POINT('',(20.603764531509,17.129744724842,
    11.792864760941));
#7928 = CARTESIAN_POINT('',(20.606214368827,17.129878568337,
    11.799908206697));
#7929 = CARTESIAN_POINT('',(20.608734226917,17.130017285643,
    11.806927247979));
#7930 = CARTESIAN_POINT('',(20.611323865445,17.130160952073,
    11.813921186996));
#7931 = CARTESIAN_POINT('',(20.613983037134,17.1303096446,
    11.820889328376));
#7932 = CARTESIAN_POINT('',(20.616711487788,17.130463441812,
    11.827830979238));
#7933 = CARTESIAN_POINT('',(20.619508956319,17.130622423872,
    11.834745449261));
#7934 = CARTESIAN_POINT('',(20.62237517478,17.130786672475,
    11.841632050756));
#7935 = CARTESIAN_POINT('',(20.625309868391,17.130956270802,
    11.848490098737));
#7936 = CARTESIAN_POINT('',(20.628312755574,17.131131303476,
    11.855318910991));
#7937 = CARTESIAN_POINT('',(20.631383547982,17.131311856515,
    11.862117808145));
#7938 = CARTESIAN_POINT('',(20.634521950534,17.131498017287,
    11.868886113744));
#7939 = CARTESIAN_POINT('',(20.637727661453,17.131689874462,
    11.875623154315));
#7940 = CARTESIAN_POINT('',(20.641000372293,17.131887517963,
    11.882328259442));
#7941 = CARTESIAN_POINT('',(20.644339767984,17.132091038917,
    11.889000761831));
#7942 = CARTESIAN_POINT('',(20.647745526868,17.132300529605,
    11.895639997386));
#7943 = CARTESIAN_POINT('',(20.651217320734,17.132516083412,
    11.902245305275));
#7944 = CARTESIAN_POINT('',(20.654754814864,17.132737794777,
    11.908816027999));
#7945 = CARTESIAN_POINT('',(20.658357668071,17.132965759137,
    11.915351511467));
#7946 = CARTESIAN_POINT('',(20.662025532743,17.133200072878,
    11.921851105054));
#7947 = CARTESIAN_POINT('',(20.665758054884,17.133440833283,
    11.928314161682));
#7948 = CARTESIAN_POINT('',(20.669554874166,17.133688138474,
    11.934740037878));
#7949 = CARTESIAN_POINT('',(20.673415623965,17.13394208736,
    11.941128093845));
#7950 = CARTESIAN_POINT('',(20.677339931417,17.134202779583,
    11.94747769353));
#7951 = CARTESIAN_POINT('',(20.681327417463,17.134470315461,
    11.953788204688));
#7952 = CARTESIAN_POINT('',(20.685377696896,17.134744795935,
    11.960058998945));
#7953 = CARTESIAN_POINT('',(20.689490378417,17.135026322508,
    11.96628945187));
#7954 = CARTESIAN_POINT('',(20.69366506468,17.135314997193,
    11.97247894303));
#7955 = CARTESIAN_POINT('',(20.697901352352,17.135610922455,
    11.978626856058));
#7956 = CARTESIAN_POINT('',(20.702198832159,17.135914201149,
    11.984732578715));
#7957 = CARTESIAN_POINT('',(20.706557088947,17.136224936471,
    11.990795502947));
#7958 = CARTESIAN_POINT('',(20.710975701733,17.136543231891,
    11.996815024949));
#7959 = CARTESIAN_POINT('',(20.715454243763,17.1368691911,
    12.002790545221));
#7960 = CARTESIAN_POINT('',(20.719992282569,17.137202917951,
    12.008721468628));
#7961 = CARTESIAN_POINT('',(20.724589380028,17.137544516397,
    12.014607204455));
#7962 = CARTESIAN_POINT('',(20.729245092418,17.137894090437,
    12.020447166462));
#7963 = CARTESIAN_POINT('',(20.73395897048,17.138251744051,
    12.02624077294));
#7964 = CARTESIAN_POINT('',(20.738730559475,17.138617581145,
    12.03198744676));
#7965 = CARTESIAN_POINT('',(20.743559399249,17.13899170549,
    12.03768661543));
#7966 = CARTESIAN_POINT('',(20.748445024289,17.139374220662,
    12.04333771114));
#7967 = CARTESIAN_POINT('',(20.753386963786,17.139765229982,
    12.048940170813));
#7968 = CARTESIAN_POINT('',(20.7583847417,17.140164836458,
    12.054493436152));
#7969 = CARTESIAN_POINT('',(20.763437876815,17.140573142724,
    12.059996953688));
#7970 = CARTESIAN_POINT('',(20.768545882809,17.140990250977,
    12.065450174819));
#7971 = CARTESIAN_POINT('',(20.773708268312,17.141416262925,
    12.070852555858));
#7972 = CARTESIAN_POINT('',(20.77892453697,17.141851279719,
    12.076203558074));
#7973 = CARTESIAN_POINT('',(20.784194187506,17.142295401896,
    12.08150264773));
#7974 = CARTESIAN_POINT('',(20.789516713784,17.142748729322,
    12.086749296121));
#7975 = CARTESIAN_POINT('',(20.794891604872,17.143211361129,
    12.091942979614));
#7976 = CARTESIAN_POINT('',(20.800318345102,17.143683395656,
    12.097083179682));
#7977 = CARTESIAN_POINT('',(20.805796414133,17.144164930389,
    12.102169382936));
#7978 = CARTESIAN_POINT('',(20.811325287013,17.144656061904,
    12.107201081163));
#7979 = CARTESIAN_POINT('',(20.816904434242,17.145156885804,
    12.112177771351));
#7980 = CARTESIAN_POINT('',(20.822533321826,17.145667496663,
    12.117098955721));
#7981 = CARTESIAN_POINT('',(20.828211411346,17.146187987967,
    12.121964141757));
#7982 = CARTESIAN_POINT('',(20.833938160011,17.146718452052,
    12.126772842232));
#7983 = CARTESIAN_POINT('',(20.83971302072,17.147258980048,
    12.131524575231));
#7984 = CARTESIAN_POINT('',(20.845535442117,17.147809661821,
    12.136218864179));
#7985 = CARTESIAN_POINT('',(20.851404868652,17.14837058591,
    12.14085523786));
#7986 = CARTESIAN_POINT('',(20.857320740635,17.148941839478,
    12.145433230442));
#7987 = CARTESIAN_POINT('',(20.863282494291,17.149523508243,
    12.149952381495));
#7988 = CARTESIAN_POINT('',(20.869289561816,17.150115676431,
    12.154412236012));
#7989 = CARTESIAN_POINT('',(20.875341371428,17.150718426709,
    12.158812344427));
#7990 = CARTESIAN_POINT('',(20.881437347422,17.151331840136,
    12.16315226263));
#7991 = CARTESIAN_POINT('',(20.887576910219,17.151955996101,
    12.167431551985));
#7992 = CARTESIAN_POINT('',(20.893759476413,17.152590972268,
    12.171649779346));
#7993 = CARTESIAN_POINT('',(20.899984458826,17.153236844518,
    12.175806517069));
#7994 = CARTESIAN_POINT('',(20.906251266549,17.153893686896,
    12.179901343026));
#7995 = CARTESIAN_POINT('',(20.912559304989,17.154561571553,
    12.183933840621));
#7996 = CARTESIAN_POINT('',(20.918907975917,17.155240568689,
    12.187903598797));
#7997 = CARTESIAN_POINT('',(20.925296677506,17.1559307465,
    12.191810212053));
#7998 = CARTESIAN_POINT('',(20.931724804373,17.156632171122,
    12.19565328045));
#7999 = CARTESIAN_POINT('',(20.938191747623,17.157344906575,
    12.199432409626));
#8000 = CARTESIAN_POINT('',(20.944696894882,17.158069014711,
    12.203147210803));
#8001 = CARTESIAN_POINT('',(20.951239630336,17.158804555155,
    12.206797300801));
#8002 = CARTESIAN_POINT('',(20.957819334767,17.159551585258,
    12.210382302043));
#8003 = CARTESIAN_POINT('',(20.964435385586,17.160310160036,
    12.21390184257));
#8004 = CARTESIAN_POINT('',(20.971087156864,17.161080332119,
    12.217355556047));
#8005 = CARTESIAN_POINT('',(20.977774019365,17.1618621517,
    12.220743081777));
#8006 = CARTESIAN_POINT('',(20.984495340572,17.162655666479,
    12.224064064706));
#8007 = CARTESIAN_POINT('',(20.991250484717,17.163460921611,
    12.227318155439));
#8008 = CARTESIAN_POINT('',(20.998038812803,17.164277959656,
    12.230505010248));
#8009 = CARTESIAN_POINT('',(21.004859682636,17.165106820522,
    12.233624291083));
#8010 = CARTESIAN_POINT('',(21.011712448837,17.165947541417,
    12.236675665587));
#8011 = CARTESIAN_POINT('',(21.018596462874,17.166800156797,
    12.239658807105));
#8012 = CARTESIAN_POINT('',(21.025511073075,17.167664698313,
    12.2425733947));
#8013 = CARTESIAN_POINT('',(21.032455624649,17.168541194759,
    12.245419113167));
#8014 = CARTESIAN_POINT('',(21.039429459703,17.169429672027,
    12.248195653047));
#8015 = CARTESIAN_POINT('',(21.046431917257,17.17033015305,
    12.250902710645));
#8016 = CARTESIAN_POINT('',(21.053462333262,17.171242657755,
    12.253539988045));
#8017 = CARTESIAN_POINT('',(21.060520040607,17.172167203013,
    12.25610719313));
#8018 = CARTESIAN_POINT('',(21.06760436914,17.173103802591,
    12.258604039604));
#8019 = CARTESIAN_POINT('',(21.074714645669,17.174052467098,
    12.261030247009));
#8020 = CARTESIAN_POINT('',(21.081850193982,17.175013203944,
    12.263385540751));
#8021 = CARTESIAN_POINT('',(21.089010334849,17.175986017282,
    12.26566965212));
#8022 = CARTESIAN_POINT('',(21.096194386033,17.176970907971,
    12.267882318323));
#8023 = CARTESIAN_POINT('',(21.103401662301,17.177967873517,
    12.270023282503));
#8024 = CARTESIAN_POINT('',(21.110631475423,17.178976908037,
    12.272092293776));
#8025 = CARTESIAN_POINT('',(21.117883134187,17.179998002203,
    12.274089107256));
#8026 = CARTESIAN_POINT('',(21.125155944399,17.1810311432,
    12.276013484089));
#8027 = CARTESIAN_POINT('',(21.132449208889,17.182076314681,
    12.277865191492));
#8028 = CARTESIAN_POINT('',(21.139762227521,17.18313349672,
    12.279644002785));
#8029 = CARTESIAN_POINT('',(21.14709429719,17.184202665767,
    12.28134969743));
#8030 = CARTESIAN_POINT('',(21.154444711833,17.185283794606,
    12.282982061076));
#8031 = CARTESIAN_POINT('',(21.161812762433,17.186376852308,
    12.284540885597));
#8032 = CARTESIAN_POINT('',(21.169197737021,17.187481804189,
    12.286025969141));
#8033 = CARTESIAN_POINT('',(21.176598920683,17.188598611772,
    12.287437116173));
#8034 = CARTESIAN_POINT('',(21.184015595567,17.189727232737,
    12.28877413753));
#8035 = CARTESIAN_POINT('',(21.191447040888,17.190867620886,
    12.29003685047));
#8036 = CARTESIAN_POINT('',(21.198892532932,17.192019726104,
    12.291225078723));
#8037 = CARTESIAN_POINT('',(21.206351345068,17.193183494313,
    12.292338652552));
#8038 = CARTESIAN_POINT('',(21.213822747753,17.194358867437,
    12.293377408812));
#8039 = CARTESIAN_POINT('',(21.221306008546,17.195545783367,
    12.294341191005));
#8040 = CARTESIAN_POINT('',(21.22880039211,17.196744175917,
    12.295229849349));
#8041 = CARTESIAN_POINT('',(21.236305160234,17.197953974797,
    12.296043240841));
#8042 = CARTESIAN_POINT('',(21.243819571838,17.19917510557,
    12.296781229325));
#8043 = CARTESIAN_POINT('',(21.251342882993,17.200407489621,
    12.29744368556));
#8044 = CARTESIAN_POINT('',(21.258874346936,17.201651044125,
    12.298030487297));
#8045 = CARTESIAN_POINT('',(21.266413214087,17.202905682017,
    12.298541519349));
#8046 = CARTESIAN_POINT('',(21.273958732073,17.204171311957,
    12.298976673667));
#8047 = CARTESIAN_POINT('',(21.281510145744,17.205447838302,
    12.299335849421));
#8048 = CARTESIAN_POINT('',(21.289066697207,17.206735161084,
    12.29961895308));
#8049 = CARTESIAN_POINT('',(21.296627625845,17.208033175974,
    12.299825898494));
#8050 = CARTESIAN_POINT('',(21.301669445881,17.208905365809,
    12.299913016604));
#8051 = CARTESIAN_POINT('',(21.304190831339,17.209343204718,
    12.299943866797));
#8052 = ORIENTED_EDGE('',*,*,#8053,.F.);
#8053 = EDGE_CURVE('',#7535,#7889,#8054,.T.);
#8054 = LINE('',#8055,#8056);
#8055 = CARTESIAN_POINT('',(20.563366704711,17.127682488666,
    3.799999999999));
#8056 = VECTOR('',#8057,1.);
#8057 = DIRECTION('',(4.868363776627E-13,-1.505963812435E-13,1.));
#8058 = ORIENTED_EDGE('',*,*,#7534,.T.);
#8059 = ORIENTED_EDGE('',*,*,#855,.T.);
#8060 = ORIENTED_EDGE('',*,*,#8061,.T.);
#8061 = EDGE_CURVE('',#856,#8062,#8064,.T.);
#8062 = VERTEX_POINT('',#8063);
#8063 = CARTESIAN_POINT('',(22.063366704716,17.392767624903,
    3.799999999999));
#8064 = B_SPLINE_CURVE_WITH_KNOTS('',3,(#8065,#8066,#8067,#8068,#8069,
    #8070,#8071,#8072,#8073,#8074,#8075,#8076,#8077,#8078,#8079,#8080,
    #8081,#8082,#8083,#8084,#8085,#8086,#8087,#8088,#8089,#8090,#8091,
    #8092,#8093,#8094,#8095,#8096,#8097,#8098,#8099,#8100,#8101,#8102,
    #8103,#8104,#8105,#8106,#8107,#8108,#8109,#8110,#8111,#8112,#8113,
    #8114,#8115,#8116,#8117,#8118,#8119,#8120,#8121,#8122,#8123,#8124,
    #8125,#8126,#8127,#8128,#8129,#8130,#8131,#8132,#8133,#8134,#8135,
    #8136,#8137,#8138,#8139,#8140,#8141,#8142,#8143,#8144,#8145,#8146,
    #8147,#8148,#8149,#8150,#8151,#8152,#8153,#8154,#8155,#8156,#8157,
    #8158,#8159,#8160,#8161,#8162,#8163,#8164,#8165,#8166,#8167,#8168,
    #8169,#8170,#8171,#8172,#8173,#8174,#8175,#8176,#8177,#8178,#8179,
    #8180,#8181,#8182,#8183,#8184,#8185,#8186,#8187,#8188,#8189,#8190,
    #8191,#8192,#8193,#8194,#8195,#8196,#8197,#8198,#8199,#8200,#8201,
    #8202,#8203,#8204,#8205,#8206,#8207,#8208,#8209,#8210,#8211,#8212,
    #8213,#8214,#8215,#8216,#8217,#8218,#8219,#8220,#8221,#8222,#8223,
    #8224,#8225,#8226,#8227,#8228,#8229,#8230,#8231,#8232,#8233,#8234,
    #8235),.UNSPECIFIED.,.F.,.F.,(4,1,1,1,1,1,1,1,1,1,1,1,1,1,1,1,1,1,1,
    1,1,1,1,1,1,1,1,1,1,1,1,1,1,1,1,1,1,1,1,1,1,1,1,1,1,1,1,1,1,1,1,1,1,
    1,1,1,1,1,1,1,1,1,1,1,1,1,1,1,1,1,1,1,1,1,1,1,1,1,1,1,1,1,1,1,1,1,1,
    1,1,1,1,1,1,1,1,1,1,1,1,1,1,1,1,1,1,1,1,1,1,1,1,1,1,1,1,1,1,1,1,1,1,
    1,1,1,1,1,1,1,1,1,1,1,1,1,1,1,1,1,1,1,1,1,1,1,1,1,1,1,1,1,1,1,1,1,1,
    1,1,1,1,1,1,1,1,1,1,1,1,1,4),(0.252781173851,0.254292792798,
    0.255804084118,0.257315033303,0.258825626144,0.26033584873,
    0.261845687458,0.263355129032,0.26486416047,0.266372769106,
    0.267880942594,0.26938866891,0.270895936355,0.272402733561,
    0.273909049487,0.275414873428,0.276920195012,0.278425004205,
    0.279929291311,0.281433046974,0.282936262179,0.284438928255,
    0.285941036871,0.287442580043,0.288943550131,0.29044393984,
    0.29194374222,0.293442950668,0.294941558924,0.296439561075,
    0.297936951554,0.299433725135,0.30092987694,0.302425402432,
    0.303920297415,0.305414558037,0.306908180784,0.308401162483,
    0.309893500296,0.311385191723,0.312876234598,0.314366627086,
    0.315856367687,0.317345455226,0.318833888858,0.320321668061,
    0.321808792638,0.323295262711,0.324781078721,0.326266241426,
    0.327750751896,0.329234611513,0.330717821967,0.332200385255,
    0.333682303676,0.335163579828,0.33664421661,0.338124217212,
    0.339603585118,0.3410823241,0.342560438215,0.344037931805,
    0.345514809488,0.346991076162,0.348466736996,0.34994179743,
    0.351416263171,0.35289014019,0.354363434716,0.355836153238,
    0.357308302499,0.35877988949,0.360250921451,0.361721405865,
    0.363191350458,0.36466076319,0.366129652255,0.367598026081,
    0.36906589332,0.370533262847,0.372000143761,0.373466545374,
    0.374932477216,0.376397949023,0.377862970742,0.379327552519,
    0.380791704706,0.382255437848,0.383718762684,0.385181690146,
    0.38664423135,0.3881063976,0.389568200376,0.391029651339,
    0.392490762323,0.393951545333,0.395412012543,0.396872176292,
    0.398332049078,0.399791643562,0.401250972557,0.40271004903,
    0.404168886098,0.405627497025,0.407085895216,0.40854409422,
    0.410002107722,0.411459949542,0.412917633632,0.414375174075,
    0.415832585078,0.417289880973,0.418747076213,0.42020418537,
    0.421661223129,0.423118204291,0.424575143766,0.426032056571,
    0.427488957829,0.428945862767,0.430402786709,0.431859745079,
    0.433316753397,0.434773827273,0.43623098241,0.437688234597,
    0.43914559971,0.440603093708,0.442060732633,0.443518532602,
    0.444976509811,0.446434680531,0.447893061104,0.449351667943,
    0.450810517527,0.452269626403,0.453729011181,0.455188688532,
    0.456648675187,0.458108987935,0.459569643618,0.461030659135,
    0.462492051434,0.463953837514,0.465416034419,0.46687865924,
    0.468341729113,0.469805261213,0.471269272757,0.472733780997,
    0.474198803222,0.475664356757,0.477130458955,0.478597127202,
    0.480064378911,0.481532231521,0.483000702495,0.48446980932,
    0.485939569501,0.487410000563,0.488881120047,0.490352945508,
    0.491825494514,0.493298784643,0.494772833483,0.496247658627,
    0.497723277673,0.49919970822,0.500000161229),.UNSPECIFIED.);
#8065 = CARTESIAN_POINT('',(22.360317571559,17.493931277476,
    3.500015495755));
#8066 = CARTESIAN_POINT('',(22.359396770648,17.493590467303,
    3.500024855053));
#8067 = CARTESIAN_POINT('',(22.3575552769,17.492909400885,3.500052051722
    ));
#8068 = CARTESIAN_POINT('',(22.354793277256,17.491889431193,
    3.500118288921));
#8069 = CARTESIAN_POINT('',(22.352032043082,17.490871283365,
    3.500209957348));
#8070 = CARTESIAN_POINT('',(22.349271808192,17.489855041303,
    3.500327048185));
#8071 = CARTESIAN_POINT('',(22.346512806064,17.488840788273,
    3.50046955048));
#8072 = CARTESIAN_POINT('',(22.343755269818,17.487828606893,
    3.500637451167));
#8073 = CARTESIAN_POINT('',(22.340999432198,17.486818579131,
    3.500830735072));
#8074 = CARTESIAN_POINT('',(22.338245525552,17.485810786299,
    3.501049384927));
#8075 = CARTESIAN_POINT('',(22.335493781814,17.484805309053,
    3.501293381384));
#8076 = CARTESIAN_POINT('',(22.332744432484,17.483802227382,
    3.501562703028));
#8077 = CARTESIAN_POINT('',(22.329997708615,17.482801620612,
    3.501857326389));
#8078 = CARTESIAN_POINT('',(22.327253840789,17.481803567397,
    3.502177225954));
#8079 = CARTESIAN_POINT('',(22.324513059107,17.48080814572,
    3.502522374183));
#8080 = CARTESIAN_POINT('',(22.32177559317,17.479815432887,3.50289274152
    ));
#8081 = CARTESIAN_POINT('',(22.319041672063,17.47882550553,
    3.503288296406));
#8082 = CARTESIAN_POINT('',(22.316311524338,17.4778384396,3.503709005295
    ));
#8083 = CARTESIAN_POINT('',(22.313585378006,17.476854310366,
    3.504154832665));
#8084 = CARTESIAN_POINT('',(22.310863460515,17.475873192419,
    3.504625741032));
#8085 = CARTESIAN_POINT('',(22.308145998741,17.474895159665,
    3.505121690965));
#8086 = CARTESIAN_POINT('',(22.305433218972,17.473920285325,
    3.505642641096));
#8087 = CARTESIAN_POINT('',(22.302725346899,17.472948641939,
    3.506188548139));
#8088 = CARTESIAN_POINT('',(22.300022607598,17.471980301362,
    3.506759366896));
#8089 = CARTESIAN_POINT('',(22.297325225523,17.471015334766,
    3.507355050277));
#8090 = CARTESIAN_POINT('',(22.294633424491,17.470053812637,
    3.50797554931));
#8091 = CARTESIAN_POINT('',(22.291947427673,17.469095804782,
    3.508620813154));
#8092 = CARTESIAN_POINT('',(22.289267457582,17.468141380324,
    3.509290789114));
#8093 = CARTESIAN_POINT('',(22.286593736062,17.467190607705,
    3.509985422652));
#8094 = CARTESIAN_POINT('',(22.28392648428,17.466243554691,
    3.510704657402));
#8095 = CARTESIAN_POINT('',(22.281265922715,17.465300288369,
    3.51144843518));
#8096 = CARTESIAN_POINT('',(22.278612271148,17.464360875148,
    3.512216696001));
#8097 = CARTESIAN_POINT('',(22.275965748655,17.463425380768,
    3.513009378084));
#8098 = CARTESIAN_POINT('',(22.273326573597,17.462493870295,
    3.513826417874));
#8099 = CARTESIAN_POINT('',(22.270694963611,17.461566408129,
    3.514667750048));
#8100 = CARTESIAN_POINT('',(22.268071135604,17.460643058001,
    3.515533307526));
#8101 = CARTESIAN_POINT('',(22.265455305743,17.459723882982,
    3.516423021488));
#8102 = CARTESIAN_POINT('',(22.26284768945,17.458808945483,
    3.517336821381));
#8103 = CARTESIAN_POINT('',(22.260248501393,17.457898307258,
    3.518274634935));
#8104 = CARTESIAN_POINT('',(22.25765795548,17.456992029408,3.51923638817
    ));
#8105 = CARTESIAN_POINT('',(22.255076264853,17.456090172385,
    3.520222005407));
#8106 = CARTESIAN_POINT('',(22.25250364188,17.455192795997,
    3.521231409284));
#8107 = CARTESIAN_POINT('',(22.249940298149,17.454299959409,
    3.522264520762));
#8108 = CARTESIAN_POINT('',(22.247386444465,17.453411721149,
    3.523321259137));
#8109 = CARTESIAN_POINT('',(22.24484229084,17.452528139112,
    3.524401542048));
#8110 = CARTESIAN_POINT('',(22.242308046492,17.451649270565,
    3.525505285493));
#8111 = CARTESIAN_POINT('',(22.239783919834,17.450775172151,
    3.526632403831));
#8112 = CARTESIAN_POINT('',(22.237270118475,17.449905899892,
    3.527782809798));
#8113 = CARTESIAN_POINT('',(22.234766849212,17.449041509198,
    3.528956414512));
#8114 = CARTESIAN_POINT('',(22.232274318024,17.448182054866,
    3.530153127484));
#8115 = CARTESIAN_POINT('',(22.22979273007,17.447327591092,
    3.531372856627));
#8116 = CARTESIAN_POINT('',(22.227322289683,17.446478171469,
    3.532615508265));
#8117 = CARTESIAN_POINT('',(22.224863200365,17.445633848997,
    3.533880987137));
#8118 = CARTESIAN_POINT('',(22.222415664785,17.444794676086,
    3.535169196413));
#8119 = CARTESIAN_POINT('',(22.21997988477,17.443960704565,
    3.536480037694));
#8120 = CARTESIAN_POINT('',(22.217556061308,17.44313198568,
    3.537813411024));
#8121 = CARTESIAN_POINT('',(22.215144394538,17.442308570107,
    3.539169214897));
#8122 = CARTESIAN_POINT('',(22.212745083748,17.441490507955,
    3.540547346263));
#8123 = CARTESIAN_POINT('',(22.21035832737,17.44067784877,3.541947700533
    ));
#8124 = CARTESIAN_POINT('',(22.20798432298,17.439870641541,
    3.543370171592));
#8125 = CARTESIAN_POINT('',(22.205623267287,17.43906893471,
    3.544814651799));
#8126 = CARTESIAN_POINT('',(22.203275356137,17.438272776172,
    3.546281031994));
#8127 = CARTESIAN_POINT('',(22.200940784503,17.437482213284,
    3.547769201507));
#8128 = CARTESIAN_POINT('',(22.198619746485,17.436697292871,
    3.549279048163));
#8129 = CARTESIAN_POINT('',(22.196312435304,17.435918061228,
    3.550810458283));
#8130 = CARTESIAN_POINT('',(22.194019043297,17.435144564134,
    3.552363316696));
#8131 = CARTESIAN_POINT('',(22.191739761919,17.43437684685,
    3.553937506738));
#8132 = CARTESIAN_POINT('',(22.18947478173,17.433614954127,
    3.555532910261));
#8133 = CARTESIAN_POINT('',(22.187224292399,17.432858930216,
    3.557149407634));
#8134 = CARTESIAN_POINT('',(22.184988482695,17.432108818869,
    3.55878687775));
#8135 = CARTESIAN_POINT('',(22.182767540486,17.431364663348,
    3.56044519803));
#8136 = CARTESIAN_POINT('',(22.180561652732,17.430626506429,
    3.562124244425));
#8137 = CARTESIAN_POINT('',(22.178371005482,17.42989439041,
    3.563823891421));
#8138 = CARTESIAN_POINT('',(22.17619578387,17.429168357115,
    3.565544012041));
#8139 = CARTESIAN_POINT('',(22.17403617211,17.428448447902,
    3.567284477852));
#8140 = CARTESIAN_POINT('',(22.171892353492,17.427734703667,
    3.569045158964));
#8141 = CARTESIAN_POINT('',(22.169764510376,17.427027164852,
    3.570825924034));
#8142 = CARTESIAN_POINT('',(22.167652824188,17.426325871451,
    3.572626640272));
#8143 = CARTESIAN_POINT('',(22.165557475414,17.425630863011,
    3.574447173437));
#8144 = CARTESIAN_POINT('',(22.163478643598,17.424942178645,
    3.576287387846));
#8145 = CARTESIAN_POINT('',(22.161416507334,17.424259857035,
    3.578147146373));
#8146 = CARTESIAN_POINT('',(22.159371244258,17.423583936435,
    3.580026310451));
#8147 = CARTESIAN_POINT('',(22.157343031049,17.422914454681,
    3.581924740076));
#8148 = CARTESIAN_POINT('',(22.15533204342,17.422251449194,
    3.583842293807));
#8149 = CARTESIAN_POINT('',(22.153338456109,17.421594956989,
    3.585778828766));
#8150 = CARTESIAN_POINT('',(22.151362442878,17.420945014676,
    3.587734200644));
#8151 = CARTESIAN_POINT('',(22.149404176505,17.420301658469,
    3.589708263701));
#8152 = CARTESIAN_POINT('',(22.147463828776,17.419664924191,
    3.591700870763));
#8153 = CARTESIAN_POINT('',(22.14554157048,17.419034847279,3.59371187323
    ));
#8154 = CARTESIAN_POINT('',(22.143637571402,17.418411462789,
    3.595741121073));
#8155 = CARTESIAN_POINT('',(22.141752000316,17.417794805405,
    3.597788462835));
#8156 = CARTESIAN_POINT('',(22.139885024976,17.417184909439,
    3.599853745634));
#8157 = CARTESIAN_POINT('',(22.138036812114,17.416581808838,
    3.601936815161));
#8158 = CARTESIAN_POINT('',(22.136207527425,17.415985537194,
    3.604037515686));
#8159 = CARTESIAN_POINT('',(22.134397335563,17.415396127741,
    3.606155690051));
#8160 = CARTESIAN_POINT('',(22.132606400136,17.414813613367,
    3.60829117968));
#8161 = CARTESIAN_POINT('',(22.130834883691,17.414238026618,
    3.61044382457));
#8162 = CARTESIAN_POINT('',(22.129082947711,17.413669399697,
    3.612613463301));
#8163 = CARTESIAN_POINT('',(22.127350752605,17.413107764477,
    3.614799933028));
#8164 = CARTESIAN_POINT('',(22.125638457695,17.412553152502,
    3.617003069488));
#8165 = CARTESIAN_POINT('',(22.123946221216,17.412005594992,
    3.619222706998));
#8166 = CARTESIAN_POINT('',(22.122274200296,17.411465122845,
    3.621458678456));
#8167 = CARTESIAN_POINT('',(22.120622550954,17.410931766649,
    3.623710815341));
#8168 = CARTESIAN_POINT('',(22.118991428087,17.410405556679,
    3.625978947714));
#8169 = CARTESIAN_POINT('',(22.117380985462,17.409886522904,
    3.628262904219));
#8170 = CARTESIAN_POINT('',(22.115791375702,17.409374694994,
    3.630562512083));
#8171 = CARTESIAN_POINT('',(22.11422275028,17.40887010232,3.632877597119
    ));
#8172 = CARTESIAN_POINT('',(22.112675259505,17.408372773963,
    3.635207983721));
#8173 = CARTESIAN_POINT('',(22.111149052514,17.407882738711,
    3.637553494872));
#8174 = CARTESIAN_POINT('',(22.109644277256,17.407400025072,
    3.639913952141));
#8175 = CARTESIAN_POINT('',(22.108161080487,17.406924661271,
    3.642289175682));
#8176 = CARTESIAN_POINT('',(22.106699607753,17.406456675257,
    3.644678984239));
#8177 = CARTESIAN_POINT('',(22.105260003381,17.405996094704,
    3.647083195147));
#8178 = CARTESIAN_POINT('',(22.103842410465,17.405542947021,
    3.649501624329));
#8179 = CARTESIAN_POINT('',(22.102446970858,17.405097259347,3.6519340863
    ));
#8180 = CARTESIAN_POINT('',(22.101073825153,17.404659058561,
    3.654380394171));
#8181 = CARTESIAN_POINT('',(22.099723112674,17.404228371282,
    3.656840359645));
#8182 = CARTESIAN_POINT('',(22.098394971465,17.403805223876,
    3.659313793021));
#8183 = CARTESIAN_POINT('',(22.097089538272,17.403389642452,3.6618005032
    ));
#8184 = CARTESIAN_POINT('',(22.095806948532,17.402981652875,
    3.664300297678));
#8185 = CARTESIAN_POINT('',(22.094547336362,17.402581280759,
    3.666812982555));
#8186 = CARTESIAN_POINT('',(22.09331083454,17.402188551478,
    3.669338362537));
#8187 = CARTESIAN_POINT('',(22.092097574494,17.401803490165,
    3.671876240934));
#8188 = CARTESIAN_POINT('',(22.090907686289,17.401426121713,
    3.674426419666));
#8189 = CARTESIAN_POINT('',(22.08974129861,17.401056470782,
    3.676988699262));
#8190 = CARTESIAN_POINT('',(22.088598538747,17.400694561798,
    3.67956287887));
#8191 = CARTESIAN_POINT('',(22.087479532585,17.400340418957,
    3.682148756252));
#8192 = CARTESIAN_POINT('',(22.086384404581,17.399994066228,
    3.68474612779));
#8193 = CARTESIAN_POINT('',(22.085313277757,17.399655527351,
    3.687354788493));
#8194 = CARTESIAN_POINT('',(22.08426627368,17.399324825845,
    3.689974531994));
#8195 = CARTESIAN_POINT('',(22.083243512448,17.399001985007,
    3.692605150561));
#8196 = CARTESIAN_POINT('',(22.082245112671,17.398687027912,
    3.695246435092));
#8197 = CARTESIAN_POINT('',(22.081271191461,17.398379977418,
    3.69789817513));
#8198 = CARTESIAN_POINT('',(22.080321864412,17.398080856166,
    3.700560158858));
#8199 = CARTESIAN_POINT('',(22.079397245584,17.397789686582,
    3.703232173109));
#8200 = CARTESIAN_POINT('',(22.078497447488,17.397506490878,
    3.705914003368));
#8201 = CARTESIAN_POINT('',(22.077622581069,17.397231291053,
    3.708605433781));
#8202 = CARTESIAN_POINT('',(22.076772755687,17.396964108897,
    3.711306247156));
#8203 = CARTESIAN_POINT('',(22.075948079105,17.396704965986,
    3.714016224969));
#8204 = CARTESIAN_POINT('',(22.075148657469,17.39645388369,
    3.716735147374));
#8205 = CARTESIAN_POINT('',(22.074374595289,17.396210883169,
    3.719462793205));
#8206 = CARTESIAN_POINT('',(22.073625995426,17.395975985376,
    3.722198939983));
#8207 = CARTESIAN_POINT('',(22.072902959074,17.395749211055,
    3.724943363923));
#8208 = CARTESIAN_POINT('',(22.072205585738,17.395530580745,
    3.727695839944));
#8209 = CARTESIAN_POINT('',(22.071533973224,17.395320114779,
    3.73045614167));
#8210 = CARTESIAN_POINT('',(22.070888217613,17.395117833284,
    3.733224041441));
#8211 = CARTESIAN_POINT('',(22.070268413252,17.394923756178,
    3.735999310322));
#8212 = CARTESIAN_POINT('',(22.069674652727,17.394737903176,
    3.738781718108));
#8213 = CARTESIAN_POINT('',(22.069107026854,17.394560293788,
    3.741571033334));
#8214 = CARTESIAN_POINT('',(22.068565624655,17.394390947313,
    3.744367023282));
#8215 = CARTESIAN_POINT('',(22.06805053334,17.394229882848,
    3.747169453992));
#8216 = CARTESIAN_POINT('',(22.067561838293,17.39407711928,3.74997809027
    ));
#8217 = CARTESIAN_POINT('',(22.06709962305,17.393932675288,
    3.752792695695));
#8218 = CARTESIAN_POINT('',(22.066663969284,17.393796569345,
    3.755613032634));
#8219 = CARTESIAN_POINT('',(22.066254956783,17.39366881971,
    3.758438862246));
#8220 = CARTESIAN_POINT('',(22.065872663433,17.393549444437,
    3.761269944498));
#8221 = CARTESIAN_POINT('',(22.0655171652,17.393438461363,3.76410603817)
  );
#8222 = CARTESIAN_POINT('',(22.065188536114,17.393335888114,
    3.766946900871));
#8223 = CARTESIAN_POINT('',(22.064886848246,17.393241742103,
    3.769792289046));
#8224 = CARTESIAN_POINT('',(22.06461217169,17.393156040526,
    3.772641957989));
#8225 = CARTESIAN_POINT('',(22.064364574548,17.393078800359,
    3.775495661856));
#8226 = CARTESIAN_POINT('',(22.06414412291,17.393010038363,
    3.778353153675));
#8227 = CARTESIAN_POINT('',(22.063950880832,17.392949771072,
    3.78121418536));
#8228 = CARTESIAN_POINT('',(22.063784910324,17.392898014802,
    3.784078507723));
#8229 = CARTESIAN_POINT('',(22.063646271323,17.392854785638,
    3.786945870487));
#8230 = CARTESIAN_POINT('',(22.063535021682,17.392820099441,
    3.789816022298));
#8231 = CARTESIAN_POINT('',(22.063451217148,17.392793971839,
    3.792688710741));
#8232 = CARTESIAN_POINT('',(22.063394911345,17.392776418227,
    3.795563682352));
#8233 = CARTESIAN_POINT('',(22.063370549658,17.392768823549,
    3.798001071672));
#8234 = CARTESIAN_POINT('',(22.063366704722,17.392767624904,
    3.799480054208));
#8235 = CARTESIAN_POINT('',(22.06336670472,17.392767624903,
    3.799999999999));
#8236 = ORIENTED_EDGE('',*,*,#8237,.F.);
#8237 = EDGE_CURVE('',#8238,#8062,#8240,.T.);
#8238 = VERTEX_POINT('',#8239);
#8239 = CARTESIAN_POINT('',(22.063366704711,17.392767624902,
    11.549999999999));
#8240 = LINE('',#8241,#8242);
#8241 = CARTESIAN_POINT('',(22.063366704711,17.392767624902,
    11.549999999999));
#8242 = VECTOR('',#8243,1.);
#8243 = DIRECTION('',(5.849371166644E-13,1.097974757708E-13,-1.));
#8244 = ORIENTED_EDGE('',*,*,#8245,.F.);
#8245 = EDGE_CURVE('',#7878,#8238,#8246,.T.);
#8246 = B_SPLINE_CURVE_WITH_KNOTS('',3,(#8247,#8248,#8249,#8250,#8251,
    #8252,#8253,#8254,#8255,#8256,#8257,#8258,#8259,#8260,#8261,#8262,
    #8263,#8264,#8265,#8266,#8267,#8268,#8269,#8270,#8271,#8272,#8273,
    #8274,#8275,#8276,#8277,#8278,#8279,#8280,#8281,#8282,#8283,#8284,
    #8285,#8286,#8287,#8288,#8289,#8290,#8291,#8292,#8293,#8294,#8295,
    #8296,#8297,#8298,#8299,#8300,#8301,#8302,#8303,#8304,#8305,#8306,
    #8307,#8308,#8309,#8310,#8311,#8312,#8313,#8314,#8315,#8316,#8317,
    #8318,#8319,#8320,#8321,#8322,#8323,#8324,#8325,#8326,#8327,#8328,
    #8329,#8330,#8331,#8332,#8333,#8334,#8335,#8336,#8337,#8338,#8339,
    #8340,#8341,#8342,#8343,#8344,#8345,#8346,#8347,#8348,#8349,#8350,
    #8351,#8352,#8353,#8354,#8355,#8356,#8357,#8358,#8359,#8360,#8361,
    #8362,#8363,#8364,#8365,#8366,#8367,#8368,#8369,#8370,#8371,#8372,
    #8373,#8374,#8375,#8376,#8377,#8378,#8379,#8380,#8381,#8382,#8383,
    #8384,#8385,#8386,#8387,#8388,#8389,#8390,#8391,#8392,#8393,#8394,
    #8395,#8396,#8397,#8398,#8399,#8400,#8401,#8402,#8403,#8404,#8405,
    #8406),.UNSPECIFIED.,.F.,.F.,(4,1,1,1,1,1,1,1,1,1,1,1,1,1,1,1,1,1,1,
    1,1,1,1,1,1,1,1,1,1,1,1,1,1,1,1,1,1,1,1,1,1,1,1,1,1,1,1,1,1,1,1,1,1,
    1,1,1,1,1,1,1,1,1,1,1,1,1,1,1,1,1,1,1,1,1,1,1,1,1,1,1,1,1,1,1,1,1,1,
    1,1,1,1,1,1,1,1,1,1,1,1,1,1,1,1,1,1,1,1,1,1,1,1,1,1,1,1,1,1,1,1,1,1,
    1,1,1,1,1,1,1,1,1,1,1,1,1,1,1,1,1,1,1,1,1,1,1,1,1,1,1,1,1,1,1,1,1,1,
    1,1,4),(0.750063822357,0.751681254232,0.753299454413,0.754918419965,
    0.75653814737,0.758158632515,0.759779870686,0.761401856555,
    0.763024584175,0.764648046966,0.766272237713,0.767897148557,
    0.769522770987,0.771149095834,0.772776113267,0.774403812788,
    0.776032183224,0.777661212731,0.779290888782,0.780921198174,
    0.782552127018,0.784183660745,0.785815784103,0.787448481158,
    0.789081735295,0.790715529223,0.792349844976,0.793984663919,
    0.795619966752,0.797255733514,0.798891943593,0.800528575734,
    0.802165608044,0.803803018004,0.80544078248,0.807078877732,
    0.808717279428,0.810355962658,0.811994901945,0.813634071263,
    0.815273444051,0.816912993232,0.818552691228,0.820192509982,
    0.821832420973,0.823472395242,0.825112403408,0.826752415693,
    0.828392401944,0.830032331657,0.831672174001,0.833311897845,
    0.834951471781,0.836590864151,0.838230043077,0.839868976487,
    0.841507632141,0.843145977666,0.844783980579,0.846421608321,
    0.848058828287,0.849695607854,0.851331914417,0.852967715414,
    0.854602978364,0.856237670895,0.857871760776,0.859505215952,
    0.861138004573,0.862770095027,0.864401455974,0.866032056374,
    0.867661865525,0.869290853086,0.870918989117,0.872546244105,
    0.874172588996,0.875797995226,0.877422434749,0.879045880068,
    0.880668304265,0.882289681024,0.883909984665,0.885529190167,
    0.887147273194,0.888764210122,0.890379978064,0.891994554891,
    0.893607919258,0.895220050622,0.896830929269,0.898440536326,
    0.900048853788,0.90165586453,0.903261552327,0.904865901869,
    0.906468898777,0.908070529613,0.909670781898,0.911269644117,
    0.912867105736,0.914463157206,0.916057789973,0.917650996486,
    0.9192427702,0.920833105581,0.922421998113,0.924009444295,
    0.925595441645,0.927179988701,0.928763085016,0.93034473116,
    0.931924928713,0.933503680263,0.935080989401,0.936656860711,
    0.938231299766,0.939804313117,0.941375908286,0.942946093753,
    0.944514878944,0.946082274224,0.947648290876,0.949212941094,
    0.950776237961,0.952338195442,0.953898828359,0.955458152378,
    0.957016183991,0.958572940497,0.960128439982,0.961682701297,
    0.963235744044,0.964787588547,0.966338255835,0.967887767619,
    0.969436146268,0.970983414786,0.972529596792,0.974074716489,
    0.975618798645,0.977161868567,0.978703952076,0.98024507548,
    0.981785265549,0.983324549492,0.984862954925,0.986400509851,
    0.987937242628,0.989473181947,0.991008356803,0.992542796466,
    0.994076530458,0.995609588524,0.997142000606,0.998673796814,
    0.999211152572,1.),.UNSPECIFIED.);
#8247 = CARTESIAN_POINT('',(21.319327442732,17.211991651315,
    12.299976312694));
#8248 = CARTESIAN_POINT('',(21.321851419906,17.212436602319,
    12.299956252371));
#8249 = CARTESIAN_POINT('',(21.326899806358,17.213329916269,
    12.299890637779));
#8250 = CARTESIAN_POINT('',(21.334471118656,17.214679672679,
    12.299715764034));
#8251 = CARTESIAN_POINT('',(21.342042189169,17.216039402473,
    12.299464374981));
#8252 = CARTESIAN_POINT('',(21.349612239233,17.217408970221,
    12.29913643859));
#8253 = CARTESIAN_POINT('',(21.357180487786,17.218788235987,
    12.298731930933));
#8254 = CARTESIAN_POINT('',(21.364746151424,17.220177055313,
    12.298250836278));
#8255 = CARTESIAN_POINT('',(21.372308444457,17.221575279212,
    12.297693147189));
#8256 = CARTESIAN_POINT('',(21.379866578976,17.222982754161,
    12.29705886462));
#8257 = CARTESIAN_POINT('',(21.387419764916,17.224399322098,
    12.296347998015));
#8258 = CARTESIAN_POINT('',(21.39496721013,17.225824820419,
    12.295560565407));
#8259 = CARTESIAN_POINT('',(21.402508120463,17.227259081976,
    12.294696593519));
#8260 = CARTESIAN_POINT('',(21.410041699833,17.228701935083,
    12.29375611786));
#8261 = CARTESIAN_POINT('',(21.417567150313,17.230153203521,
    12.292739182827));
#8262 = CARTESIAN_POINT('',(21.425083672221,17.231612706544,
    12.291645841804));
#8263 = CARTESIAN_POINT('',(21.432590464212,17.233080258889,
    12.290476157261));
#8264 = CARTESIAN_POINT('',(21.440086723378,17.234555670792,
    12.28923020085));
#8265 = CARTESIAN_POINT('',(21.447571645347,17.236038748004,
    12.287908053506));
#8266 = CARTESIAN_POINT('',(21.455044424394,17.237529291805,
    12.286509805541));
#8267 = CARTESIAN_POINT('',(21.462504253551,17.239027099032,
    12.285035556741));
#8268 = CARTESIAN_POINT('',(21.469950324724,17.240531962102,
    12.28348541646));
#8269 = CARTESIAN_POINT('',(21.477381828816,17.242043669036,
    12.281859503711));
#8270 = CARTESIAN_POINT('',(21.484797955853,17.243562003496,
    12.280157947258));
#8271 = CARTESIAN_POINT('',(21.492197895117,17.245086744815,
    12.278380885703));
#8272 = CARTESIAN_POINT('',(21.499580835281,17.246617668038,
    12.276528467575));
#8273 = CARTESIAN_POINT('',(21.506945964554,17.248154543959,
    12.274600851411));
#8274 = CARTESIAN_POINT('',(21.514292470823,17.249697139168,
    12.272598205836));
#8275 = CARTESIAN_POINT('',(21.521619541809,17.251245216096,
    12.270520709645));
#8276 = CARTESIAN_POINT('',(21.528926365222,17.252798533071,
    12.268368551875));
#8277 = CARTESIAN_POINT('',(21.536212128921,17.254356844364,
    12.266141931876));
#8278 = CARTESIAN_POINT('',(21.543476021083,17.255919900256,
    12.263841059378));
#8279 = CARTESIAN_POINT('',(21.550717230372,17.257487447092,
    12.261466154558));
#8280 = CARTESIAN_POINT('',(21.557934946115,17.259059227352,
    12.259017448094));
#8281 = CARTESIAN_POINT('',(21.565128358481,17.260634979715,
    12.256495181224));
#8282 = CARTESIAN_POINT('',(21.572296658667,17.262214439131,
    12.253899605794));
#8283 = CARTESIAN_POINT('',(21.579439039088,17.263797336903,
    12.251230984305));
#8284 = CARTESIAN_POINT('',(21.586554693564,17.265383400756,
    12.248489589952));
#8285 = CARTESIAN_POINT('',(21.593642817525,17.266972354929,
    12.245675706656));
#8286 = CARTESIAN_POINT('',(21.600702608206,17.268563920257,
    12.2427896291));
#8287 = CARTESIAN_POINT('',(21.607733264853,17.270157814259,
    12.239831662745));
#8288 = CARTESIAN_POINT('',(21.61473398893,17.271753751237,
    12.236802123852));
#8289 = CARTESIAN_POINT('',(21.621703984334,17.273351442367,
    12.233701339492));
#8290 = CARTESIAN_POINT('',(21.628642457605,17.274950595802,
    12.230529647548));
#8291 = CARTESIAN_POINT('',(21.635548618144,17.276550916775,
    12.22728739672));
#8292 = CARTESIAN_POINT('',(21.642421678434,17.278152107708,
    12.223974946507));
#8293 = CARTESIAN_POINT('',(21.649260854262,17.279753868317,
    12.220592667199));
#8294 = CARTESIAN_POINT('',(21.656065364943,17.281355895729,
    12.217140939852));
#8295 = CARTESIAN_POINT('',(21.662834433544,17.2829578846,
    12.213620156257));
#8296 = CARTESIAN_POINT('',(21.669567287115,17.28455952723,
    12.210030718903));
#8297 = CARTESIAN_POINT('',(21.676263156917,17.286160513687,
    12.206373040934));
#8298 = CARTESIAN_POINT('',(21.68292127865,17.287760531935,
    12.202647546097));
#8299 = CARTESIAN_POINT('',(21.689540892685,17.289359267955,
    12.19885466868));
#8300 = CARTESIAN_POINT('',(21.696121244295,17.290956405885,
    12.194994853445));
#8301 = CARTESIAN_POINT('',(21.702661583886,17.292551628144,
    12.191068555553));
#8302 = CARTESIAN_POINT('',(21.709161167228,17.294144615572,
    12.187076240483));
#8303 = CARTESIAN_POINT('',(21.715619255682,17.295735047567,
    12.183018383939));
#8304 = CARTESIAN_POINT('',(21.722035116435,17.297322602222,
    12.178895471748));
#8305 = CARTESIAN_POINT('',(21.728408022722,17.298906956471,
    12.174707999761));
#8306 = CARTESIAN_POINT('',(21.734737254055,17.300487786229,
    12.170456473733));
#8307 = CARTESIAN_POINT('',(21.741022096447,17.302064766536,
    12.166141409199));
#8308 = CARTESIAN_POINT('',(21.747261842633,17.303637571705,
    12.161763331352));
#8309 = CARTESIAN_POINT('',(21.75345579229,17.305205875472,
    12.157322774897));
#8310 = CARTESIAN_POINT('',(21.759603252251,17.306769351139,
    12.152820283912));
#8311 = CARTESIAN_POINT('',(21.765703536721,17.308327671729,
    12.148256411691));
#8312 = CARTESIAN_POINT('',(21.771755967483,17.309880510133,
    12.143631720587));
#8313 = CARTESIAN_POINT('',(21.777759874105,17.311427539262,
    12.138946781847));
#8314 = CARTESIAN_POINT('',(21.783714594139,17.312968432199,
    12.134202175432));
#8315 = CARTESIAN_POINT('',(21.789619473316,17.31450286235,
    12.129398489842));
#8316 = CARTESIAN_POINT('',(21.79547386574,17.316030503598,
    12.124536321928));
#8317 = CARTESIAN_POINT('',(21.801277134069,17.317551030447,
    12.119616276697));
#8318 = CARTESIAN_POINT('',(21.807028649699,17.319064118183,
    12.114638967112));
#8319 = CARTESIAN_POINT('',(21.812727792935,17.320569443018,
    12.109605013891));
#8320 = CARTESIAN_POINT('',(21.818373953157,17.322066682241,
    12.104515045288));
#8321 = CARTESIAN_POINT('',(21.823966528986,17.323555514369,
    12.099369696887));
#8322 = CARTESIAN_POINT('',(21.829504928434,17.325035619291,
    12.094169611371));
#8323 = CARTESIAN_POINT('',(21.834988569053,17.326506678419,
    12.088915438302));
#8324 = CARTESIAN_POINT('',(21.840416878073,17.327968374827,
    12.083607833889));
#8325 = CARTESIAN_POINT('',(21.845789292538,17.329420393403,
    12.078247460753));
#8326 = CARTESIAN_POINT('',(21.851105259427,17.33086242098,
    12.072834987689));
#8327 = CARTESIAN_POINT('',(21.856364235775,17.332294146483,
    12.067371089426));
#8328 = CARTESIAN_POINT('',(21.861565688778,17.333715261066,
    12.06185644638));
#8329 = CARTESIAN_POINT('',(21.866709095898,17.335125458243,
    12.056291744409));
#8330 = CARTESIAN_POINT('',(21.871793944951,17.336524434021,
    12.050677674562));
#8331 = CARTESIAN_POINT('',(21.876819734197,17.337911887036,
    12.045014932828));
#8332 = CARTESIAN_POINT('',(21.881785972409,17.33928751867,
    12.039304219884));
#8333 = CARTESIAN_POINT('',(21.886692178947,17.340651033185,
    12.033546240838));
#8334 = CARTESIAN_POINT('',(21.891537883813,17.342002137837,
    12.027741704979));
#8335 = CARTESIAN_POINT('',(21.8963226277,17.343340542999,
    12.021891325518));
#8336 = CARTESIAN_POINT('',(21.901045962037,17.344665962273,
    12.015995819334));
#8337 = CARTESIAN_POINT('',(21.905707449018,17.3459781126,
    12.010055906718));
#8338 = CARTESIAN_POINT('',(21.910306661629,17.347276714372,
    12.004072311119));
#8339 = CARTESIAN_POINT('',(21.914843183661,17.348561491533,
    11.998045758895));
#8340 = CARTESIAN_POINT('',(21.91931660972,17.349832171679,
    11.991976979056));
#8341 = CARTESIAN_POINT('',(21.923726545223,17.35108848616,
    11.985866703015));
#8342 = CARTESIAN_POINT('',(21.928072606386,17.352330170168,
    11.979715664346));
#8343 = CARTESIAN_POINT('',(21.932354420214,17.353556962826,
    11.97352459853));
#8344 = CARTESIAN_POINT('',(21.936571624464,17.354768607279,
    11.967294242723));
#8345 = CARTESIAN_POINT('',(21.940723867619,17.355964850769,
    11.96102533551));
#8346 = CARTESIAN_POINT('',(21.944810808842,17.357145444717,
    11.954718616671));
#8347 = CARTESIAN_POINT('',(21.948832117929,17.358310144795,
    11.948374826954));
#8348 = CARTESIAN_POINT('',(21.952787475248,17.359458710997,
    11.941994707841));
#8349 = CARTESIAN_POINT('',(21.956676571676,17.360590907699,
    11.935579001331));
#8350 = CARTESIAN_POINT('',(21.96049910853,17.361706503731,
    11.929128449719));
#8351 = CARTESIAN_POINT('',(21.964254797486,17.362805272425,
    11.922643795386));
#8352 = CARTESIAN_POINT('',(21.967943360493,17.363886991673,
    11.916125780584));
#8353 = CARTESIAN_POINT('',(21.971564529685,17.364951443977,
    11.909575147245));
#8354 = CARTESIAN_POINT('',(21.975118047281,17.365998416496,
    11.902992636774));
#8355 = CARTESIAN_POINT('',(21.978603665485,17.367027701085,
    11.896378989863));
#8356 = CARTESIAN_POINT('',(21.98202114637,17.368039094335,
    11.889734946307));
#8357 = CARTESIAN_POINT('',(21.985370261774,17.369032397609,
    11.883061244824));
#8358 = CARTESIAN_POINT('',(21.988650793174,17.370007417072,
    11.876358622884));
#8359 = CARTESIAN_POINT('',(21.991862531563,17.370963963717,
    11.869627816544));
#8360 = CARTESIAN_POINT('',(21.995005277326,17.371901853394,
    11.862869560287));
#8361 = CARTESIAN_POINT('',(21.998078840103,17.372820906823,
    11.856084586874));
#8362 = CARTESIAN_POINT('',(22.001083038657,17.373720949618,
    11.849273627197));
#8363 = CARTESIAN_POINT('',(22.004017700732,17.374601812298,
    11.842437410139));
#8364 = CARTESIAN_POINT('',(22.006882662912,17.375463330299,
    11.83557666245));
#8365 = CARTESIAN_POINT('',(22.009677770475,17.376305343979,
    11.828692108616));
#8366 = CARTESIAN_POINT('',(22.012402877246,17.377127698629,
    11.821784470746));
#8367 = CARTESIAN_POINT('',(22.015057845446,17.377930244467,
    11.814854468466));
#8368 = CARTESIAN_POINT('',(22.017642545541,17.378712836645,
    11.807902818808));
#8369 = CARTESIAN_POINT('',(22.020156856089,17.37947533524,
    11.800930236127));
#8370 = CARTESIAN_POINT('',(22.022600663582,17.380217605254,
    11.793937432003));
#8371 = CARTESIAN_POINT('',(22.024973862294,17.380939516598,
    11.786925115167));
#8372 = CARTESIAN_POINT('',(22.027276354122,17.38164094409,
    11.779893991427));
#8373 = CARTESIAN_POINT('',(22.029508048433,17.382321767438,
    11.772844763598));
#8374 = CARTESIAN_POINT('',(22.0316688619,17.382981871224,11.76577813145
    ));
#8375 = CARTESIAN_POINT('',(22.033758718353,17.383621144893,
    11.758694791647));
#8376 = CARTESIAN_POINT('',(22.035777548616,17.38423948273,
    11.751595437709));
#8377 = CARTESIAN_POINT('',(22.037725290357,17.38483678384,
    11.744480759973));
#8378 = CARTESIAN_POINT('',(22.03960188793,17.385412952131,
    11.737351445554));
#8379 = CARTESIAN_POINT('',(22.041407292222,17.385967896287,
    11.730208178331));
#8380 = CARTESIAN_POINT('',(22.043141460503,17.386501529746,
    11.723051638917));
#8381 = CARTESIAN_POINT('',(22.044804356273,17.387013770672,
    11.715882504655));
#8382 = CARTESIAN_POINT('',(22.046395949117,17.387504541932,
    11.708701449605));
#8383 = CARTESIAN_POINT('',(22.047916214557,17.387973771065,
    11.70150914455));
#8384 = CARTESIAN_POINT('',(22.049365133909,17.388421390259,
    11.694306256994));
#8385 = CARTESIAN_POINT('',(22.050742694144,17.388847336314,
    11.687093451181));
#8386 = CARTESIAN_POINT('',(22.052048887748,17.389251550619,
    11.679871388105));
#8387 = CARTESIAN_POINT('',(22.053283712588,17.38963397912,
    11.672640725535));
#8388 = CARTESIAN_POINT('',(22.054447171779,17.389994572289,
    11.66540211804));
#8389 = CARTESIAN_POINT('',(22.055539273559,17.390333285089,
    11.658156217025));
#8390 = CARTESIAN_POINT('',(22.056560031161,17.39065007695,
    11.65090367076));
#8391 = CARTESIAN_POINT('',(22.057509462695,17.390944911733,
    11.643645124431));
#8392 = CARTESIAN_POINT('',(22.05838759103,17.391217757697,
    11.636381220177));
#8393 = CARTESIAN_POINT('',(22.059194443679,17.391468587472,
    11.629112597142));
#8394 = CARTESIAN_POINT('',(22.059930052693,17.391697378022,
    11.621839891532));
#8395 = CARTESIAN_POINT('',(22.060594454558,17.391904110618,
    11.614563736666));
#8396 = CARTESIAN_POINT('',(22.061187690089,17.392088770806,
    11.607284763046));
#8397 = CARTESIAN_POINT('',(22.061709804341,17.392251348372,
    11.600003598399));
#8398 = CARTESIAN_POINT('',(22.062160846514,17.392391837318,
    11.592720867808));
#8399 = CARTESIAN_POINT('',(22.062540869869,17.392510235825,
    11.585437193564));
#8400 = CARTESIAN_POINT('',(22.062849931643,17.392606546228,
    11.578153196035));
#8401 = CARTESIAN_POINT('',(22.063088092984,17.392680774986,
    11.570869490775));
#8402 = CARTESIAN_POINT('',(22.063255418841,17.392732932647,
    11.563586699659));
#8403 = CARTESIAN_POINT('',(22.063331095106,17.392756523832,
    11.557880139984));
#8404 = CARTESIAN_POINT('',(22.06336145095,17.392765987057,
    11.553351491834));
#8405 = CARTESIAN_POINT('',(22.063366704711,17.392767624902,
    11.551249999077));
#8406 = CARTESIAN_POINT('',(22.063366704711,17.392767624902,
    11.549999999999));
#8407 = CYLINDRICAL_SURFACE('',#8408,6.);
#8408 = AXIS2_PLACEMENT_3D('',#8409,#8410,#8411);
#8409 = CARTESIAN_POINT('',(20.277652418711,23.120875906767,12.3));
#8410 = DIRECTION('',(0.,2.22044604925E-16,1.));
#8411 = DIRECTION('',(0.,1.,-2.22044604925E-16));
#8412 = ADVANCED_FACE('',(#8413),#8778,.T.);
#8413 = FACE_BOUND('',#8414,.T.);
#8414 = EDGE_LOOP('',(#8415,#8423,#8424,#8425,#8426,#8434,#8601,#8610));
#8415 = ORIENTED_EDGE('',*,*,#8416,.F.);
#8416 = EDGE_CURVE('',#8238,#8417,#8419,.T.);
#8417 = VERTEX_POINT('',#8418);
#8418 = CARTESIAN_POINT('',(22.063366704711,-5.151015811368,11.55));
#8419 = LINE('',#8420,#8421);
#8420 = CARTESIAN_POINT('',(22.063366704711,17.392767624902,
    11.549999999999));
#8421 = VECTOR('',#8422,1.);
#8422 = DIRECTION('',(0.,-1.,2.22044604925E-16));
#8423 = ORIENTED_EDGE('',*,*,#8245,.F.);
#8424 = ORIENTED_EDGE('',*,*,#7877,.T.);
#8425 = ORIENTED_EDGE('',*,*,#7888,.F.);
#8426 = ORIENTED_EDGE('',*,*,#8427,.T.);
#8427 = EDGE_CURVE('',#7889,#8428,#8430,.T.);
#8428 = VERTEX_POINT('',#8429);
#8429 = CARTESIAN_POINT('',(20.563366704715,-4.88593067513,11.55));
#8430 = LINE('',#8431,#8432);
#8431 = CARTESIAN_POINT('',(20.563366704715,17.127682488664,
    11.549999999999));
#8432 = VECTOR('',#8433,1.);
#8433 = DIRECTION('',(-3.227742444974E-16,-1.,-1.007296395723E-16));
#8434 = ORIENTED_EDGE('',*,*,#8435,.F.);
#8435 = EDGE_CURVE('',#8436,#8428,#8438,.T.);
#8436 = VERTEX_POINT('',#8437);
#8437 = CARTESIAN_POINT('',(21.304622427441,-4.967666354133,
    12.299949023344));
#8438 = B_SPLINE_CURVE_WITH_KNOTS('',3,(#8439,#8440,#8441,#8442,#8443,
    #8444,#8445,#8446,#8447,#8448,#8449,#8450,#8451,#8452,#8453,#8454,
    #8455,#8456,#8457,#8458,#8459,#8460,#8461,#8462,#8463,#8464,#8465,
    #8466,#8467,#8468,#8469,#8470,#8471,#8472,#8473,#8474,#8475,#8476,
    #8477,#8478,#8479,#8480,#8481,#8482,#8483,#8484,#8485,#8486,#8487,
    #8488,#8489,#8490,#8491,#8492,#8493,#8494,#8495,#8496,#8497,#8498,
    #8499,#8500,#8501,#8502,#8503,#8504,#8505,#8506,#8507,#8508,#8509,
    #8510,#8511,#8512,#8513,#8514,#8515,#8516,#8517,#8518,#8519,#8520,
    #8521,#8522,#8523,#8524,#8525,#8526,#8527,#8528,#8529,#8530,#8531,
    #8532,#8533,#8534,#8535,#8536,#8537,#8538,#8539,#8540,#8541,#8542,
    #8543,#8544,#8545,#8546,#8547,#8548,#8549,#8550,#8551,#8552,#8553,
    #8554,#8555,#8556,#8557,#8558,#8559,#8560,#8561,#8562,#8563,#8564,
    #8565,#8566,#8567,#8568,#8569,#8570,#8571,#8572,#8573,#8574,#8575,
    #8576,#8577,#8578,#8579,#8580,#8581,#8582,#8583,#8584,#8585,#8586,
    #8587,#8588,#8589,#8590,#8591,#8592,#8593,#8594,#8595,#8596,#8597,
    #8598,#8599,#8600),.UNSPECIFIED.,.F.,.F.,(4,1,1,1,1,1,1,1,1,1,1,1,1,
    1,1,1,1,1,1,1,1,1,1,1,1,1,1,1,1,1,1,1,1,1,1,1,1,1,1,1,1,1,1,1,1,1,1,
    1,1,1,1,1,1,1,1,1,1,1,1,1,1,1,1,1,1,1,1,1,1,1,1,1,1,1,1,1,1,1,1,1,1,
    1,1,1,1,1,1,1,1,1,1,1,1,1,1,1,1,1,1,1,1,1,1,1,1,1,1,1,1,1,1,1,1,1,1,
    1,1,1,1,1,1,1,1,1,1,1,1,1,1,1,1,1,1,1,1,1,1,1,1,1,1,1,1,1,1,1,1,1,1,
    1,1,1,1,1,1,1,1,1,1,4),(0.25307664267,0.254628932401,0.256180948685,
    0.257732696168,0.259284179786,0.260835404761,0.26238637659,
    0.263937101035,0.265487584109,0.267037832073,0.268587851418,
    0.270137648858,0.271687231321,0.273236605933,0.274785780014,
    0.276334761059,0.277883556735,0.279432174863,0.280980623414,
    0.282528910491,0.284077044322,0.28562503325,0.287172885716,
    0.288720610257,0.290268215487,0.29181571009,0.293363102809,
    0.294910402436,0.296457617799,0.298004757752,0.299551831167,
    0.301098846923,0.302645813893,0.304192740938,0.305739636893,
    0.307286510564,0.308833370709,0.310380226039,0.3119270852,
    0.31347395677,0.315020849249,0.316567771048,0.318114730485,
    0.319661735772,0.321208795012,0.322755916188,0.32430310716,
    0.325850375651,0.327397729249,0.328945175391,0.330492721367,
    0.332040374304,0.33358814117,0.33513602876,0.336684043697,
    0.338232192424,0.339780481202,0.341328916105,0.342877503013,
    0.344426247613,0.345975155395,0.347524231646,0.349073481451,
    0.350622909689,0.352172521029,0.353722319935,0.355272310655,
    0.356822497229,0.358372883481,0.359923473026,0.361474269262,
    0.363025275375,0.364576494339,0.366127928914,0.367679581651,
    0.369231454891,0.370783550766,0.3723358712,0.373888417916,
    0.375441192432,0.376994196069,0.378547429949,0.380100895002,
    0.381654591966,0.383208521395,0.384762683655,0.386317078938,
    0.387871707257,0.389426568455,0.39098166221,0.392536988034,
    0.394092545286,0.395648333171,0.397204350745,0.398760596924,
    0.400317070485,0.401873770074,0.403430694212,0.404987841297,
    0.406545209612,0.408102797332,0.409660602524,0.411218623162,
    0.412776857122,0.414335302197,0.415893956095,0.417452816452,
    0.419011880831,0.420571146733,0.422130611599,0.423690272817,
    0.425250127726,0.426810173627,0.428370407779,0.429930827413,
    0.431491429732,0.433052211918,0.434613171137,0.436174304543,
    0.437735609283,0.439297082503,0.44085872135,0.442420522979,
    0.443982484555,0.445544603258,0.447106876288,0.448669300865,
    0.450231874239,0.451794593686,0.453357456517,0.454920460079,
    0.456483601756,0.458046878975,0.459610289209,0.461173829975,
    0.46273749884,0.464301293423,0.465865211394,0.46742925048,
    0.468993408462,0.470557683181,0.472122072537,0.473686574489,
    0.475251187057,0.476815908325,0.478380736439,0.479945669607,
    0.481510706102,0.483075844261,0.484641082485,0.486206419239,
    0.487771853054,0.489337382523,0.490903006302,0.492468723115,
    0.494034531743,0.495600431035,0.497166419899,0.498732497304,
    0.50000005181),.UNSPECIFIED.);
#8439 = CARTESIAN_POINT('',(21.304622427441,-4.967666354133,
    12.299949023344));
#8440 = CARTESIAN_POINT('',(21.302199135006,-4.967245366829,
    12.299920768169));
#8441 = CARTESIAN_POINT('',(21.297352725199,-4.966406492552,
    12.299840767579));
#8442 = CARTESIAN_POINT('',(21.290083664485,-4.965157480397,
    12.299650269019));
#8443 = CARTESIAN_POINT('',(21.282816460781,-4.963917980577,
    12.299389291406));
#8444 = CARTESIAN_POINT('',(21.275551769545,-4.962688090824,
    12.299057848213));
#8445 = CARTESIAN_POINT('',(21.268290245803,-4.961467905545,
    12.298655958431));
#8446 = CARTESIAN_POINT('',(21.261032544147,-4.960257515836,
    12.298183646555));
#8447 = CARTESIAN_POINT('',(21.253779318731,-4.95905700949,
    12.297640942567));
#8448 = CARTESIAN_POINT('',(21.246531223271,-4.957866471011,
    12.297027881923));
#8449 = CARTESIAN_POINT('',(21.239288911037,-4.956685981625,
    12.296344505546));
#8450 = CARTESIAN_POINT('',(21.232053034859,-4.955515619292,
    12.295590859816));
#8451 = CARTESIAN_POINT('',(21.224824247119,-4.954355458723,
    12.294766996562));
#8452 = CARTESIAN_POINT('',(21.217603199756,-4.953205571394,
    12.29387297306));
#8453 = CARTESIAN_POINT('',(21.210390544257,-4.952066025556,
    12.29290885203));
#8454 = CARTESIAN_POINT('',(21.203186931663,-4.950936886257,
    12.291874701632));
#8455 = CARTESIAN_POINT('',(21.195993012563,-4.949818215356,
    12.290770595473));
#8456 = CARTESIAN_POINT('',(21.188809437092,-4.948710071539,
    12.289596612602));
#8457 = CARTESIAN_POINT('',(21.18163685493,-4.947612510336,
    12.288352837524));
#8458 = CARTESIAN_POINT('',(21.174475915298,-4.946525584141,
    12.287039360199));
#8459 = CARTESIAN_POINT('',(21.167327266953,-4.945449342229,
    12.285656276055));
#8460 = CARTESIAN_POINT('',(21.160191558189,-4.944383830774,
    12.284203685995));
#8461 = CARTESIAN_POINT('',(21.153069436822,-4.943329092871,
    12.282681696412));
#8462 = CARTESIAN_POINT('',(21.145961550195,-4.942285168554,
    12.281090419202));
#8463 = CARTESIAN_POINT('',(21.138868545161,-4.941252094818,
    12.279429971775));
#8464 = CARTESIAN_POINT('',(21.131791068079,-4.940229905638,
    12.277700477078));
#8465 = CARTESIAN_POINT('',(21.124729764806,-4.93921863199,
    12.27590206361));
#8466 = CARTESIAN_POINT('',(21.117685280681,-4.938218301877,
    12.274034865441));
#8467 = CARTESIAN_POINT('',(21.110658260518,-4.937228940345,
    12.272099022235));
#8468 = CARTESIAN_POINT('',(21.103649348588,-4.936250569513,
    12.270094679271));
#8469 = CARTESIAN_POINT('',(21.096659188607,-4.935283208588,
    12.26802198747));
#8470 = CARTESIAN_POINT('',(21.089688423714,-4.934326873897,
    12.265881103413));
#8471 = CARTESIAN_POINT('',(21.082737696459,-4.933381578904,
    12.263672189374));
#8472 = CARTESIAN_POINT('',(21.075807648776,-4.932447334239,
    12.261395413345));
#8473 = CARTESIAN_POINT('',(21.068898921968,-4.931524147722,
    12.259050949063));
#8474 = CARTESIAN_POINT('',(21.062012156674,-4.930612024388,
    12.256638976036));
#8475 = CARTESIAN_POINT('',(21.05514799285,-4.929710966513,
    12.254159679581));
#8476 = CARTESIAN_POINT('',(21.048307069738,-4.928820973641,
    12.251613250845));
#8477 = CARTESIAN_POINT('',(21.041490025837,-4.927942042609,
    12.248999886843));
#8478 = CARTESIAN_POINT('',(21.034697498868,-4.927074167579,
    12.246319790486));
#8479 = CARTESIAN_POINT('',(21.027930125746,-4.926217340061,
    12.243573170611));
#8480 = CARTESIAN_POINT('',(21.021188542534,-4.925371548942,
    12.24076024202));
#8481 = CARTESIAN_POINT('',(21.014473384413,-4.924536780519,
    12.237881225503));
#8482 = CARTESIAN_POINT('',(21.007785285638,-4.923713018525,
    12.234936347881));
#8483 = CARTESIAN_POINT('',(21.001124879492,-4.922900244157,
    12.231925842029));
#8484 = CARTESIAN_POINT('',(20.994492798245,-4.922098436112,
    12.228849946913));
#8485 = CARTESIAN_POINT('',(20.987889673104,-4.921307570615,
    12.225708907625));
#8486 = CARTESIAN_POINT('',(20.981316134164,-4.920527621449,
    12.222502975408));
#8487 = CARTESIAN_POINT('',(20.974772810354,-4.91975855999,
    12.219232407694));
#8488 = CARTESIAN_POINT('',(20.968260329386,-4.919000355238,
    12.215897468131));
#8489 = CARTESIAN_POINT('',(20.961779317692,-4.918252973851,
    12.212498426617));
#8490 = CARTESIAN_POINT('',(20.955330400371,-4.917516380178,
    12.209035559325));
#8491 = CARTESIAN_POINT('',(20.948914201127,-4.916790536296,
    12.205509148738));
#8492 = CARTESIAN_POINT('',(20.942531342199,-4.916075402042,
    12.201919483672));
#8493 = CARTESIAN_POINT('',(20.936182444305,-4.915370935048,
    12.198266859306));
#8494 = CARTESIAN_POINT('',(20.929868126564,-4.914677090784,
    12.194551577207));
#8495 = CARTESIAN_POINT('',(20.923589006432,-4.913993822585,
    12.190773945355));
#8496 = CARTESIAN_POINT('',(20.91734569963,-4.913321081697,
    12.186934278167));
#8497 = CARTESIAN_POINT('',(20.911138820065,-4.91265881731,
    12.183032896518));
#8498 = CARTESIAN_POINT('',(20.904968979756,-4.912006976601,
    12.179070127762));
#8499 = CARTESIAN_POINT('',(20.898836788757,-4.911365504768,
    12.175046305754));
#8500 = CARTESIAN_POINT('',(20.892742855074,-4.910734345077,
    12.170961770861));
#8501 = CARTESIAN_POINT('',(20.886687784585,-4.910113438897,
    12.166816869984));
#8502 = CARTESIAN_POINT('',(20.880672180951,-4.909502725743,
    12.162611956569));
#8503 = CARTESIAN_POINT('',(20.874696645537,-4.908902143322,
    12.158347390617));
#8504 = CARTESIAN_POINT('',(20.868761777319,-4.90831162757,
    12.154023538699));
#8505 = CARTESIAN_POINT('',(20.862868172798,-4.9077311127,
    12.149640773959));
#8506 = CARTESIAN_POINT('',(20.857016425907,-4.907160531242,
    12.145199476123));
#8507 = CARTESIAN_POINT('',(20.851207127918,-4.906599814094,
    12.1407000315));
#8508 = CARTESIAN_POINT('',(20.845440867352,-4.906048890559,
    12.136142832983));
#8509 = CARTESIAN_POINT('',(20.839718229881,-4.9055076884,
    12.131528280052));
#8510 = CARTESIAN_POINT('',(20.834039798234,-4.904976133881,
    12.126856778766));
#8511 = CARTESIAN_POINT('',(20.828406152097,-4.904454151816,
    12.122128741759));
#8512 = CARTESIAN_POINT('',(20.822817868017,-4.903941665616,
    12.11734458823));
#8513 = CARTESIAN_POINT('',(20.817275519302,-4.903438597343,
    12.112504743936));
#8514 = CARTESIAN_POINT('',(20.811779675922,-4.90294486775,
    12.107609641173));
#8515 = CARTESIAN_POINT('',(20.806330904405,-4.902460396339,
    12.102659718764));
#8516 = CARTESIAN_POINT('',(20.800929767742,-4.90198510141,
    12.097655422039));
#8517 = CARTESIAN_POINT('',(20.795576825277,-4.901518900109,
    12.092597202813));
#8518 = CARTESIAN_POINT('',(20.790272632613,-4.901061708481,
    12.087485519362));
#8519 = CARTESIAN_POINT('',(20.785017741501,-4.900613441525,
    12.082320836398));
#8520 = CARTESIAN_POINT('',(20.779812699747,-4.900174013244,
    12.077103625035));
#8521 = CARTESIAN_POINT('',(20.774658051099,-4.899743336698,
    12.071834362764));
#8522 = CARTESIAN_POINT('',(20.769554335152,-4.89932132406,
    12.066513533411));
#8523 = CARTESIAN_POINT('',(20.764502087241,-4.898907886668,
    12.061141627103));
#8524 = CARTESIAN_POINT('',(20.759501838341,-4.898502935083,
    12.05571914023));
#8525 = CARTESIAN_POINT('',(20.754554114964,-4.89810637914,
    12.050246575395));
#8526 = CARTESIAN_POINT('',(20.749659439054,-4.897718128007,
    12.044724441377));
#8527 = CARTESIAN_POINT('',(20.744818327893,-4.897338090239,
    12.039153253075));
#8528 = CARTESIAN_POINT('',(20.740031293995,-4.896966173835,
    12.033533531462));
#8529 = CARTESIAN_POINT('',(20.735298845007,-4.896602286296,
    12.027865803533));
#8530 = CARTESIAN_POINT('',(20.730621483613,-4.89624633468,
    12.022150602244));
#8531 = CARTESIAN_POINT('',(20.725999707432,-4.895898225659,
    12.016388466456));
#8532 = CARTESIAN_POINT('',(20.721434008925,-4.89555786558,
    12.010579940876));
#8533 = CARTESIAN_POINT('',(20.716924875297,-4.895225160517,
    12.004725575993));
#8534 = CARTESIAN_POINT('',(20.712472788402,-4.894900016336,
    11.99882592801));
#8535 = CARTESIAN_POINT('',(20.708078224654,-4.894582338746,
    11.992881558781));
#8536 = CARTESIAN_POINT('',(20.703741654928,-4.894272033362,
    11.986893035737));
#8537 = CARTESIAN_POINT('',(20.699463544479,-4.893969005761,
    11.980860931815));
#8538 = CARTESIAN_POINT('',(20.695244352845,-4.893673161541,
    11.974785825386));
#8539 = CARTESIAN_POINT('',(20.691084533765,-4.893384406381,
    11.968668300176));
#8540 = CARTESIAN_POINT('',(20.68698453509,-4.893102646096,
    11.96250894519));
#8541 = CARTESIAN_POINT('',(20.682944798704,-4.892827786696,
    11.956308354632));
#8542 = CARTESIAN_POINT('',(20.67896576044,-4.892559734446,
    11.950067127824));
#8543 = CARTESIAN_POINT('',(20.675047849998,-4.892298395924,
    11.94378586912));
#8544 = CARTESIAN_POINT('',(20.67119149087,-4.892043678077,
    11.937465187825));
#8545 = CARTESIAN_POINT('',(20.667397100266,-4.891795488278,
    11.931105698106));
#8546 = CARTESIAN_POINT('',(20.663665089035,-4.891553734387,
    11.924708018907));
#8547 = CARTESIAN_POINT('',(20.659995861596,-4.891318324806,
    11.918272773857));
#8548 = CARTESIAN_POINT('',(20.656389815871,-4.891089168535,
    11.911800591182));
#8549 = CARTESIAN_POINT('',(20.652847343213,-4.89086617523,
    11.905292103612));
#8550 = CARTESIAN_POINT('',(20.649368828344,-4.890649255256,
    11.898747948293));
#8551 = CARTESIAN_POINT('',(20.645954649292,-4.89043831975,
    11.892168766686));
#8552 = CARTESIAN_POINT('',(20.642605177329,-4.890233280666,
    11.885555204481));
#8553 = CARTESIAN_POINT('',(20.639320776911,-4.890034050839,
    11.878907911497));
#8554 = CARTESIAN_POINT('',(20.636101805628,-4.889840544032,
    11.872227541589));
#8555 = CARTESIAN_POINT('',(20.632948614141,-4.889652674996,
    11.865514752551));
#8556 = CARTESIAN_POINT('',(20.629861546139,-4.889470359517,
    11.858770206017));
#8557 = CARTESIAN_POINT('',(20.626840938285,-4.889293514473,
    11.851994567372));
#8558 = CARTESIAN_POINT('',(20.62388712017,-4.889122057883,
    11.845188505643));
#8559 = CARTESIAN_POINT('',(20.621000414265,-4.888955908958,
    11.838352693411));
#8560 = CARTESIAN_POINT('',(20.618181135886,-4.888794988155,
    11.831487806711));
#8561 = CARTESIAN_POINT('',(20.615429593145,-4.88863921722,
    11.824594524932));
#8562 = CARTESIAN_POINT('',(20.612746086917,-4.888488519244,
    11.817673530721));
#8563 = CARTESIAN_POINT('',(20.610130910802,-4.888342818704,
    11.810725509885));
#8564 = CARTESIAN_POINT('',(20.607584351092,-4.888202041515,
    11.803751151294));
#8565 = CARTESIAN_POINT('',(20.605106686738,-4.888066115075,
    11.796751146785));
#8566 = CARTESIAN_POINT('',(20.602698189321,-4.887934968308,
    11.789726191063));
#8567 = CARTESIAN_POINT('',(20.600359123023,-4.887808531711,
    11.782676981605));
#8568 = CARTESIAN_POINT('',(20.598089744603,-4.887686737396,
    11.775604218565));
#8569 = CARTESIAN_POINT('',(20.595890303373,-4.887569519132,
    11.768508604678));
#8570 = CARTESIAN_POINT('',(20.593761041174,-4.887456812389,
    11.761390845166));
#8571 = CARTESIAN_POINT('',(20.591702192356,-4.887348554373,
    11.75425164764));
#8572 = CARTESIAN_POINT('',(20.589713983764,-4.88724468407,
    11.747091722013));
#8573 = CARTESIAN_POINT('',(20.587796634714,-4.887145142284,
    11.739911780399));
#8574 = CARTESIAN_POINT('',(20.585950356985,-4.887049871671,
    11.732712537028));
#8575 = CARTESIAN_POINT('',(20.584175354802,-4.886958816775,
    11.725494708148));
#8576 = CARTESIAN_POINT('',(20.582471824825,-4.886871924067,
    11.718259011942));
#8577 = CARTESIAN_POINT('',(20.580839956136,-4.886789141974,
    11.711006168429));
#8578 = CARTESIAN_POINT('',(20.579279930237,-4.886710420914,
    11.703736899383));
#8579 = CARTESIAN_POINT('',(20.577791921036,-4.886635713325,
    11.696451928242));
#8580 = CARTESIAN_POINT('',(20.576376094843,-4.886564973699,
    11.689151980017));
#8581 = CARTESIAN_POINT('',(20.575032610365,-4.886498158606,
    11.681837781214));
#8582 = CARTESIAN_POINT('',(20.573761618706,-4.886435226724,
    11.674510059741));
#8583 = CARTESIAN_POINT('',(20.572563263357,-4.886376138865,
    11.667169544826));
#8584 = CARTESIAN_POINT('',(20.571437680201,-4.886320858001,
    11.659816966938));
#8585 = CARTESIAN_POINT('',(20.570384997511,-4.886269349286,
    11.652453057695));
#8586 = CARTESIAN_POINT('',(20.56940533595,-4.886221580079,
    11.645078549793));
#8587 = CARTESIAN_POINT('',(20.568498808571,-4.886177519964,
    11.637694176918));
#8588 = CARTESIAN_POINT('',(20.567665520824,-4.886137140774,
    11.630300673669));
#8589 = CARTESIAN_POINT('',(20.566905570554,-4.886100416606,
    11.622898775478));
#8590 = CARTESIAN_POINT('',(20.566219048009,-4.886067323836,
    11.615489218533));
#8591 = CARTESIAN_POINT('',(20.565606035843,-4.886037841141,
    11.608072739703));
#8592 = CARTESIAN_POINT('',(20.565066609121,-4.886011949509,
    11.600650076456));
#8593 = CARTESIAN_POINT('',(20.564600835327,-4.885989632255,
    11.59322196679));
#8594 = CARTESIAN_POINT('',(20.564208774369,-4.885970875028,
    11.585789149154));
#8595 = CARTESIAN_POINT('',(20.563890478585,-4.885955665829,
    11.578352362375));
#8596 = CARTESIAN_POINT('',(20.563645992755,-4.885943995013,
    11.570912345587));
#8597 = CARTESIAN_POINT('',(20.563475354105,-4.885935855302,
    11.563469838157));
#8598 = CARTESIAN_POINT('',(20.563384742308,-4.885931535014,
    11.556498722256));
#8599 = CARTESIAN_POINT('',(20.563366704734,-4.885930675124,
    11.552008561387));
#8600 = CARTESIAN_POINT('',(20.563366704719,-4.885930675129,11.55));
#8601 = ORIENTED_EDGE('',*,*,#8602,.T.);
#8602 = EDGE_CURVE('',#8436,#8603,#8605,.T.);
#8603 = VERTEX_POINT('',#8604);
#8604 = CARTESIAN_POINT('',(21.319163692035,-4.970210972571,
    12.29997759629));
#8605 = CIRCLE('',#8606,6.);
#8606 = AXIS2_PLACEMENT_3D('',#8607,#8608,#8609);
#8607 = CARTESIAN_POINT('',(20.277652418711,-10.87912409323,12.3));
#8608 = DIRECTION('',(0.,-2.22044604925E-16,-1.));
#8609 = DIRECTION('',(0.,1.,-2.22044604925E-16));
#8610 = ORIENTED_EDGE('',*,*,#8611,.F.);
#8611 = EDGE_CURVE('',#8417,#8603,#8612,.T.);
#8612 = B_SPLINE_CURVE_WITH_KNOTS('',3,(#8613,#8614,#8615,#8616,#8617,
    #8618,#8619,#8620,#8621,#8622,#8623,#8624,#8625,#8626,#8627,#8628,
    #8629,#8630,#8631,#8632,#8633,#8634,#8635,#8636,#8637,#8638,#8639,
    #8640,#8641,#8642,#8643,#8644,#8645,#8646,#8647,#8648,#8649,#8650,
    #8651,#8652,#8653,#8654,#8655,#8656,#8657,#8658,#8659,#8660,#8661,
    #8662,#8663,#8664,#8665,#8666,#8667,#8668,#8669,#8670,#8671,#8672,
    #8673,#8674,#8675,#8676,#8677,#8678,#8679,#8680,#8681,#8682,#8683,
    #8684,#8685,#8686,#8687,#8688,#8689,#8690,#8691,#8692,#8693,#8694,
    #8695,#8696,#8697,#8698,#8699,#8700,#8701,#8702,#8703,#8704,#8705,
    #8706,#8707,#8708,#8709,#8710,#8711,#8712,#8713,#8714,#8715,#8716,
    #8717,#8718,#8719,#8720,#8721,#8722,#8723,#8724,#8725,#8726,#8727,
    #8728,#8729,#8730,#8731,#8732,#8733,#8734,#8735,#8736,#8737,#8738,
    #8739,#8740,#8741,#8742,#8743,#8744,#8745,#8746,#8747,#8748,#8749,
    #8750,#8751,#8752,#8753,#8754,#8755,#8756,#8757,#8758,#8759,#8760,
    #8761,#8762,#8763,#8764,#8765,#8766,#8767,#8768,#8769,#8770,#8771,
    #8772,#8773,#8774,#8775,#8776,#8777),.UNSPECIFIED.,.F.,.F.,(4,1,1,1,
    1,1,1,1,1,1,1,1,1,1,1,1,1,1,1,1,1,1,1,1,1,1,1,1,1,1,1,1,1,1,1,1,1,1,
    1,1,1,1,1,1,1,1,1,1,1,1,1,1,1,1,1,1,1,1,1,1,1,1,1,1,1,1,1,1,1,1,1,1,
    1,1,1,1,1,1,1,1,1,1,1,1,1,1,1,1,1,1,1,1,1,1,1,1,1,1,1,1,1,1,1,1,1,1,
    1,1,1,1,1,1,1,1,1,1,1,1,1,1,1,1,1,1,1,1,1,1,1,1,1,1,1,1,1,1,1,1,1,1,
    1,1,1,1,1,1,1,1,1,1,1,1,1,1,1,1,1,1,1,1,1,1,4),(0.,
    7.888474276657E-04,2.319299016537E-03,3.849237443167E-03,
    5.378693242506E-03,6.907696974351E-03,8.43627919684E-03,
    9.964470440098E-03,1.149230118006E-02,1.301980181252E-02,
    1.45470026273E-02,1.607393378281E-02,1.760062528071E-02,
    1.912710694093E-02,2.065340837697E-02,2.217955897149E-02,
    2.370558785226E-02,2.52315238684E-02,2.675739556708E-02,
    2.828323117051E-02,2.980905855338E-02,3.133490522072E-02,
    3.286079828617E-02,3.438676445072E-02,3.591282998196E-02,
    3.743902069371E-02,3.89653619263E-02,4.049187852723E-02,
    4.201859483248E-02,4.354553464832E-02,4.507272123368E-02,
    4.660017728314E-02,4.812792491052E-02,4.965598563303E-02,
    5.118438035617E-02,5.271312935914E-02,5.424225228099E-02,
    5.577176810744E-02,5.73016951584E-02,5.883205107612E-02,
    6.036285281413E-02,6.18941166269E-02,6.342585806021E-02,
    6.495809194224E-02,6.649083237551E-02,6.802409272954E-02,
    6.955788563423E-02,7.109222297414E-02,7.262711588351E-02,
    7.416257474204E-02,7.569860917153E-02,7.723522803337E-02,
    7.877243942674E-02,8.031025068771E-02,8.184866838915E-02,
    8.338769834145E-02,8.492734559408E-02,8.646761443795E-02,
    8.800850840861E-02,8.955003029028E-02,9.109218212067E-02,
    9.263496519661E-02,9.417838008053E-02,9.572242660764E-02,
    9.7267103894E-02,9.881241034531E-02,0.100358343666,0.101904900872,
    0.103452078297,0.104999871608,0.106548275818,0.108097285297,
    0.109646893788,0.111197094417,0.112747879717,0.114299241633,
    0.115851171546,0.117403660287,0.118956698156,0.120510274938,
    0.12206437992,0.123619001915,0.125174129277,0.126729749923,
    0.128285851352,0.129842420663,0.131399444581,0.132956909474,
    0.134514801377,0.136073106009,0.137631808799,0.139190894906,
    0.140750349241,0.14231015649,0.143870301134,0.14543076747,
    0.146991539639,0.148552601642,0.150113937362,0.151675530591,
    0.153237365046,0.154799424394,0.15636169227,0.157924152302,
    0.159486788127,0.161049583418,0.162612521897,0.16417558736,
    0.165738763693,0.167302034895,0.168865385092,0.17042879856,
    0.171992259738,0.173555753249,0.175119263917,0.176682776781,
    0.17824627711,0.179809750422,0.181373182499,0.182936559394,
    0.184499867454,0.186063093328,0.187626223979,0.189189246697,
    0.190752149113,0.192314919205,0.193877545309,0.195440016133,
    0.197002320758,0.198564448656,0.200126389686,0.201688134112,
    0.203249672603,0.204810996238,0.206372096516,0.207932965357,
    0.209493595106,0.211053978538,0.21261410886,0.214173979712,
    0.215733585169,0.217292919744,0.218851978387,0.220410756483,
    0.221969249856,0.223527454762,0.225085367894,0.226642986374,
    0.228200307754,0.22975733001,0.231314051541,0.232870471165,
    0.234426588113,0.235982402022,0.237537912937,0.239093121297,
    0.240648027935,0.242202634068,0.24375694129,0.245310951569,
    0.246864667235,0.248418090975,0.249971225823),.UNSPECIFIED.);
#8613 = CARTESIAN_POINT('',(22.063366704711,-5.151015811368,11.55));
#8614 = CARTESIAN_POINT('',(22.063366704711,-5.151015811368,
    11.551249999077));
#8615 = CARTESIAN_POINT('',(22.063357516894,-5.151012947103,
    11.554925138508));
#8616 = CARTESIAN_POINT('',(22.063297435519,-5.150994217104,
    11.561024386689));
#8617 = CARTESIAN_POINT('',(22.063155263002,-5.150949898584,
    11.568296004328));
#8618 = CARTESIAN_POINT('',(22.062942667841,-5.150883634898,
    11.57556344473));
#8619 = CARTESIAN_POINT('',(22.062659738086,-5.150795462081,
    11.582826102183));
#8620 = CARTESIAN_POINT('',(22.06230656525,-5.150685420081,
    11.590083377971));
#8621 = CARTESIAN_POINT('',(22.061883244269,-5.150553552718,
    11.597334673685));
#8622 = CARTESIAN_POINT('',(22.061389873482,-5.150399907673,
    11.604579392905));
#8623 = CARTESIAN_POINT('',(22.06082655461,-5.150224536457,
    11.611816940643));
#8624 = CARTESIAN_POINT('',(22.060193392743,-5.1500274944,
    11.619046723384));
#8625 = CARTESIAN_POINT('',(22.059490496327,-5.14980884062,
    11.626268148967));
#8626 = CARTESIAN_POINT('',(22.058717977162,-5.149568638013,
    11.63348062651));
#8627 = CARTESIAN_POINT('',(22.057875950401,-5.149306953229,
    11.640683566326));
#8628 = CARTESIAN_POINT('',(22.056964534554,-5.149023856654,
    11.647876379842));
#8629 = CARTESIAN_POINT('',(22.055983851498,-5.148719422396,
    11.65505847952));
#8630 = CARTESIAN_POINT('',(22.054934026491,-5.148393728263,
    11.662229278777));
#8631 = CARTESIAN_POINT('',(22.053815188188,-5.148046855751,
    11.669388191909));
#8632 = CARTESIAN_POINT('',(22.052627468668,-5.147678890028,
    11.676534634017));
#8633 = CARTESIAN_POINT('',(22.051371003456,-5.147289919916,
    11.683668020937));
#8634 = CARTESIAN_POINT('',(22.050045931557,-5.146880037879,
    11.690787769166));
#8635 = CARTESIAN_POINT('',(22.048652395489,-5.146449340007,
    11.697893295798));
#8636 = CARTESIAN_POINT('',(22.047190541323,-5.145997926003,
    11.704984018461));
#8637 = CARTESIAN_POINT('',(22.045660518727,-5.145525899171,
    11.712059355251));
#8638 = CARTESIAN_POINT('',(22.044062481008,-5.145033366397,
    11.719118724679));
#8639 = CARTESIAN_POINT('',(22.042396585166,-5.144520438144,
    11.726161545612));
#8640 = CARTESIAN_POINT('',(22.040662991945,-5.143987228432,
    11.733187237224));
#8641 = CARTESIAN_POINT('',(22.038861865889,-5.14343385483,
    11.740195218945));
#8642 = CARTESIAN_POINT('',(22.0369933754,-5.14286043844,11.747184910422
    ));
#8643 = CARTESIAN_POINT('',(22.035057692803,-5.142267103885,
    11.754155731471));
#8644 = CARTESIAN_POINT('',(22.033054994407,-5.141653979298,
    11.761107102049));
#8645 = CARTESIAN_POINT('',(22.030985460575,-5.141021196307,
    11.768038442214));
#8646 = CARTESIAN_POINT('',(22.028849275791,-5.14036889002,
    11.774949172101));
#8647 = CARTESIAN_POINT('',(22.026646628734,-5.139697199016,
    11.781838711896));
#8648 = CARTESIAN_POINT('',(22.024377712346,-5.139006265326,
    11.788706481819));
#8649 = CARTESIAN_POINT('',(22.022042723914,-5.138296234423,
    11.795551902105));
#8650 = CARTESIAN_POINT('',(22.019641865141,-5.137567255202,
    11.802374392997));
#8651 = CARTESIAN_POINT('',(22.017175342226,-5.136819479968,
    11.809173374738));
#8652 = CARTESIAN_POINT('',(22.014643365942,-5.136053064421,
    11.81594826757));
#8653 = CARTESIAN_POINT('',(22.012046151718,-5.135268167633,
    11.822698491738));
#8654 = CARTESIAN_POINT('',(22.009383919714,-5.134464952036,
    11.829423467497));
#8655 = CARTESIAN_POINT('',(22.00665689491,-5.1336435834,11.836122615127
    ));
#8656 = CARTESIAN_POINT('',(22.003865307178,-5.132804230814,
    11.842795354951));
#8657 = CARTESIAN_POINT('',(22.001009391371,-5.131947066666,
    11.849441107354));
#8658 = CARTESIAN_POINT('',(21.9980893874,-5.131072266619,
    11.856059292817));
#8659 = CARTESIAN_POINT('',(21.995105540313,-5.13018000959,
    11.862649331944));
#8660 = CARTESIAN_POINT('',(21.99205810038,-5.129270477724,
    11.869210645502));
#8661 = CARTESIAN_POINT('',(21.988947323168,-5.128343856371,
    11.875742654463));
#8662 = CARTESIAN_POINT('',(21.985773469619,-5.127400334054,
    11.882244780052));
#8663 = CARTESIAN_POINT('',(21.982536806131,-5.126440102446,
    11.888716443798));
#8664 = CARTESIAN_POINT('',(21.979237604629,-5.125463356334,
    11.895157067591));
#8665 = CARTESIAN_POINT('',(21.97587614264,-5.124470293594,
    11.901566073743));
#8666 = CARTESIAN_POINT('',(21.972452703366,-5.123461115152,
    11.907942885057));
#8667 = CARTESIAN_POINT('',(21.968967575751,-5.122436024953,
    11.914286924891));
#8668 = CARTESIAN_POINT('',(21.965421054552,-5.121395229922,
    11.920597617242));
#8669 = CARTESIAN_POINT('',(21.961813440403,-5.120338939926,
    11.926874386818));
#8670 = CARTESIAN_POINT('',(21.958145039875,-5.119267367734,
    11.933116659126));
#8671 = CARTESIAN_POINT('',(21.954416165537,-5.118180728976,
    11.939323860559));
#8672 = CARTESIAN_POINT('',(21.950627136013,-5.117079242099,
    11.945495418485));
#8673 = CARTESIAN_POINT('',(21.946778276037,-5.115963128318,
    11.951630761349));
#8674 = CARTESIAN_POINT('',(21.942869916497,-5.114832611572,
    11.957729318767));
#8675 = CARTESIAN_POINT('',(21.938902394489,-5.113687918474,
    11.963790521631));
#8676 = CARTESIAN_POINT('',(21.934876053353,-5.112529278255,
    11.969813802218));
#8677 = CARTESIAN_POINT('',(21.930791242717,-5.111356922717,
    11.975798594296));
#8678 = CARTESIAN_POINT('',(21.92664831853,-5.110171086172,
    11.981744333239));
#8679 = CARTESIAN_POINT('',(21.92244764309,-5.108972005387,
    11.987650456145));
#8680 = CARTESIAN_POINT('',(21.918189585077,-5.107759919525,
    11.993516401951));
#8681 = CARTESIAN_POINT('',(21.91387451957,-5.10653507008,
    11.999341611557));
#8682 = CARTESIAN_POINT('',(21.909502828068,-5.105297700818,
    12.00512552795));
#8683 = CARTESIAN_POINT('',(21.905074898502,-5.104048057708,
    12.010867596327));
#8684 = CARTESIAN_POINT('',(21.900591125245,-5.102786388857,
    12.016567264225));
#8685 = CARTESIAN_POINT('',(21.896051909115,-5.101512944438,
    12.022223981652));
#8686 = CARTESIAN_POINT('',(21.891457657378,-5.100227976623,
    12.027837201214));
#8687 = CARTESIAN_POINT('',(21.886808783736,-5.098931739506,
    12.033406378253));
#8688 = CARTESIAN_POINT('',(21.882105708327,-5.09762448903,
    12.038930970974));
#8689 = CARTESIAN_POINT('',(21.877348857701,-5.096306482913,
    12.044410440584));
#8690 = CARTESIAN_POINT('',(21.872538664806,-5.094977980564,
    12.049844251427));
#8691 = CARTESIAN_POINT('',(21.867675568963,-5.093639243009,
    12.055231871117));
#8692 = CARTESIAN_POINT('',(21.862760015834,-5.092290532808,
    12.060572770674));
#8693 = CARTESIAN_POINT('',(21.857792457392,-5.090932113968,
    12.065866424661));
#8694 = CARTESIAN_POINT('',(21.852773351881,-5.089564251867,
    12.07111231132));
#8695 = CARTESIAN_POINT('',(21.847703163771,-5.088187213161,
    12.076309912704));
#8696 = CARTESIAN_POINT('',(21.842582363713,-5.0868012657,
    12.081458714812));
#8697 = CARTESIAN_POINT('',(21.837411428483,-5.08540667844,
    12.086558207724));
#8698 = CARTESIAN_POINT('',(21.832190840928,-5.084003721355,
    12.09160788573));
#8699 = CARTESIAN_POINT('',(21.826921089903,-5.082592665343,
    12.096607247465));
#8700 = CARTESIAN_POINT('',(21.821602670206,-5.081173782139,
    12.101555796033));
#8701 = CARTESIAN_POINT('',(21.816236082505,-5.079747344219,
    12.106453039138));
#8702 = CARTESIAN_POINT('',(21.810821833267,-5.078313624711,
    12.111298489208));
#8703 = CARTESIAN_POINT('',(21.805360434681,-5.0768728973,
    12.116091663516));
#8704 = CARTESIAN_POINT('',(21.799852404571,-5.07542543613,
    12.120832084307));
#8705 = CARTESIAN_POINT('',(21.794298266313,-5.073971515717,
    12.125519278908));
#8706 = CARTESIAN_POINT('',(21.788698548747,-5.072511410847,
    12.130152779853));
#8707 = CARTESIAN_POINT('',(21.78305378608,-5.071045396486,
    12.134732124985));
#8708 = CARTESIAN_POINT('',(21.777364517795,-5.06957374768,
    12.139256857576));
#8709 = CARTESIAN_POINT('',(21.771631288547,-5.068096739463,
    12.143726526427));
#8710 = CARTESIAN_POINT('',(21.765854648065,-5.066614646761,
    12.148140685972));
#8711 = CARTESIAN_POINT('',(21.760035151044,-5.065127744293,
    12.152498896382));
#8712 = CARTESIAN_POINT('',(21.754173357037,-5.063636306481,
    12.156800723657));
#8713 = CARTESIAN_POINT('',(21.748269830351,-5.062140607353,
    12.161045739719));
#8714 = CARTESIAN_POINT('',(21.742325139926,-5.060640920446,
    12.165233522503));
#8715 = CARTESIAN_POINT('',(21.736339859228,-5.059137518716,
    12.16936365604));
#8716 = CARTESIAN_POINT('',(21.730314566132,-5.057630674444,
    12.173435730542));
#8717 = CARTESIAN_POINT('',(21.7242498428,-5.056120659139,
    12.177449342472));
#8718 = CARTESIAN_POINT('',(21.718146275569,-5.054607743453,
    12.181404094624));
#8719 = CARTESIAN_POINT('',(21.712004454823,-5.053092197084,
    12.185299596188));
#8720 = CARTESIAN_POINT('',(21.705824974881,-5.051574288691,
    12.189135462819));
#8721 = CARTESIAN_POINT('',(21.699608433868,-5.050054285801,
    12.192911316691));
#8722 = CARTESIAN_POINT('',(21.693355433593,-5.048532454724,
    12.196626786559));
#8723 = CARTESIAN_POINT('',(21.687066579431,-5.047009060463,
    12.200281507811));
#8724 = CARTESIAN_POINT('',(21.680742480194,-5.045484366633,
    12.203875122514));
#8725 = CARTESIAN_POINT('',(21.674383748013,-5.043958635375,
    12.207407279459));
#8726 = CARTESIAN_POINT('',(21.667990998209,-5.042432127272,
    12.210877634199));
#8727 = CARTESIAN_POINT('',(21.661564849176,-5.04090510127,
    12.21428584909));
#8728 = CARTESIAN_POINT('',(21.655105922255,-5.039377814599,
    12.217631593318));
#8729 = CARTESIAN_POINT('',(21.648614841615,-5.037850522693,
    12.220914542925));
#8730 = CARTESIAN_POINT('',(21.64209223413,-5.036323479114,
    12.224134380839));
#8731 = CARTESIAN_POINT('',(21.63553872926,-5.03479693548,12.22729079689
    ));
#8732 = CARTESIAN_POINT('',(21.628954958934,-5.033271141389,
    12.230383487824));
#8733 = CARTESIAN_POINT('',(21.62234155743,-5.031746344352,
    12.23341215732));
#8734 = CARTESIAN_POINT('',(21.615699161264,-5.03022278972,
    12.236376515993));
#8735 = CARTESIAN_POINT('',(21.60902840907,-5.028700720618,
    12.239276281406));
#8736 = CARTESIAN_POINT('',(21.602329941492,-5.027180377881,
    12.242111178065));
#8737 = CARTESIAN_POINT('',(21.595604401073,-5.02566199999,
    12.244880937418));
#8738 = CARTESIAN_POINT('',(21.588852432145,-5.02414582301,
    12.247585297855));
#8739 = CARTESIAN_POINT('',(21.582074680724,-5.022632080532,
    12.250224004695));
#8740 = CARTESIAN_POINT('',(21.575271794407,-5.021121003612,
    12.252796810177));
#8741 = CARTESIAN_POINT('',(21.568444422267,-5.019612820721,
    12.255303473442));
#8742 = CARTESIAN_POINT('',(21.561593214758,-5.018107757688,
    12.257743760524));
#8743 = CARTESIAN_POINT('',(21.554718823614,-5.01660603765,
    12.260117444322));
#8744 = CARTESIAN_POINT('',(21.54782190176,-5.015107881001,
    12.262424304585));
#8745 = CARTESIAN_POINT('',(21.540903103213,-5.013613505346,
    12.264664127883));
#8746 = CARTESIAN_POINT('',(21.533963083002,-5.012123125456,
    12.266836707582));
#8747 = CARTESIAN_POINT('',(21.527002497076,-5.010636953225,
    12.268941843818));
#8748 = CARTESIAN_POINT('',(21.520022002221,-5.009155197628,
    12.270979343462));
#8749 = CARTESIAN_POINT('',(21.513022255983,-5.007678064681,
    12.272949020094));
#8750 = CARTESIAN_POINT('',(21.506003916588,-5.006205757403,
    12.274850693963));
#8751 = CARTESIAN_POINT('',(21.498967642867,-5.004738475785,
    12.276684191954));
#8752 = CARTESIAN_POINT('',(21.491914094187,-5.003276416753,
    12.278449347555));
#8753 = CARTESIAN_POINT('',(21.48484393038,-5.001819774135,
    12.280146000815));
#8754 = CARTESIAN_POINT('',(21.477757811676,-5.000368738636,
    12.281773998305));
#8755 = CARTESIAN_POINT('',(21.470656398644,-4.998923497806,
    12.283333193082));
#8756 = CARTESIAN_POINT('',(21.463540352128,-4.997484236016,
    12.284823444648));
#8757 = CARTESIAN_POINT('',(21.456410333194,-4.996051134435,
    12.286244618905));
#8758 = CARTESIAN_POINT('',(21.449267003072,-4.994624371004,
    12.28759658812));
#8759 = CARTESIAN_POINT('',(21.442111023107,-4.993204120419,
    12.288879230876));
#8760 = CARTESIAN_POINT('',(21.434943054707,-4.99179055411,
    12.290092432036));
#8761 = CARTESIAN_POINT('',(21.427763759304,-4.990383840224,
    12.291236082701));
#8762 = CARTESIAN_POINT('',(21.420573798304,-4.988984143609,
    12.292310080162));
#8763 = CARTESIAN_POINT('',(21.413373833049,-4.987591625802,
    12.293314327867));
#8764 = CARTESIAN_POINT('',(21.40616452478,-4.986206445013,
    12.294248735371));
#8765 = CARTESIAN_POINT('',(21.398946534603,-4.984828756117,
    12.295113218303));
#8766 = CARTESIAN_POINT('',(21.391720523451,-4.983458710642,
    12.29590769832));
#8767 = CARTESIAN_POINT('',(21.38448715206,-4.982096456763,
    12.296632103069));
#8768 = CARTESIAN_POINT('',(21.377247080935,-4.980742139294,
    12.297286366149));
#8769 = CARTESIAN_POINT('',(21.370000970328,-4.979395899681,
    12.297870427073));
#8770 = CARTESIAN_POINT('',(21.362749480215,-4.978057876001,
    12.298384231229));
#8771 = CARTESIAN_POINT('',(21.35549327027,-4.976728202959,
    12.298827729845));
#8772 = CARTESIAN_POINT('',(21.348232999851,-4.975407011883,
    12.299200879955));
#8773 = CARTESIAN_POINT('',(21.340969327975,-4.974094430725,
    12.299503644364));
#8774 = CARTESIAN_POINT('',(21.333702913312,-4.972790584065,
    12.299735991618));
#8775 = CARTESIAN_POINT('',(21.326434414162,-4.971495593107,
    12.299897895968));
#8776 = CARTESIAN_POINT('',(21.321587349778,-4.970638169046,
    12.299958862513));
#8777 = CARTESIAN_POINT('',(21.319163692035,-4.970210972571,
    12.29997759629));
#8778 = CYLINDRICAL_SURFACE('',#8779,0.75);
#8779 = AXIS2_PLACEMENT_3D('',#8780,#8781,#8782);
#8780 = CARTESIAN_POINT('',(21.313366704711,26.120875906767,
    11.549999999999));
#8781 = DIRECTION('',(0.,-1.,2.22044604925E-16));
#8782 = DIRECTION('',(0.,-2.22044604925E-16,-1.));
#8783 = ADVANCED_FACE('',(#8784),#8802,.T.);
#8784 = FACE_BOUND('',#8785,.T.);
#8785 = EDGE_LOOP('',(#8786,#8794,#8795,#8796));
#8786 = ORIENTED_EDGE('',*,*,#8787,.F.);
#8787 = EDGE_CURVE('',#8062,#8788,#8790,.T.);
#8788 = VERTEX_POINT('',#8789);
#8789 = CARTESIAN_POINT('',(22.063366704716,-5.151015811369,
    3.799999999999));
#8790 = LINE('',#8791,#8792);
#8791 = CARTESIAN_POINT('',(22.063366704716,17.392767624903,
    3.799999999999));
#8792 = VECTOR('',#8793,1.);
#8793 = DIRECTION('',(0.,-1.,2.22044604925E-16));
#8794 = ORIENTED_EDGE('',*,*,#8237,.F.);
#8795 = ORIENTED_EDGE('',*,*,#8416,.T.);
#8796 = ORIENTED_EDGE('',*,*,#8797,.F.);
#8797 = EDGE_CURVE('',#8788,#8417,#8798,.T.);
#8798 = LINE('',#8799,#8800);
#8799 = CARTESIAN_POINT('',(22.063366704716,-5.151015811369,
    3.799999999999));
#8800 = VECTOR('',#8801,1.);
#8801 = DIRECTION('',(-5.849371166644E-13,1.084079063078E-13,1.));
#8802 = PLANE('',#8803);
#8803 = AXIS2_PLACEMENT_3D('',#8804,#8805,#8806);
#8804 = CARTESIAN_POINT('',(22.063366704716,17.392767624903,
    3.799999999999));
#8805 = DIRECTION('',(1.,0.,0.));
#8806 = DIRECTION('',(0.,-2.22044604925E-16,-1.));
#8807 = ADVANCED_FACE('',(#8808),#8976,.F.);
#8808 = FACE_BOUND('',#8809,.F.);
#8809 = EDGE_LOOP('',(#8810,#8811,#8812,#8813,#8814,#8815));
#8810 = ORIENTED_EDGE('',*,*,#8787,.F.);
#8811 = ORIENTED_EDGE('',*,*,#8061,.F.);
#8812 = ORIENTED_EDGE('',*,*,#864,.T.);
#8813 = ORIENTED_EDGE('',*,*,#873,.T.);
#8814 = ORIENTED_EDGE('',*,*,#881,.T.);
#8815 = ORIENTED_EDGE('',*,*,#8816,.F.);
#8816 = EDGE_CURVE('',#8788,#882,#8817,.T.);
#8817 = B_SPLINE_CURVE_WITH_KNOTS('',3,(#8818,#8819,#8820,#8821,#8822,
    #8823,#8824,#8825,#8826,#8827,#8828,#8829,#8830,#8831,#8832,#8833,
    #8834,#8835,#8836,#8837,#8838,#8839,#8840,#8841,#8842,#8843,#8844,
    #8845,#8846,#8847,#8848,#8849,#8850,#8851,#8852,#8853,#8854,#8855,
    #8856,#8857,#8858,#8859,#8860,#8861,#8862,#8863,#8864,#8865,#8866,
    #8867,#8868,#8869,#8870,#8871,#8872,#8873,#8874,#8875,#8876,#8877,
    #8878,#8879,#8880,#8881,#8882,#8883,#8884,#8885,#8886,#8887,#8888,
    #8889,#8890,#8891,#8892,#8893,#8894,#8895,#8896,#8897,#8898,#8899,
    #8900,#8901,#8902,#8903,#8904,#8905,#8906,#8907,#8908,#8909,#8910,
    #8911,#8912,#8913,#8914,#8915,#8916,#8917,#8918,#8919,#8920,#8921,
    #8922,#8923,#8924,#8925,#8926,#8927,#8928,#8929,#8930,#8931,#8932,
    #8933,#8934,#8935,#8936,#8937,#8938,#8939,#8940,#8941,#8942,#8943,
    #8944,#8945,#8946,#8947,#8948,#8949,#8950,#8951,#8952,#8953,#8954,
    #8955,#8956,#8957,#8958,#8959,#8960,#8961,#8962,#8963,#8964,#8965,
    #8966,#8967,#8968,#8969,#8970,#8971,#8972,#8973,#8974,#8975),
  .UNSPECIFIED.,.F.,.F.,(4,1,1,1,1,1,1,1,1,1,1,1,1,1,1,1,1,1,1,1,1,1,1,1
    ,1,1,1,1,1,1,1,1,1,1,1,1,1,1,1,1,1,1,1,1,1,1,1,1,1,1,1,1,1,1,1,1,1,1
    ,1,1,1,1,1,1,1,1,1,1,1,1,1,1,1,1,1,1,1,1,1,1,1,1,1,1,1,1,1,1,1,1,1,1
    ,1,1,1,1,1,1,1,1,1,1,1,1,1,1,1,1,1,1,1,1,1,1,1,1,1,1,1,1,1,1,1,1,1,1
    ,1,1,1,1,1,1,1,1,1,1,1,1,1,1,1,1,1,1,1,1,1,1,1,1,1,1,1,1,1,4),(
    0.500000161229,0.50067696787,0.50215507422,0.503634044865,
    0.505113897394,0.506594649386,0.508076318411,0.509558922025,
    0.511042477769,0.512527003167,0.514012515722,0.515499032917,
    0.516986572207,0.518475151022,0.519964786762,0.521455496793,
    0.522947298447,0.524440209017,0.525934245759,0.52742942588,
    0.528925766545,0.530423284869,0.531921997913,0.533421922684,
    0.534923076131,0.536425475141,0.537929136535,0.539434077069,
    0.540940313422,0.542447862204,0.543956739943,0.545466963084,
    0.546978547989,0.548491510928,0.550005868078,0.551521635519,
    0.553038829229,0.55455746508,0.556077558835,0.557599126142,
    0.559122182531,0.560646743408,0.562172824054,0.563700439614,
    0.565229605099,0.566760335378,0.568292645171,0.569826549049,
    0.571362061424,0.572899196548,0.574437968502,0.575978391199,
    0.57752047837,0.579064243563,0.580609700137,0.582156861255,
    0.583705739877,0.585256348759,0.586808700441,0.588362807244,
    0.589918681263,0.59147633436,0.593035778158,0.594597024035,
    0.596160083118,0.597724966273,0.599291684101,0.600860246929,
    0.602430664806,0.604002947494,0.605577104458,0.607153144864,
    0.608731077569,0.610310911112,0.611892653709,0.613476313243,
    0.61506189726,0.616649412957,0.618238867177,0.619830266399,
    0.621423616733,0.623018923906,0.624616193264,0.626215429752,
    0.627816637915,0.629419821886,0.631024985377,0.632632131674,
    0.634241263623,0.635852383628,0.637465493639,0.639080595144,
    0.640697689161,0.64231677623,0.643937856404,0.645560929239,
    0.64718599379,0.648813048599,0.650442091686,0.652073120545,
    0.653706132131,0.655341122855,0.656978088574,0.658617024584,
    0.660257925611,0.661900785804,0.663545598728,0.665192357353,
    0.666841054049,0.668491680578,0.670144228087,0.6717986871,
    0.67345504751,0.675113298575,0.676773428906,0.678435426467,
    0.680099278564,0.681764971838,0.683432492264,0.68510182514,
    0.686772955083,0.688445866025,0.690120541207,0.691796963173,
    0.693475113766,0.695154974125,0.69683652468,0.698519745149,
    0.700204614531,0.701891111109,0.703579212442,0.705268895365,
    0.706960135989,0.708652909694,0.710347191132,0.712042954226,
    0.713740172166,0.715438817416,0.717138861705,0.718840276037,
    0.720543030685,0.7222470952,0.723952438406,0.725659028409,
    0.727366832594,0.729075817637,0.730785949501,0.732497193448,
    0.734209514038,0.73592287514,0.737637239937,0.739352570933,
    0.741068829958,0.742785978183,0.744503976121,0.746222783643),
  .UNSPECIFIED.);
#8818 = CARTESIAN_POINT('',(22.06336670472,-5.151015811369,
    3.799999999999));
#8819 = CARTESIAN_POINT('',(22.063366704719,-5.151015811369,
    3.799560370489));
#8820 = CARTESIAN_POINT('',(22.063369781568,-5.151016770567,
    3.798160615688));
#8821 = CARTESIAN_POINT('',(22.063391490286,-5.15102353818,
    3.795800253861));
#8822 = CARTESIAN_POINT('',(22.063445672495,-5.151040429704,
    3.792918704673));
#8823 = CARTESIAN_POINT('',(22.063527589037,-5.151065968587,
    3.790036154851));
#8824 = CARTESIAN_POINT('',(22.063637280399,-5.151100168758,
    3.78715286384));
#8825 = CARTESIAN_POINT('',(22.063774784819,-5.15114304389,
    3.784269092024));
#8826 = CARTESIAN_POINT('',(22.063940138259,-5.151194607398,
    3.781385100718));
#8827 = CARTESIAN_POINT('',(22.064133374394,-5.151254872429,
    3.778501152144));
#8828 = CARTESIAN_POINT('',(22.06435452459,-5.151323851865,
    3.775617509416));
#8829 = CARTESIAN_POINT('',(22.064603617886,-5.151401558313,
    3.772734436523));
#8830 = CARTESIAN_POINT('',(22.064880680978,-5.151488004104,
    3.769852198312));
#8831 = CARTESIAN_POINT('',(22.065185738198,-5.151583201287,
    3.766971060472));
#8832 = CARTESIAN_POINT('',(22.0655188115,-5.151687161624,3.764091289509
    ));
#8833 = CARTESIAN_POINT('',(22.065879920437,-5.151799896586,
    3.761213152735));
#8834 = CARTESIAN_POINT('',(22.066269082149,-5.151921417345,
    3.758336918246));
#8835 = CARTESIAN_POINT('',(22.06668631134,-5.152051734774,
    3.755462854901));
#8836 = CARTESIAN_POINT('',(22.067131620265,-5.152190859437,
    3.752591232307));
#8837 = CARTESIAN_POINT('',(22.067605018709,-5.152338801584,
    3.749722320796));
#8838 = CARTESIAN_POINT('',(22.068106513971,-5.152495571147,
    3.746856391405));
#8839 = CARTESIAN_POINT('',(22.068636110847,-5.152661177732,
    3.743993715858));
#8840 = CARTESIAN_POINT('',(22.069193811611,-5.152835630615,
    3.741134566543));
#8841 = CARTESIAN_POINT('',(22.069779616002,-5.153018938735,
    3.738279216492));
#8842 = CARTESIAN_POINT('',(22.070393521202,-5.153211110684,
    3.735427939361));
#8843 = CARTESIAN_POINT('',(22.071035521821,-5.153412154708,
    3.732581009404));
#8844 = CARTESIAN_POINT('',(22.071705609883,-5.153622078691,
    3.729738701458));
#8845 = CARTESIAN_POINT('',(22.072403774804,-5.153840890155,
    3.726901290916));
#8846 = CARTESIAN_POINT('',(22.073130003381,-5.154068596251,
    3.724069053705));
#8847 = CARTESIAN_POINT('',(22.073884279771,-5.154305203749,
    3.721242266264));
#8848 = CARTESIAN_POINT('',(22.074666585476,-5.154550719033,
    3.718421205523));
#8849 = CARTESIAN_POINT('',(22.07547689933,-5.154805148094,
    3.715606148875));
#8850 = CARTESIAN_POINT('',(22.076315197477,-5.15506849652,
    3.712797374156));
#8851 = CARTESIAN_POINT('',(22.077181453362,-5.155340769487,
    3.709995159621));
#8852 = CARTESIAN_POINT('',(22.078075637709,-5.155621971756,
    3.707199783918));
#8853 = CARTESIAN_POINT('',(22.078997718507,-5.155912107658,
    3.704411526065));
#8854 = CARTESIAN_POINT('',(22.079947660999,-5.156211181091,
    3.701630665422));
#8855 = CARTESIAN_POINT('',(22.08092542766,-5.156519195505,3.69885748167
    ));
#8856 = CARTESIAN_POINT('',(22.081930978185,-5.156836153901,
    3.696092254785));
#8857 = CARTESIAN_POINT('',(22.082964269474,-5.157162058814,
    3.693335265007));
#8858 = CARTESIAN_POINT('',(22.084025255618,-5.157496912308,
    3.690586792823));
#8859 = CARTESIAN_POINT('',(22.085113887881,-5.157840715967,
    3.687847118931));
#8860 = CARTESIAN_POINT('',(22.086230114687,-5.158193470883,
    3.68511652422));
#8861 = CARTESIAN_POINT('',(22.087373881609,-5.158555177645,
    3.68239528974));
#8862 = CARTESIAN_POINT('',(22.088545131346,-5.158925836333,
    3.679683696675));
#8863 = CARTESIAN_POINT('',(22.089743803719,-5.159305446506,
    3.676982026316));
#8864 = CARTESIAN_POINT('',(22.09096983565,-5.159694007189,
    3.674290560034));
#8865 = CARTESIAN_POINT('',(22.092223161151,-5.160091516866,
    3.671609579248));
#8866 = CARTESIAN_POINT('',(22.093503711309,-5.160497973467,
    3.668939365402));
#8867 = CARTESIAN_POINT('',(22.094811414273,-5.160913374357,
    3.666280199929));
#8868 = CARTESIAN_POINT('',(22.096146195242,-5.161337716327,
    3.663632364228));
#8869 = CARTESIAN_POINT('',(22.09750797645,-5.161770995581,
    3.660996139633));
#8870 = CARTESIAN_POINT('',(22.098896677154,-5.162213207722,
    3.658371807379));
#8871 = CARTESIAN_POINT('',(22.10031221362,-5.162664347746,
    3.655759648579));
#8872 = CARTESIAN_POINT('',(22.101754499113,-5.163124410024,
    3.653159944184));
#8873 = CARTESIAN_POINT('',(22.103223443881,-5.163593388296,
    3.650572974963));
#8874 = CARTESIAN_POINT('',(22.104718955146,-5.164071275653,
    3.647999021462));
#8875 = CARTESIAN_POINT('',(22.106240937091,-5.164558064527,
    3.645438363978));
#8876 = CARTESIAN_POINT('',(22.107789290848,-5.165053746681,
    3.642891282526));
#8877 = CARTESIAN_POINT('',(22.109363914485,-5.165558313192,
    3.640358056804));
#8878 = CARTESIAN_POINT('',(22.110964702998,-5.16607175444,
    3.637838966166));
#8879 = CARTESIAN_POINT('',(22.112591548295,-5.166594060094,
    3.635334289583));
#8880 = CARTESIAN_POINT('',(22.114244339192,-5.167125219102,
    3.632844305613));
#8881 = CARTESIAN_POINT('',(22.115922961394,-5.167665219672,
    3.630369292365));
#8882 = CARTESIAN_POINT('',(22.117627297493,-5.168214049264,
    3.627909527468));
#8883 = CARTESIAN_POINT('',(22.119357226951,-5.168771694573,
    3.625465288034));
#8884 = CARTESIAN_POINT('',(22.121112626092,-5.169338141515,
    3.623036850625));
#8885 = CARTESIAN_POINT('',(22.122893368095,-5.169913375216,
    3.620624491214));
#8886 = CARTESIAN_POINT('',(22.124699322983,-5.170497379993,
    3.618228485155));
#8887 = CARTESIAN_POINT('',(22.12653035761,-5.171090139345,
    3.615849107143));
#8888 = CARTESIAN_POINT('',(22.128386335659,-5.171691635935,
    3.613486631176));
#8889 = CARTESIAN_POINT('',(22.130267117627,-5.172301851576,
    3.611141330525));
#8890 = CARTESIAN_POINT('',(22.132172560822,-5.172920767217,
    3.60881347769));
#8891 = CARTESIAN_POINT('',(22.134102519352,-5.173548362928,
    3.606503344366));
#8892 = CARTESIAN_POINT('',(22.136056844115,-5.174184617887,
    3.604211201402));
#8893 = CARTESIAN_POINT('',(22.138035382798,-5.174829510359,
    3.601937318766));
#8894 = CARTESIAN_POINT('',(22.140037979865,-5.175483017688,
    3.599681965506));
#8895 = CARTESIAN_POINT('',(22.142064476551,-5.176145116279,
    3.597445409707));
#8896 = CARTESIAN_POINT('',(22.144114710856,-5.176815781579,
    3.595227918455));
#8897 = CARTESIAN_POINT('',(22.146188517539,-5.177494988068,
    3.593029757794));
#8898 = CARTESIAN_POINT('',(22.148285728116,-5.178182709239,
    3.590851192689));
#8899 = CARTESIAN_POINT('',(22.150406170845,-5.178878917584,
    3.588692486983));
#8900 = CARTESIAN_POINT('',(22.152549670733,-5.179583584578,
    3.586553903353));
#8901 = CARTESIAN_POINT('',(22.154716049523,-5.180296680665,
    3.584435703274));
#8902 = CARTESIAN_POINT('',(22.156905125692,-5.181018175239,
    3.582338146972));
#8903 = CARTESIAN_POINT('',(22.15911671445,-5.18174803663,3.580261493382
    ));
#8904 = CARTESIAN_POINT('',(22.161350627733,-5.182486232089,
    3.578206000107));
#8905 = CARTESIAN_POINT('',(22.163606674205,-5.183232727771,
    3.576171923373));
#8906 = CARTESIAN_POINT('',(22.165884659249,-5.18398748872,
    3.574159517982));
#8907 = CARTESIAN_POINT('',(22.168184384971,-5.18475047885,
    3.572169037275));
#8908 = CARTESIAN_POINT('',(22.170505650197,-5.185521660936,
    3.570200733078));
#8909 = CARTESIAN_POINT('',(22.172848250471,-5.18630099659,
    3.568254855663));
#8910 = CARTESIAN_POINT('',(22.175211978055,-5.187088446251,
    3.566331653699));
#8911 = CARTESIAN_POINT('',(22.177596621932,-5.187883969168,
    3.564431374208));
#8912 = CARTESIAN_POINT('',(22.180001967801,-5.188687523381,
    3.562554262515));
#8913 = CARTESIAN_POINT('',(22.182427798087,-5.18949906571,
    3.560700562202));
#8914 = CARTESIAN_POINT('',(22.184873891933,-5.190318551736,
    3.558870515064));
#8915 = CARTESIAN_POINT('',(22.187340025211,-5.191145935788,
    3.557064361053));
#8916 = CARTESIAN_POINT('',(22.18982597052,-5.191981170925,
    3.555282338238));
#8917 = CARTESIAN_POINT('',(22.192331497193,-5.192824208923,
    3.553524682748));
#8918 = CARTESIAN_POINT('',(22.194856371299,-5.193675000258,
    3.55179162873));
#8919 = CARTESIAN_POINT('',(22.197400355652,-5.194533494092,
    3.550083408292));
#8920 = CARTESIAN_POINT('',(22.199963209812,-5.195399638257,
    3.548400251457));
#8921 = CARTESIAN_POINT('',(22.202544690095,-5.196273379243,
    3.546742386112));
#8922 = CARTESIAN_POINT('',(22.20514454958,-5.19715466218,3.545110037952
    ));
#8923 = CARTESIAN_POINT('',(22.207762538116,-5.198043430825,
    3.543503430437));
#8924 = CARTESIAN_POINT('',(22.210398402334,-5.198939627547,
    3.54192278473));
#8925 = CARTESIAN_POINT('',(22.213051885652,-5.199843193317,
    3.540368319651));
#8926 = CARTESIAN_POINT('',(22.215722728291,-5.200754067688,
    3.538840251623));
#8927 = CARTESIAN_POINT('',(22.21841066728,-5.201672188786,
    3.537338794617));
#8928 = CARTESIAN_POINT('',(22.221115436476,-5.202597493295,
    3.535864160098));
#8929 = CARTESIAN_POINT('',(22.223836766571,-5.203529916447,
    3.534416556973));
#8930 = CARTESIAN_POINT('',(22.226574385111,-5.204469392004,
    3.532996191534));
#8931 = CARTESIAN_POINT('',(22.229328016507,-5.205415852251,
    3.531603267408));
#8932 = CARTESIAN_POINT('',(22.232097382053,-5.20636922798,
    3.530237985493));
#8933 = CARTESIAN_POINT('',(22.234882199945,-5.207329448482,
    3.528900543913));
#8934 = CARTESIAN_POINT('',(22.237682185295,-5.208296441535,
    3.527591137952));
#8935 = CARTESIAN_POINT('',(22.240497050155,-5.20927013339,
    3.526309960006));
#8936 = CARTESIAN_POINT('',(22.243326503533,-5.210250448765,
    3.525057199523));
#8937 = CARTESIAN_POINT('',(22.246170251417,-5.211237310833,
    3.523833042945));
#8938 = CARTESIAN_POINT('',(22.249027996796,-5.212230641213,
    3.522637673654));
#8939 = CARTESIAN_POINT('',(22.251899439686,-5.213230359959,
    3.521471271914));
#8940 = CARTESIAN_POINT('',(22.254784277152,-5.214236385556,
    3.520334014811));
#8941 = CARTESIAN_POINT('',(22.257682203336,-5.215248634908,
    3.519226076199));
#8942 = CARTESIAN_POINT('',(22.260592909483,-5.216267023333,
    3.518147626641));
#8943 = CARTESIAN_POINT('',(22.263516083971,-5.217291464556,
    3.517098833351));
#8944 = CARTESIAN_POINT('',(22.266451412338,-5.218321870699,
    3.516079860136));
#8945 = CARTESIAN_POINT('',(22.269398577317,-5.219358152282,
    3.515090867338));
#8946 = CARTESIAN_POINT('',(22.272357258865,-5.220400218213,
    3.514132011776));
#8947 = CARTESIAN_POINT('',(22.275327134198,-5.221447975785,
    3.513203446686));
#8948 = CARTESIAN_POINT('',(22.278307877827,-5.222501330672,
    3.512305321669));
#8949 = CARTESIAN_POINT('',(22.281299161592,-5.223560186929,
    3.511437782625));
#8950 = CARTESIAN_POINT('',(22.284300654703,-5.224624446984,
    3.510600971699));
#8951 = CARTESIAN_POINT('',(22.287312023777,-5.225694011641,
    3.509795027225));
#8952 = CARTESIAN_POINT('',(22.29033293288,-5.22676878008,3.509020083664
    ));
#8953 = CARTESIAN_POINT('',(22.293363043567,-5.227848649851,
    3.50827627155));
#8954 = CARTESIAN_POINT('',(22.29640201493,-5.228933516883,
    3.507563717429));
#8955 = CARTESIAN_POINT('',(22.299449503639,-5.230023275479,
    3.506882543807));
#8956 = CARTESIAN_POINT('',(22.302505163991,-5.23111781832,
    3.506232869087));
#8957 = CARTESIAN_POINT('',(22.305568647959,-5.232217036473,
    3.505614807519));
#8958 = CARTESIAN_POINT('',(22.308639605237,-5.233320819388,
    3.505028469138));
#8959 = CARTESIAN_POINT('',(22.3117176833,-5.234429054909,3.504473959714
    ));
#8960 = CARTESIAN_POINT('',(22.314802527448,-5.235541629276,
    3.503951380692));
#8961 = CARTESIAN_POINT('',(22.317893780868,-5.236658427135,
    3.503460829139));
#8962 = CARTESIAN_POINT('',(22.320991084686,-5.237779331544,
    3.503002397692));
#8963 = CARTESIAN_POINT('',(22.324094078024,-5.238904223984,
    3.502576174502));
#8964 = CARTESIAN_POINT('',(22.327202398065,-5.240032984366,
    3.502182243183));
#8965 = CARTESIAN_POINT('',(22.330315680108,-5.241165491046,
    3.501820682757));
#8966 = CARTESIAN_POINT('',(22.333433557636,-5.242301620831,
    3.501491567609));
#8967 = CARTESIAN_POINT('',(22.336555662376,-5.243441248999,
    3.501194967429));
#8968 = CARTESIAN_POINT('',(22.339681624367,-5.24458424931,
    3.500930947167));
#8969 = CARTESIAN_POINT('',(22.342811072029,-5.245730494018,
    3.500699566985));
#8970 = CARTESIAN_POINT('',(22.345943632232,-5.246879853894,
    3.500500882207));
#8971 = CARTESIAN_POINT('',(22.349078930366,-5.248032198237,
    3.500334943273));
#8972 = CARTESIAN_POINT('',(22.352216590412,-5.249187394898,
    3.500201795696));
#8973 = CARTESIAN_POINT('',(22.355356235021,-5.250345310294,
    3.500101480014));
#8974 = CARTESIAN_POINT('',(22.357449925424,-5.251118800299,
    3.50005652474));
#8975 = CARTESIAN_POINT('',(22.358496987488,-5.251505957592,
    3.50003952618));
#8976 = CYLINDRICAL_SURFACE('',#8977,0.3);
#8977 = AXIS2_PLACEMENT_3D('',#8978,#8979,#8980);
#8978 = CARTESIAN_POINT('',(22.363366704711,21.120875906767,
    3.799999999999));
#8979 = DIRECTION('',(0.,-1.,2.22044604925E-16));
#8980 = DIRECTION('',(0.,-2.22044604925E-16,-1.));
#8981 = ADVANCED_FACE('',(#8982),#8997,.F.);
#8982 = FACE_BOUND('',#8983,.F.);
#8983 = EDGE_LOOP('',(#8984,#8985,#8986,#8992,#8993,#8994,#8995,#8996));
#8984 = ORIENTED_EDGE('',*,*,#890,.T.);
#8985 = ORIENTED_EDGE('',*,*,#7705,.T.);
#8986 = ORIENTED_EDGE('',*,*,#8987,.F.);
#8987 = EDGE_CURVE('',#8428,#7698,#8988,.T.);
#8988 = LINE('',#8989,#8990);
#8989 = CARTESIAN_POINT('',(20.563366704715,-4.88593067513,11.55));
#8990 = VECTOR('',#8991,1.);
#8991 = DIRECTION('',(-4.859195483263E-13,-1.510404704534E-13,-1.));
#8992 = ORIENTED_EDGE('',*,*,#8435,.F.);
#8993 = ORIENTED_EDGE('',*,*,#8602,.T.);
#8994 = ORIENTED_EDGE('',*,*,#8611,.F.);
#8995 = ORIENTED_EDGE('',*,*,#8797,.F.);
#8996 = ORIENTED_EDGE('',*,*,#8816,.T.);
#8997 = CYLINDRICAL_SURFACE('',#8998,6.);
#8998 = AXIS2_PLACEMENT_3D('',#8999,#9000,#9001);
#8999 = CARTESIAN_POINT('',(20.277652418711,-10.87912409323,12.3));
#9000 = DIRECTION('',(0.,2.22044604925E-16,1.));
#9001 = DIRECTION('',(0.,1.,-2.22044604925E-16));
#9002 = ADVANCED_FACE('',(#9003),#9009,.T.);
#9003 = FACE_BOUND('',#9004,.T.);
#9004 = EDGE_LOOP('',(#9005,#9006,#9007,#9008));
#9005 = ORIENTED_EDGE('',*,*,#8427,.F.);
#9006 = ORIENTED_EDGE('',*,*,#8053,.F.);
#9007 = ORIENTED_EDGE('',*,*,#7697,.T.);
#9008 = ORIENTED_EDGE('',*,*,#8987,.F.);
#9009 = PLANE('',#9010);
#9010 = AXIS2_PLACEMENT_3D('',#9011,#9012,#9013);
#9011 = CARTESIAN_POINT('',(20.563366704715,17.127682488664,
    11.549999999999));
#9012 = DIRECTION('',(-1.,0.,0.));
#9013 = DIRECTION('',(0.,2.22044604925E-16,1.));
#9014 = ADVANCED_FACE('',(#9015),#9025,.F.);
#9015 = FACE_BOUND('',#9016,.F.);
#9016 = EDGE_LOOP('',(#9017,#9018,#9023,#9024));
#9017 = ORIENTED_EDGE('',*,*,#907,.F.);
#9018 = ORIENTED_EDGE('',*,*,#9019,.T.);
#9019 = EDGE_CURVE('',#908,#618,#9020,.T.);
#9020 = B_SPLINE_CURVE_WITH_KNOTS('',1,(#9021,#9022),.UNSPECIFIED.,.F.,
  .F.,(2,2),(0.,2.300000000001),.PIECEWISE_BEZIER_KNOTS.);
#9021 = CARTESIAN_POINT('',(20.277652418711,-13.02912409323,3.5));
#9022 = CARTESIAN_POINT('',(20.277652418711,-13.02912409323,1.2));
#9023 = ORIENTED_EDGE('',*,*,#617,.F.);
#9024 = ORIENTED_EDGE('',*,*,#9019,.F.);
#9025 = CYLINDRICAL_SURFACE('',#9026,2.15);
#9026 = AXIS2_PLACEMENT_3D('',#9027,#9028,#9029);
#9027 = CARTESIAN_POINT('',(20.277652418711,-10.87912409323,3.5));
#9028 = DIRECTION('',(0.,-2.22044604925E-16,-1.));
#9029 = DIRECTION('',(0.,-1.,2.22044604925E-16));
#9030 = ADVANCED_FACE('',(#9031),#9041,.F.);
#9031 = FACE_BOUND('',#9032,.F.);
#9032 = EDGE_LOOP('',(#9033,#9034,#9039,#9040));
#9033 = ORIENTED_EDGE('',*,*,#918,.F.);
#9034 = ORIENTED_EDGE('',*,*,#9035,.T.);
#9035 = EDGE_CURVE('',#919,#629,#9036,.T.);
#9036 = B_SPLINE_CURVE_WITH_KNOTS('',1,(#9037,#9038),.UNSPECIFIED.,.F.,
  .F.,(2,2),(0.,2.300000000001),.PIECEWISE_BEZIER_KNOTS.);
#9037 = CARTESIAN_POINT('',(20.277652418711,20.970875906767,3.5));
#9038 = CARTESIAN_POINT('',(20.277652418711,20.970875906767,
    1.199999999999));
#9039 = ORIENTED_EDGE('',*,*,#628,.F.);
#9040 = ORIENTED_EDGE('',*,*,#9035,.F.);
#9041 = CYLINDRICAL_SURFACE('',#9042,2.15);
#9042 = AXIS2_PLACEMENT_3D('',#9043,#9044,#9045);
#9043 = CARTESIAN_POINT('',(20.277652418711,23.120875906767,3.5));
#9044 = DIRECTION('',(0.,-2.22044604925E-16,-1.));
#9045 = DIRECTION('',(0.,-1.,2.22044604925E-16));
#9046 = ADVANCED_FACE('',(#9047),#9072,.T.);
#9047 = FACE_BOUND('',#9048,.T.);
#9048 = EDGE_LOOP('',(#9049,#9059,#9065,#9066));
#9049 = ORIENTED_EDGE('',*,*,#9050,.F.);
#9050 = EDGE_CURVE('',#9051,#9053,#9055,.T.);
#9051 = VERTEX_POINT('',#9052);
#9052 = CARTESIAN_POINT('',(25.877652418711,19.620875906767,
    -5.009326287109E-13));
#9053 = VERTEX_POINT('',#9054);
#9054 = CARTESIAN_POINT('',(52.877652418711,19.620875906767,
    -5.009326287109E-13));
#9055 = LINE('',#9056,#9057);
#9056 = CARTESIAN_POINT('',(25.877652418711,19.620875906767,
    -5.009326287109E-13));
#9057 = VECTOR('',#9058,1.);
#9058 = DIRECTION('',(1.,-1.315819881037E-16,2.921707056374E-32));
#9059 = ORIENTED_EDGE('',*,*,#9060,.F.);
#9060 = EDGE_CURVE('',#564,#9051,#9061,.T.);
#9061 = LINE('',#9062,#9063);
#9062 = CARTESIAN_POINT('',(25.877652418711,19.620875906767,
    1.199999999999));
#9063 = VECTOR('',#9064,1.);
#9064 = DIRECTION('',(0.,-2.22044604925E-16,-1.));
#9065 = ORIENTED_EDGE('',*,*,#561,.F.);
#9066 = ORIENTED_EDGE('',*,*,#9067,.T.);
#9067 = EDGE_CURVE('',#562,#9053,#9068,.T.);
#9068 = LINE('',#9069,#9070);
#9069 = CARTESIAN_POINT('',(52.877652418711,19.620875906767,
    1.199999999999));
#9070 = VECTOR('',#9071,1.);
#9071 = DIRECTION('',(0.,-2.22044604925E-16,-1.));
#9072 = PLANE('',#9073);
#9073 = AXIS2_PLACEMENT_3D('',#9074,#9075,#9076);
#9074 = CARTESIAN_POINT('',(52.877652418711,19.620875906767,
    -5.009326287109E-13));
#9075 = DIRECTION('',(1.315819881037E-16,1.,-2.22044604925E-16));
#9076 = DIRECTION('',(0.,2.22044604925E-16,1.));
#9077 = ADVANCED_FACE('',(#9078),#9103,.T.);
#9078 = FACE_BOUND('',#9079,.T.);
#9079 = EDGE_LOOP('',(#9080,#9088,#9096,#9102));
#9080 = ORIENTED_EDGE('',*,*,#9081,.T.);
#9081 = EDGE_CURVE('',#9053,#9082,#9084,.T.);
#9082 = VERTEX_POINT('',#9083);
#9083 = CARTESIAN_POINT('',(52.877652418711,-7.379124093233,
    -4.938272013533E-13));
#9084 = LINE('',#9085,#9086);
#9085 = CARTESIAN_POINT('',(52.877652418711,19.620875906767,
    -5.009326287109E-13));
#9086 = VECTOR('',#9087,1.);
#9087 = DIRECTION('',(5.263279524149E-16,-1.,2.22044604925E-16));
#9088 = ORIENTED_EDGE('',*,*,#9089,.T.);
#9089 = EDGE_CURVE('',#9082,#9090,#9092,.T.);
#9090 = VERTEX_POINT('',#9091);
#9091 = CARTESIAN_POINT('',(25.877652418711,-7.379124093233,
    -4.938272013533E-13));
#9092 = LINE('',#9093,#9094);
#9093 = CARTESIAN_POINT('',(52.877652418711,-7.379124093233,
    -4.938272013533E-13));
#9094 = VECTOR('',#9095,1.);
#9095 = DIRECTION('',(-1.,2.631639762074E-16,-5.843414112748E-32));
#9096 = ORIENTED_EDGE('',*,*,#9097,.T.);
#9097 = EDGE_CURVE('',#9090,#9051,#9098,.T.);
#9098 = LINE('',#9099,#9100);
#9099 = CARTESIAN_POINT('',(25.877652418711,-7.379124093233,
    -4.938272013533E-13));
#9100 = VECTOR('',#9101,1.);
#9101 = DIRECTION('',(0.,1.,-2.22044604925E-16));
#9102 = ORIENTED_EDGE('',*,*,#9050,.T.);
#9103 = PLANE('',#9104);
#9104 = AXIS2_PLACEMENT_3D('',#9105,#9106,#9107);
#9105 = CARTESIAN_POINT('',(67.477652418711,-13.87912409323,
    -4.938272013533E-13));
#9106 = DIRECTION('',(0.,-2.22044604925E-16,-1.));
#9107 = DIRECTION('',(-1.,0.,0.));
#9108 = ADVANCED_FACE('',(#9109),#9120,.T.);
#9109 = FACE_BOUND('',#9110,.T.);
#9110 = EDGE_LOOP('',(#9111,#9112,#9113,#9114));
#9111 = ORIENTED_EDGE('',*,*,#9081,.F.);
#9112 = ORIENTED_EDGE('',*,*,#9067,.F.);
#9113 = ORIENTED_EDGE('',*,*,#587,.F.);
#9114 = ORIENTED_EDGE('',*,*,#9115,.T.);
#9115 = EDGE_CURVE('',#580,#9082,#9116,.T.);
#9116 = LINE('',#9117,#9118);
#9117 = CARTESIAN_POINT('',(52.877652418711,-7.379124093233,1.2));
#9118 = VECTOR('',#9119,1.);
#9119 = DIRECTION('',(0.,-2.22044604925E-16,-1.));
#9120 = PLANE('',#9121);
#9121 = AXIS2_PLACEMENT_3D('',#9122,#9123,#9124);
#9122 = CARTESIAN_POINT('',(52.877652418711,-7.379124093233,
    -4.938272013533E-13));
#9123 = DIRECTION('',(1.,5.263279524149E-16,-1.16868282255E-31));
#9124 = DIRECTION('',(0.,-2.22044604925E-16,-1.));
#9125 = ADVANCED_FACE('',(#9126),#9137,.T.);
#9126 = FACE_BOUND('',#9127,.T.);
#9127 = EDGE_LOOP('',(#9128,#9129,#9130,#9131));
#9128 = ORIENTED_EDGE('',*,*,#9089,.F.);
#9129 = ORIENTED_EDGE('',*,*,#9115,.F.);
#9130 = ORIENTED_EDGE('',*,*,#579,.F.);
#9131 = ORIENTED_EDGE('',*,*,#9132,.T.);
#9132 = EDGE_CURVE('',#572,#9090,#9133,.T.);
#9133 = LINE('',#9134,#9135);
#9134 = CARTESIAN_POINT('',(25.877652418711,-7.379124093233,1.2));
#9135 = VECTOR('',#9136,1.);
#9136 = DIRECTION('',(0.,-2.22044604925E-16,-1.));
#9137 = PLANE('',#9138);
#9138 = AXIS2_PLACEMENT_3D('',#9139,#9140,#9141);
#9139 = CARTESIAN_POINT('',(25.877652418711,-7.379124093233,
    -4.938272013533E-13));
#9140 = DIRECTION('',(-2.631639762074E-16,-1.,2.22044604925E-16));
#9141 = DIRECTION('',(0.,-2.22044604925E-16,-1.));
#9142 = ADVANCED_FACE('',(#9143),#9149,.T.);
#9143 = FACE_BOUND('',#9144,.T.);
#9144 = EDGE_LOOP('',(#9145,#9146,#9147,#9148));
#9145 = ORIENTED_EDGE('',*,*,#9097,.F.);
#9146 = ORIENTED_EDGE('',*,*,#9132,.F.);
#9147 = ORIENTED_EDGE('',*,*,#571,.F.);
#9148 = ORIENTED_EDGE('',*,*,#9060,.T.);
#9149 = PLANE('',#9150);
#9150 = AXIS2_PLACEMENT_3D('',#9151,#9152,#9153);
#9151 = CARTESIAN_POINT('',(25.877652418711,19.620875906767,
    -5.009326287109E-13));
#9152 = DIRECTION('',(-1.,0.,0.));
#9153 = DIRECTION('',(0.,2.22044604925E-16,1.));
#9154 = ( GEOMETRIC_REPRESENTATION_CONTEXT(3) 
GLOBAL_UNCERTAINTY_ASSIGNED_CONTEXT((#9158)) 
GLOBAL_UNIT_ASSIGNED_CONTEXT((#9155,#9156,#9157)) REPRESENTATION_CONTEXT
('Context #1','3D Context with UNIT and UNCERTAINTY') );
#9155 = ( LENGTH_UNIT() NAMED_UNIT(*) SI_UNIT(.MILLI.,.METRE.) );
#9156 = ( NAMED_UNIT(*) PLANE_ANGLE_UNIT() SI_UNIT($,.RADIAN.) );
#9157 = ( NAMED_UNIT(*) SI_UNIT($,.STERADIAN.) SOLID_ANGLE_UNIT() );
#9158 = UNCERTAINTY_MEASURE_WITH_UNIT(LENGTH_MEASURE(2.E-05),#9155,
  'distance_accuracy_value','confusion accuracy');
#9159 = PRODUCT_RELATED_PRODUCT_CATEGORY('part',$,(#7));
#9160 = MECHANICAL_DESIGN_GEOMETRIC_PRESENTATION_REPRESENTATION('',(
    #9161),#9154);
#9161 = STYLED_ITEM('color',(#9162),#15);
#9162 = PRESENTATION_STYLE_ASSIGNMENT((#9163,#9169));
#9163 = SURFACE_STYLE_USAGE(.BOTH.,#9164);
#9164 = SURFACE_SIDE_STYLE('',(#9165));
#9165 = SURFACE_STYLE_FILL_AREA(#9166);
#9166 = FILL_AREA_STYLE('',(#9167));
#9167 = FILL_AREA_STYLE_COLOUR('',#9168);
#9168 = COLOUR_RGB('',0.988234996796,0.898038983345,0.878431022167);
#9169 = CURVE_STYLE('',#9170,POSITIVE_LENGTH_MEASURE(0.1),#9168);
#9170 = DRAUGHTING_PRE_DEFINED_CURVE_FONT('continuous');
ENDSEC;
END-ISO-10303-21;
