ISO-10303-21;
HEADER;
FILE_DESCRIPTION(('FreeCAD Model'),'2;1');
FILE_NAME('/home/kenny/L_1008_2520Metric.step','2019-04-16T12:22:39',(
    'kicad StepUp'),('ksu MCAD'),'Open CASCADE STEP processor 7.3',
  'FreeCAD','Unknown');
FILE_SCHEMA(('AUTOMOTIVE_DESIGN { 1 0 10303 214 1 1 1 1 }'));
ENDSEC;
DATA;
#1 = APPLICATION_PROTOCOL_DEFINITION('international standard',
  'automotive_design',2000,#2);
#2 = APPLICATION_CONTEXT(
  'core data for automotive mechanical design processes');
#3 = SHAPE_DEFINITION_REPRESENTATION(#4,#10);
#4 = PRODUCT_DEFINITION_SHAPE('','',#5);
#5 = PRODUCT_DEFINITION('design','',#6,#9);
#6 = PRODUCT_DEFINITION_FORMATION('','',#7);
#7 = PRODUCT('L_1008_2520Metric','L_1008_2520Metric','',(#8));
#8 = PRODUCT_CONTEXT('',#2,'mechanical');
#9 = PRODUCT_DEFINITION_CONTEXT('part definition',#2,'design');
#10 = SHAPE_REPRESENTATION('',(#11,#15,#368,#442,#484,#526,#568,#610,
    #652,#694,#736,#778,#820,#862,#920,#978,#1036,#1094,#1136,#1178,
    #1220,#1262,#1304,#1346,#1388,#1430,#1472,#1514,#1556,#1598,#1672,
    #1746,#1788,#1830,#1872,#1914,#1956,#1998,#2040,#2082,#2156,#2164,
    #2172,#2180,#2188,#2196,#2204,#2212,#2220,#2228,#2236,#2244,#2252,
    #2260,#2268,#2276,#2284,#2292,#2300,#2308,#2316,#2324,#2332,#2340,
    #2348,#2356,#2364,#2372,#2380,#2388,#2396,#2404,#2412,#2420,#2428,
    #2436,#2444,#2452,#2460,#2468,#2476,#2484,#2492,#2500,#2508,#2516,
    #2524,#2532,#2540,#2548,#2556,#2564,#2572,#2580,#2588,#2596,#2604,
    #2612,#2620,#2628,#2636,#2644,#2652,#2660,#2668,#2676,#2684,#2692,
    #2700,#2708,#2716,#2724,#2732,#2740,#2748,#2756,#2764,#2772,#2780,
    #2788,#2796,#2804,#2812,#2820,#2828,#2836,#2844,#2852,#2860,#2868,
    #2876,#2884,#2892,#2900,#2908,#2916,#2924,#2932,#2940,#2948,#2956,
    #2964,#2972,#2980,#2988,#2996,#3004,#3012,#3020,#3028,#3036,#3044,
    #3052,#3060,#3068,#3076,#3084,#3092,#3100,#3108,#3116,#3124,#3132,
    #3140,#3148,#3156,#3164,#3172,#3180,#3188,#3196,#3204,#3212,#3220,
    #3228,#3236,#3244,#3252,#3260,#3268,#3276,#3284,#3292,#3300,#3308,
    #3316,#3324,#3332,#3340,#3348,#3356,#3364,#3372,#3380,#3388,#3396,
    #3404,#3412,#3420,#3428,#3436,#3444,#3452,#3460,#3468,#3476,#3484,
    #3492,#3500,#3508,#3516,#3524,#3532,#3540,#3548,#3556),#3564);
#11 = AXIS2_PLACEMENT_3D('',#12,#13,#14);
#12 = CARTESIAN_POINT('',(0.,0.,0.));
#13 = DIRECTION('',(0.,0.,1.));
#14 = DIRECTION('',(1.,0.,-0.));
#15 = GEOMETRIC_CURVE_SET('',(#16,#17,#18,#19,#20,#21,#22,#23,#24,#25,
    #26,#27,#28,#29,#30,#31,#32,#33,#34,#35,#36,#37,#38,#39,#40,#41,#42,
    #43,#44,#45,#46,#47,#48,#49,#50,#51,#52,#53,#54,#55,#56,#57,#58,#59,
    #60,#61,#62,#63,#64,#65,#66,#67,#68,#69,#70,#71,#72,#73,#74,#75,#76,
    #77,#78,#79,#80,#81,#82,#83,#84,#85,#86,#87,#88,#89,#90,#91,#92,#93,
    #94,#95,#96,#97,#98,#99,#100,#101,#102,#103,#104,#105,#106,#107,#108
    ,#109,#110,#111,#112,#113,#114,#115,#116,#117,#118,#119,#120,#121,
    #122,#123,#124,#125,#126,#127,#128,#129,#130,#131,#132,#133,#134,
    #135,#136,#137,#138,#139,#140,#141,#142,#143,#144,#145,#146,#147,
    #148,#149,#150,#151,#152,#153,#154,#155,#156,#157,#158,#159,#160,
    #161,#162,#163,#164,#165,#166,#167,#168,#169,#170,#171,#172,#173,
    #174,#175,#176,#177,#178,#179,#180,#181,#182,#183,#184,#185,#186,
    #187,#188,#189,#190,#191,#192,#193,#194,#195,#196,#197,#198,#199,
    #200,#201,#202,#203,#204,#205,#206,#207,#208,#209,#210,#211,#212,
    #213,#214,#215,#216,#217,#218,#219,#220,#221,#222,#223,#224,#225,
    #226,#227,#228,#229,#230,#231,#232,#233,#234,#235,#236,#237,#238,
    #239,#240,#241,#242,#243,#244,#245,#246,#247,#248,#249,#250,#251,
    #252,#253,#254,#255,#256,#257,#258,#259,#260,#261,#262,#263,#264,
    #265,#266,#267,#268,#269,#270,#271,#272,#273,#274,#275,#276,#277,
    #278,#279,#280,#281,#282,#283,#284,#285,#286,#287,#288,#289,#290,
    #291,#292,#293,#294,#295,#296,#297,#298,#299,#300,#301,#302,#303,
    #304,#305,#306,#307,#308,#309,#310,#311,#312,#313,#314,#315,#316,
    #317,#318,#319,#320,#321,#322,#323,#324,#325,#326,#327,#328,#329,
    #330,#331,#332,#333,#334,#335,#336,#337,#338,#339,#340,#341,#342,
    #343,#344,#345,#346,#347,#348,#349,#350,#351,#352,#353,#354,#355,
    #356,#357,#358,#359,#360,#361,#362,#363,#364,#365,#366,#367));
#16 = CARTESIAN_POINT('',(-1.346,0.876,0.));
#17 = CARTESIAN_POINT('',(-0.673,0.876,0.));
#18 = CARTESIAN_POINT('',(-1.346,0.876,0.991));
#19 = CARTESIAN_POINT('',(-1.346,0.876,0.));
#20 = CARTESIAN_POINT('',(-0.673,0.876,0.991));
#21 = CARTESIAN_POINT('',(-1.346,0.876,0.991));
#22 = CARTESIAN_POINT('',(-0.673,0.876,0.965));
#23 = CARTESIAN_POINT('',(-0.673,0.876,0.991));
#24 = CARTESIAN_POINT('',(-1.321,0.876,0.965));
#25 = CARTESIAN_POINT('',(-0.673,0.876,0.965));
#26 = CARTESIAN_POINT('',(-1.321,0.876,2.5E-02));
#27 = CARTESIAN_POINT('',(-1.321,0.876,0.965));
#28 = CARTESIAN_POINT('',(-0.673,0.876,2.5E-02));
#29 = CARTESIAN_POINT('',(-1.321,0.876,2.5E-02));
#30 = CARTESIAN_POINT('',(-0.673,0.876,0.));
#31 = CARTESIAN_POINT('',(-0.673,0.876,2.5E-02));
#32 = CARTESIAN_POINT('',(1.321,1.105,2.5E-02));
#33 = CARTESIAN_POINT('',(-1.321,1.105,2.5E-02));
#34 = CARTESIAN_POINT('',(1.321,-1.105,2.5E-02));
#35 = CARTESIAN_POINT('',(1.321,1.105,2.5E-02));
#36 = CARTESIAN_POINT('',(-1.321,-1.105,2.5E-02));
#37 = CARTESIAN_POINT('',(1.321,-1.105,2.5E-02));
#38 = CARTESIAN_POINT('',(-1.321,1.105,2.5E-02));
#39 = CARTESIAN_POINT('',(-1.321,-1.105,2.5E-02));
#40 = CARTESIAN_POINT('',(1.321,-1.105,0.965));
#41 = CARTESIAN_POINT('',(-1.321,-1.105,0.965));
#42 = CARTESIAN_POINT('',(1.321,1.105,0.965));
#43 = CARTESIAN_POINT('',(1.321,-1.105,0.965));
#44 = CARTESIAN_POINT('',(-1.321,1.105,0.965));
#45 = CARTESIAN_POINT('',(1.321,1.105,0.965));
#46 = CARTESIAN_POINT('',(-1.321,-1.105,0.965));
#47 = CARTESIAN_POINT('',(-1.321,1.105,0.965));
#48 = CARTESIAN_POINT('',(1.321,-1.105,2.5E-02));
#49 = CARTESIAN_POINT('',(-1.321,-1.105,2.5E-02));
#50 = CARTESIAN_POINT('',(1.321,-1.105,0.965));
#51 = CARTESIAN_POINT('',(1.321,-1.105,2.5E-02));
#52 = CARTESIAN_POINT('',(-1.321,-1.105,0.965));
#53 = CARTESIAN_POINT('',(1.321,-1.105,0.965));
#54 = CARTESIAN_POINT('',(-1.321,-1.105,2.5E-02));
#55 = CARTESIAN_POINT('',(-1.321,-1.105,0.965));
#56 = CARTESIAN_POINT('',(1.321,1.105,2.5E-02));
#57 = CARTESIAN_POINT('',(1.321,-1.105,2.5E-02));
#58 = CARTESIAN_POINT('',(1.321,1.105,0.965));
#59 = CARTESIAN_POINT('',(1.321,1.105,2.5E-02));
#60 = CARTESIAN_POINT('',(1.321,-1.105,0.965));
#61 = CARTESIAN_POINT('',(1.321,1.105,0.965));
#62 = CARTESIAN_POINT('',(1.321,-1.105,2.5E-02));
#63 = CARTESIAN_POINT('',(1.321,-1.105,0.965));
#64 = CARTESIAN_POINT('',(-1.321,1.105,2.5E-02));
#65 = CARTESIAN_POINT('',(1.321,1.105,2.5E-02));
#66 = CARTESIAN_POINT('',(-1.321,1.105,0.965));
#67 = CARTESIAN_POINT('',(-1.321,1.105,2.5E-02));
#68 = CARTESIAN_POINT('',(1.321,1.105,0.965));
#69 = CARTESIAN_POINT('',(-1.321,1.105,0.965));
#70 = CARTESIAN_POINT('',(1.321,1.105,2.5E-02));
#71 = CARTESIAN_POINT('',(1.321,1.105,0.965));
#72 = CARTESIAN_POINT('',(-1.321,-1.105,2.5E-02));
#73 = CARTESIAN_POINT('',(-1.321,1.105,2.5E-02));
#74 = CARTESIAN_POINT('',(-1.321,-1.105,0.965));
#75 = CARTESIAN_POINT('',(-1.321,-1.105,2.5E-02));
#76 = CARTESIAN_POINT('',(-1.321,1.105,0.965));
#77 = CARTESIAN_POINT('',(-1.321,-1.105,0.965));
#78 = CARTESIAN_POINT('',(-1.321,1.105,2.5E-02));
#79 = CARTESIAN_POINT('',(-1.321,1.105,0.965));
#80 = CARTESIAN_POINT('',(-0.404,1.107,2.3E-02));
#81 = CARTESIAN_POINT('',(-0.538,1.107,2.3E-02));
#82 = CARTESIAN_POINT('',(-0.404,-1.107,2.3E-02));
#83 = CARTESIAN_POINT('',(-0.404,1.107,2.3E-02));
#84 = CARTESIAN_POINT('',(-0.538,-1.107,2.3E-02));
#85 = CARTESIAN_POINT('',(-0.404,-1.107,2.3E-02));
#86 = CARTESIAN_POINT('',(-0.538,1.107,2.3E-02));
#87 = CARTESIAN_POINT('',(-0.538,-1.107,2.3E-02));
#88 = CARTESIAN_POINT('',(-0.404,-1.107,2.3E-02));
#89 = CARTESIAN_POINT('',(-0.538,-1.107,2.3E-02));
#90 = CARTESIAN_POINT('',(-0.404,-1.107,0.968));
#91 = CARTESIAN_POINT('',(-0.404,-1.107,2.3E-02));
#92 = CARTESIAN_POINT('',(-0.538,-1.107,0.968));
#93 = CARTESIAN_POINT('',(-0.404,-1.107,0.968));
#94 = CARTESIAN_POINT('',(-0.538,-1.107,2.3E-02));
#95 = CARTESIAN_POINT('',(-0.538,-1.107,0.968));
#96 = CARTESIAN_POINT('',(-0.538,1.107,2.3E-02));
#97 = CARTESIAN_POINT('',(-0.404,1.107,2.3E-02));
#98 = CARTESIAN_POINT('',(-0.538,1.107,0.968));
#99 = CARTESIAN_POINT('',(-0.538,1.107,2.3E-02));
#100 = CARTESIAN_POINT('',(-0.404,1.107,0.968));
#101 = CARTESIAN_POINT('',(-0.538,1.107,0.968));
#102 = CARTESIAN_POINT('',(-0.404,1.107,2.3E-02));
#103 = CARTESIAN_POINT('',(-0.404,1.107,0.968));
#104 = CARTESIAN_POINT('',(-0.404,-1.107,0.968));
#105 = CARTESIAN_POINT('',(-0.538,-1.107,0.968));
#106 = CARTESIAN_POINT('',(-0.404,1.107,0.968));
#107 = CARTESIAN_POINT('',(-0.404,-1.107,0.968));
#108 = CARTESIAN_POINT('',(-0.538,1.107,0.968));
#109 = CARTESIAN_POINT('',(-0.404,1.107,0.968));
#110 = CARTESIAN_POINT('',(-0.538,-1.107,0.968));
#111 = CARTESIAN_POINT('',(-0.538,1.107,0.968));
#112 = CARTESIAN_POINT('',(-0.404,-1.107,2.3E-02));
#113 = CARTESIAN_POINT('',(-0.404,-1.105,2.5E-02));
#114 = CARTESIAN_POINT('',(-0.404,-1.105,2.5E-02));
#115 = CARTESIAN_POINT('',(-0.404,1.105,2.5E-02));
#116 = CARTESIAN_POINT('',(-0.404,1.105,2.5E-02));
#117 = CARTESIAN_POINT('',(-0.404,1.105,0.965));
#118 = CARTESIAN_POINT('',(-0.404,1.105,0.965));
#119 = CARTESIAN_POINT('',(-0.404,1.107,0.968));
#120 = CARTESIAN_POINT('',(-0.404,1.107,0.968));
#121 = CARTESIAN_POINT('',(-0.404,1.107,2.3E-02));
#122 = CARTESIAN_POINT('',(-0.404,1.107,2.3E-02));
#123 = CARTESIAN_POINT('',(-0.404,-1.107,2.3E-02));
#124 = CARTESIAN_POINT('',(-0.404,-1.105,2.5E-02));
#125 = CARTESIAN_POINT('',(-0.404,-1.107,2.3E-02));
#126 = CARTESIAN_POINT('',(-0.404,-1.105,0.965));
#127 = CARTESIAN_POINT('',(-0.404,-1.105,2.5E-02));
#128 = CARTESIAN_POINT('',(-0.404,1.105,0.965));
#129 = CARTESIAN_POINT('',(-0.404,-1.105,0.965));
#130 = CARTESIAN_POINT('',(-0.404,1.107,0.968));
#131 = CARTESIAN_POINT('',(-0.404,1.105,0.965));
#132 = CARTESIAN_POINT('',(-0.404,-1.107,0.968));
#133 = CARTESIAN_POINT('',(-0.404,1.107,0.968));
#134 = CARTESIAN_POINT('',(-0.404,-1.107,2.3E-02));
#135 = CARTESIAN_POINT('',(-0.404,-1.107,0.968));
#136 = CARTESIAN_POINT('',(-0.538,-1.107,2.3E-02));
#137 = CARTESIAN_POINT('',(-0.538,1.107,2.3E-02));
#138 = CARTESIAN_POINT('',(-0.538,-1.105,2.5E-02));
#139 = CARTESIAN_POINT('',(-0.538,-1.107,2.3E-02));
#140 = CARTESIAN_POINT('',(-0.538,1.105,2.5E-02));
#141 = CARTESIAN_POINT('',(-0.538,-1.105,2.5E-02));
#142 = CARTESIAN_POINT('',(-0.538,1.105,0.965));
#143 = CARTESIAN_POINT('',(-0.538,1.105,2.5E-02));
#144 = CARTESIAN_POINT('',(-0.538,1.107,0.968));
#145 = CARTESIAN_POINT('',(-0.538,1.105,0.965));
#146 = CARTESIAN_POINT('',(-0.538,1.107,2.3E-02));
#147 = CARTESIAN_POINT('',(-0.538,1.107,0.968));
#148 = CARTESIAN_POINT('',(-0.538,-1.105,2.5E-02));
#149 = CARTESIAN_POINT('',(-0.538,-1.107,2.3E-02));
#150 = CARTESIAN_POINT('',(-0.538,-1.105,0.965));
#151 = CARTESIAN_POINT('',(-0.538,-1.105,2.5E-02));
#152 = CARTESIAN_POINT('',(-0.538,1.105,0.965));
#153 = CARTESIAN_POINT('',(-0.538,-1.105,0.965));
#154 = CARTESIAN_POINT('',(-0.538,1.107,0.968));
#155 = CARTESIAN_POINT('',(-0.538,1.105,0.965));
#156 = CARTESIAN_POINT('',(-0.538,-1.107,0.968));
#157 = CARTESIAN_POINT('',(-0.538,1.107,0.968));
#158 = CARTESIAN_POINT('',(-0.538,-1.107,2.3E-02));
#159 = CARTESIAN_POINT('',(-0.538,-1.107,0.968));
#160 = CARTESIAN_POINT('',(-0.404,1.105,2.5E-02));
#161 = CARTESIAN_POINT('',(-0.538,1.105,2.5E-02));
#162 = CARTESIAN_POINT('',(-0.404,1.105,0.965));
#163 = CARTESIAN_POINT('',(-0.404,1.105,2.5E-02));
#164 = CARTESIAN_POINT('',(-0.538,1.105,0.965));
#165 = CARTESIAN_POINT('',(-0.404,1.105,0.965));
#166 = CARTESIAN_POINT('',(-0.538,1.105,2.5E-02));
#167 = CARTESIAN_POINT('',(-0.538,1.105,0.965));
#168 = CARTESIAN_POINT('',(-0.538,-1.105,2.5E-02));
#169 = CARTESIAN_POINT('',(-0.404,-1.105,2.5E-02));
#170 = CARTESIAN_POINT('',(-0.538,-1.105,0.965));
#171 = CARTESIAN_POINT('',(-0.538,-1.105,2.5E-02));
#172 = CARTESIAN_POINT('',(-0.404,-1.105,0.965));
#173 = CARTESIAN_POINT('',(-0.538,-1.105,0.965));
#174 = CARTESIAN_POINT('',(-0.404,-1.105,2.5E-02));
#175 = CARTESIAN_POINT('',(-0.404,-1.105,0.965));
#176 = CARTESIAN_POINT('',(-0.404,-1.105,2.5E-02));
#177 = CARTESIAN_POINT('',(-0.538,-1.105,2.5E-02));
#178 = CARTESIAN_POINT('',(-0.404,1.105,2.5E-02));
#179 = CARTESIAN_POINT('',(-0.404,-1.105,2.5E-02));
#180 = CARTESIAN_POINT('',(-0.538,1.105,2.5E-02));
#181 = CARTESIAN_POINT('',(-0.404,1.105,2.5E-02));
#182 = CARTESIAN_POINT('',(-0.538,-1.105,2.5E-02));
#183 = CARTESIAN_POINT('',(-0.538,1.105,2.5E-02));
#184 = CARTESIAN_POINT('',(-0.538,-1.105,0.965));
#185 = CARTESIAN_POINT('',(-0.404,-1.105,0.965));
#186 = CARTESIAN_POINT('',(-0.538,1.105,0.965));
#187 = CARTESIAN_POINT('',(-0.538,-1.105,0.965));
#188 = CARTESIAN_POINT('',(-0.404,1.105,0.965));
#189 = CARTESIAN_POINT('',(-0.538,1.105,0.965));
#190 = CARTESIAN_POINT('',(-0.404,-1.105,0.965));
#191 = CARTESIAN_POINT('',(-0.404,1.105,0.965));
#192 = CARTESIAN_POINT('',(0.673,0.876,0.991));
#193 = CARTESIAN_POINT('',(1.346,0.876,0.991));
#194 = CARTESIAN_POINT('',(0.673,-0.876,0.991));
#195 = CARTESIAN_POINT('',(0.673,0.876,0.991));
#196 = CARTESIAN_POINT('',(1.346,-0.876,0.991));
#197 = CARTESIAN_POINT('',(0.673,-0.876,0.991));
#198 = CARTESIAN_POINT('',(1.346,0.876,0.991));
#199 = CARTESIAN_POINT('',(1.346,-0.876,0.991));
#200 = CARTESIAN_POINT('',(0.673,0.876,2.5E-02));
#201 = CARTESIAN_POINT('',(1.321,0.876,2.5E-02));
#202 = CARTESIAN_POINT('',(0.673,-0.876,2.5E-02));
#203 = CARTESIAN_POINT('',(0.673,0.876,2.5E-02));
#204 = CARTESIAN_POINT('',(1.321,-0.876,2.5E-02));
#205 = CARTESIAN_POINT('',(0.673,-0.876,2.5E-02));
#206 = CARTESIAN_POINT('',(1.321,0.876,2.5E-02));
#207 = CARTESIAN_POINT('',(1.321,-0.876,2.5E-02));
#208 = CARTESIAN_POINT('',(1.346,0.876,0.));
#209 = CARTESIAN_POINT('',(1.346,-0.876,0.));
#210 = CARTESIAN_POINT('',(1.346,0.876,0.991));
#211 = CARTESIAN_POINT('',(1.346,0.876,0.));
#212 = CARTESIAN_POINT('',(1.346,-0.876,0.991));
#213 = CARTESIAN_POINT('',(1.346,0.876,0.991));
#214 = CARTESIAN_POINT('',(1.346,-0.876,0.));
#215 = CARTESIAN_POINT('',(1.346,-0.876,0.991));
#216 = CARTESIAN_POINT('',(0.673,-0.876,0.965));
#217 = CARTESIAN_POINT('',(0.673,0.876,0.965));
#218 = CARTESIAN_POINT('',(0.673,-0.876,0.991));
#219 = CARTESIAN_POINT('',(0.673,-0.876,0.965));
#220 = CARTESIAN_POINT('',(0.673,0.876,0.991));
#221 = CARTESIAN_POINT('',(0.673,-0.876,0.991));
#222 = CARTESIAN_POINT('',(0.673,0.876,0.965));
#223 = CARTESIAN_POINT('',(0.673,0.876,0.991));
#224 = CARTESIAN_POINT('',(0.673,-0.876,0.));
#225 = CARTESIAN_POINT('',(0.673,0.876,0.));
#226 = CARTESIAN_POINT('',(0.673,-0.876,2.5E-02));
#227 = CARTESIAN_POINT('',(0.673,-0.876,0.));
#228 = CARTESIAN_POINT('',(0.673,0.876,2.5E-02));
#229 = CARTESIAN_POINT('',(0.673,-0.876,2.5E-02));
#230 = CARTESIAN_POINT('',(0.673,0.876,0.));
#231 = CARTESIAN_POINT('',(0.673,0.876,2.5E-02));
#232 = CARTESIAN_POINT('',(1.321,-0.876,2.5E-02));
#233 = CARTESIAN_POINT('',(1.321,0.876,2.5E-02));
#234 = CARTESIAN_POINT('',(1.321,-0.876,0.965));
#235 = CARTESIAN_POINT('',(1.321,-0.876,2.5E-02));
#236 = CARTESIAN_POINT('',(1.321,0.876,0.965));
#237 = CARTESIAN_POINT('',(1.321,-0.876,0.965));
#238 = CARTESIAN_POINT('',(1.321,0.876,2.5E-02));
#239 = CARTESIAN_POINT('',(1.321,0.876,0.965));
#240 = CARTESIAN_POINT('',(0.673,-0.876,0.965));
#241 = CARTESIAN_POINT('',(1.321,-0.876,0.965));
#242 = CARTESIAN_POINT('',(0.673,0.876,0.965));
#243 = CARTESIAN_POINT('',(0.673,-0.876,0.965));
#244 = CARTESIAN_POINT('',(1.321,0.876,0.965));
#245 = CARTESIAN_POINT('',(0.673,0.876,0.965));
#246 = CARTESIAN_POINT('',(1.321,-0.876,0.965));
#247 = CARTESIAN_POINT('',(1.321,0.876,0.965));
#248 = CARTESIAN_POINT('',(0.673,-0.876,0.));
#249 = CARTESIAN_POINT('',(1.346,-0.876,0.));
#250 = CARTESIAN_POINT('',(0.673,0.876,0.));
#251 = CARTESIAN_POINT('',(0.673,-0.876,0.));
#252 = CARTESIAN_POINT('',(1.346,0.876,0.));
#253 = CARTESIAN_POINT('',(0.673,0.876,0.));
#254 = CARTESIAN_POINT('',(1.346,-0.876,0.));
#255 = CARTESIAN_POINT('',(1.346,0.876,0.));
#256 = CARTESIAN_POINT('',(0.673,0.876,0.));
#257 = CARTESIAN_POINT('',(1.346,0.876,0.));
#258 = CARTESIAN_POINT('',(0.673,0.876,2.5E-02));
#259 = CARTESIAN_POINT('',(0.673,0.876,0.));
#260 = CARTESIAN_POINT('',(1.321,0.876,2.5E-02));
#261 = CARTESIAN_POINT('',(0.673,0.876,2.5E-02));
#262 = CARTESIAN_POINT('',(1.321,0.876,0.965));
#263 = CARTESIAN_POINT('',(1.321,0.876,2.5E-02));
#264 = CARTESIAN_POINT('',(0.673,0.876,0.965));
#265 = CARTESIAN_POINT('',(1.321,0.876,0.965));
#266 = CARTESIAN_POINT('',(0.673,0.876,0.991));
#267 = CARTESIAN_POINT('',(0.673,0.876,0.965));
#268 = CARTESIAN_POINT('',(1.346,0.876,0.991));
#269 = CARTESIAN_POINT('',(0.673,0.876,0.991));
#270 = CARTESIAN_POINT('',(1.346,0.876,0.));
#271 = CARTESIAN_POINT('',(1.346,0.876,0.991));
#272 = CARTESIAN_POINT('',(1.346,-0.876,0.));
#273 = CARTESIAN_POINT('',(0.673,-0.876,0.));
#274 = CARTESIAN_POINT('',(1.346,-0.876,0.991));
#275 = CARTESIAN_POINT('',(1.346,-0.876,0.));
#276 = CARTESIAN_POINT('',(0.673,-0.876,0.991));
#277 = CARTESIAN_POINT('',(1.346,-0.876,0.991));
#278 = CARTESIAN_POINT('',(0.673,-0.876,0.965));
#279 = CARTESIAN_POINT('',(0.673,-0.876,0.991));
#280 = CARTESIAN_POINT('',(1.321,-0.876,0.965));
#281 = CARTESIAN_POINT('',(0.673,-0.876,0.965));
#282 = CARTESIAN_POINT('',(1.321,-0.876,2.5E-02));
#283 = CARTESIAN_POINT('',(1.321,-0.876,0.965));
#284 = CARTESIAN_POINT('',(0.673,-0.876,2.5E-02));
#285 = CARTESIAN_POINT('',(1.321,-0.876,2.5E-02));
#286 = CARTESIAN_POINT('',(0.673,-0.876,0.));
#287 = CARTESIAN_POINT('',(0.673,-0.876,2.5E-02));
#288 = CARTESIAN_POINT('',(-0.673,-0.876,0.991));
#289 = CARTESIAN_POINT('',(-1.346,-0.876,0.991));
#290 = CARTESIAN_POINT('',(-0.673,0.876,0.991));
#291 = CARTESIAN_POINT('',(-0.673,-0.876,0.991));
#292 = CARTESIAN_POINT('',(-1.346,0.876,0.991));
#293 = CARTESIAN_POINT('',(-0.673,0.876,0.991));
#294 = CARTESIAN_POINT('',(-1.346,-0.876,0.991));
#295 = CARTESIAN_POINT('',(-1.346,0.876,0.991));
#296 = CARTESIAN_POINT('',(-0.673,-0.876,2.5E-02));
#297 = CARTESIAN_POINT('',(-1.321,-0.876,2.5E-02));
#298 = CARTESIAN_POINT('',(-0.673,0.876,2.5E-02));
#299 = CARTESIAN_POINT('',(-0.673,-0.876,2.5E-02));
#300 = CARTESIAN_POINT('',(-1.321,0.876,2.5E-02));
#301 = CARTESIAN_POINT('',(-0.673,0.876,2.5E-02));
#302 = CARTESIAN_POINT('',(-1.321,-0.876,2.5E-02));
#303 = CARTESIAN_POINT('',(-1.321,0.876,2.5E-02));
#304 = CARTESIAN_POINT('',(-1.346,-0.876,0.));
#305 = CARTESIAN_POINT('',(-1.346,0.876,0.));
#306 = CARTESIAN_POINT('',(-1.346,-0.876,0.991));
#307 = CARTESIAN_POINT('',(-1.346,-0.876,0.));
#308 = CARTESIAN_POINT('',(-1.346,0.876,0.991));
#309 = CARTESIAN_POINT('',(-1.346,-0.876,0.991));
#310 = CARTESIAN_POINT('',(-1.346,0.876,0.));
#311 = CARTESIAN_POINT('',(-1.346,0.876,0.991));
#312 = CARTESIAN_POINT('',(-0.673,0.876,0.965));
#313 = CARTESIAN_POINT('',(-0.673,-0.876,0.965));
#314 = CARTESIAN_POINT('',(-0.673,0.876,0.991));
#315 = CARTESIAN_POINT('',(-0.673,0.876,0.965));
#316 = CARTESIAN_POINT('',(-0.673,-0.876,0.991));
#317 = CARTESIAN_POINT('',(-0.673,0.876,0.991));
#318 = CARTESIAN_POINT('',(-0.673,-0.876,0.965));
#319 = CARTESIAN_POINT('',(-0.673,-0.876,0.991));
#320 = CARTESIAN_POINT('',(-0.673,0.876,0.));
#321 = CARTESIAN_POINT('',(-0.673,-0.876,0.));
#322 = CARTESIAN_POINT('',(-0.673,0.876,2.5E-02));
#323 = CARTESIAN_POINT('',(-0.673,0.876,0.));
#324 = CARTESIAN_POINT('',(-0.673,-0.876,2.5E-02));
#325 = CARTESIAN_POINT('',(-0.673,0.876,2.5E-02));
#326 = CARTESIAN_POINT('',(-0.673,-0.876,0.));
#327 = CARTESIAN_POINT('',(-0.673,-0.876,2.5E-02));
#328 = CARTESIAN_POINT('',(-1.321,0.876,2.5E-02));
#329 = CARTESIAN_POINT('',(-1.321,-0.876,2.5E-02));
#330 = CARTESIAN_POINT('',(-1.321,0.876,0.965));
#331 = CARTESIAN_POINT('',(-1.321,0.876,2.5E-02));
#332 = CARTESIAN_POINT('',(-1.321,-0.876,0.965));
#333 = CARTESIAN_POINT('',(-1.321,0.876,0.965));
#334 = CARTESIAN_POINT('',(-1.321,-0.876,2.5E-02));
#335 = CARTESIAN_POINT('',(-1.321,-0.876,0.965));
#336 = CARTESIAN_POINT('',(-0.673,0.876,0.965));
#337 = CARTESIAN_POINT('',(-1.321,0.876,0.965));
#338 = CARTESIAN_POINT('',(-0.673,-0.876,0.965));
#339 = CARTESIAN_POINT('',(-0.673,0.876,0.965));
#340 = CARTESIAN_POINT('',(-1.321,-0.876,0.965));
#341 = CARTESIAN_POINT('',(-0.673,-0.876,0.965));
#342 = CARTESIAN_POINT('',(-1.321,0.876,0.965));
#343 = CARTESIAN_POINT('',(-1.321,-0.876,0.965));
#344 = CARTESIAN_POINT('',(-0.673,0.876,0.));
#345 = CARTESIAN_POINT('',(-1.346,0.876,0.));
#346 = CARTESIAN_POINT('',(-0.673,-0.876,0.));
#347 = CARTESIAN_POINT('',(-0.673,0.876,0.));
#348 = CARTESIAN_POINT('',(-1.346,-0.876,0.));
#349 = CARTESIAN_POINT('',(-0.673,-0.876,0.));
#350 = CARTESIAN_POINT('',(-1.346,0.876,0.));
#351 = CARTESIAN_POINT('',(-1.346,-0.876,0.));
#352 = CARTESIAN_POINT('',(-0.673,-0.876,0.));
#353 = CARTESIAN_POINT('',(-1.346,-0.876,0.));
#354 = CARTESIAN_POINT('',(-0.673,-0.876,2.5E-02));
#355 = CARTESIAN_POINT('',(-0.673,-0.876,0.));
#356 = CARTESIAN_POINT('',(-1.321,-0.876,2.5E-02));
#357 = CARTESIAN_POINT('',(-0.673,-0.876,2.5E-02));
#358 = CARTESIAN_POINT('',(-1.321,-0.876,0.965));
#359 = CARTESIAN_POINT('',(-1.321,-0.876,2.5E-02));
#360 = CARTESIAN_POINT('',(-0.673,-0.876,0.965));
#361 = CARTESIAN_POINT('',(-1.321,-0.876,0.965));
#362 = CARTESIAN_POINT('',(-0.673,-0.876,0.991));
#363 = CARTESIAN_POINT('',(-0.673,-0.876,0.965));
#364 = CARTESIAN_POINT('',(-1.346,-0.876,0.991));
#365 = CARTESIAN_POINT('',(-0.673,-0.876,0.991));
#366 = CARTESIAN_POINT('',(-1.346,-0.876,0.));
#367 = CARTESIAN_POINT('',(-1.346,-0.876,0.991));
#368 = SHELL_BASED_SURFACE_MODEL('',(#369));
#369 = OPEN_SHELL('',(#370));
#370 = ADVANCED_FACE('',(#371),#437,.F.);
#371 = FACE_BOUND('',#372,.T.);
#372 = EDGE_LOOP('',(#373,#383,#391,#399,#407,#415,#423,#431));
#373 = ORIENTED_EDGE('',*,*,#374,.F.);
#374 = EDGE_CURVE('',#375,#377,#379,.T.);
#375 = VERTEX_POINT('',#376);
#376 = CARTESIAN_POINT('',(-1.346,0.876,0.));
#377 = VERTEX_POINT('',#378);
#378 = CARTESIAN_POINT('',(-0.673,0.876,0.));
#379 = LINE('',#380,#381);
#380 = CARTESIAN_POINT('',(-1.346,0.876,0.));
#381 = VECTOR('',#382,1.);
#382 = DIRECTION('',(1.,0.,0.));
#383 = ORIENTED_EDGE('',*,*,#384,.F.);
#384 = EDGE_CURVE('',#385,#375,#387,.T.);
#385 = VERTEX_POINT('',#386);
#386 = CARTESIAN_POINT('',(-1.346,0.876,0.991));
#387 = LINE('',#388,#389);
#388 = CARTESIAN_POINT('',(-1.346,0.876,0.991));
#389 = VECTOR('',#390,1.);
#390 = DIRECTION('',(0.,0.,-1.));
#391 = ORIENTED_EDGE('',*,*,#392,.F.);
#392 = EDGE_CURVE('',#393,#385,#395,.T.);
#393 = VERTEX_POINT('',#394);
#394 = CARTESIAN_POINT('',(-0.673,0.876,0.991));
#395 = LINE('',#396,#397);
#396 = CARTESIAN_POINT('',(-0.673,0.876,0.991));
#397 = VECTOR('',#398,1.);
#398 = DIRECTION('',(-1.,0.,0.));
#399 = ORIENTED_EDGE('',*,*,#400,.F.);
#400 = EDGE_CURVE('',#401,#393,#403,.T.);
#401 = VERTEX_POINT('',#402);
#402 = CARTESIAN_POINT('',(-0.673,0.876,0.965));
#403 = LINE('',#404,#405);
#404 = CARTESIAN_POINT('',(-0.673,0.876,0.965));
#405 = VECTOR('',#406,1.);
#406 = DIRECTION('',(0.,0.,1.));
#407 = ORIENTED_EDGE('',*,*,#408,.F.);
#408 = EDGE_CURVE('',#409,#401,#411,.T.);
#409 = VERTEX_POINT('',#410);
#410 = CARTESIAN_POINT('',(-1.321,0.876,0.965));
#411 = LINE('',#412,#413);
#412 = CARTESIAN_POINT('',(-1.321,0.876,0.965));
#413 = VECTOR('',#414,1.);
#414 = DIRECTION('',(1.,0.,0.));
#415 = ORIENTED_EDGE('',*,*,#416,.F.);
#416 = EDGE_CURVE('',#417,#409,#419,.T.);
#417 = VERTEX_POINT('',#418);
#418 = CARTESIAN_POINT('',(-1.321,0.876,2.5E-02));
#419 = LINE('',#420,#421);
#420 = CARTESIAN_POINT('',(-1.321,0.876,2.5E-02));
#421 = VECTOR('',#422,1.);
#422 = DIRECTION('',(0.,0.,1.));
#423 = ORIENTED_EDGE('',*,*,#424,.F.);
#424 = EDGE_CURVE('',#425,#417,#427,.T.);
#425 = VERTEX_POINT('',#426);
#426 = CARTESIAN_POINT('',(-0.673,0.876,2.5E-02));
#427 = LINE('',#428,#429);
#428 = CARTESIAN_POINT('',(-0.673,0.876,2.5E-02));
#429 = VECTOR('',#430,1.);
#430 = DIRECTION('',(-1.,0.,0.));
#431 = ORIENTED_EDGE('',*,*,#432,.F.);
#432 = EDGE_CURVE('',#377,#425,#433,.T.);
#433 = LINE('',#434,#435);
#434 = CARTESIAN_POINT('',(-0.673,0.876,0.));
#435 = VECTOR('',#436,1.);
#436 = DIRECTION('',(0.,0.,1.));
#437 = PLANE('',#438);
#438 = AXIS2_PLACEMENT_3D('',#439,#440,#441);
#439 = CARTESIAN_POINT('',(-0.673,0.876,0.));
#440 = DIRECTION('',(0.,-1.,0.));
#441 = DIRECTION('',(0.,0.,1.));
#442 = SHELL_BASED_SURFACE_MODEL('',(#443));
#443 = OPEN_SHELL('',(#444));
#444 = ADVANCED_FACE('',(#445),#479,.F.);
#445 = FACE_BOUND('',#446,.T.);
#446 = EDGE_LOOP('',(#447,#457,#465,#473));
#447 = ORIENTED_EDGE('',*,*,#448,.F.);
#448 = EDGE_CURVE('',#449,#451,#453,.T.);
#449 = VERTEX_POINT('',#450);
#450 = CARTESIAN_POINT('',(1.321,1.105,2.5E-02));
#451 = VERTEX_POINT('',#452);
#452 = CARTESIAN_POINT('',(-1.321,1.105,2.5E-02));
#453 = LINE('',#454,#455);
#454 = CARTESIAN_POINT('',(1.321,1.105,2.5E-02));
#455 = VECTOR('',#456,1.);
#456 = DIRECTION('',(-1.,0.,0.));
#457 = ORIENTED_EDGE('',*,*,#458,.F.);
#458 = EDGE_CURVE('',#459,#449,#461,.T.);
#459 = VERTEX_POINT('',#460);
#460 = CARTESIAN_POINT('',(1.321,-1.105,2.5E-02));
#461 = LINE('',#462,#463);
#462 = CARTESIAN_POINT('',(1.321,-1.105,2.5E-02));
#463 = VECTOR('',#464,1.);
#464 = DIRECTION('',(0.,1.,0.));
#465 = ORIENTED_EDGE('',*,*,#466,.F.);
#466 = EDGE_CURVE('',#467,#459,#469,.T.);
#467 = VERTEX_POINT('',#468);
#468 = CARTESIAN_POINT('',(-1.321,-1.105,2.5E-02));
#469 = LINE('',#470,#471);
#470 = CARTESIAN_POINT('',(-1.321,-1.105,2.5E-02));
#471 = VECTOR('',#472,1.);
#472 = DIRECTION('',(1.,0.,0.));
#473 = ORIENTED_EDGE('',*,*,#474,.F.);
#474 = EDGE_CURVE('',#451,#467,#475,.T.);
#475 = LINE('',#476,#477);
#476 = CARTESIAN_POINT('',(-1.321,1.105,2.5E-02));
#477 = VECTOR('',#478,1.);
#478 = DIRECTION('',(0.,-1.,0.));
#479 = PLANE('',#480);
#480 = AXIS2_PLACEMENT_3D('',#481,#482,#483);
#481 = CARTESIAN_POINT('',(-1.321,1.105,2.5E-02));
#482 = DIRECTION('',(0.,0.,1.));
#483 = DIRECTION('',(0.,1.,0.));
#484 = SHELL_BASED_SURFACE_MODEL('',(#485));
#485 = OPEN_SHELL('',(#486));
#486 = ADVANCED_FACE('',(#487),#521,.F.);
#487 = FACE_BOUND('',#488,.T.);
#488 = EDGE_LOOP('',(#489,#499,#507,#515));
#489 = ORIENTED_EDGE('',*,*,#490,.F.);
#490 = EDGE_CURVE('',#491,#493,#495,.T.);
#491 = VERTEX_POINT('',#492);
#492 = CARTESIAN_POINT('',(1.321,-1.105,0.965));
#493 = VERTEX_POINT('',#494);
#494 = CARTESIAN_POINT('',(-1.321,-1.105,0.965));
#495 = LINE('',#496,#497);
#496 = CARTESIAN_POINT('',(1.321,-1.105,0.965));
#497 = VECTOR('',#498,1.);
#498 = DIRECTION('',(-1.,0.,0.));
#499 = ORIENTED_EDGE('',*,*,#500,.F.);
#500 = EDGE_CURVE('',#501,#491,#503,.T.);
#501 = VERTEX_POINT('',#502);
#502 = CARTESIAN_POINT('',(1.321,1.105,0.965));
#503 = LINE('',#504,#505);
#504 = CARTESIAN_POINT('',(1.321,1.105,0.965));
#505 = VECTOR('',#506,1.);
#506 = DIRECTION('',(0.,-1.,0.));
#507 = ORIENTED_EDGE('',*,*,#508,.F.);
#508 = EDGE_CURVE('',#509,#501,#511,.T.);
#509 = VERTEX_POINT('',#510);
#510 = CARTESIAN_POINT('',(-1.321,1.105,0.965));
#511 = LINE('',#512,#513);
#512 = CARTESIAN_POINT('',(-1.321,1.105,0.965));
#513 = VECTOR('',#514,1.);
#514 = DIRECTION('',(1.,0.,0.));
#515 = ORIENTED_EDGE('',*,*,#516,.F.);
#516 = EDGE_CURVE('',#493,#509,#517,.T.);
#517 = LINE('',#518,#519);
#518 = CARTESIAN_POINT('',(-1.321,-1.105,0.965));
#519 = VECTOR('',#520,1.);
#520 = DIRECTION('',(0.,1.,0.));
#521 = PLANE('',#522);
#522 = AXIS2_PLACEMENT_3D('',#523,#524,#525);
#523 = CARTESIAN_POINT('',(-1.321,-1.105,0.965));
#524 = DIRECTION('',(0.,0.,-1.));
#525 = DIRECTION('',(0.,1.,0.));
#526 = SHELL_BASED_SURFACE_MODEL('',(#527));
#527 = OPEN_SHELL('',(#528));
#528 = ADVANCED_FACE('',(#529),#563,.F.);
#529 = FACE_BOUND('',#530,.T.);
#530 = EDGE_LOOP('',(#531,#541,#549,#557));
#531 = ORIENTED_EDGE('',*,*,#532,.F.);
#532 = EDGE_CURVE('',#533,#535,#537,.T.);
#533 = VERTEX_POINT('',#534);
#534 = CARTESIAN_POINT('',(1.321,-1.105,2.5E-02));
#535 = VERTEX_POINT('',#536);
#536 = CARTESIAN_POINT('',(-1.321,-1.105,2.5E-02));
#537 = LINE('',#538,#539);
#538 = CARTESIAN_POINT('',(1.321,-1.105,2.5E-02));
#539 = VECTOR('',#540,1.);
#540 = DIRECTION('',(-1.,0.,0.));
#541 = ORIENTED_EDGE('',*,*,#542,.F.);
#542 = EDGE_CURVE('',#543,#533,#545,.T.);
#543 = VERTEX_POINT('',#544);
#544 = CARTESIAN_POINT('',(1.321,-1.105,0.965));
#545 = LINE('',#546,#547);
#546 = CARTESIAN_POINT('',(1.321,-1.105,0.965));
#547 = VECTOR('',#548,1.);
#548 = DIRECTION('',(0.,0.,-1.));
#549 = ORIENTED_EDGE('',*,*,#550,.F.);
#550 = EDGE_CURVE('',#551,#543,#553,.T.);
#551 = VERTEX_POINT('',#552);
#552 = CARTESIAN_POINT('',(-1.321,-1.105,0.965));
#553 = LINE('',#554,#555);
#554 = CARTESIAN_POINT('',(-1.321,-1.105,0.965));
#555 = VECTOR('',#556,1.);
#556 = DIRECTION('',(1.,0.,0.));
#557 = ORIENTED_EDGE('',*,*,#558,.F.);
#558 = EDGE_CURVE('',#535,#551,#559,.T.);
#559 = LINE('',#560,#561);
#560 = CARTESIAN_POINT('',(-1.321,-1.105,2.5E-02));
#561 = VECTOR('',#562,1.);
#562 = DIRECTION('',(0.,0.,1.));
#563 = PLANE('',#564);
#564 = AXIS2_PLACEMENT_3D('',#565,#566,#567);
#565 = CARTESIAN_POINT('',(-1.321,-1.105,2.5E-02));
#566 = DIRECTION('',(0.,1.,0.));
#567 = DIRECTION('',(0.,0.,1.));
#568 = SHELL_BASED_SURFACE_MODEL('',(#569));
#569 = OPEN_SHELL('',(#570));
#570 = ADVANCED_FACE('',(#571),#605,.F.);
#571 = FACE_BOUND('',#572,.T.);
#572 = EDGE_LOOP('',(#573,#583,#591,#599));
#573 = ORIENTED_EDGE('',*,*,#574,.F.);
#574 = EDGE_CURVE('',#575,#577,#579,.T.);
#575 = VERTEX_POINT('',#576);
#576 = CARTESIAN_POINT('',(1.321,1.105,2.5E-02));
#577 = VERTEX_POINT('',#578);
#578 = CARTESIAN_POINT('',(1.321,-1.105,2.5E-02));
#579 = LINE('',#580,#581);
#580 = CARTESIAN_POINT('',(1.321,1.105,2.5E-02));
#581 = VECTOR('',#582,1.);
#582 = DIRECTION('',(0.,-1.,0.));
#583 = ORIENTED_EDGE('',*,*,#584,.F.);
#584 = EDGE_CURVE('',#585,#575,#587,.T.);
#585 = VERTEX_POINT('',#586);
#586 = CARTESIAN_POINT('',(1.321,1.105,0.965));
#587 = LINE('',#588,#589);
#588 = CARTESIAN_POINT('',(1.321,1.105,0.965));
#589 = VECTOR('',#590,1.);
#590 = DIRECTION('',(0.,0.,-1.));
#591 = ORIENTED_EDGE('',*,*,#592,.F.);
#592 = EDGE_CURVE('',#593,#585,#595,.T.);
#593 = VERTEX_POINT('',#594);
#594 = CARTESIAN_POINT('',(1.321,-1.105,0.965));
#595 = LINE('',#596,#597);
#596 = CARTESIAN_POINT('',(1.321,-1.105,0.965));
#597 = VECTOR('',#598,1.);
#598 = DIRECTION('',(0.,1.,0.));
#599 = ORIENTED_EDGE('',*,*,#600,.F.);
#600 = EDGE_CURVE('',#577,#593,#601,.T.);
#601 = LINE('',#602,#603);
#602 = CARTESIAN_POINT('',(1.321,-1.105,2.5E-02));
#603 = VECTOR('',#604,1.);
#604 = DIRECTION('',(0.,0.,1.));
#605 = PLANE('',#606);
#606 = AXIS2_PLACEMENT_3D('',#607,#608,#609);
#607 = CARTESIAN_POINT('',(1.321,-1.105,2.5E-02));
#608 = DIRECTION('',(-1.,0.,0.));
#609 = DIRECTION('',(0.,0.,1.));
#610 = SHELL_BASED_SURFACE_MODEL('',(#611));
#611 = OPEN_SHELL('',(#612));
#612 = ADVANCED_FACE('',(#613),#647,.F.);
#613 = FACE_BOUND('',#614,.T.);
#614 = EDGE_LOOP('',(#615,#625,#633,#641));
#615 = ORIENTED_EDGE('',*,*,#616,.F.);
#616 = EDGE_CURVE('',#617,#619,#621,.T.);
#617 = VERTEX_POINT('',#618);
#618 = CARTESIAN_POINT('',(-1.321,1.105,2.5E-02));
#619 = VERTEX_POINT('',#620);
#620 = CARTESIAN_POINT('',(1.321,1.105,2.5E-02));
#621 = LINE('',#622,#623);
#622 = CARTESIAN_POINT('',(-1.321,1.105,2.5E-02));
#623 = VECTOR('',#624,1.);
#624 = DIRECTION('',(1.,0.,0.));
#625 = ORIENTED_EDGE('',*,*,#626,.F.);
#626 = EDGE_CURVE('',#627,#617,#629,.T.);
#627 = VERTEX_POINT('',#628);
#628 = CARTESIAN_POINT('',(-1.321,1.105,0.965));
#629 = LINE('',#630,#631);
#630 = CARTESIAN_POINT('',(-1.321,1.105,0.965));
#631 = VECTOR('',#632,1.);
#632 = DIRECTION('',(0.,0.,-1.));
#633 = ORIENTED_EDGE('',*,*,#634,.F.);
#634 = EDGE_CURVE('',#635,#627,#637,.T.);
#635 = VERTEX_POINT('',#636);
#636 = CARTESIAN_POINT('',(1.321,1.105,0.965));
#637 = LINE('',#638,#639);
#638 = CARTESIAN_POINT('',(1.321,1.105,0.965));
#639 = VECTOR('',#640,1.);
#640 = DIRECTION('',(-1.,0.,0.));
#641 = ORIENTED_EDGE('',*,*,#642,.F.);
#642 = EDGE_CURVE('',#619,#635,#643,.T.);
#643 = LINE('',#644,#645);
#644 = CARTESIAN_POINT('',(1.321,1.105,2.5E-02));
#645 = VECTOR('',#646,1.);
#646 = DIRECTION('',(0.,0.,1.));
#647 = PLANE('',#648);
#648 = AXIS2_PLACEMENT_3D('',#649,#650,#651);
#649 = CARTESIAN_POINT('',(1.321,1.105,2.5E-02));
#650 = DIRECTION('',(0.,-1.,0.));
#651 = DIRECTION('',(0.,0.,1.));
#652 = SHELL_BASED_SURFACE_MODEL('',(#653));
#653 = OPEN_SHELL('',(#654));
#654 = ADVANCED_FACE('',(#655),#689,.F.);
#655 = FACE_BOUND('',#656,.T.);
#656 = EDGE_LOOP('',(#657,#667,#675,#683));
#657 = ORIENTED_EDGE('',*,*,#658,.F.);
#658 = EDGE_CURVE('',#659,#661,#663,.T.);
#659 = VERTEX_POINT('',#660);
#660 = CARTESIAN_POINT('',(-1.321,-1.105,2.5E-02));
#661 = VERTEX_POINT('',#662);
#662 = CARTESIAN_POINT('',(-1.321,1.105,2.5E-02));
#663 = LINE('',#664,#665);
#664 = CARTESIAN_POINT('',(-1.321,-1.105,2.5E-02));
#665 = VECTOR('',#666,1.);
#666 = DIRECTION('',(0.,1.,0.));
#667 = ORIENTED_EDGE('',*,*,#668,.F.);
#668 = EDGE_CURVE('',#669,#659,#671,.T.);
#669 = VERTEX_POINT('',#670);
#670 = CARTESIAN_POINT('',(-1.321,-1.105,0.965));
#671 = LINE('',#672,#673);
#672 = CARTESIAN_POINT('',(-1.321,-1.105,0.965));
#673 = VECTOR('',#674,1.);
#674 = DIRECTION('',(0.,0.,-1.));
#675 = ORIENTED_EDGE('',*,*,#676,.F.);
#676 = EDGE_CURVE('',#677,#669,#679,.T.);
#677 = VERTEX_POINT('',#678);
#678 = CARTESIAN_POINT('',(-1.321,1.105,0.965));
#679 = LINE('',#680,#681);
#680 = CARTESIAN_POINT('',(-1.321,1.105,0.965));
#681 = VECTOR('',#682,1.);
#682 = DIRECTION('',(0.,-1.,0.));
#683 = ORIENTED_EDGE('',*,*,#684,.F.);
#684 = EDGE_CURVE('',#661,#677,#685,.T.);
#685 = LINE('',#686,#687);
#686 = CARTESIAN_POINT('',(-1.321,1.105,2.5E-02));
#687 = VECTOR('',#688,1.);
#688 = DIRECTION('',(0.,0.,1.));
#689 = PLANE('',#690);
#690 = AXIS2_PLACEMENT_3D('',#691,#692,#693);
#691 = CARTESIAN_POINT('',(-1.321,1.105,2.5E-02));
#692 = DIRECTION('',(1.,0.,0.));
#693 = DIRECTION('',(0.,0.,1.));
#694 = SHELL_BASED_SURFACE_MODEL('',(#695));
#695 = OPEN_SHELL('',(#696));
#696 = ADVANCED_FACE('',(#697),#731,.F.);
#697 = FACE_BOUND('',#698,.T.);
#698 = EDGE_LOOP('',(#699,#709,#717,#725));
#699 = ORIENTED_EDGE('',*,*,#700,.F.);
#700 = EDGE_CURVE('',#701,#703,#705,.T.);
#701 = VERTEX_POINT('',#702);
#702 = CARTESIAN_POINT('',(-0.404,1.107,2.3E-02));
#703 = VERTEX_POINT('',#704);
#704 = CARTESIAN_POINT('',(-0.538,1.107,2.3E-02));
#705 = LINE('',#706,#707);
#706 = CARTESIAN_POINT('',(-0.404,1.107,2.3E-02));
#707 = VECTOR('',#708,1.);
#708 = DIRECTION('',(-1.,0.,0.));
#709 = ORIENTED_EDGE('',*,*,#710,.F.);
#710 = EDGE_CURVE('',#711,#701,#713,.T.);
#711 = VERTEX_POINT('',#712);
#712 = CARTESIAN_POINT('',(-0.404,-1.107,2.3E-02));
#713 = LINE('',#714,#715);
#714 = CARTESIAN_POINT('',(-0.404,-1.107,2.3E-02));
#715 = VECTOR('',#716,1.);
#716 = DIRECTION('',(0.,1.,0.));
#717 = ORIENTED_EDGE('',*,*,#718,.F.);
#718 = EDGE_CURVE('',#719,#711,#721,.T.);
#719 = VERTEX_POINT('',#720);
#720 = CARTESIAN_POINT('',(-0.538,-1.107,2.3E-02));
#721 = LINE('',#722,#723);
#722 = CARTESIAN_POINT('',(-0.538,-1.107,2.3E-02));
#723 = VECTOR('',#724,1.);
#724 = DIRECTION('',(1.,0.,0.));
#725 = ORIENTED_EDGE('',*,*,#726,.F.);
#726 = EDGE_CURVE('',#703,#719,#727,.T.);
#727 = LINE('',#728,#729);
#728 = CARTESIAN_POINT('',(-0.538,1.107,2.3E-02));
#729 = VECTOR('',#730,1.);
#730 = DIRECTION('',(0.,-1.,0.));
#731 = PLANE('',#732);
#732 = AXIS2_PLACEMENT_3D('',#733,#734,#735);
#733 = CARTESIAN_POINT('',(-0.538,1.107,2.3E-02));
#734 = DIRECTION('',(0.,0.,1.));
#735 = DIRECTION('',(0.,1.,0.));
#736 = SHELL_BASED_SURFACE_MODEL('',(#737));
#737 = OPEN_SHELL('',(#738));
#738 = ADVANCED_FACE('',(#739),#773,.F.);
#739 = FACE_BOUND('',#740,.T.);
#740 = EDGE_LOOP('',(#741,#751,#759,#767));
#741 = ORIENTED_EDGE('',*,*,#742,.F.);
#742 = EDGE_CURVE('',#743,#745,#747,.T.);
#743 = VERTEX_POINT('',#744);
#744 = CARTESIAN_POINT('',(-0.404,-1.107,2.3E-02));
#745 = VERTEX_POINT('',#746);
#746 = CARTESIAN_POINT('',(-0.538,-1.107,2.3E-02));
#747 = LINE('',#748,#749);
#748 = CARTESIAN_POINT('',(-0.404,-1.107,2.3E-02));
#749 = VECTOR('',#750,1.);
#750 = DIRECTION('',(-1.,0.,0.));
#751 = ORIENTED_EDGE('',*,*,#752,.F.);
#752 = EDGE_CURVE('',#753,#743,#755,.T.);
#753 = VERTEX_POINT('',#754);
#754 = CARTESIAN_POINT('',(-0.404,-1.107,0.968));
#755 = LINE('',#756,#757);
#756 = CARTESIAN_POINT('',(-0.404,-1.107,0.968));
#757 = VECTOR('',#758,1.);
#758 = DIRECTION('',(0.,0.,-1.));
#759 = ORIENTED_EDGE('',*,*,#760,.F.);
#760 = EDGE_CURVE('',#761,#753,#763,.T.);
#761 = VERTEX_POINT('',#762);
#762 = CARTESIAN_POINT('',(-0.538,-1.107,0.968));
#763 = LINE('',#764,#765);
#764 = CARTESIAN_POINT('',(-0.538,-1.107,0.968));
#765 = VECTOR('',#766,1.);
#766 = DIRECTION('',(1.,0.,0.));
#767 = ORIENTED_EDGE('',*,*,#768,.F.);
#768 = EDGE_CURVE('',#745,#761,#769,.T.);
#769 = LINE('',#770,#771);
#770 = CARTESIAN_POINT('',(-0.538,-1.107,2.3E-02));
#771 = VECTOR('',#772,1.);
#772 = DIRECTION('',(0.,0.,1.));
#773 = PLANE('',#774);
#774 = AXIS2_PLACEMENT_3D('',#775,#776,#777);
#775 = CARTESIAN_POINT('',(-0.538,-1.107,2.3E-02));
#776 = DIRECTION('',(0.,1.,0.));
#777 = DIRECTION('',(0.,0.,1.));
#778 = SHELL_BASED_SURFACE_MODEL('',(#779));
#779 = OPEN_SHELL('',(#780));
#780 = ADVANCED_FACE('',(#781),#815,.F.);
#781 = FACE_BOUND('',#782,.T.);
#782 = EDGE_LOOP('',(#783,#793,#801,#809));
#783 = ORIENTED_EDGE('',*,*,#784,.F.);
#784 = EDGE_CURVE('',#785,#787,#789,.T.);
#785 = VERTEX_POINT('',#786);
#786 = CARTESIAN_POINT('',(-0.538,1.107,2.3E-02));
#787 = VERTEX_POINT('',#788);
#788 = CARTESIAN_POINT('',(-0.404,1.107,2.3E-02));
#789 = LINE('',#790,#791);
#790 = CARTESIAN_POINT('',(-0.538,1.107,2.3E-02));
#791 = VECTOR('',#792,1.);
#792 = DIRECTION('',(1.,0.,0.));
#793 = ORIENTED_EDGE('',*,*,#794,.F.);
#794 = EDGE_CURVE('',#795,#785,#797,.T.);
#795 = VERTEX_POINT('',#796);
#796 = CARTESIAN_POINT('',(-0.538,1.107,0.968));
#797 = LINE('',#798,#799);
#798 = CARTESIAN_POINT('',(-0.538,1.107,0.968));
#799 = VECTOR('',#800,1.);
#800 = DIRECTION('',(0.,0.,-1.));
#801 = ORIENTED_EDGE('',*,*,#802,.F.);
#802 = EDGE_CURVE('',#803,#795,#805,.T.);
#803 = VERTEX_POINT('',#804);
#804 = CARTESIAN_POINT('',(-0.404,1.107,0.968));
#805 = LINE('',#806,#807);
#806 = CARTESIAN_POINT('',(-0.404,1.107,0.968));
#807 = VECTOR('',#808,1.);
#808 = DIRECTION('',(-1.,0.,0.));
#809 = ORIENTED_EDGE('',*,*,#810,.F.);
#810 = EDGE_CURVE('',#787,#803,#811,.T.);
#811 = LINE('',#812,#813);
#812 = CARTESIAN_POINT('',(-0.404,1.107,2.3E-02));
#813 = VECTOR('',#814,1.);
#814 = DIRECTION('',(0.,0.,1.));
#815 = PLANE('',#816);
#816 = AXIS2_PLACEMENT_3D('',#817,#818,#819);
#817 = CARTESIAN_POINT('',(-0.404,1.107,2.3E-02));
#818 = DIRECTION('',(0.,-1.,0.));
#819 = DIRECTION('',(0.,0.,1.));
#820 = SHELL_BASED_SURFACE_MODEL('',(#821));
#821 = OPEN_SHELL('',(#822));
#822 = ADVANCED_FACE('',(#823),#857,.F.);
#823 = FACE_BOUND('',#824,.T.);
#824 = EDGE_LOOP('',(#825,#835,#843,#851));
#825 = ORIENTED_EDGE('',*,*,#826,.F.);
#826 = EDGE_CURVE('',#827,#829,#831,.T.);
#827 = VERTEX_POINT('',#828);
#828 = CARTESIAN_POINT('',(-0.404,-1.107,0.968));
#829 = VERTEX_POINT('',#830);
#830 = CARTESIAN_POINT('',(-0.538,-1.107,0.968));
#831 = LINE('',#832,#833);
#832 = CARTESIAN_POINT('',(-0.404,-1.107,0.968));
#833 = VECTOR('',#834,1.);
#834 = DIRECTION('',(-1.,0.,0.));
#835 = ORIENTED_EDGE('',*,*,#836,.F.);
#836 = EDGE_CURVE('',#837,#827,#839,.T.);
#837 = VERTEX_POINT('',#838);
#838 = CARTESIAN_POINT('',(-0.404,1.107,0.968));
#839 = LINE('',#840,#841);
#840 = CARTESIAN_POINT('',(-0.404,1.107,0.968));
#841 = VECTOR('',#842,1.);
#842 = DIRECTION('',(0.,-1.,0.));
#843 = ORIENTED_EDGE('',*,*,#844,.F.);
#844 = EDGE_CURVE('',#845,#837,#847,.T.);
#845 = VERTEX_POINT('',#846);
#846 = CARTESIAN_POINT('',(-0.538,1.107,0.968));
#847 = LINE('',#848,#849);
#848 = CARTESIAN_POINT('',(-0.538,1.107,0.968));
#849 = VECTOR('',#850,1.);
#850 = DIRECTION('',(1.,0.,0.));
#851 = ORIENTED_EDGE('',*,*,#852,.F.);
#852 = EDGE_CURVE('',#829,#845,#853,.T.);
#853 = LINE('',#854,#855);
#854 = CARTESIAN_POINT('',(-0.538,-1.107,0.968));
#855 = VECTOR('',#856,1.);
#856 = DIRECTION('',(0.,1.,0.));
#857 = PLANE('',#858);
#858 = AXIS2_PLACEMENT_3D('',#859,#860,#861);
#859 = CARTESIAN_POINT('',(-0.538,-1.107,0.968));
#860 = DIRECTION('',(0.,0.,-1.));
#861 = DIRECTION('',(0.,1.,0.));
#862 = SHELL_BASED_SURFACE_MODEL('',(#863));
#863 = OPEN_SHELL('',(#864));
#864 = ADVANCED_FACE('',(#865),#915,.F.);
#865 = FACE_BOUND('',#866,.F.);
#866 = EDGE_LOOP('',(#867,#877,#885,#893,#901,#909));
#867 = ORIENTED_EDGE('',*,*,#868,.T.);
#868 = EDGE_CURVE('',#869,#871,#873,.T.);
#869 = VERTEX_POINT('',#870);
#870 = CARTESIAN_POINT('',(-0.404,-1.107,2.3E-02));
#871 = VERTEX_POINT('',#872);
#872 = CARTESIAN_POINT('',(-0.404,-1.105,2.5E-02));
#873 = LINE('',#874,#875);
#874 = CARTESIAN_POINT('',(-0.404,-1.107,2.3E-02));
#875 = VECTOR('',#876,1.);
#876 = DIRECTION('',(0.,0.707106781187,0.707106781187));
#877 = ORIENTED_EDGE('',*,*,#878,.T.);
#878 = EDGE_CURVE('',#871,#879,#881,.T.);
#879 = VERTEX_POINT('',#880);
#880 = CARTESIAN_POINT('',(-0.404,1.105,2.5E-02));
#881 = LINE('',#882,#883);
#882 = CARTESIAN_POINT('',(-0.404,-1.105,2.5E-02));
#883 = VECTOR('',#884,1.);
#884 = DIRECTION('',(0.,1.,0.));
#885 = ORIENTED_EDGE('',*,*,#886,.T.);
#886 = EDGE_CURVE('',#879,#887,#889,.T.);
#887 = VERTEX_POINT('',#888);
#888 = CARTESIAN_POINT('',(-0.404,1.105,0.965));
#889 = LINE('',#890,#891);
#890 = CARTESIAN_POINT('',(-0.404,1.105,2.5E-02));
#891 = VECTOR('',#892,1.);
#892 = DIRECTION('',(0.,0.,1.));
#893 = ORIENTED_EDGE('',*,*,#894,.T.);
#894 = EDGE_CURVE('',#887,#895,#897,.T.);
#895 = VERTEX_POINT('',#896);
#896 = CARTESIAN_POINT('',(-0.404,1.107,0.968));
#897 = LINE('',#898,#899);
#898 = CARTESIAN_POINT('',(-0.404,1.105,0.965));
#899 = VECTOR('',#900,1.);
#900 = DIRECTION('',(0.,0.707106781187,0.707106781187));
#901 = ORIENTED_EDGE('',*,*,#902,.T.);
#902 = EDGE_CURVE('',#895,#903,#905,.T.);
#903 = VERTEX_POINT('',#904);
#904 = CARTESIAN_POINT('',(-0.404,1.107,2.3E-02));
#905 = LINE('',#906,#907);
#906 = CARTESIAN_POINT('',(-0.404,1.107,0.968));
#907 = VECTOR('',#908,1.);
#908 = DIRECTION('',(0.,0.,-1.));
#909 = ORIENTED_EDGE('',*,*,#910,.T.);
#910 = EDGE_CURVE('',#903,#869,#911,.T.);
#911 = LINE('',#912,#913);
#912 = CARTESIAN_POINT('',(-0.404,1.107,2.3E-02));
#913 = VECTOR('',#914,1.);
#914 = DIRECTION('',(0.,-1.,0.));
#915 = PLANE('',#916);
#916 = AXIS2_PLACEMENT_3D('',#917,#918,#919);
#917 = CARTESIAN_POINT('',(-0.404,-1.107,2.3E-02));
#918 = DIRECTION('',(-1.,0.,0.));
#919 = DIRECTION('',(0.,0.,1.));
#920 = SHELL_BASED_SURFACE_MODEL('',(#921));
#921 = OPEN_SHELL('',(#922));
#922 = ADVANCED_FACE('',(#923),#973,.F.);
#923 = FACE_BOUND('',#924,.T.);
#924 = EDGE_LOOP('',(#925,#935,#943,#951,#959,#967));
#925 = ORIENTED_EDGE('',*,*,#926,.F.);
#926 = EDGE_CURVE('',#927,#929,#931,.T.);
#927 = VERTEX_POINT('',#928);
#928 = CARTESIAN_POINT('',(-0.404,-1.105,2.5E-02));
#929 = VERTEX_POINT('',#930);
#930 = CARTESIAN_POINT('',(-0.404,-1.107,2.3E-02));
#931 = LINE('',#932,#933);
#932 = CARTESIAN_POINT('',(-0.404,-1.105,2.5E-02));
#933 = VECTOR('',#934,1.);
#934 = DIRECTION('',(0.,-0.707106781187,-0.707106781187));
#935 = ORIENTED_EDGE('',*,*,#936,.F.);
#936 = EDGE_CURVE('',#937,#927,#939,.T.);
#937 = VERTEX_POINT('',#938);
#938 = CARTESIAN_POINT('',(-0.404,-1.105,0.965));
#939 = LINE('',#940,#941);
#940 = CARTESIAN_POINT('',(-0.404,-1.105,0.965));
#941 = VECTOR('',#942,1.);
#942 = DIRECTION('',(0.,0.,-1.));
#943 = ORIENTED_EDGE('',*,*,#944,.F.);
#944 = EDGE_CURVE('',#945,#937,#947,.T.);
#945 = VERTEX_POINT('',#946);
#946 = CARTESIAN_POINT('',(-0.404,1.105,0.965));
#947 = LINE('',#948,#949);
#948 = CARTESIAN_POINT('',(-0.404,1.105,0.965));
#949 = VECTOR('',#950,1.);
#950 = DIRECTION('',(0.,-1.,0.));
#951 = ORIENTED_EDGE('',*,*,#952,.F.);
#952 = EDGE_CURVE('',#953,#945,#955,.T.);
#953 = VERTEX_POINT('',#954);
#954 = CARTESIAN_POINT('',(-0.404,1.107,0.968));
#955 = LINE('',#956,#957);
#956 = CARTESIAN_POINT('',(-0.404,1.107,0.968));
#957 = VECTOR('',#958,1.);
#958 = DIRECTION('',(0.,-0.707106781187,-0.707106781187));
#959 = ORIENTED_EDGE('',*,*,#960,.F.);
#960 = EDGE_CURVE('',#961,#953,#963,.T.);
#961 = VERTEX_POINT('',#962);
#962 = CARTESIAN_POINT('',(-0.404,-1.107,0.968));
#963 = LINE('',#964,#965);
#964 = CARTESIAN_POINT('',(-0.404,-1.107,0.968));
#965 = VECTOR('',#966,1.);
#966 = DIRECTION('',(0.,1.,0.));
#967 = ORIENTED_EDGE('',*,*,#968,.F.);
#968 = EDGE_CURVE('',#929,#961,#969,.T.);
#969 = LINE('',#970,#971);
#970 = CARTESIAN_POINT('',(-0.404,-1.107,2.3E-02));
#971 = VECTOR('',#972,1.);
#972 = DIRECTION('',(0.,0.,1.));
#973 = PLANE('',#974);
#974 = AXIS2_PLACEMENT_3D('',#975,#976,#977);
#975 = CARTESIAN_POINT('',(-0.404,-1.107,2.3E-02));
#976 = DIRECTION('',(-1.,0.,0.));
#977 = DIRECTION('',(0.,0.,1.));
#978 = SHELL_BASED_SURFACE_MODEL('',(#979));
#979 = OPEN_SHELL('',(#980));
#980 = ADVANCED_FACE('',(#981),#1031,.F.);
#981 = FACE_BOUND('',#982,.T.);
#982 = EDGE_LOOP('',(#983,#993,#1001,#1009,#1017,#1025));
#983 = ORIENTED_EDGE('',*,*,#984,.F.);
#984 = EDGE_CURVE('',#985,#987,#989,.T.);
#985 = VERTEX_POINT('',#986);
#986 = CARTESIAN_POINT('',(-0.538,-1.107,2.3E-02));
#987 = VERTEX_POINT('',#988);
#988 = CARTESIAN_POINT('',(-0.538,1.107,2.3E-02));
#989 = LINE('',#990,#991);
#990 = CARTESIAN_POINT('',(-0.538,-1.107,2.3E-02));
#991 = VECTOR('',#992,1.);
#992 = DIRECTION('',(0.,1.,0.));
#993 = ORIENTED_EDGE('',*,*,#994,.F.);
#994 = EDGE_CURVE('',#995,#985,#997,.T.);
#995 = VERTEX_POINT('',#996);
#996 = CARTESIAN_POINT('',(-0.538,-1.105,2.5E-02));
#997 = LINE('',#998,#999);
#998 = CARTESIAN_POINT('',(-0.538,-1.105,2.5E-02));
#999 = VECTOR('',#1000,1.);
#1000 = DIRECTION('',(0.,-0.707106781187,-0.707106781187));
#1001 = ORIENTED_EDGE('',*,*,#1002,.F.);
#1002 = EDGE_CURVE('',#1003,#995,#1005,.T.);
#1003 = VERTEX_POINT('',#1004);
#1004 = CARTESIAN_POINT('',(-0.538,1.105,2.5E-02));
#1005 = LINE('',#1006,#1007);
#1006 = CARTESIAN_POINT('',(-0.538,1.105,2.5E-02));
#1007 = VECTOR('',#1008,1.);
#1008 = DIRECTION('',(0.,-1.,0.));
#1009 = ORIENTED_EDGE('',*,*,#1010,.F.);
#1010 = EDGE_CURVE('',#1011,#1003,#1013,.T.);
#1011 = VERTEX_POINT('',#1012);
#1012 = CARTESIAN_POINT('',(-0.538,1.105,0.965));
#1013 = LINE('',#1014,#1015);
#1014 = CARTESIAN_POINT('',(-0.538,1.105,0.965));
#1015 = VECTOR('',#1016,1.);
#1016 = DIRECTION('',(0.,0.,-1.));
#1017 = ORIENTED_EDGE('',*,*,#1018,.F.);
#1018 = EDGE_CURVE('',#1019,#1011,#1021,.T.);
#1019 = VERTEX_POINT('',#1020);
#1020 = CARTESIAN_POINT('',(-0.538,1.107,0.968));
#1021 = LINE('',#1022,#1023);
#1022 = CARTESIAN_POINT('',(-0.538,1.107,0.968));
#1023 = VECTOR('',#1024,1.);
#1024 = DIRECTION('',(0.,-0.707106781187,-0.707106781187));
#1025 = ORIENTED_EDGE('',*,*,#1026,.F.);
#1026 = EDGE_CURVE('',#987,#1019,#1027,.T.);
#1027 = LINE('',#1028,#1029);
#1028 = CARTESIAN_POINT('',(-0.538,1.107,2.3E-02));
#1029 = VECTOR('',#1030,1.);
#1030 = DIRECTION('',(0.,0.,1.));
#1031 = PLANE('',#1032);
#1032 = AXIS2_PLACEMENT_3D('',#1033,#1034,#1035);
#1033 = CARTESIAN_POINT('',(-0.538,1.107,2.3E-02));
#1034 = DIRECTION('',(1.,0.,0.));
#1035 = DIRECTION('',(0.,0.,1.));
#1036 = SHELL_BASED_SURFACE_MODEL('',(#1037));
#1037 = OPEN_SHELL('',(#1038));
#1038 = ADVANCED_FACE('',(#1039),#1089,.F.);
#1039 = FACE_BOUND('',#1040,.T.);
#1040 = EDGE_LOOP('',(#1041,#1051,#1059,#1067,#1075,#1083));
#1041 = ORIENTED_EDGE('',*,*,#1042,.F.);
#1042 = EDGE_CURVE('',#1043,#1045,#1047,.T.);
#1043 = VERTEX_POINT('',#1044);
#1044 = CARTESIAN_POINT('',(-0.538,-1.105,2.5E-02));
#1045 = VERTEX_POINT('',#1046);
#1046 = CARTESIAN_POINT('',(-0.538,-1.107,2.3E-02));
#1047 = LINE('',#1048,#1049);
#1048 = CARTESIAN_POINT('',(-0.538,-1.105,2.5E-02));
#1049 = VECTOR('',#1050,1.);
#1050 = DIRECTION('',(0.,-0.707106781187,-0.707106781187));
#1051 = ORIENTED_EDGE('',*,*,#1052,.F.);
#1052 = EDGE_CURVE('',#1053,#1043,#1055,.T.);
#1053 = VERTEX_POINT('',#1054);
#1054 = CARTESIAN_POINT('',(-0.538,-1.105,0.965));
#1055 = LINE('',#1056,#1057);
#1056 = CARTESIAN_POINT('',(-0.538,-1.105,0.965));
#1057 = VECTOR('',#1058,1.);
#1058 = DIRECTION('',(0.,0.,-1.));
#1059 = ORIENTED_EDGE('',*,*,#1060,.F.);
#1060 = EDGE_CURVE('',#1061,#1053,#1063,.T.);
#1061 = VERTEX_POINT('',#1062);
#1062 = CARTESIAN_POINT('',(-0.538,1.105,0.965));
#1063 = LINE('',#1064,#1065);
#1064 = CARTESIAN_POINT('',(-0.538,1.105,0.965));
#1065 = VECTOR('',#1066,1.);
#1066 = DIRECTION('',(0.,-1.,0.));
#1067 = ORIENTED_EDGE('',*,*,#1068,.F.);
#1068 = EDGE_CURVE('',#1069,#1061,#1071,.T.);
#1069 = VERTEX_POINT('',#1070);
#1070 = CARTESIAN_POINT('',(-0.538,1.107,0.968));
#1071 = LINE('',#1072,#1073);
#1072 = CARTESIAN_POINT('',(-0.538,1.107,0.968));
#1073 = VECTOR('',#1074,1.);
#1074 = DIRECTION('',(0.,-0.707106781187,-0.707106781187));
#1075 = ORIENTED_EDGE('',*,*,#1076,.F.);
#1076 = EDGE_CURVE('',#1077,#1069,#1079,.T.);
#1077 = VERTEX_POINT('',#1078);
#1078 = CARTESIAN_POINT('',(-0.538,-1.107,0.968));
#1079 = LINE('',#1080,#1081);
#1080 = CARTESIAN_POINT('',(-0.538,-1.107,0.968));
#1081 = VECTOR('',#1082,1.);
#1082 = DIRECTION('',(0.,1.,0.));
#1083 = ORIENTED_EDGE('',*,*,#1084,.F.);
#1084 = EDGE_CURVE('',#1045,#1077,#1085,.T.);
#1085 = LINE('',#1086,#1087);
#1086 = CARTESIAN_POINT('',(-0.538,-1.107,2.3E-02));
#1087 = VECTOR('',#1088,1.);
#1088 = DIRECTION('',(0.,0.,1.));
#1089 = PLANE('',#1090);
#1090 = AXIS2_PLACEMENT_3D('',#1091,#1092,#1093);
#1091 = CARTESIAN_POINT('',(-0.538,-1.107,2.3E-02));
#1092 = DIRECTION('',(-1.,0.,0.));
#1093 = DIRECTION('',(0.,0.,1.));
#1094 = SHELL_BASED_SURFACE_MODEL('',(#1095));
#1095 = OPEN_SHELL('',(#1096));
#1096 = ADVANCED_FACE('',(#1097),#1131,.F.);
#1097 = FACE_BOUND('',#1098,.T.);
#1098 = EDGE_LOOP('',(#1099,#1109,#1117,#1125));
#1099 = ORIENTED_EDGE('',*,*,#1100,.F.);
#1100 = EDGE_CURVE('',#1101,#1103,#1105,.T.);
#1101 = VERTEX_POINT('',#1102);
#1102 = CARTESIAN_POINT('',(-0.404,1.105,2.5E-02));
#1103 = VERTEX_POINT('',#1104);
#1104 = CARTESIAN_POINT('',(-0.538,1.105,2.5E-02));
#1105 = LINE('',#1106,#1107);
#1106 = CARTESIAN_POINT('',(-0.404,1.105,2.5E-02));
#1107 = VECTOR('',#1108,1.);
#1108 = DIRECTION('',(-1.,0.,0.));
#1109 = ORIENTED_EDGE('',*,*,#1110,.F.);
#1110 = EDGE_CURVE('',#1111,#1101,#1113,.T.);
#1111 = VERTEX_POINT('',#1112);
#1112 = CARTESIAN_POINT('',(-0.404,1.105,0.965));
#1113 = LINE('',#1114,#1115);
#1114 = CARTESIAN_POINT('',(-0.404,1.105,0.965));
#1115 = VECTOR('',#1116,1.);
#1116 = DIRECTION('',(0.,0.,-1.));
#1117 = ORIENTED_EDGE('',*,*,#1118,.F.);
#1118 = EDGE_CURVE('',#1119,#1111,#1121,.T.);
#1119 = VERTEX_POINT('',#1120);
#1120 = CARTESIAN_POINT('',(-0.538,1.105,0.965));
#1121 = LINE('',#1122,#1123);
#1122 = CARTESIAN_POINT('',(-0.538,1.105,0.965));
#1123 = VECTOR('',#1124,1.);
#1124 = DIRECTION('',(1.,0.,0.));
#1125 = ORIENTED_EDGE('',*,*,#1126,.F.);
#1126 = EDGE_CURVE('',#1103,#1119,#1127,.T.);
#1127 = LINE('',#1128,#1129);
#1128 = CARTESIAN_POINT('',(-0.538,1.105,2.5E-02));
#1129 = VECTOR('',#1130,1.);
#1130 = DIRECTION('',(0.,0.,1.));
#1131 = PLANE('',#1132);
#1132 = AXIS2_PLACEMENT_3D('',#1133,#1134,#1135);
#1133 = CARTESIAN_POINT('',(-0.538,1.105,2.5E-02));
#1134 = DIRECTION('',(0.,1.,0.));
#1135 = DIRECTION('',(0.,0.,1.));
#1136 = SHELL_BASED_SURFACE_MODEL('',(#1137));
#1137 = OPEN_SHELL('',(#1138));
#1138 = ADVANCED_FACE('',(#1139),#1173,.F.);
#1139 = FACE_BOUND('',#1140,.T.);
#1140 = EDGE_LOOP('',(#1141,#1151,#1159,#1167));
#1141 = ORIENTED_EDGE('',*,*,#1142,.F.);
#1142 = EDGE_CURVE('',#1143,#1145,#1147,.T.);
#1143 = VERTEX_POINT('',#1144);
#1144 = CARTESIAN_POINT('',(-0.538,-1.105,2.5E-02));
#1145 = VERTEX_POINT('',#1146);
#1146 = CARTESIAN_POINT('',(-0.404,-1.105,2.5E-02));
#1147 = LINE('',#1148,#1149);
#1148 = CARTESIAN_POINT('',(-0.538,-1.105,2.5E-02));
#1149 = VECTOR('',#1150,1.);
#1150 = DIRECTION('',(1.,0.,0.));
#1151 = ORIENTED_EDGE('',*,*,#1152,.F.);
#1152 = EDGE_CURVE('',#1153,#1143,#1155,.T.);
#1153 = VERTEX_POINT('',#1154);
#1154 = CARTESIAN_POINT('',(-0.538,-1.105,0.965));
#1155 = LINE('',#1156,#1157);
#1156 = CARTESIAN_POINT('',(-0.538,-1.105,0.965));
#1157 = VECTOR('',#1158,1.);
#1158 = DIRECTION('',(0.,0.,-1.));
#1159 = ORIENTED_EDGE('',*,*,#1160,.F.);
#1160 = EDGE_CURVE('',#1161,#1153,#1163,.T.);
#1161 = VERTEX_POINT('',#1162);
#1162 = CARTESIAN_POINT('',(-0.404,-1.105,0.965));
#1163 = LINE('',#1164,#1165);
#1164 = CARTESIAN_POINT('',(-0.404,-1.105,0.965));
#1165 = VECTOR('',#1166,1.);
#1166 = DIRECTION('',(-1.,0.,0.));
#1167 = ORIENTED_EDGE('',*,*,#1168,.F.);
#1168 = EDGE_CURVE('',#1145,#1161,#1169,.T.);
#1169 = LINE('',#1170,#1171);
#1170 = CARTESIAN_POINT('',(-0.404,-1.105,2.5E-02));
#1171 = VECTOR('',#1172,1.);
#1172 = DIRECTION('',(0.,0.,1.));
#1173 = PLANE('',#1174);
#1174 = AXIS2_PLACEMENT_3D('',#1175,#1176,#1177);
#1175 = CARTESIAN_POINT('',(-0.404,-1.105,2.5E-02));
#1176 = DIRECTION('',(0.,-1.,0.));
#1177 = DIRECTION('',(0.,0.,1.));
#1178 = SHELL_BASED_SURFACE_MODEL('',(#1179));
#1179 = OPEN_SHELL('',(#1180));
#1180 = ADVANCED_FACE('',(#1181),#1215,.F.);
#1181 = FACE_BOUND('',#1182,.T.);
#1182 = EDGE_LOOP('',(#1183,#1193,#1201,#1209));
#1183 = ORIENTED_EDGE('',*,*,#1184,.F.);
#1184 = EDGE_CURVE('',#1185,#1187,#1189,.T.);
#1185 = VERTEX_POINT('',#1186);
#1186 = CARTESIAN_POINT('',(-0.404,-1.105,2.5E-02));
#1187 = VERTEX_POINT('',#1188);
#1188 = CARTESIAN_POINT('',(-0.538,-1.105,2.5E-02));
#1189 = LINE('',#1190,#1191);
#1190 = CARTESIAN_POINT('',(-0.404,-1.105,2.5E-02));
#1191 = VECTOR('',#1192,1.);
#1192 = DIRECTION('',(-1.,0.,0.));
#1193 = ORIENTED_EDGE('',*,*,#1194,.F.);
#1194 = EDGE_CURVE('',#1195,#1185,#1197,.T.);
#1195 = VERTEX_POINT('',#1196);
#1196 = CARTESIAN_POINT('',(-0.404,1.105,2.5E-02));
#1197 = LINE('',#1198,#1199);
#1198 = CARTESIAN_POINT('',(-0.404,1.105,2.5E-02));
#1199 = VECTOR('',#1200,1.);
#1200 = DIRECTION('',(0.,-1.,0.));
#1201 = ORIENTED_EDGE('',*,*,#1202,.F.);
#1202 = EDGE_CURVE('',#1203,#1195,#1205,.T.);
#1203 = VERTEX_POINT('',#1204);
#1204 = CARTESIAN_POINT('',(-0.538,1.105,2.5E-02));
#1205 = LINE('',#1206,#1207);
#1206 = CARTESIAN_POINT('',(-0.538,1.105,2.5E-02));
#1207 = VECTOR('',#1208,1.);
#1208 = DIRECTION('',(1.,0.,0.));
#1209 = ORIENTED_EDGE('',*,*,#1210,.F.);
#1210 = EDGE_CURVE('',#1187,#1203,#1211,.T.);
#1211 = LINE('',#1212,#1213);
#1212 = CARTESIAN_POINT('',(-0.538,-1.105,2.5E-02));
#1213 = VECTOR('',#1214,1.);
#1214 = DIRECTION('',(0.,1.,0.));
#1215 = PLANE('',#1216);
#1216 = AXIS2_PLACEMENT_3D('',#1217,#1218,#1219);
#1217 = CARTESIAN_POINT('',(-0.538,-1.105,2.5E-02));
#1218 = DIRECTION('',(0.,0.,-1.));
#1219 = DIRECTION('',(0.,1.,0.));
#1220 = SHELL_BASED_SURFACE_MODEL('',(#1221));
#1221 = OPEN_SHELL('',(#1222));
#1222 = ADVANCED_FACE('',(#1223),#1257,.F.);
#1223 = FACE_BOUND('',#1224,.T.);
#1224 = EDGE_LOOP('',(#1225,#1235,#1243,#1251));
#1225 = ORIENTED_EDGE('',*,*,#1226,.F.);
#1226 = EDGE_CURVE('',#1227,#1229,#1231,.T.);
#1227 = VERTEX_POINT('',#1228);
#1228 = CARTESIAN_POINT('',(-0.538,-1.105,0.965));
#1229 = VERTEX_POINT('',#1230);
#1230 = CARTESIAN_POINT('',(-0.404,-1.105,0.965));
#1231 = LINE('',#1232,#1233);
#1232 = CARTESIAN_POINT('',(-0.538,-1.105,0.965));
#1233 = VECTOR('',#1234,1.);
#1234 = DIRECTION('',(1.,0.,0.));
#1235 = ORIENTED_EDGE('',*,*,#1236,.F.);
#1236 = EDGE_CURVE('',#1237,#1227,#1239,.T.);
#1237 = VERTEX_POINT('',#1238);
#1238 = CARTESIAN_POINT('',(-0.538,1.105,0.965));
#1239 = LINE('',#1240,#1241);
#1240 = CARTESIAN_POINT('',(-0.538,1.105,0.965));
#1241 = VECTOR('',#1242,1.);
#1242 = DIRECTION('',(0.,-1.,0.));
#1243 = ORIENTED_EDGE('',*,*,#1244,.F.);
#1244 = EDGE_CURVE('',#1245,#1237,#1247,.T.);
#1245 = VERTEX_POINT('',#1246);
#1246 = CARTESIAN_POINT('',(-0.404,1.105,0.965));
#1247 = LINE('',#1248,#1249);
#1248 = CARTESIAN_POINT('',(-0.404,1.105,0.965));
#1249 = VECTOR('',#1250,1.);
#1250 = DIRECTION('',(-1.,0.,0.));
#1251 = ORIENTED_EDGE('',*,*,#1252,.F.);
#1252 = EDGE_CURVE('',#1229,#1245,#1253,.T.);
#1253 = LINE('',#1254,#1255);
#1254 = CARTESIAN_POINT('',(-0.404,-1.105,0.965));
#1255 = VECTOR('',#1256,1.);
#1256 = DIRECTION('',(0.,1.,0.));
#1257 = PLANE('',#1258);
#1258 = AXIS2_PLACEMENT_3D('',#1259,#1260,#1261);
#1259 = CARTESIAN_POINT('',(-0.404,-1.105,0.965));
#1260 = DIRECTION('',(0.,0.,1.));
#1261 = DIRECTION('',(0.,1.,0.));
#1262 = SHELL_BASED_SURFACE_MODEL('',(#1263));
#1263 = OPEN_SHELL('',(#1264));
#1264 = ADVANCED_FACE('',(#1265),#1299,.F.);
#1265 = FACE_BOUND('',#1266,.T.);
#1266 = EDGE_LOOP('',(#1267,#1277,#1285,#1293));
#1267 = ORIENTED_EDGE('',*,*,#1268,.F.);
#1268 = EDGE_CURVE('',#1269,#1271,#1273,.T.);
#1269 = VERTEX_POINT('',#1270);
#1270 = CARTESIAN_POINT('',(0.673,0.876,0.991));
#1271 = VERTEX_POINT('',#1272);
#1272 = CARTESIAN_POINT('',(1.346,0.876,0.991));
#1273 = LINE('',#1274,#1275);
#1274 = CARTESIAN_POINT('',(0.673,0.876,0.991));
#1275 = VECTOR('',#1276,1.);
#1276 = DIRECTION('',(1.,0.,0.));
#1277 = ORIENTED_EDGE('',*,*,#1278,.F.);
#1278 = EDGE_CURVE('',#1279,#1269,#1281,.T.);
#1279 = VERTEX_POINT('',#1280);
#1280 = CARTESIAN_POINT('',(0.673,-0.876,0.991));
#1281 = LINE('',#1282,#1283);
#1282 = CARTESIAN_POINT('',(0.673,-0.876,0.991));
#1283 = VECTOR('',#1284,1.);
#1284 = DIRECTION('',(0.,1.,0.));
#1285 = ORIENTED_EDGE('',*,*,#1286,.F.);
#1286 = EDGE_CURVE('',#1287,#1279,#1289,.T.);
#1287 = VERTEX_POINT('',#1288);
#1288 = CARTESIAN_POINT('',(1.346,-0.876,0.991));
#1289 = LINE('',#1290,#1291);
#1290 = CARTESIAN_POINT('',(1.346,-0.876,0.991));
#1291 = VECTOR('',#1292,1.);
#1292 = DIRECTION('',(-1.,0.,0.));
#1293 = ORIENTED_EDGE('',*,*,#1294,.F.);
#1294 = EDGE_CURVE('',#1271,#1287,#1295,.T.);
#1295 = LINE('',#1296,#1297);
#1296 = CARTESIAN_POINT('',(1.346,0.876,0.991));
#1297 = VECTOR('',#1298,1.);
#1298 = DIRECTION('',(0.,-1.,0.));
#1299 = PLANE('',#1300);
#1300 = AXIS2_PLACEMENT_3D('',#1301,#1302,#1303);
#1301 = CARTESIAN_POINT('',(1.346,0.876,0.991));
#1302 = DIRECTION('',(0.,0.,-1.));
#1303 = DIRECTION('',(0.,1.,0.));
#1304 = SHELL_BASED_SURFACE_MODEL('',(#1305));
#1305 = OPEN_SHELL('',(#1306));
#1306 = ADVANCED_FACE('',(#1307),#1341,.F.);
#1307 = FACE_BOUND('',#1308,.T.);
#1308 = EDGE_LOOP('',(#1309,#1319,#1327,#1335));
#1309 = ORIENTED_EDGE('',*,*,#1310,.F.);
#1310 = EDGE_CURVE('',#1311,#1313,#1315,.T.);
#1311 = VERTEX_POINT('',#1312);
#1312 = CARTESIAN_POINT('',(0.673,0.876,2.5E-02));
#1313 = VERTEX_POINT('',#1314);
#1314 = CARTESIAN_POINT('',(1.321,0.876,2.5E-02));
#1315 = LINE('',#1316,#1317);
#1316 = CARTESIAN_POINT('',(0.673,0.876,2.5E-02));
#1317 = VECTOR('',#1318,1.);
#1318 = DIRECTION('',(1.,0.,0.));
#1319 = ORIENTED_EDGE('',*,*,#1320,.F.);
#1320 = EDGE_CURVE('',#1321,#1311,#1323,.T.);
#1321 = VERTEX_POINT('',#1322);
#1322 = CARTESIAN_POINT('',(0.673,-0.876,2.5E-02));
#1323 = LINE('',#1324,#1325);
#1324 = CARTESIAN_POINT('',(0.673,-0.876,2.5E-02));
#1325 = VECTOR('',#1326,1.);
#1326 = DIRECTION('',(0.,1.,0.));
#1327 = ORIENTED_EDGE('',*,*,#1328,.F.);
#1328 = EDGE_CURVE('',#1329,#1321,#1331,.T.);
#1329 = VERTEX_POINT('',#1330);
#1330 = CARTESIAN_POINT('',(1.321,-0.876,2.5E-02));
#1331 = LINE('',#1332,#1333);
#1332 = CARTESIAN_POINT('',(1.321,-0.876,2.5E-02));
#1333 = VECTOR('',#1334,1.);
#1334 = DIRECTION('',(-1.,0.,0.));
#1335 = ORIENTED_EDGE('',*,*,#1336,.F.);
#1336 = EDGE_CURVE('',#1313,#1329,#1337,.T.);
#1337 = LINE('',#1338,#1339);
#1338 = CARTESIAN_POINT('',(1.321,0.876,2.5E-02));
#1339 = VECTOR('',#1340,1.);
#1340 = DIRECTION('',(0.,-1.,0.));
#1341 = PLANE('',#1342);
#1342 = AXIS2_PLACEMENT_3D('',#1343,#1344,#1345);
#1343 = CARTESIAN_POINT('',(1.321,0.876,2.5E-02));
#1344 = DIRECTION('',(0.,0.,-1.));
#1345 = DIRECTION('',(0.,1.,0.));
#1346 = SHELL_BASED_SURFACE_MODEL('',(#1347));
#1347 = OPEN_SHELL('',(#1348));
#1348 = ADVANCED_FACE('',(#1349),#1383,.F.);
#1349 = FACE_BOUND('',#1350,.T.);
#1350 = EDGE_LOOP('',(#1351,#1361,#1369,#1377));
#1351 = ORIENTED_EDGE('',*,*,#1352,.F.);
#1352 = EDGE_CURVE('',#1353,#1355,#1357,.T.);
#1353 = VERTEX_POINT('',#1354);
#1354 = CARTESIAN_POINT('',(1.346,0.876,0.));
#1355 = VERTEX_POINT('',#1356);
#1356 = CARTESIAN_POINT('',(1.346,-0.876,0.));
#1357 = LINE('',#1358,#1359);
#1358 = CARTESIAN_POINT('',(1.346,0.876,0.));
#1359 = VECTOR('',#1360,1.);
#1360 = DIRECTION('',(0.,-1.,0.));
#1361 = ORIENTED_EDGE('',*,*,#1362,.F.);
#1362 = EDGE_CURVE('',#1363,#1353,#1365,.T.);
#1363 = VERTEX_POINT('',#1364);
#1364 = CARTESIAN_POINT('',(1.346,0.876,0.991));
#1365 = LINE('',#1366,#1367);
#1366 = CARTESIAN_POINT('',(1.346,0.876,0.991));
#1367 = VECTOR('',#1368,1.);
#1368 = DIRECTION('',(0.,0.,-1.));
#1369 = ORIENTED_EDGE('',*,*,#1370,.F.);
#1370 = EDGE_CURVE('',#1371,#1363,#1373,.T.);
#1371 = VERTEX_POINT('',#1372);
#1372 = CARTESIAN_POINT('',(1.346,-0.876,0.991));
#1373 = LINE('',#1374,#1375);
#1374 = CARTESIAN_POINT('',(1.346,-0.876,0.991));
#1375 = VECTOR('',#1376,1.);
#1376 = DIRECTION('',(0.,1.,0.));
#1377 = ORIENTED_EDGE('',*,*,#1378,.F.);
#1378 = EDGE_CURVE('',#1355,#1371,#1379,.T.);
#1379 = LINE('',#1380,#1381);
#1380 = CARTESIAN_POINT('',(1.346,-0.876,0.));
#1381 = VECTOR('',#1382,1.);
#1382 = DIRECTION('',(0.,0.,1.));
#1383 = PLANE('',#1384);
#1384 = AXIS2_PLACEMENT_3D('',#1385,#1386,#1387);
#1385 = CARTESIAN_POINT('',(1.346,-0.876,0.));
#1386 = DIRECTION('',(-1.,0.,0.));
#1387 = DIRECTION('',(0.,0.,1.));
#1388 = SHELL_BASED_SURFACE_MODEL('',(#1389));
#1389 = OPEN_SHELL('',(#1390));
#1390 = ADVANCED_FACE('',(#1391),#1425,.F.);
#1391 = FACE_BOUND('',#1392,.T.);
#1392 = EDGE_LOOP('',(#1393,#1403,#1411,#1419));
#1393 = ORIENTED_EDGE('',*,*,#1394,.F.);
#1394 = EDGE_CURVE('',#1395,#1397,#1399,.T.);
#1395 = VERTEX_POINT('',#1396);
#1396 = CARTESIAN_POINT('',(0.673,-0.876,0.965));
#1397 = VERTEX_POINT('',#1398);
#1398 = CARTESIAN_POINT('',(0.673,0.876,0.965));
#1399 = LINE('',#1400,#1401);
#1400 = CARTESIAN_POINT('',(0.673,-0.876,0.965));
#1401 = VECTOR('',#1402,1.);
#1402 = DIRECTION('',(0.,1.,0.));
#1403 = ORIENTED_EDGE('',*,*,#1404,.F.);
#1404 = EDGE_CURVE('',#1405,#1395,#1407,.T.);
#1405 = VERTEX_POINT('',#1406);
#1406 = CARTESIAN_POINT('',(0.673,-0.876,0.991));
#1407 = LINE('',#1408,#1409);
#1408 = CARTESIAN_POINT('',(0.673,-0.876,0.991));
#1409 = VECTOR('',#1410,1.);
#1410 = DIRECTION('',(0.,0.,-1.));
#1411 = ORIENTED_EDGE('',*,*,#1412,.F.);
#1412 = EDGE_CURVE('',#1413,#1405,#1415,.T.);
#1413 = VERTEX_POINT('',#1414);
#1414 = CARTESIAN_POINT('',(0.673,0.876,0.991));
#1415 = LINE('',#1416,#1417);
#1416 = CARTESIAN_POINT('',(0.673,0.876,0.991));
#1417 = VECTOR('',#1418,1.);
#1418 = DIRECTION('',(0.,-1.,0.));
#1419 = ORIENTED_EDGE('',*,*,#1420,.F.);
#1420 = EDGE_CURVE('',#1397,#1413,#1421,.T.);
#1421 = LINE('',#1422,#1423);
#1422 = CARTESIAN_POINT('',(0.673,0.876,0.965));
#1423 = VECTOR('',#1424,1.);
#1424 = DIRECTION('',(0.,0.,1.));
#1425 = PLANE('',#1426);
#1426 = AXIS2_PLACEMENT_3D('',#1427,#1428,#1429);
#1427 = CARTESIAN_POINT('',(0.673,0.876,0.965));
#1428 = DIRECTION('',(1.,0.,0.));
#1429 = DIRECTION('',(0.,0.,1.));
#1430 = SHELL_BASED_SURFACE_MODEL('',(#1431));
#1431 = OPEN_SHELL('',(#1432));
#1432 = ADVANCED_FACE('',(#1433),#1467,.F.);
#1433 = FACE_BOUND('',#1434,.T.);
#1434 = EDGE_LOOP('',(#1435,#1445,#1453,#1461));
#1435 = ORIENTED_EDGE('',*,*,#1436,.F.);
#1436 = EDGE_CURVE('',#1437,#1439,#1441,.T.);
#1437 = VERTEX_POINT('',#1438);
#1438 = CARTESIAN_POINT('',(0.673,-0.876,0.));
#1439 = VERTEX_POINT('',#1440);
#1440 = CARTESIAN_POINT('',(0.673,0.876,0.));
#1441 = LINE('',#1442,#1443);
#1442 = CARTESIAN_POINT('',(0.673,-0.876,0.));
#1443 = VECTOR('',#1444,1.);
#1444 = DIRECTION('',(0.,1.,0.));
#1445 = ORIENTED_EDGE('',*,*,#1446,.F.);
#1446 = EDGE_CURVE('',#1447,#1437,#1449,.T.);
#1447 = VERTEX_POINT('',#1448);
#1448 = CARTESIAN_POINT('',(0.673,-0.876,2.5E-02));
#1449 = LINE('',#1450,#1451);
#1450 = CARTESIAN_POINT('',(0.673,-0.876,2.5E-02));
#1451 = VECTOR('',#1452,1.);
#1452 = DIRECTION('',(0.,0.,-1.));
#1453 = ORIENTED_EDGE('',*,*,#1454,.F.);
#1454 = EDGE_CURVE('',#1455,#1447,#1457,.T.);
#1455 = VERTEX_POINT('',#1456);
#1456 = CARTESIAN_POINT('',(0.673,0.876,2.5E-02));
#1457 = LINE('',#1458,#1459);
#1458 = CARTESIAN_POINT('',(0.673,0.876,2.5E-02));
#1459 = VECTOR('',#1460,1.);
#1460 = DIRECTION('',(0.,-1.,0.));
#1461 = ORIENTED_EDGE('',*,*,#1462,.F.);
#1462 = EDGE_CURVE('',#1439,#1455,#1463,.T.);
#1463 = LINE('',#1464,#1465);
#1464 = CARTESIAN_POINT('',(0.673,0.876,0.));
#1465 = VECTOR('',#1466,1.);
#1466 = DIRECTION('',(0.,0.,1.));
#1467 = PLANE('',#1468);
#1468 = AXIS2_PLACEMENT_3D('',#1469,#1470,#1471);
#1469 = CARTESIAN_POINT('',(0.673,0.876,0.));
#1470 = DIRECTION('',(1.,0.,0.));
#1471 = DIRECTION('',(0.,0.,1.));
#1472 = SHELL_BASED_SURFACE_MODEL('',(#1473));
#1473 = OPEN_SHELL('',(#1474));
#1474 = ADVANCED_FACE('',(#1475),#1509,.F.);
#1475 = FACE_BOUND('',#1476,.T.);
#1476 = EDGE_LOOP('',(#1477,#1487,#1495,#1503));
#1477 = ORIENTED_EDGE('',*,*,#1478,.F.);
#1478 = EDGE_CURVE('',#1479,#1481,#1483,.T.);
#1479 = VERTEX_POINT('',#1480);
#1480 = CARTESIAN_POINT('',(1.321,-0.876,2.5E-02));
#1481 = VERTEX_POINT('',#1482);
#1482 = CARTESIAN_POINT('',(1.321,0.876,2.5E-02));
#1483 = LINE('',#1484,#1485);
#1484 = CARTESIAN_POINT('',(1.321,-0.876,2.5E-02));
#1485 = VECTOR('',#1486,1.);
#1486 = DIRECTION('',(0.,1.,0.));
#1487 = ORIENTED_EDGE('',*,*,#1488,.F.);
#1488 = EDGE_CURVE('',#1489,#1479,#1491,.T.);
#1489 = VERTEX_POINT('',#1490);
#1490 = CARTESIAN_POINT('',(1.321,-0.876,0.965));
#1491 = LINE('',#1492,#1493);
#1492 = CARTESIAN_POINT('',(1.321,-0.876,0.965));
#1493 = VECTOR('',#1494,1.);
#1494 = DIRECTION('',(0.,0.,-1.));
#1495 = ORIENTED_EDGE('',*,*,#1496,.F.);
#1496 = EDGE_CURVE('',#1497,#1489,#1499,.T.);
#1497 = VERTEX_POINT('',#1498);
#1498 = CARTESIAN_POINT('',(1.321,0.876,0.965));
#1499 = LINE('',#1500,#1501);
#1500 = CARTESIAN_POINT('',(1.321,0.876,0.965));
#1501 = VECTOR('',#1502,1.);
#1502 = DIRECTION('',(0.,-1.,0.));
#1503 = ORIENTED_EDGE('',*,*,#1504,.F.);
#1504 = EDGE_CURVE('',#1481,#1497,#1505,.T.);
#1505 = LINE('',#1506,#1507);
#1506 = CARTESIAN_POINT('',(1.321,0.876,2.5E-02));
#1507 = VECTOR('',#1508,1.);
#1508 = DIRECTION('',(0.,0.,1.));
#1509 = PLANE('',#1510);
#1510 = AXIS2_PLACEMENT_3D('',#1511,#1512,#1513);
#1511 = CARTESIAN_POINT('',(1.321,0.876,2.5E-02));
#1512 = DIRECTION('',(1.,0.,0.));
#1513 = DIRECTION('',(0.,0.,1.));
#1514 = SHELL_BASED_SURFACE_MODEL('',(#1515));
#1515 = OPEN_SHELL('',(#1516));
#1516 = ADVANCED_FACE('',(#1517),#1551,.F.);
#1517 = FACE_BOUND('',#1518,.T.);
#1518 = EDGE_LOOP('',(#1519,#1529,#1537,#1545));
#1519 = ORIENTED_EDGE('',*,*,#1520,.F.);
#1520 = EDGE_CURVE('',#1521,#1523,#1525,.T.);
#1521 = VERTEX_POINT('',#1522);
#1522 = CARTESIAN_POINT('',(0.673,-0.876,0.965));
#1523 = VERTEX_POINT('',#1524);
#1524 = CARTESIAN_POINT('',(1.321,-0.876,0.965));
#1525 = LINE('',#1526,#1527);
#1526 = CARTESIAN_POINT('',(0.673,-0.876,0.965));
#1527 = VECTOR('',#1528,1.);
#1528 = DIRECTION('',(1.,0.,0.));
#1529 = ORIENTED_EDGE('',*,*,#1530,.F.);
#1530 = EDGE_CURVE('',#1531,#1521,#1533,.T.);
#1531 = VERTEX_POINT('',#1532);
#1532 = CARTESIAN_POINT('',(0.673,0.876,0.965));
#1533 = LINE('',#1534,#1535);
#1534 = CARTESIAN_POINT('',(0.673,0.876,0.965));
#1535 = VECTOR('',#1536,1.);
#1536 = DIRECTION('',(0.,-1.,0.));
#1537 = ORIENTED_EDGE('',*,*,#1538,.F.);
#1538 = EDGE_CURVE('',#1539,#1531,#1541,.T.);
#1539 = VERTEX_POINT('',#1540);
#1540 = CARTESIAN_POINT('',(1.321,0.876,0.965));
#1541 = LINE('',#1542,#1543);
#1542 = CARTESIAN_POINT('',(1.321,0.876,0.965));
#1543 = VECTOR('',#1544,1.);
#1544 = DIRECTION('',(-1.,0.,0.));
#1545 = ORIENTED_EDGE('',*,*,#1546,.F.);
#1546 = EDGE_CURVE('',#1523,#1539,#1547,.T.);
#1547 = LINE('',#1548,#1549);
#1548 = CARTESIAN_POINT('',(1.321,-0.876,0.965));
#1549 = VECTOR('',#1550,1.);
#1550 = DIRECTION('',(0.,1.,0.));
#1551 = PLANE('',#1552);
#1552 = AXIS2_PLACEMENT_3D('',#1553,#1554,#1555);
#1553 = CARTESIAN_POINT('',(1.321,-0.876,0.965));
#1554 = DIRECTION('',(0.,0.,1.));
#1555 = DIRECTION('',(0.,1.,0.));
#1556 = SHELL_BASED_SURFACE_MODEL('',(#1557));
#1557 = OPEN_SHELL('',(#1558));
#1558 = ADVANCED_FACE('',(#1559),#1593,.F.);
#1559 = FACE_BOUND('',#1560,.T.);
#1560 = EDGE_LOOP('',(#1561,#1571,#1579,#1587));
#1561 = ORIENTED_EDGE('',*,*,#1562,.F.);
#1562 = EDGE_CURVE('',#1563,#1565,#1567,.T.);
#1563 = VERTEX_POINT('',#1564);
#1564 = CARTESIAN_POINT('',(0.673,-0.876,0.));
#1565 = VERTEX_POINT('',#1566);
#1566 = CARTESIAN_POINT('',(1.346,-0.876,0.));
#1567 = LINE('',#1568,#1569);
#1568 = CARTESIAN_POINT('',(0.673,-0.876,0.));
#1569 = VECTOR('',#1570,1.);
#1570 = DIRECTION('',(1.,0.,0.));
#1571 = ORIENTED_EDGE('',*,*,#1572,.F.);
#1572 = EDGE_CURVE('',#1573,#1563,#1575,.T.);
#1573 = VERTEX_POINT('',#1574);
#1574 = CARTESIAN_POINT('',(0.673,0.876,0.));
#1575 = LINE('',#1576,#1577);
#1576 = CARTESIAN_POINT('',(0.673,0.876,0.));
#1577 = VECTOR('',#1578,1.);
#1578 = DIRECTION('',(0.,-1.,0.));
#1579 = ORIENTED_EDGE('',*,*,#1580,.F.);
#1580 = EDGE_CURVE('',#1581,#1573,#1583,.T.);
#1581 = VERTEX_POINT('',#1582);
#1582 = CARTESIAN_POINT('',(1.346,0.876,0.));
#1583 = LINE('',#1584,#1585);
#1584 = CARTESIAN_POINT('',(1.346,0.876,0.));
#1585 = VECTOR('',#1586,1.);
#1586 = DIRECTION('',(-1.,0.,0.));
#1587 = ORIENTED_EDGE('',*,*,#1588,.F.);
#1588 = EDGE_CURVE('',#1565,#1581,#1589,.T.);
#1589 = LINE('',#1590,#1591);
#1590 = CARTESIAN_POINT('',(1.346,-0.876,0.));
#1591 = VECTOR('',#1592,1.);
#1592 = DIRECTION('',(0.,1.,0.));
#1593 = PLANE('',#1594);
#1594 = AXIS2_PLACEMENT_3D('',#1595,#1596,#1597);
#1595 = CARTESIAN_POINT('',(1.346,-0.876,0.));
#1596 = DIRECTION('',(0.,0.,1.));
#1597 = DIRECTION('',(0.,1.,0.));
#1598 = SHELL_BASED_SURFACE_MODEL('',(#1599));
#1599 = OPEN_SHELL('',(#1600));
#1600 = ADVANCED_FACE('',(#1601),#1667,.F.);
#1601 = FACE_BOUND('',#1602,.T.);
#1602 = EDGE_LOOP('',(#1603,#1613,#1621,#1629,#1637,#1645,#1653,#1661));
#1603 = ORIENTED_EDGE('',*,*,#1604,.F.);
#1604 = EDGE_CURVE('',#1605,#1607,#1609,.T.);
#1605 = VERTEX_POINT('',#1606);
#1606 = CARTESIAN_POINT('',(0.673,0.876,0.));
#1607 = VERTEX_POINT('',#1608);
#1608 = CARTESIAN_POINT('',(1.346,0.876,0.));
#1609 = LINE('',#1610,#1611);
#1610 = CARTESIAN_POINT('',(0.673,0.876,0.));
#1611 = VECTOR('',#1612,1.);
#1612 = DIRECTION('',(1.,0.,0.));
#1613 = ORIENTED_EDGE('',*,*,#1614,.F.);
#1614 = EDGE_CURVE('',#1615,#1605,#1617,.T.);
#1615 = VERTEX_POINT('',#1616);
#1616 = CARTESIAN_POINT('',(0.673,0.876,2.5E-02));
#1617 = LINE('',#1618,#1619);
#1618 = CARTESIAN_POINT('',(0.673,0.876,2.5E-02));
#1619 = VECTOR('',#1620,1.);
#1620 = DIRECTION('',(0.,0.,-1.));
#1621 = ORIENTED_EDGE('',*,*,#1622,.F.);
#1622 = EDGE_CURVE('',#1623,#1615,#1625,.T.);
#1623 = VERTEX_POINT('',#1624);
#1624 = CARTESIAN_POINT('',(1.321,0.876,2.5E-02));
#1625 = LINE('',#1626,#1627);
#1626 = CARTESIAN_POINT('',(1.321,0.876,2.5E-02));
#1627 = VECTOR('',#1628,1.);
#1628 = DIRECTION('',(-1.,0.,0.));
#1629 = ORIENTED_EDGE('',*,*,#1630,.F.);
#1630 = EDGE_CURVE('',#1631,#1623,#1633,.T.);
#1631 = VERTEX_POINT('',#1632);
#1632 = CARTESIAN_POINT('',(1.321,0.876,0.965));
#1633 = LINE('',#1634,#1635);
#1634 = CARTESIAN_POINT('',(1.321,0.876,0.965));
#1635 = VECTOR('',#1636,1.);
#1636 = DIRECTION('',(0.,0.,-1.));
#1637 = ORIENTED_EDGE('',*,*,#1638,.F.);
#1638 = EDGE_CURVE('',#1639,#1631,#1641,.T.);
#1639 = VERTEX_POINT('',#1640);
#1640 = CARTESIAN_POINT('',(0.673,0.876,0.965));
#1641 = LINE('',#1642,#1643);
#1642 = CARTESIAN_POINT('',(0.673,0.876,0.965));
#1643 = VECTOR('',#1644,1.);
#1644 = DIRECTION('',(1.,0.,0.));
#1645 = ORIENTED_EDGE('',*,*,#1646,.F.);
#1646 = EDGE_CURVE('',#1647,#1639,#1649,.T.);
#1647 = VERTEX_POINT('',#1648);
#1648 = CARTESIAN_POINT('',(0.673,0.876,0.991));
#1649 = LINE('',#1650,#1651);
#1650 = CARTESIAN_POINT('',(0.673,0.876,0.991));
#1651 = VECTOR('',#1652,1.);
#1652 = DIRECTION('',(0.,0.,-1.));
#1653 = ORIENTED_EDGE('',*,*,#1654,.F.);
#1654 = EDGE_CURVE('',#1655,#1647,#1657,.T.);
#1655 = VERTEX_POINT('',#1656);
#1656 = CARTESIAN_POINT('',(1.346,0.876,0.991));
#1657 = LINE('',#1658,#1659);
#1658 = CARTESIAN_POINT('',(1.346,0.876,0.991));
#1659 = VECTOR('',#1660,1.);
#1660 = DIRECTION('',(-1.,0.,0.));
#1661 = ORIENTED_EDGE('',*,*,#1662,.F.);
#1662 = EDGE_CURVE('',#1607,#1655,#1663,.T.);
#1663 = LINE('',#1664,#1665);
#1664 = CARTESIAN_POINT('',(1.346,0.876,0.));
#1665 = VECTOR('',#1666,1.);
#1666 = DIRECTION('',(0.,0.,1.));
#1667 = PLANE('',#1668);
#1668 = AXIS2_PLACEMENT_3D('',#1669,#1670,#1671);
#1669 = CARTESIAN_POINT('',(1.346,0.876,0.));
#1670 = DIRECTION('',(0.,-1.,0.));
#1671 = DIRECTION('',(0.,0.,1.));
#1672 = SHELL_BASED_SURFACE_MODEL('',(#1673));
#1673 = OPEN_SHELL('',(#1674));
#1674 = ADVANCED_FACE('',(#1675),#1741,.F.);
#1675 = FACE_BOUND('',#1676,.T.);
#1676 = EDGE_LOOP('',(#1677,#1687,#1695,#1703,#1711,#1719,#1727,#1735));
#1677 = ORIENTED_EDGE('',*,*,#1678,.F.);
#1678 = EDGE_CURVE('',#1679,#1681,#1683,.T.);
#1679 = VERTEX_POINT('',#1680);
#1680 = CARTESIAN_POINT('',(1.346,-0.876,0.));
#1681 = VERTEX_POINT('',#1682);
#1682 = CARTESIAN_POINT('',(0.673,-0.876,0.));
#1683 = LINE('',#1684,#1685);
#1684 = CARTESIAN_POINT('',(1.346,-0.876,0.));
#1685 = VECTOR('',#1686,1.);
#1686 = DIRECTION('',(-1.,0.,0.));
#1687 = ORIENTED_EDGE('',*,*,#1688,.F.);
#1688 = EDGE_CURVE('',#1689,#1679,#1691,.T.);
#1689 = VERTEX_POINT('',#1690);
#1690 = CARTESIAN_POINT('',(1.346,-0.876,0.991));
#1691 = LINE('',#1692,#1693);
#1692 = CARTESIAN_POINT('',(1.346,-0.876,0.991));
#1693 = VECTOR('',#1694,1.);
#1694 = DIRECTION('',(0.,0.,-1.));
#1695 = ORIENTED_EDGE('',*,*,#1696,.F.);
#1696 = EDGE_CURVE('',#1697,#1689,#1699,.T.);
#1697 = VERTEX_POINT('',#1698);
#1698 = CARTESIAN_POINT('',(0.673,-0.876,0.991));
#1699 = LINE('',#1700,#1701);
#1700 = CARTESIAN_POINT('',(0.673,-0.876,0.991));
#1701 = VECTOR('',#1702,1.);
#1702 = DIRECTION('',(1.,0.,0.));
#1703 = ORIENTED_EDGE('',*,*,#1704,.F.);
#1704 = EDGE_CURVE('',#1705,#1697,#1707,.T.);
#1705 = VERTEX_POINT('',#1706);
#1706 = CARTESIAN_POINT('',(0.673,-0.876,0.965));
#1707 = LINE('',#1708,#1709);
#1708 = CARTESIAN_POINT('',(0.673,-0.876,0.965));
#1709 = VECTOR('',#1710,1.);
#1710 = DIRECTION('',(0.,0.,1.));
#1711 = ORIENTED_EDGE('',*,*,#1712,.F.);
#1712 = EDGE_CURVE('',#1713,#1705,#1715,.T.);
#1713 = VERTEX_POINT('',#1714);
#1714 = CARTESIAN_POINT('',(1.321,-0.876,0.965));
#1715 = LINE('',#1716,#1717);
#1716 = CARTESIAN_POINT('',(1.321,-0.876,0.965));
#1717 = VECTOR('',#1718,1.);
#1718 = DIRECTION('',(-1.,0.,0.));
#1719 = ORIENTED_EDGE('',*,*,#1720,.F.);
#1720 = EDGE_CURVE('',#1721,#1713,#1723,.T.);
#1721 = VERTEX_POINT('',#1722);
#1722 = CARTESIAN_POINT('',(1.321,-0.876,2.5E-02));
#1723 = LINE('',#1724,#1725);
#1724 = CARTESIAN_POINT('',(1.321,-0.876,2.5E-02));
#1725 = VECTOR('',#1726,1.);
#1726 = DIRECTION('',(0.,0.,1.));
#1727 = ORIENTED_EDGE('',*,*,#1728,.F.);
#1728 = EDGE_CURVE('',#1729,#1721,#1731,.T.);
#1729 = VERTEX_POINT('',#1730);
#1730 = CARTESIAN_POINT('',(0.673,-0.876,2.5E-02));
#1731 = LINE('',#1732,#1733);
#1732 = CARTESIAN_POINT('',(0.673,-0.876,2.5E-02));
#1733 = VECTOR('',#1734,1.);
#1734 = DIRECTION('',(1.,0.,0.));
#1735 = ORIENTED_EDGE('',*,*,#1736,.F.);
#1736 = EDGE_CURVE('',#1681,#1729,#1737,.T.);
#1737 = LINE('',#1738,#1739);
#1738 = CARTESIAN_POINT('',(0.673,-0.876,0.));
#1739 = VECTOR('',#1740,1.);
#1740 = DIRECTION('',(0.,0.,1.));
#1741 = PLANE('',#1742);
#1742 = AXIS2_PLACEMENT_3D('',#1743,#1744,#1745);
#1743 = CARTESIAN_POINT('',(0.673,-0.876,0.));
#1744 = DIRECTION('',(0.,1.,0.));
#1745 = DIRECTION('',(0.,0.,1.));
#1746 = SHELL_BASED_SURFACE_MODEL('',(#1747));
#1747 = OPEN_SHELL('',(#1748));
#1748 = ADVANCED_FACE('',(#1749),#1783,.F.);
#1749 = FACE_BOUND('',#1750,.T.);
#1750 = EDGE_LOOP('',(#1751,#1761,#1769,#1777));
#1751 = ORIENTED_EDGE('',*,*,#1752,.F.);
#1752 = EDGE_CURVE('',#1753,#1755,#1757,.T.);
#1753 = VERTEX_POINT('',#1754);
#1754 = CARTESIAN_POINT('',(-0.673,-0.876,0.991));
#1755 = VERTEX_POINT('',#1756);
#1756 = CARTESIAN_POINT('',(-1.346,-0.876,0.991));
#1757 = LINE('',#1758,#1759);
#1758 = CARTESIAN_POINT('',(-0.673,-0.876,0.991));
#1759 = VECTOR('',#1760,1.);
#1760 = DIRECTION('',(-1.,0.,0.));
#1761 = ORIENTED_EDGE('',*,*,#1762,.F.);
#1762 = EDGE_CURVE('',#1763,#1753,#1765,.T.);
#1763 = VERTEX_POINT('',#1764);
#1764 = CARTESIAN_POINT('',(-0.673,0.876,0.991));
#1765 = LINE('',#1766,#1767);
#1766 = CARTESIAN_POINT('',(-0.673,0.876,0.991));
#1767 = VECTOR('',#1768,1.);
#1768 = DIRECTION('',(0.,-1.,0.));
#1769 = ORIENTED_EDGE('',*,*,#1770,.F.);
#1770 = EDGE_CURVE('',#1771,#1763,#1773,.T.);
#1771 = VERTEX_POINT('',#1772);
#1772 = CARTESIAN_POINT('',(-1.346,0.876,0.991));
#1773 = LINE('',#1774,#1775);
#1774 = CARTESIAN_POINT('',(-1.346,0.876,0.991));
#1775 = VECTOR('',#1776,1.);
#1776 = DIRECTION('',(1.,0.,0.));
#1777 = ORIENTED_EDGE('',*,*,#1778,.F.);
#1778 = EDGE_CURVE('',#1755,#1771,#1779,.T.);
#1779 = LINE('',#1780,#1781);
#1780 = CARTESIAN_POINT('',(-1.346,-0.876,0.991));
#1781 = VECTOR('',#1782,1.);
#1782 = DIRECTION('',(0.,1.,0.));
#1783 = PLANE('',#1784);
#1784 = AXIS2_PLACEMENT_3D('',#1785,#1786,#1787);
#1785 = CARTESIAN_POINT('',(-1.346,-0.876,0.991));
#1786 = DIRECTION('',(0.,0.,-1.));
#1787 = DIRECTION('',(0.,1.,0.));
#1788 = SHELL_BASED_SURFACE_MODEL('',(#1789));
#1789 = OPEN_SHELL('',(#1790));
#1790 = ADVANCED_FACE('',(#1791),#1825,.F.);
#1791 = FACE_BOUND('',#1792,.T.);
#1792 = EDGE_LOOP('',(#1793,#1803,#1811,#1819));
#1793 = ORIENTED_EDGE('',*,*,#1794,.F.);
#1794 = EDGE_CURVE('',#1795,#1797,#1799,.T.);
#1795 = VERTEX_POINT('',#1796);
#1796 = CARTESIAN_POINT('',(-0.673,-0.876,2.5E-02));
#1797 = VERTEX_POINT('',#1798);
#1798 = CARTESIAN_POINT('',(-1.321,-0.876,2.5E-02));
#1799 = LINE('',#1800,#1801);
#1800 = CARTESIAN_POINT('',(-0.673,-0.876,2.5E-02));
#1801 = VECTOR('',#1802,1.);
#1802 = DIRECTION('',(-1.,0.,0.));
#1803 = ORIENTED_EDGE('',*,*,#1804,.F.);
#1804 = EDGE_CURVE('',#1805,#1795,#1807,.T.);
#1805 = VERTEX_POINT('',#1806);
#1806 = CARTESIAN_POINT('',(-0.673,0.876,2.5E-02));
#1807 = LINE('',#1808,#1809);
#1808 = CARTESIAN_POINT('',(-0.673,0.876,2.5E-02));
#1809 = VECTOR('',#1810,1.);
#1810 = DIRECTION('',(0.,-1.,0.));
#1811 = ORIENTED_EDGE('',*,*,#1812,.F.);
#1812 = EDGE_CURVE('',#1813,#1805,#1815,.T.);
#1813 = VERTEX_POINT('',#1814);
#1814 = CARTESIAN_POINT('',(-1.321,0.876,2.5E-02));
#1815 = LINE('',#1816,#1817);
#1816 = CARTESIAN_POINT('',(-1.321,0.876,2.5E-02));
#1817 = VECTOR('',#1818,1.);
#1818 = DIRECTION('',(1.,0.,0.));
#1819 = ORIENTED_EDGE('',*,*,#1820,.F.);
#1820 = EDGE_CURVE('',#1797,#1813,#1821,.T.);
#1821 = LINE('',#1822,#1823);
#1822 = CARTESIAN_POINT('',(-1.321,-0.876,2.5E-02));
#1823 = VECTOR('',#1824,1.);
#1824 = DIRECTION('',(0.,1.,0.));
#1825 = PLANE('',#1826);
#1826 = AXIS2_PLACEMENT_3D('',#1827,#1828,#1829);
#1827 = CARTESIAN_POINT('',(-1.321,-0.876,2.5E-02));
#1828 = DIRECTION('',(0.,0.,-1.));
#1829 = DIRECTION('',(0.,1.,0.));
#1830 = SHELL_BASED_SURFACE_MODEL('',(#1831));
#1831 = OPEN_SHELL('',(#1832));
#1832 = ADVANCED_FACE('',(#1833),#1867,.F.);
#1833 = FACE_BOUND('',#1834,.T.);
#1834 = EDGE_LOOP('',(#1835,#1845,#1853,#1861));
#1835 = ORIENTED_EDGE('',*,*,#1836,.F.);
#1836 = EDGE_CURVE('',#1837,#1839,#1841,.T.);
#1837 = VERTEX_POINT('',#1838);
#1838 = CARTESIAN_POINT('',(-1.346,-0.876,0.));
#1839 = VERTEX_POINT('',#1840);
#1840 = CARTESIAN_POINT('',(-1.346,0.876,0.));
#1841 = LINE('',#1842,#1843);
#1842 = CARTESIAN_POINT('',(-1.346,-0.876,0.));
#1843 = VECTOR('',#1844,1.);
#1844 = DIRECTION('',(0.,1.,0.));
#1845 = ORIENTED_EDGE('',*,*,#1846,.F.);
#1846 = EDGE_CURVE('',#1847,#1837,#1849,.T.);
#1847 = VERTEX_POINT('',#1848);
#1848 = CARTESIAN_POINT('',(-1.346,-0.876,0.991));
#1849 = LINE('',#1850,#1851);
#1850 = CARTESIAN_POINT('',(-1.346,-0.876,0.991));
#1851 = VECTOR('',#1852,1.);
#1852 = DIRECTION('',(0.,0.,-1.));
#1853 = ORIENTED_EDGE('',*,*,#1854,.F.);
#1854 = EDGE_CURVE('',#1855,#1847,#1857,.T.);
#1855 = VERTEX_POINT('',#1856);
#1856 = CARTESIAN_POINT('',(-1.346,0.876,0.991));
#1857 = LINE('',#1858,#1859);
#1858 = CARTESIAN_POINT('',(-1.346,0.876,0.991));
#1859 = VECTOR('',#1860,1.);
#1860 = DIRECTION('',(0.,-1.,0.));
#1861 = ORIENTED_EDGE('',*,*,#1862,.F.);
#1862 = EDGE_CURVE('',#1839,#1855,#1863,.T.);
#1863 = LINE('',#1864,#1865);
#1864 = CARTESIAN_POINT('',(-1.346,0.876,0.));
#1865 = VECTOR('',#1866,1.);
#1866 = DIRECTION('',(0.,0.,1.));
#1867 = PLANE('',#1868);
#1868 = AXIS2_PLACEMENT_3D('',#1869,#1870,#1871);
#1869 = CARTESIAN_POINT('',(-1.346,0.876,0.));
#1870 = DIRECTION('',(1.,0.,0.));
#1871 = DIRECTION('',(0.,0.,1.));
#1872 = SHELL_BASED_SURFACE_MODEL('',(#1873));
#1873 = OPEN_SHELL('',(#1874));
#1874 = ADVANCED_FACE('',(#1875),#1909,.F.);
#1875 = FACE_BOUND('',#1876,.T.);
#1876 = EDGE_LOOP('',(#1877,#1887,#1895,#1903));
#1877 = ORIENTED_EDGE('',*,*,#1878,.F.);
#1878 = EDGE_CURVE('',#1879,#1881,#1883,.T.);
#1879 = VERTEX_POINT('',#1880);
#1880 = CARTESIAN_POINT('',(-0.673,0.876,0.965));
#1881 = VERTEX_POINT('',#1882);
#1882 = CARTESIAN_POINT('',(-0.673,-0.876,0.965));
#1883 = LINE('',#1884,#1885);
#1884 = CARTESIAN_POINT('',(-0.673,0.876,0.965));
#1885 = VECTOR('',#1886,1.);
#1886 = DIRECTION('',(0.,-1.,0.));
#1887 = ORIENTED_EDGE('',*,*,#1888,.F.);
#1888 = EDGE_CURVE('',#1889,#1879,#1891,.T.);
#1889 = VERTEX_POINT('',#1890);
#1890 = CARTESIAN_POINT('',(-0.673,0.876,0.991));
#1891 = LINE('',#1892,#1893);
#1892 = CARTESIAN_POINT('',(-0.673,0.876,0.991));
#1893 = VECTOR('',#1894,1.);
#1894 = DIRECTION('',(0.,0.,-1.));
#1895 = ORIENTED_EDGE('',*,*,#1896,.F.);
#1896 = EDGE_CURVE('',#1897,#1889,#1899,.T.);
#1897 = VERTEX_POINT('',#1898);
#1898 = CARTESIAN_POINT('',(-0.673,-0.876,0.991));
#1899 = LINE('',#1900,#1901);
#1900 = CARTESIAN_POINT('',(-0.673,-0.876,0.991));
#1901 = VECTOR('',#1902,1.);
#1902 = DIRECTION('',(0.,1.,0.));
#1903 = ORIENTED_EDGE('',*,*,#1904,.F.);
#1904 = EDGE_CURVE('',#1881,#1897,#1905,.T.);
#1905 = LINE('',#1906,#1907);
#1906 = CARTESIAN_POINT('',(-0.673,-0.876,0.965));
#1907 = VECTOR('',#1908,1.);
#1908 = DIRECTION('',(0.,0.,1.));
#1909 = PLANE('',#1910);
#1910 = AXIS2_PLACEMENT_3D('',#1911,#1912,#1913);
#1911 = CARTESIAN_POINT('',(-0.673,-0.876,0.965));
#1912 = DIRECTION('',(-1.,0.,0.));
#1913 = DIRECTION('',(0.,0.,1.));
#1914 = SHELL_BASED_SURFACE_MODEL('',(#1915));
#1915 = OPEN_SHELL('',(#1916));
#1916 = ADVANCED_FACE('',(#1917),#1951,.F.);
#1917 = FACE_BOUND('',#1918,.T.);
#1918 = EDGE_LOOP('',(#1919,#1929,#1937,#1945));
#1919 = ORIENTED_EDGE('',*,*,#1920,.F.);
#1920 = EDGE_CURVE('',#1921,#1923,#1925,.T.);
#1921 = VERTEX_POINT('',#1922);
#1922 = CARTESIAN_POINT('',(-0.673,0.876,0.));
#1923 = VERTEX_POINT('',#1924);
#1924 = CARTESIAN_POINT('',(-0.673,-0.876,0.));
#1925 = LINE('',#1926,#1927);
#1926 = CARTESIAN_POINT('',(-0.673,0.876,0.));
#1927 = VECTOR('',#1928,1.);
#1928 = DIRECTION('',(0.,-1.,0.));
#1929 = ORIENTED_EDGE('',*,*,#1930,.F.);
#1930 = EDGE_CURVE('',#1931,#1921,#1933,.T.);
#1931 = VERTEX_POINT('',#1932);
#1932 = CARTESIAN_POINT('',(-0.673,0.876,2.5E-02));
#1933 = LINE('',#1934,#1935);
#1934 = CARTESIAN_POINT('',(-0.673,0.876,2.5E-02));
#1935 = VECTOR('',#1936,1.);
#1936 = DIRECTION('',(0.,0.,-1.));
#1937 = ORIENTED_EDGE('',*,*,#1938,.F.);
#1938 = EDGE_CURVE('',#1939,#1931,#1941,.T.);
#1939 = VERTEX_POINT('',#1940);
#1940 = CARTESIAN_POINT('',(-0.673,-0.876,2.5E-02));
#1941 = LINE('',#1942,#1943);
#1942 = CARTESIAN_POINT('',(-0.673,-0.876,2.5E-02));
#1943 = VECTOR('',#1944,1.);
#1944 = DIRECTION('',(0.,1.,0.));
#1945 = ORIENTED_EDGE('',*,*,#1946,.F.);
#1946 = EDGE_CURVE('',#1923,#1939,#1947,.T.);
#1947 = LINE('',#1948,#1949);
#1948 = CARTESIAN_POINT('',(-0.673,-0.876,0.));
#1949 = VECTOR('',#1950,1.);
#1950 = DIRECTION('',(0.,0.,1.));
#1951 = PLANE('',#1952);
#1952 = AXIS2_PLACEMENT_3D('',#1953,#1954,#1955);
#1953 = CARTESIAN_POINT('',(-0.673,-0.876,0.));
#1954 = DIRECTION('',(-1.,0.,0.));
#1955 = DIRECTION('',(0.,0.,1.));
#1956 = SHELL_BASED_SURFACE_MODEL('',(#1957));
#1957 = OPEN_SHELL('',(#1958));
#1958 = ADVANCED_FACE('',(#1959),#1993,.F.);
#1959 = FACE_BOUND('',#1960,.T.);
#1960 = EDGE_LOOP('',(#1961,#1971,#1979,#1987));
#1961 = ORIENTED_EDGE('',*,*,#1962,.F.);
#1962 = EDGE_CURVE('',#1963,#1965,#1967,.T.);
#1963 = VERTEX_POINT('',#1964);
#1964 = CARTESIAN_POINT('',(-1.321,0.876,2.5E-02));
#1965 = VERTEX_POINT('',#1966);
#1966 = CARTESIAN_POINT('',(-1.321,-0.876,2.5E-02));
#1967 = LINE('',#1968,#1969);
#1968 = CARTESIAN_POINT('',(-1.321,0.876,2.5E-02));
#1969 = VECTOR('',#1970,1.);
#1970 = DIRECTION('',(0.,-1.,0.));
#1971 = ORIENTED_EDGE('',*,*,#1972,.F.);
#1972 = EDGE_CURVE('',#1973,#1963,#1975,.T.);
#1973 = VERTEX_POINT('',#1974);
#1974 = CARTESIAN_POINT('',(-1.321,0.876,0.965));
#1975 = LINE('',#1976,#1977);
#1976 = CARTESIAN_POINT('',(-1.321,0.876,0.965));
#1977 = VECTOR('',#1978,1.);
#1978 = DIRECTION('',(0.,0.,-1.));
#1979 = ORIENTED_EDGE('',*,*,#1980,.F.);
#1980 = EDGE_CURVE('',#1981,#1973,#1983,.T.);
#1981 = VERTEX_POINT('',#1982);
#1982 = CARTESIAN_POINT('',(-1.321,-0.876,0.965));
#1983 = LINE('',#1984,#1985);
#1984 = CARTESIAN_POINT('',(-1.321,-0.876,0.965));
#1985 = VECTOR('',#1986,1.);
#1986 = DIRECTION('',(0.,1.,0.));
#1987 = ORIENTED_EDGE('',*,*,#1988,.F.);
#1988 = EDGE_CURVE('',#1965,#1981,#1989,.T.);
#1989 = LINE('',#1990,#1991);
#1990 = CARTESIAN_POINT('',(-1.321,-0.876,2.5E-02));
#1991 = VECTOR('',#1992,1.);
#1992 = DIRECTION('',(0.,0.,1.));
#1993 = PLANE('',#1994);
#1994 = AXIS2_PLACEMENT_3D('',#1995,#1996,#1997);
#1995 = CARTESIAN_POINT('',(-1.321,-0.876,2.5E-02));
#1996 = DIRECTION('',(-1.,0.,0.));
#1997 = DIRECTION('',(0.,0.,1.));
#1998 = SHELL_BASED_SURFACE_MODEL('',(#1999));
#1999 = OPEN_SHELL('',(#2000));
#2000 = ADVANCED_FACE('',(#2001),#2035,.F.);
#2001 = FACE_BOUND('',#2002,.T.);
#2002 = EDGE_LOOP('',(#2003,#2013,#2021,#2029));
#2003 = ORIENTED_EDGE('',*,*,#2004,.F.);
#2004 = EDGE_CURVE('',#2005,#2007,#2009,.T.);
#2005 = VERTEX_POINT('',#2006);
#2006 = CARTESIAN_POINT('',(-0.673,0.876,0.965));
#2007 = VERTEX_POINT('',#2008);
#2008 = CARTESIAN_POINT('',(-1.321,0.876,0.965));
#2009 = LINE('',#2010,#2011);
#2010 = CARTESIAN_POINT('',(-0.673,0.876,0.965));
#2011 = VECTOR('',#2012,1.);
#2012 = DIRECTION('',(-1.,0.,0.));
#2013 = ORIENTED_EDGE('',*,*,#2014,.F.);
#2014 = EDGE_CURVE('',#2015,#2005,#2017,.T.);
#2015 = VERTEX_POINT('',#2016);
#2016 = CARTESIAN_POINT('',(-0.673,-0.876,0.965));
#2017 = LINE('',#2018,#2019);
#2018 = CARTESIAN_POINT('',(-0.673,-0.876,0.965));
#2019 = VECTOR('',#2020,1.);
#2020 = DIRECTION('',(0.,1.,0.));
#2021 = ORIENTED_EDGE('',*,*,#2022,.F.);
#2022 = EDGE_CURVE('',#2023,#2015,#2025,.T.);
#2023 = VERTEX_POINT('',#2024);
#2024 = CARTESIAN_POINT('',(-1.321,-0.876,0.965));
#2025 = LINE('',#2026,#2027);
#2026 = CARTESIAN_POINT('',(-1.321,-0.876,0.965));
#2027 = VECTOR('',#2028,1.);
#2028 = DIRECTION('',(1.,0.,0.));
#2029 = ORIENTED_EDGE('',*,*,#2030,.F.);
#2030 = EDGE_CURVE('',#2007,#2023,#2031,.T.);
#2031 = LINE('',#2032,#2033);
#2032 = CARTESIAN_POINT('',(-1.321,0.876,0.965));
#2033 = VECTOR('',#2034,1.);
#2034 = DIRECTION('',(0.,-1.,0.));
#2035 = PLANE('',#2036);
#2036 = AXIS2_PLACEMENT_3D('',#2037,#2038,#2039);
#2037 = CARTESIAN_POINT('',(-1.321,0.876,0.965));
#2038 = DIRECTION('',(0.,0.,1.));
#2039 = DIRECTION('',(0.,1.,0.));
#2040 = SHELL_BASED_SURFACE_MODEL('',(#2041));
#2041 = OPEN_SHELL('',(#2042));
#2042 = ADVANCED_FACE('',(#2043),#2077,.F.);
#2043 = FACE_BOUND('',#2044,.T.);
#2044 = EDGE_LOOP('',(#2045,#2055,#2063,#2071));
#2045 = ORIENTED_EDGE('',*,*,#2046,.F.);
#2046 = EDGE_CURVE('',#2047,#2049,#2051,.T.);
#2047 = VERTEX_POINT('',#2048);
#2048 = CARTESIAN_POINT('',(-0.673,0.876,0.));
#2049 = VERTEX_POINT('',#2050);
#2050 = CARTESIAN_POINT('',(-1.346,0.876,0.));
#2051 = LINE('',#2052,#2053);
#2052 = CARTESIAN_POINT('',(-0.673,0.876,0.));
#2053 = VECTOR('',#2054,1.);
#2054 = DIRECTION('',(-1.,0.,0.));
#2055 = ORIENTED_EDGE('',*,*,#2056,.F.);
#2056 = EDGE_CURVE('',#2057,#2047,#2059,.T.);
#2057 = VERTEX_POINT('',#2058);
#2058 = CARTESIAN_POINT('',(-0.673,-0.876,0.));
#2059 = LINE('',#2060,#2061);
#2060 = CARTESIAN_POINT('',(-0.673,-0.876,0.));
#2061 = VECTOR('',#2062,1.);
#2062 = DIRECTION('',(0.,1.,0.));
#2063 = ORIENTED_EDGE('',*,*,#2064,.F.);
#2064 = EDGE_CURVE('',#2065,#2057,#2067,.T.);
#2065 = VERTEX_POINT('',#2066);
#2066 = CARTESIAN_POINT('',(-1.346,-0.876,0.));
#2067 = LINE('',#2068,#2069);
#2068 = CARTESIAN_POINT('',(-1.346,-0.876,0.));
#2069 = VECTOR('',#2070,1.);
#2070 = DIRECTION('',(1.,0.,0.));
#2071 = ORIENTED_EDGE('',*,*,#2072,.F.);
#2072 = EDGE_CURVE('',#2049,#2065,#2073,.T.);
#2073 = LINE('',#2074,#2075);
#2074 = CARTESIAN_POINT('',(-1.346,0.876,0.));
#2075 = VECTOR('',#2076,1.);
#2076 = DIRECTION('',(0.,-1.,0.));
#2077 = PLANE('',#2078);
#2078 = AXIS2_PLACEMENT_3D('',#2079,#2080,#2081);
#2079 = CARTESIAN_POINT('',(-1.346,0.876,0.));
#2080 = DIRECTION('',(0.,0.,1.));
#2081 = DIRECTION('',(0.,1.,0.));
#2082 = SHELL_BASED_SURFACE_MODEL('',(#2083));
#2083 = OPEN_SHELL('',(#2084));
#2084 = ADVANCED_FACE('',(#2085),#2151,.F.);
#2085 = FACE_BOUND('',#2086,.T.);
#2086 = EDGE_LOOP('',(#2087,#2097,#2105,#2113,#2121,#2129,#2137,#2145));
#2087 = ORIENTED_EDGE('',*,*,#2088,.F.);
#2088 = EDGE_CURVE('',#2089,#2091,#2093,.T.);
#2089 = VERTEX_POINT('',#2090);
#2090 = CARTESIAN_POINT('',(-0.673,-0.876,0.));
#2091 = VERTEX_POINT('',#2092);
#2092 = CARTESIAN_POINT('',(-1.346,-0.876,0.));
#2093 = LINE('',#2094,#2095);
#2094 = CARTESIAN_POINT('',(-0.673,-0.876,0.));
#2095 = VECTOR('',#2096,1.);
#2096 = DIRECTION('',(-1.,0.,0.));
#2097 = ORIENTED_EDGE('',*,*,#2098,.F.);
#2098 = EDGE_CURVE('',#2099,#2089,#2101,.T.);
#2099 = VERTEX_POINT('',#2100);
#2100 = CARTESIAN_POINT('',(-0.673,-0.876,2.5E-02));
#2101 = LINE('',#2102,#2103);
#2102 = CARTESIAN_POINT('',(-0.673,-0.876,2.5E-02));
#2103 = VECTOR('',#2104,1.);
#2104 = DIRECTION('',(0.,0.,-1.));
#2105 = ORIENTED_EDGE('',*,*,#2106,.F.);
#2106 = EDGE_CURVE('',#2107,#2099,#2109,.T.);
#2107 = VERTEX_POINT('',#2108);
#2108 = CARTESIAN_POINT('',(-1.321,-0.876,2.5E-02));
#2109 = LINE('',#2110,#2111);
#2110 = CARTESIAN_POINT('',(-1.321,-0.876,2.5E-02));
#2111 = VECTOR('',#2112,1.);
#2112 = DIRECTION('',(1.,0.,0.));
#2113 = ORIENTED_EDGE('',*,*,#2114,.F.);
#2114 = EDGE_CURVE('',#2115,#2107,#2117,.T.);
#2115 = VERTEX_POINT('',#2116);
#2116 = CARTESIAN_POINT('',(-1.321,-0.876,0.965));
#2117 = LINE('',#2118,#2119);
#2118 = CARTESIAN_POINT('',(-1.321,-0.876,0.965));
#2119 = VECTOR('',#2120,1.);
#2120 = DIRECTION('',(0.,0.,-1.));
#2121 = ORIENTED_EDGE('',*,*,#2122,.F.);
#2122 = EDGE_CURVE('',#2123,#2115,#2125,.T.);
#2123 = VERTEX_POINT('',#2124);
#2124 = CARTESIAN_POINT('',(-0.673,-0.876,0.965));
#2125 = LINE('',#2126,#2127);
#2126 = CARTESIAN_POINT('',(-0.673,-0.876,0.965));
#2127 = VECTOR('',#2128,1.);
#2128 = DIRECTION('',(-1.,0.,0.));
#2129 = ORIENTED_EDGE('',*,*,#2130,.F.);
#2130 = EDGE_CURVE('',#2131,#2123,#2133,.T.);
#2131 = VERTEX_POINT('',#2132);
#2132 = CARTESIAN_POINT('',(-0.673,-0.876,0.991));
#2133 = LINE('',#2134,#2135);
#2134 = CARTESIAN_POINT('',(-0.673,-0.876,0.991));
#2135 = VECTOR('',#2136,1.);
#2136 = DIRECTION('',(0.,0.,-1.));
#2137 = ORIENTED_EDGE('',*,*,#2138,.F.);
#2138 = EDGE_CURVE('',#2139,#2131,#2141,.T.);
#2139 = VERTEX_POINT('',#2140);
#2140 = CARTESIAN_POINT('',(-1.346,-0.876,0.991));
#2141 = LINE('',#2142,#2143);
#2142 = CARTESIAN_POINT('',(-1.346,-0.876,0.991));
#2143 = VECTOR('',#2144,1.);
#2144 = DIRECTION('',(1.,0.,0.));
#2145 = ORIENTED_EDGE('',*,*,#2146,.F.);
#2146 = EDGE_CURVE('',#2091,#2139,#2147,.T.);
#2147 = LINE('',#2148,#2149);
#2148 = CARTESIAN_POINT('',(-1.346,-0.876,0.));
#2149 = VECTOR('',#2150,1.);
#2150 = DIRECTION('',(0.,0.,1.));
#2151 = PLANE('',#2152);
#2152 = AXIS2_PLACEMENT_3D('',#2153,#2154,#2155);
#2153 = CARTESIAN_POINT('',(-1.346,-0.876,0.));
#2154 = DIRECTION('',(0.,1.,0.));
#2155 = DIRECTION('',(0.,0.,1.));
#2156 = GEOMETRIC_CURVE_SET('',(#2157));
#2157 = TRIMMED_CURVE('',#2158,(#2162,PARAMETER_VALUE(0.)),(#2163,
    PARAMETER_VALUE(0.673)),.T.,.PARAMETER.);
#2158 = LINE('',#2159,#2160);
#2159 = CARTESIAN_POINT('',(-1.346,0.876,0.));
#2160 = VECTOR('',#2161,1.);
#2161 = DIRECTION('',(1.,0.,0.));
#2162 = CARTESIAN_POINT('',(-1.346,0.876,0.));
#2163 = CARTESIAN_POINT('',(-0.673,0.876,0.));
#2164 = GEOMETRIC_CURVE_SET('',(#2165));
#2165 = TRIMMED_CURVE('',#2166,(#2170,PARAMETER_VALUE(0.)),(#2171,
    PARAMETER_VALUE(0.991)),.T.,.PARAMETER.);
#2166 = LINE('',#2167,#2168);
#2167 = CARTESIAN_POINT('',(-1.346,0.876,0.991));
#2168 = VECTOR('',#2169,1.);
#2169 = DIRECTION('',(0.,0.,-1.));
#2170 = CARTESIAN_POINT('',(-1.346,0.876,0.991));
#2171 = CARTESIAN_POINT('',(-1.346,0.876,0.));
#2172 = GEOMETRIC_CURVE_SET('',(#2173));
#2173 = TRIMMED_CURVE('',#2174,(#2178,PARAMETER_VALUE(0.)),(#2179,
    PARAMETER_VALUE(0.673)),.T.,.PARAMETER.);
#2174 = LINE('',#2175,#2176);
#2175 = CARTESIAN_POINT('',(-0.673,0.876,0.991));
#2176 = VECTOR('',#2177,1.);
#2177 = DIRECTION('',(-1.,0.,0.));
#2178 = CARTESIAN_POINT('',(-0.673,0.876,0.991));
#2179 = CARTESIAN_POINT('',(-1.346,0.876,0.991));
#2180 = GEOMETRIC_CURVE_SET('',(#2181));
#2181 = TRIMMED_CURVE('',#2182,(#2186,PARAMETER_VALUE(0.)),(#2187,
    PARAMETER_VALUE(2.6E-02)),.T.,.PARAMETER.);
#2182 = LINE('',#2183,#2184);
#2183 = CARTESIAN_POINT('',(-0.673,0.876,0.965));
#2184 = VECTOR('',#2185,1.);
#2185 = DIRECTION('',(0.,0.,1.));
#2186 = CARTESIAN_POINT('',(-0.673,0.876,0.965));
#2187 = CARTESIAN_POINT('',(-0.673,0.876,0.991));
#2188 = GEOMETRIC_CURVE_SET('',(#2189));
#2189 = TRIMMED_CURVE('',#2190,(#2194,PARAMETER_VALUE(0.)),(#2195,
    PARAMETER_VALUE(0.648)),.T.,.PARAMETER.);
#2190 = LINE('',#2191,#2192);
#2191 = CARTESIAN_POINT('',(-1.321,0.876,0.965));
#2192 = VECTOR('',#2193,1.);
#2193 = DIRECTION('',(1.,0.,0.));
#2194 = CARTESIAN_POINT('',(-1.321,0.876,0.965));
#2195 = CARTESIAN_POINT('',(-0.673,0.876,0.965));
#2196 = GEOMETRIC_CURVE_SET('',(#2197));
#2197 = TRIMMED_CURVE('',#2198,(#2202,PARAMETER_VALUE(0.)),(#2203,
    PARAMETER_VALUE(0.94)),.T.,.PARAMETER.);
#2198 = LINE('',#2199,#2200);
#2199 = CARTESIAN_POINT('',(-1.321,0.876,2.5E-02));
#2200 = VECTOR('',#2201,1.);
#2201 = DIRECTION('',(0.,0.,1.));
#2202 = CARTESIAN_POINT('',(-1.321,0.876,2.5E-02));
#2203 = CARTESIAN_POINT('',(-1.321,0.876,0.965));
#2204 = GEOMETRIC_CURVE_SET('',(#2205));
#2205 = TRIMMED_CURVE('',#2206,(#2210,PARAMETER_VALUE(0.)),(#2211,
    PARAMETER_VALUE(0.648)),.T.,.PARAMETER.);
#2206 = LINE('',#2207,#2208);
#2207 = CARTESIAN_POINT('',(-0.673,0.876,2.5E-02));
#2208 = VECTOR('',#2209,1.);
#2209 = DIRECTION('',(-1.,0.,0.));
#2210 = CARTESIAN_POINT('',(-0.673,0.876,2.5E-02));
#2211 = CARTESIAN_POINT('',(-1.321,0.876,2.5E-02));
#2212 = GEOMETRIC_CURVE_SET('',(#2213));
#2213 = TRIMMED_CURVE('',#2214,(#2218,PARAMETER_VALUE(0.)),(#2219,
    PARAMETER_VALUE(2.5E-02)),.T.,.PARAMETER.);
#2214 = LINE('',#2215,#2216);
#2215 = CARTESIAN_POINT('',(-0.673,0.876,0.));
#2216 = VECTOR('',#2217,1.);
#2217 = DIRECTION('',(0.,0.,1.));
#2218 = CARTESIAN_POINT('',(-0.673,0.876,0.));
#2219 = CARTESIAN_POINT('',(-0.673,0.876,2.5E-02));
#2220 = GEOMETRIC_CURVE_SET('',(#2221));
#2221 = TRIMMED_CURVE('',#2222,(#2226,PARAMETER_VALUE(0.)),(#2227,
    PARAMETER_VALUE(2.642)),.T.,.PARAMETER.);
#2222 = LINE('',#2223,#2224);
#2223 = CARTESIAN_POINT('',(1.321,1.105,2.5E-02));
#2224 = VECTOR('',#2225,1.);
#2225 = DIRECTION('',(-1.,0.,0.));
#2226 = CARTESIAN_POINT('',(1.321,1.105,2.5E-02));
#2227 = CARTESIAN_POINT('',(-1.321,1.105,2.5E-02));
#2228 = GEOMETRIC_CURVE_SET('',(#2229));
#2229 = TRIMMED_CURVE('',#2230,(#2234,PARAMETER_VALUE(0.)),(#2235,
    PARAMETER_VALUE(2.21)),.T.,.PARAMETER.);
#2230 = LINE('',#2231,#2232);
#2231 = CARTESIAN_POINT('',(1.321,-1.105,2.5E-02));
#2232 = VECTOR('',#2233,1.);
#2233 = DIRECTION('',(0.,1.,0.));
#2234 = CARTESIAN_POINT('',(1.321,-1.105,2.5E-02));
#2235 = CARTESIAN_POINT('',(1.321,1.105,2.5E-02));
#2236 = GEOMETRIC_CURVE_SET('',(#2237));
#2237 = TRIMMED_CURVE('',#2238,(#2242,PARAMETER_VALUE(0.)),(#2243,
    PARAMETER_VALUE(2.642)),.T.,.PARAMETER.);
#2238 = LINE('',#2239,#2240);
#2239 = CARTESIAN_POINT('',(-1.321,-1.105,2.5E-02));
#2240 = VECTOR('',#2241,1.);
#2241 = DIRECTION('',(1.,0.,0.));
#2242 = CARTESIAN_POINT('',(-1.321,-1.105,2.5E-02));
#2243 = CARTESIAN_POINT('',(1.321,-1.105,2.5E-02));
#2244 = GEOMETRIC_CURVE_SET('',(#2245));
#2245 = TRIMMED_CURVE('',#2246,(#2250,PARAMETER_VALUE(0.)),(#2251,
    PARAMETER_VALUE(2.21)),.T.,.PARAMETER.);
#2246 = LINE('',#2247,#2248);
#2247 = CARTESIAN_POINT('',(-1.321,1.105,2.5E-02));
#2248 = VECTOR('',#2249,1.);
#2249 = DIRECTION('',(0.,-1.,0.));
#2250 = CARTESIAN_POINT('',(-1.321,1.105,2.5E-02));
#2251 = CARTESIAN_POINT('',(-1.321,-1.105,2.5E-02));
#2252 = GEOMETRIC_CURVE_SET('',(#2253));
#2253 = TRIMMED_CURVE('',#2254,(#2258,PARAMETER_VALUE(0.)),(#2259,
    PARAMETER_VALUE(2.642)),.T.,.PARAMETER.);
#2254 = LINE('',#2255,#2256);
#2255 = CARTESIAN_POINT('',(1.321,-1.105,0.965));
#2256 = VECTOR('',#2257,1.);
#2257 = DIRECTION('',(-1.,0.,0.));
#2258 = CARTESIAN_POINT('',(1.321,-1.105,0.965));
#2259 = CARTESIAN_POINT('',(-1.321,-1.105,0.965));
#2260 = GEOMETRIC_CURVE_SET('',(#2261));
#2261 = TRIMMED_CURVE('',#2262,(#2266,PARAMETER_VALUE(0.)),(#2267,
    PARAMETER_VALUE(2.21)),.T.,.PARAMETER.);
#2262 = LINE('',#2263,#2264);
#2263 = CARTESIAN_POINT('',(1.321,1.105,0.965));
#2264 = VECTOR('',#2265,1.);
#2265 = DIRECTION('',(0.,-1.,0.));
#2266 = CARTESIAN_POINT('',(1.321,1.105,0.965));
#2267 = CARTESIAN_POINT('',(1.321,-1.105,0.965));
#2268 = GEOMETRIC_CURVE_SET('',(#2269));
#2269 = TRIMMED_CURVE('',#2270,(#2274,PARAMETER_VALUE(0.)),(#2275,
    PARAMETER_VALUE(2.642)),.T.,.PARAMETER.);
#2270 = LINE('',#2271,#2272);
#2271 = CARTESIAN_POINT('',(-1.321,1.105,0.965));
#2272 = VECTOR('',#2273,1.);
#2273 = DIRECTION('',(1.,0.,0.));
#2274 = CARTESIAN_POINT('',(-1.321,1.105,0.965));
#2275 = CARTESIAN_POINT('',(1.321,1.105,0.965));
#2276 = GEOMETRIC_CURVE_SET('',(#2277));
#2277 = TRIMMED_CURVE('',#2278,(#2282,PARAMETER_VALUE(0.)),(#2283,
    PARAMETER_VALUE(2.21)),.T.,.PARAMETER.);
#2278 = LINE('',#2279,#2280);
#2279 = CARTESIAN_POINT('',(-1.321,-1.105,0.965));
#2280 = VECTOR('',#2281,1.);
#2281 = DIRECTION('',(0.,1.,0.));
#2282 = CARTESIAN_POINT('',(-1.321,-1.105,0.965));
#2283 = CARTESIAN_POINT('',(-1.321,1.105,0.965));
#2284 = GEOMETRIC_CURVE_SET('',(#2285));
#2285 = TRIMMED_CURVE('',#2286,(#2290,PARAMETER_VALUE(0.)),(#2291,
    PARAMETER_VALUE(2.642)),.T.,.PARAMETER.);
#2286 = LINE('',#2287,#2288);
#2287 = CARTESIAN_POINT('',(1.321,-1.105,2.5E-02));
#2288 = VECTOR('',#2289,1.);
#2289 = DIRECTION('',(-1.,0.,0.));
#2290 = CARTESIAN_POINT('',(1.321,-1.105,2.5E-02));
#2291 = CARTESIAN_POINT('',(-1.321,-1.105,2.5E-02));
#2292 = GEOMETRIC_CURVE_SET('',(#2293));
#2293 = TRIMMED_CURVE('',#2294,(#2298,PARAMETER_VALUE(0.)),(#2299,
    PARAMETER_VALUE(0.94)),.T.,.PARAMETER.);
#2294 = LINE('',#2295,#2296);
#2295 = CARTESIAN_POINT('',(1.321,-1.105,0.965));
#2296 = VECTOR('',#2297,1.);
#2297 = DIRECTION('',(0.,0.,-1.));
#2298 = CARTESIAN_POINT('',(1.321,-1.105,0.965));
#2299 = CARTESIAN_POINT('',(1.321,-1.105,2.5E-02));
#2300 = GEOMETRIC_CURVE_SET('',(#2301));
#2301 = TRIMMED_CURVE('',#2302,(#2306,PARAMETER_VALUE(0.)),(#2307,
    PARAMETER_VALUE(2.642)),.T.,.PARAMETER.);
#2302 = LINE('',#2303,#2304);
#2303 = CARTESIAN_POINT('',(-1.321,-1.105,0.965));
#2304 = VECTOR('',#2305,1.);
#2305 = DIRECTION('',(1.,0.,0.));
#2306 = CARTESIAN_POINT('',(-1.321,-1.105,0.965));
#2307 = CARTESIAN_POINT('',(1.321,-1.105,0.965));
#2308 = GEOMETRIC_CURVE_SET('',(#2309));
#2309 = TRIMMED_CURVE('',#2310,(#2314,PARAMETER_VALUE(0.)),(#2315,
    PARAMETER_VALUE(0.94)),.T.,.PARAMETER.);
#2310 = LINE('',#2311,#2312);
#2311 = CARTESIAN_POINT('',(-1.321,-1.105,2.5E-02));
#2312 = VECTOR('',#2313,1.);
#2313 = DIRECTION('',(0.,0.,1.));
#2314 = CARTESIAN_POINT('',(-1.321,-1.105,2.5E-02));
#2315 = CARTESIAN_POINT('',(-1.321,-1.105,0.965));
#2316 = GEOMETRIC_CURVE_SET('',(#2317));
#2317 = TRIMMED_CURVE('',#2318,(#2322,PARAMETER_VALUE(0.)),(#2323,
    PARAMETER_VALUE(2.21)),.T.,.PARAMETER.);
#2318 = LINE('',#2319,#2320);
#2319 = CARTESIAN_POINT('',(1.321,1.105,2.5E-02));
#2320 = VECTOR('',#2321,1.);
#2321 = DIRECTION('',(0.,-1.,0.));
#2322 = CARTESIAN_POINT('',(1.321,1.105,2.5E-02));
#2323 = CARTESIAN_POINT('',(1.321,-1.105,2.5E-02));
#2324 = GEOMETRIC_CURVE_SET('',(#2325));
#2325 = TRIMMED_CURVE('',#2326,(#2330,PARAMETER_VALUE(0.)),(#2331,
    PARAMETER_VALUE(0.94)),.T.,.PARAMETER.);
#2326 = LINE('',#2327,#2328);
#2327 = CARTESIAN_POINT('',(1.321,1.105,0.965));
#2328 = VECTOR('',#2329,1.);
#2329 = DIRECTION('',(0.,0.,-1.));
#2330 = CARTESIAN_POINT('',(1.321,1.105,0.965));
#2331 = CARTESIAN_POINT('',(1.321,1.105,2.5E-02));
#2332 = GEOMETRIC_CURVE_SET('',(#2333));
#2333 = TRIMMED_CURVE('',#2334,(#2338,PARAMETER_VALUE(0.)),(#2339,
    PARAMETER_VALUE(2.21)),.T.,.PARAMETER.);
#2334 = LINE('',#2335,#2336);
#2335 = CARTESIAN_POINT('',(1.321,-1.105,0.965));
#2336 = VECTOR('',#2337,1.);
#2337 = DIRECTION('',(0.,1.,0.));
#2338 = CARTESIAN_POINT('',(1.321,-1.105,0.965));
#2339 = CARTESIAN_POINT('',(1.321,1.105,0.965));
#2340 = GEOMETRIC_CURVE_SET('',(#2341));
#2341 = TRIMMED_CURVE('',#2342,(#2346,PARAMETER_VALUE(0.)),(#2347,
    PARAMETER_VALUE(0.94)),.T.,.PARAMETER.);
#2342 = LINE('',#2343,#2344);
#2343 = CARTESIAN_POINT('',(1.321,-1.105,2.5E-02));
#2344 = VECTOR('',#2345,1.);
#2345 = DIRECTION('',(0.,0.,1.));
#2346 = CARTESIAN_POINT('',(1.321,-1.105,2.5E-02));
#2347 = CARTESIAN_POINT('',(1.321,-1.105,0.965));
#2348 = GEOMETRIC_CURVE_SET('',(#2349));
#2349 = TRIMMED_CURVE('',#2350,(#2354,PARAMETER_VALUE(0.)),(#2355,
    PARAMETER_VALUE(2.642)),.T.,.PARAMETER.);
#2350 = LINE('',#2351,#2352);
#2351 = CARTESIAN_POINT('',(-1.321,1.105,2.5E-02));
#2352 = VECTOR('',#2353,1.);
#2353 = DIRECTION('',(1.,0.,0.));
#2354 = CARTESIAN_POINT('',(-1.321,1.105,2.5E-02));
#2355 = CARTESIAN_POINT('',(1.321,1.105,2.5E-02));
#2356 = GEOMETRIC_CURVE_SET('',(#2357));
#2357 = TRIMMED_CURVE('',#2358,(#2362,PARAMETER_VALUE(0.)),(#2363,
    PARAMETER_VALUE(0.94)),.T.,.PARAMETER.);
#2358 = LINE('',#2359,#2360);
#2359 = CARTESIAN_POINT('',(-1.321,1.105,0.965));
#2360 = VECTOR('',#2361,1.);
#2361 = DIRECTION('',(0.,0.,-1.));
#2362 = CARTESIAN_POINT('',(-1.321,1.105,0.965));
#2363 = CARTESIAN_POINT('',(-1.321,1.105,2.5E-02));
#2364 = GEOMETRIC_CURVE_SET('',(#2365));
#2365 = TRIMMED_CURVE('',#2366,(#2370,PARAMETER_VALUE(0.)),(#2371,
    PARAMETER_VALUE(2.642)),.T.,.PARAMETER.);
#2366 = LINE('',#2367,#2368);
#2367 = CARTESIAN_POINT('',(1.321,1.105,0.965));
#2368 = VECTOR('',#2369,1.);
#2369 = DIRECTION('',(-1.,0.,0.));
#2370 = CARTESIAN_POINT('',(1.321,1.105,0.965));
#2371 = CARTESIAN_POINT('',(-1.321,1.105,0.965));
#2372 = GEOMETRIC_CURVE_SET('',(#2373));
#2373 = TRIMMED_CURVE('',#2374,(#2378,PARAMETER_VALUE(0.)),(#2379,
    PARAMETER_VALUE(0.94)),.T.,.PARAMETER.);
#2374 = LINE('',#2375,#2376);
#2375 = CARTESIAN_POINT('',(1.321,1.105,2.5E-02));
#2376 = VECTOR('',#2377,1.);
#2377 = DIRECTION('',(0.,0.,1.));
#2378 = CARTESIAN_POINT('',(1.321,1.105,2.5E-02));
#2379 = CARTESIAN_POINT('',(1.321,1.105,0.965));
#2380 = GEOMETRIC_CURVE_SET('',(#2381));
#2381 = TRIMMED_CURVE('',#2382,(#2386,PARAMETER_VALUE(0.)),(#2387,
    PARAMETER_VALUE(2.21)),.T.,.PARAMETER.);
#2382 = LINE('',#2383,#2384);
#2383 = CARTESIAN_POINT('',(-1.321,-1.105,2.5E-02));
#2384 = VECTOR('',#2385,1.);
#2385 = DIRECTION('',(0.,1.,0.));
#2386 = CARTESIAN_POINT('',(-1.321,-1.105,2.5E-02));
#2387 = CARTESIAN_POINT('',(-1.321,1.105,2.5E-02));
#2388 = GEOMETRIC_CURVE_SET('',(#2389));
#2389 = TRIMMED_CURVE('',#2390,(#2394,PARAMETER_VALUE(0.)),(#2395,
    PARAMETER_VALUE(0.94)),.T.,.PARAMETER.);
#2390 = LINE('',#2391,#2392);
#2391 = CARTESIAN_POINT('',(-1.321,-1.105,0.965));
#2392 = VECTOR('',#2393,1.);
#2393 = DIRECTION('',(0.,0.,-1.));
#2394 = CARTESIAN_POINT('',(-1.321,-1.105,0.965));
#2395 = CARTESIAN_POINT('',(-1.321,-1.105,2.5E-02));
#2396 = GEOMETRIC_CURVE_SET('',(#2397));
#2397 = TRIMMED_CURVE('',#2398,(#2402,PARAMETER_VALUE(0.)),(#2403,
    PARAMETER_VALUE(2.21)),.T.,.PARAMETER.);
#2398 = LINE('',#2399,#2400);
#2399 = CARTESIAN_POINT('',(-1.321,1.105,0.965));
#2400 = VECTOR('',#2401,1.);
#2401 = DIRECTION('',(0.,-1.,0.));
#2402 = CARTESIAN_POINT('',(-1.321,1.105,0.965));
#2403 = CARTESIAN_POINT('',(-1.321,-1.105,0.965));
#2404 = GEOMETRIC_CURVE_SET('',(#2405));
#2405 = TRIMMED_CURVE('',#2406,(#2410,PARAMETER_VALUE(0.)),(#2411,
    PARAMETER_VALUE(0.94)),.T.,.PARAMETER.);
#2406 = LINE('',#2407,#2408);
#2407 = CARTESIAN_POINT('',(-1.321,1.105,2.5E-02));
#2408 = VECTOR('',#2409,1.);
#2409 = DIRECTION('',(0.,0.,1.));
#2410 = CARTESIAN_POINT('',(-1.321,1.105,2.5E-02));
#2411 = CARTESIAN_POINT('',(-1.321,1.105,0.965));
#2412 = GEOMETRIC_CURVE_SET('',(#2413));
#2413 = TRIMMED_CURVE('',#2414,(#2418,PARAMETER_VALUE(0.)),(#2419,
    PARAMETER_VALUE(0.134)),.T.,.PARAMETER.);
#2414 = LINE('',#2415,#2416);
#2415 = CARTESIAN_POINT('',(-0.404,1.107,2.3E-02));
#2416 = VECTOR('',#2417,1.);
#2417 = DIRECTION('',(-1.,0.,0.));
#2418 = CARTESIAN_POINT('',(-0.404,1.107,2.3E-02));
#2419 = CARTESIAN_POINT('',(-0.538,1.107,2.3E-02));
#2420 = GEOMETRIC_CURVE_SET('',(#2421));
#2421 = TRIMMED_CURVE('',#2422,(#2426,PARAMETER_VALUE(0.)),(#2427,
    PARAMETER_VALUE(2.214)),.T.,.PARAMETER.);
#2422 = LINE('',#2423,#2424);
#2423 = CARTESIAN_POINT('',(-0.404,-1.107,2.3E-02));
#2424 = VECTOR('',#2425,1.);
#2425 = DIRECTION('',(0.,1.,0.));
#2426 = CARTESIAN_POINT('',(-0.404,-1.107,2.3E-02));
#2427 = CARTESIAN_POINT('',(-0.404,1.107,2.3E-02));
#2428 = GEOMETRIC_CURVE_SET('',(#2429));
#2429 = TRIMMED_CURVE('',#2430,(#2434,PARAMETER_VALUE(0.)),(#2435,
    PARAMETER_VALUE(0.134)),.T.,.PARAMETER.);
#2430 = LINE('',#2431,#2432);
#2431 = CARTESIAN_POINT('',(-0.538,-1.107,2.3E-02));
#2432 = VECTOR('',#2433,1.);
#2433 = DIRECTION('',(1.,0.,0.));
#2434 = CARTESIAN_POINT('',(-0.538,-1.107,2.3E-02));
#2435 = CARTESIAN_POINT('',(-0.404,-1.107,2.3E-02));
#2436 = GEOMETRIC_CURVE_SET('',(#2437));
#2437 = TRIMMED_CURVE('',#2438,(#2442,PARAMETER_VALUE(0.)),(#2443,
    PARAMETER_VALUE(2.214)),.T.,.PARAMETER.);
#2438 = LINE('',#2439,#2440);
#2439 = CARTESIAN_POINT('',(-0.538,1.107,2.3E-02));
#2440 = VECTOR('',#2441,1.);
#2441 = DIRECTION('',(0.,-1.,0.));
#2442 = CARTESIAN_POINT('',(-0.538,1.107,2.3E-02));
#2443 = CARTESIAN_POINT('',(-0.538,-1.107,2.3E-02));
#2444 = GEOMETRIC_CURVE_SET('',(#2445));
#2445 = TRIMMED_CURVE('',#2446,(#2450,PARAMETER_VALUE(0.)),(#2451,
    PARAMETER_VALUE(0.134)),.T.,.PARAMETER.);
#2446 = LINE('',#2447,#2448);
#2447 = CARTESIAN_POINT('',(-0.404,-1.107,2.3E-02));
#2448 = VECTOR('',#2449,1.);
#2449 = DIRECTION('',(-1.,0.,0.));
#2450 = CARTESIAN_POINT('',(-0.404,-1.107,2.3E-02));
#2451 = CARTESIAN_POINT('',(-0.538,-1.107,2.3E-02));
#2452 = GEOMETRIC_CURVE_SET('',(#2453));
#2453 = TRIMMED_CURVE('',#2454,(#2458,PARAMETER_VALUE(0.)),(#2459,
    PARAMETER_VALUE(0.945)),.T.,.PARAMETER.);
#2454 = LINE('',#2455,#2456);
#2455 = CARTESIAN_POINT('',(-0.404,-1.107,0.968));
#2456 = VECTOR('',#2457,1.);
#2457 = DIRECTION('',(0.,0.,-1.));
#2458 = CARTESIAN_POINT('',(-0.404,-1.107,0.968));
#2459 = CARTESIAN_POINT('',(-0.404,-1.107,2.3E-02));
#2460 = GEOMETRIC_CURVE_SET('',(#2461));
#2461 = TRIMMED_CURVE('',#2462,(#2466,PARAMETER_VALUE(0.)),(#2467,
    PARAMETER_VALUE(0.134)),.T.,.PARAMETER.);
#2462 = LINE('',#2463,#2464);
#2463 = CARTESIAN_POINT('',(-0.538,-1.107,0.968));
#2464 = VECTOR('',#2465,1.);
#2465 = DIRECTION('',(1.,0.,0.));
#2466 = CARTESIAN_POINT('',(-0.538,-1.107,0.968));
#2467 = CARTESIAN_POINT('',(-0.404,-1.107,0.968));
#2468 = GEOMETRIC_CURVE_SET('',(#2469));
#2469 = TRIMMED_CURVE('',#2470,(#2474,PARAMETER_VALUE(0.)),(#2475,
    PARAMETER_VALUE(0.945)),.T.,.PARAMETER.);
#2470 = LINE('',#2471,#2472);
#2471 = CARTESIAN_POINT('',(-0.538,-1.107,2.3E-02));
#2472 = VECTOR('',#2473,1.);
#2473 = DIRECTION('',(0.,0.,1.));
#2474 = CARTESIAN_POINT('',(-0.538,-1.107,2.3E-02));
#2475 = CARTESIAN_POINT('',(-0.538,-1.107,0.968));
#2476 = GEOMETRIC_CURVE_SET('',(#2477));
#2477 = TRIMMED_CURVE('',#2478,(#2482,PARAMETER_VALUE(0.)),(#2483,
    PARAMETER_VALUE(0.134)),.T.,.PARAMETER.);
#2478 = LINE('',#2479,#2480);
#2479 = CARTESIAN_POINT('',(-0.538,1.107,2.3E-02));
#2480 = VECTOR('',#2481,1.);
#2481 = DIRECTION('',(1.,0.,0.));
#2482 = CARTESIAN_POINT('',(-0.538,1.107,2.3E-02));
#2483 = CARTESIAN_POINT('',(-0.404,1.107,2.3E-02));
#2484 = GEOMETRIC_CURVE_SET('',(#2485));
#2485 = TRIMMED_CURVE('',#2486,(#2490,PARAMETER_VALUE(0.)),(#2491,
    PARAMETER_VALUE(0.945)),.T.,.PARAMETER.);
#2486 = LINE('',#2487,#2488);
#2487 = CARTESIAN_POINT('',(-0.538,1.107,0.968));
#2488 = VECTOR('',#2489,1.);
#2489 = DIRECTION('',(0.,0.,-1.));
#2490 = CARTESIAN_POINT('',(-0.538,1.107,0.968));
#2491 = CARTESIAN_POINT('',(-0.538,1.107,2.3E-02));
#2492 = GEOMETRIC_CURVE_SET('',(#2493));
#2493 = TRIMMED_CURVE('',#2494,(#2498,PARAMETER_VALUE(0.)),(#2499,
    PARAMETER_VALUE(0.134)),.T.,.PARAMETER.);
#2494 = LINE('',#2495,#2496);
#2495 = CARTESIAN_POINT('',(-0.404,1.107,0.968));
#2496 = VECTOR('',#2497,1.);
#2497 = DIRECTION('',(-1.,0.,0.));
#2498 = CARTESIAN_POINT('',(-0.404,1.107,0.968));
#2499 = CARTESIAN_POINT('',(-0.538,1.107,0.968));
#2500 = GEOMETRIC_CURVE_SET('',(#2501));
#2501 = TRIMMED_CURVE('',#2502,(#2506,PARAMETER_VALUE(0.)),(#2507,
    PARAMETER_VALUE(0.945)),.T.,.PARAMETER.);
#2502 = LINE('',#2503,#2504);
#2503 = CARTESIAN_POINT('',(-0.404,1.107,2.3E-02));
#2504 = VECTOR('',#2505,1.);
#2505 = DIRECTION('',(0.,0.,1.));
#2506 = CARTESIAN_POINT('',(-0.404,1.107,2.3E-02));
#2507 = CARTESIAN_POINT('',(-0.404,1.107,0.968));
#2508 = GEOMETRIC_CURVE_SET('',(#2509));
#2509 = TRIMMED_CURVE('',#2510,(#2514,PARAMETER_VALUE(0.)),(#2515,
    PARAMETER_VALUE(0.134)),.T.,.PARAMETER.);
#2510 = LINE('',#2511,#2512);
#2511 = CARTESIAN_POINT('',(-0.404,-1.107,0.968));
#2512 = VECTOR('',#2513,1.);
#2513 = DIRECTION('',(-1.,0.,0.));
#2514 = CARTESIAN_POINT('',(-0.404,-1.107,0.968));
#2515 = CARTESIAN_POINT('',(-0.538,-1.107,0.968));
#2516 = GEOMETRIC_CURVE_SET('',(#2517));
#2517 = TRIMMED_CURVE('',#2518,(#2522,PARAMETER_VALUE(0.)),(#2523,
    PARAMETER_VALUE(2.214)),.T.,.PARAMETER.);
#2518 = LINE('',#2519,#2520);
#2519 = CARTESIAN_POINT('',(-0.404,1.107,0.968));
#2520 = VECTOR('',#2521,1.);
#2521 = DIRECTION('',(0.,-1.,0.));
#2522 = CARTESIAN_POINT('',(-0.404,1.107,0.968));
#2523 = CARTESIAN_POINT('',(-0.404,-1.107,0.968));
#2524 = GEOMETRIC_CURVE_SET('',(#2525));
#2525 = TRIMMED_CURVE('',#2526,(#2530,PARAMETER_VALUE(0.)),(#2531,
    PARAMETER_VALUE(0.134)),.T.,.PARAMETER.);
#2526 = LINE('',#2527,#2528);
#2527 = CARTESIAN_POINT('',(-0.538,1.107,0.968));
#2528 = VECTOR('',#2529,1.);
#2529 = DIRECTION('',(1.,0.,0.));
#2530 = CARTESIAN_POINT('',(-0.538,1.107,0.968));
#2531 = CARTESIAN_POINT('',(-0.404,1.107,0.968));
#2532 = GEOMETRIC_CURVE_SET('',(#2533));
#2533 = TRIMMED_CURVE('',#2534,(#2538,PARAMETER_VALUE(0.)),(#2539,
    PARAMETER_VALUE(2.214)),.T.,.PARAMETER.);
#2534 = LINE('',#2535,#2536);
#2535 = CARTESIAN_POINT('',(-0.538,-1.107,0.968));
#2536 = VECTOR('',#2537,1.);
#2537 = DIRECTION('',(0.,1.,0.));
#2538 = CARTESIAN_POINT('',(-0.538,-1.107,0.968));
#2539 = CARTESIAN_POINT('',(-0.538,1.107,0.968));
#2540 = GEOMETRIC_CURVE_SET('',(#2541));
#2541 = TRIMMED_CURVE('',#2542,(#2546,PARAMETER_VALUE(0.)),(#2547,
    PARAMETER_VALUE(2.828427124746E-03)),.T.,.PARAMETER.);
#2542 = LINE('',#2543,#2544);
#2543 = CARTESIAN_POINT('',(-0.404,-1.107,2.3E-02));
#2544 = VECTOR('',#2545,1.);
#2545 = DIRECTION('',(0.,0.707106781187,0.707106781187));
#2546 = CARTESIAN_POINT('',(-0.404,-1.107,2.3E-02));
#2547 = CARTESIAN_POINT('',(-0.404,-1.105,2.5E-02));
#2548 = GEOMETRIC_CURVE_SET('',(#2549));
#2549 = TRIMMED_CURVE('',#2550,(#2554,PARAMETER_VALUE(0.)),(#2555,
    PARAMETER_VALUE(2.21)),.T.,.PARAMETER.);
#2550 = LINE('',#2551,#2552);
#2551 = CARTESIAN_POINT('',(-0.404,-1.105,2.5E-02));
#2552 = VECTOR('',#2553,1.);
#2553 = DIRECTION('',(0.,1.,0.));
#2554 = CARTESIAN_POINT('',(-0.404,-1.105,2.5E-02));
#2555 = CARTESIAN_POINT('',(-0.404,1.105,2.5E-02));
#2556 = GEOMETRIC_CURVE_SET('',(#2557));
#2557 = TRIMMED_CURVE('',#2558,(#2562,PARAMETER_VALUE(0.)),(#2563,
    PARAMETER_VALUE(0.94)),.T.,.PARAMETER.);
#2558 = LINE('',#2559,#2560);
#2559 = CARTESIAN_POINT('',(-0.404,1.105,2.5E-02));
#2560 = VECTOR('',#2561,1.);
#2561 = DIRECTION('',(0.,0.,1.));
#2562 = CARTESIAN_POINT('',(-0.404,1.105,2.5E-02));
#2563 = CARTESIAN_POINT('',(-0.404,1.105,0.965));
#2564 = GEOMETRIC_CURVE_SET('',(#2565));
#2565 = TRIMMED_CURVE('',#2566,(#2570,PARAMETER_VALUE(0.)),(#2571,
    PARAMETER_VALUE(3.535533905933E-03)),.T.,.PARAMETER.);
#2566 = LINE('',#2567,#2568);
#2567 = CARTESIAN_POINT('',(-0.404,1.105,0.965));
#2568 = VECTOR('',#2569,1.);
#2569 = DIRECTION('',(0.,0.707106781187,0.707106781187));
#2570 = CARTESIAN_POINT('',(-0.404,1.105,0.965));
#2571 = CARTESIAN_POINT('',(-0.404,1.107,0.968));
#2572 = GEOMETRIC_CURVE_SET('',(#2573));
#2573 = TRIMMED_CURVE('',#2574,(#2578,PARAMETER_VALUE(0.)),(#2579,
    PARAMETER_VALUE(0.945)),.T.,.PARAMETER.);
#2574 = LINE('',#2575,#2576);
#2575 = CARTESIAN_POINT('',(-0.404,1.107,0.968));
#2576 = VECTOR('',#2577,1.);
#2577 = DIRECTION('',(0.,0.,-1.));
#2578 = CARTESIAN_POINT('',(-0.404,1.107,0.968));
#2579 = CARTESIAN_POINT('',(-0.404,1.107,2.3E-02));
#2580 = GEOMETRIC_CURVE_SET('',(#2581));
#2581 = TRIMMED_CURVE('',#2582,(#2586,PARAMETER_VALUE(0.)),(#2587,
    PARAMETER_VALUE(2.214)),.T.,.PARAMETER.);
#2582 = LINE('',#2583,#2584);
#2583 = CARTESIAN_POINT('',(-0.404,1.107,2.3E-02));
#2584 = VECTOR('',#2585,1.);
#2585 = DIRECTION('',(0.,-1.,0.));
#2586 = CARTESIAN_POINT('',(-0.404,1.107,2.3E-02));
#2587 = CARTESIAN_POINT('',(-0.404,-1.107,2.3E-02));
#2588 = GEOMETRIC_CURVE_SET('',(#2589));
#2589 = TRIMMED_CURVE('',#2590,(#2594,PARAMETER_VALUE(0.)),(#2595,
    PARAMETER_VALUE(2.828427124746E-03)),.T.,.PARAMETER.);
#2590 = LINE('',#2591,#2592);
#2591 = CARTESIAN_POINT('',(-0.404,-1.105,2.5E-02));
#2592 = VECTOR('',#2593,1.);
#2593 = DIRECTION('',(0.,-0.707106781187,-0.707106781187));
#2594 = CARTESIAN_POINT('',(-0.404,-1.105,2.5E-02));
#2595 = CARTESIAN_POINT('',(-0.404,-1.107,2.3E-02));
#2596 = GEOMETRIC_CURVE_SET('',(#2597));
#2597 = TRIMMED_CURVE('',#2598,(#2602,PARAMETER_VALUE(0.)),(#2603,
    PARAMETER_VALUE(0.94)),.T.,.PARAMETER.);
#2598 = LINE('',#2599,#2600);
#2599 = CARTESIAN_POINT('',(-0.404,-1.105,0.965));
#2600 = VECTOR('',#2601,1.);
#2601 = DIRECTION('',(0.,0.,-1.));
#2602 = CARTESIAN_POINT('',(-0.404,-1.105,0.965));
#2603 = CARTESIAN_POINT('',(-0.404,-1.105,2.5E-02));
#2604 = GEOMETRIC_CURVE_SET('',(#2605));
#2605 = TRIMMED_CURVE('',#2606,(#2610,PARAMETER_VALUE(0.)),(#2611,
    PARAMETER_VALUE(2.21)),.T.,.PARAMETER.);
#2606 = LINE('',#2607,#2608);
#2607 = CARTESIAN_POINT('',(-0.404,1.105,0.965));
#2608 = VECTOR('',#2609,1.);
#2609 = DIRECTION('',(0.,-1.,0.));
#2610 = CARTESIAN_POINT('',(-0.404,1.105,0.965));
#2611 = CARTESIAN_POINT('',(-0.404,-1.105,0.965));
#2612 = GEOMETRIC_CURVE_SET('',(#2613));
#2613 = TRIMMED_CURVE('',#2614,(#2618,PARAMETER_VALUE(0.)),(#2619,
    PARAMETER_VALUE(3.535533905933E-03)),.T.,.PARAMETER.);
#2614 = LINE('',#2615,#2616);
#2615 = CARTESIAN_POINT('',(-0.404,1.107,0.968));
#2616 = VECTOR('',#2617,1.);
#2617 = DIRECTION('',(0.,-0.707106781187,-0.707106781187));
#2618 = CARTESIAN_POINT('',(-0.404,1.107,0.968));
#2619 = CARTESIAN_POINT('',(-0.404,1.105,0.965));
#2620 = GEOMETRIC_CURVE_SET('',(#2621));
#2621 = TRIMMED_CURVE('',#2622,(#2626,PARAMETER_VALUE(0.)),(#2627,
    PARAMETER_VALUE(2.214)),.T.,.PARAMETER.);
#2622 = LINE('',#2623,#2624);
#2623 = CARTESIAN_POINT('',(-0.404,-1.107,0.968));
#2624 = VECTOR('',#2625,1.);
#2625 = DIRECTION('',(0.,1.,0.));
#2626 = CARTESIAN_POINT('',(-0.404,-1.107,0.968));
#2627 = CARTESIAN_POINT('',(-0.404,1.107,0.968));
#2628 = GEOMETRIC_CURVE_SET('',(#2629));
#2629 = TRIMMED_CURVE('',#2630,(#2634,PARAMETER_VALUE(0.)),(#2635,
    PARAMETER_VALUE(0.945)),.T.,.PARAMETER.);
#2630 = LINE('',#2631,#2632);
#2631 = CARTESIAN_POINT('',(-0.404,-1.107,2.3E-02));
#2632 = VECTOR('',#2633,1.);
#2633 = DIRECTION('',(0.,0.,1.));
#2634 = CARTESIAN_POINT('',(-0.404,-1.107,2.3E-02));
#2635 = CARTESIAN_POINT('',(-0.404,-1.107,0.968));
#2636 = GEOMETRIC_CURVE_SET('',(#2637));
#2637 = TRIMMED_CURVE('',#2638,(#2642,PARAMETER_VALUE(0.)),(#2643,
    PARAMETER_VALUE(2.214)),.T.,.PARAMETER.);
#2638 = LINE('',#2639,#2640);
#2639 = CARTESIAN_POINT('',(-0.538,-1.107,2.3E-02));
#2640 = VECTOR('',#2641,1.);
#2641 = DIRECTION('',(0.,1.,0.));
#2642 = CARTESIAN_POINT('',(-0.538,-1.107,2.3E-02));
#2643 = CARTESIAN_POINT('',(-0.538,1.107,2.3E-02));
#2644 = GEOMETRIC_CURVE_SET('',(#2645));
#2645 = TRIMMED_CURVE('',#2646,(#2650,PARAMETER_VALUE(0.)),(#2651,
    PARAMETER_VALUE(2.828427124746E-03)),.T.,.PARAMETER.);
#2646 = LINE('',#2647,#2648);
#2647 = CARTESIAN_POINT('',(-0.538,-1.105,2.5E-02));
#2648 = VECTOR('',#2649,1.);
#2649 = DIRECTION('',(0.,-0.707106781187,-0.707106781187));
#2650 = CARTESIAN_POINT('',(-0.538,-1.105,2.5E-02));
#2651 = CARTESIAN_POINT('',(-0.538,-1.107,2.3E-02));
#2652 = GEOMETRIC_CURVE_SET('',(#2653));
#2653 = TRIMMED_CURVE('',#2654,(#2658,PARAMETER_VALUE(0.)),(#2659,
    PARAMETER_VALUE(2.21)),.T.,.PARAMETER.);
#2654 = LINE('',#2655,#2656);
#2655 = CARTESIAN_POINT('',(-0.538,1.105,2.5E-02));
#2656 = VECTOR('',#2657,1.);
#2657 = DIRECTION('',(0.,-1.,0.));
#2658 = CARTESIAN_POINT('',(-0.538,1.105,2.5E-02));
#2659 = CARTESIAN_POINT('',(-0.538,-1.105,2.5E-02));
#2660 = GEOMETRIC_CURVE_SET('',(#2661));
#2661 = TRIMMED_CURVE('',#2662,(#2666,PARAMETER_VALUE(0.)),(#2667,
    PARAMETER_VALUE(0.94)),.T.,.PARAMETER.);
#2662 = LINE('',#2663,#2664);
#2663 = CARTESIAN_POINT('',(-0.538,1.105,0.965));
#2664 = VECTOR('',#2665,1.);
#2665 = DIRECTION('',(0.,0.,-1.));
#2666 = CARTESIAN_POINT('',(-0.538,1.105,0.965));
#2667 = CARTESIAN_POINT('',(-0.538,1.105,2.5E-02));
#2668 = GEOMETRIC_CURVE_SET('',(#2669));
#2669 = TRIMMED_CURVE('',#2670,(#2674,PARAMETER_VALUE(0.)),(#2675,
    PARAMETER_VALUE(3.535533905933E-03)),.T.,.PARAMETER.);
#2670 = LINE('',#2671,#2672);
#2671 = CARTESIAN_POINT('',(-0.538,1.107,0.968));
#2672 = VECTOR('',#2673,1.);
#2673 = DIRECTION('',(0.,-0.707106781187,-0.707106781187));
#2674 = CARTESIAN_POINT('',(-0.538,1.107,0.968));
#2675 = CARTESIAN_POINT('',(-0.538,1.105,0.965));
#2676 = GEOMETRIC_CURVE_SET('',(#2677));
#2677 = TRIMMED_CURVE('',#2678,(#2682,PARAMETER_VALUE(0.)),(#2683,
    PARAMETER_VALUE(0.945)),.T.,.PARAMETER.);
#2678 = LINE('',#2679,#2680);
#2679 = CARTESIAN_POINT('',(-0.538,1.107,2.3E-02));
#2680 = VECTOR('',#2681,1.);
#2681 = DIRECTION('',(0.,0.,1.));
#2682 = CARTESIAN_POINT('',(-0.538,1.107,2.3E-02));
#2683 = CARTESIAN_POINT('',(-0.538,1.107,0.968));
#2684 = GEOMETRIC_CURVE_SET('',(#2685));
#2685 = TRIMMED_CURVE('',#2686,(#2690,PARAMETER_VALUE(0.)),(#2691,
    PARAMETER_VALUE(2.828427124746E-03)),.T.,.PARAMETER.);
#2686 = LINE('',#2687,#2688);
#2687 = CARTESIAN_POINT('',(-0.538,-1.105,2.5E-02));
#2688 = VECTOR('',#2689,1.);
#2689 = DIRECTION('',(0.,-0.707106781187,-0.707106781187));
#2690 = CARTESIAN_POINT('',(-0.538,-1.105,2.5E-02));
#2691 = CARTESIAN_POINT('',(-0.538,-1.107,2.3E-02));
#2692 = GEOMETRIC_CURVE_SET('',(#2693));
#2693 = TRIMMED_CURVE('',#2694,(#2698,PARAMETER_VALUE(0.)),(#2699,
    PARAMETER_VALUE(0.94)),.T.,.PARAMETER.);
#2694 = LINE('',#2695,#2696);
#2695 = CARTESIAN_POINT('',(-0.538,-1.105,0.965));
#2696 = VECTOR('',#2697,1.);
#2697 = DIRECTION('',(0.,0.,-1.));
#2698 = CARTESIAN_POINT('',(-0.538,-1.105,0.965));
#2699 = CARTESIAN_POINT('',(-0.538,-1.105,2.5E-02));
#2700 = GEOMETRIC_CURVE_SET('',(#2701));
#2701 = TRIMMED_CURVE('',#2702,(#2706,PARAMETER_VALUE(0.)),(#2707,
    PARAMETER_VALUE(2.21)),.T.,.PARAMETER.);
#2702 = LINE('',#2703,#2704);
#2703 = CARTESIAN_POINT('',(-0.538,1.105,0.965));
#2704 = VECTOR('',#2705,1.);
#2705 = DIRECTION('',(0.,-1.,0.));
#2706 = CARTESIAN_POINT('',(-0.538,1.105,0.965));
#2707 = CARTESIAN_POINT('',(-0.538,-1.105,0.965));
#2708 = GEOMETRIC_CURVE_SET('',(#2709));
#2709 = TRIMMED_CURVE('',#2710,(#2714,PARAMETER_VALUE(0.)),(#2715,
    PARAMETER_VALUE(3.535533905933E-03)),.T.,.PARAMETER.);
#2710 = LINE('',#2711,#2712);
#2711 = CARTESIAN_POINT('',(-0.538,1.107,0.968));
#2712 = VECTOR('',#2713,1.);
#2713 = DIRECTION('',(0.,-0.707106781187,-0.707106781187));
#2714 = CARTESIAN_POINT('',(-0.538,1.107,0.968));
#2715 = CARTESIAN_POINT('',(-0.538,1.105,0.965));
#2716 = GEOMETRIC_CURVE_SET('',(#2717));
#2717 = TRIMMED_CURVE('',#2718,(#2722,PARAMETER_VALUE(0.)),(#2723,
    PARAMETER_VALUE(2.214)),.T.,.PARAMETER.);
#2718 = LINE('',#2719,#2720);
#2719 = CARTESIAN_POINT('',(-0.538,-1.107,0.968));
#2720 = VECTOR('',#2721,1.);
#2721 = DIRECTION('',(0.,1.,0.));
#2722 = CARTESIAN_POINT('',(-0.538,-1.107,0.968));
#2723 = CARTESIAN_POINT('',(-0.538,1.107,0.968));
#2724 = GEOMETRIC_CURVE_SET('',(#2725));
#2725 = TRIMMED_CURVE('',#2726,(#2730,PARAMETER_VALUE(0.)),(#2731,
    PARAMETER_VALUE(0.945)),.T.,.PARAMETER.);
#2726 = LINE('',#2727,#2728);
#2727 = CARTESIAN_POINT('',(-0.538,-1.107,2.3E-02));
#2728 = VECTOR('',#2729,1.);
#2729 = DIRECTION('',(0.,0.,1.));
#2730 = CARTESIAN_POINT('',(-0.538,-1.107,2.3E-02));
#2731 = CARTESIAN_POINT('',(-0.538,-1.107,0.968));
#2732 = GEOMETRIC_CURVE_SET('',(#2733));
#2733 = TRIMMED_CURVE('',#2734,(#2738,PARAMETER_VALUE(0.)),(#2739,
    PARAMETER_VALUE(0.134)),.T.,.PARAMETER.);
#2734 = LINE('',#2735,#2736);
#2735 = CARTESIAN_POINT('',(-0.404,1.105,2.5E-02));
#2736 = VECTOR('',#2737,1.);
#2737 = DIRECTION('',(-1.,0.,0.));
#2738 = CARTESIAN_POINT('',(-0.404,1.105,2.5E-02));
#2739 = CARTESIAN_POINT('',(-0.538,1.105,2.5E-02));
#2740 = GEOMETRIC_CURVE_SET('',(#2741));
#2741 = TRIMMED_CURVE('',#2742,(#2746,PARAMETER_VALUE(0.)),(#2747,
    PARAMETER_VALUE(0.94)),.T.,.PARAMETER.);
#2742 = LINE('',#2743,#2744);
#2743 = CARTESIAN_POINT('',(-0.404,1.105,0.965));
#2744 = VECTOR('',#2745,1.);
#2745 = DIRECTION('',(0.,0.,-1.));
#2746 = CARTESIAN_POINT('',(-0.404,1.105,0.965));
#2747 = CARTESIAN_POINT('',(-0.404,1.105,2.5E-02));
#2748 = GEOMETRIC_CURVE_SET('',(#2749));
#2749 = TRIMMED_CURVE('',#2750,(#2754,PARAMETER_VALUE(0.)),(#2755,
    PARAMETER_VALUE(0.134)),.T.,.PARAMETER.);
#2750 = LINE('',#2751,#2752);
#2751 = CARTESIAN_POINT('',(-0.538,1.105,0.965));
#2752 = VECTOR('',#2753,1.);
#2753 = DIRECTION('',(1.,0.,0.));
#2754 = CARTESIAN_POINT('',(-0.538,1.105,0.965));
#2755 = CARTESIAN_POINT('',(-0.404,1.105,0.965));
#2756 = GEOMETRIC_CURVE_SET('',(#2757));
#2757 = TRIMMED_CURVE('',#2758,(#2762,PARAMETER_VALUE(0.)),(#2763,
    PARAMETER_VALUE(0.94)),.T.,.PARAMETER.);
#2758 = LINE('',#2759,#2760);
#2759 = CARTESIAN_POINT('',(-0.538,1.105,2.5E-02));
#2760 = VECTOR('',#2761,1.);
#2761 = DIRECTION('',(0.,0.,1.));
#2762 = CARTESIAN_POINT('',(-0.538,1.105,2.5E-02));
#2763 = CARTESIAN_POINT('',(-0.538,1.105,0.965));
#2764 = GEOMETRIC_CURVE_SET('',(#2765));
#2765 = TRIMMED_CURVE('',#2766,(#2770,PARAMETER_VALUE(0.)),(#2771,
    PARAMETER_VALUE(0.134)),.T.,.PARAMETER.);
#2766 = LINE('',#2767,#2768);
#2767 = CARTESIAN_POINT('',(-0.538,-1.105,2.5E-02));
#2768 = VECTOR('',#2769,1.);
#2769 = DIRECTION('',(1.,0.,0.));
#2770 = CARTESIAN_POINT('',(-0.538,-1.105,2.5E-02));
#2771 = CARTESIAN_POINT('',(-0.404,-1.105,2.5E-02));
#2772 = GEOMETRIC_CURVE_SET('',(#2773));
#2773 = TRIMMED_CURVE('',#2774,(#2778,PARAMETER_VALUE(0.)),(#2779,
    PARAMETER_VALUE(0.94)),.T.,.PARAMETER.);
#2774 = LINE('',#2775,#2776);
#2775 = CARTESIAN_POINT('',(-0.538,-1.105,0.965));
#2776 = VECTOR('',#2777,1.);
#2777 = DIRECTION('',(0.,0.,-1.));
#2778 = CARTESIAN_POINT('',(-0.538,-1.105,0.965));
#2779 = CARTESIAN_POINT('',(-0.538,-1.105,2.5E-02));
#2780 = GEOMETRIC_CURVE_SET('',(#2781));
#2781 = TRIMMED_CURVE('',#2782,(#2786,PARAMETER_VALUE(0.)),(#2787,
    PARAMETER_VALUE(0.134)),.T.,.PARAMETER.);
#2782 = LINE('',#2783,#2784);
#2783 = CARTESIAN_POINT('',(-0.404,-1.105,0.965));
#2784 = VECTOR('',#2785,1.);
#2785 = DIRECTION('',(-1.,0.,0.));
#2786 = CARTESIAN_POINT('',(-0.404,-1.105,0.965));
#2787 = CARTESIAN_POINT('',(-0.538,-1.105,0.965));
#2788 = GEOMETRIC_CURVE_SET('',(#2789));
#2789 = TRIMMED_CURVE('',#2790,(#2794,PARAMETER_VALUE(0.)),(#2795,
    PARAMETER_VALUE(0.94)),.T.,.PARAMETER.);
#2790 = LINE('',#2791,#2792);
#2791 = CARTESIAN_POINT('',(-0.404,-1.105,2.5E-02));
#2792 = VECTOR('',#2793,1.);
#2793 = DIRECTION('',(0.,0.,1.));
#2794 = CARTESIAN_POINT('',(-0.404,-1.105,2.5E-02));
#2795 = CARTESIAN_POINT('',(-0.404,-1.105,0.965));
#2796 = GEOMETRIC_CURVE_SET('',(#2797));
#2797 = TRIMMED_CURVE('',#2798,(#2802,PARAMETER_VALUE(0.)),(#2803,
    PARAMETER_VALUE(0.134)),.T.,.PARAMETER.);
#2798 = LINE('',#2799,#2800);
#2799 = CARTESIAN_POINT('',(-0.404,-1.105,2.5E-02));
#2800 = VECTOR('',#2801,1.);
#2801 = DIRECTION('',(-1.,0.,0.));
#2802 = CARTESIAN_POINT('',(-0.404,-1.105,2.5E-02));
#2803 = CARTESIAN_POINT('',(-0.538,-1.105,2.5E-02));
#2804 = GEOMETRIC_CURVE_SET('',(#2805));
#2805 = TRIMMED_CURVE('',#2806,(#2810,PARAMETER_VALUE(0.)),(#2811,
    PARAMETER_VALUE(2.21)),.T.,.PARAMETER.);
#2806 = LINE('',#2807,#2808);
#2807 = CARTESIAN_POINT('',(-0.404,1.105,2.5E-02));
#2808 = VECTOR('',#2809,1.);
#2809 = DIRECTION('',(0.,-1.,0.));
#2810 = CARTESIAN_POINT('',(-0.404,1.105,2.5E-02));
#2811 = CARTESIAN_POINT('',(-0.404,-1.105,2.5E-02));
#2812 = GEOMETRIC_CURVE_SET('',(#2813));
#2813 = TRIMMED_CURVE('',#2814,(#2818,PARAMETER_VALUE(0.)),(#2819,
    PARAMETER_VALUE(0.134)),.T.,.PARAMETER.);
#2814 = LINE('',#2815,#2816);
#2815 = CARTESIAN_POINT('',(-0.538,1.105,2.5E-02));
#2816 = VECTOR('',#2817,1.);
#2817 = DIRECTION('',(1.,0.,0.));
#2818 = CARTESIAN_POINT('',(-0.538,1.105,2.5E-02));
#2819 = CARTESIAN_POINT('',(-0.404,1.105,2.5E-02));
#2820 = GEOMETRIC_CURVE_SET('',(#2821));
#2821 = TRIMMED_CURVE('',#2822,(#2826,PARAMETER_VALUE(0.)),(#2827,
    PARAMETER_VALUE(2.21)),.T.,.PARAMETER.);
#2822 = LINE('',#2823,#2824);
#2823 = CARTESIAN_POINT('',(-0.538,-1.105,2.5E-02));
#2824 = VECTOR('',#2825,1.);
#2825 = DIRECTION('',(0.,1.,0.));
#2826 = CARTESIAN_POINT('',(-0.538,-1.105,2.5E-02));
#2827 = CARTESIAN_POINT('',(-0.538,1.105,2.5E-02));
#2828 = GEOMETRIC_CURVE_SET('',(#2829));
#2829 = TRIMMED_CURVE('',#2830,(#2834,PARAMETER_VALUE(0.)),(#2835,
    PARAMETER_VALUE(0.134)),.T.,.PARAMETER.);
#2830 = LINE('',#2831,#2832);
#2831 = CARTESIAN_POINT('',(-0.538,-1.105,0.965));
#2832 = VECTOR('',#2833,1.);
#2833 = DIRECTION('',(1.,0.,0.));
#2834 = CARTESIAN_POINT('',(-0.538,-1.105,0.965));
#2835 = CARTESIAN_POINT('',(-0.404,-1.105,0.965));
#2836 = GEOMETRIC_CURVE_SET('',(#2837));
#2837 = TRIMMED_CURVE('',#2838,(#2842,PARAMETER_VALUE(0.)),(#2843,
    PARAMETER_VALUE(2.21)),.T.,.PARAMETER.);
#2838 = LINE('',#2839,#2840);
#2839 = CARTESIAN_POINT('',(-0.538,1.105,0.965));
#2840 = VECTOR('',#2841,1.);
#2841 = DIRECTION('',(0.,-1.,0.));
#2842 = CARTESIAN_POINT('',(-0.538,1.105,0.965));
#2843 = CARTESIAN_POINT('',(-0.538,-1.105,0.965));
#2844 = GEOMETRIC_CURVE_SET('',(#2845));
#2845 = TRIMMED_CURVE('',#2846,(#2850,PARAMETER_VALUE(0.)),(#2851,
    PARAMETER_VALUE(0.134)),.T.,.PARAMETER.);
#2846 = LINE('',#2847,#2848);
#2847 = CARTESIAN_POINT('',(-0.404,1.105,0.965));
#2848 = VECTOR('',#2849,1.);
#2849 = DIRECTION('',(-1.,0.,0.));
#2850 = CARTESIAN_POINT('',(-0.404,1.105,0.965));
#2851 = CARTESIAN_POINT('',(-0.538,1.105,0.965));
#2852 = GEOMETRIC_CURVE_SET('',(#2853));
#2853 = TRIMMED_CURVE('',#2854,(#2858,PARAMETER_VALUE(0.)),(#2859,
    PARAMETER_VALUE(2.21)),.T.,.PARAMETER.);
#2854 = LINE('',#2855,#2856);
#2855 = CARTESIAN_POINT('',(-0.404,-1.105,0.965));
#2856 = VECTOR('',#2857,1.);
#2857 = DIRECTION('',(0.,1.,0.));
#2858 = CARTESIAN_POINT('',(-0.404,-1.105,0.965));
#2859 = CARTESIAN_POINT('',(-0.404,1.105,0.965));
#2860 = GEOMETRIC_CURVE_SET('',(#2861));
#2861 = TRIMMED_CURVE('',#2862,(#2866,PARAMETER_VALUE(0.)),(#2867,
    PARAMETER_VALUE(0.673)),.T.,.PARAMETER.);
#2862 = LINE('',#2863,#2864);
#2863 = CARTESIAN_POINT('',(0.673,0.876,0.991));
#2864 = VECTOR('',#2865,1.);
#2865 = DIRECTION('',(1.,0.,0.));
#2866 = CARTESIAN_POINT('',(0.673,0.876,0.991));
#2867 = CARTESIAN_POINT('',(1.346,0.876,0.991));
#2868 = GEOMETRIC_CURVE_SET('',(#2869));
#2869 = TRIMMED_CURVE('',#2870,(#2874,PARAMETER_VALUE(0.)),(#2875,
    PARAMETER_VALUE(1.752)),.T.,.PARAMETER.);
#2870 = LINE('',#2871,#2872);
#2871 = CARTESIAN_POINT('',(0.673,-0.876,0.991));
#2872 = VECTOR('',#2873,1.);
#2873 = DIRECTION('',(0.,1.,0.));
#2874 = CARTESIAN_POINT('',(0.673,-0.876,0.991));
#2875 = CARTESIAN_POINT('',(0.673,0.876,0.991));
#2876 = GEOMETRIC_CURVE_SET('',(#2877));
#2877 = TRIMMED_CURVE('',#2878,(#2882,PARAMETER_VALUE(0.)),(#2883,
    PARAMETER_VALUE(0.673)),.T.,.PARAMETER.);
#2878 = LINE('',#2879,#2880);
#2879 = CARTESIAN_POINT('',(1.346,-0.876,0.991));
#2880 = VECTOR('',#2881,1.);
#2881 = DIRECTION('',(-1.,0.,0.));
#2882 = CARTESIAN_POINT('',(1.346,-0.876,0.991));
#2883 = CARTESIAN_POINT('',(0.673,-0.876,0.991));
#2884 = GEOMETRIC_CURVE_SET('',(#2885));
#2885 = TRIMMED_CURVE('',#2886,(#2890,PARAMETER_VALUE(0.)),(#2891,
    PARAMETER_VALUE(1.752)),.T.,.PARAMETER.);
#2886 = LINE('',#2887,#2888);
#2887 = CARTESIAN_POINT('',(1.346,0.876,0.991));
#2888 = VECTOR('',#2889,1.);
#2889 = DIRECTION('',(0.,-1.,0.));
#2890 = CARTESIAN_POINT('',(1.346,0.876,0.991));
#2891 = CARTESIAN_POINT('',(1.346,-0.876,0.991));
#2892 = GEOMETRIC_CURVE_SET('',(#2893));
#2893 = TRIMMED_CURVE('',#2894,(#2898,PARAMETER_VALUE(0.)),(#2899,
    PARAMETER_VALUE(0.648)),.T.,.PARAMETER.);
#2894 = LINE('',#2895,#2896);
#2895 = CARTESIAN_POINT('',(0.673,0.876,2.5E-02));
#2896 = VECTOR('',#2897,1.);
#2897 = DIRECTION('',(1.,0.,0.));
#2898 = CARTESIAN_POINT('',(0.673,0.876,2.5E-02));
#2899 = CARTESIAN_POINT('',(1.321,0.876,2.5E-02));
#2900 = GEOMETRIC_CURVE_SET('',(#2901));
#2901 = TRIMMED_CURVE('',#2902,(#2906,PARAMETER_VALUE(0.)),(#2907,
    PARAMETER_VALUE(1.752)),.T.,.PARAMETER.);
#2902 = LINE('',#2903,#2904);
#2903 = CARTESIAN_POINT('',(0.673,-0.876,2.5E-02));
#2904 = VECTOR('',#2905,1.);
#2905 = DIRECTION('',(0.,1.,0.));
#2906 = CARTESIAN_POINT('',(0.673,-0.876,2.5E-02));
#2907 = CARTESIAN_POINT('',(0.673,0.876,2.5E-02));
#2908 = GEOMETRIC_CURVE_SET('',(#2909));
#2909 = TRIMMED_CURVE('',#2910,(#2914,PARAMETER_VALUE(0.)),(#2915,
    PARAMETER_VALUE(0.648)),.T.,.PARAMETER.);
#2910 = LINE('',#2911,#2912);
#2911 = CARTESIAN_POINT('',(1.321,-0.876,2.5E-02));
#2912 = VECTOR('',#2913,1.);
#2913 = DIRECTION('',(-1.,0.,0.));
#2914 = CARTESIAN_POINT('',(1.321,-0.876,2.5E-02));
#2915 = CARTESIAN_POINT('',(0.673,-0.876,2.5E-02));
#2916 = GEOMETRIC_CURVE_SET('',(#2917));
#2917 = TRIMMED_CURVE('',#2918,(#2922,PARAMETER_VALUE(0.)),(#2923,
    PARAMETER_VALUE(1.752)),.T.,.PARAMETER.);
#2918 = LINE('',#2919,#2920);
#2919 = CARTESIAN_POINT('',(1.321,0.876,2.5E-02));
#2920 = VECTOR('',#2921,1.);
#2921 = DIRECTION('',(0.,-1.,0.));
#2922 = CARTESIAN_POINT('',(1.321,0.876,2.5E-02));
#2923 = CARTESIAN_POINT('',(1.321,-0.876,2.5E-02));
#2924 = GEOMETRIC_CURVE_SET('',(#2925));
#2925 = TRIMMED_CURVE('',#2926,(#2930,PARAMETER_VALUE(0.)),(#2931,
    PARAMETER_VALUE(1.752)),.T.,.PARAMETER.);
#2926 = LINE('',#2927,#2928);
#2927 = CARTESIAN_POINT('',(1.346,0.876,0.));
#2928 = VECTOR('',#2929,1.);
#2929 = DIRECTION('',(0.,-1.,0.));
#2930 = CARTESIAN_POINT('',(1.346,0.876,0.));
#2931 = CARTESIAN_POINT('',(1.346,-0.876,0.));
#2932 = GEOMETRIC_CURVE_SET('',(#2933));
#2933 = TRIMMED_CURVE('',#2934,(#2938,PARAMETER_VALUE(0.)),(#2939,
    PARAMETER_VALUE(0.991)),.T.,.PARAMETER.);
#2934 = LINE('',#2935,#2936);
#2935 = CARTESIAN_POINT('',(1.346,0.876,0.991));
#2936 = VECTOR('',#2937,1.);
#2937 = DIRECTION('',(0.,0.,-1.));
#2938 = CARTESIAN_POINT('',(1.346,0.876,0.991));
#2939 = CARTESIAN_POINT('',(1.346,0.876,0.));
#2940 = GEOMETRIC_CURVE_SET('',(#2941));
#2941 = TRIMMED_CURVE('',#2942,(#2946,PARAMETER_VALUE(0.)),(#2947,
    PARAMETER_VALUE(1.752)),.T.,.PARAMETER.);
#2942 = LINE('',#2943,#2944);
#2943 = CARTESIAN_POINT('',(1.346,-0.876,0.991));
#2944 = VECTOR('',#2945,1.);
#2945 = DIRECTION('',(0.,1.,0.));
#2946 = CARTESIAN_POINT('',(1.346,-0.876,0.991));
#2947 = CARTESIAN_POINT('',(1.346,0.876,0.991));
#2948 = GEOMETRIC_CURVE_SET('',(#2949));
#2949 = TRIMMED_CURVE('',#2950,(#2954,PARAMETER_VALUE(0.)),(#2955,
    PARAMETER_VALUE(0.991)),.T.,.PARAMETER.);
#2950 = LINE('',#2951,#2952);
#2951 = CARTESIAN_POINT('',(1.346,-0.876,0.));
#2952 = VECTOR('',#2953,1.);
#2953 = DIRECTION('',(0.,0.,1.));
#2954 = CARTESIAN_POINT('',(1.346,-0.876,0.));
#2955 = CARTESIAN_POINT('',(1.346,-0.876,0.991));
#2956 = GEOMETRIC_CURVE_SET('',(#2957));
#2957 = TRIMMED_CURVE('',#2958,(#2962,PARAMETER_VALUE(0.)),(#2963,
    PARAMETER_VALUE(1.752)),.T.,.PARAMETER.);
#2958 = LINE('',#2959,#2960);
#2959 = CARTESIAN_POINT('',(0.673,-0.876,0.965));
#2960 = VECTOR('',#2961,1.);
#2961 = DIRECTION('',(0.,1.,0.));
#2962 = CARTESIAN_POINT('',(0.673,-0.876,0.965));
#2963 = CARTESIAN_POINT('',(0.673,0.876,0.965));
#2964 = GEOMETRIC_CURVE_SET('',(#2965));
#2965 = TRIMMED_CURVE('',#2966,(#2970,PARAMETER_VALUE(0.)),(#2971,
    PARAMETER_VALUE(2.6E-02)),.T.,.PARAMETER.);
#2966 = LINE('',#2967,#2968);
#2967 = CARTESIAN_POINT('',(0.673,-0.876,0.991));
#2968 = VECTOR('',#2969,1.);
#2969 = DIRECTION('',(0.,0.,-1.));
#2970 = CARTESIAN_POINT('',(0.673,-0.876,0.991));
#2971 = CARTESIAN_POINT('',(0.673,-0.876,0.965));
#2972 = GEOMETRIC_CURVE_SET('',(#2973));
#2973 = TRIMMED_CURVE('',#2974,(#2978,PARAMETER_VALUE(0.)),(#2979,
    PARAMETER_VALUE(1.752)),.T.,.PARAMETER.);
#2974 = LINE('',#2975,#2976);
#2975 = CARTESIAN_POINT('',(0.673,0.876,0.991));
#2976 = VECTOR('',#2977,1.);
#2977 = DIRECTION('',(0.,-1.,0.));
#2978 = CARTESIAN_POINT('',(0.673,0.876,0.991));
#2979 = CARTESIAN_POINT('',(0.673,-0.876,0.991));
#2980 = GEOMETRIC_CURVE_SET('',(#2981));
#2981 = TRIMMED_CURVE('',#2982,(#2986,PARAMETER_VALUE(0.)),(#2987,
    PARAMETER_VALUE(2.6E-02)),.T.,.PARAMETER.);
#2982 = LINE('',#2983,#2984);
#2983 = CARTESIAN_POINT('',(0.673,0.876,0.965));
#2984 = VECTOR('',#2985,1.);
#2985 = DIRECTION('',(0.,0.,1.));
#2986 = CARTESIAN_POINT('',(0.673,0.876,0.965));
#2987 = CARTESIAN_POINT('',(0.673,0.876,0.991));
#2988 = GEOMETRIC_CURVE_SET('',(#2989));
#2989 = TRIMMED_CURVE('',#2990,(#2994,PARAMETER_VALUE(0.)),(#2995,
    PARAMETER_VALUE(1.752)),.T.,.PARAMETER.);
#2990 = LINE('',#2991,#2992);
#2991 = CARTESIAN_POINT('',(0.673,-0.876,0.));
#2992 = VECTOR('',#2993,1.);
#2993 = DIRECTION('',(0.,1.,0.));
#2994 = CARTESIAN_POINT('',(0.673,-0.876,0.));
#2995 = CARTESIAN_POINT('',(0.673,0.876,0.));
#2996 = GEOMETRIC_CURVE_SET('',(#2997));
#2997 = TRIMMED_CURVE('',#2998,(#3002,PARAMETER_VALUE(0.)),(#3003,
    PARAMETER_VALUE(2.5E-02)),.T.,.PARAMETER.);
#2998 = LINE('',#2999,#3000);
#2999 = CARTESIAN_POINT('',(0.673,-0.876,2.5E-02));
#3000 = VECTOR('',#3001,1.);
#3001 = DIRECTION('',(0.,0.,-1.));
#3002 = CARTESIAN_POINT('',(0.673,-0.876,2.5E-02));
#3003 = CARTESIAN_POINT('',(0.673,-0.876,0.));
#3004 = GEOMETRIC_CURVE_SET('',(#3005));
#3005 = TRIMMED_CURVE('',#3006,(#3010,PARAMETER_VALUE(0.)),(#3011,
    PARAMETER_VALUE(1.752)),.T.,.PARAMETER.);
#3006 = LINE('',#3007,#3008);
#3007 = CARTESIAN_POINT('',(0.673,0.876,2.5E-02));
#3008 = VECTOR('',#3009,1.);
#3009 = DIRECTION('',(0.,-1.,0.));
#3010 = CARTESIAN_POINT('',(0.673,0.876,2.5E-02));
#3011 = CARTESIAN_POINT('',(0.673,-0.876,2.5E-02));
#3012 = GEOMETRIC_CURVE_SET('',(#3013));
#3013 = TRIMMED_CURVE('',#3014,(#3018,PARAMETER_VALUE(0.)),(#3019,
    PARAMETER_VALUE(2.5E-02)),.T.,.PARAMETER.);
#3014 = LINE('',#3015,#3016);
#3015 = CARTESIAN_POINT('',(0.673,0.876,0.));
#3016 = VECTOR('',#3017,1.);
#3017 = DIRECTION('',(0.,0.,1.));
#3018 = CARTESIAN_POINT('',(0.673,0.876,0.));
#3019 = CARTESIAN_POINT('',(0.673,0.876,2.5E-02));
#3020 = GEOMETRIC_CURVE_SET('',(#3021));
#3021 = TRIMMED_CURVE('',#3022,(#3026,PARAMETER_VALUE(0.)),(#3027,
    PARAMETER_VALUE(1.752)),.T.,.PARAMETER.);
#3022 = LINE('',#3023,#3024);
#3023 = CARTESIAN_POINT('',(1.321,-0.876,2.5E-02));
#3024 = VECTOR('',#3025,1.);
#3025 = DIRECTION('',(0.,1.,0.));
#3026 = CARTESIAN_POINT('',(1.321,-0.876,2.5E-02));
#3027 = CARTESIAN_POINT('',(1.321,0.876,2.5E-02));
#3028 = GEOMETRIC_CURVE_SET('',(#3029));
#3029 = TRIMMED_CURVE('',#3030,(#3034,PARAMETER_VALUE(0.)),(#3035,
    PARAMETER_VALUE(0.94)),.T.,.PARAMETER.);
#3030 = LINE('',#3031,#3032);
#3031 = CARTESIAN_POINT('',(1.321,-0.876,0.965));
#3032 = VECTOR('',#3033,1.);
#3033 = DIRECTION('',(0.,0.,-1.));
#3034 = CARTESIAN_POINT('',(1.321,-0.876,0.965));
#3035 = CARTESIAN_POINT('',(1.321,-0.876,2.5E-02));
#3036 = GEOMETRIC_CURVE_SET('',(#3037));
#3037 = TRIMMED_CURVE('',#3038,(#3042,PARAMETER_VALUE(0.)),(#3043,
    PARAMETER_VALUE(1.752)),.T.,.PARAMETER.);
#3038 = LINE('',#3039,#3040);
#3039 = CARTESIAN_POINT('',(1.321,0.876,0.965));
#3040 = VECTOR('',#3041,1.);
#3041 = DIRECTION('',(0.,-1.,0.));
#3042 = CARTESIAN_POINT('',(1.321,0.876,0.965));
#3043 = CARTESIAN_POINT('',(1.321,-0.876,0.965));
#3044 = GEOMETRIC_CURVE_SET('',(#3045));
#3045 = TRIMMED_CURVE('',#3046,(#3050,PARAMETER_VALUE(0.)),(#3051,
    PARAMETER_VALUE(0.94)),.T.,.PARAMETER.);
#3046 = LINE('',#3047,#3048);
#3047 = CARTESIAN_POINT('',(1.321,0.876,2.5E-02));
#3048 = VECTOR('',#3049,1.);
#3049 = DIRECTION('',(0.,0.,1.));
#3050 = CARTESIAN_POINT('',(1.321,0.876,2.5E-02));
#3051 = CARTESIAN_POINT('',(1.321,0.876,0.965));
#3052 = GEOMETRIC_CURVE_SET('',(#3053));
#3053 = TRIMMED_CURVE('',#3054,(#3058,PARAMETER_VALUE(0.)),(#3059,
    PARAMETER_VALUE(0.648)),.T.,.PARAMETER.);
#3054 = LINE('',#3055,#3056);
#3055 = CARTESIAN_POINT('',(0.673,-0.876,0.965));
#3056 = VECTOR('',#3057,1.);
#3057 = DIRECTION('',(1.,0.,0.));
#3058 = CARTESIAN_POINT('',(0.673,-0.876,0.965));
#3059 = CARTESIAN_POINT('',(1.321,-0.876,0.965));
#3060 = GEOMETRIC_CURVE_SET('',(#3061));
#3061 = TRIMMED_CURVE('',#3062,(#3066,PARAMETER_VALUE(0.)),(#3067,
    PARAMETER_VALUE(1.752)),.T.,.PARAMETER.);
#3062 = LINE('',#3063,#3064);
#3063 = CARTESIAN_POINT('',(0.673,0.876,0.965));
#3064 = VECTOR('',#3065,1.);
#3065 = DIRECTION('',(0.,-1.,0.));
#3066 = CARTESIAN_POINT('',(0.673,0.876,0.965));
#3067 = CARTESIAN_POINT('',(0.673,-0.876,0.965));
#3068 = GEOMETRIC_CURVE_SET('',(#3069));
#3069 = TRIMMED_CURVE('',#3070,(#3074,PARAMETER_VALUE(0.)),(#3075,
    PARAMETER_VALUE(0.648)),.T.,.PARAMETER.);
#3070 = LINE('',#3071,#3072);
#3071 = CARTESIAN_POINT('',(1.321,0.876,0.965));
#3072 = VECTOR('',#3073,1.);
#3073 = DIRECTION('',(-1.,0.,0.));
#3074 = CARTESIAN_POINT('',(1.321,0.876,0.965));
#3075 = CARTESIAN_POINT('',(0.673,0.876,0.965));
#3076 = GEOMETRIC_CURVE_SET('',(#3077));
#3077 = TRIMMED_CURVE('',#3078,(#3082,PARAMETER_VALUE(0.)),(#3083,
    PARAMETER_VALUE(1.752)),.T.,.PARAMETER.);
#3078 = LINE('',#3079,#3080);
#3079 = CARTESIAN_POINT('',(1.321,-0.876,0.965));
#3080 = VECTOR('',#3081,1.);
#3081 = DIRECTION('',(0.,1.,0.));
#3082 = CARTESIAN_POINT('',(1.321,-0.876,0.965));
#3083 = CARTESIAN_POINT('',(1.321,0.876,0.965));
#3084 = GEOMETRIC_CURVE_SET('',(#3085));
#3085 = TRIMMED_CURVE('',#3086,(#3090,PARAMETER_VALUE(0.)),(#3091,
    PARAMETER_VALUE(0.673)),.T.,.PARAMETER.);
#3086 = LINE('',#3087,#3088);
#3087 = CARTESIAN_POINT('',(0.673,-0.876,0.));
#3088 = VECTOR('',#3089,1.);
#3089 = DIRECTION('',(1.,0.,0.));
#3090 = CARTESIAN_POINT('',(0.673,-0.876,0.));
#3091 = CARTESIAN_POINT('',(1.346,-0.876,0.));
#3092 = GEOMETRIC_CURVE_SET('',(#3093));
#3093 = TRIMMED_CURVE('',#3094,(#3098,PARAMETER_VALUE(0.)),(#3099,
    PARAMETER_VALUE(1.752)),.T.,.PARAMETER.);
#3094 = LINE('',#3095,#3096);
#3095 = CARTESIAN_POINT('',(0.673,0.876,0.));
#3096 = VECTOR('',#3097,1.);
#3097 = DIRECTION('',(0.,-1.,0.));
#3098 = CARTESIAN_POINT('',(0.673,0.876,0.));
#3099 = CARTESIAN_POINT('',(0.673,-0.876,0.));
#3100 = GEOMETRIC_CURVE_SET('',(#3101));
#3101 = TRIMMED_CURVE('',#3102,(#3106,PARAMETER_VALUE(0.)),(#3107,
    PARAMETER_VALUE(0.673)),.T.,.PARAMETER.);
#3102 = LINE('',#3103,#3104);
#3103 = CARTESIAN_POINT('',(1.346,0.876,0.));
#3104 = VECTOR('',#3105,1.);
#3105 = DIRECTION('',(-1.,0.,0.));
#3106 = CARTESIAN_POINT('',(1.346,0.876,0.));
#3107 = CARTESIAN_POINT('',(0.673,0.876,0.));
#3108 = GEOMETRIC_CURVE_SET('',(#3109));
#3109 = TRIMMED_CURVE('',#3110,(#3114,PARAMETER_VALUE(0.)),(#3115,
    PARAMETER_VALUE(1.752)),.T.,.PARAMETER.);
#3110 = LINE('',#3111,#3112);
#3111 = CARTESIAN_POINT('',(1.346,-0.876,0.));
#3112 = VECTOR('',#3113,1.);
#3113 = DIRECTION('',(0.,1.,0.));
#3114 = CARTESIAN_POINT('',(1.346,-0.876,0.));
#3115 = CARTESIAN_POINT('',(1.346,0.876,0.));
#3116 = GEOMETRIC_CURVE_SET('',(#3117));
#3117 = TRIMMED_CURVE('',#3118,(#3122,PARAMETER_VALUE(0.)),(#3123,
    PARAMETER_VALUE(0.673)),.T.,.PARAMETER.);
#3118 = LINE('',#3119,#3120);
#3119 = CARTESIAN_POINT('',(0.673,0.876,0.));
#3120 = VECTOR('',#3121,1.);
#3121 = DIRECTION('',(1.,0.,0.));
#3122 = CARTESIAN_POINT('',(0.673,0.876,0.));
#3123 = CARTESIAN_POINT('',(1.346,0.876,0.));
#3124 = GEOMETRIC_CURVE_SET('',(#3125));
#3125 = TRIMMED_CURVE('',#3126,(#3130,PARAMETER_VALUE(0.)),(#3131,
    PARAMETER_VALUE(2.5E-02)),.T.,.PARAMETER.);
#3126 = LINE('',#3127,#3128);
#3127 = CARTESIAN_POINT('',(0.673,0.876,2.5E-02));
#3128 = VECTOR('',#3129,1.);
#3129 = DIRECTION('',(0.,0.,-1.));
#3130 = CARTESIAN_POINT('',(0.673,0.876,2.5E-02));
#3131 = CARTESIAN_POINT('',(0.673,0.876,0.));
#3132 = GEOMETRIC_CURVE_SET('',(#3133));
#3133 = TRIMMED_CURVE('',#3134,(#3138,PARAMETER_VALUE(0.)),(#3139,
    PARAMETER_VALUE(0.648)),.T.,.PARAMETER.);
#3134 = LINE('',#3135,#3136);
#3135 = CARTESIAN_POINT('',(1.321,0.876,2.5E-02));
#3136 = VECTOR('',#3137,1.);
#3137 = DIRECTION('',(-1.,0.,0.));
#3138 = CARTESIAN_POINT('',(1.321,0.876,2.5E-02));
#3139 = CARTESIAN_POINT('',(0.673,0.876,2.5E-02));
#3140 = GEOMETRIC_CURVE_SET('',(#3141));
#3141 = TRIMMED_CURVE('',#3142,(#3146,PARAMETER_VALUE(0.)),(#3147,
    PARAMETER_VALUE(0.94)),.T.,.PARAMETER.);
#3142 = LINE('',#3143,#3144);
#3143 = CARTESIAN_POINT('',(1.321,0.876,0.965));
#3144 = VECTOR('',#3145,1.);
#3145 = DIRECTION('',(0.,0.,-1.));
#3146 = CARTESIAN_POINT('',(1.321,0.876,0.965));
#3147 = CARTESIAN_POINT('',(1.321,0.876,2.5E-02));
#3148 = GEOMETRIC_CURVE_SET('',(#3149));
#3149 = TRIMMED_CURVE('',#3150,(#3154,PARAMETER_VALUE(0.)),(#3155,
    PARAMETER_VALUE(0.648)),.T.,.PARAMETER.);
#3150 = LINE('',#3151,#3152);
#3151 = CARTESIAN_POINT('',(0.673,0.876,0.965));
#3152 = VECTOR('',#3153,1.);
#3153 = DIRECTION('',(1.,0.,0.));
#3154 = CARTESIAN_POINT('',(0.673,0.876,0.965));
#3155 = CARTESIAN_POINT('',(1.321,0.876,0.965));
#3156 = GEOMETRIC_CURVE_SET('',(#3157));
#3157 = TRIMMED_CURVE('',#3158,(#3162,PARAMETER_VALUE(0.)),(#3163,
    PARAMETER_VALUE(2.6E-02)),.T.,.PARAMETER.);
#3158 = LINE('',#3159,#3160);
#3159 = CARTESIAN_POINT('',(0.673,0.876,0.991));
#3160 = VECTOR('',#3161,1.);
#3161 = DIRECTION('',(0.,0.,-1.));
#3162 = CARTESIAN_POINT('',(0.673,0.876,0.991));
#3163 = CARTESIAN_POINT('',(0.673,0.876,0.965));
#3164 = GEOMETRIC_CURVE_SET('',(#3165));
#3165 = TRIMMED_CURVE('',#3166,(#3170,PARAMETER_VALUE(0.)),(#3171,
    PARAMETER_VALUE(0.673)),.T.,.PARAMETER.);
#3166 = LINE('',#3167,#3168);
#3167 = CARTESIAN_POINT('',(1.346,0.876,0.991));
#3168 = VECTOR('',#3169,1.);
#3169 = DIRECTION('',(-1.,0.,0.));
#3170 = CARTESIAN_POINT('',(1.346,0.876,0.991));
#3171 = CARTESIAN_POINT('',(0.673,0.876,0.991));
#3172 = GEOMETRIC_CURVE_SET('',(#3173));
#3173 = TRIMMED_CURVE('',#3174,(#3178,PARAMETER_VALUE(0.)),(#3179,
    PARAMETER_VALUE(0.991)),.T.,.PARAMETER.);
#3174 = LINE('',#3175,#3176);
#3175 = CARTESIAN_POINT('',(1.346,0.876,0.));
#3176 = VECTOR('',#3177,1.);
#3177 = DIRECTION('',(0.,0.,1.));
#3178 = CARTESIAN_POINT('',(1.346,0.876,0.));
#3179 = CARTESIAN_POINT('',(1.346,0.876,0.991));
#3180 = GEOMETRIC_CURVE_SET('',(#3181));
#3181 = TRIMMED_CURVE('',#3182,(#3186,PARAMETER_VALUE(0.)),(#3187,
    PARAMETER_VALUE(0.673)),.T.,.PARAMETER.);
#3182 = LINE('',#3183,#3184);
#3183 = CARTESIAN_POINT('',(1.346,-0.876,0.));
#3184 = VECTOR('',#3185,1.);
#3185 = DIRECTION('',(-1.,0.,0.));
#3186 = CARTESIAN_POINT('',(1.346,-0.876,0.));
#3187 = CARTESIAN_POINT('',(0.673,-0.876,0.));
#3188 = GEOMETRIC_CURVE_SET('',(#3189));
#3189 = TRIMMED_CURVE('',#3190,(#3194,PARAMETER_VALUE(0.)),(#3195,
    PARAMETER_VALUE(0.991)),.T.,.PARAMETER.);
#3190 = LINE('',#3191,#3192);
#3191 = CARTESIAN_POINT('',(1.346,-0.876,0.991));
#3192 = VECTOR('',#3193,1.);
#3193 = DIRECTION('',(0.,0.,-1.));
#3194 = CARTESIAN_POINT('',(1.346,-0.876,0.991));
#3195 = CARTESIAN_POINT('',(1.346,-0.876,0.));
#3196 = GEOMETRIC_CURVE_SET('',(#3197));
#3197 = TRIMMED_CURVE('',#3198,(#3202,PARAMETER_VALUE(0.)),(#3203,
    PARAMETER_VALUE(0.673)),.T.,.PARAMETER.);
#3198 = LINE('',#3199,#3200);
#3199 = CARTESIAN_POINT('',(0.673,-0.876,0.991));
#3200 = VECTOR('',#3201,1.);
#3201 = DIRECTION('',(1.,0.,0.));
#3202 = CARTESIAN_POINT('',(0.673,-0.876,0.991));
#3203 = CARTESIAN_POINT('',(1.346,-0.876,0.991));
#3204 = GEOMETRIC_CURVE_SET('',(#3205));
#3205 = TRIMMED_CURVE('',#3206,(#3210,PARAMETER_VALUE(0.)),(#3211,
    PARAMETER_VALUE(2.6E-02)),.T.,.PARAMETER.);
#3206 = LINE('',#3207,#3208);
#3207 = CARTESIAN_POINT('',(0.673,-0.876,0.965));
#3208 = VECTOR('',#3209,1.);
#3209 = DIRECTION('',(0.,0.,1.));
#3210 = CARTESIAN_POINT('',(0.673,-0.876,0.965));
#3211 = CARTESIAN_POINT('',(0.673,-0.876,0.991));
#3212 = GEOMETRIC_CURVE_SET('',(#3213));
#3213 = TRIMMED_CURVE('',#3214,(#3218,PARAMETER_VALUE(0.)),(#3219,
    PARAMETER_VALUE(0.648)),.T.,.PARAMETER.);
#3214 = LINE('',#3215,#3216);
#3215 = CARTESIAN_POINT('',(1.321,-0.876,0.965));
#3216 = VECTOR('',#3217,1.);
#3217 = DIRECTION('',(-1.,0.,0.));
#3218 = CARTESIAN_POINT('',(1.321,-0.876,0.965));
#3219 = CARTESIAN_POINT('',(0.673,-0.876,0.965));
#3220 = GEOMETRIC_CURVE_SET('',(#3221));
#3221 = TRIMMED_CURVE('',#3222,(#3226,PARAMETER_VALUE(0.)),(#3227,
    PARAMETER_VALUE(0.94)),.T.,.PARAMETER.);
#3222 = LINE('',#3223,#3224);
#3223 = CARTESIAN_POINT('',(1.321,-0.876,2.5E-02));
#3224 = VECTOR('',#3225,1.);
#3225 = DIRECTION('',(0.,0.,1.));
#3226 = CARTESIAN_POINT('',(1.321,-0.876,2.5E-02));
#3227 = CARTESIAN_POINT('',(1.321,-0.876,0.965));
#3228 = GEOMETRIC_CURVE_SET('',(#3229));
#3229 = TRIMMED_CURVE('',#3230,(#3234,PARAMETER_VALUE(0.)),(#3235,
    PARAMETER_VALUE(0.648)),.T.,.PARAMETER.);
#3230 = LINE('',#3231,#3232);
#3231 = CARTESIAN_POINT('',(0.673,-0.876,2.5E-02));
#3232 = VECTOR('',#3233,1.);
#3233 = DIRECTION('',(1.,0.,0.));
#3234 = CARTESIAN_POINT('',(0.673,-0.876,2.5E-02));
#3235 = CARTESIAN_POINT('',(1.321,-0.876,2.5E-02));
#3236 = GEOMETRIC_CURVE_SET('',(#3237));
#3237 = TRIMMED_CURVE('',#3238,(#3242,PARAMETER_VALUE(0.)),(#3243,
    PARAMETER_VALUE(2.5E-02)),.T.,.PARAMETER.);
#3238 = LINE('',#3239,#3240);
#3239 = CARTESIAN_POINT('',(0.673,-0.876,0.));
#3240 = VECTOR('',#3241,1.);
#3241 = DIRECTION('',(0.,0.,1.));
#3242 = CARTESIAN_POINT('',(0.673,-0.876,0.));
#3243 = CARTESIAN_POINT('',(0.673,-0.876,2.5E-02));
#3244 = GEOMETRIC_CURVE_SET('',(#3245));
#3245 = TRIMMED_CURVE('',#3246,(#3250,PARAMETER_VALUE(0.)),(#3251,
    PARAMETER_VALUE(0.673)),.T.,.PARAMETER.);
#3246 = LINE('',#3247,#3248);
#3247 = CARTESIAN_POINT('',(-0.673,-0.876,0.991));
#3248 = VECTOR('',#3249,1.);
#3249 = DIRECTION('',(-1.,0.,0.));
#3250 = CARTESIAN_POINT('',(-0.673,-0.876,0.991));
#3251 = CARTESIAN_POINT('',(-1.346,-0.876,0.991));
#3252 = GEOMETRIC_CURVE_SET('',(#3253));
#3253 = TRIMMED_CURVE('',#3254,(#3258,PARAMETER_VALUE(0.)),(#3259,
    PARAMETER_VALUE(1.752)),.T.,.PARAMETER.);
#3254 = LINE('',#3255,#3256);
#3255 = CARTESIAN_POINT('',(-0.673,0.876,0.991));
#3256 = VECTOR('',#3257,1.);
#3257 = DIRECTION('',(0.,-1.,0.));
#3258 = CARTESIAN_POINT('',(-0.673,0.876,0.991));
#3259 = CARTESIAN_POINT('',(-0.673,-0.876,0.991));
#3260 = GEOMETRIC_CURVE_SET('',(#3261));
#3261 = TRIMMED_CURVE('',#3262,(#3266,PARAMETER_VALUE(0.)),(#3267,
    PARAMETER_VALUE(0.673)),.T.,.PARAMETER.);
#3262 = LINE('',#3263,#3264);
#3263 = CARTESIAN_POINT('',(-1.346,0.876,0.991));
#3264 = VECTOR('',#3265,1.);
#3265 = DIRECTION('',(1.,0.,0.));
#3266 = CARTESIAN_POINT('',(-1.346,0.876,0.991));
#3267 = CARTESIAN_POINT('',(-0.673,0.876,0.991));
#3268 = GEOMETRIC_CURVE_SET('',(#3269));
#3269 = TRIMMED_CURVE('',#3270,(#3274,PARAMETER_VALUE(0.)),(#3275,
    PARAMETER_VALUE(1.752)),.T.,.PARAMETER.);
#3270 = LINE('',#3271,#3272);
#3271 = CARTESIAN_POINT('',(-1.346,-0.876,0.991));
#3272 = VECTOR('',#3273,1.);
#3273 = DIRECTION('',(0.,1.,0.));
#3274 = CARTESIAN_POINT('',(-1.346,-0.876,0.991));
#3275 = CARTESIAN_POINT('',(-1.346,0.876,0.991));
#3276 = GEOMETRIC_CURVE_SET('',(#3277));
#3277 = TRIMMED_CURVE('',#3278,(#3282,PARAMETER_VALUE(0.)),(#3283,
    PARAMETER_VALUE(0.648)),.T.,.PARAMETER.);
#3278 = LINE('',#3279,#3280);
#3279 = CARTESIAN_POINT('',(-0.673,-0.876,2.5E-02));
#3280 = VECTOR('',#3281,1.);
#3281 = DIRECTION('',(-1.,0.,0.));
#3282 = CARTESIAN_POINT('',(-0.673,-0.876,2.5E-02));
#3283 = CARTESIAN_POINT('',(-1.321,-0.876,2.5E-02));
#3284 = GEOMETRIC_CURVE_SET('',(#3285));
#3285 = TRIMMED_CURVE('',#3286,(#3290,PARAMETER_VALUE(0.)),(#3291,
    PARAMETER_VALUE(1.752)),.T.,.PARAMETER.);
#3286 = LINE('',#3287,#3288);
#3287 = CARTESIAN_POINT('',(-0.673,0.876,2.5E-02));
#3288 = VECTOR('',#3289,1.);
#3289 = DIRECTION('',(0.,-1.,0.));
#3290 = CARTESIAN_POINT('',(-0.673,0.876,2.5E-02));
#3291 = CARTESIAN_POINT('',(-0.673,-0.876,2.5E-02));
#3292 = GEOMETRIC_CURVE_SET('',(#3293));
#3293 = TRIMMED_CURVE('',#3294,(#3298,PARAMETER_VALUE(0.)),(#3299,
    PARAMETER_VALUE(0.648)),.T.,.PARAMETER.);
#3294 = LINE('',#3295,#3296);
#3295 = CARTESIAN_POINT('',(-1.321,0.876,2.5E-02));
#3296 = VECTOR('',#3297,1.);
#3297 = DIRECTION('',(1.,0.,0.));
#3298 = CARTESIAN_POINT('',(-1.321,0.876,2.5E-02));
#3299 = CARTESIAN_POINT('',(-0.673,0.876,2.5E-02));
#3300 = GEOMETRIC_CURVE_SET('',(#3301));
#3301 = TRIMMED_CURVE('',#3302,(#3306,PARAMETER_VALUE(0.)),(#3307,
    PARAMETER_VALUE(1.752)),.T.,.PARAMETER.);
#3302 = LINE('',#3303,#3304);
#3303 = CARTESIAN_POINT('',(-1.321,-0.876,2.5E-02));
#3304 = VECTOR('',#3305,1.);
#3305 = DIRECTION('',(0.,1.,0.));
#3306 = CARTESIAN_POINT('',(-1.321,-0.876,2.5E-02));
#3307 = CARTESIAN_POINT('',(-1.321,0.876,2.5E-02));
#3308 = GEOMETRIC_CURVE_SET('',(#3309));
#3309 = TRIMMED_CURVE('',#3310,(#3314,PARAMETER_VALUE(0.)),(#3315,
    PARAMETER_VALUE(1.752)),.T.,.PARAMETER.);
#3310 = LINE('',#3311,#3312);
#3311 = CARTESIAN_POINT('',(-1.346,-0.876,0.));
#3312 = VECTOR('',#3313,1.);
#3313 = DIRECTION('',(0.,1.,0.));
#3314 = CARTESIAN_POINT('',(-1.346,-0.876,0.));
#3315 = CARTESIAN_POINT('',(-1.346,0.876,0.));
#3316 = GEOMETRIC_CURVE_SET('',(#3317));
#3317 = TRIMMED_CURVE('',#3318,(#3322,PARAMETER_VALUE(0.)),(#3323,
    PARAMETER_VALUE(0.991)),.T.,.PARAMETER.);
#3318 = LINE('',#3319,#3320);
#3319 = CARTESIAN_POINT('',(-1.346,-0.876,0.991));
#3320 = VECTOR('',#3321,1.);
#3321 = DIRECTION('',(0.,0.,-1.));
#3322 = CARTESIAN_POINT('',(-1.346,-0.876,0.991));
#3323 = CARTESIAN_POINT('',(-1.346,-0.876,0.));
#3324 = GEOMETRIC_CURVE_SET('',(#3325));
#3325 = TRIMMED_CURVE('',#3326,(#3330,PARAMETER_VALUE(0.)),(#3331,
    PARAMETER_VALUE(1.752)),.T.,.PARAMETER.);
#3326 = LINE('',#3327,#3328);
#3327 = CARTESIAN_POINT('',(-1.346,0.876,0.991));
#3328 = VECTOR('',#3329,1.);
#3329 = DIRECTION('',(0.,-1.,0.));
#3330 = CARTESIAN_POINT('',(-1.346,0.876,0.991));
#3331 = CARTESIAN_POINT('',(-1.346,-0.876,0.991));
#3332 = GEOMETRIC_CURVE_SET('',(#3333));
#3333 = TRIMMED_CURVE('',#3334,(#3338,PARAMETER_VALUE(0.)),(#3339,
    PARAMETER_VALUE(0.991)),.T.,.PARAMETER.);
#3334 = LINE('',#3335,#3336);
#3335 = CARTESIAN_POINT('',(-1.346,0.876,0.));
#3336 = VECTOR('',#3337,1.);
#3337 = DIRECTION('',(0.,0.,1.));
#3338 = CARTESIAN_POINT('',(-1.346,0.876,0.));
#3339 = CARTESIAN_POINT('',(-1.346,0.876,0.991));
#3340 = GEOMETRIC_CURVE_SET('',(#3341));
#3341 = TRIMMED_CURVE('',#3342,(#3346,PARAMETER_VALUE(0.)),(#3347,
    PARAMETER_VALUE(1.752)),.T.,.PARAMETER.);
#3342 = LINE('',#3343,#3344);
#3343 = CARTESIAN_POINT('',(-0.673,0.876,0.965));
#3344 = VECTOR('',#3345,1.);
#3345 = DIRECTION('',(0.,-1.,0.));
#3346 = CARTESIAN_POINT('',(-0.673,0.876,0.965));
#3347 = CARTESIAN_POINT('',(-0.673,-0.876,0.965));
#3348 = GEOMETRIC_CURVE_SET('',(#3349));
#3349 = TRIMMED_CURVE('',#3350,(#3354,PARAMETER_VALUE(0.)),(#3355,
    PARAMETER_VALUE(2.6E-02)),.T.,.PARAMETER.);
#3350 = LINE('',#3351,#3352);
#3351 = CARTESIAN_POINT('',(-0.673,0.876,0.991));
#3352 = VECTOR('',#3353,1.);
#3353 = DIRECTION('',(0.,0.,-1.));
#3354 = CARTESIAN_POINT('',(-0.673,0.876,0.991));
#3355 = CARTESIAN_POINT('',(-0.673,0.876,0.965));
#3356 = GEOMETRIC_CURVE_SET('',(#3357));
#3357 = TRIMMED_CURVE('',#3358,(#3362,PARAMETER_VALUE(0.)),(#3363,
    PARAMETER_VALUE(1.752)),.T.,.PARAMETER.);
#3358 = LINE('',#3359,#3360);
#3359 = CARTESIAN_POINT('',(-0.673,-0.876,0.991));
#3360 = VECTOR('',#3361,1.);
#3361 = DIRECTION('',(0.,1.,0.));
#3362 = CARTESIAN_POINT('',(-0.673,-0.876,0.991));
#3363 = CARTESIAN_POINT('',(-0.673,0.876,0.991));
#3364 = GEOMETRIC_CURVE_SET('',(#3365));
#3365 = TRIMMED_CURVE('',#3366,(#3370,PARAMETER_VALUE(0.)),(#3371,
    PARAMETER_VALUE(2.6E-02)),.T.,.PARAMETER.);
#3366 = LINE('',#3367,#3368);
#3367 = CARTESIAN_POINT('',(-0.673,-0.876,0.965));
#3368 = VECTOR('',#3369,1.);
#3369 = DIRECTION('',(0.,0.,1.));
#3370 = CARTESIAN_POINT('',(-0.673,-0.876,0.965));
#3371 = CARTESIAN_POINT('',(-0.673,-0.876,0.991));
#3372 = GEOMETRIC_CURVE_SET('',(#3373));
#3373 = TRIMMED_CURVE('',#3374,(#3378,PARAMETER_VALUE(0.)),(#3379,
    PARAMETER_VALUE(1.752)),.T.,.PARAMETER.);
#3374 = LINE('',#3375,#3376);
#3375 = CARTESIAN_POINT('',(-0.673,0.876,0.));
#3376 = VECTOR('',#3377,1.);
#3377 = DIRECTION('',(0.,-1.,0.));
#3378 = CARTESIAN_POINT('',(-0.673,0.876,0.));
#3379 = CARTESIAN_POINT('',(-0.673,-0.876,0.));
#3380 = GEOMETRIC_CURVE_SET('',(#3381));
#3381 = TRIMMED_CURVE('',#3382,(#3386,PARAMETER_VALUE(0.)),(#3387,
    PARAMETER_VALUE(2.5E-02)),.T.,.PARAMETER.);
#3382 = LINE('',#3383,#3384);
#3383 = CARTESIAN_POINT('',(-0.673,0.876,2.5E-02));
#3384 = VECTOR('',#3385,1.);
#3385 = DIRECTION('',(0.,0.,-1.));
#3386 = CARTESIAN_POINT('',(-0.673,0.876,2.5E-02));
#3387 = CARTESIAN_POINT('',(-0.673,0.876,0.));
#3388 = GEOMETRIC_CURVE_SET('',(#3389));
#3389 = TRIMMED_CURVE('',#3390,(#3394,PARAMETER_VALUE(0.)),(#3395,
    PARAMETER_VALUE(1.752)),.T.,.PARAMETER.);
#3390 = LINE('',#3391,#3392);
#3391 = CARTESIAN_POINT('',(-0.673,-0.876,2.5E-02));
#3392 = VECTOR('',#3393,1.);
#3393 = DIRECTION('',(0.,1.,0.));
#3394 = CARTESIAN_POINT('',(-0.673,-0.876,2.5E-02));
#3395 = CARTESIAN_POINT('',(-0.673,0.876,2.5E-02));
#3396 = GEOMETRIC_CURVE_SET('',(#3397));
#3397 = TRIMMED_CURVE('',#3398,(#3402,PARAMETER_VALUE(0.)),(#3403,
    PARAMETER_VALUE(2.5E-02)),.T.,.PARAMETER.);
#3398 = LINE('',#3399,#3400);
#3399 = CARTESIAN_POINT('',(-0.673,-0.876,0.));
#3400 = VECTOR('',#3401,1.);
#3401 = DIRECTION('',(0.,0.,1.));
#3402 = CARTESIAN_POINT('',(-0.673,-0.876,0.));
#3403 = CARTESIAN_POINT('',(-0.673,-0.876,2.5E-02));
#3404 = GEOMETRIC_CURVE_SET('',(#3405));
#3405 = TRIMMED_CURVE('',#3406,(#3410,PARAMETER_VALUE(0.)),(#3411,
    PARAMETER_VALUE(1.752)),.T.,.PARAMETER.);
#3406 = LINE('',#3407,#3408);
#3407 = CARTESIAN_POINT('',(-1.321,0.876,2.5E-02));
#3408 = VECTOR('',#3409,1.);
#3409 = DIRECTION('',(0.,-1.,0.));
#3410 = CARTESIAN_POINT('',(-1.321,0.876,2.5E-02));
#3411 = CARTESIAN_POINT('',(-1.321,-0.876,2.5E-02));
#3412 = GEOMETRIC_CURVE_SET('',(#3413));
#3413 = TRIMMED_CURVE('',#3414,(#3418,PARAMETER_VALUE(0.)),(#3419,
    PARAMETER_VALUE(0.94)),.T.,.PARAMETER.);
#3414 = LINE('',#3415,#3416);
#3415 = CARTESIAN_POINT('',(-1.321,0.876,0.965));
#3416 = VECTOR('',#3417,1.);
#3417 = DIRECTION('',(0.,0.,-1.));
#3418 = CARTESIAN_POINT('',(-1.321,0.876,0.965));
#3419 = CARTESIAN_POINT('',(-1.321,0.876,2.5E-02));
#3420 = GEOMETRIC_CURVE_SET('',(#3421));
#3421 = TRIMMED_CURVE('',#3422,(#3426,PARAMETER_VALUE(0.)),(#3427,
    PARAMETER_VALUE(1.752)),.T.,.PARAMETER.);
#3422 = LINE('',#3423,#3424);
#3423 = CARTESIAN_POINT('',(-1.321,-0.876,0.965));
#3424 = VECTOR('',#3425,1.);
#3425 = DIRECTION('',(0.,1.,0.));
#3426 = CARTESIAN_POINT('',(-1.321,-0.876,0.965));
#3427 = CARTESIAN_POINT('',(-1.321,0.876,0.965));
#3428 = GEOMETRIC_CURVE_SET('',(#3429));
#3429 = TRIMMED_CURVE('',#3430,(#3434,PARAMETER_VALUE(0.)),(#3435,
    PARAMETER_VALUE(0.94)),.T.,.PARAMETER.);
#3430 = LINE('',#3431,#3432);
#3431 = CARTESIAN_POINT('',(-1.321,-0.876,2.5E-02));
#3432 = VECTOR('',#3433,1.);
#3433 = DIRECTION('',(0.,0.,1.));
#3434 = CARTESIAN_POINT('',(-1.321,-0.876,2.5E-02));
#3435 = CARTESIAN_POINT('',(-1.321,-0.876,0.965));
#3436 = GEOMETRIC_CURVE_SET('',(#3437));
#3437 = TRIMMED_CURVE('',#3438,(#3442,PARAMETER_VALUE(0.)),(#3443,
    PARAMETER_VALUE(0.648)),.T.,.PARAMETER.);
#3438 = LINE('',#3439,#3440);
#3439 = CARTESIAN_POINT('',(-0.673,0.876,0.965));
#3440 = VECTOR('',#3441,1.);
#3441 = DIRECTION('',(-1.,0.,0.));
#3442 = CARTESIAN_POINT('',(-0.673,0.876,0.965));
#3443 = CARTESIAN_POINT('',(-1.321,0.876,0.965));
#3444 = GEOMETRIC_CURVE_SET('',(#3445));
#3445 = TRIMMED_CURVE('',#3446,(#3450,PARAMETER_VALUE(0.)),(#3451,
    PARAMETER_VALUE(1.752)),.T.,.PARAMETER.);
#3446 = LINE('',#3447,#3448);
#3447 = CARTESIAN_POINT('',(-0.673,-0.876,0.965));
#3448 = VECTOR('',#3449,1.);
#3449 = DIRECTION('',(0.,1.,0.));
#3450 = CARTESIAN_POINT('',(-0.673,-0.876,0.965));
#3451 = CARTESIAN_POINT('',(-0.673,0.876,0.965));
#3452 = GEOMETRIC_CURVE_SET('',(#3453));
#3453 = TRIMMED_CURVE('',#3454,(#3458,PARAMETER_VALUE(0.)),(#3459,
    PARAMETER_VALUE(0.648)),.T.,.PARAMETER.);
#3454 = LINE('',#3455,#3456);
#3455 = CARTESIAN_POINT('',(-1.321,-0.876,0.965));
#3456 = VECTOR('',#3457,1.);
#3457 = DIRECTION('',(1.,0.,0.));
#3458 = CARTESIAN_POINT('',(-1.321,-0.876,0.965));
#3459 = CARTESIAN_POINT('',(-0.673,-0.876,0.965));
#3460 = GEOMETRIC_CURVE_SET('',(#3461));
#3461 = TRIMMED_CURVE('',#3462,(#3466,PARAMETER_VALUE(0.)),(#3467,
    PARAMETER_VALUE(1.752)),.T.,.PARAMETER.);
#3462 = LINE('',#3463,#3464);
#3463 = CARTESIAN_POINT('',(-1.321,0.876,0.965));
#3464 = VECTOR('',#3465,1.);
#3465 = DIRECTION('',(0.,-1.,0.));
#3466 = CARTESIAN_POINT('',(-1.321,0.876,0.965));
#3467 = CARTESIAN_POINT('',(-1.321,-0.876,0.965));
#3468 = GEOMETRIC_CURVE_SET('',(#3469));
#3469 = TRIMMED_CURVE('',#3470,(#3474,PARAMETER_VALUE(0.)),(#3475,
    PARAMETER_VALUE(0.673)),.T.,.PARAMETER.);
#3470 = LINE('',#3471,#3472);
#3471 = CARTESIAN_POINT('',(-0.673,0.876,0.));
#3472 = VECTOR('',#3473,1.);
#3473 = DIRECTION('',(-1.,0.,0.));
#3474 = CARTESIAN_POINT('',(-0.673,0.876,0.));
#3475 = CARTESIAN_POINT('',(-1.346,0.876,0.));
#3476 = GEOMETRIC_CURVE_SET('',(#3477));
#3477 = TRIMMED_CURVE('',#3478,(#3482,PARAMETER_VALUE(0.)),(#3483,
    PARAMETER_VALUE(1.752)),.T.,.PARAMETER.);
#3478 = LINE('',#3479,#3480);
#3479 = CARTESIAN_POINT('',(-0.673,-0.876,0.));
#3480 = VECTOR('',#3481,1.);
#3481 = DIRECTION('',(0.,1.,0.));
#3482 = CARTESIAN_POINT('',(-0.673,-0.876,0.));
#3483 = CARTESIAN_POINT('',(-0.673,0.876,0.));
#3484 = GEOMETRIC_CURVE_SET('',(#3485));
#3485 = TRIMMED_CURVE('',#3486,(#3490,PARAMETER_VALUE(0.)),(#3491,
    PARAMETER_VALUE(0.673)),.T.,.PARAMETER.);
#3486 = LINE('',#3487,#3488);
#3487 = CARTESIAN_POINT('',(-1.346,-0.876,0.));
#3488 = VECTOR('',#3489,1.);
#3489 = DIRECTION('',(1.,0.,0.));
#3490 = CARTESIAN_POINT('',(-1.346,-0.876,0.));
#3491 = CARTESIAN_POINT('',(-0.673,-0.876,0.));
#3492 = GEOMETRIC_CURVE_SET('',(#3493));
#3493 = TRIMMED_CURVE('',#3494,(#3498,PARAMETER_VALUE(0.)),(#3499,
    PARAMETER_VALUE(1.752)),.T.,.PARAMETER.);
#3494 = LINE('',#3495,#3496);
#3495 = CARTESIAN_POINT('',(-1.346,0.876,0.));
#3496 = VECTOR('',#3497,1.);
#3497 = DIRECTION('',(0.,-1.,0.));
#3498 = CARTESIAN_POINT('',(-1.346,0.876,0.));
#3499 = CARTESIAN_POINT('',(-1.346,-0.876,0.));
#3500 = GEOMETRIC_CURVE_SET('',(#3501));
#3501 = TRIMMED_CURVE('',#3502,(#3506,PARAMETER_VALUE(0.)),(#3507,
    PARAMETER_VALUE(0.673)),.T.,.PARAMETER.);
#3502 = LINE('',#3503,#3504);
#3503 = CARTESIAN_POINT('',(-0.673,-0.876,0.));
#3504 = VECTOR('',#3505,1.);
#3505 = DIRECTION('',(-1.,0.,0.));
#3506 = CARTESIAN_POINT('',(-0.673,-0.876,0.));
#3507 = CARTESIAN_POINT('',(-1.346,-0.876,0.));
#3508 = GEOMETRIC_CURVE_SET('',(#3509));
#3509 = TRIMMED_CURVE('',#3510,(#3514,PARAMETER_VALUE(0.)),(#3515,
    PARAMETER_VALUE(2.5E-02)),.T.,.PARAMETER.);
#3510 = LINE('',#3511,#3512);
#3511 = CARTESIAN_POINT('',(-0.673,-0.876,2.5E-02));
#3512 = VECTOR('',#3513,1.);
#3513 = DIRECTION('',(0.,0.,-1.));
#3514 = CARTESIAN_POINT('',(-0.673,-0.876,2.5E-02));
#3515 = CARTESIAN_POINT('',(-0.673,-0.876,0.));
#3516 = GEOMETRIC_CURVE_SET('',(#3517));
#3517 = TRIMMED_CURVE('',#3518,(#3522,PARAMETER_VALUE(0.)),(#3523,
    PARAMETER_VALUE(0.648)),.T.,.PARAMETER.);
#3518 = LINE('',#3519,#3520);
#3519 = CARTESIAN_POINT('',(-1.321,-0.876,2.5E-02));
#3520 = VECTOR('',#3521,1.);
#3521 = DIRECTION('',(1.,0.,0.));
#3522 = CARTESIAN_POINT('',(-1.321,-0.876,2.5E-02));
#3523 = CARTESIAN_POINT('',(-0.673,-0.876,2.5E-02));
#3524 = GEOMETRIC_CURVE_SET('',(#3525));
#3525 = TRIMMED_CURVE('',#3526,(#3530,PARAMETER_VALUE(0.)),(#3531,
    PARAMETER_VALUE(0.94)),.T.,.PARAMETER.);
#3526 = LINE('',#3527,#3528);
#3527 = CARTESIAN_POINT('',(-1.321,-0.876,0.965));
#3528 = VECTOR('',#3529,1.);
#3529 = DIRECTION('',(0.,0.,-1.));
#3530 = CARTESIAN_POINT('',(-1.321,-0.876,0.965));
#3531 = CARTESIAN_POINT('',(-1.321,-0.876,2.5E-02));
#3532 = GEOMETRIC_CURVE_SET('',(#3533));
#3533 = TRIMMED_CURVE('',#3534,(#3538,PARAMETER_VALUE(0.)),(#3539,
    PARAMETER_VALUE(0.648)),.T.,.PARAMETER.);
#3534 = LINE('',#3535,#3536);
#3535 = CARTESIAN_POINT('',(-0.673,-0.876,0.965));
#3536 = VECTOR('',#3537,1.);
#3537 = DIRECTION('',(-1.,0.,0.));
#3538 = CARTESIAN_POINT('',(-0.673,-0.876,0.965));
#3539 = CARTESIAN_POINT('',(-1.321,-0.876,0.965));
#3540 = GEOMETRIC_CURVE_SET('',(#3541));
#3541 = TRIMMED_CURVE('',#3542,(#3546,PARAMETER_VALUE(0.)),(#3547,
    PARAMETER_VALUE(2.6E-02)),.T.,.PARAMETER.);
#3542 = LINE('',#3543,#3544);
#3543 = CARTESIAN_POINT('',(-0.673,-0.876,0.991));
#3544 = VECTOR('',#3545,1.);
#3545 = DIRECTION('',(0.,0.,-1.));
#3546 = CARTESIAN_POINT('',(-0.673,-0.876,0.991));
#3547 = CARTESIAN_POINT('',(-0.673,-0.876,0.965));
#3548 = GEOMETRIC_CURVE_SET('',(#3549));
#3549 = TRIMMED_CURVE('',#3550,(#3554,PARAMETER_VALUE(0.)),(#3555,
    PARAMETER_VALUE(0.673)),.T.,.PARAMETER.);
#3550 = LINE('',#3551,#3552);
#3551 = CARTESIAN_POINT('',(-1.346,-0.876,0.991));
#3552 = VECTOR('',#3553,1.);
#3553 = DIRECTION('',(1.,0.,0.));
#3554 = CARTESIAN_POINT('',(-1.346,-0.876,0.991));
#3555 = CARTESIAN_POINT('',(-0.673,-0.876,0.991));
#3556 = GEOMETRIC_CURVE_SET('',(#3557));
#3557 = TRIMMED_CURVE('',#3558,(#3562,PARAMETER_VALUE(0.)),(#3563,
    PARAMETER_VALUE(0.991)),.T.,.PARAMETER.);
#3558 = LINE('',#3559,#3560);
#3559 = CARTESIAN_POINT('',(-1.346,-0.876,0.));
#3560 = VECTOR('',#3561,1.);
#3561 = DIRECTION('',(0.,0.,1.));
#3562 = CARTESIAN_POINT('',(-1.346,-0.876,0.));
#3563 = CARTESIAN_POINT('',(-1.346,-0.876,0.991));
#3564 = ( GEOMETRIC_REPRESENTATION_CONTEXT(3) 
GLOBAL_UNCERTAINTY_ASSIGNED_CONTEXT((#3568)) 
GLOBAL_UNIT_ASSIGNED_CONTEXT((#3565,#3566,#3567)) REPRESENTATION_CONTEXT
('Context #1','3D Context with UNIT and UNCERTAINTY') );
#3565 = ( LENGTH_UNIT() NAMED_UNIT(*) SI_UNIT(.MILLI.,.METRE.) );
#3566 = ( NAMED_UNIT(*) PLANE_ANGLE_UNIT() SI_UNIT($,.RADIAN.) );
#3567 = ( NAMED_UNIT(*) SI_UNIT($,.STERADIAN.) SOLID_ANGLE_UNIT() );
#3568 = UNCERTAINTY_MEASURE_WITH_UNIT(LENGTH_MEASURE(1.E-05),#3565,
  'distance_accuracy_value','confusion accuracy');
#3569 = PRODUCT_RELATED_PRODUCT_CATEGORY('part',$,(#7));
#3570 = MECHANICAL_DESIGN_GEOMETRIC_PRESENTATION_REPRESENTATION('',(
    #3571,#3579,#3587,#3594,#3601,#3608,#3615,#3622,#3630,#3637,#3644,
    #3651,#3658,#3665,#3672,#3679,#3686,#3693,#3700,#3707,#3714,#3721,
    #3728,#3735,#3742,#3749,#3756,#3763,#3770,#3777,#3784,#3791,#3798,
    #3805,#3812,#3819,#3826,#3833),#3564);
#3571 = STYLED_ITEM('color',(#3572),#370);
#3572 = PRESENTATION_STYLE_ASSIGNMENT((#3573));
#3573 = SURFACE_STYLE_USAGE(.BOTH.,#3574);
#3574 = SURFACE_SIDE_STYLE('',(#3575));
#3575 = SURFACE_STYLE_FILL_AREA(#3576);
#3576 = FILL_AREA_STYLE('',(#3577));
#3577 = FILL_AREA_STYLE_COLOUR('',#3578);
#3578 = COLOUR_RGB('',0.725000023842,0.725000023842,0.725000023842);
#3579 = STYLED_ITEM('color',(#3580),#444);
#3580 = PRESENTATION_STYLE_ASSIGNMENT((#3581));
#3581 = SURFACE_STYLE_USAGE(.BOTH.,#3582);
#3582 = SURFACE_SIDE_STYLE('',(#3583));
#3583 = SURFACE_STYLE_FILL_AREA(#3584);
#3584 = FILL_AREA_STYLE('',(#3585));
#3585 = FILL_AREA_STYLE_COLOUR('',#3586);
#3586 = COLOUR_RGB('',0.195999994874,0.195999994874,0.195999994874);
#3587 = STYLED_ITEM('color',(#3588),#486);
#3588 = PRESENTATION_STYLE_ASSIGNMENT((#3589));
#3589 = SURFACE_STYLE_USAGE(.BOTH.,#3590);
#3590 = SURFACE_SIDE_STYLE('',(#3591));
#3591 = SURFACE_STYLE_FILL_AREA(#3592);
#3592 = FILL_AREA_STYLE('',(#3593));
#3593 = FILL_AREA_STYLE_COLOUR('',#3586);
#3594 = STYLED_ITEM('color',(#3595),#528);
#3595 = PRESENTATION_STYLE_ASSIGNMENT((#3596));
#3596 = SURFACE_STYLE_USAGE(.BOTH.,#3597);
#3597 = SURFACE_SIDE_STYLE('',(#3598));
#3598 = SURFACE_STYLE_FILL_AREA(#3599);
#3599 = FILL_AREA_STYLE('',(#3600));
#3600 = FILL_AREA_STYLE_COLOUR('',#3586);
#3601 = STYLED_ITEM('color',(#3602),#570);
#3602 = PRESENTATION_STYLE_ASSIGNMENT((#3603));
#3603 = SURFACE_STYLE_USAGE(.BOTH.,#3604);
#3604 = SURFACE_SIDE_STYLE('',(#3605));
#3605 = SURFACE_STYLE_FILL_AREA(#3606);
#3606 = FILL_AREA_STYLE('',(#3607));
#3607 = FILL_AREA_STYLE_COLOUR('',#3586);
#3608 = STYLED_ITEM('color',(#3609),#612);
#3609 = PRESENTATION_STYLE_ASSIGNMENT((#3610));
#3610 = SURFACE_STYLE_USAGE(.BOTH.,#3611);
#3611 = SURFACE_SIDE_STYLE('',(#3612));
#3612 = SURFACE_STYLE_FILL_AREA(#3613);
#3613 = FILL_AREA_STYLE('',(#3614));
#3614 = FILL_AREA_STYLE_COLOUR('',#3586);
#3615 = STYLED_ITEM('color',(#3616),#654);
#3616 = PRESENTATION_STYLE_ASSIGNMENT((#3617));
#3617 = SURFACE_STYLE_USAGE(.BOTH.,#3618);
#3618 = SURFACE_SIDE_STYLE('',(#3619));
#3619 = SURFACE_STYLE_FILL_AREA(#3620);
#3620 = FILL_AREA_STYLE('',(#3621));
#3621 = FILL_AREA_STYLE_COLOUR('',#3586);
#3622 = STYLED_ITEM('color',(#3623),#696);
#3623 = PRESENTATION_STYLE_ASSIGNMENT((#3624));
#3624 = SURFACE_STYLE_USAGE(.BOTH.,#3625);
#3625 = SURFACE_SIDE_STYLE('',(#3626));
#3626 = SURFACE_STYLE_FILL_AREA(#3627);
#3627 = FILL_AREA_STYLE('',(#3628));
#3628 = FILL_AREA_STYLE_COLOUR('',#3629);
#3629 = COLOUR_RGB('',0.980000019073,0.705999970436,0.175999999046);
#3630 = STYLED_ITEM('color',(#3631),#738);
#3631 = PRESENTATION_STYLE_ASSIGNMENT((#3632));
#3632 = SURFACE_STYLE_USAGE(.BOTH.,#3633);
#3633 = SURFACE_SIDE_STYLE('',(#3634));
#3634 = SURFACE_STYLE_FILL_AREA(#3635);
#3635 = FILL_AREA_STYLE('',(#3636));
#3636 = FILL_AREA_STYLE_COLOUR('',#3629);
#3637 = STYLED_ITEM('color',(#3638),#780);
#3638 = PRESENTATION_STYLE_ASSIGNMENT((#3639));
#3639 = SURFACE_STYLE_USAGE(.BOTH.,#3640);
#3640 = SURFACE_SIDE_STYLE('',(#3641));
#3641 = SURFACE_STYLE_FILL_AREA(#3642);
#3642 = FILL_AREA_STYLE('',(#3643));
#3643 = FILL_AREA_STYLE_COLOUR('',#3629);
#3644 = STYLED_ITEM('color',(#3645),#822);
#3645 = PRESENTATION_STYLE_ASSIGNMENT((#3646));
#3646 = SURFACE_STYLE_USAGE(.BOTH.,#3647);
#3647 = SURFACE_SIDE_STYLE('',(#3648));
#3648 = SURFACE_STYLE_FILL_AREA(#3649);
#3649 = FILL_AREA_STYLE('',(#3650));
#3650 = FILL_AREA_STYLE_COLOUR('',#3629);
#3651 = STYLED_ITEM('color',(#3652),#864);
#3652 = PRESENTATION_STYLE_ASSIGNMENT((#3653));
#3653 = SURFACE_STYLE_USAGE(.BOTH.,#3654);
#3654 = SURFACE_SIDE_STYLE('',(#3655));
#3655 = SURFACE_STYLE_FILL_AREA(#3656);
#3656 = FILL_AREA_STYLE('',(#3657));
#3657 = FILL_AREA_STYLE_COLOUR('',#3629);
#3658 = STYLED_ITEM('color',(#3659),#922);
#3659 = PRESENTATION_STYLE_ASSIGNMENT((#3660));
#3660 = SURFACE_STYLE_USAGE(.BOTH.,#3661);
#3661 = SURFACE_SIDE_STYLE('',(#3662));
#3662 = SURFACE_STYLE_FILL_AREA(#3663);
#3663 = FILL_AREA_STYLE('',(#3664));
#3664 = FILL_AREA_STYLE_COLOUR('',#3629);
#3665 = STYLED_ITEM('color',(#3666),#980);
#3666 = PRESENTATION_STYLE_ASSIGNMENT((#3667));
#3667 = SURFACE_STYLE_USAGE(.BOTH.,#3668);
#3668 = SURFACE_SIDE_STYLE('',(#3669));
#3669 = SURFACE_STYLE_FILL_AREA(#3670);
#3670 = FILL_AREA_STYLE('',(#3671));
#3671 = FILL_AREA_STYLE_COLOUR('',#3629);
#3672 = STYLED_ITEM('color',(#3673),#1038);
#3673 = PRESENTATION_STYLE_ASSIGNMENT((#3674));
#3674 = SURFACE_STYLE_USAGE(.BOTH.,#3675);
#3675 = SURFACE_SIDE_STYLE('',(#3676));
#3676 = SURFACE_STYLE_FILL_AREA(#3677);
#3677 = FILL_AREA_STYLE('',(#3678));
#3678 = FILL_AREA_STYLE_COLOUR('',#3629);
#3679 = STYLED_ITEM('color',(#3680),#1096);
#3680 = PRESENTATION_STYLE_ASSIGNMENT((#3681));
#3681 = SURFACE_STYLE_USAGE(.BOTH.,#3682);
#3682 = SURFACE_SIDE_STYLE('',(#3683));
#3683 = SURFACE_STYLE_FILL_AREA(#3684);
#3684 = FILL_AREA_STYLE('',(#3685));
#3685 = FILL_AREA_STYLE_COLOUR('',#3629);
#3686 = STYLED_ITEM('color',(#3687),#1138);
#3687 = PRESENTATION_STYLE_ASSIGNMENT((#3688));
#3688 = SURFACE_STYLE_USAGE(.BOTH.,#3689);
#3689 = SURFACE_SIDE_STYLE('',(#3690));
#3690 = SURFACE_STYLE_FILL_AREA(#3691);
#3691 = FILL_AREA_STYLE('',(#3692));
#3692 = FILL_AREA_STYLE_COLOUR('',#3629);
#3693 = STYLED_ITEM('color',(#3694),#1180);
#3694 = PRESENTATION_STYLE_ASSIGNMENT((#3695));
#3695 = SURFACE_STYLE_USAGE(.BOTH.,#3696);
#3696 = SURFACE_SIDE_STYLE('',(#3697));
#3697 = SURFACE_STYLE_FILL_AREA(#3698);
#3698 = FILL_AREA_STYLE('',(#3699));
#3699 = FILL_AREA_STYLE_COLOUR('',#3629);
#3700 = STYLED_ITEM('color',(#3701),#1222);
#3701 = PRESENTATION_STYLE_ASSIGNMENT((#3702));
#3702 = SURFACE_STYLE_USAGE(.BOTH.,#3703);
#3703 = SURFACE_SIDE_STYLE('',(#3704));
#3704 = SURFACE_STYLE_FILL_AREA(#3705);
#3705 = FILL_AREA_STYLE('',(#3706));
#3706 = FILL_AREA_STYLE_COLOUR('',#3629);
#3707 = STYLED_ITEM('color',(#3708),#1264);
#3708 = PRESENTATION_STYLE_ASSIGNMENT((#3709));
#3709 = SURFACE_STYLE_USAGE(.BOTH.,#3710);
#3710 = SURFACE_SIDE_STYLE('',(#3711));
#3711 = SURFACE_STYLE_FILL_AREA(#3712);
#3712 = FILL_AREA_STYLE('',(#3713));
#3713 = FILL_AREA_STYLE_COLOUR('',#3578);
#3714 = STYLED_ITEM('color',(#3715),#1306);
#3715 = PRESENTATION_STYLE_ASSIGNMENT((#3716));
#3716 = SURFACE_STYLE_USAGE(.BOTH.,#3717);
#3717 = SURFACE_SIDE_STYLE('',(#3718));
#3718 = SURFACE_STYLE_FILL_AREA(#3719);
#3719 = FILL_AREA_STYLE('',(#3720));
#3720 = FILL_AREA_STYLE_COLOUR('',#3578);
#3721 = STYLED_ITEM('color',(#3722),#1348);
#3722 = PRESENTATION_STYLE_ASSIGNMENT((#3723));
#3723 = SURFACE_STYLE_USAGE(.BOTH.,#3724);
#3724 = SURFACE_SIDE_STYLE('',(#3725));
#3725 = SURFACE_STYLE_FILL_AREA(#3726);
#3726 = FILL_AREA_STYLE('',(#3727));
#3727 = FILL_AREA_STYLE_COLOUR('',#3578);
#3728 = STYLED_ITEM('color',(#3729),#1390);
#3729 = PRESENTATION_STYLE_ASSIGNMENT((#3730));
#3730 = SURFACE_STYLE_USAGE(.BOTH.,#3731);
#3731 = SURFACE_SIDE_STYLE('',(#3732));
#3732 = SURFACE_STYLE_FILL_AREA(#3733);
#3733 = FILL_AREA_STYLE('',(#3734));
#3734 = FILL_AREA_STYLE_COLOUR('',#3578);
#3735 = STYLED_ITEM('color',(#3736),#1432);
#3736 = PRESENTATION_STYLE_ASSIGNMENT((#3737));
#3737 = SURFACE_STYLE_USAGE(.BOTH.,#3738);
#3738 = SURFACE_SIDE_STYLE('',(#3739));
#3739 = SURFACE_STYLE_FILL_AREA(#3740);
#3740 = FILL_AREA_STYLE('',(#3741));
#3741 = FILL_AREA_STYLE_COLOUR('',#3578);
#3742 = STYLED_ITEM('color',(#3743),#1474);
#3743 = PRESENTATION_STYLE_ASSIGNMENT((#3744));
#3744 = SURFACE_STYLE_USAGE(.BOTH.,#3745);
#3745 = SURFACE_SIDE_STYLE('',(#3746));
#3746 = SURFACE_STYLE_FILL_AREA(#3747);
#3747 = FILL_AREA_STYLE('',(#3748));
#3748 = FILL_AREA_STYLE_COLOUR('',#3578);
#3749 = STYLED_ITEM('color',(#3750),#1516);
#3750 = PRESENTATION_STYLE_ASSIGNMENT((#3751));
#3751 = SURFACE_STYLE_USAGE(.BOTH.,#3752);
#3752 = SURFACE_SIDE_STYLE('',(#3753));
#3753 = SURFACE_STYLE_FILL_AREA(#3754);
#3754 = FILL_AREA_STYLE('',(#3755));
#3755 = FILL_AREA_STYLE_COLOUR('',#3578);
#3756 = STYLED_ITEM('color',(#3757),#1558);
#3757 = PRESENTATION_STYLE_ASSIGNMENT((#3758));
#3758 = SURFACE_STYLE_USAGE(.BOTH.,#3759);
#3759 = SURFACE_SIDE_STYLE('',(#3760));
#3760 = SURFACE_STYLE_FILL_AREA(#3761);
#3761 = FILL_AREA_STYLE('',(#3762));
#3762 = FILL_AREA_STYLE_COLOUR('',#3578);
#3763 = STYLED_ITEM('color',(#3764),#1600);
#3764 = PRESENTATION_STYLE_ASSIGNMENT((#3765));
#3765 = SURFACE_STYLE_USAGE(.BOTH.,#3766);
#3766 = SURFACE_SIDE_STYLE('',(#3767));
#3767 = SURFACE_STYLE_FILL_AREA(#3768);
#3768 = FILL_AREA_STYLE('',(#3769));
#3769 = FILL_AREA_STYLE_COLOUR('',#3578);
#3770 = STYLED_ITEM('color',(#3771),#1674);
#3771 = PRESENTATION_STYLE_ASSIGNMENT((#3772));
#3772 = SURFACE_STYLE_USAGE(.BOTH.,#3773);
#3773 = SURFACE_SIDE_STYLE('',(#3774));
#3774 = SURFACE_STYLE_FILL_AREA(#3775);
#3775 = FILL_AREA_STYLE('',(#3776));
#3776 = FILL_AREA_STYLE_COLOUR('',#3578);
#3777 = STYLED_ITEM('color',(#3778),#1748);
#3778 = PRESENTATION_STYLE_ASSIGNMENT((#3779));
#3779 = SURFACE_STYLE_USAGE(.BOTH.,#3780);
#3780 = SURFACE_SIDE_STYLE('',(#3781));
#3781 = SURFACE_STYLE_FILL_AREA(#3782);
#3782 = FILL_AREA_STYLE('',(#3783));
#3783 = FILL_AREA_STYLE_COLOUR('',#3578);
#3784 = STYLED_ITEM('color',(#3785),#1790);
#3785 = PRESENTATION_STYLE_ASSIGNMENT((#3786));
#3786 = SURFACE_STYLE_USAGE(.BOTH.,#3787);
#3787 = SURFACE_SIDE_STYLE('',(#3788));
#3788 = SURFACE_STYLE_FILL_AREA(#3789);
#3789 = FILL_AREA_STYLE('',(#3790));
#3790 = FILL_AREA_STYLE_COLOUR('',#3578);
#3791 = STYLED_ITEM('color',(#3792),#1832);
#3792 = PRESENTATION_STYLE_ASSIGNMENT((#3793));
#3793 = SURFACE_STYLE_USAGE(.BOTH.,#3794);
#3794 = SURFACE_SIDE_STYLE('',(#3795));
#3795 = SURFACE_STYLE_FILL_AREA(#3796);
#3796 = FILL_AREA_STYLE('',(#3797));
#3797 = FILL_AREA_STYLE_COLOUR('',#3578);
#3798 = STYLED_ITEM('color',(#3799),#1874);
#3799 = PRESENTATION_STYLE_ASSIGNMENT((#3800));
#3800 = SURFACE_STYLE_USAGE(.BOTH.,#3801);
#3801 = SURFACE_SIDE_STYLE('',(#3802));
#3802 = SURFACE_STYLE_FILL_AREA(#3803);
#3803 = FILL_AREA_STYLE('',(#3804));
#3804 = FILL_AREA_STYLE_COLOUR('',#3578);
#3805 = STYLED_ITEM('color',(#3806),#1916);
#3806 = PRESENTATION_STYLE_ASSIGNMENT((#3807));
#3807 = SURFACE_STYLE_USAGE(.BOTH.,#3808);
#3808 = SURFACE_SIDE_STYLE('',(#3809));
#3809 = SURFACE_STYLE_FILL_AREA(#3810);
#3810 = FILL_AREA_STYLE('',(#3811));
#3811 = FILL_AREA_STYLE_COLOUR('',#3578);
#3812 = STYLED_ITEM('color',(#3813),#1958);
#3813 = PRESENTATION_STYLE_ASSIGNMENT((#3814));
#3814 = SURFACE_STYLE_USAGE(.BOTH.,#3815);
#3815 = SURFACE_SIDE_STYLE('',(#3816));
#3816 = SURFACE_STYLE_FILL_AREA(#3817);
#3817 = FILL_AREA_STYLE('',(#3818));
#3818 = FILL_AREA_STYLE_COLOUR('',#3578);
#3819 = STYLED_ITEM('color',(#3820),#2000);
#3820 = PRESENTATION_STYLE_ASSIGNMENT((#3821));
#3821 = SURFACE_STYLE_USAGE(.BOTH.,#3822);
#3822 = SURFACE_SIDE_STYLE('',(#3823));
#3823 = SURFACE_STYLE_FILL_AREA(#3824);
#3824 = FILL_AREA_STYLE('',(#3825));
#3825 = FILL_AREA_STYLE_COLOUR('',#3578);
#3826 = STYLED_ITEM('color',(#3827),#2042);
#3827 = PRESENTATION_STYLE_ASSIGNMENT((#3828));
#3828 = SURFACE_STYLE_USAGE(.BOTH.,#3829);
#3829 = SURFACE_SIDE_STYLE('',(#3830));
#3830 = SURFACE_STYLE_FILL_AREA(#3831);
#3831 = FILL_AREA_STYLE('',(#3832));
#3832 = FILL_AREA_STYLE_COLOUR('',#3578);
#3833 = STYLED_ITEM('color',(#3834),#2084);
#3834 = PRESENTATION_STYLE_ASSIGNMENT((#3835));
#3835 = SURFACE_STYLE_USAGE(.BOTH.,#3836);
#3836 = SURFACE_SIDE_STYLE('',(#3837));
#3837 = SURFACE_STYLE_FILL_AREA(#3838);
#3838 = FILL_AREA_STYLE('',(#3839));
#3839 = FILL_AREA_STYLE_COLOUR('',#3578);
ENDSEC;
END-ISO-10303-21;
