ISO-10303-21;
HEADER;
FILE_DESCRIPTION(('FreeCAD Model'),'2;1');
FILE_NAME('/home/kenny/LFCSP_6_1EP_2x2mm_P0_65mm_EP1_6x1mm_fp001.step',
  '2019-04-16T12:00:27',('kicad StepUp'),('ksu MCAD'),
  'Open CASCADE STEP processor 7.3','FreeCAD','Unknown');
FILE_SCHEMA(('AUTOMOTIVE_DESIGN { 1 0 10303 214 1 1 1 1 }'));
ENDSEC;
DATA;
#1 = APPLICATION_PROTOCOL_DEFINITION('international standard',
  'automotive_design',2000,#2);
#2 = APPLICATION_CONTEXT(
  'core data for automotive mechanical design processes');
#3 = SHAPE_DEFINITION_REPRESENTATION(#4,#10);
#4 = PRODUCT_DEFINITION_SHAPE('','',#5);
#5 = PRODUCT_DEFINITION('design','',#6,#9);
#6 = PRODUCT_DEFINITION_FORMATION('','',#7);
#7 = PRODUCT('LFCSP_6_1EP_2x2mm_P0_65mm_EP1_6x1mm_fp001',
  'LFCSP_6_1EP_2x2mm_P0_65mm_EP1_6x1mm_fp001','',(#8));
#8 = PRODUCT_CONTEXT('',#2,'mechanical');
#9 = PRODUCT_DEFINITION_CONTEXT('part definition',#2,'design');
#10 = SHAPE_REPRESENTATION('',(#11,#15,#556,#608,#650,#692,#734,#776,
    #818,#860,#902,#944,#986,#1028,#1070,#1112,#1154,#1212,#1270,#1312,
    #1354,#1396,#1438,#1480,#1522,#1580,#1638,#1680,#1722,#1764,#1806,
    #1848,#1890,#1948,#2006,#2048,#2090,#2132,#2174,#2216,#2258,#2316,
    #2374,#2416,#2458,#2500,#2542,#2584,#2626,#2684,#2742,#2784,#2826,
    #2868,#2910,#2952,#2994,#3052,#3110,#3152,#3194,#3236,#3278,#3320,
    #3329,#3336,#3345,#3352,#3361,#3370,#3378,#3386,#3394,#3402,#3410,
    #3418,#3426,#3434,#3442,#3450,#3458,#3466,#3474,#3482,#3490,#3498,
    #3506,#3514,#3522,#3530,#3538,#3546,#3554,#3562,#3570,#3578,#3586,
    #3594,#3602,#3610,#3618,#3626,#3634,#3642,#3650,#3658,#3666,#3674,
    #3682,#3690,#3698,#3706,#3714,#3722,#3730,#3738,#3746,#3754,#3762,
    #3770,#3778,#3786,#3794,#3802,#3810,#3818,#3826,#3834,#3842,#3850,
    #3858,#3866,#3874,#3882,#3890,#3898,#3906,#3914,#3922,#3930,#3938,
    #3946,#3954,#3962,#3970,#3978,#3986,#3994,#4002,#4010,#4018,#4026,
    #4034,#4042,#4050,#4058,#4066,#4074,#4082,#4090,#4098,#4106,#4114,
    #4122,#4130,#4138,#4146,#4154,#4162,#4170,#4178,#4186,#4194,#4202,
    #4210,#4218,#4226,#4234,#4242,#4250,#4258,#4266,#4274,#4282,#4290,
    #4298,#4306,#4314,#4322,#4330,#4338,#4346,#4354,#4362,#4370,#4378,
    #4386,#4394,#4402,#4410,#4418,#4426,#4434,#4442,#4450,#4458,#4466,
    #4474,#4482,#4490,#4498,#4506,#4514,#4522,#4530,#4538,#4546,#4554,
    #4562,#4570,#4578,#4586,#4594,#4602,#4610,#4618,#4626,#4634,#4642,
    #4650,#4658,#4666,#4674,#4682,#4690,#4698,#4706,#4714,#4722,#4730,
    #4738,#4746,#4754,#4762,#4770,#4778,#4786,#4794,#4802,#4810,#4818,
    #4826,#4834,#4842,#4850,#4858,#4866,#4874,#4882,#4890,#4898,#4906,
    #4914,#4922,#4930,#4938,#4946,#4954,#4962,#4970,#4978,#4986,#4994,
    #5002,#5010,#5018,#5026,#5034,#5042,#5050,#5058,#5066,#5074,#5082,
    #5090,#5098,#5106,#5114,#5122,#5130,#5138,#5146,#5154,#5162,#5170,
    #5178,#5186,#5194,#5202,#5210,#5218,#5226,#5234,#5242,#5250,#5258,
    #5266,#5274,#5282,#5290,#5298,#5306,#5314,#5322,#5330,#5338,#5346,
    #5354,#5362,#5370,#5378,#5386,#5394,#5402,#5410,#5418,#5426,#5434,
    #5442,#5450,#5458,#5466,#5474),#5482);
#11 = AXIS2_PLACEMENT_3D('',#12,#13,#14);
#12 = CARTESIAN_POINT('',(0.,0.,0.));
#13 = DIRECTION('',(0.,0.,1.));
#14 = DIRECTION('',(1.,0.,-0.));
#15 = GEOMETRIC_CURVE_SET('',(#16,#17,#18,#19,#20,#21,#22,#23,#24,#25,
    #26,#27,#28,#29,#30,#31,#32,#33,#34,#35,#36,#37,#38,#39,#40,#41,#42,
    #43,#44,#45,#46,#47,#48,#49,#50,#51,#52,#53,#54,#55,#56,#57,#58,#59,
    #60,#61,#62,#63,#64,#65,#66,#67,#68,#69,#70,#71,#72,#73,#74,#75,#76,
    #77,#78,#79,#80,#81,#82,#83,#84,#85,#86,#87,#88,#89,#90,#91,#92,#93,
    #94,#95,#96,#97,#98,#99,#100,#101,#102,#103,#104,#105,#106,#107,#108
    ,#109,#110,#111,#112,#113,#114,#115,#116,#117,#118,#119,#120,#121,
    #122,#123,#124,#125,#126,#127,#128,#129,#130,#131,#132,#133,#134,
    #135,#136,#137,#138,#139,#140,#141,#142,#143,#144,#145,#146,#147,
    #148,#149,#150,#151,#152,#153,#154,#155,#156,#157,#158,#159,#160,
    #161,#162,#163,#164,#165,#166,#167,#168,#169,#170,#171,#172,#173,
    #174,#175,#176,#177,#178,#179,#180,#181,#182,#183,#184,#185,#186,
    #187,#188,#189,#190,#191,#192,#193,#194,#195,#196,#197,#198,#199,
    #200,#201,#202,#203,#204,#205,#206,#207,#208,#209,#210,#211,#212,
    #213,#214,#215,#216,#217,#218,#219,#220,#221,#222,#223,#224,#225,
    #226,#227,#228,#229,#230,#231,#232,#233,#234,#235,#236,#237,#238,
    #239,#240,#241,#242,#243,#244,#245,#246,#247,#248,#249,#250,#251,
    #252,#253,#254,#255,#256,#257,#258,#259,#260,#261,#262,#263,#264,
    #265,#266,#267,#268,#269,#270,#271,#272,#273,#274,#275,#276,#277,
    #278,#279,#280,#281,#282,#283,#284,#285,#286,#287,#288,#289,#290,
    #291,#292,#293,#294,#295,#296,#297,#298,#299,#300,#301,#302,#303,
    #304,#305,#306,#307,#308,#309,#310,#311,#312,#313,#314,#315,#316,
    #317,#318,#319,#320,#321,#322,#323,#324,#325,#326,#327,#328,#329,
    #330,#331,#332,#333,#334,#335,#336,#337,#338,#339,#340,#341,#342,
    #343,#344,#345,#346,#347,#348,#349,#350,#351,#352,#353,#354,#355,
    #356,#357,#358,#359,#360,#361,#362,#363,#364,#365,#366,#367,#368,
    #369,#370,#371,#372,#373,#374,#375,#376,#377,#378,#379,#380,#381,
    #382,#383,#384,#385,#386,#387,#388,#389,#390,#391,#392,#393,#394,
    #395,#396,#397,#398,#399,#400,#401,#402,#403,#404,#405,#406,#407,
    #408,#409,#410,#411,#412,#413,#414,#415,#416,#417,#418,#419,#420,
    #421,#422,#423,#424,#425,#426,#427,#428,#429,#430,#431,#432,#433,
    #434,#435,#436,#437,#438,#439,#440,#441,#442,#443,#444,#445,#446,
    #447,#448,#449,#450,#451,#452,#453,#454,#455,#456,#457,#458,#459,
    #460,#461,#462,#463,#464,#465,#466,#467,#468,#469,#470,#471,#472,
    #473,#474,#475,#476,#477,#478,#479,#480,#481,#482,#483,#484,#485,
    #486,#487,#488,#489,#490,#491,#492,#493,#494,#495,#496,#497,#498,
    #499,#500,#501,#502,#503,#504,#505,#506,#507,#508,#509,#510,#511,
    #512,#513,#514,#515,#516,#517,#518,#519,#520,#521,#522,#523,#524,
    #525,#526,#527,#528,#529,#530,#531,#532,#533,#534,#535,#536,#537,
    #538,#539,#540,#541,#542,#543,#544,#545,#546,#547,#548,#549,#550,
    #551,#552,#553,#554,#555));
#16 = CARTESIAN_POINT('',(-0.807,0.65,0.103));
#17 = CARTESIAN_POINT('',(-0.807,0.65,0.103));
#18 = CARTESIAN_POINT('',(-0.807,0.65,0.103));
#19 = CARTESIAN_POINT('',(-0.807,0.65,0.1));
#20 = CARTESIAN_POINT('',(-0.807,0.65,0.1));
#21 = CARTESIAN_POINT('',(-0.807,0.65,0.1));
#22 = CARTESIAN_POINT('',(-0.807,0.65,0.103));
#23 = CARTESIAN_POINT('',(-0.807,0.65,0.1));
#24 = CARTESIAN_POINT('',(-0.807,0.65,0.1));
#25 = CARTESIAN_POINT('',(-0.807,0.65,0.1));
#26 = CARTESIAN_POINT('',(-0.807,0.65,0.103));
#27 = CARTESIAN_POINT('',(-0.807,0.65,0.103));
#28 = CARTESIAN_POINT('',(-0.575,0.825,0.));
#29 = CARTESIAN_POINT('',(-1.,0.825,0.));
#30 = CARTESIAN_POINT('',(-0.575,0.475,0.));
#31 = CARTESIAN_POINT('',(-0.575,0.825,0.));
#32 = CARTESIAN_POINT('',(-1.,0.475,0.));
#33 = CARTESIAN_POINT('',(-0.575,0.475,0.));
#34 = CARTESIAN_POINT('',(-1.,0.825,0.));
#35 = CARTESIAN_POINT('',(-1.,0.475,0.));
#36 = CARTESIAN_POINT('',(0.949,1.,5.1E-02));
#37 = CARTESIAN_POINT('',(-0.949,1.,5.1E-02));
#38 = CARTESIAN_POINT('',(0.949,-1.,5.1E-02));
#39 = CARTESIAN_POINT('',(0.949,1.,5.1E-02));
#40 = CARTESIAN_POINT('',(-0.949,-1.,5.1E-02));
#41 = CARTESIAN_POINT('',(0.949,-1.,5.1E-02));
#42 = CARTESIAN_POINT('',(-0.949,1.,5.1E-02));
#43 = CARTESIAN_POINT('',(-0.949,-1.,5.1E-02));
#44 = CARTESIAN_POINT('',(0.949,-1.,0.1));
#45 = CARTESIAN_POINT('',(-0.949,-1.,0.1));
#46 = CARTESIAN_POINT('',(0.949,1.,0.1));
#47 = CARTESIAN_POINT('',(0.949,-1.,0.1));
#48 = CARTESIAN_POINT('',(-0.949,1.,0.1));
#49 = CARTESIAN_POINT('',(0.949,1.,0.1));
#50 = CARTESIAN_POINT('',(-0.949,-1.,0.1));
#51 = CARTESIAN_POINT('',(-0.949,1.,0.1));
#52 = CARTESIAN_POINT('',(0.949,-1.,5.1E-02));
#53 = CARTESIAN_POINT('',(-0.949,-1.,5.1E-02));
#54 = CARTESIAN_POINT('',(0.949,-1.,0.1));
#55 = CARTESIAN_POINT('',(0.949,-1.,5.1E-02));
#56 = CARTESIAN_POINT('',(-0.949,-1.,0.1));
#57 = CARTESIAN_POINT('',(0.949,-1.,0.1));
#58 = CARTESIAN_POINT('',(-0.949,-1.,5.1E-02));
#59 = CARTESIAN_POINT('',(-0.949,-1.,0.1));
#60 = CARTESIAN_POINT('',(0.949,1.,5.1E-02));
#61 = CARTESIAN_POINT('',(0.949,-1.,5.1E-02));
#62 = CARTESIAN_POINT('',(0.949,1.,0.1));
#63 = CARTESIAN_POINT('',(0.949,1.,5.1E-02));
#64 = CARTESIAN_POINT('',(0.949,-1.,0.1));
#65 = CARTESIAN_POINT('',(0.949,1.,0.1));
#66 = CARTESIAN_POINT('',(0.949,-1.,5.1E-02));
#67 = CARTESIAN_POINT('',(0.949,-1.,0.1));
#68 = CARTESIAN_POINT('',(-0.949,1.,5.1E-02));
#69 = CARTESIAN_POINT('',(0.949,1.,5.1E-02));
#70 = CARTESIAN_POINT('',(-0.949,1.,0.1));
#71 = CARTESIAN_POINT('',(-0.949,1.,5.1E-02));
#72 = CARTESIAN_POINT('',(0.949,1.,0.1));
#73 = CARTESIAN_POINT('',(-0.949,1.,0.1));
#74 = CARTESIAN_POINT('',(0.949,1.,5.1E-02));
#75 = CARTESIAN_POINT('',(0.949,1.,0.1));
#76 = CARTESIAN_POINT('',(-0.949,-1.,5.1E-02));
#77 = CARTESIAN_POINT('',(-0.949,1.,5.1E-02));
#78 = CARTESIAN_POINT('',(-0.949,-1.,0.1));
#79 = CARTESIAN_POINT('',(-0.949,-1.,5.1E-02));
#80 = CARTESIAN_POINT('',(-0.949,1.,0.1));
#81 = CARTESIAN_POINT('',(-0.949,-1.,0.1));
#82 = CARTESIAN_POINT('',(-0.949,1.,5.1E-02));
#83 = CARTESIAN_POINT('',(-0.949,1.,0.1));
#84 = CARTESIAN_POINT('',(0.5,0.8,0.));
#85 = CARTESIAN_POINT('',(-0.5,0.8,0.));
#86 = CARTESIAN_POINT('',(0.5,-0.8,0.));
#87 = CARTESIAN_POINT('',(0.5,0.8,0.));
#88 = CARTESIAN_POINT('',(-0.5,-0.8,0.));
#89 = CARTESIAN_POINT('',(0.5,-0.8,0.));
#90 = CARTESIAN_POINT('',(-0.5,0.8,0.));
#91 = CARTESIAN_POINT('',(-0.5,-0.8,0.));
#92 = CARTESIAN_POINT('',(0.5,-0.8,5.1E-02));
#93 = CARTESIAN_POINT('',(-0.5,-0.8,5.1E-02));
#94 = CARTESIAN_POINT('',(0.5,0.8,5.1E-02));
#95 = CARTESIAN_POINT('',(0.5,-0.8,5.1E-02));
#96 = CARTESIAN_POINT('',(-0.5,0.8,5.1E-02));
#97 = CARTESIAN_POINT('',(0.5,0.8,5.1E-02));
#98 = CARTESIAN_POINT('',(-0.5,-0.8,5.1E-02));
#99 = CARTESIAN_POINT('',(-0.5,0.8,5.1E-02));
#100 = CARTESIAN_POINT('',(0.5,-0.8,0.));
#101 = CARTESIAN_POINT('',(-0.5,-0.8,0.));
#102 = CARTESIAN_POINT('',(0.5,-0.8,5.1E-02));
#103 = CARTESIAN_POINT('',(0.5,-0.8,0.));
#104 = CARTESIAN_POINT('',(-0.5,-0.8,5.1E-02));
#105 = CARTESIAN_POINT('',(0.5,-0.8,5.1E-02));
#106 = CARTESIAN_POINT('',(-0.5,-0.8,0.));
#107 = CARTESIAN_POINT('',(-0.5,-0.8,5.1E-02));
#108 = CARTESIAN_POINT('',(0.5,0.8,0.));
#109 = CARTESIAN_POINT('',(0.5,-0.8,0.));
#110 = CARTESIAN_POINT('',(0.5,0.8,5.1E-02));
#111 = CARTESIAN_POINT('',(0.5,0.8,0.));
#112 = CARTESIAN_POINT('',(0.5,-0.8,5.1E-02));
#113 = CARTESIAN_POINT('',(0.5,0.8,5.1E-02));
#114 = CARTESIAN_POINT('',(0.5,-0.8,0.));
#115 = CARTESIAN_POINT('',(0.5,-0.8,5.1E-02));
#116 = CARTESIAN_POINT('',(-0.5,0.8,0.));
#117 = CARTESIAN_POINT('',(0.5,0.8,0.));
#118 = CARTESIAN_POINT('',(-0.5,0.8,5.1E-02));
#119 = CARTESIAN_POINT('',(-0.5,0.8,0.));
#120 = CARTESIAN_POINT('',(0.5,0.8,5.1E-02));
#121 = CARTESIAN_POINT('',(-0.5,0.8,5.1E-02));
#122 = CARTESIAN_POINT('',(0.5,0.8,0.));
#123 = CARTESIAN_POINT('',(0.5,0.8,5.1E-02));
#124 = CARTESIAN_POINT('',(-0.5,-0.8,0.));
#125 = CARTESIAN_POINT('',(-0.5,0.8,0.));
#126 = CARTESIAN_POINT('',(-0.5,-0.8,5.1E-02));
#127 = CARTESIAN_POINT('',(-0.5,-0.8,0.));
#128 = CARTESIAN_POINT('',(-0.5,0.8,5.1E-02));
#129 = CARTESIAN_POINT('',(-0.5,-0.8,5.1E-02));
#130 = CARTESIAN_POINT('',(-0.5,0.8,0.));
#131 = CARTESIAN_POINT('',(-0.5,0.8,5.1E-02));
#132 = CARTESIAN_POINT('',(0.575,0.825,0.));
#133 = CARTESIAN_POINT('',(1.,0.825,0.));
#134 = CARTESIAN_POINT('',(0.575,0.825,5.1E-02));
#135 = CARTESIAN_POINT('',(0.575,0.825,0.));
#136 = CARTESIAN_POINT('',(0.949,0.825,5.1E-02));
#137 = CARTESIAN_POINT('',(0.575,0.825,5.1E-02));
#138 = CARTESIAN_POINT('',(0.949,0.825,5.E-02));
#139 = CARTESIAN_POINT('',(0.949,0.825,5.1E-02));
#140 = CARTESIAN_POINT('',(1.,0.825,5.E-02));
#141 = CARTESIAN_POINT('',(0.949,0.825,5.E-02));
#142 = CARTESIAN_POINT('',(1.,0.825,0.));
#143 = CARTESIAN_POINT('',(1.,0.825,5.E-02));
#144 = CARTESIAN_POINT('',(1.,0.475,0.));
#145 = CARTESIAN_POINT('',(0.575,0.475,0.));
#146 = CARTESIAN_POINT('',(1.,0.475,5.E-02));
#147 = CARTESIAN_POINT('',(1.,0.475,0.));
#148 = CARTESIAN_POINT('',(0.949,0.475,5.E-02));
#149 = CARTESIAN_POINT('',(1.,0.475,5.E-02));
#150 = CARTESIAN_POINT('',(0.949,0.475,5.1E-02));
#151 = CARTESIAN_POINT('',(0.949,0.475,5.E-02));
#152 = CARTESIAN_POINT('',(0.575,0.475,5.1E-02));
#153 = CARTESIAN_POINT('',(0.949,0.475,5.1E-02));
#154 = CARTESIAN_POINT('',(0.575,0.475,0.));
#155 = CARTESIAN_POINT('',(0.575,0.475,5.1E-02));
#156 = CARTESIAN_POINT('',(0.949,0.825,5.E-02));
#157 = CARTESIAN_POINT('',(1.,0.825,5.E-02));
#158 = CARTESIAN_POINT('',(0.949,0.475,5.E-02));
#159 = CARTESIAN_POINT('',(0.949,0.825,5.E-02));
#160 = CARTESIAN_POINT('',(1.,0.475,5.E-02));
#161 = CARTESIAN_POINT('',(0.949,0.475,5.E-02));
#162 = CARTESIAN_POINT('',(1.,0.825,5.E-02));
#163 = CARTESIAN_POINT('',(1.,0.475,5.E-02));
#164 = CARTESIAN_POINT('',(0.575,0.825,5.1E-02));
#165 = CARTESIAN_POINT('',(0.949,0.825,5.1E-02));
#166 = CARTESIAN_POINT('',(0.575,0.475,5.1E-02));
#167 = CARTESIAN_POINT('',(0.575,0.825,5.1E-02));
#168 = CARTESIAN_POINT('',(0.949,0.475,5.1E-02));
#169 = CARTESIAN_POINT('',(0.575,0.475,5.1E-02));
#170 = CARTESIAN_POINT('',(0.949,0.825,5.1E-02));
#171 = CARTESIAN_POINT('',(0.949,0.475,5.1E-02));
#172 = CARTESIAN_POINT('',(1.,0.825,0.));
#173 = CARTESIAN_POINT('',(1.,0.475,0.));
#174 = CARTESIAN_POINT('',(1.,0.825,5.E-02));
#175 = CARTESIAN_POINT('',(1.,0.825,0.));
#176 = CARTESIAN_POINT('',(1.,0.475,5.E-02));
#177 = CARTESIAN_POINT('',(1.,0.825,5.E-02));
#178 = CARTESIAN_POINT('',(1.,0.475,0.));
#179 = CARTESIAN_POINT('',(1.,0.475,5.E-02));
#180 = CARTESIAN_POINT('',(0.575,0.475,0.));
#181 = CARTESIAN_POINT('',(0.575,0.825,0.));
#182 = CARTESIAN_POINT('',(0.575,0.475,5.1E-02));
#183 = CARTESIAN_POINT('',(0.575,0.475,0.));
#184 = CARTESIAN_POINT('',(0.575,0.825,5.1E-02));
#185 = CARTESIAN_POINT('',(0.575,0.475,5.1E-02));
#186 = CARTESIAN_POINT('',(0.575,0.825,0.));
#187 = CARTESIAN_POINT('',(0.575,0.825,5.1E-02));
#188 = CARTESIAN_POINT('',(0.949,0.475,5.1E-02));
#189 = CARTESIAN_POINT('',(0.949,0.825,5.1E-02));
#190 = CARTESIAN_POINT('',(0.949,0.475,5.E-02));
#191 = CARTESIAN_POINT('',(0.949,0.475,5.1E-02));
#192 = CARTESIAN_POINT('',(0.949,0.825,5.E-02));
#193 = CARTESIAN_POINT('',(0.949,0.475,5.E-02));
#194 = CARTESIAN_POINT('',(0.949,0.825,5.1E-02));
#195 = CARTESIAN_POINT('',(0.949,0.825,5.E-02));
#196 = CARTESIAN_POINT('',(0.575,0.475,0.));
#197 = CARTESIAN_POINT('',(1.,0.475,0.));
#198 = CARTESIAN_POINT('',(0.575,0.825,0.));
#199 = CARTESIAN_POINT('',(0.575,0.475,0.));
#200 = CARTESIAN_POINT('',(1.,0.825,0.));
#201 = CARTESIAN_POINT('',(0.575,0.825,0.));
#202 = CARTESIAN_POINT('',(1.,0.475,0.));
#203 = CARTESIAN_POINT('',(1.,0.825,0.));
#204 = CARTESIAN_POINT('',(0.575,0.175,0.));
#205 = CARTESIAN_POINT('',(1.,0.175,0.));
#206 = CARTESIAN_POINT('',(0.575,0.175,5.1E-02));
#207 = CARTESIAN_POINT('',(0.575,0.175,0.));
#208 = CARTESIAN_POINT('',(0.949,0.175,5.1E-02));
#209 = CARTESIAN_POINT('',(0.575,0.175,5.1E-02));
#210 = CARTESIAN_POINT('',(0.949,0.175,5.E-02));
#211 = CARTESIAN_POINT('',(0.949,0.175,5.1E-02));
#212 = CARTESIAN_POINT('',(1.,0.175,5.E-02));
#213 = CARTESIAN_POINT('',(0.949,0.175,5.E-02));
#214 = CARTESIAN_POINT('',(1.,0.175,0.));
#215 = CARTESIAN_POINT('',(1.,0.175,5.E-02));
#216 = CARTESIAN_POINT('',(1.,-0.175,0.));
#217 = CARTESIAN_POINT('',(0.575,-0.175,0.));
#218 = CARTESIAN_POINT('',(1.,-0.175,5.E-02));
#219 = CARTESIAN_POINT('',(1.,-0.175,0.));
#220 = CARTESIAN_POINT('',(0.949,-0.175,5.E-02));
#221 = CARTESIAN_POINT('',(1.,-0.175,5.E-02));
#222 = CARTESIAN_POINT('',(0.949,-0.175,5.1E-02));
#223 = CARTESIAN_POINT('',(0.949,-0.175,5.E-02));
#224 = CARTESIAN_POINT('',(0.575,-0.175,5.1E-02));
#225 = CARTESIAN_POINT('',(0.949,-0.175,5.1E-02));
#226 = CARTESIAN_POINT('',(0.575,-0.175,0.));
#227 = CARTESIAN_POINT('',(0.575,-0.175,5.1E-02));
#228 = CARTESIAN_POINT('',(0.949,0.175,5.E-02));
#229 = CARTESIAN_POINT('',(1.,0.175,5.E-02));
#230 = CARTESIAN_POINT('',(0.949,-0.175,5.E-02));
#231 = CARTESIAN_POINT('',(0.949,0.175,5.E-02));
#232 = CARTESIAN_POINT('',(1.,-0.175,5.E-02));
#233 = CARTESIAN_POINT('',(0.949,-0.175,5.E-02));
#234 = CARTESIAN_POINT('',(1.,0.175,5.E-02));
#235 = CARTESIAN_POINT('',(1.,-0.175,5.E-02));
#236 = CARTESIAN_POINT('',(0.575,0.175,5.1E-02));
#237 = CARTESIAN_POINT('',(0.949,0.175,5.1E-02));
#238 = CARTESIAN_POINT('',(0.575,-0.175,5.1E-02));
#239 = CARTESIAN_POINT('',(0.575,0.175,5.1E-02));
#240 = CARTESIAN_POINT('',(0.949,-0.175,5.1E-02));
#241 = CARTESIAN_POINT('',(0.575,-0.175,5.1E-02));
#242 = CARTESIAN_POINT('',(0.949,0.175,5.1E-02));
#243 = CARTESIAN_POINT('',(0.949,-0.175,5.1E-02));
#244 = CARTESIAN_POINT('',(1.,0.175,0.));
#245 = CARTESIAN_POINT('',(1.,-0.175,0.));
#246 = CARTESIAN_POINT('',(1.,0.175,5.E-02));
#247 = CARTESIAN_POINT('',(1.,0.175,0.));
#248 = CARTESIAN_POINT('',(1.,-0.175,5.E-02));
#249 = CARTESIAN_POINT('',(1.,0.175,5.E-02));
#250 = CARTESIAN_POINT('',(1.,-0.175,0.));
#251 = CARTESIAN_POINT('',(1.,-0.175,5.E-02));
#252 = CARTESIAN_POINT('',(0.575,-0.175,0.));
#253 = CARTESIAN_POINT('',(0.575,0.175,0.));
#254 = CARTESIAN_POINT('',(0.575,-0.175,5.1E-02));
#255 = CARTESIAN_POINT('',(0.575,-0.175,0.));
#256 = CARTESIAN_POINT('',(0.575,0.175,5.1E-02));
#257 = CARTESIAN_POINT('',(0.575,-0.175,5.1E-02));
#258 = CARTESIAN_POINT('',(0.575,0.175,0.));
#259 = CARTESIAN_POINT('',(0.575,0.175,5.1E-02));
#260 = CARTESIAN_POINT('',(0.949,-0.175,5.1E-02));
#261 = CARTESIAN_POINT('',(0.949,0.175,5.1E-02));
#262 = CARTESIAN_POINT('',(0.949,-0.175,5.E-02));
#263 = CARTESIAN_POINT('',(0.949,-0.175,5.1E-02));
#264 = CARTESIAN_POINT('',(0.949,0.175,5.E-02));
#265 = CARTESIAN_POINT('',(0.949,-0.175,5.E-02));
#266 = CARTESIAN_POINT('',(0.949,0.175,5.1E-02));
#267 = CARTESIAN_POINT('',(0.949,0.175,5.E-02));
#268 = CARTESIAN_POINT('',(0.575,-0.175,0.));
#269 = CARTESIAN_POINT('',(1.,-0.175,0.));
#270 = CARTESIAN_POINT('',(0.575,0.175,0.));
#271 = CARTESIAN_POINT('',(0.575,-0.175,0.));
#272 = CARTESIAN_POINT('',(1.,0.175,0.));
#273 = CARTESIAN_POINT('',(0.575,0.175,0.));
#274 = CARTESIAN_POINT('',(1.,-0.175,0.));
#275 = CARTESIAN_POINT('',(1.,0.175,0.));
#276 = CARTESIAN_POINT('',(0.575,-0.475,0.));
#277 = CARTESIAN_POINT('',(1.,-0.475,0.));
#278 = CARTESIAN_POINT('',(0.575,-0.475,5.1E-02));
#279 = CARTESIAN_POINT('',(0.575,-0.475,0.));
#280 = CARTESIAN_POINT('',(0.949,-0.475,5.1E-02));
#281 = CARTESIAN_POINT('',(0.575,-0.475,5.1E-02));
#282 = CARTESIAN_POINT('',(0.949,-0.475,5.E-02));
#283 = CARTESIAN_POINT('',(0.949,-0.475,5.1E-02));
#284 = CARTESIAN_POINT('',(1.,-0.475,5.E-02));
#285 = CARTESIAN_POINT('',(0.949,-0.475,5.E-02));
#286 = CARTESIAN_POINT('',(1.,-0.475,0.));
#287 = CARTESIAN_POINT('',(1.,-0.475,5.E-02));
#288 = CARTESIAN_POINT('',(1.,-0.825,0.));
#289 = CARTESIAN_POINT('',(0.575,-0.825,0.));
#290 = CARTESIAN_POINT('',(1.,-0.825,5.E-02));
#291 = CARTESIAN_POINT('',(1.,-0.825,0.));
#292 = CARTESIAN_POINT('',(0.949,-0.825,5.E-02));
#293 = CARTESIAN_POINT('',(1.,-0.825,5.E-02));
#294 = CARTESIAN_POINT('',(0.949,-0.825,5.1E-02));
#295 = CARTESIAN_POINT('',(0.949,-0.825,5.E-02));
#296 = CARTESIAN_POINT('',(0.575,-0.825,5.1E-02));
#297 = CARTESIAN_POINT('',(0.949,-0.825,5.1E-02));
#298 = CARTESIAN_POINT('',(0.575,-0.825,0.));
#299 = CARTESIAN_POINT('',(0.575,-0.825,5.1E-02));
#300 = CARTESIAN_POINT('',(0.949,-0.475,5.E-02));
#301 = CARTESIAN_POINT('',(1.,-0.475,5.E-02));
#302 = CARTESIAN_POINT('',(0.949,-0.825,5.E-02));
#303 = CARTESIAN_POINT('',(0.949,-0.475,5.E-02));
#304 = CARTESIAN_POINT('',(1.,-0.825,5.E-02));
#305 = CARTESIAN_POINT('',(0.949,-0.825,5.E-02));
#306 = CARTESIAN_POINT('',(1.,-0.475,5.E-02));
#307 = CARTESIAN_POINT('',(1.,-0.825,5.E-02));
#308 = CARTESIAN_POINT('',(0.575,-0.475,5.1E-02));
#309 = CARTESIAN_POINT('',(0.949,-0.475,5.1E-02));
#310 = CARTESIAN_POINT('',(0.575,-0.825,5.1E-02));
#311 = CARTESIAN_POINT('',(0.575,-0.475,5.1E-02));
#312 = CARTESIAN_POINT('',(0.949,-0.825,5.1E-02));
#313 = CARTESIAN_POINT('',(0.575,-0.825,5.1E-02));
#314 = CARTESIAN_POINT('',(0.949,-0.475,5.1E-02));
#315 = CARTESIAN_POINT('',(0.949,-0.825,5.1E-02));
#316 = CARTESIAN_POINT('',(1.,-0.475,0.));
#317 = CARTESIAN_POINT('',(1.,-0.825,0.));
#318 = CARTESIAN_POINT('',(1.,-0.475,5.E-02));
#319 = CARTESIAN_POINT('',(1.,-0.475,0.));
#320 = CARTESIAN_POINT('',(1.,-0.825,5.E-02));
#321 = CARTESIAN_POINT('',(1.,-0.475,5.E-02));
#322 = CARTESIAN_POINT('',(1.,-0.825,0.));
#323 = CARTESIAN_POINT('',(1.,-0.825,5.E-02));
#324 = CARTESIAN_POINT('',(0.575,-0.825,0.));
#325 = CARTESIAN_POINT('',(0.575,-0.475,0.));
#326 = CARTESIAN_POINT('',(0.575,-0.825,5.1E-02));
#327 = CARTESIAN_POINT('',(0.575,-0.825,0.));
#328 = CARTESIAN_POINT('',(0.575,-0.475,5.1E-02));
#329 = CARTESIAN_POINT('',(0.575,-0.825,5.1E-02));
#330 = CARTESIAN_POINT('',(0.575,-0.475,0.));
#331 = CARTESIAN_POINT('',(0.575,-0.475,5.1E-02));
#332 = CARTESIAN_POINT('',(0.949,-0.825,5.1E-02));
#333 = CARTESIAN_POINT('',(0.949,-0.475,5.1E-02));
#334 = CARTESIAN_POINT('',(0.949,-0.825,5.E-02));
#335 = CARTESIAN_POINT('',(0.949,-0.825,5.1E-02));
#336 = CARTESIAN_POINT('',(0.949,-0.475,5.E-02));
#337 = CARTESIAN_POINT('',(0.949,-0.825,5.E-02));
#338 = CARTESIAN_POINT('',(0.949,-0.475,5.1E-02));
#339 = CARTESIAN_POINT('',(0.949,-0.475,5.E-02));
#340 = CARTESIAN_POINT('',(0.575,-0.825,0.));
#341 = CARTESIAN_POINT('',(1.,-0.825,0.));
#342 = CARTESIAN_POINT('',(0.575,-0.475,0.));
#343 = CARTESIAN_POINT('',(0.575,-0.825,0.));
#344 = CARTESIAN_POINT('',(1.,-0.475,0.));
#345 = CARTESIAN_POINT('',(0.575,-0.475,0.));
#346 = CARTESIAN_POINT('',(1.,-0.825,0.));
#347 = CARTESIAN_POINT('',(1.,-0.475,0.));
#348 = CARTESIAN_POINT('',(-0.575,-0.825,0.));
#349 = CARTESIAN_POINT('',(-1.,-0.825,0.));
#350 = CARTESIAN_POINT('',(-0.575,-0.825,5.1E-02));
#351 = CARTESIAN_POINT('',(-0.575,-0.825,0.));
#352 = CARTESIAN_POINT('',(-0.949,-0.825,5.1E-02));
#353 = CARTESIAN_POINT('',(-0.575,-0.825,5.1E-02));
#354 = CARTESIAN_POINT('',(-0.949,-0.825,5.E-02));
#355 = CARTESIAN_POINT('',(-0.949,-0.825,5.1E-02));
#356 = CARTESIAN_POINT('',(-1.,-0.825,5.E-02));
#357 = CARTESIAN_POINT('',(-0.949,-0.825,5.E-02));
#358 = CARTESIAN_POINT('',(-1.,-0.825,0.));
#359 = CARTESIAN_POINT('',(-1.,-0.825,5.E-02));
#360 = CARTESIAN_POINT('',(-1.,-0.475,0.));
#361 = CARTESIAN_POINT('',(-0.575,-0.475,0.));
#362 = CARTESIAN_POINT('',(-1.,-0.475,5.E-02));
#363 = CARTESIAN_POINT('',(-1.,-0.475,0.));
#364 = CARTESIAN_POINT('',(-0.949,-0.475,5.E-02));
#365 = CARTESIAN_POINT('',(-1.,-0.475,5.E-02));
#366 = CARTESIAN_POINT('',(-0.949,-0.475,5.1E-02));
#367 = CARTESIAN_POINT('',(-0.949,-0.475,5.E-02));
#368 = CARTESIAN_POINT('',(-0.575,-0.475,5.1E-02));
#369 = CARTESIAN_POINT('',(-0.949,-0.475,5.1E-02));
#370 = CARTESIAN_POINT('',(-0.575,-0.475,0.));
#371 = CARTESIAN_POINT('',(-0.575,-0.475,5.1E-02));
#372 = CARTESIAN_POINT('',(-0.949,-0.825,5.E-02));
#373 = CARTESIAN_POINT('',(-1.,-0.825,5.E-02));
#374 = CARTESIAN_POINT('',(-0.949,-0.475,5.E-02));
#375 = CARTESIAN_POINT('',(-0.949,-0.825,5.E-02));
#376 = CARTESIAN_POINT('',(-1.,-0.475,5.E-02));
#377 = CARTESIAN_POINT('',(-0.949,-0.475,5.E-02));
#378 = CARTESIAN_POINT('',(-1.,-0.825,5.E-02));
#379 = CARTESIAN_POINT('',(-1.,-0.475,5.E-02));
#380 = CARTESIAN_POINT('',(-0.575,-0.825,5.1E-02));
#381 = CARTESIAN_POINT('',(-0.949,-0.825,5.1E-02));
#382 = CARTESIAN_POINT('',(-0.575,-0.475,5.1E-02));
#383 = CARTESIAN_POINT('',(-0.575,-0.825,5.1E-02));
#384 = CARTESIAN_POINT('',(-0.949,-0.475,5.1E-02));
#385 = CARTESIAN_POINT('',(-0.575,-0.475,5.1E-02));
#386 = CARTESIAN_POINT('',(-0.949,-0.825,5.1E-02));
#387 = CARTESIAN_POINT('',(-0.949,-0.475,5.1E-02));
#388 = CARTESIAN_POINT('',(-1.,-0.825,0.));
#389 = CARTESIAN_POINT('',(-1.,-0.475,0.));
#390 = CARTESIAN_POINT('',(-1.,-0.825,5.E-02));
#391 = CARTESIAN_POINT('',(-1.,-0.825,0.));
#392 = CARTESIAN_POINT('',(-1.,-0.475,5.E-02));
#393 = CARTESIAN_POINT('',(-1.,-0.825,5.E-02));
#394 = CARTESIAN_POINT('',(-1.,-0.475,0.));
#395 = CARTESIAN_POINT('',(-1.,-0.475,5.E-02));
#396 = CARTESIAN_POINT('',(-0.575,-0.475,0.));
#397 = CARTESIAN_POINT('',(-0.575,-0.825,0.));
#398 = CARTESIAN_POINT('',(-0.575,-0.475,5.1E-02));
#399 = CARTESIAN_POINT('',(-0.575,-0.475,0.));
#400 = CARTESIAN_POINT('',(-0.575,-0.825,5.1E-02));
#401 = CARTESIAN_POINT('',(-0.575,-0.475,5.1E-02));
#402 = CARTESIAN_POINT('',(-0.575,-0.825,0.));
#403 = CARTESIAN_POINT('',(-0.575,-0.825,5.1E-02));
#404 = CARTESIAN_POINT('',(-0.949,-0.475,5.1E-02));
#405 = CARTESIAN_POINT('',(-0.949,-0.825,5.1E-02));
#406 = CARTESIAN_POINT('',(-0.949,-0.475,5.E-02));
#407 = CARTESIAN_POINT('',(-0.949,-0.475,5.1E-02));
#408 = CARTESIAN_POINT('',(-0.949,-0.825,5.E-02));
#409 = CARTESIAN_POINT('',(-0.949,-0.475,5.E-02));
#410 = CARTESIAN_POINT('',(-0.949,-0.825,5.1E-02));
#411 = CARTESIAN_POINT('',(-0.949,-0.825,5.E-02));
#412 = CARTESIAN_POINT('',(-0.575,-0.475,0.));
#413 = CARTESIAN_POINT('',(-1.,-0.475,0.));
#414 = CARTESIAN_POINT('',(-0.575,-0.825,0.));
#415 = CARTESIAN_POINT('',(-0.575,-0.475,0.));
#416 = CARTESIAN_POINT('',(-1.,-0.825,0.));
#417 = CARTESIAN_POINT('',(-0.575,-0.825,0.));
#418 = CARTESIAN_POINT('',(-1.,-0.475,0.));
#419 = CARTESIAN_POINT('',(-1.,-0.825,0.));
#420 = CARTESIAN_POINT('',(-0.575,-0.175,0.));
#421 = CARTESIAN_POINT('',(-1.,-0.175,0.));
#422 = CARTESIAN_POINT('',(-0.575,-0.175,5.1E-02));
#423 = CARTESIAN_POINT('',(-0.575,-0.175,0.));
#424 = CARTESIAN_POINT('',(-0.949,-0.175,5.1E-02));
#425 = CARTESIAN_POINT('',(-0.575,-0.175,5.1E-02));
#426 = CARTESIAN_POINT('',(-0.949,-0.175,5.E-02));
#427 = CARTESIAN_POINT('',(-0.949,-0.175,5.1E-02));
#428 = CARTESIAN_POINT('',(-1.,-0.175,5.E-02));
#429 = CARTESIAN_POINT('',(-0.949,-0.175,5.E-02));
#430 = CARTESIAN_POINT('',(-1.,-0.175,0.));
#431 = CARTESIAN_POINT('',(-1.,-0.175,5.E-02));
#432 = CARTESIAN_POINT('',(-1.,0.175,0.));
#433 = CARTESIAN_POINT('',(-0.575,0.175,0.));
#434 = CARTESIAN_POINT('',(-1.,0.175,5.E-02));
#435 = CARTESIAN_POINT('',(-1.,0.175,0.));
#436 = CARTESIAN_POINT('',(-0.949,0.175,5.E-02));
#437 = CARTESIAN_POINT('',(-1.,0.175,5.E-02));
#438 = CARTESIAN_POINT('',(-0.949,0.175,5.1E-02));
#439 = CARTESIAN_POINT('',(-0.949,0.175,5.E-02));
#440 = CARTESIAN_POINT('',(-0.575,0.175,5.1E-02));
#441 = CARTESIAN_POINT('',(-0.949,0.175,5.1E-02));
#442 = CARTESIAN_POINT('',(-0.575,0.175,0.));
#443 = CARTESIAN_POINT('',(-0.575,0.175,5.1E-02));
#444 = CARTESIAN_POINT('',(-0.949,-0.175,5.E-02));
#445 = CARTESIAN_POINT('',(-1.,-0.175,5.E-02));
#446 = CARTESIAN_POINT('',(-0.949,0.175,5.E-02));
#447 = CARTESIAN_POINT('',(-0.949,-0.175,5.E-02));
#448 = CARTESIAN_POINT('',(-1.,0.175,5.E-02));
#449 = CARTESIAN_POINT('',(-0.949,0.175,5.E-02));
#450 = CARTESIAN_POINT('',(-1.,-0.175,5.E-02));
#451 = CARTESIAN_POINT('',(-1.,0.175,5.E-02));
#452 = CARTESIAN_POINT('',(-0.575,-0.175,5.1E-02));
#453 = CARTESIAN_POINT('',(-0.949,-0.175,5.1E-02));
#454 = CARTESIAN_POINT('',(-0.575,0.175,5.1E-02));
#455 = CARTESIAN_POINT('',(-0.575,-0.175,5.1E-02));
#456 = CARTESIAN_POINT('',(-0.949,0.175,5.1E-02));
#457 = CARTESIAN_POINT('',(-0.575,0.175,5.1E-02));
#458 = CARTESIAN_POINT('',(-0.949,-0.175,5.1E-02));
#459 = CARTESIAN_POINT('',(-0.949,0.175,5.1E-02));
#460 = CARTESIAN_POINT('',(-1.,-0.175,0.));
#461 = CARTESIAN_POINT('',(-1.,0.175,0.));
#462 = CARTESIAN_POINT('',(-1.,-0.175,5.E-02));
#463 = CARTESIAN_POINT('',(-1.,-0.175,0.));
#464 = CARTESIAN_POINT('',(-1.,0.175,5.E-02));
#465 = CARTESIAN_POINT('',(-1.,-0.175,5.E-02));
#466 = CARTESIAN_POINT('',(-1.,0.175,0.));
#467 = CARTESIAN_POINT('',(-1.,0.175,5.E-02));
#468 = CARTESIAN_POINT('',(-0.575,0.175,0.));
#469 = CARTESIAN_POINT('',(-0.575,-0.175,0.));
#470 = CARTESIAN_POINT('',(-0.575,0.175,5.1E-02));
#471 = CARTESIAN_POINT('',(-0.575,0.175,0.));
#472 = CARTESIAN_POINT('',(-0.575,-0.175,5.1E-02));
#473 = CARTESIAN_POINT('',(-0.575,0.175,5.1E-02));
#474 = CARTESIAN_POINT('',(-0.575,-0.175,0.));
#475 = CARTESIAN_POINT('',(-0.575,-0.175,5.1E-02));
#476 = CARTESIAN_POINT('',(-0.949,0.175,5.1E-02));
#477 = CARTESIAN_POINT('',(-0.949,-0.175,5.1E-02));
#478 = CARTESIAN_POINT('',(-0.949,0.175,5.E-02));
#479 = CARTESIAN_POINT('',(-0.949,0.175,5.1E-02));
#480 = CARTESIAN_POINT('',(-0.949,-0.175,5.E-02));
#481 = CARTESIAN_POINT('',(-0.949,0.175,5.E-02));
#482 = CARTESIAN_POINT('',(-0.949,-0.175,5.1E-02));
#483 = CARTESIAN_POINT('',(-0.949,-0.175,5.E-02));
#484 = CARTESIAN_POINT('',(-0.575,0.175,0.));
#485 = CARTESIAN_POINT('',(-1.,0.175,0.));
#486 = CARTESIAN_POINT('',(-0.575,-0.175,0.));
#487 = CARTESIAN_POINT('',(-0.575,0.175,0.));
#488 = CARTESIAN_POINT('',(-1.,-0.175,0.));
#489 = CARTESIAN_POINT('',(-0.575,-0.175,0.));
#490 = CARTESIAN_POINT('',(-1.,0.175,0.));
#491 = CARTESIAN_POINT('',(-1.,-0.175,0.));
#492 = CARTESIAN_POINT('',(-0.575,0.475,0.));
#493 = CARTESIAN_POINT('',(-1.,0.475,0.));
#494 = CARTESIAN_POINT('',(-0.575,0.475,5.1E-02));
#495 = CARTESIAN_POINT('',(-0.575,0.475,0.));
#496 = CARTESIAN_POINT('',(-0.949,0.475,5.1E-02));
#497 = CARTESIAN_POINT('',(-0.575,0.475,5.1E-02));
#498 = CARTESIAN_POINT('',(-0.949,0.475,5.E-02));
#499 = CARTESIAN_POINT('',(-0.949,0.475,5.1E-02));
#500 = CARTESIAN_POINT('',(-1.,0.475,5.E-02));
#501 = CARTESIAN_POINT('',(-0.949,0.475,5.E-02));
#502 = CARTESIAN_POINT('',(-1.,0.475,0.));
#503 = CARTESIAN_POINT('',(-1.,0.475,5.E-02));
#504 = CARTESIAN_POINT('',(-1.,0.825,0.));
#505 = CARTESIAN_POINT('',(-0.575,0.825,0.));
#506 = CARTESIAN_POINT('',(-1.,0.825,5.E-02));
#507 = CARTESIAN_POINT('',(-1.,0.825,0.));
#508 = CARTESIAN_POINT('',(-0.949,0.825,5.E-02));
#509 = CARTESIAN_POINT('',(-1.,0.825,5.E-02));
#510 = CARTESIAN_POINT('',(-0.949,0.825,5.1E-02));
#511 = CARTESIAN_POINT('',(-0.949,0.825,5.E-02));
#512 = CARTESIAN_POINT('',(-0.575,0.825,5.1E-02));
#513 = CARTESIAN_POINT('',(-0.949,0.825,5.1E-02));
#514 = CARTESIAN_POINT('',(-0.575,0.825,0.));
#515 = CARTESIAN_POINT('',(-0.575,0.825,5.1E-02));
#516 = CARTESIAN_POINT('',(-0.949,0.475,5.E-02));
#517 = CARTESIAN_POINT('',(-1.,0.475,5.E-02));
#518 = CARTESIAN_POINT('',(-0.949,0.825,5.E-02));
#519 = CARTESIAN_POINT('',(-0.949,0.475,5.E-02));
#520 = CARTESIAN_POINT('',(-1.,0.825,5.E-02));
#521 = CARTESIAN_POINT('',(-0.949,0.825,5.E-02));
#522 = CARTESIAN_POINT('',(-1.,0.475,5.E-02));
#523 = CARTESIAN_POINT('',(-1.,0.825,5.E-02));
#524 = CARTESIAN_POINT('',(-0.575,0.475,5.1E-02));
#525 = CARTESIAN_POINT('',(-0.949,0.475,5.1E-02));
#526 = CARTESIAN_POINT('',(-0.575,0.825,5.1E-02));
#527 = CARTESIAN_POINT('',(-0.575,0.475,5.1E-02));
#528 = CARTESIAN_POINT('',(-0.949,0.825,5.1E-02));
#529 = CARTESIAN_POINT('',(-0.575,0.825,5.1E-02));
#530 = CARTESIAN_POINT('',(-0.949,0.475,5.1E-02));
#531 = CARTESIAN_POINT('',(-0.949,0.825,5.1E-02));
#532 = CARTESIAN_POINT('',(-1.,0.475,0.));
#533 = CARTESIAN_POINT('',(-1.,0.825,0.));
#534 = CARTESIAN_POINT('',(-1.,0.475,5.E-02));
#535 = CARTESIAN_POINT('',(-1.,0.475,0.));
#536 = CARTESIAN_POINT('',(-1.,0.825,5.E-02));
#537 = CARTESIAN_POINT('',(-1.,0.475,5.E-02));
#538 = CARTESIAN_POINT('',(-1.,0.825,0.));
#539 = CARTESIAN_POINT('',(-1.,0.825,5.E-02));
#540 = CARTESIAN_POINT('',(-0.575,0.825,0.));
#541 = CARTESIAN_POINT('',(-0.575,0.475,0.));
#542 = CARTESIAN_POINT('',(-0.575,0.825,5.1E-02));
#543 = CARTESIAN_POINT('',(-0.575,0.825,0.));
#544 = CARTESIAN_POINT('',(-0.575,0.475,5.1E-02));
#545 = CARTESIAN_POINT('',(-0.575,0.825,5.1E-02));
#546 = CARTESIAN_POINT('',(-0.575,0.475,0.));
#547 = CARTESIAN_POINT('',(-0.575,0.475,5.1E-02));
#548 = CARTESIAN_POINT('',(-0.949,0.825,5.1E-02));
#549 = CARTESIAN_POINT('',(-0.949,0.475,5.1E-02));
#550 = CARTESIAN_POINT('',(-0.949,0.825,5.E-02));
#551 = CARTESIAN_POINT('',(-0.949,0.825,5.1E-02));
#552 = CARTESIAN_POINT('',(-0.949,0.475,5.E-02));
#553 = CARTESIAN_POINT('',(-0.949,0.825,5.E-02));
#554 = CARTESIAN_POINT('',(-0.949,0.475,5.1E-02));
#555 = CARTESIAN_POINT('',(-0.949,0.475,5.E-02));
#556 = MANIFOLD_SOLID_BREP('',#557);
#557 = CLOSED_SHELL('',(#558,#590,#599));
#558 = ADVANCED_FACE('',(#559),#585,.T.);
#559 = FACE_BOUND('',#560,.T.);
#560 = EDGE_LOOP('',(#561,#570,#577,#584));
#561 = ORIENTED_EDGE('',*,*,#562,.F.);
#562 = EDGE_CURVE('',#563,#563,#565,.T.);
#563 = VERTEX_POINT('',#564);
#564 = CARTESIAN_POINT('',(-0.807,0.65,0.103));
#565 = CIRCLE('',#566,4.74600016E-02);
#566 = AXIS2_PLACEMENT_3D('',#567,#568,#569);
#567 = CARTESIAN_POINT('',(-0.759,0.65,0.103));
#568 = DIRECTION('',(0.,0.,1.));
#569 = DIRECTION('',(1.,0.,0.));
#570 = ORIENTED_EDGE('',*,*,#571,.F.);
#571 = EDGE_CURVE('',#572,#563,#574,.T.);
#572 = VERTEX_POINT('',#573);
#573 = CARTESIAN_POINT('',(-0.807,0.65,0.1));
#574 = B_SPLINE_CURVE_WITH_KNOTS('',1,(#575,#576),.UNSPECIFIED.,.F.,.F.,
  (2,2),(0.,3.E-03),.PIECEWISE_BEZIER_KNOTS.);
#575 = CARTESIAN_POINT('',(-0.8064600016,0.65,0.1));
#576 = CARTESIAN_POINT('',(-0.8064600016,0.65,0.103));
#577 = ORIENTED_EDGE('',*,*,#578,.F.);
#578 = EDGE_CURVE('',#572,#572,#579,.T.);
#579 = CIRCLE('',#580,4.74600016E-02);
#580 = AXIS2_PLACEMENT_3D('',#581,#582,#583);
#581 = CARTESIAN_POINT('',(-0.759,0.65,0.1));
#582 = DIRECTION('',(0.,0.,-1.));
#583 = DIRECTION('',(1.,0.,0.));
#584 = ORIENTED_EDGE('',*,*,#571,.T.);
#585 = CYLINDRICAL_SURFACE('',#586,4.74600016E-02);
#586 = AXIS2_PLACEMENT_3D('',#587,#588,#589);
#587 = CARTESIAN_POINT('',(-0.759,0.65,0.1));
#588 = DIRECTION('',(0.,0.,1.));
#589 = DIRECTION('',(1.,0.,0.));
#590 = ADVANCED_FACE('',(#591),#594,.F.);
#591 = FACE_BOUND('',#592,.T.);
#592 = EDGE_LOOP('',(#593));
#593 = ORIENTED_EDGE('',*,*,#578,.T.);
#594 = PLANE('',#595);
#595 = AXIS2_PLACEMENT_3D('',#596,#597,#598);
#596 = CARTESIAN_POINT('',(-0.759,0.65,0.1));
#597 = DIRECTION('',(0.,0.,1.));
#598 = DIRECTION('',(0.,1.,0.));
#599 = ADVANCED_FACE('',(#600),#603,.T.);
#600 = FACE_BOUND('',#601,.T.);
#601 = EDGE_LOOP('',(#602));
#602 = ORIENTED_EDGE('',*,*,#562,.T.);
#603 = PLANE('',#604);
#604 = AXIS2_PLACEMENT_3D('',#605,#606,#607);
#605 = CARTESIAN_POINT('',(-0.759,0.65,0.103));
#606 = DIRECTION('',(0.,0.,1.));
#607 = DIRECTION('',(0.,1.,0.));
#608 = SHELL_BASED_SURFACE_MODEL('',(#609));
#609 = OPEN_SHELL('',(#610));
#610 = ADVANCED_FACE('',(#611),#645,.F.);
#611 = FACE_BOUND('',#612,.T.);
#612 = EDGE_LOOP('',(#613,#623,#631,#639));
#613 = ORIENTED_EDGE('',*,*,#614,.F.);
#614 = EDGE_CURVE('',#615,#617,#619,.T.);
#615 = VERTEX_POINT('',#616);
#616 = CARTESIAN_POINT('',(-0.575,0.825,0.));
#617 = VERTEX_POINT('',#618);
#618 = CARTESIAN_POINT('',(-1.,0.825,0.));
#619 = LINE('',#620,#621);
#620 = CARTESIAN_POINT('',(-0.575,0.825,0.));
#621 = VECTOR('',#622,1.);
#622 = DIRECTION('',(-1.,0.,0.));
#623 = ORIENTED_EDGE('',*,*,#624,.F.);
#624 = EDGE_CURVE('',#625,#615,#627,.T.);
#625 = VERTEX_POINT('',#626);
#626 = CARTESIAN_POINT('',(-0.575,0.475,0.));
#627 = LINE('',#628,#629);
#628 = CARTESIAN_POINT('',(-0.575,0.475,0.));
#629 = VECTOR('',#630,1.);
#630 = DIRECTION('',(0.,1.,0.));
#631 = ORIENTED_EDGE('',*,*,#632,.F.);
#632 = EDGE_CURVE('',#633,#625,#635,.T.);
#633 = VERTEX_POINT('',#634);
#634 = CARTESIAN_POINT('',(-1.,0.475,0.));
#635 = LINE('',#636,#637);
#636 = CARTESIAN_POINT('',(-1.,0.475,0.));
#637 = VECTOR('',#638,1.);
#638 = DIRECTION('',(1.,0.,0.));
#639 = ORIENTED_EDGE('',*,*,#640,.F.);
#640 = EDGE_CURVE('',#617,#633,#641,.T.);
#641 = LINE('',#642,#643);
#642 = CARTESIAN_POINT('',(-1.,0.825,0.));
#643 = VECTOR('',#644,1.);
#644 = DIRECTION('',(0.,-1.,0.));
#645 = PLANE('',#646);
#646 = AXIS2_PLACEMENT_3D('',#647,#648,#649);
#647 = CARTESIAN_POINT('',(-1.,0.825,0.));
#648 = DIRECTION('',(0.,0.,1.));
#649 = DIRECTION('',(0.,1.,0.));
#650 = SHELL_BASED_SURFACE_MODEL('',(#651));
#651 = OPEN_SHELL('',(#652));
#652 = ADVANCED_FACE('',(#653),#687,.F.);
#653 = FACE_BOUND('',#654,.T.);
#654 = EDGE_LOOP('',(#655,#665,#673,#681));
#655 = ORIENTED_EDGE('',*,*,#656,.F.);
#656 = EDGE_CURVE('',#657,#659,#661,.T.);
#657 = VERTEX_POINT('',#658);
#658 = CARTESIAN_POINT('',(0.949,1.,5.1E-02));
#659 = VERTEX_POINT('',#660);
#660 = CARTESIAN_POINT('',(-0.949,1.,5.1E-02));
#661 = LINE('',#662,#663);
#662 = CARTESIAN_POINT('',(0.949,1.,5.1E-02));
#663 = VECTOR('',#664,1.);
#664 = DIRECTION('',(-1.,0.,0.));
#665 = ORIENTED_EDGE('',*,*,#666,.F.);
#666 = EDGE_CURVE('',#667,#657,#669,.T.);
#667 = VERTEX_POINT('',#668);
#668 = CARTESIAN_POINT('',(0.949,-1.,5.1E-02));
#669 = LINE('',#670,#671);
#670 = CARTESIAN_POINT('',(0.949,-1.,5.1E-02));
#671 = VECTOR('',#672,1.);
#672 = DIRECTION('',(0.,1.,0.));
#673 = ORIENTED_EDGE('',*,*,#674,.F.);
#674 = EDGE_CURVE('',#675,#667,#677,.T.);
#675 = VERTEX_POINT('',#676);
#676 = CARTESIAN_POINT('',(-0.949,-1.,5.1E-02));
#677 = LINE('',#678,#679);
#678 = CARTESIAN_POINT('',(-0.949,-1.,5.1E-02));
#679 = VECTOR('',#680,1.);
#680 = DIRECTION('',(1.,0.,0.));
#681 = ORIENTED_EDGE('',*,*,#682,.F.);
#682 = EDGE_CURVE('',#659,#675,#683,.T.);
#683 = LINE('',#684,#685);
#684 = CARTESIAN_POINT('',(-0.949,1.,5.1E-02));
#685 = VECTOR('',#686,1.);
#686 = DIRECTION('',(0.,-1.,0.));
#687 = PLANE('',#688);
#688 = AXIS2_PLACEMENT_3D('',#689,#690,#691);
#689 = CARTESIAN_POINT('',(-0.949,1.,5.1E-02));
#690 = DIRECTION('',(0.,0.,1.));
#691 = DIRECTION('',(0.,1.,0.));
#692 = SHELL_BASED_SURFACE_MODEL('',(#693));
#693 = OPEN_SHELL('',(#694));
#694 = ADVANCED_FACE('',(#695),#729,.F.);
#695 = FACE_BOUND('',#696,.T.);
#696 = EDGE_LOOP('',(#697,#707,#715,#723));
#697 = ORIENTED_EDGE('',*,*,#698,.F.);
#698 = EDGE_CURVE('',#699,#701,#703,.T.);
#699 = VERTEX_POINT('',#700);
#700 = CARTESIAN_POINT('',(0.949,-1.,0.1));
#701 = VERTEX_POINT('',#702);
#702 = CARTESIAN_POINT('',(-0.949,-1.,0.1));
#703 = LINE('',#704,#705);
#704 = CARTESIAN_POINT('',(0.949,-1.,0.1));
#705 = VECTOR('',#706,1.);
#706 = DIRECTION('',(-1.,0.,0.));
#707 = ORIENTED_EDGE('',*,*,#708,.F.);
#708 = EDGE_CURVE('',#709,#699,#711,.T.);
#709 = VERTEX_POINT('',#710);
#710 = CARTESIAN_POINT('',(0.949,1.,0.1));
#711 = LINE('',#712,#713);
#712 = CARTESIAN_POINT('',(0.949,1.,0.1));
#713 = VECTOR('',#714,1.);
#714 = DIRECTION('',(0.,-1.,0.));
#715 = ORIENTED_EDGE('',*,*,#716,.F.);
#716 = EDGE_CURVE('',#717,#709,#719,.T.);
#717 = VERTEX_POINT('',#718);
#718 = CARTESIAN_POINT('',(-0.949,1.,0.1));
#719 = LINE('',#720,#721);
#720 = CARTESIAN_POINT('',(-0.949,1.,0.1));
#721 = VECTOR('',#722,1.);
#722 = DIRECTION('',(1.,0.,0.));
#723 = ORIENTED_EDGE('',*,*,#724,.F.);
#724 = EDGE_CURVE('',#701,#717,#725,.T.);
#725 = LINE('',#726,#727);
#726 = CARTESIAN_POINT('',(-0.949,-1.,0.1));
#727 = VECTOR('',#728,1.);
#728 = DIRECTION('',(0.,1.,0.));
#729 = PLANE('',#730);
#730 = AXIS2_PLACEMENT_3D('',#731,#732,#733);
#731 = CARTESIAN_POINT('',(-0.949,-1.,0.1));
#732 = DIRECTION('',(0.,0.,-1.));
#733 = DIRECTION('',(0.,1.,0.));
#734 = SHELL_BASED_SURFACE_MODEL('',(#735));
#735 = OPEN_SHELL('',(#736));
#736 = ADVANCED_FACE('',(#737),#771,.F.);
#737 = FACE_BOUND('',#738,.T.);
#738 = EDGE_LOOP('',(#739,#749,#757,#765));
#739 = ORIENTED_EDGE('',*,*,#740,.F.);
#740 = EDGE_CURVE('',#741,#743,#745,.T.);
#741 = VERTEX_POINT('',#742);
#742 = CARTESIAN_POINT('',(0.949,-1.,5.1E-02));
#743 = VERTEX_POINT('',#744);
#744 = CARTESIAN_POINT('',(-0.949,-1.,5.1E-02));
#745 = LINE('',#746,#747);
#746 = CARTESIAN_POINT('',(0.949,-1.,5.1E-02));
#747 = VECTOR('',#748,1.);
#748 = DIRECTION('',(-1.,0.,0.));
#749 = ORIENTED_EDGE('',*,*,#750,.F.);
#750 = EDGE_CURVE('',#751,#741,#753,.T.);
#751 = VERTEX_POINT('',#752);
#752 = CARTESIAN_POINT('',(0.949,-1.,0.1));
#753 = LINE('',#754,#755);
#754 = CARTESIAN_POINT('',(0.949,-1.,0.1));
#755 = VECTOR('',#756,1.);
#756 = DIRECTION('',(0.,0.,-1.));
#757 = ORIENTED_EDGE('',*,*,#758,.F.);
#758 = EDGE_CURVE('',#759,#751,#761,.T.);
#759 = VERTEX_POINT('',#760);
#760 = CARTESIAN_POINT('',(-0.949,-1.,0.1));
#761 = LINE('',#762,#763);
#762 = CARTESIAN_POINT('',(-0.949,-1.,0.1));
#763 = VECTOR('',#764,1.);
#764 = DIRECTION('',(1.,0.,0.));
#765 = ORIENTED_EDGE('',*,*,#766,.F.);
#766 = EDGE_CURVE('',#743,#759,#767,.T.);
#767 = LINE('',#768,#769);
#768 = CARTESIAN_POINT('',(-0.949,-1.,5.1E-02));
#769 = VECTOR('',#770,1.);
#770 = DIRECTION('',(0.,0.,1.));
#771 = PLANE('',#772);
#772 = AXIS2_PLACEMENT_3D('',#773,#774,#775);
#773 = CARTESIAN_POINT('',(-0.949,-1.,5.1E-02));
#774 = DIRECTION('',(0.,1.,0.));
#775 = DIRECTION('',(0.,0.,1.));
#776 = SHELL_BASED_SURFACE_MODEL('',(#777));
#777 = OPEN_SHELL('',(#778));
#778 = ADVANCED_FACE('',(#779),#813,.F.);
#779 = FACE_BOUND('',#780,.T.);
#780 = EDGE_LOOP('',(#781,#791,#799,#807));
#781 = ORIENTED_EDGE('',*,*,#782,.F.);
#782 = EDGE_CURVE('',#783,#785,#787,.T.);
#783 = VERTEX_POINT('',#784);
#784 = CARTESIAN_POINT('',(0.949,1.,5.1E-02));
#785 = VERTEX_POINT('',#786);
#786 = CARTESIAN_POINT('',(0.949,-1.,5.1E-02));
#787 = LINE('',#788,#789);
#788 = CARTESIAN_POINT('',(0.949,1.,5.1E-02));
#789 = VECTOR('',#790,1.);
#790 = DIRECTION('',(0.,-1.,0.));
#791 = ORIENTED_EDGE('',*,*,#792,.F.);
#792 = EDGE_CURVE('',#793,#783,#795,.T.);
#793 = VERTEX_POINT('',#794);
#794 = CARTESIAN_POINT('',(0.949,1.,0.1));
#795 = LINE('',#796,#797);
#796 = CARTESIAN_POINT('',(0.949,1.,0.1));
#797 = VECTOR('',#798,1.);
#798 = DIRECTION('',(0.,0.,-1.));
#799 = ORIENTED_EDGE('',*,*,#800,.F.);
#800 = EDGE_CURVE('',#801,#793,#803,.T.);
#801 = VERTEX_POINT('',#802);
#802 = CARTESIAN_POINT('',(0.949,-1.,0.1));
#803 = LINE('',#804,#805);
#804 = CARTESIAN_POINT('',(0.949,-1.,0.1));
#805 = VECTOR('',#806,1.);
#806 = DIRECTION('',(0.,1.,0.));
#807 = ORIENTED_EDGE('',*,*,#808,.F.);
#808 = EDGE_CURVE('',#785,#801,#809,.T.);
#809 = LINE('',#810,#811);
#810 = CARTESIAN_POINT('',(0.949,-1.,5.1E-02));
#811 = VECTOR('',#812,1.);
#812 = DIRECTION('',(0.,0.,1.));
#813 = PLANE('',#814);
#814 = AXIS2_PLACEMENT_3D('',#815,#816,#817);
#815 = CARTESIAN_POINT('',(0.949,-1.,5.1E-02));
#816 = DIRECTION('',(-1.,0.,0.));
#817 = DIRECTION('',(0.,0.,1.));
#818 = SHELL_BASED_SURFACE_MODEL('',(#819));
#819 = OPEN_SHELL('',(#820));
#820 = ADVANCED_FACE('',(#821),#855,.F.);
#821 = FACE_BOUND('',#822,.T.);
#822 = EDGE_LOOP('',(#823,#833,#841,#849));
#823 = ORIENTED_EDGE('',*,*,#824,.F.);
#824 = EDGE_CURVE('',#825,#827,#829,.T.);
#825 = VERTEX_POINT('',#826);
#826 = CARTESIAN_POINT('',(-0.949,1.,5.1E-02));
#827 = VERTEX_POINT('',#828);
#828 = CARTESIAN_POINT('',(0.949,1.,5.1E-02));
#829 = LINE('',#830,#831);
#830 = CARTESIAN_POINT('',(-0.949,1.,5.1E-02));
#831 = VECTOR('',#832,1.);
#832 = DIRECTION('',(1.,0.,0.));
#833 = ORIENTED_EDGE('',*,*,#834,.F.);
#834 = EDGE_CURVE('',#835,#825,#837,.T.);
#835 = VERTEX_POINT('',#836);
#836 = CARTESIAN_POINT('',(-0.949,1.,0.1));
#837 = LINE('',#838,#839);
#838 = CARTESIAN_POINT('',(-0.949,1.,0.1));
#839 = VECTOR('',#840,1.);
#840 = DIRECTION('',(0.,0.,-1.));
#841 = ORIENTED_EDGE('',*,*,#842,.F.);
#842 = EDGE_CURVE('',#843,#835,#845,.T.);
#843 = VERTEX_POINT('',#844);
#844 = CARTESIAN_POINT('',(0.949,1.,0.1));
#845 = LINE('',#846,#847);
#846 = CARTESIAN_POINT('',(0.949,1.,0.1));
#847 = VECTOR('',#848,1.);
#848 = DIRECTION('',(-1.,0.,0.));
#849 = ORIENTED_EDGE('',*,*,#850,.F.);
#850 = EDGE_CURVE('',#827,#843,#851,.T.);
#851 = LINE('',#852,#853);
#852 = CARTESIAN_POINT('',(0.949,1.,5.1E-02));
#853 = VECTOR('',#854,1.);
#854 = DIRECTION('',(0.,0.,1.));
#855 = PLANE('',#856);
#856 = AXIS2_PLACEMENT_3D('',#857,#858,#859);
#857 = CARTESIAN_POINT('',(0.949,1.,5.1E-02));
#858 = DIRECTION('',(0.,-1.,0.));
#859 = DIRECTION('',(0.,0.,1.));
#860 = SHELL_BASED_SURFACE_MODEL('',(#861));
#861 = OPEN_SHELL('',(#862));
#862 = ADVANCED_FACE('',(#863),#897,.F.);
#863 = FACE_BOUND('',#864,.T.);
#864 = EDGE_LOOP('',(#865,#875,#883,#891));
#865 = ORIENTED_EDGE('',*,*,#866,.F.);
#866 = EDGE_CURVE('',#867,#869,#871,.T.);
#867 = VERTEX_POINT('',#868);
#868 = CARTESIAN_POINT('',(-0.949,-1.,5.1E-02));
#869 = VERTEX_POINT('',#870);
#870 = CARTESIAN_POINT('',(-0.949,1.,5.1E-02));
#871 = LINE('',#872,#873);
#872 = CARTESIAN_POINT('',(-0.949,-1.,5.1E-02));
#873 = VECTOR('',#874,1.);
#874 = DIRECTION('',(0.,1.,0.));
#875 = ORIENTED_EDGE('',*,*,#876,.F.);
#876 = EDGE_CURVE('',#877,#867,#879,.T.);
#877 = VERTEX_POINT('',#878);
#878 = CARTESIAN_POINT('',(-0.949,-1.,0.1));
#879 = LINE('',#880,#881);
#880 = CARTESIAN_POINT('',(-0.949,-1.,0.1));
#881 = VECTOR('',#882,1.);
#882 = DIRECTION('',(0.,0.,-1.));
#883 = ORIENTED_EDGE('',*,*,#884,.F.);
#884 = EDGE_CURVE('',#885,#877,#887,.T.);
#885 = VERTEX_POINT('',#886);
#886 = CARTESIAN_POINT('',(-0.949,1.,0.1));
#887 = LINE('',#888,#889);
#888 = CARTESIAN_POINT('',(-0.949,1.,0.1));
#889 = VECTOR('',#890,1.);
#890 = DIRECTION('',(0.,-1.,0.));
#891 = ORIENTED_EDGE('',*,*,#892,.F.);
#892 = EDGE_CURVE('',#869,#885,#893,.T.);
#893 = LINE('',#894,#895);
#894 = CARTESIAN_POINT('',(-0.949,1.,5.1E-02));
#895 = VECTOR('',#896,1.);
#896 = DIRECTION('',(0.,0.,1.));
#897 = PLANE('',#898);
#898 = AXIS2_PLACEMENT_3D('',#899,#900,#901);
#899 = CARTESIAN_POINT('',(-0.949,1.,5.1E-02));
#900 = DIRECTION('',(1.,0.,0.));
#901 = DIRECTION('',(0.,0.,1.));
#902 = SHELL_BASED_SURFACE_MODEL('',(#903));
#903 = OPEN_SHELL('',(#904));
#904 = ADVANCED_FACE('',(#905),#939,.F.);
#905 = FACE_BOUND('',#906,.T.);
#906 = EDGE_LOOP('',(#907,#917,#925,#933));
#907 = ORIENTED_EDGE('',*,*,#908,.F.);
#908 = EDGE_CURVE('',#909,#911,#913,.T.);
#909 = VERTEX_POINT('',#910);
#910 = CARTESIAN_POINT('',(0.5,0.8,0.));
#911 = VERTEX_POINT('',#912);
#912 = CARTESIAN_POINT('',(-0.5,0.8,0.));
#913 = LINE('',#914,#915);
#914 = CARTESIAN_POINT('',(0.5,0.8,0.));
#915 = VECTOR('',#916,1.);
#916 = DIRECTION('',(-1.,0.,0.));
#917 = ORIENTED_EDGE('',*,*,#918,.F.);
#918 = EDGE_CURVE('',#919,#909,#921,.T.);
#919 = VERTEX_POINT('',#920);
#920 = CARTESIAN_POINT('',(0.5,-0.8,0.));
#921 = LINE('',#922,#923);
#922 = CARTESIAN_POINT('',(0.5,-0.8,0.));
#923 = VECTOR('',#924,1.);
#924 = DIRECTION('',(0.,1.,0.));
#925 = ORIENTED_EDGE('',*,*,#926,.F.);
#926 = EDGE_CURVE('',#927,#919,#929,.T.);
#927 = VERTEX_POINT('',#928);
#928 = CARTESIAN_POINT('',(-0.5,-0.8,0.));
#929 = LINE('',#930,#931);
#930 = CARTESIAN_POINT('',(-0.5,-0.8,0.));
#931 = VECTOR('',#932,1.);
#932 = DIRECTION('',(1.,0.,0.));
#933 = ORIENTED_EDGE('',*,*,#934,.F.);
#934 = EDGE_CURVE('',#911,#927,#935,.T.);
#935 = LINE('',#936,#937);
#936 = CARTESIAN_POINT('',(-0.5,0.8,0.));
#937 = VECTOR('',#938,1.);
#938 = DIRECTION('',(0.,-1.,0.));
#939 = PLANE('',#940);
#940 = AXIS2_PLACEMENT_3D('',#941,#942,#943);
#941 = CARTESIAN_POINT('',(-0.5,0.8,0.));
#942 = DIRECTION('',(0.,0.,1.));
#943 = DIRECTION('',(0.,1.,0.));
#944 = SHELL_BASED_SURFACE_MODEL('',(#945));
#945 = OPEN_SHELL('',(#946));
#946 = ADVANCED_FACE('',(#947),#981,.F.);
#947 = FACE_BOUND('',#948,.T.);
#948 = EDGE_LOOP('',(#949,#959,#967,#975));
#949 = ORIENTED_EDGE('',*,*,#950,.F.);
#950 = EDGE_CURVE('',#951,#953,#955,.T.);
#951 = VERTEX_POINT('',#952);
#952 = CARTESIAN_POINT('',(0.5,-0.8,5.1E-02));
#953 = VERTEX_POINT('',#954);
#954 = CARTESIAN_POINT('',(-0.5,-0.8,5.1E-02));
#955 = LINE('',#956,#957);
#956 = CARTESIAN_POINT('',(0.5,-0.8,5.1E-02));
#957 = VECTOR('',#958,1.);
#958 = DIRECTION('',(-1.,0.,0.));
#959 = ORIENTED_EDGE('',*,*,#960,.F.);
#960 = EDGE_CURVE('',#961,#951,#963,.T.);
#961 = VERTEX_POINT('',#962);
#962 = CARTESIAN_POINT('',(0.5,0.8,5.1E-02));
#963 = LINE('',#964,#965);
#964 = CARTESIAN_POINT('',(0.5,0.8,5.1E-02));
#965 = VECTOR('',#966,1.);
#966 = DIRECTION('',(0.,-1.,0.));
#967 = ORIENTED_EDGE('',*,*,#968,.F.);
#968 = EDGE_CURVE('',#969,#961,#971,.T.);
#969 = VERTEX_POINT('',#970);
#970 = CARTESIAN_POINT('',(-0.5,0.8,5.1E-02));
#971 = LINE('',#972,#973);
#972 = CARTESIAN_POINT('',(-0.5,0.8,5.1E-02));
#973 = VECTOR('',#974,1.);
#974 = DIRECTION('',(1.,0.,0.));
#975 = ORIENTED_EDGE('',*,*,#976,.F.);
#976 = EDGE_CURVE('',#953,#969,#977,.T.);
#977 = LINE('',#978,#979);
#978 = CARTESIAN_POINT('',(-0.5,-0.8,5.1E-02));
#979 = VECTOR('',#980,1.);
#980 = DIRECTION('',(0.,1.,0.));
#981 = PLANE('',#982);
#982 = AXIS2_PLACEMENT_3D('',#983,#984,#985);
#983 = CARTESIAN_POINT('',(-0.5,-0.8,5.1E-02));
#984 = DIRECTION('',(0.,0.,-1.));
#985 = DIRECTION('',(0.,1.,0.));
#986 = SHELL_BASED_SURFACE_MODEL('',(#987));
#987 = OPEN_SHELL('',(#988));
#988 = ADVANCED_FACE('',(#989),#1023,.F.);
#989 = FACE_BOUND('',#990,.T.);
#990 = EDGE_LOOP('',(#991,#1001,#1009,#1017));
#991 = ORIENTED_EDGE('',*,*,#992,.F.);
#992 = EDGE_CURVE('',#993,#995,#997,.T.);
#993 = VERTEX_POINT('',#994);
#994 = CARTESIAN_POINT('',(0.5,-0.8,0.));
#995 = VERTEX_POINT('',#996);
#996 = CARTESIAN_POINT('',(-0.5,-0.8,0.));
#997 = LINE('',#998,#999);
#998 = CARTESIAN_POINT('',(0.5,-0.8,0.));
#999 = VECTOR('',#1000,1.);
#1000 = DIRECTION('',(-1.,0.,0.));
#1001 = ORIENTED_EDGE('',*,*,#1002,.F.);
#1002 = EDGE_CURVE('',#1003,#993,#1005,.T.);
#1003 = VERTEX_POINT('',#1004);
#1004 = CARTESIAN_POINT('',(0.5,-0.8,5.1E-02));
#1005 = LINE('',#1006,#1007);
#1006 = CARTESIAN_POINT('',(0.5,-0.8,5.1E-02));
#1007 = VECTOR('',#1008,1.);
#1008 = DIRECTION('',(0.,0.,-1.));
#1009 = ORIENTED_EDGE('',*,*,#1010,.F.);
#1010 = EDGE_CURVE('',#1011,#1003,#1013,.T.);
#1011 = VERTEX_POINT('',#1012);
#1012 = CARTESIAN_POINT('',(-0.5,-0.8,5.1E-02));
#1013 = LINE('',#1014,#1015);
#1014 = CARTESIAN_POINT('',(-0.5,-0.8,5.1E-02));
#1015 = VECTOR('',#1016,1.);
#1016 = DIRECTION('',(1.,0.,0.));
#1017 = ORIENTED_EDGE('',*,*,#1018,.F.);
#1018 = EDGE_CURVE('',#995,#1011,#1019,.T.);
#1019 = LINE('',#1020,#1021);
#1020 = CARTESIAN_POINT('',(-0.5,-0.8,0.));
#1021 = VECTOR('',#1022,1.);
#1022 = DIRECTION('',(0.,0.,1.));
#1023 = PLANE('',#1024);
#1024 = AXIS2_PLACEMENT_3D('',#1025,#1026,#1027);
#1025 = CARTESIAN_POINT('',(-0.5,-0.8,0.));
#1026 = DIRECTION('',(0.,1.,0.));
#1027 = DIRECTION('',(0.,0.,1.));
#1028 = SHELL_BASED_SURFACE_MODEL('',(#1029));
#1029 = OPEN_SHELL('',(#1030));
#1030 = ADVANCED_FACE('',(#1031),#1065,.F.);
#1031 = FACE_BOUND('',#1032,.T.);
#1032 = EDGE_LOOP('',(#1033,#1043,#1051,#1059));
#1033 = ORIENTED_EDGE('',*,*,#1034,.F.);
#1034 = EDGE_CURVE('',#1035,#1037,#1039,.T.);
#1035 = VERTEX_POINT('',#1036);
#1036 = CARTESIAN_POINT('',(0.5,0.8,0.));
#1037 = VERTEX_POINT('',#1038);
#1038 = CARTESIAN_POINT('',(0.5,-0.8,0.));
#1039 = LINE('',#1040,#1041);
#1040 = CARTESIAN_POINT('',(0.5,0.8,0.));
#1041 = VECTOR('',#1042,1.);
#1042 = DIRECTION('',(0.,-1.,0.));
#1043 = ORIENTED_EDGE('',*,*,#1044,.F.);
#1044 = EDGE_CURVE('',#1045,#1035,#1047,.T.);
#1045 = VERTEX_POINT('',#1046);
#1046 = CARTESIAN_POINT('',(0.5,0.8,5.1E-02));
#1047 = LINE('',#1048,#1049);
#1048 = CARTESIAN_POINT('',(0.5,0.8,5.1E-02));
#1049 = VECTOR('',#1050,1.);
#1050 = DIRECTION('',(0.,0.,-1.));
#1051 = ORIENTED_EDGE('',*,*,#1052,.F.);
#1052 = EDGE_CURVE('',#1053,#1045,#1055,.T.);
#1053 = VERTEX_POINT('',#1054);
#1054 = CARTESIAN_POINT('',(0.5,-0.8,5.1E-02));
#1055 = LINE('',#1056,#1057);
#1056 = CARTESIAN_POINT('',(0.5,-0.8,5.1E-02));
#1057 = VECTOR('',#1058,1.);
#1058 = DIRECTION('',(0.,1.,0.));
#1059 = ORIENTED_EDGE('',*,*,#1060,.F.);
#1060 = EDGE_CURVE('',#1037,#1053,#1061,.T.);
#1061 = LINE('',#1062,#1063);
#1062 = CARTESIAN_POINT('',(0.5,-0.8,0.));
#1063 = VECTOR('',#1064,1.);
#1064 = DIRECTION('',(0.,0.,1.));
#1065 = PLANE('',#1066);
#1066 = AXIS2_PLACEMENT_3D('',#1067,#1068,#1069);
#1067 = CARTESIAN_POINT('',(0.5,-0.8,0.));
#1068 = DIRECTION('',(-1.,0.,0.));
#1069 = DIRECTION('',(0.,0.,1.));
#1070 = SHELL_BASED_SURFACE_MODEL('',(#1071));
#1071 = OPEN_SHELL('',(#1072));
#1072 = ADVANCED_FACE('',(#1073),#1107,.F.);
#1073 = FACE_BOUND('',#1074,.T.);
#1074 = EDGE_LOOP('',(#1075,#1085,#1093,#1101));
#1075 = ORIENTED_EDGE('',*,*,#1076,.F.);
#1076 = EDGE_CURVE('',#1077,#1079,#1081,.T.);
#1077 = VERTEX_POINT('',#1078);
#1078 = CARTESIAN_POINT('',(-0.5,0.8,0.));
#1079 = VERTEX_POINT('',#1080);
#1080 = CARTESIAN_POINT('',(0.5,0.8,0.));
#1081 = LINE('',#1082,#1083);
#1082 = CARTESIAN_POINT('',(-0.5,0.8,0.));
#1083 = VECTOR('',#1084,1.);
#1084 = DIRECTION('',(1.,0.,0.));
#1085 = ORIENTED_EDGE('',*,*,#1086,.F.);
#1086 = EDGE_CURVE('',#1087,#1077,#1089,.T.);
#1087 = VERTEX_POINT('',#1088);
#1088 = CARTESIAN_POINT('',(-0.5,0.8,5.1E-02));
#1089 = LINE('',#1090,#1091);
#1090 = CARTESIAN_POINT('',(-0.5,0.8,5.1E-02));
#1091 = VECTOR('',#1092,1.);
#1092 = DIRECTION('',(0.,0.,-1.));
#1093 = ORIENTED_EDGE('',*,*,#1094,.F.);
#1094 = EDGE_CURVE('',#1095,#1087,#1097,.T.);
#1095 = VERTEX_POINT('',#1096);
#1096 = CARTESIAN_POINT('',(0.5,0.8,5.1E-02));
#1097 = LINE('',#1098,#1099);
#1098 = CARTESIAN_POINT('',(0.5,0.8,5.1E-02));
#1099 = VECTOR('',#1100,1.);
#1100 = DIRECTION('',(-1.,0.,0.));
#1101 = ORIENTED_EDGE('',*,*,#1102,.F.);
#1102 = EDGE_CURVE('',#1079,#1095,#1103,.T.);
#1103 = LINE('',#1104,#1105);
#1104 = CARTESIAN_POINT('',(0.5,0.8,0.));
#1105 = VECTOR('',#1106,1.);
#1106 = DIRECTION('',(0.,0.,1.));
#1107 = PLANE('',#1108);
#1108 = AXIS2_PLACEMENT_3D('',#1109,#1110,#1111);
#1109 = CARTESIAN_POINT('',(0.5,0.8,0.));
#1110 = DIRECTION('',(0.,-1.,0.));
#1111 = DIRECTION('',(0.,0.,1.));
#1112 = SHELL_BASED_SURFACE_MODEL('',(#1113));
#1113 = OPEN_SHELL('',(#1114));
#1114 = ADVANCED_FACE('',(#1115),#1149,.F.);
#1115 = FACE_BOUND('',#1116,.T.);
#1116 = EDGE_LOOP('',(#1117,#1127,#1135,#1143));
#1117 = ORIENTED_EDGE('',*,*,#1118,.F.);
#1118 = EDGE_CURVE('',#1119,#1121,#1123,.T.);
#1119 = VERTEX_POINT('',#1120);
#1120 = CARTESIAN_POINT('',(-0.5,-0.8,0.));
#1121 = VERTEX_POINT('',#1122);
#1122 = CARTESIAN_POINT('',(-0.5,0.8,0.));
#1123 = LINE('',#1124,#1125);
#1124 = CARTESIAN_POINT('',(-0.5,-0.8,0.));
#1125 = VECTOR('',#1126,1.);
#1126 = DIRECTION('',(0.,1.,0.));
#1127 = ORIENTED_EDGE('',*,*,#1128,.F.);
#1128 = EDGE_CURVE('',#1129,#1119,#1131,.T.);
#1129 = VERTEX_POINT('',#1130);
#1130 = CARTESIAN_POINT('',(-0.5,-0.8,5.1E-02));
#1131 = LINE('',#1132,#1133);
#1132 = CARTESIAN_POINT('',(-0.5,-0.8,5.1E-02));
#1133 = VECTOR('',#1134,1.);
#1134 = DIRECTION('',(0.,0.,-1.));
#1135 = ORIENTED_EDGE('',*,*,#1136,.F.);
#1136 = EDGE_CURVE('',#1137,#1129,#1139,.T.);
#1137 = VERTEX_POINT('',#1138);
#1138 = CARTESIAN_POINT('',(-0.5,0.8,5.1E-02));
#1139 = LINE('',#1140,#1141);
#1140 = CARTESIAN_POINT('',(-0.5,0.8,5.1E-02));
#1141 = VECTOR('',#1142,1.);
#1142 = DIRECTION('',(0.,-1.,0.));
#1143 = ORIENTED_EDGE('',*,*,#1144,.F.);
#1144 = EDGE_CURVE('',#1121,#1137,#1145,.T.);
#1145 = LINE('',#1146,#1147);
#1146 = CARTESIAN_POINT('',(-0.5,0.8,0.));
#1147 = VECTOR('',#1148,1.);
#1148 = DIRECTION('',(0.,0.,1.));
#1149 = PLANE('',#1150);
#1150 = AXIS2_PLACEMENT_3D('',#1151,#1152,#1153);
#1151 = CARTESIAN_POINT('',(-0.5,0.8,0.));
#1152 = DIRECTION('',(1.,0.,0.));
#1153 = DIRECTION('',(0.,0.,1.));
#1154 = SHELL_BASED_SURFACE_MODEL('',(#1155));
#1155 = OPEN_SHELL('',(#1156));
#1156 = ADVANCED_FACE('',(#1157),#1207,.F.);
#1157 = FACE_BOUND('',#1158,.T.);
#1158 = EDGE_LOOP('',(#1159,#1169,#1177,#1185,#1193,#1201));
#1159 = ORIENTED_EDGE('',*,*,#1160,.F.);
#1160 = EDGE_CURVE('',#1161,#1163,#1165,.T.);
#1161 = VERTEX_POINT('',#1162);
#1162 = CARTESIAN_POINT('',(0.575,0.825,0.));
#1163 = VERTEX_POINT('',#1164);
#1164 = CARTESIAN_POINT('',(1.,0.825,0.));
#1165 = LINE('',#1166,#1167);
#1166 = CARTESIAN_POINT('',(0.575,0.825,0.));
#1167 = VECTOR('',#1168,1.);
#1168 = DIRECTION('',(1.,0.,0.));
#1169 = ORIENTED_EDGE('',*,*,#1170,.F.);
#1170 = EDGE_CURVE('',#1171,#1161,#1173,.T.);
#1171 = VERTEX_POINT('',#1172);
#1172 = CARTESIAN_POINT('',(0.575,0.825,5.1E-02));
#1173 = LINE('',#1174,#1175);
#1174 = CARTESIAN_POINT('',(0.575,0.825,5.1E-02));
#1175 = VECTOR('',#1176,1.);
#1176 = DIRECTION('',(0.,0.,-1.));
#1177 = ORIENTED_EDGE('',*,*,#1178,.F.);
#1178 = EDGE_CURVE('',#1179,#1171,#1181,.T.);
#1179 = VERTEX_POINT('',#1180);
#1180 = CARTESIAN_POINT('',(0.949,0.825,5.1E-02));
#1181 = LINE('',#1182,#1183);
#1182 = CARTESIAN_POINT('',(0.949,0.825,5.1E-02));
#1183 = VECTOR('',#1184,1.);
#1184 = DIRECTION('',(-1.,0.,0.));
#1185 = ORIENTED_EDGE('',*,*,#1186,.F.);
#1186 = EDGE_CURVE('',#1187,#1179,#1189,.T.);
#1187 = VERTEX_POINT('',#1188);
#1188 = CARTESIAN_POINT('',(0.949,0.825,5.E-02));
#1189 = LINE('',#1190,#1191);
#1190 = CARTESIAN_POINT('',(0.949,0.825,5.E-02));
#1191 = VECTOR('',#1192,1.);
#1192 = DIRECTION('',(0.,0.,1.));
#1193 = ORIENTED_EDGE('',*,*,#1194,.F.);
#1194 = EDGE_CURVE('',#1195,#1187,#1197,.T.);
#1195 = VERTEX_POINT('',#1196);
#1196 = CARTESIAN_POINT('',(1.,0.825,5.E-02));
#1197 = LINE('',#1198,#1199);
#1198 = CARTESIAN_POINT('',(1.,0.825,5.E-02));
#1199 = VECTOR('',#1200,1.);
#1200 = DIRECTION('',(-1.,0.,0.));
#1201 = ORIENTED_EDGE('',*,*,#1202,.F.);
#1202 = EDGE_CURVE('',#1163,#1195,#1203,.T.);
#1203 = LINE('',#1204,#1205);
#1204 = CARTESIAN_POINT('',(1.,0.825,0.));
#1205 = VECTOR('',#1206,1.);
#1206 = DIRECTION('',(0.,0.,1.));
#1207 = PLANE('',#1208);
#1208 = AXIS2_PLACEMENT_3D('',#1209,#1210,#1211);
#1209 = CARTESIAN_POINT('',(1.,0.825,0.));
#1210 = DIRECTION('',(0.,-1.,0.));
#1211 = DIRECTION('',(0.,0.,1.));
#1212 = SHELL_BASED_SURFACE_MODEL('',(#1213));
#1213 = OPEN_SHELL('',(#1214));
#1214 = ADVANCED_FACE('',(#1215),#1265,.F.);
#1215 = FACE_BOUND('',#1216,.T.);
#1216 = EDGE_LOOP('',(#1217,#1227,#1235,#1243,#1251,#1259));
#1217 = ORIENTED_EDGE('',*,*,#1218,.F.);
#1218 = EDGE_CURVE('',#1219,#1221,#1223,.T.);
#1219 = VERTEX_POINT('',#1220);
#1220 = CARTESIAN_POINT('',(1.,0.475,0.));
#1221 = VERTEX_POINT('',#1222);
#1222 = CARTESIAN_POINT('',(0.575,0.475,0.));
#1223 = LINE('',#1224,#1225);
#1224 = CARTESIAN_POINT('',(1.,0.475,0.));
#1225 = VECTOR('',#1226,1.);
#1226 = DIRECTION('',(-1.,0.,0.));
#1227 = ORIENTED_EDGE('',*,*,#1228,.F.);
#1228 = EDGE_CURVE('',#1229,#1219,#1231,.T.);
#1229 = VERTEX_POINT('',#1230);
#1230 = CARTESIAN_POINT('',(1.,0.475,5.E-02));
#1231 = LINE('',#1232,#1233);
#1232 = CARTESIAN_POINT('',(1.,0.475,5.E-02));
#1233 = VECTOR('',#1234,1.);
#1234 = DIRECTION('',(0.,0.,-1.));
#1235 = ORIENTED_EDGE('',*,*,#1236,.F.);
#1236 = EDGE_CURVE('',#1237,#1229,#1239,.T.);
#1237 = VERTEX_POINT('',#1238);
#1238 = CARTESIAN_POINT('',(0.949,0.475,5.E-02));
#1239 = LINE('',#1240,#1241);
#1240 = CARTESIAN_POINT('',(0.949,0.475,5.E-02));
#1241 = VECTOR('',#1242,1.);
#1242 = DIRECTION('',(1.,0.,0.));
#1243 = ORIENTED_EDGE('',*,*,#1244,.F.);
#1244 = EDGE_CURVE('',#1245,#1237,#1247,.T.);
#1245 = VERTEX_POINT('',#1246);
#1246 = CARTESIAN_POINT('',(0.949,0.475,5.1E-02));
#1247 = LINE('',#1248,#1249);
#1248 = CARTESIAN_POINT('',(0.949,0.475,5.1E-02));
#1249 = VECTOR('',#1250,1.);
#1250 = DIRECTION('',(0.,0.,-1.));
#1251 = ORIENTED_EDGE('',*,*,#1252,.F.);
#1252 = EDGE_CURVE('',#1253,#1245,#1255,.T.);
#1253 = VERTEX_POINT('',#1254);
#1254 = CARTESIAN_POINT('',(0.575,0.475,5.1E-02));
#1255 = LINE('',#1256,#1257);
#1256 = CARTESIAN_POINT('',(0.575,0.475,5.1E-02));
#1257 = VECTOR('',#1258,1.);
#1258 = DIRECTION('',(1.,0.,0.));
#1259 = ORIENTED_EDGE('',*,*,#1260,.F.);
#1260 = EDGE_CURVE('',#1221,#1253,#1261,.T.);
#1261 = LINE('',#1262,#1263);
#1262 = CARTESIAN_POINT('',(0.575,0.475,0.));
#1263 = VECTOR('',#1264,1.);
#1264 = DIRECTION('',(0.,0.,1.));
#1265 = PLANE('',#1266);
#1266 = AXIS2_PLACEMENT_3D('',#1267,#1268,#1269);
#1267 = CARTESIAN_POINT('',(0.575,0.475,0.));
#1268 = DIRECTION('',(0.,1.,0.));
#1269 = DIRECTION('',(0.,0.,1.));
#1270 = SHELL_BASED_SURFACE_MODEL('',(#1271));
#1271 = OPEN_SHELL('',(#1272));
#1272 = ADVANCED_FACE('',(#1273),#1307,.F.);
#1273 = FACE_BOUND('',#1274,.T.);
#1274 = EDGE_LOOP('',(#1275,#1285,#1293,#1301));
#1275 = ORIENTED_EDGE('',*,*,#1276,.F.);
#1276 = EDGE_CURVE('',#1277,#1279,#1281,.T.);
#1277 = VERTEX_POINT('',#1278);
#1278 = CARTESIAN_POINT('',(0.949,0.825,5.E-02));
#1279 = VERTEX_POINT('',#1280);
#1280 = CARTESIAN_POINT('',(1.,0.825,5.E-02));
#1281 = LINE('',#1282,#1283);
#1282 = CARTESIAN_POINT('',(0.949,0.825,5.E-02));
#1283 = VECTOR('',#1284,1.);
#1284 = DIRECTION('',(1.,0.,0.));
#1285 = ORIENTED_EDGE('',*,*,#1286,.F.);
#1286 = EDGE_CURVE('',#1287,#1277,#1289,.T.);
#1287 = VERTEX_POINT('',#1288);
#1288 = CARTESIAN_POINT('',(0.949,0.475,5.E-02));
#1289 = LINE('',#1290,#1291);
#1290 = CARTESIAN_POINT('',(0.949,0.475,5.E-02));
#1291 = VECTOR('',#1292,1.);
#1292 = DIRECTION('',(0.,1.,0.));
#1293 = ORIENTED_EDGE('',*,*,#1294,.F.);
#1294 = EDGE_CURVE('',#1295,#1287,#1297,.T.);
#1295 = VERTEX_POINT('',#1296);
#1296 = CARTESIAN_POINT('',(1.,0.475,5.E-02));
#1297 = LINE('',#1298,#1299);
#1298 = CARTESIAN_POINT('',(1.,0.475,5.E-02));
#1299 = VECTOR('',#1300,1.);
#1300 = DIRECTION('',(-1.,0.,0.));
#1301 = ORIENTED_EDGE('',*,*,#1302,.F.);
#1302 = EDGE_CURVE('',#1279,#1295,#1303,.T.);
#1303 = LINE('',#1304,#1305);
#1304 = CARTESIAN_POINT('',(1.,0.825,5.E-02));
#1305 = VECTOR('',#1306,1.);
#1306 = DIRECTION('',(0.,-1.,0.));
#1307 = PLANE('',#1308);
#1308 = AXIS2_PLACEMENT_3D('',#1309,#1310,#1311);
#1309 = CARTESIAN_POINT('',(1.,0.825,5.E-02));
#1310 = DIRECTION('',(0.,0.,-1.));
#1311 = DIRECTION('',(0.,1.,0.));
#1312 = SHELL_BASED_SURFACE_MODEL('',(#1313));
#1313 = OPEN_SHELL('',(#1314));
#1314 = ADVANCED_FACE('',(#1315),#1349,.F.);
#1315 = FACE_BOUND('',#1316,.T.);
#1316 = EDGE_LOOP('',(#1317,#1327,#1335,#1343));
#1317 = ORIENTED_EDGE('',*,*,#1318,.F.);
#1318 = EDGE_CURVE('',#1319,#1321,#1323,.T.);
#1319 = VERTEX_POINT('',#1320);
#1320 = CARTESIAN_POINT('',(0.575,0.825,5.1E-02));
#1321 = VERTEX_POINT('',#1322);
#1322 = CARTESIAN_POINT('',(0.949,0.825,5.1E-02));
#1323 = LINE('',#1324,#1325);
#1324 = CARTESIAN_POINT('',(0.575,0.825,5.1E-02));
#1325 = VECTOR('',#1326,1.);
#1326 = DIRECTION('',(1.,0.,0.));
#1327 = ORIENTED_EDGE('',*,*,#1328,.F.);
#1328 = EDGE_CURVE('',#1329,#1319,#1331,.T.);
#1329 = VERTEX_POINT('',#1330);
#1330 = CARTESIAN_POINT('',(0.575,0.475,5.1E-02));
#1331 = LINE('',#1332,#1333);
#1332 = CARTESIAN_POINT('',(0.575,0.475,5.1E-02));
#1333 = VECTOR('',#1334,1.);
#1334 = DIRECTION('',(0.,1.,0.));
#1335 = ORIENTED_EDGE('',*,*,#1336,.F.);
#1336 = EDGE_CURVE('',#1337,#1329,#1339,.T.);
#1337 = VERTEX_POINT('',#1338);
#1338 = CARTESIAN_POINT('',(0.949,0.475,5.1E-02));
#1339 = LINE('',#1340,#1341);
#1340 = CARTESIAN_POINT('',(0.949,0.475,5.1E-02));
#1341 = VECTOR('',#1342,1.);
#1342 = DIRECTION('',(-1.,0.,0.));
#1343 = ORIENTED_EDGE('',*,*,#1344,.F.);
#1344 = EDGE_CURVE('',#1321,#1337,#1345,.T.);
#1345 = LINE('',#1346,#1347);
#1346 = CARTESIAN_POINT('',(0.949,0.825,5.1E-02));
#1347 = VECTOR('',#1348,1.);
#1348 = DIRECTION('',(0.,-1.,0.));
#1349 = PLANE('',#1350);
#1350 = AXIS2_PLACEMENT_3D('',#1351,#1352,#1353);
#1351 = CARTESIAN_POINT('',(0.949,0.825,5.1E-02));
#1352 = DIRECTION('',(0.,0.,-1.));
#1353 = DIRECTION('',(0.,1.,0.));
#1354 = SHELL_BASED_SURFACE_MODEL('',(#1355));
#1355 = OPEN_SHELL('',(#1356));
#1356 = ADVANCED_FACE('',(#1357),#1391,.F.);
#1357 = FACE_BOUND('',#1358,.T.);
#1358 = EDGE_LOOP('',(#1359,#1369,#1377,#1385));
#1359 = ORIENTED_EDGE('',*,*,#1360,.F.);
#1360 = EDGE_CURVE('',#1361,#1363,#1365,.T.);
#1361 = VERTEX_POINT('',#1362);
#1362 = CARTESIAN_POINT('',(1.,0.825,0.));
#1363 = VERTEX_POINT('',#1364);
#1364 = CARTESIAN_POINT('',(1.,0.475,0.));
#1365 = LINE('',#1366,#1367);
#1366 = CARTESIAN_POINT('',(1.,0.825,0.));
#1367 = VECTOR('',#1368,1.);
#1368 = DIRECTION('',(0.,-1.,0.));
#1369 = ORIENTED_EDGE('',*,*,#1370,.F.);
#1370 = EDGE_CURVE('',#1371,#1361,#1373,.T.);
#1371 = VERTEX_POINT('',#1372);
#1372 = CARTESIAN_POINT('',(1.,0.825,5.E-02));
#1373 = LINE('',#1374,#1375);
#1374 = CARTESIAN_POINT('',(1.,0.825,5.E-02));
#1375 = VECTOR('',#1376,1.);
#1376 = DIRECTION('',(0.,0.,-1.));
#1377 = ORIENTED_EDGE('',*,*,#1378,.F.);
#1378 = EDGE_CURVE('',#1379,#1371,#1381,.T.);
#1379 = VERTEX_POINT('',#1380);
#1380 = CARTESIAN_POINT('',(1.,0.475,5.E-02));
#1381 = LINE('',#1382,#1383);
#1382 = CARTESIAN_POINT('',(1.,0.475,5.E-02));
#1383 = VECTOR('',#1384,1.);
#1384 = DIRECTION('',(0.,1.,0.));
#1385 = ORIENTED_EDGE('',*,*,#1386,.F.);
#1386 = EDGE_CURVE('',#1363,#1379,#1387,.T.);
#1387 = LINE('',#1388,#1389);
#1388 = CARTESIAN_POINT('',(1.,0.475,0.));
#1389 = VECTOR('',#1390,1.);
#1390 = DIRECTION('',(0.,0.,1.));
#1391 = PLANE('',#1392);
#1392 = AXIS2_PLACEMENT_3D('',#1393,#1394,#1395);
#1393 = CARTESIAN_POINT('',(1.,0.475,0.));
#1394 = DIRECTION('',(-1.,0.,0.));
#1395 = DIRECTION('',(0.,0.,1.));
#1396 = SHELL_BASED_SURFACE_MODEL('',(#1397));
#1397 = OPEN_SHELL('',(#1398));
#1398 = ADVANCED_FACE('',(#1399),#1433,.F.);
#1399 = FACE_BOUND('',#1400,.T.);
#1400 = EDGE_LOOP('',(#1401,#1411,#1419,#1427));
#1401 = ORIENTED_EDGE('',*,*,#1402,.F.);
#1402 = EDGE_CURVE('',#1403,#1405,#1407,.T.);
#1403 = VERTEX_POINT('',#1404);
#1404 = CARTESIAN_POINT('',(0.575,0.475,0.));
#1405 = VERTEX_POINT('',#1406);
#1406 = CARTESIAN_POINT('',(0.575,0.825,0.));
#1407 = LINE('',#1408,#1409);
#1408 = CARTESIAN_POINT('',(0.575,0.475,0.));
#1409 = VECTOR('',#1410,1.);
#1410 = DIRECTION('',(0.,1.,0.));
#1411 = ORIENTED_EDGE('',*,*,#1412,.F.);
#1412 = EDGE_CURVE('',#1413,#1403,#1415,.T.);
#1413 = VERTEX_POINT('',#1414);
#1414 = CARTESIAN_POINT('',(0.575,0.475,5.1E-02));
#1415 = LINE('',#1416,#1417);
#1416 = CARTESIAN_POINT('',(0.575,0.475,5.1E-02));
#1417 = VECTOR('',#1418,1.);
#1418 = DIRECTION('',(0.,0.,-1.));
#1419 = ORIENTED_EDGE('',*,*,#1420,.F.);
#1420 = EDGE_CURVE('',#1421,#1413,#1423,.T.);
#1421 = VERTEX_POINT('',#1422);
#1422 = CARTESIAN_POINT('',(0.575,0.825,5.1E-02));
#1423 = LINE('',#1424,#1425);
#1424 = CARTESIAN_POINT('',(0.575,0.825,5.1E-02));
#1425 = VECTOR('',#1426,1.);
#1426 = DIRECTION('',(0.,-1.,0.));
#1427 = ORIENTED_EDGE('',*,*,#1428,.F.);
#1428 = EDGE_CURVE('',#1405,#1421,#1429,.T.);
#1429 = LINE('',#1430,#1431);
#1430 = CARTESIAN_POINT('',(0.575,0.825,0.));
#1431 = VECTOR('',#1432,1.);
#1432 = DIRECTION('',(0.,0.,1.));
#1433 = PLANE('',#1434);
#1434 = AXIS2_PLACEMENT_3D('',#1435,#1436,#1437);
#1435 = CARTESIAN_POINT('',(0.575,0.825,0.));
#1436 = DIRECTION('',(1.,0.,0.));
#1437 = DIRECTION('',(0.,0.,1.));
#1438 = SHELL_BASED_SURFACE_MODEL('',(#1439));
#1439 = OPEN_SHELL('',(#1440));
#1440 = ADVANCED_FACE('',(#1441),#1475,.F.);
#1441 = FACE_BOUND('',#1442,.T.);
#1442 = EDGE_LOOP('',(#1443,#1453,#1461,#1469));
#1443 = ORIENTED_EDGE('',*,*,#1444,.F.);
#1444 = EDGE_CURVE('',#1445,#1447,#1449,.T.);
#1445 = VERTEX_POINT('',#1446);
#1446 = CARTESIAN_POINT('',(0.949,0.475,5.1E-02));
#1447 = VERTEX_POINT('',#1448);
#1448 = CARTESIAN_POINT('',(0.949,0.825,5.1E-02));
#1449 = LINE('',#1450,#1451);
#1450 = CARTESIAN_POINT('',(0.949,0.475,5.1E-02));
#1451 = VECTOR('',#1452,1.);
#1452 = DIRECTION('',(0.,1.,0.));
#1453 = ORIENTED_EDGE('',*,*,#1454,.F.);
#1454 = EDGE_CURVE('',#1455,#1445,#1457,.T.);
#1455 = VERTEX_POINT('',#1456);
#1456 = CARTESIAN_POINT('',(0.949,0.475,5.E-02));
#1457 = LINE('',#1458,#1459);
#1458 = CARTESIAN_POINT('',(0.949,0.475,5.E-02));
#1459 = VECTOR('',#1460,1.);
#1460 = DIRECTION('',(0.,0.,1.));
#1461 = ORIENTED_EDGE('',*,*,#1462,.F.);
#1462 = EDGE_CURVE('',#1463,#1455,#1465,.T.);
#1463 = VERTEX_POINT('',#1464);
#1464 = CARTESIAN_POINT('',(0.949,0.825,5.E-02));
#1465 = LINE('',#1466,#1467);
#1466 = CARTESIAN_POINT('',(0.949,0.825,5.E-02));
#1467 = VECTOR('',#1468,1.);
#1468 = DIRECTION('',(0.,-1.,0.));
#1469 = ORIENTED_EDGE('',*,*,#1470,.F.);
#1470 = EDGE_CURVE('',#1447,#1463,#1471,.T.);
#1471 = LINE('',#1472,#1473);
#1472 = CARTESIAN_POINT('',(0.949,0.825,5.1E-02));
#1473 = VECTOR('',#1474,1.);
#1474 = DIRECTION('',(0.,0.,-1.));
#1475 = PLANE('',#1476);
#1476 = AXIS2_PLACEMENT_3D('',#1477,#1478,#1479);
#1477 = CARTESIAN_POINT('',(0.949,0.825,5.1E-02));
#1478 = DIRECTION('',(-1.,0.,0.));
#1479 = DIRECTION('',(0.,0.,1.));
#1480 = SHELL_BASED_SURFACE_MODEL('',(#1481));
#1481 = OPEN_SHELL('',(#1482));
#1482 = ADVANCED_FACE('',(#1483),#1517,.F.);
#1483 = FACE_BOUND('',#1484,.T.);
#1484 = EDGE_LOOP('',(#1485,#1495,#1503,#1511));
#1485 = ORIENTED_EDGE('',*,*,#1486,.F.);
#1486 = EDGE_CURVE('',#1487,#1489,#1491,.T.);
#1487 = VERTEX_POINT('',#1488);
#1488 = CARTESIAN_POINT('',(0.575,0.475,0.));
#1489 = VERTEX_POINT('',#1490);
#1490 = CARTESIAN_POINT('',(1.,0.475,0.));
#1491 = LINE('',#1492,#1493);
#1492 = CARTESIAN_POINT('',(0.575,0.475,0.));
#1493 = VECTOR('',#1494,1.);
#1494 = DIRECTION('',(1.,0.,0.));
#1495 = ORIENTED_EDGE('',*,*,#1496,.F.);
#1496 = EDGE_CURVE('',#1497,#1487,#1499,.T.);
#1497 = VERTEX_POINT('',#1498);
#1498 = CARTESIAN_POINT('',(0.575,0.825,0.));
#1499 = LINE('',#1500,#1501);
#1500 = CARTESIAN_POINT('',(0.575,0.825,0.));
#1501 = VECTOR('',#1502,1.);
#1502 = DIRECTION('',(0.,-1.,0.));
#1503 = ORIENTED_EDGE('',*,*,#1504,.F.);
#1504 = EDGE_CURVE('',#1505,#1497,#1507,.T.);
#1505 = VERTEX_POINT('',#1506);
#1506 = CARTESIAN_POINT('',(1.,0.825,0.));
#1507 = LINE('',#1508,#1509);
#1508 = CARTESIAN_POINT('',(1.,0.825,0.));
#1509 = VECTOR('',#1510,1.);
#1510 = DIRECTION('',(-1.,0.,0.));
#1511 = ORIENTED_EDGE('',*,*,#1512,.F.);
#1512 = EDGE_CURVE('',#1489,#1505,#1513,.T.);
#1513 = LINE('',#1514,#1515);
#1514 = CARTESIAN_POINT('',(1.,0.475,0.));
#1515 = VECTOR('',#1516,1.);
#1516 = DIRECTION('',(0.,1.,0.));
#1517 = PLANE('',#1518);
#1518 = AXIS2_PLACEMENT_3D('',#1519,#1520,#1521);
#1519 = CARTESIAN_POINT('',(1.,0.475,0.));
#1520 = DIRECTION('',(0.,0.,1.));
#1521 = DIRECTION('',(0.,1.,0.));
#1522 = SHELL_BASED_SURFACE_MODEL('',(#1523));
#1523 = OPEN_SHELL('',(#1524));
#1524 = ADVANCED_FACE('',(#1525),#1575,.F.);
#1525 = FACE_BOUND('',#1526,.T.);
#1526 = EDGE_LOOP('',(#1527,#1537,#1545,#1553,#1561,#1569));
#1527 = ORIENTED_EDGE('',*,*,#1528,.F.);
#1528 = EDGE_CURVE('',#1529,#1531,#1533,.T.);
#1529 = VERTEX_POINT('',#1530);
#1530 = CARTESIAN_POINT('',(0.575,0.175,0.));
#1531 = VERTEX_POINT('',#1532);
#1532 = CARTESIAN_POINT('',(1.,0.175,0.));
#1533 = LINE('',#1534,#1535);
#1534 = CARTESIAN_POINT('',(0.575,0.175,0.));
#1535 = VECTOR('',#1536,1.);
#1536 = DIRECTION('',(1.,0.,0.));
#1537 = ORIENTED_EDGE('',*,*,#1538,.F.);
#1538 = EDGE_CURVE('',#1539,#1529,#1541,.T.);
#1539 = VERTEX_POINT('',#1540);
#1540 = CARTESIAN_POINT('',(0.575,0.175,5.1E-02));
#1541 = LINE('',#1542,#1543);
#1542 = CARTESIAN_POINT('',(0.575,0.175,5.1E-02));
#1543 = VECTOR('',#1544,1.);
#1544 = DIRECTION('',(0.,0.,-1.));
#1545 = ORIENTED_EDGE('',*,*,#1546,.F.);
#1546 = EDGE_CURVE('',#1547,#1539,#1549,.T.);
#1547 = VERTEX_POINT('',#1548);
#1548 = CARTESIAN_POINT('',(0.949,0.175,5.1E-02));
#1549 = LINE('',#1550,#1551);
#1550 = CARTESIAN_POINT('',(0.949,0.175,5.1E-02));
#1551 = VECTOR('',#1552,1.);
#1552 = DIRECTION('',(-1.,0.,0.));
#1553 = ORIENTED_EDGE('',*,*,#1554,.F.);
#1554 = EDGE_CURVE('',#1555,#1547,#1557,.T.);
#1555 = VERTEX_POINT('',#1556);
#1556 = CARTESIAN_POINT('',(0.949,0.175,5.E-02));
#1557 = LINE('',#1558,#1559);
#1558 = CARTESIAN_POINT('',(0.949,0.175,5.E-02));
#1559 = VECTOR('',#1560,1.);
#1560 = DIRECTION('',(0.,0.,1.));
#1561 = ORIENTED_EDGE('',*,*,#1562,.F.);
#1562 = EDGE_CURVE('',#1563,#1555,#1565,.T.);
#1563 = VERTEX_POINT('',#1564);
#1564 = CARTESIAN_POINT('',(1.,0.175,5.E-02));
#1565 = LINE('',#1566,#1567);
#1566 = CARTESIAN_POINT('',(1.,0.175,5.E-02));
#1567 = VECTOR('',#1568,1.);
#1568 = DIRECTION('',(-1.,0.,0.));
#1569 = ORIENTED_EDGE('',*,*,#1570,.F.);
#1570 = EDGE_CURVE('',#1531,#1563,#1571,.T.);
#1571 = LINE('',#1572,#1573);
#1572 = CARTESIAN_POINT('',(1.,0.175,0.));
#1573 = VECTOR('',#1574,1.);
#1574 = DIRECTION('',(0.,0.,1.));
#1575 = PLANE('',#1576);
#1576 = AXIS2_PLACEMENT_3D('',#1577,#1578,#1579);
#1577 = CARTESIAN_POINT('',(1.,0.175,0.));
#1578 = DIRECTION('',(0.,-1.,0.));
#1579 = DIRECTION('',(0.,0.,1.));
#1580 = SHELL_BASED_SURFACE_MODEL('',(#1581));
#1581 = OPEN_SHELL('',(#1582));
#1582 = ADVANCED_FACE('',(#1583),#1633,.F.);
#1583 = FACE_BOUND('',#1584,.T.);
#1584 = EDGE_LOOP('',(#1585,#1595,#1603,#1611,#1619,#1627));
#1585 = ORIENTED_EDGE('',*,*,#1586,.F.);
#1586 = EDGE_CURVE('',#1587,#1589,#1591,.T.);
#1587 = VERTEX_POINT('',#1588);
#1588 = CARTESIAN_POINT('',(1.,-0.175,0.));
#1589 = VERTEX_POINT('',#1590);
#1590 = CARTESIAN_POINT('',(0.575,-0.175,0.));
#1591 = LINE('',#1592,#1593);
#1592 = CARTESIAN_POINT('',(1.,-0.175,0.));
#1593 = VECTOR('',#1594,1.);
#1594 = DIRECTION('',(-1.,0.,0.));
#1595 = ORIENTED_EDGE('',*,*,#1596,.F.);
#1596 = EDGE_CURVE('',#1597,#1587,#1599,.T.);
#1597 = VERTEX_POINT('',#1598);
#1598 = CARTESIAN_POINT('',(1.,-0.175,5.E-02));
#1599 = LINE('',#1600,#1601);
#1600 = CARTESIAN_POINT('',(1.,-0.175,5.E-02));
#1601 = VECTOR('',#1602,1.);
#1602 = DIRECTION('',(0.,0.,-1.));
#1603 = ORIENTED_EDGE('',*,*,#1604,.F.);
#1604 = EDGE_CURVE('',#1605,#1597,#1607,.T.);
#1605 = VERTEX_POINT('',#1606);
#1606 = CARTESIAN_POINT('',(0.949,-0.175,5.E-02));
#1607 = LINE('',#1608,#1609);
#1608 = CARTESIAN_POINT('',(0.949,-0.175,5.E-02));
#1609 = VECTOR('',#1610,1.);
#1610 = DIRECTION('',(1.,0.,0.));
#1611 = ORIENTED_EDGE('',*,*,#1612,.F.);
#1612 = EDGE_CURVE('',#1613,#1605,#1615,.T.);
#1613 = VERTEX_POINT('',#1614);
#1614 = CARTESIAN_POINT('',(0.949,-0.175,5.1E-02));
#1615 = LINE('',#1616,#1617);
#1616 = CARTESIAN_POINT('',(0.949,-0.175,5.1E-02));
#1617 = VECTOR('',#1618,1.);
#1618 = DIRECTION('',(0.,0.,-1.));
#1619 = ORIENTED_EDGE('',*,*,#1620,.F.);
#1620 = EDGE_CURVE('',#1621,#1613,#1623,.T.);
#1621 = VERTEX_POINT('',#1622);
#1622 = CARTESIAN_POINT('',(0.575,-0.175,5.1E-02));
#1623 = LINE('',#1624,#1625);
#1624 = CARTESIAN_POINT('',(0.575,-0.175,5.1E-02));
#1625 = VECTOR('',#1626,1.);
#1626 = DIRECTION('',(1.,0.,0.));
#1627 = ORIENTED_EDGE('',*,*,#1628,.F.);
#1628 = EDGE_CURVE('',#1589,#1621,#1629,.T.);
#1629 = LINE('',#1630,#1631);
#1630 = CARTESIAN_POINT('',(0.575,-0.175,0.));
#1631 = VECTOR('',#1632,1.);
#1632 = DIRECTION('',(0.,0.,1.));
#1633 = PLANE('',#1634);
#1634 = AXIS2_PLACEMENT_3D('',#1635,#1636,#1637);
#1635 = CARTESIAN_POINT('',(0.575,-0.175,0.));
#1636 = DIRECTION('',(0.,1.,0.));
#1637 = DIRECTION('',(0.,0.,1.));
#1638 = SHELL_BASED_SURFACE_MODEL('',(#1639));
#1639 = OPEN_SHELL('',(#1640));
#1640 = ADVANCED_FACE('',(#1641),#1675,.F.);
#1641 = FACE_BOUND('',#1642,.T.);
#1642 = EDGE_LOOP('',(#1643,#1653,#1661,#1669));
#1643 = ORIENTED_EDGE('',*,*,#1644,.F.);
#1644 = EDGE_CURVE('',#1645,#1647,#1649,.T.);
#1645 = VERTEX_POINT('',#1646);
#1646 = CARTESIAN_POINT('',(0.949,0.175,5.E-02));
#1647 = VERTEX_POINT('',#1648);
#1648 = CARTESIAN_POINT('',(1.,0.175,5.E-02));
#1649 = LINE('',#1650,#1651);
#1650 = CARTESIAN_POINT('',(0.949,0.175,5.E-02));
#1651 = VECTOR('',#1652,1.);
#1652 = DIRECTION('',(1.,0.,0.));
#1653 = ORIENTED_EDGE('',*,*,#1654,.F.);
#1654 = EDGE_CURVE('',#1655,#1645,#1657,.T.);
#1655 = VERTEX_POINT('',#1656);
#1656 = CARTESIAN_POINT('',(0.949,-0.175,5.E-02));
#1657 = LINE('',#1658,#1659);
#1658 = CARTESIAN_POINT('',(0.949,-0.175,5.E-02));
#1659 = VECTOR('',#1660,1.);
#1660 = DIRECTION('',(0.,1.,0.));
#1661 = ORIENTED_EDGE('',*,*,#1662,.F.);
#1662 = EDGE_CURVE('',#1663,#1655,#1665,.T.);
#1663 = VERTEX_POINT('',#1664);
#1664 = CARTESIAN_POINT('',(1.,-0.175,5.E-02));
#1665 = LINE('',#1666,#1667);
#1666 = CARTESIAN_POINT('',(1.,-0.175,5.E-02));
#1667 = VECTOR('',#1668,1.);
#1668 = DIRECTION('',(-1.,0.,0.));
#1669 = ORIENTED_EDGE('',*,*,#1670,.F.);
#1670 = EDGE_CURVE('',#1647,#1663,#1671,.T.);
#1671 = LINE('',#1672,#1673);
#1672 = CARTESIAN_POINT('',(1.,0.175,5.E-02));
#1673 = VECTOR('',#1674,1.);
#1674 = DIRECTION('',(0.,-1.,0.));
#1675 = PLANE('',#1676);
#1676 = AXIS2_PLACEMENT_3D('',#1677,#1678,#1679);
#1677 = CARTESIAN_POINT('',(1.,0.175,5.E-02));
#1678 = DIRECTION('',(0.,0.,-1.));
#1679 = DIRECTION('',(0.,1.,0.));
#1680 = SHELL_BASED_SURFACE_MODEL('',(#1681));
#1681 = OPEN_SHELL('',(#1682));
#1682 = ADVANCED_FACE('',(#1683),#1717,.F.);
#1683 = FACE_BOUND('',#1684,.T.);
#1684 = EDGE_LOOP('',(#1685,#1695,#1703,#1711));
#1685 = ORIENTED_EDGE('',*,*,#1686,.F.);
#1686 = EDGE_CURVE('',#1687,#1689,#1691,.T.);
#1687 = VERTEX_POINT('',#1688);
#1688 = CARTESIAN_POINT('',(0.575,0.175,5.1E-02));
#1689 = VERTEX_POINT('',#1690);
#1690 = CARTESIAN_POINT('',(0.949,0.175,5.1E-02));
#1691 = LINE('',#1692,#1693);
#1692 = CARTESIAN_POINT('',(0.575,0.175,5.1E-02));
#1693 = VECTOR('',#1694,1.);
#1694 = DIRECTION('',(1.,0.,0.));
#1695 = ORIENTED_EDGE('',*,*,#1696,.F.);
#1696 = EDGE_CURVE('',#1697,#1687,#1699,.T.);
#1697 = VERTEX_POINT('',#1698);
#1698 = CARTESIAN_POINT('',(0.575,-0.175,5.1E-02));
#1699 = LINE('',#1700,#1701);
#1700 = CARTESIAN_POINT('',(0.575,-0.175,5.1E-02));
#1701 = VECTOR('',#1702,1.);
#1702 = DIRECTION('',(0.,1.,0.));
#1703 = ORIENTED_EDGE('',*,*,#1704,.F.);
#1704 = EDGE_CURVE('',#1705,#1697,#1707,.T.);
#1705 = VERTEX_POINT('',#1706);
#1706 = CARTESIAN_POINT('',(0.949,-0.175,5.1E-02));
#1707 = LINE('',#1708,#1709);
#1708 = CARTESIAN_POINT('',(0.949,-0.175,5.1E-02));
#1709 = VECTOR('',#1710,1.);
#1710 = DIRECTION('',(-1.,0.,0.));
#1711 = ORIENTED_EDGE('',*,*,#1712,.F.);
#1712 = EDGE_CURVE('',#1689,#1705,#1713,.T.);
#1713 = LINE('',#1714,#1715);
#1714 = CARTESIAN_POINT('',(0.949,0.175,5.1E-02));
#1715 = VECTOR('',#1716,1.);
#1716 = DIRECTION('',(0.,-1.,0.));
#1717 = PLANE('',#1718);
#1718 = AXIS2_PLACEMENT_3D('',#1719,#1720,#1721);
#1719 = CARTESIAN_POINT('',(0.949,0.175,5.1E-02));
#1720 = DIRECTION('',(0.,0.,-1.));
#1721 = DIRECTION('',(0.,1.,0.));
#1722 = SHELL_BASED_SURFACE_MODEL('',(#1723));
#1723 = OPEN_SHELL('',(#1724));
#1724 = ADVANCED_FACE('',(#1725),#1759,.F.);
#1725 = FACE_BOUND('',#1726,.T.);
#1726 = EDGE_LOOP('',(#1727,#1737,#1745,#1753));
#1727 = ORIENTED_EDGE('',*,*,#1728,.F.);
#1728 = EDGE_CURVE('',#1729,#1731,#1733,.T.);
#1729 = VERTEX_POINT('',#1730);
#1730 = CARTESIAN_POINT('',(1.,0.175,0.));
#1731 = VERTEX_POINT('',#1732);
#1732 = CARTESIAN_POINT('',(1.,-0.175,0.));
#1733 = LINE('',#1734,#1735);
#1734 = CARTESIAN_POINT('',(1.,0.175,0.));
#1735 = VECTOR('',#1736,1.);
#1736 = DIRECTION('',(0.,-1.,0.));
#1737 = ORIENTED_EDGE('',*,*,#1738,.F.);
#1738 = EDGE_CURVE('',#1739,#1729,#1741,.T.);
#1739 = VERTEX_POINT('',#1740);
#1740 = CARTESIAN_POINT('',(1.,0.175,5.E-02));
#1741 = LINE('',#1742,#1743);
#1742 = CARTESIAN_POINT('',(1.,0.175,5.E-02));
#1743 = VECTOR('',#1744,1.);
#1744 = DIRECTION('',(0.,0.,-1.));
#1745 = ORIENTED_EDGE('',*,*,#1746,.F.);
#1746 = EDGE_CURVE('',#1747,#1739,#1749,.T.);
#1747 = VERTEX_POINT('',#1748);
#1748 = CARTESIAN_POINT('',(1.,-0.175,5.E-02));
#1749 = LINE('',#1750,#1751);
#1750 = CARTESIAN_POINT('',(1.,-0.175,5.E-02));
#1751 = VECTOR('',#1752,1.);
#1752 = DIRECTION('',(0.,1.,0.));
#1753 = ORIENTED_EDGE('',*,*,#1754,.F.);
#1754 = EDGE_CURVE('',#1731,#1747,#1755,.T.);
#1755 = LINE('',#1756,#1757);
#1756 = CARTESIAN_POINT('',(1.,-0.175,0.));
#1757 = VECTOR('',#1758,1.);
#1758 = DIRECTION('',(0.,0.,1.));
#1759 = PLANE('',#1760);
#1760 = AXIS2_PLACEMENT_3D('',#1761,#1762,#1763);
#1761 = CARTESIAN_POINT('',(1.,-0.175,0.));
#1762 = DIRECTION('',(-1.,0.,0.));
#1763 = DIRECTION('',(0.,0.,1.));
#1764 = SHELL_BASED_SURFACE_MODEL('',(#1765));
#1765 = OPEN_SHELL('',(#1766));
#1766 = ADVANCED_FACE('',(#1767),#1801,.F.);
#1767 = FACE_BOUND('',#1768,.T.);
#1768 = EDGE_LOOP('',(#1769,#1779,#1787,#1795));
#1769 = ORIENTED_EDGE('',*,*,#1770,.F.);
#1770 = EDGE_CURVE('',#1771,#1773,#1775,.T.);
#1771 = VERTEX_POINT('',#1772);
#1772 = CARTESIAN_POINT('',(0.575,-0.175,0.));
#1773 = VERTEX_POINT('',#1774);
#1774 = CARTESIAN_POINT('',(0.575,0.175,0.));
#1775 = LINE('',#1776,#1777);
#1776 = CARTESIAN_POINT('',(0.575,-0.175,0.));
#1777 = VECTOR('',#1778,1.);
#1778 = DIRECTION('',(0.,1.,0.));
#1779 = ORIENTED_EDGE('',*,*,#1780,.F.);
#1780 = EDGE_CURVE('',#1781,#1771,#1783,.T.);
#1781 = VERTEX_POINT('',#1782);
#1782 = CARTESIAN_POINT('',(0.575,-0.175,5.1E-02));
#1783 = LINE('',#1784,#1785);
#1784 = CARTESIAN_POINT('',(0.575,-0.175,5.1E-02));
#1785 = VECTOR('',#1786,1.);
#1786 = DIRECTION('',(0.,0.,-1.));
#1787 = ORIENTED_EDGE('',*,*,#1788,.F.);
#1788 = EDGE_CURVE('',#1789,#1781,#1791,.T.);
#1789 = VERTEX_POINT('',#1790);
#1790 = CARTESIAN_POINT('',(0.575,0.175,5.1E-02));
#1791 = LINE('',#1792,#1793);
#1792 = CARTESIAN_POINT('',(0.575,0.175,5.1E-02));
#1793 = VECTOR('',#1794,1.);
#1794 = DIRECTION('',(0.,-1.,0.));
#1795 = ORIENTED_EDGE('',*,*,#1796,.F.);
#1796 = EDGE_CURVE('',#1773,#1789,#1797,.T.);
#1797 = LINE('',#1798,#1799);
#1798 = CARTESIAN_POINT('',(0.575,0.175,0.));
#1799 = VECTOR('',#1800,1.);
#1800 = DIRECTION('',(0.,0.,1.));
#1801 = PLANE('',#1802);
#1802 = AXIS2_PLACEMENT_3D('',#1803,#1804,#1805);
#1803 = CARTESIAN_POINT('',(0.575,0.175,0.));
#1804 = DIRECTION('',(1.,0.,0.));
#1805 = DIRECTION('',(0.,0.,1.));
#1806 = SHELL_BASED_SURFACE_MODEL('',(#1807));
#1807 = OPEN_SHELL('',(#1808));
#1808 = ADVANCED_FACE('',(#1809),#1843,.F.);
#1809 = FACE_BOUND('',#1810,.T.);
#1810 = EDGE_LOOP('',(#1811,#1821,#1829,#1837));
#1811 = ORIENTED_EDGE('',*,*,#1812,.F.);
#1812 = EDGE_CURVE('',#1813,#1815,#1817,.T.);
#1813 = VERTEX_POINT('',#1814);
#1814 = CARTESIAN_POINT('',(0.949,-0.175,5.1E-02));
#1815 = VERTEX_POINT('',#1816);
#1816 = CARTESIAN_POINT('',(0.949,0.175,5.1E-02));
#1817 = LINE('',#1818,#1819);
#1818 = CARTESIAN_POINT('',(0.949,-0.175,5.1E-02));
#1819 = VECTOR('',#1820,1.);
#1820 = DIRECTION('',(0.,1.,0.));
#1821 = ORIENTED_EDGE('',*,*,#1822,.F.);
#1822 = EDGE_CURVE('',#1823,#1813,#1825,.T.);
#1823 = VERTEX_POINT('',#1824);
#1824 = CARTESIAN_POINT('',(0.949,-0.175,5.E-02));
#1825 = LINE('',#1826,#1827);
#1826 = CARTESIAN_POINT('',(0.949,-0.175,5.E-02));
#1827 = VECTOR('',#1828,1.);
#1828 = DIRECTION('',(0.,0.,1.));
#1829 = ORIENTED_EDGE('',*,*,#1830,.F.);
#1830 = EDGE_CURVE('',#1831,#1823,#1833,.T.);
#1831 = VERTEX_POINT('',#1832);
#1832 = CARTESIAN_POINT('',(0.949,0.175,5.E-02));
#1833 = LINE('',#1834,#1835);
#1834 = CARTESIAN_POINT('',(0.949,0.175,5.E-02));
#1835 = VECTOR('',#1836,1.);
#1836 = DIRECTION('',(0.,-1.,0.));
#1837 = ORIENTED_EDGE('',*,*,#1838,.F.);
#1838 = EDGE_CURVE('',#1815,#1831,#1839,.T.);
#1839 = LINE('',#1840,#1841);
#1840 = CARTESIAN_POINT('',(0.949,0.175,5.1E-02));
#1841 = VECTOR('',#1842,1.);
#1842 = DIRECTION('',(0.,0.,-1.));
#1843 = PLANE('',#1844);
#1844 = AXIS2_PLACEMENT_3D('',#1845,#1846,#1847);
#1845 = CARTESIAN_POINT('',(0.949,0.175,5.1E-02));
#1846 = DIRECTION('',(-1.,0.,0.));
#1847 = DIRECTION('',(0.,0.,1.));
#1848 = SHELL_BASED_SURFACE_MODEL('',(#1849));
#1849 = OPEN_SHELL('',(#1850));
#1850 = ADVANCED_FACE('',(#1851),#1885,.F.);
#1851 = FACE_BOUND('',#1852,.T.);
#1852 = EDGE_LOOP('',(#1853,#1863,#1871,#1879));
#1853 = ORIENTED_EDGE('',*,*,#1854,.F.);
#1854 = EDGE_CURVE('',#1855,#1857,#1859,.T.);
#1855 = VERTEX_POINT('',#1856);
#1856 = CARTESIAN_POINT('',(0.575,-0.175,0.));
#1857 = VERTEX_POINT('',#1858);
#1858 = CARTESIAN_POINT('',(1.,-0.175,0.));
#1859 = LINE('',#1860,#1861);
#1860 = CARTESIAN_POINT('',(0.575,-0.175,0.));
#1861 = VECTOR('',#1862,1.);
#1862 = DIRECTION('',(1.,0.,0.));
#1863 = ORIENTED_EDGE('',*,*,#1864,.F.);
#1864 = EDGE_CURVE('',#1865,#1855,#1867,.T.);
#1865 = VERTEX_POINT('',#1866);
#1866 = CARTESIAN_POINT('',(0.575,0.175,0.));
#1867 = LINE('',#1868,#1869);
#1868 = CARTESIAN_POINT('',(0.575,0.175,0.));
#1869 = VECTOR('',#1870,1.);
#1870 = DIRECTION('',(0.,-1.,0.));
#1871 = ORIENTED_EDGE('',*,*,#1872,.F.);
#1872 = EDGE_CURVE('',#1873,#1865,#1875,.T.);
#1873 = VERTEX_POINT('',#1874);
#1874 = CARTESIAN_POINT('',(1.,0.175,0.));
#1875 = LINE('',#1876,#1877);
#1876 = CARTESIAN_POINT('',(1.,0.175,0.));
#1877 = VECTOR('',#1878,1.);
#1878 = DIRECTION('',(-1.,0.,0.));
#1879 = ORIENTED_EDGE('',*,*,#1880,.F.);
#1880 = EDGE_CURVE('',#1857,#1873,#1881,.T.);
#1881 = LINE('',#1882,#1883);
#1882 = CARTESIAN_POINT('',(1.,-0.175,0.));
#1883 = VECTOR('',#1884,1.);
#1884 = DIRECTION('',(0.,1.,0.));
#1885 = PLANE('',#1886);
#1886 = AXIS2_PLACEMENT_3D('',#1887,#1888,#1889);
#1887 = CARTESIAN_POINT('',(1.,-0.175,0.));
#1888 = DIRECTION('',(0.,0.,1.));
#1889 = DIRECTION('',(0.,1.,0.));
#1890 = SHELL_BASED_SURFACE_MODEL('',(#1891));
#1891 = OPEN_SHELL('',(#1892));
#1892 = ADVANCED_FACE('',(#1893),#1943,.F.);
#1893 = FACE_BOUND('',#1894,.T.);
#1894 = EDGE_LOOP('',(#1895,#1905,#1913,#1921,#1929,#1937));
#1895 = ORIENTED_EDGE('',*,*,#1896,.F.);
#1896 = EDGE_CURVE('',#1897,#1899,#1901,.T.);
#1897 = VERTEX_POINT('',#1898);
#1898 = CARTESIAN_POINT('',(0.575,-0.475,0.));
#1899 = VERTEX_POINT('',#1900);
#1900 = CARTESIAN_POINT('',(1.,-0.475,0.));
#1901 = LINE('',#1902,#1903);
#1902 = CARTESIAN_POINT('',(0.575,-0.475,0.));
#1903 = VECTOR('',#1904,1.);
#1904 = DIRECTION('',(1.,0.,0.));
#1905 = ORIENTED_EDGE('',*,*,#1906,.F.);
#1906 = EDGE_CURVE('',#1907,#1897,#1909,.T.);
#1907 = VERTEX_POINT('',#1908);
#1908 = CARTESIAN_POINT('',(0.575,-0.475,5.1E-02));
#1909 = LINE('',#1910,#1911);
#1910 = CARTESIAN_POINT('',(0.575,-0.475,5.1E-02));
#1911 = VECTOR('',#1912,1.);
#1912 = DIRECTION('',(0.,0.,-1.));
#1913 = ORIENTED_EDGE('',*,*,#1914,.F.);
#1914 = EDGE_CURVE('',#1915,#1907,#1917,.T.);
#1915 = VERTEX_POINT('',#1916);
#1916 = CARTESIAN_POINT('',(0.949,-0.475,5.1E-02));
#1917 = LINE('',#1918,#1919);
#1918 = CARTESIAN_POINT('',(0.949,-0.475,5.1E-02));
#1919 = VECTOR('',#1920,1.);
#1920 = DIRECTION('',(-1.,0.,0.));
#1921 = ORIENTED_EDGE('',*,*,#1922,.F.);
#1922 = EDGE_CURVE('',#1923,#1915,#1925,.T.);
#1923 = VERTEX_POINT('',#1924);
#1924 = CARTESIAN_POINT('',(0.949,-0.475,5.E-02));
#1925 = LINE('',#1926,#1927);
#1926 = CARTESIAN_POINT('',(0.949,-0.475,5.E-02));
#1927 = VECTOR('',#1928,1.);
#1928 = DIRECTION('',(0.,0.,1.));
#1929 = ORIENTED_EDGE('',*,*,#1930,.F.);
#1930 = EDGE_CURVE('',#1931,#1923,#1933,.T.);
#1931 = VERTEX_POINT('',#1932);
#1932 = CARTESIAN_POINT('',(1.,-0.475,5.E-02));
#1933 = LINE('',#1934,#1935);
#1934 = CARTESIAN_POINT('',(1.,-0.475,5.E-02));
#1935 = VECTOR('',#1936,1.);
#1936 = DIRECTION('',(-1.,0.,0.));
#1937 = ORIENTED_EDGE('',*,*,#1938,.F.);
#1938 = EDGE_CURVE('',#1899,#1931,#1939,.T.);
#1939 = LINE('',#1940,#1941);
#1940 = CARTESIAN_POINT('',(1.,-0.475,0.));
#1941 = VECTOR('',#1942,1.);
#1942 = DIRECTION('',(0.,0.,1.));
#1943 = PLANE('',#1944);
#1944 = AXIS2_PLACEMENT_3D('',#1945,#1946,#1947);
#1945 = CARTESIAN_POINT('',(1.,-0.475,0.));
#1946 = DIRECTION('',(0.,-1.,0.));
#1947 = DIRECTION('',(0.,0.,1.));
#1948 = SHELL_BASED_SURFACE_MODEL('',(#1949));
#1949 = OPEN_SHELL('',(#1950));
#1950 = ADVANCED_FACE('',(#1951),#2001,.F.);
#1951 = FACE_BOUND('',#1952,.T.);
#1952 = EDGE_LOOP('',(#1953,#1963,#1971,#1979,#1987,#1995));
#1953 = ORIENTED_EDGE('',*,*,#1954,.F.);
#1954 = EDGE_CURVE('',#1955,#1957,#1959,.T.);
#1955 = VERTEX_POINT('',#1956);
#1956 = CARTESIAN_POINT('',(1.,-0.825,0.));
#1957 = VERTEX_POINT('',#1958);
#1958 = CARTESIAN_POINT('',(0.575,-0.825,0.));
#1959 = LINE('',#1960,#1961);
#1960 = CARTESIAN_POINT('',(1.,-0.825,0.));
#1961 = VECTOR('',#1962,1.);
#1962 = DIRECTION('',(-1.,0.,0.));
#1963 = ORIENTED_EDGE('',*,*,#1964,.F.);
#1964 = EDGE_CURVE('',#1965,#1955,#1967,.T.);
#1965 = VERTEX_POINT('',#1966);
#1966 = CARTESIAN_POINT('',(1.,-0.825,5.E-02));
#1967 = LINE('',#1968,#1969);
#1968 = CARTESIAN_POINT('',(1.,-0.825,5.E-02));
#1969 = VECTOR('',#1970,1.);
#1970 = DIRECTION('',(0.,0.,-1.));
#1971 = ORIENTED_EDGE('',*,*,#1972,.F.);
#1972 = EDGE_CURVE('',#1973,#1965,#1975,.T.);
#1973 = VERTEX_POINT('',#1974);
#1974 = CARTESIAN_POINT('',(0.949,-0.825,5.E-02));
#1975 = LINE('',#1976,#1977);
#1976 = CARTESIAN_POINT('',(0.949,-0.825,5.E-02));
#1977 = VECTOR('',#1978,1.);
#1978 = DIRECTION('',(1.,0.,0.));
#1979 = ORIENTED_EDGE('',*,*,#1980,.F.);
#1980 = EDGE_CURVE('',#1981,#1973,#1983,.T.);
#1981 = VERTEX_POINT('',#1982);
#1982 = CARTESIAN_POINT('',(0.949,-0.825,5.1E-02));
#1983 = LINE('',#1984,#1985);
#1984 = CARTESIAN_POINT('',(0.949,-0.825,5.1E-02));
#1985 = VECTOR('',#1986,1.);
#1986 = DIRECTION('',(0.,0.,-1.));
#1987 = ORIENTED_EDGE('',*,*,#1988,.F.);
#1988 = EDGE_CURVE('',#1989,#1981,#1991,.T.);
#1989 = VERTEX_POINT('',#1990);
#1990 = CARTESIAN_POINT('',(0.575,-0.825,5.1E-02));
#1991 = LINE('',#1992,#1993);
#1992 = CARTESIAN_POINT('',(0.575,-0.825,5.1E-02));
#1993 = VECTOR('',#1994,1.);
#1994 = DIRECTION('',(1.,0.,0.));
#1995 = ORIENTED_EDGE('',*,*,#1996,.F.);
#1996 = EDGE_CURVE('',#1957,#1989,#1997,.T.);
#1997 = LINE('',#1998,#1999);
#1998 = CARTESIAN_POINT('',(0.575,-0.825,0.));
#1999 = VECTOR('',#2000,1.);
#2000 = DIRECTION('',(0.,0.,1.));
#2001 = PLANE('',#2002);
#2002 = AXIS2_PLACEMENT_3D('',#2003,#2004,#2005);
#2003 = CARTESIAN_POINT('',(0.575,-0.825,0.));
#2004 = DIRECTION('',(0.,1.,0.));
#2005 = DIRECTION('',(0.,0.,1.));
#2006 = SHELL_BASED_SURFACE_MODEL('',(#2007));
#2007 = OPEN_SHELL('',(#2008));
#2008 = ADVANCED_FACE('',(#2009),#2043,.F.);
#2009 = FACE_BOUND('',#2010,.T.);
#2010 = EDGE_LOOP('',(#2011,#2021,#2029,#2037));
#2011 = ORIENTED_EDGE('',*,*,#2012,.F.);
#2012 = EDGE_CURVE('',#2013,#2015,#2017,.T.);
#2013 = VERTEX_POINT('',#2014);
#2014 = CARTESIAN_POINT('',(0.949,-0.475,5.E-02));
#2015 = VERTEX_POINT('',#2016);
#2016 = CARTESIAN_POINT('',(1.,-0.475,5.E-02));
#2017 = LINE('',#2018,#2019);
#2018 = CARTESIAN_POINT('',(0.949,-0.475,5.E-02));
#2019 = VECTOR('',#2020,1.);
#2020 = DIRECTION('',(1.,0.,0.));
#2021 = ORIENTED_EDGE('',*,*,#2022,.F.);
#2022 = EDGE_CURVE('',#2023,#2013,#2025,.T.);
#2023 = VERTEX_POINT('',#2024);
#2024 = CARTESIAN_POINT('',(0.949,-0.825,5.E-02));
#2025 = LINE('',#2026,#2027);
#2026 = CARTESIAN_POINT('',(0.949,-0.825,5.E-02));
#2027 = VECTOR('',#2028,1.);
#2028 = DIRECTION('',(0.,1.,0.));
#2029 = ORIENTED_EDGE('',*,*,#2030,.F.);
#2030 = EDGE_CURVE('',#2031,#2023,#2033,.T.);
#2031 = VERTEX_POINT('',#2032);
#2032 = CARTESIAN_POINT('',(1.,-0.825,5.E-02));
#2033 = LINE('',#2034,#2035);
#2034 = CARTESIAN_POINT('',(1.,-0.825,5.E-02));
#2035 = VECTOR('',#2036,1.);
#2036 = DIRECTION('',(-1.,0.,0.));
#2037 = ORIENTED_EDGE('',*,*,#2038,.F.);
#2038 = EDGE_CURVE('',#2015,#2031,#2039,.T.);
#2039 = LINE('',#2040,#2041);
#2040 = CARTESIAN_POINT('',(1.,-0.475,5.E-02));
#2041 = VECTOR('',#2042,1.);
#2042 = DIRECTION('',(0.,-1.,0.));
#2043 = PLANE('',#2044);
#2044 = AXIS2_PLACEMENT_3D('',#2045,#2046,#2047);
#2045 = CARTESIAN_POINT('',(1.,-0.475,5.E-02));
#2046 = DIRECTION('',(0.,0.,-1.));
#2047 = DIRECTION('',(0.,1.,0.));
#2048 = SHELL_BASED_SURFACE_MODEL('',(#2049));
#2049 = OPEN_SHELL('',(#2050));
#2050 = ADVANCED_FACE('',(#2051),#2085,.F.);
#2051 = FACE_BOUND('',#2052,.T.);
#2052 = EDGE_LOOP('',(#2053,#2063,#2071,#2079));
#2053 = ORIENTED_EDGE('',*,*,#2054,.F.);
#2054 = EDGE_CURVE('',#2055,#2057,#2059,.T.);
#2055 = VERTEX_POINT('',#2056);
#2056 = CARTESIAN_POINT('',(0.575,-0.475,5.1E-02));
#2057 = VERTEX_POINT('',#2058);
#2058 = CARTESIAN_POINT('',(0.949,-0.475,5.1E-02));
#2059 = LINE('',#2060,#2061);
#2060 = CARTESIAN_POINT('',(0.575,-0.475,5.1E-02));
#2061 = VECTOR('',#2062,1.);
#2062 = DIRECTION('',(1.,0.,0.));
#2063 = ORIENTED_EDGE('',*,*,#2064,.F.);
#2064 = EDGE_CURVE('',#2065,#2055,#2067,.T.);
#2065 = VERTEX_POINT('',#2066);
#2066 = CARTESIAN_POINT('',(0.575,-0.825,5.1E-02));
#2067 = LINE('',#2068,#2069);
#2068 = CARTESIAN_POINT('',(0.575,-0.825,5.1E-02));
#2069 = VECTOR('',#2070,1.);
#2070 = DIRECTION('',(0.,1.,0.));
#2071 = ORIENTED_EDGE('',*,*,#2072,.F.);
#2072 = EDGE_CURVE('',#2073,#2065,#2075,.T.);
#2073 = VERTEX_POINT('',#2074);
#2074 = CARTESIAN_POINT('',(0.949,-0.825,5.1E-02));
#2075 = LINE('',#2076,#2077);
#2076 = CARTESIAN_POINT('',(0.949,-0.825,5.1E-02));
#2077 = VECTOR('',#2078,1.);
#2078 = DIRECTION('',(-1.,0.,0.));
#2079 = ORIENTED_EDGE('',*,*,#2080,.F.);
#2080 = EDGE_CURVE('',#2057,#2073,#2081,.T.);
#2081 = LINE('',#2082,#2083);
#2082 = CARTESIAN_POINT('',(0.949,-0.475,5.1E-02));
#2083 = VECTOR('',#2084,1.);
#2084 = DIRECTION('',(0.,-1.,0.));
#2085 = PLANE('',#2086);
#2086 = AXIS2_PLACEMENT_3D('',#2087,#2088,#2089);
#2087 = CARTESIAN_POINT('',(0.949,-0.475,5.1E-02));
#2088 = DIRECTION('',(0.,0.,-1.));
#2089 = DIRECTION('',(0.,1.,0.));
#2090 = SHELL_BASED_SURFACE_MODEL('',(#2091));
#2091 = OPEN_SHELL('',(#2092));
#2092 = ADVANCED_FACE('',(#2093),#2127,.F.);
#2093 = FACE_BOUND('',#2094,.T.);
#2094 = EDGE_LOOP('',(#2095,#2105,#2113,#2121));
#2095 = ORIENTED_EDGE('',*,*,#2096,.F.);
#2096 = EDGE_CURVE('',#2097,#2099,#2101,.T.);
#2097 = VERTEX_POINT('',#2098);
#2098 = CARTESIAN_POINT('',(1.,-0.475,0.));
#2099 = VERTEX_POINT('',#2100);
#2100 = CARTESIAN_POINT('',(1.,-0.825,0.));
#2101 = LINE('',#2102,#2103);
#2102 = CARTESIAN_POINT('',(1.,-0.475,0.));
#2103 = VECTOR('',#2104,1.);
#2104 = DIRECTION('',(0.,-1.,0.));
#2105 = ORIENTED_EDGE('',*,*,#2106,.F.);
#2106 = EDGE_CURVE('',#2107,#2097,#2109,.T.);
#2107 = VERTEX_POINT('',#2108);
#2108 = CARTESIAN_POINT('',(1.,-0.475,5.E-02));
#2109 = LINE('',#2110,#2111);
#2110 = CARTESIAN_POINT('',(1.,-0.475,5.E-02));
#2111 = VECTOR('',#2112,1.);
#2112 = DIRECTION('',(0.,0.,-1.));
#2113 = ORIENTED_EDGE('',*,*,#2114,.F.);
#2114 = EDGE_CURVE('',#2115,#2107,#2117,.T.);
#2115 = VERTEX_POINT('',#2116);
#2116 = CARTESIAN_POINT('',(1.,-0.825,5.E-02));
#2117 = LINE('',#2118,#2119);
#2118 = CARTESIAN_POINT('',(1.,-0.825,5.E-02));
#2119 = VECTOR('',#2120,1.);
#2120 = DIRECTION('',(0.,1.,0.));
#2121 = ORIENTED_EDGE('',*,*,#2122,.F.);
#2122 = EDGE_CURVE('',#2099,#2115,#2123,.T.);
#2123 = LINE('',#2124,#2125);
#2124 = CARTESIAN_POINT('',(1.,-0.825,0.));
#2125 = VECTOR('',#2126,1.);
#2126 = DIRECTION('',(0.,0.,1.));
#2127 = PLANE('',#2128);
#2128 = AXIS2_PLACEMENT_3D('',#2129,#2130,#2131);
#2129 = CARTESIAN_POINT('',(1.,-0.825,0.));
#2130 = DIRECTION('',(-1.,0.,0.));
#2131 = DIRECTION('',(0.,0.,1.));
#2132 = SHELL_BASED_SURFACE_MODEL('',(#2133));
#2133 = OPEN_SHELL('',(#2134));
#2134 = ADVANCED_FACE('',(#2135),#2169,.F.);
#2135 = FACE_BOUND('',#2136,.T.);
#2136 = EDGE_LOOP('',(#2137,#2147,#2155,#2163));
#2137 = ORIENTED_EDGE('',*,*,#2138,.F.);
#2138 = EDGE_CURVE('',#2139,#2141,#2143,.T.);
#2139 = VERTEX_POINT('',#2140);
#2140 = CARTESIAN_POINT('',(0.575,-0.825,0.));
#2141 = VERTEX_POINT('',#2142);
#2142 = CARTESIAN_POINT('',(0.575,-0.475,0.));
#2143 = LINE('',#2144,#2145);
#2144 = CARTESIAN_POINT('',(0.575,-0.825,0.));
#2145 = VECTOR('',#2146,1.);
#2146 = DIRECTION('',(0.,1.,0.));
#2147 = ORIENTED_EDGE('',*,*,#2148,.F.);
#2148 = EDGE_CURVE('',#2149,#2139,#2151,.T.);
#2149 = VERTEX_POINT('',#2150);
#2150 = CARTESIAN_POINT('',(0.575,-0.825,5.1E-02));
#2151 = LINE('',#2152,#2153);
#2152 = CARTESIAN_POINT('',(0.575,-0.825,5.1E-02));
#2153 = VECTOR('',#2154,1.);
#2154 = DIRECTION('',(0.,0.,-1.));
#2155 = ORIENTED_EDGE('',*,*,#2156,.F.);
#2156 = EDGE_CURVE('',#2157,#2149,#2159,.T.);
#2157 = VERTEX_POINT('',#2158);
#2158 = CARTESIAN_POINT('',(0.575,-0.475,5.1E-02));
#2159 = LINE('',#2160,#2161);
#2160 = CARTESIAN_POINT('',(0.575,-0.475,5.1E-02));
#2161 = VECTOR('',#2162,1.);
#2162 = DIRECTION('',(0.,-1.,0.));
#2163 = ORIENTED_EDGE('',*,*,#2164,.F.);
#2164 = EDGE_CURVE('',#2141,#2157,#2165,.T.);
#2165 = LINE('',#2166,#2167);
#2166 = CARTESIAN_POINT('',(0.575,-0.475,0.));
#2167 = VECTOR('',#2168,1.);
#2168 = DIRECTION('',(0.,0.,1.));
#2169 = PLANE('',#2170);
#2170 = AXIS2_PLACEMENT_3D('',#2171,#2172,#2173);
#2171 = CARTESIAN_POINT('',(0.575,-0.475,0.));
#2172 = DIRECTION('',(1.,0.,0.));
#2173 = DIRECTION('',(0.,0.,1.));
#2174 = SHELL_BASED_SURFACE_MODEL('',(#2175));
#2175 = OPEN_SHELL('',(#2176));
#2176 = ADVANCED_FACE('',(#2177),#2211,.F.);
#2177 = FACE_BOUND('',#2178,.T.);
#2178 = EDGE_LOOP('',(#2179,#2189,#2197,#2205));
#2179 = ORIENTED_EDGE('',*,*,#2180,.F.);
#2180 = EDGE_CURVE('',#2181,#2183,#2185,.T.);
#2181 = VERTEX_POINT('',#2182);
#2182 = CARTESIAN_POINT('',(0.949,-0.825,5.1E-02));
#2183 = VERTEX_POINT('',#2184);
#2184 = CARTESIAN_POINT('',(0.949,-0.475,5.1E-02));
#2185 = LINE('',#2186,#2187);
#2186 = CARTESIAN_POINT('',(0.949,-0.825,5.1E-02));
#2187 = VECTOR('',#2188,1.);
#2188 = DIRECTION('',(0.,1.,0.));
#2189 = ORIENTED_EDGE('',*,*,#2190,.F.);
#2190 = EDGE_CURVE('',#2191,#2181,#2193,.T.);
#2191 = VERTEX_POINT('',#2192);
#2192 = CARTESIAN_POINT('',(0.949,-0.825,5.E-02));
#2193 = LINE('',#2194,#2195);
#2194 = CARTESIAN_POINT('',(0.949,-0.825,5.E-02));
#2195 = VECTOR('',#2196,1.);
#2196 = DIRECTION('',(0.,0.,1.));
#2197 = ORIENTED_EDGE('',*,*,#2198,.F.);
#2198 = EDGE_CURVE('',#2199,#2191,#2201,.T.);
#2199 = VERTEX_POINT('',#2200);
#2200 = CARTESIAN_POINT('',(0.949,-0.475,5.E-02));
#2201 = LINE('',#2202,#2203);
#2202 = CARTESIAN_POINT('',(0.949,-0.475,5.E-02));
#2203 = VECTOR('',#2204,1.);
#2204 = DIRECTION('',(0.,-1.,0.));
#2205 = ORIENTED_EDGE('',*,*,#2206,.F.);
#2206 = EDGE_CURVE('',#2183,#2199,#2207,.T.);
#2207 = LINE('',#2208,#2209);
#2208 = CARTESIAN_POINT('',(0.949,-0.475,5.1E-02));
#2209 = VECTOR('',#2210,1.);
#2210 = DIRECTION('',(0.,0.,-1.));
#2211 = PLANE('',#2212);
#2212 = AXIS2_PLACEMENT_3D('',#2213,#2214,#2215);
#2213 = CARTESIAN_POINT('',(0.949,-0.475,5.1E-02));
#2214 = DIRECTION('',(-1.,0.,0.));
#2215 = DIRECTION('',(0.,0.,1.));
#2216 = SHELL_BASED_SURFACE_MODEL('',(#2217));
#2217 = OPEN_SHELL('',(#2218));
#2218 = ADVANCED_FACE('',(#2219),#2253,.F.);
#2219 = FACE_BOUND('',#2220,.T.);
#2220 = EDGE_LOOP('',(#2221,#2231,#2239,#2247));
#2221 = ORIENTED_EDGE('',*,*,#2222,.F.);
#2222 = EDGE_CURVE('',#2223,#2225,#2227,.T.);
#2223 = VERTEX_POINT('',#2224);
#2224 = CARTESIAN_POINT('',(0.575,-0.825,0.));
#2225 = VERTEX_POINT('',#2226);
#2226 = CARTESIAN_POINT('',(1.,-0.825,0.));
#2227 = LINE('',#2228,#2229);
#2228 = CARTESIAN_POINT('',(0.575,-0.825,0.));
#2229 = VECTOR('',#2230,1.);
#2230 = DIRECTION('',(1.,0.,0.));
#2231 = ORIENTED_EDGE('',*,*,#2232,.F.);
#2232 = EDGE_CURVE('',#2233,#2223,#2235,.T.);
#2233 = VERTEX_POINT('',#2234);
#2234 = CARTESIAN_POINT('',(0.575,-0.475,0.));
#2235 = LINE('',#2236,#2237);
#2236 = CARTESIAN_POINT('',(0.575,-0.475,0.));
#2237 = VECTOR('',#2238,1.);
#2238 = DIRECTION('',(0.,-1.,0.));
#2239 = ORIENTED_EDGE('',*,*,#2240,.F.);
#2240 = EDGE_CURVE('',#2241,#2233,#2243,.T.);
#2241 = VERTEX_POINT('',#2242);
#2242 = CARTESIAN_POINT('',(1.,-0.475,0.));
#2243 = LINE('',#2244,#2245);
#2244 = CARTESIAN_POINT('',(1.,-0.475,0.));
#2245 = VECTOR('',#2246,1.);
#2246 = DIRECTION('',(-1.,0.,0.));
#2247 = ORIENTED_EDGE('',*,*,#2248,.F.);
#2248 = EDGE_CURVE('',#2225,#2241,#2249,.T.);
#2249 = LINE('',#2250,#2251);
#2250 = CARTESIAN_POINT('',(1.,-0.825,0.));
#2251 = VECTOR('',#2252,1.);
#2252 = DIRECTION('',(0.,1.,0.));
#2253 = PLANE('',#2254);
#2254 = AXIS2_PLACEMENT_3D('',#2255,#2256,#2257);
#2255 = CARTESIAN_POINT('',(1.,-0.825,0.));
#2256 = DIRECTION('',(0.,0.,1.));
#2257 = DIRECTION('',(0.,1.,0.));
#2258 = SHELL_BASED_SURFACE_MODEL('',(#2259));
#2259 = OPEN_SHELL('',(#2260));
#2260 = ADVANCED_FACE('',(#2261),#2311,.F.);
#2261 = FACE_BOUND('',#2262,.T.);
#2262 = EDGE_LOOP('',(#2263,#2273,#2281,#2289,#2297,#2305));
#2263 = ORIENTED_EDGE('',*,*,#2264,.F.);
#2264 = EDGE_CURVE('',#2265,#2267,#2269,.T.);
#2265 = VERTEX_POINT('',#2266);
#2266 = CARTESIAN_POINT('',(-0.575,-0.825,0.));
#2267 = VERTEX_POINT('',#2268);
#2268 = CARTESIAN_POINT('',(-1.,-0.825,0.));
#2269 = LINE('',#2270,#2271);
#2270 = CARTESIAN_POINT('',(-0.575,-0.825,0.));
#2271 = VECTOR('',#2272,1.);
#2272 = DIRECTION('',(-1.,0.,0.));
#2273 = ORIENTED_EDGE('',*,*,#2274,.F.);
#2274 = EDGE_CURVE('',#2275,#2265,#2277,.T.);
#2275 = VERTEX_POINT('',#2276);
#2276 = CARTESIAN_POINT('',(-0.575,-0.825,5.1E-02));
#2277 = LINE('',#2278,#2279);
#2278 = CARTESIAN_POINT('',(-0.575,-0.825,5.1E-02));
#2279 = VECTOR('',#2280,1.);
#2280 = DIRECTION('',(0.,0.,-1.));
#2281 = ORIENTED_EDGE('',*,*,#2282,.F.);
#2282 = EDGE_CURVE('',#2283,#2275,#2285,.T.);
#2283 = VERTEX_POINT('',#2284);
#2284 = CARTESIAN_POINT('',(-0.949,-0.825,5.1E-02));
#2285 = LINE('',#2286,#2287);
#2286 = CARTESIAN_POINT('',(-0.949,-0.825,5.1E-02));
#2287 = VECTOR('',#2288,1.);
#2288 = DIRECTION('',(1.,0.,0.));
#2289 = ORIENTED_EDGE('',*,*,#2290,.F.);
#2290 = EDGE_CURVE('',#2291,#2283,#2293,.T.);
#2291 = VERTEX_POINT('',#2292);
#2292 = CARTESIAN_POINT('',(-0.949,-0.825,5.E-02));
#2293 = LINE('',#2294,#2295);
#2294 = CARTESIAN_POINT('',(-0.949,-0.825,5.E-02));
#2295 = VECTOR('',#2296,1.);
#2296 = DIRECTION('',(0.,0.,1.));
#2297 = ORIENTED_EDGE('',*,*,#2298,.F.);
#2298 = EDGE_CURVE('',#2299,#2291,#2301,.T.);
#2299 = VERTEX_POINT('',#2300);
#2300 = CARTESIAN_POINT('',(-1.,-0.825,5.E-02));
#2301 = LINE('',#2302,#2303);
#2302 = CARTESIAN_POINT('',(-1.,-0.825,5.E-02));
#2303 = VECTOR('',#2304,1.);
#2304 = DIRECTION('',(1.,0.,0.));
#2305 = ORIENTED_EDGE('',*,*,#2306,.F.);
#2306 = EDGE_CURVE('',#2267,#2299,#2307,.T.);
#2307 = LINE('',#2308,#2309);
#2308 = CARTESIAN_POINT('',(-1.,-0.825,0.));
#2309 = VECTOR('',#2310,1.);
#2310 = DIRECTION('',(0.,0.,1.));
#2311 = PLANE('',#2312);
#2312 = AXIS2_PLACEMENT_3D('',#2313,#2314,#2315);
#2313 = CARTESIAN_POINT('',(-1.,-0.825,0.));
#2314 = DIRECTION('',(0.,1.,0.));
#2315 = DIRECTION('',(0.,0.,1.));
#2316 = SHELL_BASED_SURFACE_MODEL('',(#2317));
#2317 = OPEN_SHELL('',(#2318));
#2318 = ADVANCED_FACE('',(#2319),#2369,.F.);
#2319 = FACE_BOUND('',#2320,.T.);
#2320 = EDGE_LOOP('',(#2321,#2331,#2339,#2347,#2355,#2363));
#2321 = ORIENTED_EDGE('',*,*,#2322,.F.);
#2322 = EDGE_CURVE('',#2323,#2325,#2327,.T.);
#2323 = VERTEX_POINT('',#2324);
#2324 = CARTESIAN_POINT('',(-1.,-0.475,0.));
#2325 = VERTEX_POINT('',#2326);
#2326 = CARTESIAN_POINT('',(-0.575,-0.475,0.));
#2327 = LINE('',#2328,#2329);
#2328 = CARTESIAN_POINT('',(-1.,-0.475,0.));
#2329 = VECTOR('',#2330,1.);
#2330 = DIRECTION('',(1.,0.,0.));
#2331 = ORIENTED_EDGE('',*,*,#2332,.F.);
#2332 = EDGE_CURVE('',#2333,#2323,#2335,.T.);
#2333 = VERTEX_POINT('',#2334);
#2334 = CARTESIAN_POINT('',(-1.,-0.475,5.E-02));
#2335 = LINE('',#2336,#2337);
#2336 = CARTESIAN_POINT('',(-1.,-0.475,5.E-02));
#2337 = VECTOR('',#2338,1.);
#2338 = DIRECTION('',(0.,0.,-1.));
#2339 = ORIENTED_EDGE('',*,*,#2340,.F.);
#2340 = EDGE_CURVE('',#2341,#2333,#2343,.T.);
#2341 = VERTEX_POINT('',#2342);
#2342 = CARTESIAN_POINT('',(-0.949,-0.475,5.E-02));
#2343 = LINE('',#2344,#2345);
#2344 = CARTESIAN_POINT('',(-0.949,-0.475,5.E-02));
#2345 = VECTOR('',#2346,1.);
#2346 = DIRECTION('',(-1.,0.,0.));
#2347 = ORIENTED_EDGE('',*,*,#2348,.F.);
#2348 = EDGE_CURVE('',#2349,#2341,#2351,.T.);
#2349 = VERTEX_POINT('',#2350);
#2350 = CARTESIAN_POINT('',(-0.949,-0.475,5.1E-02));
#2351 = LINE('',#2352,#2353);
#2352 = CARTESIAN_POINT('',(-0.949,-0.475,5.1E-02));
#2353 = VECTOR('',#2354,1.);
#2354 = DIRECTION('',(0.,0.,-1.));
#2355 = ORIENTED_EDGE('',*,*,#2356,.F.);
#2356 = EDGE_CURVE('',#2357,#2349,#2359,.T.);
#2357 = VERTEX_POINT('',#2358);
#2358 = CARTESIAN_POINT('',(-0.575,-0.475,5.1E-02));
#2359 = LINE('',#2360,#2361);
#2360 = CARTESIAN_POINT('',(-0.575,-0.475,5.1E-02));
#2361 = VECTOR('',#2362,1.);
#2362 = DIRECTION('',(-1.,0.,0.));
#2363 = ORIENTED_EDGE('',*,*,#2364,.F.);
#2364 = EDGE_CURVE('',#2325,#2357,#2365,.T.);
#2365 = LINE('',#2366,#2367);
#2366 = CARTESIAN_POINT('',(-0.575,-0.475,0.));
#2367 = VECTOR('',#2368,1.);
#2368 = DIRECTION('',(0.,0.,1.));
#2369 = PLANE('',#2370);
#2370 = AXIS2_PLACEMENT_3D('',#2371,#2372,#2373);
#2371 = CARTESIAN_POINT('',(-0.575,-0.475,0.));
#2372 = DIRECTION('',(0.,-1.,0.));
#2373 = DIRECTION('',(0.,0.,1.));
#2374 = SHELL_BASED_SURFACE_MODEL('',(#2375));
#2375 = OPEN_SHELL('',(#2376));
#2376 = ADVANCED_FACE('',(#2377),#2411,.F.);
#2377 = FACE_BOUND('',#2378,.T.);
#2378 = EDGE_LOOP('',(#2379,#2389,#2397,#2405));
#2379 = ORIENTED_EDGE('',*,*,#2380,.F.);
#2380 = EDGE_CURVE('',#2381,#2383,#2385,.T.);
#2381 = VERTEX_POINT('',#2382);
#2382 = CARTESIAN_POINT('',(-0.949,-0.825,5.E-02));
#2383 = VERTEX_POINT('',#2384);
#2384 = CARTESIAN_POINT('',(-1.,-0.825,5.E-02));
#2385 = LINE('',#2386,#2387);
#2386 = CARTESIAN_POINT('',(-0.949,-0.825,5.E-02));
#2387 = VECTOR('',#2388,1.);
#2388 = DIRECTION('',(-1.,0.,0.));
#2389 = ORIENTED_EDGE('',*,*,#2390,.F.);
#2390 = EDGE_CURVE('',#2391,#2381,#2393,.T.);
#2391 = VERTEX_POINT('',#2392);
#2392 = CARTESIAN_POINT('',(-0.949,-0.475,5.E-02));
#2393 = LINE('',#2394,#2395);
#2394 = CARTESIAN_POINT('',(-0.949,-0.475,5.E-02));
#2395 = VECTOR('',#2396,1.);
#2396 = DIRECTION('',(0.,-1.,0.));
#2397 = ORIENTED_EDGE('',*,*,#2398,.F.);
#2398 = EDGE_CURVE('',#2399,#2391,#2401,.T.);
#2399 = VERTEX_POINT('',#2400);
#2400 = CARTESIAN_POINT('',(-1.,-0.475,5.E-02));
#2401 = LINE('',#2402,#2403);
#2402 = CARTESIAN_POINT('',(-1.,-0.475,5.E-02));
#2403 = VECTOR('',#2404,1.);
#2404 = DIRECTION('',(1.,0.,0.));
#2405 = ORIENTED_EDGE('',*,*,#2406,.F.);
#2406 = EDGE_CURVE('',#2383,#2399,#2407,.T.);
#2407 = LINE('',#2408,#2409);
#2408 = CARTESIAN_POINT('',(-1.,-0.825,5.E-02));
#2409 = VECTOR('',#2410,1.);
#2410 = DIRECTION('',(0.,1.,0.));
#2411 = PLANE('',#2412);
#2412 = AXIS2_PLACEMENT_3D('',#2413,#2414,#2415);
#2413 = CARTESIAN_POINT('',(-1.,-0.825,5.E-02));
#2414 = DIRECTION('',(0.,0.,-1.));
#2415 = DIRECTION('',(0.,1.,0.));
#2416 = SHELL_BASED_SURFACE_MODEL('',(#2417));
#2417 = OPEN_SHELL('',(#2418));
#2418 = ADVANCED_FACE('',(#2419),#2453,.F.);
#2419 = FACE_BOUND('',#2420,.T.);
#2420 = EDGE_LOOP('',(#2421,#2431,#2439,#2447));
#2421 = ORIENTED_EDGE('',*,*,#2422,.F.);
#2422 = EDGE_CURVE('',#2423,#2425,#2427,.T.);
#2423 = VERTEX_POINT('',#2424);
#2424 = CARTESIAN_POINT('',(-0.575,-0.825,5.1E-02));
#2425 = VERTEX_POINT('',#2426);
#2426 = CARTESIAN_POINT('',(-0.949,-0.825,5.1E-02));
#2427 = LINE('',#2428,#2429);
#2428 = CARTESIAN_POINT('',(-0.575,-0.825,5.1E-02));
#2429 = VECTOR('',#2430,1.);
#2430 = DIRECTION('',(-1.,0.,0.));
#2431 = ORIENTED_EDGE('',*,*,#2432,.F.);
#2432 = EDGE_CURVE('',#2433,#2423,#2435,.T.);
#2433 = VERTEX_POINT('',#2434);
#2434 = CARTESIAN_POINT('',(-0.575,-0.475,5.1E-02));
#2435 = LINE('',#2436,#2437);
#2436 = CARTESIAN_POINT('',(-0.575,-0.475,5.1E-02));
#2437 = VECTOR('',#2438,1.);
#2438 = DIRECTION('',(0.,-1.,0.));
#2439 = ORIENTED_EDGE('',*,*,#2440,.F.);
#2440 = EDGE_CURVE('',#2441,#2433,#2443,.T.);
#2441 = VERTEX_POINT('',#2442);
#2442 = CARTESIAN_POINT('',(-0.949,-0.475,5.1E-02));
#2443 = LINE('',#2444,#2445);
#2444 = CARTESIAN_POINT('',(-0.949,-0.475,5.1E-02));
#2445 = VECTOR('',#2446,1.);
#2446 = DIRECTION('',(1.,0.,0.));
#2447 = ORIENTED_EDGE('',*,*,#2448,.F.);
#2448 = EDGE_CURVE('',#2425,#2441,#2449,.T.);
#2449 = LINE('',#2450,#2451);
#2450 = CARTESIAN_POINT('',(-0.949,-0.825,5.1E-02));
#2451 = VECTOR('',#2452,1.);
#2452 = DIRECTION('',(0.,1.,0.));
#2453 = PLANE('',#2454);
#2454 = AXIS2_PLACEMENT_3D('',#2455,#2456,#2457);
#2455 = CARTESIAN_POINT('',(-0.949,-0.825,5.1E-02));
#2456 = DIRECTION('',(0.,0.,-1.));
#2457 = DIRECTION('',(0.,1.,0.));
#2458 = SHELL_BASED_SURFACE_MODEL('',(#2459));
#2459 = OPEN_SHELL('',(#2460));
#2460 = ADVANCED_FACE('',(#2461),#2495,.F.);
#2461 = FACE_BOUND('',#2462,.T.);
#2462 = EDGE_LOOP('',(#2463,#2473,#2481,#2489));
#2463 = ORIENTED_EDGE('',*,*,#2464,.F.);
#2464 = EDGE_CURVE('',#2465,#2467,#2469,.T.);
#2465 = VERTEX_POINT('',#2466);
#2466 = CARTESIAN_POINT('',(-1.,-0.825,0.));
#2467 = VERTEX_POINT('',#2468);
#2468 = CARTESIAN_POINT('',(-1.,-0.475,0.));
#2469 = LINE('',#2470,#2471);
#2470 = CARTESIAN_POINT('',(-1.,-0.825,0.));
#2471 = VECTOR('',#2472,1.);
#2472 = DIRECTION('',(0.,1.,0.));
#2473 = ORIENTED_EDGE('',*,*,#2474,.F.);
#2474 = EDGE_CURVE('',#2475,#2465,#2477,.T.);
#2475 = VERTEX_POINT('',#2476);
#2476 = CARTESIAN_POINT('',(-1.,-0.825,5.E-02));
#2477 = LINE('',#2478,#2479);
#2478 = CARTESIAN_POINT('',(-1.,-0.825,5.E-02));
#2479 = VECTOR('',#2480,1.);
#2480 = DIRECTION('',(0.,0.,-1.));
#2481 = ORIENTED_EDGE('',*,*,#2482,.F.);
#2482 = EDGE_CURVE('',#2483,#2475,#2485,.T.);
#2483 = VERTEX_POINT('',#2484);
#2484 = CARTESIAN_POINT('',(-1.,-0.475,5.E-02));
#2485 = LINE('',#2486,#2487);
#2486 = CARTESIAN_POINT('',(-1.,-0.475,5.E-02));
#2487 = VECTOR('',#2488,1.);
#2488 = DIRECTION('',(0.,-1.,0.));
#2489 = ORIENTED_EDGE('',*,*,#2490,.F.);
#2490 = EDGE_CURVE('',#2467,#2483,#2491,.T.);
#2491 = LINE('',#2492,#2493);
#2492 = CARTESIAN_POINT('',(-1.,-0.475,0.));
#2493 = VECTOR('',#2494,1.);
#2494 = DIRECTION('',(0.,0.,1.));
#2495 = PLANE('',#2496);
#2496 = AXIS2_PLACEMENT_3D('',#2497,#2498,#2499);
#2497 = CARTESIAN_POINT('',(-1.,-0.475,0.));
#2498 = DIRECTION('',(1.,0.,0.));
#2499 = DIRECTION('',(0.,0.,1.));
#2500 = SHELL_BASED_SURFACE_MODEL('',(#2501));
#2501 = OPEN_SHELL('',(#2502));
#2502 = ADVANCED_FACE('',(#2503),#2537,.F.);
#2503 = FACE_BOUND('',#2504,.T.);
#2504 = EDGE_LOOP('',(#2505,#2515,#2523,#2531));
#2505 = ORIENTED_EDGE('',*,*,#2506,.F.);
#2506 = EDGE_CURVE('',#2507,#2509,#2511,.T.);
#2507 = VERTEX_POINT('',#2508);
#2508 = CARTESIAN_POINT('',(-0.575,-0.475,0.));
#2509 = VERTEX_POINT('',#2510);
#2510 = CARTESIAN_POINT('',(-0.575,-0.825,0.));
#2511 = LINE('',#2512,#2513);
#2512 = CARTESIAN_POINT('',(-0.575,-0.475,0.));
#2513 = VECTOR('',#2514,1.);
#2514 = DIRECTION('',(0.,-1.,0.));
#2515 = ORIENTED_EDGE('',*,*,#2516,.F.);
#2516 = EDGE_CURVE('',#2517,#2507,#2519,.T.);
#2517 = VERTEX_POINT('',#2518);
#2518 = CARTESIAN_POINT('',(-0.575,-0.475,5.1E-02));
#2519 = LINE('',#2520,#2521);
#2520 = CARTESIAN_POINT('',(-0.575,-0.475,5.1E-02));
#2521 = VECTOR('',#2522,1.);
#2522 = DIRECTION('',(0.,0.,-1.));
#2523 = ORIENTED_EDGE('',*,*,#2524,.F.);
#2524 = EDGE_CURVE('',#2525,#2517,#2527,.T.);
#2525 = VERTEX_POINT('',#2526);
#2526 = CARTESIAN_POINT('',(-0.575,-0.825,5.1E-02));
#2527 = LINE('',#2528,#2529);
#2528 = CARTESIAN_POINT('',(-0.575,-0.825,5.1E-02));
#2529 = VECTOR('',#2530,1.);
#2530 = DIRECTION('',(0.,1.,0.));
#2531 = ORIENTED_EDGE('',*,*,#2532,.F.);
#2532 = EDGE_CURVE('',#2509,#2525,#2533,.T.);
#2533 = LINE('',#2534,#2535);
#2534 = CARTESIAN_POINT('',(-0.575,-0.825,0.));
#2535 = VECTOR('',#2536,1.);
#2536 = DIRECTION('',(0.,0.,1.));
#2537 = PLANE('',#2538);
#2538 = AXIS2_PLACEMENT_3D('',#2539,#2540,#2541);
#2539 = CARTESIAN_POINT('',(-0.575,-0.825,0.));
#2540 = DIRECTION('',(-1.,0.,0.));
#2541 = DIRECTION('',(0.,0.,1.));
#2542 = SHELL_BASED_SURFACE_MODEL('',(#2543));
#2543 = OPEN_SHELL('',(#2544));
#2544 = ADVANCED_FACE('',(#2545),#2579,.F.);
#2545 = FACE_BOUND('',#2546,.T.);
#2546 = EDGE_LOOP('',(#2547,#2557,#2565,#2573));
#2547 = ORIENTED_EDGE('',*,*,#2548,.F.);
#2548 = EDGE_CURVE('',#2549,#2551,#2553,.T.);
#2549 = VERTEX_POINT('',#2550);
#2550 = CARTESIAN_POINT('',(-0.949,-0.475,5.1E-02));
#2551 = VERTEX_POINT('',#2552);
#2552 = CARTESIAN_POINT('',(-0.949,-0.825,5.1E-02));
#2553 = LINE('',#2554,#2555);
#2554 = CARTESIAN_POINT('',(-0.949,-0.475,5.1E-02));
#2555 = VECTOR('',#2556,1.);
#2556 = DIRECTION('',(0.,-1.,0.));
#2557 = ORIENTED_EDGE('',*,*,#2558,.F.);
#2558 = EDGE_CURVE('',#2559,#2549,#2561,.T.);
#2559 = VERTEX_POINT('',#2560);
#2560 = CARTESIAN_POINT('',(-0.949,-0.475,5.E-02));
#2561 = LINE('',#2562,#2563);
#2562 = CARTESIAN_POINT('',(-0.949,-0.475,5.E-02));
#2563 = VECTOR('',#2564,1.);
#2564 = DIRECTION('',(0.,0.,1.));
#2565 = ORIENTED_EDGE('',*,*,#2566,.F.);
#2566 = EDGE_CURVE('',#2567,#2559,#2569,.T.);
#2567 = VERTEX_POINT('',#2568);
#2568 = CARTESIAN_POINT('',(-0.949,-0.825,5.E-02));
#2569 = LINE('',#2570,#2571);
#2570 = CARTESIAN_POINT('',(-0.949,-0.825,5.E-02));
#2571 = VECTOR('',#2572,1.);
#2572 = DIRECTION('',(0.,1.,0.));
#2573 = ORIENTED_EDGE('',*,*,#2574,.F.);
#2574 = EDGE_CURVE('',#2551,#2567,#2575,.T.);
#2575 = LINE('',#2576,#2577);
#2576 = CARTESIAN_POINT('',(-0.949,-0.825,5.1E-02));
#2577 = VECTOR('',#2578,1.);
#2578 = DIRECTION('',(0.,0.,-1.));
#2579 = PLANE('',#2580);
#2580 = AXIS2_PLACEMENT_3D('',#2581,#2582,#2583);
#2581 = CARTESIAN_POINT('',(-0.949,-0.825,5.1E-02));
#2582 = DIRECTION('',(1.,0.,0.));
#2583 = DIRECTION('',(0.,0.,1.));
#2584 = SHELL_BASED_SURFACE_MODEL('',(#2585));
#2585 = OPEN_SHELL('',(#2586));
#2586 = ADVANCED_FACE('',(#2587),#2621,.F.);
#2587 = FACE_BOUND('',#2588,.T.);
#2588 = EDGE_LOOP('',(#2589,#2599,#2607,#2615));
#2589 = ORIENTED_EDGE('',*,*,#2590,.F.);
#2590 = EDGE_CURVE('',#2591,#2593,#2595,.T.);
#2591 = VERTEX_POINT('',#2592);
#2592 = CARTESIAN_POINT('',(-0.575,-0.475,0.));
#2593 = VERTEX_POINT('',#2594);
#2594 = CARTESIAN_POINT('',(-1.,-0.475,0.));
#2595 = LINE('',#2596,#2597);
#2596 = CARTESIAN_POINT('',(-0.575,-0.475,0.));
#2597 = VECTOR('',#2598,1.);
#2598 = DIRECTION('',(-1.,0.,0.));
#2599 = ORIENTED_EDGE('',*,*,#2600,.F.);
#2600 = EDGE_CURVE('',#2601,#2591,#2603,.T.);
#2601 = VERTEX_POINT('',#2602);
#2602 = CARTESIAN_POINT('',(-0.575,-0.825,0.));
#2603 = LINE('',#2604,#2605);
#2604 = CARTESIAN_POINT('',(-0.575,-0.825,0.));
#2605 = VECTOR('',#2606,1.);
#2606 = DIRECTION('',(0.,1.,0.));
#2607 = ORIENTED_EDGE('',*,*,#2608,.F.);
#2608 = EDGE_CURVE('',#2609,#2601,#2611,.T.);
#2609 = VERTEX_POINT('',#2610);
#2610 = CARTESIAN_POINT('',(-1.,-0.825,0.));
#2611 = LINE('',#2612,#2613);
#2612 = CARTESIAN_POINT('',(-1.,-0.825,0.));
#2613 = VECTOR('',#2614,1.);
#2614 = DIRECTION('',(1.,0.,0.));
#2615 = ORIENTED_EDGE('',*,*,#2616,.F.);
#2616 = EDGE_CURVE('',#2593,#2609,#2617,.T.);
#2617 = LINE('',#2618,#2619);
#2618 = CARTESIAN_POINT('',(-1.,-0.475,0.));
#2619 = VECTOR('',#2620,1.);
#2620 = DIRECTION('',(0.,-1.,0.));
#2621 = PLANE('',#2622);
#2622 = AXIS2_PLACEMENT_3D('',#2623,#2624,#2625);
#2623 = CARTESIAN_POINT('',(-1.,-0.475,0.));
#2624 = DIRECTION('',(0.,0.,1.));
#2625 = DIRECTION('',(0.,1.,0.));
#2626 = SHELL_BASED_SURFACE_MODEL('',(#2627));
#2627 = OPEN_SHELL('',(#2628));
#2628 = ADVANCED_FACE('',(#2629),#2679,.F.);
#2629 = FACE_BOUND('',#2630,.T.);
#2630 = EDGE_LOOP('',(#2631,#2641,#2649,#2657,#2665,#2673));
#2631 = ORIENTED_EDGE('',*,*,#2632,.F.);
#2632 = EDGE_CURVE('',#2633,#2635,#2637,.T.);
#2633 = VERTEX_POINT('',#2634);
#2634 = CARTESIAN_POINT('',(-0.575,-0.175,0.));
#2635 = VERTEX_POINT('',#2636);
#2636 = CARTESIAN_POINT('',(-1.,-0.175,0.));
#2637 = LINE('',#2638,#2639);
#2638 = CARTESIAN_POINT('',(-0.575,-0.175,0.));
#2639 = VECTOR('',#2640,1.);
#2640 = DIRECTION('',(-1.,0.,0.));
#2641 = ORIENTED_EDGE('',*,*,#2642,.F.);
#2642 = EDGE_CURVE('',#2643,#2633,#2645,.T.);
#2643 = VERTEX_POINT('',#2644);
#2644 = CARTESIAN_POINT('',(-0.575,-0.175,5.1E-02));
#2645 = LINE('',#2646,#2647);
#2646 = CARTESIAN_POINT('',(-0.575,-0.175,5.1E-02));
#2647 = VECTOR('',#2648,1.);
#2648 = DIRECTION('',(0.,0.,-1.));
#2649 = ORIENTED_EDGE('',*,*,#2650,.F.);
#2650 = EDGE_CURVE('',#2651,#2643,#2653,.T.);
#2651 = VERTEX_POINT('',#2652);
#2652 = CARTESIAN_POINT('',(-0.949,-0.175,5.1E-02));
#2653 = LINE('',#2654,#2655);
#2654 = CARTESIAN_POINT('',(-0.949,-0.175,5.1E-02));
#2655 = VECTOR('',#2656,1.);
#2656 = DIRECTION('',(1.,0.,0.));
#2657 = ORIENTED_EDGE('',*,*,#2658,.F.);
#2658 = EDGE_CURVE('',#2659,#2651,#2661,.T.);
#2659 = VERTEX_POINT('',#2660);
#2660 = CARTESIAN_POINT('',(-0.949,-0.175,5.E-02));
#2661 = LINE('',#2662,#2663);
#2662 = CARTESIAN_POINT('',(-0.949,-0.175,5.E-02));
#2663 = VECTOR('',#2664,1.);
#2664 = DIRECTION('',(0.,0.,1.));
#2665 = ORIENTED_EDGE('',*,*,#2666,.F.);
#2666 = EDGE_CURVE('',#2667,#2659,#2669,.T.);
#2667 = VERTEX_POINT('',#2668);
#2668 = CARTESIAN_POINT('',(-1.,-0.175,5.E-02));
#2669 = LINE('',#2670,#2671);
#2670 = CARTESIAN_POINT('',(-1.,-0.175,5.E-02));
#2671 = VECTOR('',#2672,1.);
#2672 = DIRECTION('',(1.,0.,0.));
#2673 = ORIENTED_EDGE('',*,*,#2674,.F.);
#2674 = EDGE_CURVE('',#2635,#2667,#2675,.T.);
#2675 = LINE('',#2676,#2677);
#2676 = CARTESIAN_POINT('',(-1.,-0.175,0.));
#2677 = VECTOR('',#2678,1.);
#2678 = DIRECTION('',(0.,0.,1.));
#2679 = PLANE('',#2680);
#2680 = AXIS2_PLACEMENT_3D('',#2681,#2682,#2683);
#2681 = CARTESIAN_POINT('',(-1.,-0.175,0.));
#2682 = DIRECTION('',(0.,1.,0.));
#2683 = DIRECTION('',(0.,0.,1.));
#2684 = SHELL_BASED_SURFACE_MODEL('',(#2685));
#2685 = OPEN_SHELL('',(#2686));
#2686 = ADVANCED_FACE('',(#2687),#2737,.F.);
#2687 = FACE_BOUND('',#2688,.T.);
#2688 = EDGE_LOOP('',(#2689,#2699,#2707,#2715,#2723,#2731));
#2689 = ORIENTED_EDGE('',*,*,#2690,.F.);
#2690 = EDGE_CURVE('',#2691,#2693,#2695,.T.);
#2691 = VERTEX_POINT('',#2692);
#2692 = CARTESIAN_POINT('',(-1.,0.175,0.));
#2693 = VERTEX_POINT('',#2694);
#2694 = CARTESIAN_POINT('',(-0.575,0.175,0.));
#2695 = LINE('',#2696,#2697);
#2696 = CARTESIAN_POINT('',(-1.,0.175,0.));
#2697 = VECTOR('',#2698,1.);
#2698 = DIRECTION('',(1.,0.,0.));
#2699 = ORIENTED_EDGE('',*,*,#2700,.F.);
#2700 = EDGE_CURVE('',#2701,#2691,#2703,.T.);
#2701 = VERTEX_POINT('',#2702);
#2702 = CARTESIAN_POINT('',(-1.,0.175,5.E-02));
#2703 = LINE('',#2704,#2705);
#2704 = CARTESIAN_POINT('',(-1.,0.175,5.E-02));
#2705 = VECTOR('',#2706,1.);
#2706 = DIRECTION('',(0.,0.,-1.));
#2707 = ORIENTED_EDGE('',*,*,#2708,.F.);
#2708 = EDGE_CURVE('',#2709,#2701,#2711,.T.);
#2709 = VERTEX_POINT('',#2710);
#2710 = CARTESIAN_POINT('',(-0.949,0.175,5.E-02));
#2711 = LINE('',#2712,#2713);
#2712 = CARTESIAN_POINT('',(-0.949,0.175,5.E-02));
#2713 = VECTOR('',#2714,1.);
#2714 = DIRECTION('',(-1.,0.,0.));
#2715 = ORIENTED_EDGE('',*,*,#2716,.F.);
#2716 = EDGE_CURVE('',#2717,#2709,#2719,.T.);
#2717 = VERTEX_POINT('',#2718);
#2718 = CARTESIAN_POINT('',(-0.949,0.175,5.1E-02));
#2719 = LINE('',#2720,#2721);
#2720 = CARTESIAN_POINT('',(-0.949,0.175,5.1E-02));
#2721 = VECTOR('',#2722,1.);
#2722 = DIRECTION('',(0.,0.,-1.));
#2723 = ORIENTED_EDGE('',*,*,#2724,.F.);
#2724 = EDGE_CURVE('',#2725,#2717,#2727,.T.);
#2725 = VERTEX_POINT('',#2726);
#2726 = CARTESIAN_POINT('',(-0.575,0.175,5.1E-02));
#2727 = LINE('',#2728,#2729);
#2728 = CARTESIAN_POINT('',(-0.575,0.175,5.1E-02));
#2729 = VECTOR('',#2730,1.);
#2730 = DIRECTION('',(-1.,0.,0.));
#2731 = ORIENTED_EDGE('',*,*,#2732,.F.);
#2732 = EDGE_CURVE('',#2693,#2725,#2733,.T.);
#2733 = LINE('',#2734,#2735);
#2734 = CARTESIAN_POINT('',(-0.575,0.175,0.));
#2735 = VECTOR('',#2736,1.);
#2736 = DIRECTION('',(0.,0.,1.));
#2737 = PLANE('',#2738);
#2738 = AXIS2_PLACEMENT_3D('',#2739,#2740,#2741);
#2739 = CARTESIAN_POINT('',(-0.575,0.175,0.));
#2740 = DIRECTION('',(0.,-1.,0.));
#2741 = DIRECTION('',(0.,0.,1.));
#2742 = SHELL_BASED_SURFACE_MODEL('',(#2743));
#2743 = OPEN_SHELL('',(#2744));
#2744 = ADVANCED_FACE('',(#2745),#2779,.F.);
#2745 = FACE_BOUND('',#2746,.T.);
#2746 = EDGE_LOOP('',(#2747,#2757,#2765,#2773));
#2747 = ORIENTED_EDGE('',*,*,#2748,.F.);
#2748 = EDGE_CURVE('',#2749,#2751,#2753,.T.);
#2749 = VERTEX_POINT('',#2750);
#2750 = CARTESIAN_POINT('',(-0.949,-0.175,5.E-02));
#2751 = VERTEX_POINT('',#2752);
#2752 = CARTESIAN_POINT('',(-1.,-0.175,5.E-02));
#2753 = LINE('',#2754,#2755);
#2754 = CARTESIAN_POINT('',(-0.949,-0.175,5.E-02));
#2755 = VECTOR('',#2756,1.);
#2756 = DIRECTION('',(-1.,0.,0.));
#2757 = ORIENTED_EDGE('',*,*,#2758,.F.);
#2758 = EDGE_CURVE('',#2759,#2749,#2761,.T.);
#2759 = VERTEX_POINT('',#2760);
#2760 = CARTESIAN_POINT('',(-0.949,0.175,5.E-02));
#2761 = LINE('',#2762,#2763);
#2762 = CARTESIAN_POINT('',(-0.949,0.175,5.E-02));
#2763 = VECTOR('',#2764,1.);
#2764 = DIRECTION('',(0.,-1.,0.));
#2765 = ORIENTED_EDGE('',*,*,#2766,.F.);
#2766 = EDGE_CURVE('',#2767,#2759,#2769,.T.);
#2767 = VERTEX_POINT('',#2768);
#2768 = CARTESIAN_POINT('',(-1.,0.175,5.E-02));
#2769 = LINE('',#2770,#2771);
#2770 = CARTESIAN_POINT('',(-1.,0.175,5.E-02));
#2771 = VECTOR('',#2772,1.);
#2772 = DIRECTION('',(1.,0.,0.));
#2773 = ORIENTED_EDGE('',*,*,#2774,.F.);
#2774 = EDGE_CURVE('',#2751,#2767,#2775,.T.);
#2775 = LINE('',#2776,#2777);
#2776 = CARTESIAN_POINT('',(-1.,-0.175,5.E-02));
#2777 = VECTOR('',#2778,1.);
#2778 = DIRECTION('',(0.,1.,0.));
#2779 = PLANE('',#2780);
#2780 = AXIS2_PLACEMENT_3D('',#2781,#2782,#2783);
#2781 = CARTESIAN_POINT('',(-1.,-0.175,5.E-02));
#2782 = DIRECTION('',(0.,0.,-1.));
#2783 = DIRECTION('',(0.,1.,0.));
#2784 = SHELL_BASED_SURFACE_MODEL('',(#2785));
#2785 = OPEN_SHELL('',(#2786));
#2786 = ADVANCED_FACE('',(#2787),#2821,.F.);
#2787 = FACE_BOUND('',#2788,.T.);
#2788 = EDGE_LOOP('',(#2789,#2799,#2807,#2815));
#2789 = ORIENTED_EDGE('',*,*,#2790,.F.);
#2790 = EDGE_CURVE('',#2791,#2793,#2795,.T.);
#2791 = VERTEX_POINT('',#2792);
#2792 = CARTESIAN_POINT('',(-0.575,-0.175,5.1E-02));
#2793 = VERTEX_POINT('',#2794);
#2794 = CARTESIAN_POINT('',(-0.949,-0.175,5.1E-02));
#2795 = LINE('',#2796,#2797);
#2796 = CARTESIAN_POINT('',(-0.575,-0.175,5.1E-02));
#2797 = VECTOR('',#2798,1.);
#2798 = DIRECTION('',(-1.,0.,0.));
#2799 = ORIENTED_EDGE('',*,*,#2800,.F.);
#2800 = EDGE_CURVE('',#2801,#2791,#2803,.T.);
#2801 = VERTEX_POINT('',#2802);
#2802 = CARTESIAN_POINT('',(-0.575,0.175,5.1E-02));
#2803 = LINE('',#2804,#2805);
#2804 = CARTESIAN_POINT('',(-0.575,0.175,5.1E-02));
#2805 = VECTOR('',#2806,1.);
#2806 = DIRECTION('',(0.,-1.,0.));
#2807 = ORIENTED_EDGE('',*,*,#2808,.F.);
#2808 = EDGE_CURVE('',#2809,#2801,#2811,.T.);
#2809 = VERTEX_POINT('',#2810);
#2810 = CARTESIAN_POINT('',(-0.949,0.175,5.1E-02));
#2811 = LINE('',#2812,#2813);
#2812 = CARTESIAN_POINT('',(-0.949,0.175,5.1E-02));
#2813 = VECTOR('',#2814,1.);
#2814 = DIRECTION('',(1.,0.,0.));
#2815 = ORIENTED_EDGE('',*,*,#2816,.F.);
#2816 = EDGE_CURVE('',#2793,#2809,#2817,.T.);
#2817 = LINE('',#2818,#2819);
#2818 = CARTESIAN_POINT('',(-0.949,-0.175,5.1E-02));
#2819 = VECTOR('',#2820,1.);
#2820 = DIRECTION('',(0.,1.,0.));
#2821 = PLANE('',#2822);
#2822 = AXIS2_PLACEMENT_3D('',#2823,#2824,#2825);
#2823 = CARTESIAN_POINT('',(-0.949,-0.175,5.1E-02));
#2824 = DIRECTION('',(0.,0.,-1.));
#2825 = DIRECTION('',(0.,1.,0.));
#2826 = SHELL_BASED_SURFACE_MODEL('',(#2827));
#2827 = OPEN_SHELL('',(#2828));
#2828 = ADVANCED_FACE('',(#2829),#2863,.F.);
#2829 = FACE_BOUND('',#2830,.T.);
#2830 = EDGE_LOOP('',(#2831,#2841,#2849,#2857));
#2831 = ORIENTED_EDGE('',*,*,#2832,.F.);
#2832 = EDGE_CURVE('',#2833,#2835,#2837,.T.);
#2833 = VERTEX_POINT('',#2834);
#2834 = CARTESIAN_POINT('',(-1.,-0.175,0.));
#2835 = VERTEX_POINT('',#2836);
#2836 = CARTESIAN_POINT('',(-1.,0.175,0.));
#2837 = LINE('',#2838,#2839);
#2838 = CARTESIAN_POINT('',(-1.,-0.175,0.));
#2839 = VECTOR('',#2840,1.);
#2840 = DIRECTION('',(0.,1.,0.));
#2841 = ORIENTED_EDGE('',*,*,#2842,.F.);
#2842 = EDGE_CURVE('',#2843,#2833,#2845,.T.);
#2843 = VERTEX_POINT('',#2844);
#2844 = CARTESIAN_POINT('',(-1.,-0.175,5.E-02));
#2845 = LINE('',#2846,#2847);
#2846 = CARTESIAN_POINT('',(-1.,-0.175,5.E-02));
#2847 = VECTOR('',#2848,1.);
#2848 = DIRECTION('',(0.,0.,-1.));
#2849 = ORIENTED_EDGE('',*,*,#2850,.F.);
#2850 = EDGE_CURVE('',#2851,#2843,#2853,.T.);
#2851 = VERTEX_POINT('',#2852);
#2852 = CARTESIAN_POINT('',(-1.,0.175,5.E-02));
#2853 = LINE('',#2854,#2855);
#2854 = CARTESIAN_POINT('',(-1.,0.175,5.E-02));
#2855 = VECTOR('',#2856,1.);
#2856 = DIRECTION('',(0.,-1.,0.));
#2857 = ORIENTED_EDGE('',*,*,#2858,.F.);
#2858 = EDGE_CURVE('',#2835,#2851,#2859,.T.);
#2859 = LINE('',#2860,#2861);
#2860 = CARTESIAN_POINT('',(-1.,0.175,0.));
#2861 = VECTOR('',#2862,1.);
#2862 = DIRECTION('',(0.,0.,1.));
#2863 = PLANE('',#2864);
#2864 = AXIS2_PLACEMENT_3D('',#2865,#2866,#2867);
#2865 = CARTESIAN_POINT('',(-1.,0.175,0.));
#2866 = DIRECTION('',(1.,0.,0.));
#2867 = DIRECTION('',(0.,0.,1.));
#2868 = SHELL_BASED_SURFACE_MODEL('',(#2869));
#2869 = OPEN_SHELL('',(#2870));
#2870 = ADVANCED_FACE('',(#2871),#2905,.F.);
#2871 = FACE_BOUND('',#2872,.T.);
#2872 = EDGE_LOOP('',(#2873,#2883,#2891,#2899));
#2873 = ORIENTED_EDGE('',*,*,#2874,.F.);
#2874 = EDGE_CURVE('',#2875,#2877,#2879,.T.);
#2875 = VERTEX_POINT('',#2876);
#2876 = CARTESIAN_POINT('',(-0.575,0.175,0.));
#2877 = VERTEX_POINT('',#2878);
#2878 = CARTESIAN_POINT('',(-0.575,-0.175,0.));
#2879 = LINE('',#2880,#2881);
#2880 = CARTESIAN_POINT('',(-0.575,0.175,0.));
#2881 = VECTOR('',#2882,1.);
#2882 = DIRECTION('',(0.,-1.,0.));
#2883 = ORIENTED_EDGE('',*,*,#2884,.F.);
#2884 = EDGE_CURVE('',#2885,#2875,#2887,.T.);
#2885 = VERTEX_POINT('',#2886);
#2886 = CARTESIAN_POINT('',(-0.575,0.175,5.1E-02));
#2887 = LINE('',#2888,#2889);
#2888 = CARTESIAN_POINT('',(-0.575,0.175,5.1E-02));
#2889 = VECTOR('',#2890,1.);
#2890 = DIRECTION('',(0.,0.,-1.));
#2891 = ORIENTED_EDGE('',*,*,#2892,.F.);
#2892 = EDGE_CURVE('',#2893,#2885,#2895,.T.);
#2893 = VERTEX_POINT('',#2894);
#2894 = CARTESIAN_POINT('',(-0.575,-0.175,5.1E-02));
#2895 = LINE('',#2896,#2897);
#2896 = CARTESIAN_POINT('',(-0.575,-0.175,5.1E-02));
#2897 = VECTOR('',#2898,1.);
#2898 = DIRECTION('',(0.,1.,0.));
#2899 = ORIENTED_EDGE('',*,*,#2900,.F.);
#2900 = EDGE_CURVE('',#2877,#2893,#2901,.T.);
#2901 = LINE('',#2902,#2903);
#2902 = CARTESIAN_POINT('',(-0.575,-0.175,0.));
#2903 = VECTOR('',#2904,1.);
#2904 = DIRECTION('',(0.,0.,1.));
#2905 = PLANE('',#2906);
#2906 = AXIS2_PLACEMENT_3D('',#2907,#2908,#2909);
#2907 = CARTESIAN_POINT('',(-0.575,-0.175,0.));
#2908 = DIRECTION('',(-1.,0.,0.));
#2909 = DIRECTION('',(0.,0.,1.));
#2910 = SHELL_BASED_SURFACE_MODEL('',(#2911));
#2911 = OPEN_SHELL('',(#2912));
#2912 = ADVANCED_FACE('',(#2913),#2947,.F.);
#2913 = FACE_BOUND('',#2914,.T.);
#2914 = EDGE_LOOP('',(#2915,#2925,#2933,#2941));
#2915 = ORIENTED_EDGE('',*,*,#2916,.F.);
#2916 = EDGE_CURVE('',#2917,#2919,#2921,.T.);
#2917 = VERTEX_POINT('',#2918);
#2918 = CARTESIAN_POINT('',(-0.949,0.175,5.1E-02));
#2919 = VERTEX_POINT('',#2920);
#2920 = CARTESIAN_POINT('',(-0.949,-0.175,5.1E-02));
#2921 = LINE('',#2922,#2923);
#2922 = CARTESIAN_POINT('',(-0.949,0.175,5.1E-02));
#2923 = VECTOR('',#2924,1.);
#2924 = DIRECTION('',(0.,-1.,0.));
#2925 = ORIENTED_EDGE('',*,*,#2926,.F.);
#2926 = EDGE_CURVE('',#2927,#2917,#2929,.T.);
#2927 = VERTEX_POINT('',#2928);
#2928 = CARTESIAN_POINT('',(-0.949,0.175,5.E-02));
#2929 = LINE('',#2930,#2931);
#2930 = CARTESIAN_POINT('',(-0.949,0.175,5.E-02));
#2931 = VECTOR('',#2932,1.);
#2932 = DIRECTION('',(0.,0.,1.));
#2933 = ORIENTED_EDGE('',*,*,#2934,.F.);
#2934 = EDGE_CURVE('',#2935,#2927,#2937,.T.);
#2935 = VERTEX_POINT('',#2936);
#2936 = CARTESIAN_POINT('',(-0.949,-0.175,5.E-02));
#2937 = LINE('',#2938,#2939);
#2938 = CARTESIAN_POINT('',(-0.949,-0.175,5.E-02));
#2939 = VECTOR('',#2940,1.);
#2940 = DIRECTION('',(0.,1.,0.));
#2941 = ORIENTED_EDGE('',*,*,#2942,.F.);
#2942 = EDGE_CURVE('',#2919,#2935,#2943,.T.);
#2943 = LINE('',#2944,#2945);
#2944 = CARTESIAN_POINT('',(-0.949,-0.175,5.1E-02));
#2945 = VECTOR('',#2946,1.);
#2946 = DIRECTION('',(0.,0.,-1.));
#2947 = PLANE('',#2948);
#2948 = AXIS2_PLACEMENT_3D('',#2949,#2950,#2951);
#2949 = CARTESIAN_POINT('',(-0.949,-0.175,5.1E-02));
#2950 = DIRECTION('',(1.,0.,0.));
#2951 = DIRECTION('',(0.,0.,1.));
#2952 = SHELL_BASED_SURFACE_MODEL('',(#2953));
#2953 = OPEN_SHELL('',(#2954));
#2954 = ADVANCED_FACE('',(#2955),#2989,.F.);
#2955 = FACE_BOUND('',#2956,.T.);
#2956 = EDGE_LOOP('',(#2957,#2967,#2975,#2983));
#2957 = ORIENTED_EDGE('',*,*,#2958,.F.);
#2958 = EDGE_CURVE('',#2959,#2961,#2963,.T.);
#2959 = VERTEX_POINT('',#2960);
#2960 = CARTESIAN_POINT('',(-0.575,0.175,0.));
#2961 = VERTEX_POINT('',#2962);
#2962 = CARTESIAN_POINT('',(-1.,0.175,0.));
#2963 = LINE('',#2964,#2965);
#2964 = CARTESIAN_POINT('',(-0.575,0.175,0.));
#2965 = VECTOR('',#2966,1.);
#2966 = DIRECTION('',(-1.,0.,0.));
#2967 = ORIENTED_EDGE('',*,*,#2968,.F.);
#2968 = EDGE_CURVE('',#2969,#2959,#2971,.T.);
#2969 = VERTEX_POINT('',#2970);
#2970 = CARTESIAN_POINT('',(-0.575,-0.175,0.));
#2971 = LINE('',#2972,#2973);
#2972 = CARTESIAN_POINT('',(-0.575,-0.175,0.));
#2973 = VECTOR('',#2974,1.);
#2974 = DIRECTION('',(0.,1.,0.));
#2975 = ORIENTED_EDGE('',*,*,#2976,.F.);
#2976 = EDGE_CURVE('',#2977,#2969,#2979,.T.);
#2977 = VERTEX_POINT('',#2978);
#2978 = CARTESIAN_POINT('',(-1.,-0.175,0.));
#2979 = LINE('',#2980,#2981);
#2980 = CARTESIAN_POINT('',(-1.,-0.175,0.));
#2981 = VECTOR('',#2982,1.);
#2982 = DIRECTION('',(1.,0.,0.));
#2983 = ORIENTED_EDGE('',*,*,#2984,.F.);
#2984 = EDGE_CURVE('',#2961,#2977,#2985,.T.);
#2985 = LINE('',#2986,#2987);
#2986 = CARTESIAN_POINT('',(-1.,0.175,0.));
#2987 = VECTOR('',#2988,1.);
#2988 = DIRECTION('',(0.,-1.,0.));
#2989 = PLANE('',#2990);
#2990 = AXIS2_PLACEMENT_3D('',#2991,#2992,#2993);
#2991 = CARTESIAN_POINT('',(-1.,0.175,0.));
#2992 = DIRECTION('',(0.,0.,1.));
#2993 = DIRECTION('',(0.,1.,0.));
#2994 = SHELL_BASED_SURFACE_MODEL('',(#2995));
#2995 = OPEN_SHELL('',(#2996));
#2996 = ADVANCED_FACE('',(#2997),#3047,.F.);
#2997 = FACE_BOUND('',#2998,.T.);
#2998 = EDGE_LOOP('',(#2999,#3009,#3017,#3025,#3033,#3041));
#2999 = ORIENTED_EDGE('',*,*,#3000,.F.);
#3000 = EDGE_CURVE('',#3001,#3003,#3005,.T.);
#3001 = VERTEX_POINT('',#3002);
#3002 = CARTESIAN_POINT('',(-0.575,0.475,0.));
#3003 = VERTEX_POINT('',#3004);
#3004 = CARTESIAN_POINT('',(-1.,0.475,0.));
#3005 = LINE('',#3006,#3007);
#3006 = CARTESIAN_POINT('',(-0.575,0.475,0.));
#3007 = VECTOR('',#3008,1.);
#3008 = DIRECTION('',(-1.,0.,0.));
#3009 = ORIENTED_EDGE('',*,*,#3010,.F.);
#3010 = EDGE_CURVE('',#3011,#3001,#3013,.T.);
#3011 = VERTEX_POINT('',#3012);
#3012 = CARTESIAN_POINT('',(-0.575,0.475,5.1E-02));
#3013 = LINE('',#3014,#3015);
#3014 = CARTESIAN_POINT('',(-0.575,0.475,5.1E-02));
#3015 = VECTOR('',#3016,1.);
#3016 = DIRECTION('',(0.,0.,-1.));
#3017 = ORIENTED_EDGE('',*,*,#3018,.F.);
#3018 = EDGE_CURVE('',#3019,#3011,#3021,.T.);
#3019 = VERTEX_POINT('',#3020);
#3020 = CARTESIAN_POINT('',(-0.949,0.475,5.1E-02));
#3021 = LINE('',#3022,#3023);
#3022 = CARTESIAN_POINT('',(-0.949,0.475,5.1E-02));
#3023 = VECTOR('',#3024,1.);
#3024 = DIRECTION('',(1.,0.,0.));
#3025 = ORIENTED_EDGE('',*,*,#3026,.F.);
#3026 = EDGE_CURVE('',#3027,#3019,#3029,.T.);
#3027 = VERTEX_POINT('',#3028);
#3028 = CARTESIAN_POINT('',(-0.949,0.475,5.E-02));
#3029 = LINE('',#3030,#3031);
#3030 = CARTESIAN_POINT('',(-0.949,0.475,5.E-02));
#3031 = VECTOR('',#3032,1.);
#3032 = DIRECTION('',(0.,0.,1.));
#3033 = ORIENTED_EDGE('',*,*,#3034,.F.);
#3034 = EDGE_CURVE('',#3035,#3027,#3037,.T.);
#3035 = VERTEX_POINT('',#3036);
#3036 = CARTESIAN_POINT('',(-1.,0.475,5.E-02));
#3037 = LINE('',#3038,#3039);
#3038 = CARTESIAN_POINT('',(-1.,0.475,5.E-02));
#3039 = VECTOR('',#3040,1.);
#3040 = DIRECTION('',(1.,0.,0.));
#3041 = ORIENTED_EDGE('',*,*,#3042,.F.);
#3042 = EDGE_CURVE('',#3003,#3035,#3043,.T.);
#3043 = LINE('',#3044,#3045);
#3044 = CARTESIAN_POINT('',(-1.,0.475,0.));
#3045 = VECTOR('',#3046,1.);
#3046 = DIRECTION('',(0.,0.,1.));
#3047 = PLANE('',#3048);
#3048 = AXIS2_PLACEMENT_3D('',#3049,#3050,#3051);
#3049 = CARTESIAN_POINT('',(-1.,0.475,0.));
#3050 = DIRECTION('',(0.,1.,0.));
#3051 = DIRECTION('',(0.,0.,1.));
#3052 = SHELL_BASED_SURFACE_MODEL('',(#3053));
#3053 = OPEN_SHELL('',(#3054));
#3054 = ADVANCED_FACE('',(#3055),#3105,.F.);
#3055 = FACE_BOUND('',#3056,.T.);
#3056 = EDGE_LOOP('',(#3057,#3067,#3075,#3083,#3091,#3099));
#3057 = ORIENTED_EDGE('',*,*,#3058,.F.);
#3058 = EDGE_CURVE('',#3059,#3061,#3063,.T.);
#3059 = VERTEX_POINT('',#3060);
#3060 = CARTESIAN_POINT('',(-1.,0.825,0.));
#3061 = VERTEX_POINT('',#3062);
#3062 = CARTESIAN_POINT('',(-0.575,0.825,0.));
#3063 = LINE('',#3064,#3065);
#3064 = CARTESIAN_POINT('',(-1.,0.825,0.));
#3065 = VECTOR('',#3066,1.);
#3066 = DIRECTION('',(1.,0.,0.));
#3067 = ORIENTED_EDGE('',*,*,#3068,.F.);
#3068 = EDGE_CURVE('',#3069,#3059,#3071,.T.);
#3069 = VERTEX_POINT('',#3070);
#3070 = CARTESIAN_POINT('',(-1.,0.825,5.E-02));
#3071 = LINE('',#3072,#3073);
#3072 = CARTESIAN_POINT('',(-1.,0.825,5.E-02));
#3073 = VECTOR('',#3074,1.);
#3074 = DIRECTION('',(0.,0.,-1.));
#3075 = ORIENTED_EDGE('',*,*,#3076,.F.);
#3076 = EDGE_CURVE('',#3077,#3069,#3079,.T.);
#3077 = VERTEX_POINT('',#3078);
#3078 = CARTESIAN_POINT('',(-0.949,0.825,5.E-02));
#3079 = LINE('',#3080,#3081);
#3080 = CARTESIAN_POINT('',(-0.949,0.825,5.E-02));
#3081 = VECTOR('',#3082,1.);
#3082 = DIRECTION('',(-1.,0.,0.));
#3083 = ORIENTED_EDGE('',*,*,#3084,.F.);
#3084 = EDGE_CURVE('',#3085,#3077,#3087,.T.);
#3085 = VERTEX_POINT('',#3086);
#3086 = CARTESIAN_POINT('',(-0.949,0.825,5.1E-02));
#3087 = LINE('',#3088,#3089);
#3088 = CARTESIAN_POINT('',(-0.949,0.825,5.1E-02));
#3089 = VECTOR('',#3090,1.);
#3090 = DIRECTION('',(0.,0.,-1.));
#3091 = ORIENTED_EDGE('',*,*,#3092,.F.);
#3092 = EDGE_CURVE('',#3093,#3085,#3095,.T.);
#3093 = VERTEX_POINT('',#3094);
#3094 = CARTESIAN_POINT('',(-0.575,0.825,5.1E-02));
#3095 = LINE('',#3096,#3097);
#3096 = CARTESIAN_POINT('',(-0.575,0.825,5.1E-02));
#3097 = VECTOR('',#3098,1.);
#3098 = DIRECTION('',(-1.,0.,0.));
#3099 = ORIENTED_EDGE('',*,*,#3100,.F.);
#3100 = EDGE_CURVE('',#3061,#3093,#3101,.T.);
#3101 = LINE('',#3102,#3103);
#3102 = CARTESIAN_POINT('',(-0.575,0.825,0.));
#3103 = VECTOR('',#3104,1.);
#3104 = DIRECTION('',(0.,0.,1.));
#3105 = PLANE('',#3106);
#3106 = AXIS2_PLACEMENT_3D('',#3107,#3108,#3109);
#3107 = CARTESIAN_POINT('',(-0.575,0.825,0.));
#3108 = DIRECTION('',(0.,-1.,0.));
#3109 = DIRECTION('',(0.,0.,1.));
#3110 = SHELL_BASED_SURFACE_MODEL('',(#3111));
#3111 = OPEN_SHELL('',(#3112));
#3112 = ADVANCED_FACE('',(#3113),#3147,.F.);
#3113 = FACE_BOUND('',#3114,.T.);
#3114 = EDGE_LOOP('',(#3115,#3125,#3133,#3141));
#3115 = ORIENTED_EDGE('',*,*,#3116,.F.);
#3116 = EDGE_CURVE('',#3117,#3119,#3121,.T.);
#3117 = VERTEX_POINT('',#3118);
#3118 = CARTESIAN_POINT('',(-0.949,0.475,5.E-02));
#3119 = VERTEX_POINT('',#3120);
#3120 = CARTESIAN_POINT('',(-1.,0.475,5.E-02));
#3121 = LINE('',#3122,#3123);
#3122 = CARTESIAN_POINT('',(-0.949,0.475,5.E-02));
#3123 = VECTOR('',#3124,1.);
#3124 = DIRECTION('',(-1.,0.,0.));
#3125 = ORIENTED_EDGE('',*,*,#3126,.F.);
#3126 = EDGE_CURVE('',#3127,#3117,#3129,.T.);
#3127 = VERTEX_POINT('',#3128);
#3128 = CARTESIAN_POINT('',(-0.949,0.825,5.E-02));
#3129 = LINE('',#3130,#3131);
#3130 = CARTESIAN_POINT('',(-0.949,0.825,5.E-02));
#3131 = VECTOR('',#3132,1.);
#3132 = DIRECTION('',(0.,-1.,0.));
#3133 = ORIENTED_EDGE('',*,*,#3134,.F.);
#3134 = EDGE_CURVE('',#3135,#3127,#3137,.T.);
#3135 = VERTEX_POINT('',#3136);
#3136 = CARTESIAN_POINT('',(-1.,0.825,5.E-02));
#3137 = LINE('',#3138,#3139);
#3138 = CARTESIAN_POINT('',(-1.,0.825,5.E-02));
#3139 = VECTOR('',#3140,1.);
#3140 = DIRECTION('',(1.,0.,0.));
#3141 = ORIENTED_EDGE('',*,*,#3142,.F.);
#3142 = EDGE_CURVE('',#3119,#3135,#3143,.T.);
#3143 = LINE('',#3144,#3145);
#3144 = CARTESIAN_POINT('',(-1.,0.475,5.E-02));
#3145 = VECTOR('',#3146,1.);
#3146 = DIRECTION('',(0.,1.,0.));
#3147 = PLANE('',#3148);
#3148 = AXIS2_PLACEMENT_3D('',#3149,#3150,#3151);
#3149 = CARTESIAN_POINT('',(-1.,0.475,5.E-02));
#3150 = DIRECTION('',(0.,0.,-1.));
#3151 = DIRECTION('',(0.,1.,0.));
#3152 = SHELL_BASED_SURFACE_MODEL('',(#3153));
#3153 = OPEN_SHELL('',(#3154));
#3154 = ADVANCED_FACE('',(#3155),#3189,.F.);
#3155 = FACE_BOUND('',#3156,.T.);
#3156 = EDGE_LOOP('',(#3157,#3167,#3175,#3183));
#3157 = ORIENTED_EDGE('',*,*,#3158,.F.);
#3158 = EDGE_CURVE('',#3159,#3161,#3163,.T.);
#3159 = VERTEX_POINT('',#3160);
#3160 = CARTESIAN_POINT('',(-0.575,0.475,5.1E-02));
#3161 = VERTEX_POINT('',#3162);
#3162 = CARTESIAN_POINT('',(-0.949,0.475,5.1E-02));
#3163 = LINE('',#3164,#3165);
#3164 = CARTESIAN_POINT('',(-0.575,0.475,5.1E-02));
#3165 = VECTOR('',#3166,1.);
#3166 = DIRECTION('',(-1.,0.,0.));
#3167 = ORIENTED_EDGE('',*,*,#3168,.F.);
#3168 = EDGE_CURVE('',#3169,#3159,#3171,.T.);
#3169 = VERTEX_POINT('',#3170);
#3170 = CARTESIAN_POINT('',(-0.575,0.825,5.1E-02));
#3171 = LINE('',#3172,#3173);
#3172 = CARTESIAN_POINT('',(-0.575,0.825,5.1E-02));
#3173 = VECTOR('',#3174,1.);
#3174 = DIRECTION('',(0.,-1.,0.));
#3175 = ORIENTED_EDGE('',*,*,#3176,.F.);
#3176 = EDGE_CURVE('',#3177,#3169,#3179,.T.);
#3177 = VERTEX_POINT('',#3178);
#3178 = CARTESIAN_POINT('',(-0.949,0.825,5.1E-02));
#3179 = LINE('',#3180,#3181);
#3180 = CARTESIAN_POINT('',(-0.949,0.825,5.1E-02));
#3181 = VECTOR('',#3182,1.);
#3182 = DIRECTION('',(1.,0.,0.));
#3183 = ORIENTED_EDGE('',*,*,#3184,.F.);
#3184 = EDGE_CURVE('',#3161,#3177,#3185,.T.);
#3185 = LINE('',#3186,#3187);
#3186 = CARTESIAN_POINT('',(-0.949,0.475,5.1E-02));
#3187 = VECTOR('',#3188,1.);
#3188 = DIRECTION('',(0.,1.,0.));
#3189 = PLANE('',#3190);
#3190 = AXIS2_PLACEMENT_3D('',#3191,#3192,#3193);
#3191 = CARTESIAN_POINT('',(-0.949,0.475,5.1E-02));
#3192 = DIRECTION('',(0.,0.,-1.));
#3193 = DIRECTION('',(0.,1.,0.));
#3194 = SHELL_BASED_SURFACE_MODEL('',(#3195));
#3195 = OPEN_SHELL('',(#3196));
#3196 = ADVANCED_FACE('',(#3197),#3231,.F.);
#3197 = FACE_BOUND('',#3198,.T.);
#3198 = EDGE_LOOP('',(#3199,#3209,#3217,#3225));
#3199 = ORIENTED_EDGE('',*,*,#3200,.F.);
#3200 = EDGE_CURVE('',#3201,#3203,#3205,.T.);
#3201 = VERTEX_POINT('',#3202);
#3202 = CARTESIAN_POINT('',(-1.,0.475,0.));
#3203 = VERTEX_POINT('',#3204);
#3204 = CARTESIAN_POINT('',(-1.,0.825,0.));
#3205 = LINE('',#3206,#3207);
#3206 = CARTESIAN_POINT('',(-1.,0.475,0.));
#3207 = VECTOR('',#3208,1.);
#3208 = DIRECTION('',(0.,1.,0.));
#3209 = ORIENTED_EDGE('',*,*,#3210,.F.);
#3210 = EDGE_CURVE('',#3211,#3201,#3213,.T.);
#3211 = VERTEX_POINT('',#3212);
#3212 = CARTESIAN_POINT('',(-1.,0.475,5.E-02));
#3213 = LINE('',#3214,#3215);
#3214 = CARTESIAN_POINT('',(-1.,0.475,5.E-02));
#3215 = VECTOR('',#3216,1.);
#3216 = DIRECTION('',(0.,0.,-1.));
#3217 = ORIENTED_EDGE('',*,*,#3218,.F.);
#3218 = EDGE_CURVE('',#3219,#3211,#3221,.T.);
#3219 = VERTEX_POINT('',#3220);
#3220 = CARTESIAN_POINT('',(-1.,0.825,5.E-02));
#3221 = LINE('',#3222,#3223);
#3222 = CARTESIAN_POINT('',(-1.,0.825,5.E-02));
#3223 = VECTOR('',#3224,1.);
#3224 = DIRECTION('',(0.,-1.,0.));
#3225 = ORIENTED_EDGE('',*,*,#3226,.F.);
#3226 = EDGE_CURVE('',#3203,#3219,#3227,.T.);
#3227 = LINE('',#3228,#3229);
#3228 = CARTESIAN_POINT('',(-1.,0.825,0.));
#3229 = VECTOR('',#3230,1.);
#3230 = DIRECTION('',(0.,0.,1.));
#3231 = PLANE('',#3232);
#3232 = AXIS2_PLACEMENT_3D('',#3233,#3234,#3235);
#3233 = CARTESIAN_POINT('',(-1.,0.825,0.));
#3234 = DIRECTION('',(1.,0.,0.));
#3235 = DIRECTION('',(0.,0.,1.));
#3236 = SHELL_BASED_SURFACE_MODEL('',(#3237));
#3237 = OPEN_SHELL('',(#3238));
#3238 = ADVANCED_FACE('',(#3239),#3273,.F.);
#3239 = FACE_BOUND('',#3240,.T.);
#3240 = EDGE_LOOP('',(#3241,#3251,#3259,#3267));
#3241 = ORIENTED_EDGE('',*,*,#3242,.F.);
#3242 = EDGE_CURVE('',#3243,#3245,#3247,.T.);
#3243 = VERTEX_POINT('',#3244);
#3244 = CARTESIAN_POINT('',(-0.575,0.825,0.));
#3245 = VERTEX_POINT('',#3246);
#3246 = CARTESIAN_POINT('',(-0.575,0.475,0.));
#3247 = LINE('',#3248,#3249);
#3248 = CARTESIAN_POINT('',(-0.575,0.825,0.));
#3249 = VECTOR('',#3250,1.);
#3250 = DIRECTION('',(0.,-1.,0.));
#3251 = ORIENTED_EDGE('',*,*,#3252,.F.);
#3252 = EDGE_CURVE('',#3253,#3243,#3255,.T.);
#3253 = VERTEX_POINT('',#3254);
#3254 = CARTESIAN_POINT('',(-0.575,0.825,5.1E-02));
#3255 = LINE('',#3256,#3257);
#3256 = CARTESIAN_POINT('',(-0.575,0.825,5.1E-02));
#3257 = VECTOR('',#3258,1.);
#3258 = DIRECTION('',(0.,0.,-1.));
#3259 = ORIENTED_EDGE('',*,*,#3260,.F.);
#3260 = EDGE_CURVE('',#3261,#3253,#3263,.T.);
#3261 = VERTEX_POINT('',#3262);
#3262 = CARTESIAN_POINT('',(-0.575,0.475,5.1E-02));
#3263 = LINE('',#3264,#3265);
#3264 = CARTESIAN_POINT('',(-0.575,0.475,5.1E-02));
#3265 = VECTOR('',#3266,1.);
#3266 = DIRECTION('',(0.,1.,0.));
#3267 = ORIENTED_EDGE('',*,*,#3268,.F.);
#3268 = EDGE_CURVE('',#3245,#3261,#3269,.T.);
#3269 = LINE('',#3270,#3271);
#3270 = CARTESIAN_POINT('',(-0.575,0.475,0.));
#3271 = VECTOR('',#3272,1.);
#3272 = DIRECTION('',(0.,0.,1.));
#3273 = PLANE('',#3274);
#3274 = AXIS2_PLACEMENT_3D('',#3275,#3276,#3277);
#3275 = CARTESIAN_POINT('',(-0.575,0.475,0.));
#3276 = DIRECTION('',(-1.,0.,0.));
#3277 = DIRECTION('',(0.,0.,1.));
#3278 = SHELL_BASED_SURFACE_MODEL('',(#3279));
#3279 = OPEN_SHELL('',(#3280));
#3280 = ADVANCED_FACE('',(#3281),#3315,.F.);
#3281 = FACE_BOUND('',#3282,.T.);
#3282 = EDGE_LOOP('',(#3283,#3293,#3301,#3309));
#3283 = ORIENTED_EDGE('',*,*,#3284,.F.);
#3284 = EDGE_CURVE('',#3285,#3287,#3289,.T.);
#3285 = VERTEX_POINT('',#3286);
#3286 = CARTESIAN_POINT('',(-0.949,0.825,5.1E-02));
#3287 = VERTEX_POINT('',#3288);
#3288 = CARTESIAN_POINT('',(-0.949,0.475,5.1E-02));
#3289 = LINE('',#3290,#3291);
#3290 = CARTESIAN_POINT('',(-0.949,0.825,5.1E-02));
#3291 = VECTOR('',#3292,1.);
#3292 = DIRECTION('',(0.,-1.,0.));
#3293 = ORIENTED_EDGE('',*,*,#3294,.F.);
#3294 = EDGE_CURVE('',#3295,#3285,#3297,.T.);
#3295 = VERTEX_POINT('',#3296);
#3296 = CARTESIAN_POINT('',(-0.949,0.825,5.E-02));
#3297 = LINE('',#3298,#3299);
#3298 = CARTESIAN_POINT('',(-0.949,0.825,5.E-02));
#3299 = VECTOR('',#3300,1.);
#3300 = DIRECTION('',(0.,0.,1.));
#3301 = ORIENTED_EDGE('',*,*,#3302,.F.);
#3302 = EDGE_CURVE('',#3303,#3295,#3305,.T.);
#3303 = VERTEX_POINT('',#3304);
#3304 = CARTESIAN_POINT('',(-0.949,0.475,5.E-02));
#3305 = LINE('',#3306,#3307);
#3306 = CARTESIAN_POINT('',(-0.949,0.475,5.E-02));
#3307 = VECTOR('',#3308,1.);
#3308 = DIRECTION('',(0.,1.,0.));
#3309 = ORIENTED_EDGE('',*,*,#3310,.F.);
#3310 = EDGE_CURVE('',#3287,#3303,#3311,.T.);
#3311 = LINE('',#3312,#3313);
#3312 = CARTESIAN_POINT('',(-0.949,0.475,5.1E-02));
#3313 = VECTOR('',#3314,1.);
#3314 = DIRECTION('',(0.,0.,-1.));
#3315 = PLANE('',#3316);
#3316 = AXIS2_PLACEMENT_3D('',#3317,#3318,#3319);
#3317 = CARTESIAN_POINT('',(-0.949,0.475,5.1E-02));
#3318 = DIRECTION('',(1.,0.,0.));
#3319 = DIRECTION('',(0.,0.,1.));
#3320 = GEOMETRIC_CURVE_SET('',(#3321));
#3321 = TRIMMED_CURVE('',#3322,(#3327,PARAMETER_VALUE(3.14159265359)),(
    #3328,PARAMETER_VALUE(9.424777960769)),.T.,.PARAMETER.);
#3322 = CIRCLE('',#3323,4.74600016E-02);
#3323 = AXIS2_PLACEMENT_3D('',#3324,#3325,#3326);
#3324 = CARTESIAN_POINT('',(-0.759,0.65,0.103));
#3325 = DIRECTION('',(0.,0.,1.));
#3326 = DIRECTION('',(1.,0.,0.));
#3327 = CARTESIAN_POINT('',(-0.807,0.65,0.103));
#3328 = CARTESIAN_POINT('',(-0.807,0.65,0.103));
#3329 = GEOMETRIC_CURVE_SET('',(#3330));
#3330 = TRIMMED_CURVE('',#3331,(#3334,PARAMETER_VALUE(0.)),(#3335,
    PARAMETER_VALUE(3.E-03)),.T.,.PARAMETER.);
#3331 = B_SPLINE_CURVE_WITH_KNOTS('',1,(#3332,#3333),.UNSPECIFIED.,.F.,
  .F.,(2,2),(0.,3.E-03),.PIECEWISE_BEZIER_KNOTS.);
#3332 = CARTESIAN_POINT('',(-0.8064600016,0.65,0.1));
#3333 = CARTESIAN_POINT('',(-0.8064600016,0.65,0.103));
#3334 = CARTESIAN_POINT('',(-0.807,0.65,0.1));
#3335 = CARTESIAN_POINT('',(-0.807,0.65,0.103));
#3336 = GEOMETRIC_CURVE_SET('',(#3337));
#3337 = TRIMMED_CURVE('',#3338,(#3343,PARAMETER_VALUE(3.14159265359)),(
    #3344,PARAMETER_VALUE(9.424777960769)),.T.,.PARAMETER.);
#3338 = CIRCLE('',#3339,4.74600016E-02);
#3339 = AXIS2_PLACEMENT_3D('',#3340,#3341,#3342);
#3340 = CARTESIAN_POINT('',(-0.759,0.65,0.1));
#3341 = DIRECTION('',(0.,0.,-1.));
#3342 = DIRECTION('',(1.,0.,0.));
#3343 = CARTESIAN_POINT('',(-0.807,0.65,0.1));
#3344 = CARTESIAN_POINT('',(-0.807,0.65,0.1));
#3345 = GEOMETRIC_CURVE_SET('',(#3346));
#3346 = TRIMMED_CURVE('',#3347,(#3350,PARAMETER_VALUE(0.)),(#3351,
    PARAMETER_VALUE(3.E-03)),.T.,.PARAMETER.);
#3347 = B_SPLINE_CURVE_WITH_KNOTS('',1,(#3348,#3349),.UNSPECIFIED.,.F.,
  .F.,(2,2),(0.,3.E-03),.PIECEWISE_BEZIER_KNOTS.);
#3348 = CARTESIAN_POINT('',(-0.8064600016,0.65,0.1));
#3349 = CARTESIAN_POINT('',(-0.8064600016,0.65,0.103));
#3350 = CARTESIAN_POINT('',(-0.807,0.65,0.1));
#3351 = CARTESIAN_POINT('',(-0.807,0.65,0.103));
#3352 = GEOMETRIC_CURVE_SET('',(#3353));
#3353 = TRIMMED_CURVE('',#3354,(#3359,PARAMETER_VALUE(3.14159265359)),(
    #3360,PARAMETER_VALUE(9.424777960769)),.T.,.PARAMETER.);
#3354 = CIRCLE('',#3355,4.74600016E-02);
#3355 = AXIS2_PLACEMENT_3D('',#3356,#3357,#3358);
#3356 = CARTESIAN_POINT('',(-0.759,0.65,0.1));
#3357 = DIRECTION('',(0.,0.,-1.));
#3358 = DIRECTION('',(1.,0.,0.));
#3359 = CARTESIAN_POINT('',(-0.807,0.65,0.1));
#3360 = CARTESIAN_POINT('',(-0.807,0.65,0.1));
#3361 = GEOMETRIC_CURVE_SET('',(#3362));
#3362 = TRIMMED_CURVE('',#3363,(#3368,PARAMETER_VALUE(3.14159265359)),(
    #3369,PARAMETER_VALUE(9.424777960769)),.T.,.PARAMETER.);
#3363 = CIRCLE('',#3364,4.74600016E-02);
#3364 = AXIS2_PLACEMENT_3D('',#3365,#3366,#3367);
#3365 = CARTESIAN_POINT('',(-0.759,0.65,0.103));
#3366 = DIRECTION('',(0.,0.,1.));
#3367 = DIRECTION('',(1.,0.,0.));
#3368 = CARTESIAN_POINT('',(-0.807,0.65,0.103));
#3369 = CARTESIAN_POINT('',(-0.807,0.65,0.103));
#3370 = GEOMETRIC_CURVE_SET('',(#3371));
#3371 = TRIMMED_CURVE('',#3372,(#3376,PARAMETER_VALUE(0.)),(#3377,
    PARAMETER_VALUE(0.425)),.T.,.PARAMETER.);
#3372 = LINE('',#3373,#3374);
#3373 = CARTESIAN_POINT('',(-0.575,0.825,0.));
#3374 = VECTOR('',#3375,1.);
#3375 = DIRECTION('',(-1.,0.,0.));
#3376 = CARTESIAN_POINT('',(-0.575,0.825,0.));
#3377 = CARTESIAN_POINT('',(-1.,0.825,0.));
#3378 = GEOMETRIC_CURVE_SET('',(#3379));
#3379 = TRIMMED_CURVE('',#3380,(#3384,PARAMETER_VALUE(0.)),(#3385,
    PARAMETER_VALUE(0.35)),.T.,.PARAMETER.);
#3380 = LINE('',#3381,#3382);
#3381 = CARTESIAN_POINT('',(-0.575,0.475,0.));
#3382 = VECTOR('',#3383,1.);
#3383 = DIRECTION('',(0.,1.,0.));
#3384 = CARTESIAN_POINT('',(-0.575,0.475,0.));
#3385 = CARTESIAN_POINT('',(-0.575,0.825,0.));
#3386 = GEOMETRIC_CURVE_SET('',(#3387));
#3387 = TRIMMED_CURVE('',#3388,(#3392,PARAMETER_VALUE(0.)),(#3393,
    PARAMETER_VALUE(0.425)),.T.,.PARAMETER.);
#3388 = LINE('',#3389,#3390);
#3389 = CARTESIAN_POINT('',(-1.,0.475,0.));
#3390 = VECTOR('',#3391,1.);
#3391 = DIRECTION('',(1.,0.,0.));
#3392 = CARTESIAN_POINT('',(-1.,0.475,0.));
#3393 = CARTESIAN_POINT('',(-0.575,0.475,0.));
#3394 = GEOMETRIC_CURVE_SET('',(#3395));
#3395 = TRIMMED_CURVE('',#3396,(#3400,PARAMETER_VALUE(0.)),(#3401,
    PARAMETER_VALUE(0.35)),.T.,.PARAMETER.);
#3396 = LINE('',#3397,#3398);
#3397 = CARTESIAN_POINT('',(-1.,0.825,0.));
#3398 = VECTOR('',#3399,1.);
#3399 = DIRECTION('',(0.,-1.,0.));
#3400 = CARTESIAN_POINT('',(-1.,0.825,0.));
#3401 = CARTESIAN_POINT('',(-1.,0.475,0.));
#3402 = GEOMETRIC_CURVE_SET('',(#3403));
#3403 = TRIMMED_CURVE('',#3404,(#3408,PARAMETER_VALUE(0.)),(#3409,
    PARAMETER_VALUE(1.898)),.T.,.PARAMETER.);
#3404 = LINE('',#3405,#3406);
#3405 = CARTESIAN_POINT('',(0.949,1.,5.1E-02));
#3406 = VECTOR('',#3407,1.);
#3407 = DIRECTION('',(-1.,0.,0.));
#3408 = CARTESIAN_POINT('',(0.949,1.,5.1E-02));
#3409 = CARTESIAN_POINT('',(-0.949,1.,5.1E-02));
#3410 = GEOMETRIC_CURVE_SET('',(#3411));
#3411 = TRIMMED_CURVE('',#3412,(#3416,PARAMETER_VALUE(0.)),(#3417,
    PARAMETER_VALUE(2.)),.T.,.PARAMETER.);
#3412 = LINE('',#3413,#3414);
#3413 = CARTESIAN_POINT('',(0.949,-1.,5.1E-02));
#3414 = VECTOR('',#3415,1.);
#3415 = DIRECTION('',(0.,1.,0.));
#3416 = CARTESIAN_POINT('',(0.949,-1.,5.1E-02));
#3417 = CARTESIAN_POINT('',(0.949,1.,5.1E-02));
#3418 = GEOMETRIC_CURVE_SET('',(#3419));
#3419 = TRIMMED_CURVE('',#3420,(#3424,PARAMETER_VALUE(0.)),(#3425,
    PARAMETER_VALUE(1.898)),.T.,.PARAMETER.);
#3420 = LINE('',#3421,#3422);
#3421 = CARTESIAN_POINT('',(-0.949,-1.,5.1E-02));
#3422 = VECTOR('',#3423,1.);
#3423 = DIRECTION('',(1.,0.,0.));
#3424 = CARTESIAN_POINT('',(-0.949,-1.,5.1E-02));
#3425 = CARTESIAN_POINT('',(0.949,-1.,5.1E-02));
#3426 = GEOMETRIC_CURVE_SET('',(#3427));
#3427 = TRIMMED_CURVE('',#3428,(#3432,PARAMETER_VALUE(0.)),(#3433,
    PARAMETER_VALUE(2.)),.T.,.PARAMETER.);
#3428 = LINE('',#3429,#3430);
#3429 = CARTESIAN_POINT('',(-0.949,1.,5.1E-02));
#3430 = VECTOR('',#3431,1.);
#3431 = DIRECTION('',(0.,-1.,0.));
#3432 = CARTESIAN_POINT('',(-0.949,1.,5.1E-02));
#3433 = CARTESIAN_POINT('',(-0.949,-1.,5.1E-02));
#3434 = GEOMETRIC_CURVE_SET('',(#3435));
#3435 = TRIMMED_CURVE('',#3436,(#3440,PARAMETER_VALUE(0.)),(#3441,
    PARAMETER_VALUE(1.898)),.T.,.PARAMETER.);
#3436 = LINE('',#3437,#3438);
#3437 = CARTESIAN_POINT('',(0.949,-1.,0.1));
#3438 = VECTOR('',#3439,1.);
#3439 = DIRECTION('',(-1.,0.,0.));
#3440 = CARTESIAN_POINT('',(0.949,-1.,0.1));
#3441 = CARTESIAN_POINT('',(-0.949,-1.,0.1));
#3442 = GEOMETRIC_CURVE_SET('',(#3443));
#3443 = TRIMMED_CURVE('',#3444,(#3448,PARAMETER_VALUE(0.)),(#3449,
    PARAMETER_VALUE(2.)),.T.,.PARAMETER.);
#3444 = LINE('',#3445,#3446);
#3445 = CARTESIAN_POINT('',(0.949,1.,0.1));
#3446 = VECTOR('',#3447,1.);
#3447 = DIRECTION('',(0.,-1.,0.));
#3448 = CARTESIAN_POINT('',(0.949,1.,0.1));
#3449 = CARTESIAN_POINT('',(0.949,-1.,0.1));
#3450 = GEOMETRIC_CURVE_SET('',(#3451));
#3451 = TRIMMED_CURVE('',#3452,(#3456,PARAMETER_VALUE(0.)),(#3457,
    PARAMETER_VALUE(1.898)),.T.,.PARAMETER.);
#3452 = LINE('',#3453,#3454);
#3453 = CARTESIAN_POINT('',(-0.949,1.,0.1));
#3454 = VECTOR('',#3455,1.);
#3455 = DIRECTION('',(1.,0.,0.));
#3456 = CARTESIAN_POINT('',(-0.949,1.,0.1));
#3457 = CARTESIAN_POINT('',(0.949,1.,0.1));
#3458 = GEOMETRIC_CURVE_SET('',(#3459));
#3459 = TRIMMED_CURVE('',#3460,(#3464,PARAMETER_VALUE(0.)),(#3465,
    PARAMETER_VALUE(2.)),.T.,.PARAMETER.);
#3460 = LINE('',#3461,#3462);
#3461 = CARTESIAN_POINT('',(-0.949,-1.,0.1));
#3462 = VECTOR('',#3463,1.);
#3463 = DIRECTION('',(0.,1.,0.));
#3464 = CARTESIAN_POINT('',(-0.949,-1.,0.1));
#3465 = CARTESIAN_POINT('',(-0.949,1.,0.1));
#3466 = GEOMETRIC_CURVE_SET('',(#3467));
#3467 = TRIMMED_CURVE('',#3468,(#3472,PARAMETER_VALUE(0.)),(#3473,
    PARAMETER_VALUE(1.898)),.T.,.PARAMETER.);
#3468 = LINE('',#3469,#3470);
#3469 = CARTESIAN_POINT('',(0.949,-1.,5.1E-02));
#3470 = VECTOR('',#3471,1.);
#3471 = DIRECTION('',(-1.,0.,0.));
#3472 = CARTESIAN_POINT('',(0.949,-1.,5.1E-02));
#3473 = CARTESIAN_POINT('',(-0.949,-1.,5.1E-02));
#3474 = GEOMETRIC_CURVE_SET('',(#3475));
#3475 = TRIMMED_CURVE('',#3476,(#3480,PARAMETER_VALUE(0.)),(#3481,
    PARAMETER_VALUE(4.9E-02)),.T.,.PARAMETER.);
#3476 = LINE('',#3477,#3478);
#3477 = CARTESIAN_POINT('',(0.949,-1.,0.1));
#3478 = VECTOR('',#3479,1.);
#3479 = DIRECTION('',(0.,0.,-1.));
#3480 = CARTESIAN_POINT('',(0.949,-1.,0.1));
#3481 = CARTESIAN_POINT('',(0.949,-1.,5.1E-02));
#3482 = GEOMETRIC_CURVE_SET('',(#3483));
#3483 = TRIMMED_CURVE('',#3484,(#3488,PARAMETER_VALUE(0.)),(#3489,
    PARAMETER_VALUE(1.898)),.T.,.PARAMETER.);
#3484 = LINE('',#3485,#3486);
#3485 = CARTESIAN_POINT('',(-0.949,-1.,0.1));
#3486 = VECTOR('',#3487,1.);
#3487 = DIRECTION('',(1.,0.,0.));
#3488 = CARTESIAN_POINT('',(-0.949,-1.,0.1));
#3489 = CARTESIAN_POINT('',(0.949,-1.,0.1));
#3490 = GEOMETRIC_CURVE_SET('',(#3491));
#3491 = TRIMMED_CURVE('',#3492,(#3496,PARAMETER_VALUE(0.)),(#3497,
    PARAMETER_VALUE(4.9E-02)),.T.,.PARAMETER.);
#3492 = LINE('',#3493,#3494);
#3493 = CARTESIAN_POINT('',(-0.949,-1.,5.1E-02));
#3494 = VECTOR('',#3495,1.);
#3495 = DIRECTION('',(0.,0.,1.));
#3496 = CARTESIAN_POINT('',(-0.949,-1.,5.1E-02));
#3497 = CARTESIAN_POINT('',(-0.949,-1.,0.1));
#3498 = GEOMETRIC_CURVE_SET('',(#3499));
#3499 = TRIMMED_CURVE('',#3500,(#3504,PARAMETER_VALUE(0.)),(#3505,
    PARAMETER_VALUE(2.)),.T.,.PARAMETER.);
#3500 = LINE('',#3501,#3502);
#3501 = CARTESIAN_POINT('',(0.949,1.,5.1E-02));
#3502 = VECTOR('',#3503,1.);
#3503 = DIRECTION('',(0.,-1.,0.));
#3504 = CARTESIAN_POINT('',(0.949,1.,5.1E-02));
#3505 = CARTESIAN_POINT('',(0.949,-1.,5.1E-02));
#3506 = GEOMETRIC_CURVE_SET('',(#3507));
#3507 = TRIMMED_CURVE('',#3508,(#3512,PARAMETER_VALUE(0.)),(#3513,
    PARAMETER_VALUE(4.9E-02)),.T.,.PARAMETER.);
#3508 = LINE('',#3509,#3510);
#3509 = CARTESIAN_POINT('',(0.949,1.,0.1));
#3510 = VECTOR('',#3511,1.);
#3511 = DIRECTION('',(0.,0.,-1.));
#3512 = CARTESIAN_POINT('',(0.949,1.,0.1));
#3513 = CARTESIAN_POINT('',(0.949,1.,5.1E-02));
#3514 = GEOMETRIC_CURVE_SET('',(#3515));
#3515 = TRIMMED_CURVE('',#3516,(#3520,PARAMETER_VALUE(0.)),(#3521,
    PARAMETER_VALUE(2.)),.T.,.PARAMETER.);
#3516 = LINE('',#3517,#3518);
#3517 = CARTESIAN_POINT('',(0.949,-1.,0.1));
#3518 = VECTOR('',#3519,1.);
#3519 = DIRECTION('',(0.,1.,0.));
#3520 = CARTESIAN_POINT('',(0.949,-1.,0.1));
#3521 = CARTESIAN_POINT('',(0.949,1.,0.1));
#3522 = GEOMETRIC_CURVE_SET('',(#3523));
#3523 = TRIMMED_CURVE('',#3524,(#3528,PARAMETER_VALUE(0.)),(#3529,
    PARAMETER_VALUE(4.9E-02)),.T.,.PARAMETER.);
#3524 = LINE('',#3525,#3526);
#3525 = CARTESIAN_POINT('',(0.949,-1.,5.1E-02));
#3526 = VECTOR('',#3527,1.);
#3527 = DIRECTION('',(0.,0.,1.));
#3528 = CARTESIAN_POINT('',(0.949,-1.,5.1E-02));
#3529 = CARTESIAN_POINT('',(0.949,-1.,0.1));
#3530 = GEOMETRIC_CURVE_SET('',(#3531));
#3531 = TRIMMED_CURVE('',#3532,(#3536,PARAMETER_VALUE(0.)),(#3537,
    PARAMETER_VALUE(1.898)),.T.,.PARAMETER.);
#3532 = LINE('',#3533,#3534);
#3533 = CARTESIAN_POINT('',(-0.949,1.,5.1E-02));
#3534 = VECTOR('',#3535,1.);
#3535 = DIRECTION('',(1.,0.,0.));
#3536 = CARTESIAN_POINT('',(-0.949,1.,5.1E-02));
#3537 = CARTESIAN_POINT('',(0.949,1.,5.1E-02));
#3538 = GEOMETRIC_CURVE_SET('',(#3539));
#3539 = TRIMMED_CURVE('',#3540,(#3544,PARAMETER_VALUE(0.)),(#3545,
    PARAMETER_VALUE(4.9E-02)),.T.,.PARAMETER.);
#3540 = LINE('',#3541,#3542);
#3541 = CARTESIAN_POINT('',(-0.949,1.,0.1));
#3542 = VECTOR('',#3543,1.);
#3543 = DIRECTION('',(0.,0.,-1.));
#3544 = CARTESIAN_POINT('',(-0.949,1.,0.1));
#3545 = CARTESIAN_POINT('',(-0.949,1.,5.1E-02));
#3546 = GEOMETRIC_CURVE_SET('',(#3547));
#3547 = TRIMMED_CURVE('',#3548,(#3552,PARAMETER_VALUE(0.)),(#3553,
    PARAMETER_VALUE(1.898)),.T.,.PARAMETER.);
#3548 = LINE('',#3549,#3550);
#3549 = CARTESIAN_POINT('',(0.949,1.,0.1));
#3550 = VECTOR('',#3551,1.);
#3551 = DIRECTION('',(-1.,0.,0.));
#3552 = CARTESIAN_POINT('',(0.949,1.,0.1));
#3553 = CARTESIAN_POINT('',(-0.949,1.,0.1));
#3554 = GEOMETRIC_CURVE_SET('',(#3555));
#3555 = TRIMMED_CURVE('',#3556,(#3560,PARAMETER_VALUE(0.)),(#3561,
    PARAMETER_VALUE(4.9E-02)),.T.,.PARAMETER.);
#3556 = LINE('',#3557,#3558);
#3557 = CARTESIAN_POINT('',(0.949,1.,5.1E-02));
#3558 = VECTOR('',#3559,1.);
#3559 = DIRECTION('',(0.,0.,1.));
#3560 = CARTESIAN_POINT('',(0.949,1.,5.1E-02));
#3561 = CARTESIAN_POINT('',(0.949,1.,0.1));
#3562 = GEOMETRIC_CURVE_SET('',(#3563));
#3563 = TRIMMED_CURVE('',#3564,(#3568,PARAMETER_VALUE(0.)),(#3569,
    PARAMETER_VALUE(2.)),.T.,.PARAMETER.);
#3564 = LINE('',#3565,#3566);
#3565 = CARTESIAN_POINT('',(-0.949,-1.,5.1E-02));
#3566 = VECTOR('',#3567,1.);
#3567 = DIRECTION('',(0.,1.,0.));
#3568 = CARTESIAN_POINT('',(-0.949,-1.,5.1E-02));
#3569 = CARTESIAN_POINT('',(-0.949,1.,5.1E-02));
#3570 = GEOMETRIC_CURVE_SET('',(#3571));
#3571 = TRIMMED_CURVE('',#3572,(#3576,PARAMETER_VALUE(0.)),(#3577,
    PARAMETER_VALUE(4.9E-02)),.T.,.PARAMETER.);
#3572 = LINE('',#3573,#3574);
#3573 = CARTESIAN_POINT('',(-0.949,-1.,0.1));
#3574 = VECTOR('',#3575,1.);
#3575 = DIRECTION('',(0.,0.,-1.));
#3576 = CARTESIAN_POINT('',(-0.949,-1.,0.1));
#3577 = CARTESIAN_POINT('',(-0.949,-1.,5.1E-02));
#3578 = GEOMETRIC_CURVE_SET('',(#3579));
#3579 = TRIMMED_CURVE('',#3580,(#3584,PARAMETER_VALUE(0.)),(#3585,
    PARAMETER_VALUE(2.)),.T.,.PARAMETER.);
#3580 = LINE('',#3581,#3582);
#3581 = CARTESIAN_POINT('',(-0.949,1.,0.1));
#3582 = VECTOR('',#3583,1.);
#3583 = DIRECTION('',(0.,-1.,0.));
#3584 = CARTESIAN_POINT('',(-0.949,1.,0.1));
#3585 = CARTESIAN_POINT('',(-0.949,-1.,0.1));
#3586 = GEOMETRIC_CURVE_SET('',(#3587));
#3587 = TRIMMED_CURVE('',#3588,(#3592,PARAMETER_VALUE(0.)),(#3593,
    PARAMETER_VALUE(4.9E-02)),.T.,.PARAMETER.);
#3588 = LINE('',#3589,#3590);
#3589 = CARTESIAN_POINT('',(-0.949,1.,5.1E-02));
#3590 = VECTOR('',#3591,1.);
#3591 = DIRECTION('',(0.,0.,1.));
#3592 = CARTESIAN_POINT('',(-0.949,1.,5.1E-02));
#3593 = CARTESIAN_POINT('',(-0.949,1.,0.1));
#3594 = GEOMETRIC_CURVE_SET('',(#3595));
#3595 = TRIMMED_CURVE('',#3596,(#3600,PARAMETER_VALUE(0.)),(#3601,
    PARAMETER_VALUE(1.)),.T.,.PARAMETER.);
#3596 = LINE('',#3597,#3598);
#3597 = CARTESIAN_POINT('',(0.5,0.8,0.));
#3598 = VECTOR('',#3599,1.);
#3599 = DIRECTION('',(-1.,0.,0.));
#3600 = CARTESIAN_POINT('',(0.5,0.8,0.));
#3601 = CARTESIAN_POINT('',(-0.5,0.8,0.));
#3602 = GEOMETRIC_CURVE_SET('',(#3603));
#3603 = TRIMMED_CURVE('',#3604,(#3608,PARAMETER_VALUE(0.)),(#3609,
    PARAMETER_VALUE(1.6)),.T.,.PARAMETER.);
#3604 = LINE('',#3605,#3606);
#3605 = CARTESIAN_POINT('',(0.5,-0.8,0.));
#3606 = VECTOR('',#3607,1.);
#3607 = DIRECTION('',(0.,1.,0.));
#3608 = CARTESIAN_POINT('',(0.5,-0.8,0.));
#3609 = CARTESIAN_POINT('',(0.5,0.8,0.));
#3610 = GEOMETRIC_CURVE_SET('',(#3611));
#3611 = TRIMMED_CURVE('',#3612,(#3616,PARAMETER_VALUE(0.)),(#3617,
    PARAMETER_VALUE(1.)),.T.,.PARAMETER.);
#3612 = LINE('',#3613,#3614);
#3613 = CARTESIAN_POINT('',(-0.5,-0.8,0.));
#3614 = VECTOR('',#3615,1.);
#3615 = DIRECTION('',(1.,0.,0.));
#3616 = CARTESIAN_POINT('',(-0.5,-0.8,0.));
#3617 = CARTESIAN_POINT('',(0.5,-0.8,0.));
#3618 = GEOMETRIC_CURVE_SET('',(#3619));
#3619 = TRIMMED_CURVE('',#3620,(#3624,PARAMETER_VALUE(0.)),(#3625,
    PARAMETER_VALUE(1.6)),.T.,.PARAMETER.);
#3620 = LINE('',#3621,#3622);
#3621 = CARTESIAN_POINT('',(-0.5,0.8,0.));
#3622 = VECTOR('',#3623,1.);
#3623 = DIRECTION('',(0.,-1.,0.));
#3624 = CARTESIAN_POINT('',(-0.5,0.8,0.));
#3625 = CARTESIAN_POINT('',(-0.5,-0.8,0.));
#3626 = GEOMETRIC_CURVE_SET('',(#3627));
#3627 = TRIMMED_CURVE('',#3628,(#3632,PARAMETER_VALUE(0.)),(#3633,
    PARAMETER_VALUE(1.)),.T.,.PARAMETER.);
#3628 = LINE('',#3629,#3630);
#3629 = CARTESIAN_POINT('',(0.5,-0.8,5.1E-02));
#3630 = VECTOR('',#3631,1.);
#3631 = DIRECTION('',(-1.,0.,0.));
#3632 = CARTESIAN_POINT('',(0.5,-0.8,5.1E-02));
#3633 = CARTESIAN_POINT('',(-0.5,-0.8,5.1E-02));
#3634 = GEOMETRIC_CURVE_SET('',(#3635));
#3635 = TRIMMED_CURVE('',#3636,(#3640,PARAMETER_VALUE(0.)),(#3641,
    PARAMETER_VALUE(1.6)),.T.,.PARAMETER.);
#3636 = LINE('',#3637,#3638);
#3637 = CARTESIAN_POINT('',(0.5,0.8,5.1E-02));
#3638 = VECTOR('',#3639,1.);
#3639 = DIRECTION('',(0.,-1.,0.));
#3640 = CARTESIAN_POINT('',(0.5,0.8,5.1E-02));
#3641 = CARTESIAN_POINT('',(0.5,-0.8,5.1E-02));
#3642 = GEOMETRIC_CURVE_SET('',(#3643));
#3643 = TRIMMED_CURVE('',#3644,(#3648,PARAMETER_VALUE(0.)),(#3649,
    PARAMETER_VALUE(1.)),.T.,.PARAMETER.);
#3644 = LINE('',#3645,#3646);
#3645 = CARTESIAN_POINT('',(-0.5,0.8,5.1E-02));
#3646 = VECTOR('',#3647,1.);
#3647 = DIRECTION('',(1.,0.,0.));
#3648 = CARTESIAN_POINT('',(-0.5,0.8,5.1E-02));
#3649 = CARTESIAN_POINT('',(0.5,0.8,5.1E-02));
#3650 = GEOMETRIC_CURVE_SET('',(#3651));
#3651 = TRIMMED_CURVE('',#3652,(#3656,PARAMETER_VALUE(0.)),(#3657,
    PARAMETER_VALUE(1.6)),.T.,.PARAMETER.);
#3652 = LINE('',#3653,#3654);
#3653 = CARTESIAN_POINT('',(-0.5,-0.8,5.1E-02));
#3654 = VECTOR('',#3655,1.);
#3655 = DIRECTION('',(0.,1.,0.));
#3656 = CARTESIAN_POINT('',(-0.5,-0.8,5.1E-02));
#3657 = CARTESIAN_POINT('',(-0.5,0.8,5.1E-02));
#3658 = GEOMETRIC_CURVE_SET('',(#3659));
#3659 = TRIMMED_CURVE('',#3660,(#3664,PARAMETER_VALUE(0.)),(#3665,
    PARAMETER_VALUE(1.)),.T.,.PARAMETER.);
#3660 = LINE('',#3661,#3662);
#3661 = CARTESIAN_POINT('',(0.5,-0.8,0.));
#3662 = VECTOR('',#3663,1.);
#3663 = DIRECTION('',(-1.,0.,0.));
#3664 = CARTESIAN_POINT('',(0.5,-0.8,0.));
#3665 = CARTESIAN_POINT('',(-0.5,-0.8,0.));
#3666 = GEOMETRIC_CURVE_SET('',(#3667));
#3667 = TRIMMED_CURVE('',#3668,(#3672,PARAMETER_VALUE(0.)),(#3673,
    PARAMETER_VALUE(5.1E-02)),.T.,.PARAMETER.);
#3668 = LINE('',#3669,#3670);
#3669 = CARTESIAN_POINT('',(0.5,-0.8,5.1E-02));
#3670 = VECTOR('',#3671,1.);
#3671 = DIRECTION('',(0.,0.,-1.));
#3672 = CARTESIAN_POINT('',(0.5,-0.8,5.1E-02));
#3673 = CARTESIAN_POINT('',(0.5,-0.8,0.));
#3674 = GEOMETRIC_CURVE_SET('',(#3675));
#3675 = TRIMMED_CURVE('',#3676,(#3680,PARAMETER_VALUE(0.)),(#3681,
    PARAMETER_VALUE(1.)),.T.,.PARAMETER.);
#3676 = LINE('',#3677,#3678);
#3677 = CARTESIAN_POINT('',(-0.5,-0.8,5.1E-02));
#3678 = VECTOR('',#3679,1.);
#3679 = DIRECTION('',(1.,0.,0.));
#3680 = CARTESIAN_POINT('',(-0.5,-0.8,5.1E-02));
#3681 = CARTESIAN_POINT('',(0.5,-0.8,5.1E-02));
#3682 = GEOMETRIC_CURVE_SET('',(#3683));
#3683 = TRIMMED_CURVE('',#3684,(#3688,PARAMETER_VALUE(0.)),(#3689,
    PARAMETER_VALUE(5.1E-02)),.T.,.PARAMETER.);
#3684 = LINE('',#3685,#3686);
#3685 = CARTESIAN_POINT('',(-0.5,-0.8,0.));
#3686 = VECTOR('',#3687,1.);
#3687 = DIRECTION('',(0.,0.,1.));
#3688 = CARTESIAN_POINT('',(-0.5,-0.8,0.));
#3689 = CARTESIAN_POINT('',(-0.5,-0.8,5.1E-02));
#3690 = GEOMETRIC_CURVE_SET('',(#3691));
#3691 = TRIMMED_CURVE('',#3692,(#3696,PARAMETER_VALUE(0.)),(#3697,
    PARAMETER_VALUE(1.6)),.T.,.PARAMETER.);
#3692 = LINE('',#3693,#3694);
#3693 = CARTESIAN_POINT('',(0.5,0.8,0.));
#3694 = VECTOR('',#3695,1.);
#3695 = DIRECTION('',(0.,-1.,0.));
#3696 = CARTESIAN_POINT('',(0.5,0.8,0.));
#3697 = CARTESIAN_POINT('',(0.5,-0.8,0.));
#3698 = GEOMETRIC_CURVE_SET('',(#3699));
#3699 = TRIMMED_CURVE('',#3700,(#3704,PARAMETER_VALUE(0.)),(#3705,
    PARAMETER_VALUE(5.1E-02)),.T.,.PARAMETER.);
#3700 = LINE('',#3701,#3702);
#3701 = CARTESIAN_POINT('',(0.5,0.8,5.1E-02));
#3702 = VECTOR('',#3703,1.);
#3703 = DIRECTION('',(0.,0.,-1.));
#3704 = CARTESIAN_POINT('',(0.5,0.8,5.1E-02));
#3705 = CARTESIAN_POINT('',(0.5,0.8,0.));
#3706 = GEOMETRIC_CURVE_SET('',(#3707));
#3707 = TRIMMED_CURVE('',#3708,(#3712,PARAMETER_VALUE(0.)),(#3713,
    PARAMETER_VALUE(1.6)),.T.,.PARAMETER.);
#3708 = LINE('',#3709,#3710);
#3709 = CARTESIAN_POINT('',(0.5,-0.8,5.1E-02));
#3710 = VECTOR('',#3711,1.);
#3711 = DIRECTION('',(0.,1.,0.));
#3712 = CARTESIAN_POINT('',(0.5,-0.8,5.1E-02));
#3713 = CARTESIAN_POINT('',(0.5,0.8,5.1E-02));
#3714 = GEOMETRIC_CURVE_SET('',(#3715));
#3715 = TRIMMED_CURVE('',#3716,(#3720,PARAMETER_VALUE(0.)),(#3721,
    PARAMETER_VALUE(5.1E-02)),.T.,.PARAMETER.);
#3716 = LINE('',#3717,#3718);
#3717 = CARTESIAN_POINT('',(0.5,-0.8,0.));
#3718 = VECTOR('',#3719,1.);
#3719 = DIRECTION('',(0.,0.,1.));
#3720 = CARTESIAN_POINT('',(0.5,-0.8,0.));
#3721 = CARTESIAN_POINT('',(0.5,-0.8,5.1E-02));
#3722 = GEOMETRIC_CURVE_SET('',(#3723));
#3723 = TRIMMED_CURVE('',#3724,(#3728,PARAMETER_VALUE(0.)),(#3729,
    PARAMETER_VALUE(1.)),.T.,.PARAMETER.);
#3724 = LINE('',#3725,#3726);
#3725 = CARTESIAN_POINT('',(-0.5,0.8,0.));
#3726 = VECTOR('',#3727,1.);
#3727 = DIRECTION('',(1.,0.,0.));
#3728 = CARTESIAN_POINT('',(-0.5,0.8,0.));
#3729 = CARTESIAN_POINT('',(0.5,0.8,0.));
#3730 = GEOMETRIC_CURVE_SET('',(#3731));
#3731 = TRIMMED_CURVE('',#3732,(#3736,PARAMETER_VALUE(0.)),(#3737,
    PARAMETER_VALUE(5.1E-02)),.T.,.PARAMETER.);
#3732 = LINE('',#3733,#3734);
#3733 = CARTESIAN_POINT('',(-0.5,0.8,5.1E-02));
#3734 = VECTOR('',#3735,1.);
#3735 = DIRECTION('',(0.,0.,-1.));
#3736 = CARTESIAN_POINT('',(-0.5,0.8,5.1E-02));
#3737 = CARTESIAN_POINT('',(-0.5,0.8,0.));
#3738 = GEOMETRIC_CURVE_SET('',(#3739));
#3739 = TRIMMED_CURVE('',#3740,(#3744,PARAMETER_VALUE(0.)),(#3745,
    PARAMETER_VALUE(1.)),.T.,.PARAMETER.);
#3740 = LINE('',#3741,#3742);
#3741 = CARTESIAN_POINT('',(0.5,0.8,5.1E-02));
#3742 = VECTOR('',#3743,1.);
#3743 = DIRECTION('',(-1.,0.,0.));
#3744 = CARTESIAN_POINT('',(0.5,0.8,5.1E-02));
#3745 = CARTESIAN_POINT('',(-0.5,0.8,5.1E-02));
#3746 = GEOMETRIC_CURVE_SET('',(#3747));
#3747 = TRIMMED_CURVE('',#3748,(#3752,PARAMETER_VALUE(0.)),(#3753,
    PARAMETER_VALUE(5.1E-02)),.T.,.PARAMETER.);
#3748 = LINE('',#3749,#3750);
#3749 = CARTESIAN_POINT('',(0.5,0.8,0.));
#3750 = VECTOR('',#3751,1.);
#3751 = DIRECTION('',(0.,0.,1.));
#3752 = CARTESIAN_POINT('',(0.5,0.8,0.));
#3753 = CARTESIAN_POINT('',(0.5,0.8,5.1E-02));
#3754 = GEOMETRIC_CURVE_SET('',(#3755));
#3755 = TRIMMED_CURVE('',#3756,(#3760,PARAMETER_VALUE(0.)),(#3761,
    PARAMETER_VALUE(1.6)),.T.,.PARAMETER.);
#3756 = LINE('',#3757,#3758);
#3757 = CARTESIAN_POINT('',(-0.5,-0.8,0.));
#3758 = VECTOR('',#3759,1.);
#3759 = DIRECTION('',(0.,1.,0.));
#3760 = CARTESIAN_POINT('',(-0.5,-0.8,0.));
#3761 = CARTESIAN_POINT('',(-0.5,0.8,0.));
#3762 = GEOMETRIC_CURVE_SET('',(#3763));
#3763 = TRIMMED_CURVE('',#3764,(#3768,PARAMETER_VALUE(0.)),(#3769,
    PARAMETER_VALUE(5.1E-02)),.T.,.PARAMETER.);
#3764 = LINE('',#3765,#3766);
#3765 = CARTESIAN_POINT('',(-0.5,-0.8,5.1E-02));
#3766 = VECTOR('',#3767,1.);
#3767 = DIRECTION('',(0.,0.,-1.));
#3768 = CARTESIAN_POINT('',(-0.5,-0.8,5.1E-02));
#3769 = CARTESIAN_POINT('',(-0.5,-0.8,0.));
#3770 = GEOMETRIC_CURVE_SET('',(#3771));
#3771 = TRIMMED_CURVE('',#3772,(#3776,PARAMETER_VALUE(0.)),(#3777,
    PARAMETER_VALUE(1.6)),.T.,.PARAMETER.);
#3772 = LINE('',#3773,#3774);
#3773 = CARTESIAN_POINT('',(-0.5,0.8,5.1E-02));
#3774 = VECTOR('',#3775,1.);
#3775 = DIRECTION('',(0.,-1.,0.));
#3776 = CARTESIAN_POINT('',(-0.5,0.8,5.1E-02));
#3777 = CARTESIAN_POINT('',(-0.5,-0.8,5.1E-02));
#3778 = GEOMETRIC_CURVE_SET('',(#3779));
#3779 = TRIMMED_CURVE('',#3780,(#3784,PARAMETER_VALUE(0.)),(#3785,
    PARAMETER_VALUE(5.1E-02)),.T.,.PARAMETER.);
#3780 = LINE('',#3781,#3782);
#3781 = CARTESIAN_POINT('',(-0.5,0.8,0.));
#3782 = VECTOR('',#3783,1.);
#3783 = DIRECTION('',(0.,0.,1.));
#3784 = CARTESIAN_POINT('',(-0.5,0.8,0.));
#3785 = CARTESIAN_POINT('',(-0.5,0.8,5.1E-02));
#3786 = GEOMETRIC_CURVE_SET('',(#3787));
#3787 = TRIMMED_CURVE('',#3788,(#3792,PARAMETER_VALUE(0.)),(#3793,
    PARAMETER_VALUE(0.425)),.T.,.PARAMETER.);
#3788 = LINE('',#3789,#3790);
#3789 = CARTESIAN_POINT('',(0.575,0.825,0.));
#3790 = VECTOR('',#3791,1.);
#3791 = DIRECTION('',(1.,0.,0.));
#3792 = CARTESIAN_POINT('',(0.575,0.825,0.));
#3793 = CARTESIAN_POINT('',(1.,0.825,0.));
#3794 = GEOMETRIC_CURVE_SET('',(#3795));
#3795 = TRIMMED_CURVE('',#3796,(#3800,PARAMETER_VALUE(0.)),(#3801,
    PARAMETER_VALUE(5.1E-02)),.T.,.PARAMETER.);
#3796 = LINE('',#3797,#3798);
#3797 = CARTESIAN_POINT('',(0.575,0.825,5.1E-02));
#3798 = VECTOR('',#3799,1.);
#3799 = DIRECTION('',(0.,0.,-1.));
#3800 = CARTESIAN_POINT('',(0.575,0.825,5.1E-02));
#3801 = CARTESIAN_POINT('',(0.575,0.825,0.));
#3802 = GEOMETRIC_CURVE_SET('',(#3803));
#3803 = TRIMMED_CURVE('',#3804,(#3808,PARAMETER_VALUE(0.)),(#3809,
    PARAMETER_VALUE(0.374)),.T.,.PARAMETER.);
#3804 = LINE('',#3805,#3806);
#3805 = CARTESIAN_POINT('',(0.949,0.825,5.1E-02));
#3806 = VECTOR('',#3807,1.);
#3807 = DIRECTION('',(-1.,0.,0.));
#3808 = CARTESIAN_POINT('',(0.949,0.825,5.1E-02));
#3809 = CARTESIAN_POINT('',(0.575,0.825,5.1E-02));
#3810 = GEOMETRIC_CURVE_SET('',(#3811));
#3811 = TRIMMED_CURVE('',#3812,(#3816,PARAMETER_VALUE(0.)),(#3817,
    PARAMETER_VALUE(1.E-03)),.T.,.PARAMETER.);
#3812 = LINE('',#3813,#3814);
#3813 = CARTESIAN_POINT('',(0.949,0.825,5.E-02));
#3814 = VECTOR('',#3815,1.);
#3815 = DIRECTION('',(0.,0.,1.));
#3816 = CARTESIAN_POINT('',(0.949,0.825,5.E-02));
#3817 = CARTESIAN_POINT('',(0.949,0.825,5.1E-02));
#3818 = GEOMETRIC_CURVE_SET('',(#3819));
#3819 = TRIMMED_CURVE('',#3820,(#3824,PARAMETER_VALUE(0.)),(#3825,
    PARAMETER_VALUE(5.1E-02)),.T.,.PARAMETER.);
#3820 = LINE('',#3821,#3822);
#3821 = CARTESIAN_POINT('',(1.,0.825,5.E-02));
#3822 = VECTOR('',#3823,1.);
#3823 = DIRECTION('',(-1.,0.,0.));
#3824 = CARTESIAN_POINT('',(1.,0.825,5.E-02));
#3825 = CARTESIAN_POINT('',(0.949,0.825,5.E-02));
#3826 = GEOMETRIC_CURVE_SET('',(#3827));
#3827 = TRIMMED_CURVE('',#3828,(#3832,PARAMETER_VALUE(0.)),(#3833,
    PARAMETER_VALUE(5.E-02)),.T.,.PARAMETER.);
#3828 = LINE('',#3829,#3830);
#3829 = CARTESIAN_POINT('',(1.,0.825,0.));
#3830 = VECTOR('',#3831,1.);
#3831 = DIRECTION('',(0.,0.,1.));
#3832 = CARTESIAN_POINT('',(1.,0.825,0.));
#3833 = CARTESIAN_POINT('',(1.,0.825,5.E-02));
#3834 = GEOMETRIC_CURVE_SET('',(#3835));
#3835 = TRIMMED_CURVE('',#3836,(#3840,PARAMETER_VALUE(0.)),(#3841,
    PARAMETER_VALUE(0.425)),.T.,.PARAMETER.);
#3836 = LINE('',#3837,#3838);
#3837 = CARTESIAN_POINT('',(1.,0.475,0.));
#3838 = VECTOR('',#3839,1.);
#3839 = DIRECTION('',(-1.,0.,0.));
#3840 = CARTESIAN_POINT('',(1.,0.475,0.));
#3841 = CARTESIAN_POINT('',(0.575,0.475,0.));
#3842 = GEOMETRIC_CURVE_SET('',(#3843));
#3843 = TRIMMED_CURVE('',#3844,(#3848,PARAMETER_VALUE(0.)),(#3849,
    PARAMETER_VALUE(5.E-02)),.T.,.PARAMETER.);
#3844 = LINE('',#3845,#3846);
#3845 = CARTESIAN_POINT('',(1.,0.475,5.E-02));
#3846 = VECTOR('',#3847,1.);
#3847 = DIRECTION('',(0.,0.,-1.));
#3848 = CARTESIAN_POINT('',(1.,0.475,5.E-02));
#3849 = CARTESIAN_POINT('',(1.,0.475,0.));
#3850 = GEOMETRIC_CURVE_SET('',(#3851));
#3851 = TRIMMED_CURVE('',#3852,(#3856,PARAMETER_VALUE(0.)),(#3857,
    PARAMETER_VALUE(5.1E-02)),.T.,.PARAMETER.);
#3852 = LINE('',#3853,#3854);
#3853 = CARTESIAN_POINT('',(0.949,0.475,5.E-02));
#3854 = VECTOR('',#3855,1.);
#3855 = DIRECTION('',(1.,0.,0.));
#3856 = CARTESIAN_POINT('',(0.949,0.475,5.E-02));
#3857 = CARTESIAN_POINT('',(1.,0.475,5.E-02));
#3858 = GEOMETRIC_CURVE_SET('',(#3859));
#3859 = TRIMMED_CURVE('',#3860,(#3864,PARAMETER_VALUE(0.)),(#3865,
    PARAMETER_VALUE(1.E-03)),.T.,.PARAMETER.);
#3860 = LINE('',#3861,#3862);
#3861 = CARTESIAN_POINT('',(0.949,0.475,5.1E-02));
#3862 = VECTOR('',#3863,1.);
#3863 = DIRECTION('',(0.,0.,-1.));
#3864 = CARTESIAN_POINT('',(0.949,0.475,5.1E-02));
#3865 = CARTESIAN_POINT('',(0.949,0.475,5.E-02));
#3866 = GEOMETRIC_CURVE_SET('',(#3867));
#3867 = TRIMMED_CURVE('',#3868,(#3872,PARAMETER_VALUE(0.)),(#3873,
    PARAMETER_VALUE(0.374)),.T.,.PARAMETER.);
#3868 = LINE('',#3869,#3870);
#3869 = CARTESIAN_POINT('',(0.575,0.475,5.1E-02));
#3870 = VECTOR('',#3871,1.);
#3871 = DIRECTION('',(1.,0.,0.));
#3872 = CARTESIAN_POINT('',(0.575,0.475,5.1E-02));
#3873 = CARTESIAN_POINT('',(0.949,0.475,5.1E-02));
#3874 = GEOMETRIC_CURVE_SET('',(#3875));
#3875 = TRIMMED_CURVE('',#3876,(#3880,PARAMETER_VALUE(0.)),(#3881,
    PARAMETER_VALUE(5.1E-02)),.T.,.PARAMETER.);
#3876 = LINE('',#3877,#3878);
#3877 = CARTESIAN_POINT('',(0.575,0.475,0.));
#3878 = VECTOR('',#3879,1.);
#3879 = DIRECTION('',(0.,0.,1.));
#3880 = CARTESIAN_POINT('',(0.575,0.475,0.));
#3881 = CARTESIAN_POINT('',(0.575,0.475,5.1E-02));
#3882 = GEOMETRIC_CURVE_SET('',(#3883));
#3883 = TRIMMED_CURVE('',#3884,(#3888,PARAMETER_VALUE(0.)),(#3889,
    PARAMETER_VALUE(5.1E-02)),.T.,.PARAMETER.);
#3884 = LINE('',#3885,#3886);
#3885 = CARTESIAN_POINT('',(0.949,0.825,5.E-02));
#3886 = VECTOR('',#3887,1.);
#3887 = DIRECTION('',(1.,0.,0.));
#3888 = CARTESIAN_POINT('',(0.949,0.825,5.E-02));
#3889 = CARTESIAN_POINT('',(1.,0.825,5.E-02));
#3890 = GEOMETRIC_CURVE_SET('',(#3891));
#3891 = TRIMMED_CURVE('',#3892,(#3896,PARAMETER_VALUE(0.)),(#3897,
    PARAMETER_VALUE(0.35)),.T.,.PARAMETER.);
#3892 = LINE('',#3893,#3894);
#3893 = CARTESIAN_POINT('',(0.949,0.475,5.E-02));
#3894 = VECTOR('',#3895,1.);
#3895 = DIRECTION('',(0.,1.,0.));
#3896 = CARTESIAN_POINT('',(0.949,0.475,5.E-02));
#3897 = CARTESIAN_POINT('',(0.949,0.825,5.E-02));
#3898 = GEOMETRIC_CURVE_SET('',(#3899));
#3899 = TRIMMED_CURVE('',#3900,(#3904,PARAMETER_VALUE(0.)),(#3905,
    PARAMETER_VALUE(5.1E-02)),.T.,.PARAMETER.);
#3900 = LINE('',#3901,#3902);
#3901 = CARTESIAN_POINT('',(1.,0.475,5.E-02));
#3902 = VECTOR('',#3903,1.);
#3903 = DIRECTION('',(-1.,0.,0.));
#3904 = CARTESIAN_POINT('',(1.,0.475,5.E-02));
#3905 = CARTESIAN_POINT('',(0.949,0.475,5.E-02));
#3906 = GEOMETRIC_CURVE_SET('',(#3907));
#3907 = TRIMMED_CURVE('',#3908,(#3912,PARAMETER_VALUE(0.)),(#3913,
    PARAMETER_VALUE(0.35)),.T.,.PARAMETER.);
#3908 = LINE('',#3909,#3910);
#3909 = CARTESIAN_POINT('',(1.,0.825,5.E-02));
#3910 = VECTOR('',#3911,1.);
#3911 = DIRECTION('',(0.,-1.,0.));
#3912 = CARTESIAN_POINT('',(1.,0.825,5.E-02));
#3913 = CARTESIAN_POINT('',(1.,0.475,5.E-02));
#3914 = GEOMETRIC_CURVE_SET('',(#3915));
#3915 = TRIMMED_CURVE('',#3916,(#3920,PARAMETER_VALUE(0.)),(#3921,
    PARAMETER_VALUE(0.374)),.T.,.PARAMETER.);
#3916 = LINE('',#3917,#3918);
#3917 = CARTESIAN_POINT('',(0.575,0.825,5.1E-02));
#3918 = VECTOR('',#3919,1.);
#3919 = DIRECTION('',(1.,0.,0.));
#3920 = CARTESIAN_POINT('',(0.575,0.825,5.1E-02));
#3921 = CARTESIAN_POINT('',(0.949,0.825,5.1E-02));
#3922 = GEOMETRIC_CURVE_SET('',(#3923));
#3923 = TRIMMED_CURVE('',#3924,(#3928,PARAMETER_VALUE(0.)),(#3929,
    PARAMETER_VALUE(0.35)),.T.,.PARAMETER.);
#3924 = LINE('',#3925,#3926);
#3925 = CARTESIAN_POINT('',(0.575,0.475,5.1E-02));
#3926 = VECTOR('',#3927,1.);
#3927 = DIRECTION('',(0.,1.,0.));
#3928 = CARTESIAN_POINT('',(0.575,0.475,5.1E-02));
#3929 = CARTESIAN_POINT('',(0.575,0.825,5.1E-02));
#3930 = GEOMETRIC_CURVE_SET('',(#3931));
#3931 = TRIMMED_CURVE('',#3932,(#3936,PARAMETER_VALUE(0.)),(#3937,
    PARAMETER_VALUE(0.374)),.T.,.PARAMETER.);
#3932 = LINE('',#3933,#3934);
#3933 = CARTESIAN_POINT('',(0.949,0.475,5.1E-02));
#3934 = VECTOR('',#3935,1.);
#3935 = DIRECTION('',(-1.,0.,0.));
#3936 = CARTESIAN_POINT('',(0.949,0.475,5.1E-02));
#3937 = CARTESIAN_POINT('',(0.575,0.475,5.1E-02));
#3938 = GEOMETRIC_CURVE_SET('',(#3939));
#3939 = TRIMMED_CURVE('',#3940,(#3944,PARAMETER_VALUE(0.)),(#3945,
    PARAMETER_VALUE(0.35)),.T.,.PARAMETER.);
#3940 = LINE('',#3941,#3942);
#3941 = CARTESIAN_POINT('',(0.949,0.825,5.1E-02));
#3942 = VECTOR('',#3943,1.);
#3943 = DIRECTION('',(0.,-1.,0.));
#3944 = CARTESIAN_POINT('',(0.949,0.825,5.1E-02));
#3945 = CARTESIAN_POINT('',(0.949,0.475,5.1E-02));
#3946 = GEOMETRIC_CURVE_SET('',(#3947));
#3947 = TRIMMED_CURVE('',#3948,(#3952,PARAMETER_VALUE(0.)),(#3953,
    PARAMETER_VALUE(0.35)),.T.,.PARAMETER.);
#3948 = LINE('',#3949,#3950);
#3949 = CARTESIAN_POINT('',(1.,0.825,0.));
#3950 = VECTOR('',#3951,1.);
#3951 = DIRECTION('',(0.,-1.,0.));
#3952 = CARTESIAN_POINT('',(1.,0.825,0.));
#3953 = CARTESIAN_POINT('',(1.,0.475,0.));
#3954 = GEOMETRIC_CURVE_SET('',(#3955));
#3955 = TRIMMED_CURVE('',#3956,(#3960,PARAMETER_VALUE(0.)),(#3961,
    PARAMETER_VALUE(5.E-02)),.T.,.PARAMETER.);
#3956 = LINE('',#3957,#3958);
#3957 = CARTESIAN_POINT('',(1.,0.825,5.E-02));
#3958 = VECTOR('',#3959,1.);
#3959 = DIRECTION('',(0.,0.,-1.));
#3960 = CARTESIAN_POINT('',(1.,0.825,5.E-02));
#3961 = CARTESIAN_POINT('',(1.,0.825,0.));
#3962 = GEOMETRIC_CURVE_SET('',(#3963));
#3963 = TRIMMED_CURVE('',#3964,(#3968,PARAMETER_VALUE(0.)),(#3969,
    PARAMETER_VALUE(0.35)),.T.,.PARAMETER.);
#3964 = LINE('',#3965,#3966);
#3965 = CARTESIAN_POINT('',(1.,0.475,5.E-02));
#3966 = VECTOR('',#3967,1.);
#3967 = DIRECTION('',(0.,1.,0.));
#3968 = CARTESIAN_POINT('',(1.,0.475,5.E-02));
#3969 = CARTESIAN_POINT('',(1.,0.825,5.E-02));
#3970 = GEOMETRIC_CURVE_SET('',(#3971));
#3971 = TRIMMED_CURVE('',#3972,(#3976,PARAMETER_VALUE(0.)),(#3977,
    PARAMETER_VALUE(5.E-02)),.T.,.PARAMETER.);
#3972 = LINE('',#3973,#3974);
#3973 = CARTESIAN_POINT('',(1.,0.475,0.));
#3974 = VECTOR('',#3975,1.);
#3975 = DIRECTION('',(0.,0.,1.));
#3976 = CARTESIAN_POINT('',(1.,0.475,0.));
#3977 = CARTESIAN_POINT('',(1.,0.475,5.E-02));
#3978 = GEOMETRIC_CURVE_SET('',(#3979));
#3979 = TRIMMED_CURVE('',#3980,(#3984,PARAMETER_VALUE(0.)),(#3985,
    PARAMETER_VALUE(0.35)),.T.,.PARAMETER.);
#3980 = LINE('',#3981,#3982);
#3981 = CARTESIAN_POINT('',(0.575,0.475,0.));
#3982 = VECTOR('',#3983,1.);
#3983 = DIRECTION('',(0.,1.,0.));
#3984 = CARTESIAN_POINT('',(0.575,0.475,0.));
#3985 = CARTESIAN_POINT('',(0.575,0.825,0.));
#3986 = GEOMETRIC_CURVE_SET('',(#3987));
#3987 = TRIMMED_CURVE('',#3988,(#3992,PARAMETER_VALUE(0.)),(#3993,
    PARAMETER_VALUE(5.1E-02)),.T.,.PARAMETER.);
#3988 = LINE('',#3989,#3990);
#3989 = CARTESIAN_POINT('',(0.575,0.475,5.1E-02));
#3990 = VECTOR('',#3991,1.);
#3991 = DIRECTION('',(0.,0.,-1.));
#3992 = CARTESIAN_POINT('',(0.575,0.475,5.1E-02));
#3993 = CARTESIAN_POINT('',(0.575,0.475,0.));
#3994 = GEOMETRIC_CURVE_SET('',(#3995));
#3995 = TRIMMED_CURVE('',#3996,(#4000,PARAMETER_VALUE(0.)),(#4001,
    PARAMETER_VALUE(0.35)),.T.,.PARAMETER.);
#3996 = LINE('',#3997,#3998);
#3997 = CARTESIAN_POINT('',(0.575,0.825,5.1E-02));
#3998 = VECTOR('',#3999,1.);
#3999 = DIRECTION('',(0.,-1.,0.));
#4000 = CARTESIAN_POINT('',(0.575,0.825,5.1E-02));
#4001 = CARTESIAN_POINT('',(0.575,0.475,5.1E-02));
#4002 = GEOMETRIC_CURVE_SET('',(#4003));
#4003 = TRIMMED_CURVE('',#4004,(#4008,PARAMETER_VALUE(0.)),(#4009,
    PARAMETER_VALUE(5.1E-02)),.T.,.PARAMETER.);
#4004 = LINE('',#4005,#4006);
#4005 = CARTESIAN_POINT('',(0.575,0.825,0.));
#4006 = VECTOR('',#4007,1.);
#4007 = DIRECTION('',(0.,0.,1.));
#4008 = CARTESIAN_POINT('',(0.575,0.825,0.));
#4009 = CARTESIAN_POINT('',(0.575,0.825,5.1E-02));
#4010 = GEOMETRIC_CURVE_SET('',(#4011));
#4011 = TRIMMED_CURVE('',#4012,(#4016,PARAMETER_VALUE(0.)),(#4017,
    PARAMETER_VALUE(0.35)),.T.,.PARAMETER.);
#4012 = LINE('',#4013,#4014);
#4013 = CARTESIAN_POINT('',(0.949,0.475,5.1E-02));
#4014 = VECTOR('',#4015,1.);
#4015 = DIRECTION('',(0.,1.,0.));
#4016 = CARTESIAN_POINT('',(0.949,0.475,5.1E-02));
#4017 = CARTESIAN_POINT('',(0.949,0.825,5.1E-02));
#4018 = GEOMETRIC_CURVE_SET('',(#4019));
#4019 = TRIMMED_CURVE('',#4020,(#4024,PARAMETER_VALUE(0.)),(#4025,
    PARAMETER_VALUE(1.E-03)),.T.,.PARAMETER.);
#4020 = LINE('',#4021,#4022);
#4021 = CARTESIAN_POINT('',(0.949,0.475,5.E-02));
#4022 = VECTOR('',#4023,1.);
#4023 = DIRECTION('',(0.,0.,1.));
#4024 = CARTESIAN_POINT('',(0.949,0.475,5.E-02));
#4025 = CARTESIAN_POINT('',(0.949,0.475,5.1E-02));
#4026 = GEOMETRIC_CURVE_SET('',(#4027));
#4027 = TRIMMED_CURVE('',#4028,(#4032,PARAMETER_VALUE(0.)),(#4033,
    PARAMETER_VALUE(0.35)),.T.,.PARAMETER.);
#4028 = LINE('',#4029,#4030);
#4029 = CARTESIAN_POINT('',(0.949,0.825,5.E-02));
#4030 = VECTOR('',#4031,1.);
#4031 = DIRECTION('',(0.,-1.,0.));
#4032 = CARTESIAN_POINT('',(0.949,0.825,5.E-02));
#4033 = CARTESIAN_POINT('',(0.949,0.475,5.E-02));
#4034 = GEOMETRIC_CURVE_SET('',(#4035));
#4035 = TRIMMED_CURVE('',#4036,(#4040,PARAMETER_VALUE(0.)),(#4041,
    PARAMETER_VALUE(1.E-03)),.T.,.PARAMETER.);
#4036 = LINE('',#4037,#4038);
#4037 = CARTESIAN_POINT('',(0.949,0.825,5.1E-02));
#4038 = VECTOR('',#4039,1.);
#4039 = DIRECTION('',(0.,0.,-1.));
#4040 = CARTESIAN_POINT('',(0.949,0.825,5.1E-02));
#4041 = CARTESIAN_POINT('',(0.949,0.825,5.E-02));
#4042 = GEOMETRIC_CURVE_SET('',(#4043));
#4043 = TRIMMED_CURVE('',#4044,(#4048,PARAMETER_VALUE(0.)),(#4049,
    PARAMETER_VALUE(0.425)),.T.,.PARAMETER.);
#4044 = LINE('',#4045,#4046);
#4045 = CARTESIAN_POINT('',(0.575,0.475,0.));
#4046 = VECTOR('',#4047,1.);
#4047 = DIRECTION('',(1.,0.,0.));
#4048 = CARTESIAN_POINT('',(0.575,0.475,0.));
#4049 = CARTESIAN_POINT('',(1.,0.475,0.));
#4050 = GEOMETRIC_CURVE_SET('',(#4051));
#4051 = TRIMMED_CURVE('',#4052,(#4056,PARAMETER_VALUE(0.)),(#4057,
    PARAMETER_VALUE(0.35)),.T.,.PARAMETER.);
#4052 = LINE('',#4053,#4054);
#4053 = CARTESIAN_POINT('',(0.575,0.825,0.));
#4054 = VECTOR('',#4055,1.);
#4055 = DIRECTION('',(0.,-1.,0.));
#4056 = CARTESIAN_POINT('',(0.575,0.825,0.));
#4057 = CARTESIAN_POINT('',(0.575,0.475,0.));
#4058 = GEOMETRIC_CURVE_SET('',(#4059));
#4059 = TRIMMED_CURVE('',#4060,(#4064,PARAMETER_VALUE(0.)),(#4065,
    PARAMETER_VALUE(0.425)),.T.,.PARAMETER.);
#4060 = LINE('',#4061,#4062);
#4061 = CARTESIAN_POINT('',(1.,0.825,0.));
#4062 = VECTOR('',#4063,1.);
#4063 = DIRECTION('',(-1.,0.,0.));
#4064 = CARTESIAN_POINT('',(1.,0.825,0.));
#4065 = CARTESIAN_POINT('',(0.575,0.825,0.));
#4066 = GEOMETRIC_CURVE_SET('',(#4067));
#4067 = TRIMMED_CURVE('',#4068,(#4072,PARAMETER_VALUE(0.)),(#4073,
    PARAMETER_VALUE(0.35)),.T.,.PARAMETER.);
#4068 = LINE('',#4069,#4070);
#4069 = CARTESIAN_POINT('',(1.,0.475,0.));
#4070 = VECTOR('',#4071,1.);
#4071 = DIRECTION('',(0.,1.,0.));
#4072 = CARTESIAN_POINT('',(1.,0.475,0.));
#4073 = CARTESIAN_POINT('',(1.,0.825,0.));
#4074 = GEOMETRIC_CURVE_SET('',(#4075));
#4075 = TRIMMED_CURVE('',#4076,(#4080,PARAMETER_VALUE(0.)),(#4081,
    PARAMETER_VALUE(0.425)),.T.,.PARAMETER.);
#4076 = LINE('',#4077,#4078);
#4077 = CARTESIAN_POINT('',(0.575,0.175,0.));
#4078 = VECTOR('',#4079,1.);
#4079 = DIRECTION('',(1.,0.,0.));
#4080 = CARTESIAN_POINT('',(0.575,0.175,0.));
#4081 = CARTESIAN_POINT('',(1.,0.175,0.));
#4082 = GEOMETRIC_CURVE_SET('',(#4083));
#4083 = TRIMMED_CURVE('',#4084,(#4088,PARAMETER_VALUE(0.)),(#4089,
    PARAMETER_VALUE(5.1E-02)),.T.,.PARAMETER.);
#4084 = LINE('',#4085,#4086);
#4085 = CARTESIAN_POINT('',(0.575,0.175,5.1E-02));
#4086 = VECTOR('',#4087,1.);
#4087 = DIRECTION('',(0.,0.,-1.));
#4088 = CARTESIAN_POINT('',(0.575,0.175,5.1E-02));
#4089 = CARTESIAN_POINT('',(0.575,0.175,0.));
#4090 = GEOMETRIC_CURVE_SET('',(#4091));
#4091 = TRIMMED_CURVE('',#4092,(#4096,PARAMETER_VALUE(0.)),(#4097,
    PARAMETER_VALUE(0.374)),.T.,.PARAMETER.);
#4092 = LINE('',#4093,#4094);
#4093 = CARTESIAN_POINT('',(0.949,0.175,5.1E-02));
#4094 = VECTOR('',#4095,1.);
#4095 = DIRECTION('',(-1.,0.,0.));
#4096 = CARTESIAN_POINT('',(0.949,0.175,5.1E-02));
#4097 = CARTESIAN_POINT('',(0.575,0.175,5.1E-02));
#4098 = GEOMETRIC_CURVE_SET('',(#4099));
#4099 = TRIMMED_CURVE('',#4100,(#4104,PARAMETER_VALUE(0.)),(#4105,
    PARAMETER_VALUE(1.E-03)),.T.,.PARAMETER.);
#4100 = LINE('',#4101,#4102);
#4101 = CARTESIAN_POINT('',(0.949,0.175,5.E-02));
#4102 = VECTOR('',#4103,1.);
#4103 = DIRECTION('',(0.,0.,1.));
#4104 = CARTESIAN_POINT('',(0.949,0.175,5.E-02));
#4105 = CARTESIAN_POINT('',(0.949,0.175,5.1E-02));
#4106 = GEOMETRIC_CURVE_SET('',(#4107));
#4107 = TRIMMED_CURVE('',#4108,(#4112,PARAMETER_VALUE(0.)),(#4113,
    PARAMETER_VALUE(5.1E-02)),.T.,.PARAMETER.);
#4108 = LINE('',#4109,#4110);
#4109 = CARTESIAN_POINT('',(1.,0.175,5.E-02));
#4110 = VECTOR('',#4111,1.);
#4111 = DIRECTION('',(-1.,0.,0.));
#4112 = CARTESIAN_POINT('',(1.,0.175,5.E-02));
#4113 = CARTESIAN_POINT('',(0.949,0.175,5.E-02));
#4114 = GEOMETRIC_CURVE_SET('',(#4115));
#4115 = TRIMMED_CURVE('',#4116,(#4120,PARAMETER_VALUE(0.)),(#4121,
    PARAMETER_VALUE(5.E-02)),.T.,.PARAMETER.);
#4116 = LINE('',#4117,#4118);
#4117 = CARTESIAN_POINT('',(1.,0.175,0.));
#4118 = VECTOR('',#4119,1.);
#4119 = DIRECTION('',(0.,0.,1.));
#4120 = CARTESIAN_POINT('',(1.,0.175,0.));
#4121 = CARTESIAN_POINT('',(1.,0.175,5.E-02));
#4122 = GEOMETRIC_CURVE_SET('',(#4123));
#4123 = TRIMMED_CURVE('',#4124,(#4128,PARAMETER_VALUE(0.)),(#4129,
    PARAMETER_VALUE(0.425)),.T.,.PARAMETER.);
#4124 = LINE('',#4125,#4126);
#4125 = CARTESIAN_POINT('',(1.,-0.175,0.));
#4126 = VECTOR('',#4127,1.);
#4127 = DIRECTION('',(-1.,0.,0.));
#4128 = CARTESIAN_POINT('',(1.,-0.175,0.));
#4129 = CARTESIAN_POINT('',(0.575,-0.175,0.));
#4130 = GEOMETRIC_CURVE_SET('',(#4131));
#4131 = TRIMMED_CURVE('',#4132,(#4136,PARAMETER_VALUE(0.)),(#4137,
    PARAMETER_VALUE(5.E-02)),.T.,.PARAMETER.);
#4132 = LINE('',#4133,#4134);
#4133 = CARTESIAN_POINT('',(1.,-0.175,5.E-02));
#4134 = VECTOR('',#4135,1.);
#4135 = DIRECTION('',(0.,0.,-1.));
#4136 = CARTESIAN_POINT('',(1.,-0.175,5.E-02));
#4137 = CARTESIAN_POINT('',(1.,-0.175,0.));
#4138 = GEOMETRIC_CURVE_SET('',(#4139));
#4139 = TRIMMED_CURVE('',#4140,(#4144,PARAMETER_VALUE(0.)),(#4145,
    PARAMETER_VALUE(5.1E-02)),.T.,.PARAMETER.);
#4140 = LINE('',#4141,#4142);
#4141 = CARTESIAN_POINT('',(0.949,-0.175,5.E-02));
#4142 = VECTOR('',#4143,1.);
#4143 = DIRECTION('',(1.,0.,0.));
#4144 = CARTESIAN_POINT('',(0.949,-0.175,5.E-02));
#4145 = CARTESIAN_POINT('',(1.,-0.175,5.E-02));
#4146 = GEOMETRIC_CURVE_SET('',(#4147));
#4147 = TRIMMED_CURVE('',#4148,(#4152,PARAMETER_VALUE(0.)),(#4153,
    PARAMETER_VALUE(1.E-03)),.T.,.PARAMETER.);
#4148 = LINE('',#4149,#4150);
#4149 = CARTESIAN_POINT('',(0.949,-0.175,5.1E-02));
#4150 = VECTOR('',#4151,1.);
#4151 = DIRECTION('',(0.,0.,-1.));
#4152 = CARTESIAN_POINT('',(0.949,-0.175,5.1E-02));
#4153 = CARTESIAN_POINT('',(0.949,-0.175,5.E-02));
#4154 = GEOMETRIC_CURVE_SET('',(#4155));
#4155 = TRIMMED_CURVE('',#4156,(#4160,PARAMETER_VALUE(0.)),(#4161,
    PARAMETER_VALUE(0.374)),.T.,.PARAMETER.);
#4156 = LINE('',#4157,#4158);
#4157 = CARTESIAN_POINT('',(0.575,-0.175,5.1E-02));
#4158 = VECTOR('',#4159,1.);
#4159 = DIRECTION('',(1.,0.,0.));
#4160 = CARTESIAN_POINT('',(0.575,-0.175,5.1E-02));
#4161 = CARTESIAN_POINT('',(0.949,-0.175,5.1E-02));
#4162 = GEOMETRIC_CURVE_SET('',(#4163));
#4163 = TRIMMED_CURVE('',#4164,(#4168,PARAMETER_VALUE(0.)),(#4169,
    PARAMETER_VALUE(5.1E-02)),.T.,.PARAMETER.);
#4164 = LINE('',#4165,#4166);
#4165 = CARTESIAN_POINT('',(0.575,-0.175,0.));
#4166 = VECTOR('',#4167,1.);
#4167 = DIRECTION('',(0.,0.,1.));
#4168 = CARTESIAN_POINT('',(0.575,-0.175,0.));
#4169 = CARTESIAN_POINT('',(0.575,-0.175,5.1E-02));
#4170 = GEOMETRIC_CURVE_SET('',(#4171));
#4171 = TRIMMED_CURVE('',#4172,(#4176,PARAMETER_VALUE(0.)),(#4177,
    PARAMETER_VALUE(5.1E-02)),.T.,.PARAMETER.);
#4172 = LINE('',#4173,#4174);
#4173 = CARTESIAN_POINT('',(0.949,0.175,5.E-02));
#4174 = VECTOR('',#4175,1.);
#4175 = DIRECTION('',(1.,0.,0.));
#4176 = CARTESIAN_POINT('',(0.949,0.175,5.E-02));
#4177 = CARTESIAN_POINT('',(1.,0.175,5.E-02));
#4178 = GEOMETRIC_CURVE_SET('',(#4179));
#4179 = TRIMMED_CURVE('',#4180,(#4184,PARAMETER_VALUE(0.)),(#4185,
    PARAMETER_VALUE(0.35)),.T.,.PARAMETER.);
#4180 = LINE('',#4181,#4182);
#4181 = CARTESIAN_POINT('',(0.949,-0.175,5.E-02));
#4182 = VECTOR('',#4183,1.);
#4183 = DIRECTION('',(0.,1.,0.));
#4184 = CARTESIAN_POINT('',(0.949,-0.175,5.E-02));
#4185 = CARTESIAN_POINT('',(0.949,0.175,5.E-02));
#4186 = GEOMETRIC_CURVE_SET('',(#4187));
#4187 = TRIMMED_CURVE('',#4188,(#4192,PARAMETER_VALUE(0.)),(#4193,
    PARAMETER_VALUE(5.1E-02)),.T.,.PARAMETER.);
#4188 = LINE('',#4189,#4190);
#4189 = CARTESIAN_POINT('',(1.,-0.175,5.E-02));
#4190 = VECTOR('',#4191,1.);
#4191 = DIRECTION('',(-1.,0.,0.));
#4192 = CARTESIAN_POINT('',(1.,-0.175,5.E-02));
#4193 = CARTESIAN_POINT('',(0.949,-0.175,5.E-02));
#4194 = GEOMETRIC_CURVE_SET('',(#4195));
#4195 = TRIMMED_CURVE('',#4196,(#4200,PARAMETER_VALUE(0.)),(#4201,
    PARAMETER_VALUE(0.35)),.T.,.PARAMETER.);
#4196 = LINE('',#4197,#4198);
#4197 = CARTESIAN_POINT('',(1.,0.175,5.E-02));
#4198 = VECTOR('',#4199,1.);
#4199 = DIRECTION('',(0.,-1.,0.));
#4200 = CARTESIAN_POINT('',(1.,0.175,5.E-02));
#4201 = CARTESIAN_POINT('',(1.,-0.175,5.E-02));
#4202 = GEOMETRIC_CURVE_SET('',(#4203));
#4203 = TRIMMED_CURVE('',#4204,(#4208,PARAMETER_VALUE(0.)),(#4209,
    PARAMETER_VALUE(0.374)),.T.,.PARAMETER.);
#4204 = LINE('',#4205,#4206);
#4205 = CARTESIAN_POINT('',(0.575,0.175,5.1E-02));
#4206 = VECTOR('',#4207,1.);
#4207 = DIRECTION('',(1.,0.,0.));
#4208 = CARTESIAN_POINT('',(0.575,0.175,5.1E-02));
#4209 = CARTESIAN_POINT('',(0.949,0.175,5.1E-02));
#4210 = GEOMETRIC_CURVE_SET('',(#4211));
#4211 = TRIMMED_CURVE('',#4212,(#4216,PARAMETER_VALUE(0.)),(#4217,
    PARAMETER_VALUE(0.35)),.T.,.PARAMETER.);
#4212 = LINE('',#4213,#4214);
#4213 = CARTESIAN_POINT('',(0.575,-0.175,5.1E-02));
#4214 = VECTOR('',#4215,1.);
#4215 = DIRECTION('',(0.,1.,0.));
#4216 = CARTESIAN_POINT('',(0.575,-0.175,5.1E-02));
#4217 = CARTESIAN_POINT('',(0.575,0.175,5.1E-02));
#4218 = GEOMETRIC_CURVE_SET('',(#4219));
#4219 = TRIMMED_CURVE('',#4220,(#4224,PARAMETER_VALUE(0.)),(#4225,
    PARAMETER_VALUE(0.374)),.T.,.PARAMETER.);
#4220 = LINE('',#4221,#4222);
#4221 = CARTESIAN_POINT('',(0.949,-0.175,5.1E-02));
#4222 = VECTOR('',#4223,1.);
#4223 = DIRECTION('',(-1.,0.,0.));
#4224 = CARTESIAN_POINT('',(0.949,-0.175,5.1E-02));
#4225 = CARTESIAN_POINT('',(0.575,-0.175,5.1E-02));
#4226 = GEOMETRIC_CURVE_SET('',(#4227));
#4227 = TRIMMED_CURVE('',#4228,(#4232,PARAMETER_VALUE(0.)),(#4233,
    PARAMETER_VALUE(0.35)),.T.,.PARAMETER.);
#4228 = LINE('',#4229,#4230);
#4229 = CARTESIAN_POINT('',(0.949,0.175,5.1E-02));
#4230 = VECTOR('',#4231,1.);
#4231 = DIRECTION('',(0.,-1.,0.));
#4232 = CARTESIAN_POINT('',(0.949,0.175,5.1E-02));
#4233 = CARTESIAN_POINT('',(0.949,-0.175,5.1E-02));
#4234 = GEOMETRIC_CURVE_SET('',(#4235));
#4235 = TRIMMED_CURVE('',#4236,(#4240,PARAMETER_VALUE(0.)),(#4241,
    PARAMETER_VALUE(0.35)),.T.,.PARAMETER.);
#4236 = LINE('',#4237,#4238);
#4237 = CARTESIAN_POINT('',(1.,0.175,0.));
#4238 = VECTOR('',#4239,1.);
#4239 = DIRECTION('',(0.,-1.,0.));
#4240 = CARTESIAN_POINT('',(1.,0.175,0.));
#4241 = CARTESIAN_POINT('',(1.,-0.175,0.));
#4242 = GEOMETRIC_CURVE_SET('',(#4243));
#4243 = TRIMMED_CURVE('',#4244,(#4248,PARAMETER_VALUE(0.)),(#4249,
    PARAMETER_VALUE(5.E-02)),.T.,.PARAMETER.);
#4244 = LINE('',#4245,#4246);
#4245 = CARTESIAN_POINT('',(1.,0.175,5.E-02));
#4246 = VECTOR('',#4247,1.);
#4247 = DIRECTION('',(0.,0.,-1.));
#4248 = CARTESIAN_POINT('',(1.,0.175,5.E-02));
#4249 = CARTESIAN_POINT('',(1.,0.175,0.));
#4250 = GEOMETRIC_CURVE_SET('',(#4251));
#4251 = TRIMMED_CURVE('',#4252,(#4256,PARAMETER_VALUE(0.)),(#4257,
    PARAMETER_VALUE(0.35)),.T.,.PARAMETER.);
#4252 = LINE('',#4253,#4254);
#4253 = CARTESIAN_POINT('',(1.,-0.175,5.E-02));
#4254 = VECTOR('',#4255,1.);
#4255 = DIRECTION('',(0.,1.,0.));
#4256 = CARTESIAN_POINT('',(1.,-0.175,5.E-02));
#4257 = CARTESIAN_POINT('',(1.,0.175,5.E-02));
#4258 = GEOMETRIC_CURVE_SET('',(#4259));
#4259 = TRIMMED_CURVE('',#4260,(#4264,PARAMETER_VALUE(0.)),(#4265,
    PARAMETER_VALUE(5.E-02)),.T.,.PARAMETER.);
#4260 = LINE('',#4261,#4262);
#4261 = CARTESIAN_POINT('',(1.,-0.175,0.));
#4262 = VECTOR('',#4263,1.);
#4263 = DIRECTION('',(0.,0.,1.));
#4264 = CARTESIAN_POINT('',(1.,-0.175,0.));
#4265 = CARTESIAN_POINT('',(1.,-0.175,5.E-02));
#4266 = GEOMETRIC_CURVE_SET('',(#4267));
#4267 = TRIMMED_CURVE('',#4268,(#4272,PARAMETER_VALUE(0.)),(#4273,
    PARAMETER_VALUE(0.35)),.T.,.PARAMETER.);
#4268 = LINE('',#4269,#4270);
#4269 = CARTESIAN_POINT('',(0.575,-0.175,0.));
#4270 = VECTOR('',#4271,1.);
#4271 = DIRECTION('',(0.,1.,0.));
#4272 = CARTESIAN_POINT('',(0.575,-0.175,0.));
#4273 = CARTESIAN_POINT('',(0.575,0.175,0.));
#4274 = GEOMETRIC_CURVE_SET('',(#4275));
#4275 = TRIMMED_CURVE('',#4276,(#4280,PARAMETER_VALUE(0.)),(#4281,
    PARAMETER_VALUE(5.1E-02)),.T.,.PARAMETER.);
#4276 = LINE('',#4277,#4278);
#4277 = CARTESIAN_POINT('',(0.575,-0.175,5.1E-02));
#4278 = VECTOR('',#4279,1.);
#4279 = DIRECTION('',(0.,0.,-1.));
#4280 = CARTESIAN_POINT('',(0.575,-0.175,5.1E-02));
#4281 = CARTESIAN_POINT('',(0.575,-0.175,0.));
#4282 = GEOMETRIC_CURVE_SET('',(#4283));
#4283 = TRIMMED_CURVE('',#4284,(#4288,PARAMETER_VALUE(0.)),(#4289,
    PARAMETER_VALUE(0.35)),.T.,.PARAMETER.);
#4284 = LINE('',#4285,#4286);
#4285 = CARTESIAN_POINT('',(0.575,0.175,5.1E-02));
#4286 = VECTOR('',#4287,1.);
#4287 = DIRECTION('',(0.,-1.,0.));
#4288 = CARTESIAN_POINT('',(0.575,0.175,5.1E-02));
#4289 = CARTESIAN_POINT('',(0.575,-0.175,5.1E-02));
#4290 = GEOMETRIC_CURVE_SET('',(#4291));
#4291 = TRIMMED_CURVE('',#4292,(#4296,PARAMETER_VALUE(0.)),(#4297,
    PARAMETER_VALUE(5.1E-02)),.T.,.PARAMETER.);
#4292 = LINE('',#4293,#4294);
#4293 = CARTESIAN_POINT('',(0.575,0.175,0.));
#4294 = VECTOR('',#4295,1.);
#4295 = DIRECTION('',(0.,0.,1.));
#4296 = CARTESIAN_POINT('',(0.575,0.175,0.));
#4297 = CARTESIAN_POINT('',(0.575,0.175,5.1E-02));
#4298 = GEOMETRIC_CURVE_SET('',(#4299));
#4299 = TRIMMED_CURVE('',#4300,(#4304,PARAMETER_VALUE(0.)),(#4305,
    PARAMETER_VALUE(0.35)),.T.,.PARAMETER.);
#4300 = LINE('',#4301,#4302);
#4301 = CARTESIAN_POINT('',(0.949,-0.175,5.1E-02));
#4302 = VECTOR('',#4303,1.);
#4303 = DIRECTION('',(0.,1.,0.));
#4304 = CARTESIAN_POINT('',(0.949,-0.175,5.1E-02));
#4305 = CARTESIAN_POINT('',(0.949,0.175,5.1E-02));
#4306 = GEOMETRIC_CURVE_SET('',(#4307));
#4307 = TRIMMED_CURVE('',#4308,(#4312,PARAMETER_VALUE(0.)),(#4313,
    PARAMETER_VALUE(1.E-03)),.T.,.PARAMETER.);
#4308 = LINE('',#4309,#4310);
#4309 = CARTESIAN_POINT('',(0.949,-0.175,5.E-02));
#4310 = VECTOR('',#4311,1.);
#4311 = DIRECTION('',(0.,0.,1.));
#4312 = CARTESIAN_POINT('',(0.949,-0.175,5.E-02));
#4313 = CARTESIAN_POINT('',(0.949,-0.175,5.1E-02));
#4314 = GEOMETRIC_CURVE_SET('',(#4315));
#4315 = TRIMMED_CURVE('',#4316,(#4320,PARAMETER_VALUE(0.)),(#4321,
    PARAMETER_VALUE(0.35)),.T.,.PARAMETER.);
#4316 = LINE('',#4317,#4318);
#4317 = CARTESIAN_POINT('',(0.949,0.175,5.E-02));
#4318 = VECTOR('',#4319,1.);
#4319 = DIRECTION('',(0.,-1.,0.));
#4320 = CARTESIAN_POINT('',(0.949,0.175,5.E-02));
#4321 = CARTESIAN_POINT('',(0.949,-0.175,5.E-02));
#4322 = GEOMETRIC_CURVE_SET('',(#4323));
#4323 = TRIMMED_CURVE('',#4324,(#4328,PARAMETER_VALUE(0.)),(#4329,
    PARAMETER_VALUE(1.E-03)),.T.,.PARAMETER.);
#4324 = LINE('',#4325,#4326);
#4325 = CARTESIAN_POINT('',(0.949,0.175,5.1E-02));
#4326 = VECTOR('',#4327,1.);
#4327 = DIRECTION('',(0.,0.,-1.));
#4328 = CARTESIAN_POINT('',(0.949,0.175,5.1E-02));
#4329 = CARTESIAN_POINT('',(0.949,0.175,5.E-02));
#4330 = GEOMETRIC_CURVE_SET('',(#4331));
#4331 = TRIMMED_CURVE('',#4332,(#4336,PARAMETER_VALUE(0.)),(#4337,
    PARAMETER_VALUE(0.425)),.T.,.PARAMETER.);
#4332 = LINE('',#4333,#4334);
#4333 = CARTESIAN_POINT('',(0.575,-0.175,0.));
#4334 = VECTOR('',#4335,1.);
#4335 = DIRECTION('',(1.,0.,0.));
#4336 = CARTESIAN_POINT('',(0.575,-0.175,0.));
#4337 = CARTESIAN_POINT('',(1.,-0.175,0.));
#4338 = GEOMETRIC_CURVE_SET('',(#4339));
#4339 = TRIMMED_CURVE('',#4340,(#4344,PARAMETER_VALUE(0.)),(#4345,
    PARAMETER_VALUE(0.35)),.T.,.PARAMETER.);
#4340 = LINE('',#4341,#4342);
#4341 = CARTESIAN_POINT('',(0.575,0.175,0.));
#4342 = VECTOR('',#4343,1.);
#4343 = DIRECTION('',(0.,-1.,0.));
#4344 = CARTESIAN_POINT('',(0.575,0.175,0.));
#4345 = CARTESIAN_POINT('',(0.575,-0.175,0.));
#4346 = GEOMETRIC_CURVE_SET('',(#4347));
#4347 = TRIMMED_CURVE('',#4348,(#4352,PARAMETER_VALUE(0.)),(#4353,
    PARAMETER_VALUE(0.425)),.T.,.PARAMETER.);
#4348 = LINE('',#4349,#4350);
#4349 = CARTESIAN_POINT('',(1.,0.175,0.));
#4350 = VECTOR('',#4351,1.);
#4351 = DIRECTION('',(-1.,0.,0.));
#4352 = CARTESIAN_POINT('',(1.,0.175,0.));
#4353 = CARTESIAN_POINT('',(0.575,0.175,0.));
#4354 = GEOMETRIC_CURVE_SET('',(#4355));
#4355 = TRIMMED_CURVE('',#4356,(#4360,PARAMETER_VALUE(0.)),(#4361,
    PARAMETER_VALUE(0.35)),.T.,.PARAMETER.);
#4356 = LINE('',#4357,#4358);
#4357 = CARTESIAN_POINT('',(1.,-0.175,0.));
#4358 = VECTOR('',#4359,1.);
#4359 = DIRECTION('',(0.,1.,0.));
#4360 = CARTESIAN_POINT('',(1.,-0.175,0.));
#4361 = CARTESIAN_POINT('',(1.,0.175,0.));
#4362 = GEOMETRIC_CURVE_SET('',(#4363));
#4363 = TRIMMED_CURVE('',#4364,(#4368,PARAMETER_VALUE(0.)),(#4369,
    PARAMETER_VALUE(0.425)),.T.,.PARAMETER.);
#4364 = LINE('',#4365,#4366);
#4365 = CARTESIAN_POINT('',(0.575,-0.475,0.));
#4366 = VECTOR('',#4367,1.);
#4367 = DIRECTION('',(1.,0.,0.));
#4368 = CARTESIAN_POINT('',(0.575,-0.475,0.));
#4369 = CARTESIAN_POINT('',(1.,-0.475,0.));
#4370 = GEOMETRIC_CURVE_SET('',(#4371));
#4371 = TRIMMED_CURVE('',#4372,(#4376,PARAMETER_VALUE(0.)),(#4377,
    PARAMETER_VALUE(5.1E-02)),.T.,.PARAMETER.);
#4372 = LINE('',#4373,#4374);
#4373 = CARTESIAN_POINT('',(0.575,-0.475,5.1E-02));
#4374 = VECTOR('',#4375,1.);
#4375 = DIRECTION('',(0.,0.,-1.));
#4376 = CARTESIAN_POINT('',(0.575,-0.475,5.1E-02));
#4377 = CARTESIAN_POINT('',(0.575,-0.475,0.));
#4378 = GEOMETRIC_CURVE_SET('',(#4379));
#4379 = TRIMMED_CURVE('',#4380,(#4384,PARAMETER_VALUE(0.)),(#4385,
    PARAMETER_VALUE(0.374)),.T.,.PARAMETER.);
#4380 = LINE('',#4381,#4382);
#4381 = CARTESIAN_POINT('',(0.949,-0.475,5.1E-02));
#4382 = VECTOR('',#4383,1.);
#4383 = DIRECTION('',(-1.,0.,0.));
#4384 = CARTESIAN_POINT('',(0.949,-0.475,5.1E-02));
#4385 = CARTESIAN_POINT('',(0.575,-0.475,5.1E-02));
#4386 = GEOMETRIC_CURVE_SET('',(#4387));
#4387 = TRIMMED_CURVE('',#4388,(#4392,PARAMETER_VALUE(0.)),(#4393,
    PARAMETER_VALUE(1.E-03)),.T.,.PARAMETER.);
#4388 = LINE('',#4389,#4390);
#4389 = CARTESIAN_POINT('',(0.949,-0.475,5.E-02));
#4390 = VECTOR('',#4391,1.);
#4391 = DIRECTION('',(0.,0.,1.));
#4392 = CARTESIAN_POINT('',(0.949,-0.475,5.E-02));
#4393 = CARTESIAN_POINT('',(0.949,-0.475,5.1E-02));
#4394 = GEOMETRIC_CURVE_SET('',(#4395));
#4395 = TRIMMED_CURVE('',#4396,(#4400,PARAMETER_VALUE(0.)),(#4401,
    PARAMETER_VALUE(5.1E-02)),.T.,.PARAMETER.);
#4396 = LINE('',#4397,#4398);
#4397 = CARTESIAN_POINT('',(1.,-0.475,5.E-02));
#4398 = VECTOR('',#4399,1.);
#4399 = DIRECTION('',(-1.,0.,0.));
#4400 = CARTESIAN_POINT('',(1.,-0.475,5.E-02));
#4401 = CARTESIAN_POINT('',(0.949,-0.475,5.E-02));
#4402 = GEOMETRIC_CURVE_SET('',(#4403));
#4403 = TRIMMED_CURVE('',#4404,(#4408,PARAMETER_VALUE(0.)),(#4409,
    PARAMETER_VALUE(5.E-02)),.T.,.PARAMETER.);
#4404 = LINE('',#4405,#4406);
#4405 = CARTESIAN_POINT('',(1.,-0.475,0.));
#4406 = VECTOR('',#4407,1.);
#4407 = DIRECTION('',(0.,0.,1.));
#4408 = CARTESIAN_POINT('',(1.,-0.475,0.));
#4409 = CARTESIAN_POINT('',(1.,-0.475,5.E-02));
#4410 = GEOMETRIC_CURVE_SET('',(#4411));
#4411 = TRIMMED_CURVE('',#4412,(#4416,PARAMETER_VALUE(0.)),(#4417,
    PARAMETER_VALUE(0.425)),.T.,.PARAMETER.);
#4412 = LINE('',#4413,#4414);
#4413 = CARTESIAN_POINT('',(1.,-0.825,0.));
#4414 = VECTOR('',#4415,1.);
#4415 = DIRECTION('',(-1.,0.,0.));
#4416 = CARTESIAN_POINT('',(1.,-0.825,0.));
#4417 = CARTESIAN_POINT('',(0.575,-0.825,0.));
#4418 = GEOMETRIC_CURVE_SET('',(#4419));
#4419 = TRIMMED_CURVE('',#4420,(#4424,PARAMETER_VALUE(0.)),(#4425,
    PARAMETER_VALUE(5.E-02)),.T.,.PARAMETER.);
#4420 = LINE('',#4421,#4422);
#4421 = CARTESIAN_POINT('',(1.,-0.825,5.E-02));
#4422 = VECTOR('',#4423,1.);
#4423 = DIRECTION('',(0.,0.,-1.));
#4424 = CARTESIAN_POINT('',(1.,-0.825,5.E-02));
#4425 = CARTESIAN_POINT('',(1.,-0.825,0.));
#4426 = GEOMETRIC_CURVE_SET('',(#4427));
#4427 = TRIMMED_CURVE('',#4428,(#4432,PARAMETER_VALUE(0.)),(#4433,
    PARAMETER_VALUE(5.1E-02)),.T.,.PARAMETER.);
#4428 = LINE('',#4429,#4430);
#4429 = CARTESIAN_POINT('',(0.949,-0.825,5.E-02));
#4430 = VECTOR('',#4431,1.);
#4431 = DIRECTION('',(1.,0.,0.));
#4432 = CARTESIAN_POINT('',(0.949,-0.825,5.E-02));
#4433 = CARTESIAN_POINT('',(1.,-0.825,5.E-02));
#4434 = GEOMETRIC_CURVE_SET('',(#4435));
#4435 = TRIMMED_CURVE('',#4436,(#4440,PARAMETER_VALUE(0.)),(#4441,
    PARAMETER_VALUE(1.E-03)),.T.,.PARAMETER.);
#4436 = LINE('',#4437,#4438);
#4437 = CARTESIAN_POINT('',(0.949,-0.825,5.1E-02));
#4438 = VECTOR('',#4439,1.);
#4439 = DIRECTION('',(0.,0.,-1.));
#4440 = CARTESIAN_POINT('',(0.949,-0.825,5.1E-02));
#4441 = CARTESIAN_POINT('',(0.949,-0.825,5.E-02));
#4442 = GEOMETRIC_CURVE_SET('',(#4443));
#4443 = TRIMMED_CURVE('',#4444,(#4448,PARAMETER_VALUE(0.)),(#4449,
    PARAMETER_VALUE(0.374)),.T.,.PARAMETER.);
#4444 = LINE('',#4445,#4446);
#4445 = CARTESIAN_POINT('',(0.575,-0.825,5.1E-02));
#4446 = VECTOR('',#4447,1.);
#4447 = DIRECTION('',(1.,0.,0.));
#4448 = CARTESIAN_POINT('',(0.575,-0.825,5.1E-02));
#4449 = CARTESIAN_POINT('',(0.949,-0.825,5.1E-02));
#4450 = GEOMETRIC_CURVE_SET('',(#4451));
#4451 = TRIMMED_CURVE('',#4452,(#4456,PARAMETER_VALUE(0.)),(#4457,
    PARAMETER_VALUE(5.1E-02)),.T.,.PARAMETER.);
#4452 = LINE('',#4453,#4454);
#4453 = CARTESIAN_POINT('',(0.575,-0.825,0.));
#4454 = VECTOR('',#4455,1.);
#4455 = DIRECTION('',(0.,0.,1.));
#4456 = CARTESIAN_POINT('',(0.575,-0.825,0.));
#4457 = CARTESIAN_POINT('',(0.575,-0.825,5.1E-02));
#4458 = GEOMETRIC_CURVE_SET('',(#4459));
#4459 = TRIMMED_CURVE('',#4460,(#4464,PARAMETER_VALUE(0.)),(#4465,
    PARAMETER_VALUE(5.1E-02)),.T.,.PARAMETER.);
#4460 = LINE('',#4461,#4462);
#4461 = CARTESIAN_POINT('',(0.949,-0.475,5.E-02));
#4462 = VECTOR('',#4463,1.);
#4463 = DIRECTION('',(1.,0.,0.));
#4464 = CARTESIAN_POINT('',(0.949,-0.475,5.E-02));
#4465 = CARTESIAN_POINT('',(1.,-0.475,5.E-02));
#4466 = GEOMETRIC_CURVE_SET('',(#4467));
#4467 = TRIMMED_CURVE('',#4468,(#4472,PARAMETER_VALUE(0.)),(#4473,
    PARAMETER_VALUE(0.35)),.T.,.PARAMETER.);
#4468 = LINE('',#4469,#4470);
#4469 = CARTESIAN_POINT('',(0.949,-0.825,5.E-02));
#4470 = VECTOR('',#4471,1.);
#4471 = DIRECTION('',(0.,1.,0.));
#4472 = CARTESIAN_POINT('',(0.949,-0.825,5.E-02));
#4473 = CARTESIAN_POINT('',(0.949,-0.475,5.E-02));
#4474 = GEOMETRIC_CURVE_SET('',(#4475));
#4475 = TRIMMED_CURVE('',#4476,(#4480,PARAMETER_VALUE(0.)),(#4481,
    PARAMETER_VALUE(5.1E-02)),.T.,.PARAMETER.);
#4476 = LINE('',#4477,#4478);
#4477 = CARTESIAN_POINT('',(1.,-0.825,5.E-02));
#4478 = VECTOR('',#4479,1.);
#4479 = DIRECTION('',(-1.,0.,0.));
#4480 = CARTESIAN_POINT('',(1.,-0.825,5.E-02));
#4481 = CARTESIAN_POINT('',(0.949,-0.825,5.E-02));
#4482 = GEOMETRIC_CURVE_SET('',(#4483));
#4483 = TRIMMED_CURVE('',#4484,(#4488,PARAMETER_VALUE(0.)),(#4489,
    PARAMETER_VALUE(0.35)),.T.,.PARAMETER.);
#4484 = LINE('',#4485,#4486);
#4485 = CARTESIAN_POINT('',(1.,-0.475,5.E-02));
#4486 = VECTOR('',#4487,1.);
#4487 = DIRECTION('',(0.,-1.,0.));
#4488 = CARTESIAN_POINT('',(1.,-0.475,5.E-02));
#4489 = CARTESIAN_POINT('',(1.,-0.825,5.E-02));
#4490 = GEOMETRIC_CURVE_SET('',(#4491));
#4491 = TRIMMED_CURVE('',#4492,(#4496,PARAMETER_VALUE(0.)),(#4497,
    PARAMETER_VALUE(0.374)),.T.,.PARAMETER.);
#4492 = LINE('',#4493,#4494);
#4493 = CARTESIAN_POINT('',(0.575,-0.475,5.1E-02));
#4494 = VECTOR('',#4495,1.);
#4495 = DIRECTION('',(1.,0.,0.));
#4496 = CARTESIAN_POINT('',(0.575,-0.475,5.1E-02));
#4497 = CARTESIAN_POINT('',(0.949,-0.475,5.1E-02));
#4498 = GEOMETRIC_CURVE_SET('',(#4499));
#4499 = TRIMMED_CURVE('',#4500,(#4504,PARAMETER_VALUE(0.)),(#4505,
    PARAMETER_VALUE(0.35)),.T.,.PARAMETER.);
#4500 = LINE('',#4501,#4502);
#4501 = CARTESIAN_POINT('',(0.575,-0.825,5.1E-02));
#4502 = VECTOR('',#4503,1.);
#4503 = DIRECTION('',(0.,1.,0.));
#4504 = CARTESIAN_POINT('',(0.575,-0.825,5.1E-02));
#4505 = CARTESIAN_POINT('',(0.575,-0.475,5.1E-02));
#4506 = GEOMETRIC_CURVE_SET('',(#4507));
#4507 = TRIMMED_CURVE('',#4508,(#4512,PARAMETER_VALUE(0.)),(#4513,
    PARAMETER_VALUE(0.374)),.T.,.PARAMETER.);
#4508 = LINE('',#4509,#4510);
#4509 = CARTESIAN_POINT('',(0.949,-0.825,5.1E-02));
#4510 = VECTOR('',#4511,1.);
#4511 = DIRECTION('',(-1.,0.,0.));
#4512 = CARTESIAN_POINT('',(0.949,-0.825,5.1E-02));
#4513 = CARTESIAN_POINT('',(0.575,-0.825,5.1E-02));
#4514 = GEOMETRIC_CURVE_SET('',(#4515));
#4515 = TRIMMED_CURVE('',#4516,(#4520,PARAMETER_VALUE(0.)),(#4521,
    PARAMETER_VALUE(0.35)),.T.,.PARAMETER.);
#4516 = LINE('',#4517,#4518);
#4517 = CARTESIAN_POINT('',(0.949,-0.475,5.1E-02));
#4518 = VECTOR('',#4519,1.);
#4519 = DIRECTION('',(0.,-1.,0.));
#4520 = CARTESIAN_POINT('',(0.949,-0.475,5.1E-02));
#4521 = CARTESIAN_POINT('',(0.949,-0.825,5.1E-02));
#4522 = GEOMETRIC_CURVE_SET('',(#4523));
#4523 = TRIMMED_CURVE('',#4524,(#4528,PARAMETER_VALUE(0.)),(#4529,
    PARAMETER_VALUE(0.35)),.T.,.PARAMETER.);
#4524 = LINE('',#4525,#4526);
#4525 = CARTESIAN_POINT('',(1.,-0.475,0.));
#4526 = VECTOR('',#4527,1.);
#4527 = DIRECTION('',(0.,-1.,0.));
#4528 = CARTESIAN_POINT('',(1.,-0.475,0.));
#4529 = CARTESIAN_POINT('',(1.,-0.825,0.));
#4530 = GEOMETRIC_CURVE_SET('',(#4531));
#4531 = TRIMMED_CURVE('',#4532,(#4536,PARAMETER_VALUE(0.)),(#4537,
    PARAMETER_VALUE(5.E-02)),.T.,.PARAMETER.);
#4532 = LINE('',#4533,#4534);
#4533 = CARTESIAN_POINT('',(1.,-0.475,5.E-02));
#4534 = VECTOR('',#4535,1.);
#4535 = DIRECTION('',(0.,0.,-1.));
#4536 = CARTESIAN_POINT('',(1.,-0.475,5.E-02));
#4537 = CARTESIAN_POINT('',(1.,-0.475,0.));
#4538 = GEOMETRIC_CURVE_SET('',(#4539));
#4539 = TRIMMED_CURVE('',#4540,(#4544,PARAMETER_VALUE(0.)),(#4545,
    PARAMETER_VALUE(0.35)),.T.,.PARAMETER.);
#4540 = LINE('',#4541,#4542);
#4541 = CARTESIAN_POINT('',(1.,-0.825,5.E-02));
#4542 = VECTOR('',#4543,1.);
#4543 = DIRECTION('',(0.,1.,0.));
#4544 = CARTESIAN_POINT('',(1.,-0.825,5.E-02));
#4545 = CARTESIAN_POINT('',(1.,-0.475,5.E-02));
#4546 = GEOMETRIC_CURVE_SET('',(#4547));
#4547 = TRIMMED_CURVE('',#4548,(#4552,PARAMETER_VALUE(0.)),(#4553,
    PARAMETER_VALUE(5.E-02)),.T.,.PARAMETER.);
#4548 = LINE('',#4549,#4550);
#4549 = CARTESIAN_POINT('',(1.,-0.825,0.));
#4550 = VECTOR('',#4551,1.);
#4551 = DIRECTION('',(0.,0.,1.));
#4552 = CARTESIAN_POINT('',(1.,-0.825,0.));
#4553 = CARTESIAN_POINT('',(1.,-0.825,5.E-02));
#4554 = GEOMETRIC_CURVE_SET('',(#4555));
#4555 = TRIMMED_CURVE('',#4556,(#4560,PARAMETER_VALUE(0.)),(#4561,
    PARAMETER_VALUE(0.35)),.T.,.PARAMETER.);
#4556 = LINE('',#4557,#4558);
#4557 = CARTESIAN_POINT('',(0.575,-0.825,0.));
#4558 = VECTOR('',#4559,1.);
#4559 = DIRECTION('',(0.,1.,0.));
#4560 = CARTESIAN_POINT('',(0.575,-0.825,0.));
#4561 = CARTESIAN_POINT('',(0.575,-0.475,0.));
#4562 = GEOMETRIC_CURVE_SET('',(#4563));
#4563 = TRIMMED_CURVE('',#4564,(#4568,PARAMETER_VALUE(0.)),(#4569,
    PARAMETER_VALUE(5.1E-02)),.T.,.PARAMETER.);
#4564 = LINE('',#4565,#4566);
#4565 = CARTESIAN_POINT('',(0.575,-0.825,5.1E-02));
#4566 = VECTOR('',#4567,1.);
#4567 = DIRECTION('',(0.,0.,-1.));
#4568 = CARTESIAN_POINT('',(0.575,-0.825,5.1E-02));
#4569 = CARTESIAN_POINT('',(0.575,-0.825,0.));
#4570 = GEOMETRIC_CURVE_SET('',(#4571));
#4571 = TRIMMED_CURVE('',#4572,(#4576,PARAMETER_VALUE(0.)),(#4577,
    PARAMETER_VALUE(0.35)),.T.,.PARAMETER.);
#4572 = LINE('',#4573,#4574);
#4573 = CARTESIAN_POINT('',(0.575,-0.475,5.1E-02));
#4574 = VECTOR('',#4575,1.);
#4575 = DIRECTION('',(0.,-1.,0.));
#4576 = CARTESIAN_POINT('',(0.575,-0.475,5.1E-02));
#4577 = CARTESIAN_POINT('',(0.575,-0.825,5.1E-02));
#4578 = GEOMETRIC_CURVE_SET('',(#4579));
#4579 = TRIMMED_CURVE('',#4580,(#4584,PARAMETER_VALUE(0.)),(#4585,
    PARAMETER_VALUE(5.1E-02)),.T.,.PARAMETER.);
#4580 = LINE('',#4581,#4582);
#4581 = CARTESIAN_POINT('',(0.575,-0.475,0.));
#4582 = VECTOR('',#4583,1.);
#4583 = DIRECTION('',(0.,0.,1.));
#4584 = CARTESIAN_POINT('',(0.575,-0.475,0.));
#4585 = CARTESIAN_POINT('',(0.575,-0.475,5.1E-02));
#4586 = GEOMETRIC_CURVE_SET('',(#4587));
#4587 = TRIMMED_CURVE('',#4588,(#4592,PARAMETER_VALUE(0.)),(#4593,
    PARAMETER_VALUE(0.35)),.T.,.PARAMETER.);
#4588 = LINE('',#4589,#4590);
#4589 = CARTESIAN_POINT('',(0.949,-0.825,5.1E-02));
#4590 = VECTOR('',#4591,1.);
#4591 = DIRECTION('',(0.,1.,0.));
#4592 = CARTESIAN_POINT('',(0.949,-0.825,5.1E-02));
#4593 = CARTESIAN_POINT('',(0.949,-0.475,5.1E-02));
#4594 = GEOMETRIC_CURVE_SET('',(#4595));
#4595 = TRIMMED_CURVE('',#4596,(#4600,PARAMETER_VALUE(0.)),(#4601,
    PARAMETER_VALUE(1.E-03)),.T.,.PARAMETER.);
#4596 = LINE('',#4597,#4598);
#4597 = CARTESIAN_POINT('',(0.949,-0.825,5.E-02));
#4598 = VECTOR('',#4599,1.);
#4599 = DIRECTION('',(0.,0.,1.));
#4600 = CARTESIAN_POINT('',(0.949,-0.825,5.E-02));
#4601 = CARTESIAN_POINT('',(0.949,-0.825,5.1E-02));
#4602 = GEOMETRIC_CURVE_SET('',(#4603));
#4603 = TRIMMED_CURVE('',#4604,(#4608,PARAMETER_VALUE(0.)),(#4609,
    PARAMETER_VALUE(0.35)),.T.,.PARAMETER.);
#4604 = LINE('',#4605,#4606);
#4605 = CARTESIAN_POINT('',(0.949,-0.475,5.E-02));
#4606 = VECTOR('',#4607,1.);
#4607 = DIRECTION('',(0.,-1.,0.));
#4608 = CARTESIAN_POINT('',(0.949,-0.475,5.E-02));
#4609 = CARTESIAN_POINT('',(0.949,-0.825,5.E-02));
#4610 = GEOMETRIC_CURVE_SET('',(#4611));
#4611 = TRIMMED_CURVE('',#4612,(#4616,PARAMETER_VALUE(0.)),(#4617,
    PARAMETER_VALUE(1.E-03)),.T.,.PARAMETER.);
#4612 = LINE('',#4613,#4614);
#4613 = CARTESIAN_POINT('',(0.949,-0.475,5.1E-02));
#4614 = VECTOR('',#4615,1.);
#4615 = DIRECTION('',(0.,0.,-1.));
#4616 = CARTESIAN_POINT('',(0.949,-0.475,5.1E-02));
#4617 = CARTESIAN_POINT('',(0.949,-0.475,5.E-02));
#4618 = GEOMETRIC_CURVE_SET('',(#4619));
#4619 = TRIMMED_CURVE('',#4620,(#4624,PARAMETER_VALUE(0.)),(#4625,
    PARAMETER_VALUE(0.425)),.T.,.PARAMETER.);
#4620 = LINE('',#4621,#4622);
#4621 = CARTESIAN_POINT('',(0.575,-0.825,0.));
#4622 = VECTOR('',#4623,1.);
#4623 = DIRECTION('',(1.,0.,0.));
#4624 = CARTESIAN_POINT('',(0.575,-0.825,0.));
#4625 = CARTESIAN_POINT('',(1.,-0.825,0.));
#4626 = GEOMETRIC_CURVE_SET('',(#4627));
#4627 = TRIMMED_CURVE('',#4628,(#4632,PARAMETER_VALUE(0.)),(#4633,
    PARAMETER_VALUE(0.35)),.T.,.PARAMETER.);
#4628 = LINE('',#4629,#4630);
#4629 = CARTESIAN_POINT('',(0.575,-0.475,0.));
#4630 = VECTOR('',#4631,1.);
#4631 = DIRECTION('',(0.,-1.,0.));
#4632 = CARTESIAN_POINT('',(0.575,-0.475,0.));
#4633 = CARTESIAN_POINT('',(0.575,-0.825,0.));
#4634 = GEOMETRIC_CURVE_SET('',(#4635));
#4635 = TRIMMED_CURVE('',#4636,(#4640,PARAMETER_VALUE(0.)),(#4641,
    PARAMETER_VALUE(0.425)),.T.,.PARAMETER.);
#4636 = LINE('',#4637,#4638);
#4637 = CARTESIAN_POINT('',(1.,-0.475,0.));
#4638 = VECTOR('',#4639,1.);
#4639 = DIRECTION('',(-1.,0.,0.));
#4640 = CARTESIAN_POINT('',(1.,-0.475,0.));
#4641 = CARTESIAN_POINT('',(0.575,-0.475,0.));
#4642 = GEOMETRIC_CURVE_SET('',(#4643));
#4643 = TRIMMED_CURVE('',#4644,(#4648,PARAMETER_VALUE(0.)),(#4649,
    PARAMETER_VALUE(0.35)),.T.,.PARAMETER.);
#4644 = LINE('',#4645,#4646);
#4645 = CARTESIAN_POINT('',(1.,-0.825,0.));
#4646 = VECTOR('',#4647,1.);
#4647 = DIRECTION('',(0.,1.,0.));
#4648 = CARTESIAN_POINT('',(1.,-0.825,0.));
#4649 = CARTESIAN_POINT('',(1.,-0.475,0.));
#4650 = GEOMETRIC_CURVE_SET('',(#4651));
#4651 = TRIMMED_CURVE('',#4652,(#4656,PARAMETER_VALUE(0.)),(#4657,
    PARAMETER_VALUE(0.425)),.T.,.PARAMETER.);
#4652 = LINE('',#4653,#4654);
#4653 = CARTESIAN_POINT('',(-0.575,-0.825,0.));
#4654 = VECTOR('',#4655,1.);
#4655 = DIRECTION('',(-1.,0.,0.));
#4656 = CARTESIAN_POINT('',(-0.575,-0.825,0.));
#4657 = CARTESIAN_POINT('',(-1.,-0.825,0.));
#4658 = GEOMETRIC_CURVE_SET('',(#4659));
#4659 = TRIMMED_CURVE('',#4660,(#4664,PARAMETER_VALUE(0.)),(#4665,
    PARAMETER_VALUE(5.1E-02)),.T.,.PARAMETER.);
#4660 = LINE('',#4661,#4662);
#4661 = CARTESIAN_POINT('',(-0.575,-0.825,5.1E-02));
#4662 = VECTOR('',#4663,1.);
#4663 = DIRECTION('',(0.,0.,-1.));
#4664 = CARTESIAN_POINT('',(-0.575,-0.825,5.1E-02));
#4665 = CARTESIAN_POINT('',(-0.575,-0.825,0.));
#4666 = GEOMETRIC_CURVE_SET('',(#4667));
#4667 = TRIMMED_CURVE('',#4668,(#4672,PARAMETER_VALUE(0.)),(#4673,
    PARAMETER_VALUE(0.374)),.T.,.PARAMETER.);
#4668 = LINE('',#4669,#4670);
#4669 = CARTESIAN_POINT('',(-0.949,-0.825,5.1E-02));
#4670 = VECTOR('',#4671,1.);
#4671 = DIRECTION('',(1.,0.,0.));
#4672 = CARTESIAN_POINT('',(-0.949,-0.825,5.1E-02));
#4673 = CARTESIAN_POINT('',(-0.575,-0.825,5.1E-02));
#4674 = GEOMETRIC_CURVE_SET('',(#4675));
#4675 = TRIMMED_CURVE('',#4676,(#4680,PARAMETER_VALUE(0.)),(#4681,
    PARAMETER_VALUE(1.E-03)),.T.,.PARAMETER.);
#4676 = LINE('',#4677,#4678);
#4677 = CARTESIAN_POINT('',(-0.949,-0.825,5.E-02));
#4678 = VECTOR('',#4679,1.);
#4679 = DIRECTION('',(0.,0.,1.));
#4680 = CARTESIAN_POINT('',(-0.949,-0.825,5.E-02));
#4681 = CARTESIAN_POINT('',(-0.949,-0.825,5.1E-02));
#4682 = GEOMETRIC_CURVE_SET('',(#4683));
#4683 = TRIMMED_CURVE('',#4684,(#4688,PARAMETER_VALUE(0.)),(#4689,
    PARAMETER_VALUE(5.1E-02)),.T.,.PARAMETER.);
#4684 = LINE('',#4685,#4686);
#4685 = CARTESIAN_POINT('',(-1.,-0.825,5.E-02));
#4686 = VECTOR('',#4687,1.);
#4687 = DIRECTION('',(1.,0.,0.));
#4688 = CARTESIAN_POINT('',(-1.,-0.825,5.E-02));
#4689 = CARTESIAN_POINT('',(-0.949,-0.825,5.E-02));
#4690 = GEOMETRIC_CURVE_SET('',(#4691));
#4691 = TRIMMED_CURVE('',#4692,(#4696,PARAMETER_VALUE(0.)),(#4697,
    PARAMETER_VALUE(5.E-02)),.T.,.PARAMETER.);
#4692 = LINE('',#4693,#4694);
#4693 = CARTESIAN_POINT('',(-1.,-0.825,0.));
#4694 = VECTOR('',#4695,1.);
#4695 = DIRECTION('',(0.,0.,1.));
#4696 = CARTESIAN_POINT('',(-1.,-0.825,0.));
#4697 = CARTESIAN_POINT('',(-1.,-0.825,5.E-02));
#4698 = GEOMETRIC_CURVE_SET('',(#4699));
#4699 = TRIMMED_CURVE('',#4700,(#4704,PARAMETER_VALUE(0.)),(#4705,
    PARAMETER_VALUE(0.425)),.T.,.PARAMETER.);
#4700 = LINE('',#4701,#4702);
#4701 = CARTESIAN_POINT('',(-1.,-0.475,0.));
#4702 = VECTOR('',#4703,1.);
#4703 = DIRECTION('',(1.,0.,0.));
#4704 = CARTESIAN_POINT('',(-1.,-0.475,0.));
#4705 = CARTESIAN_POINT('',(-0.575,-0.475,0.));
#4706 = GEOMETRIC_CURVE_SET('',(#4707));
#4707 = TRIMMED_CURVE('',#4708,(#4712,PARAMETER_VALUE(0.)),(#4713,
    PARAMETER_VALUE(5.E-02)),.T.,.PARAMETER.);
#4708 = LINE('',#4709,#4710);
#4709 = CARTESIAN_POINT('',(-1.,-0.475,5.E-02));
#4710 = VECTOR('',#4711,1.);
#4711 = DIRECTION('',(0.,0.,-1.));
#4712 = CARTESIAN_POINT('',(-1.,-0.475,5.E-02));
#4713 = CARTESIAN_POINT('',(-1.,-0.475,0.));
#4714 = GEOMETRIC_CURVE_SET('',(#4715));
#4715 = TRIMMED_CURVE('',#4716,(#4720,PARAMETER_VALUE(0.)),(#4721,
    PARAMETER_VALUE(5.1E-02)),.T.,.PARAMETER.);
#4716 = LINE('',#4717,#4718);
#4717 = CARTESIAN_POINT('',(-0.949,-0.475,5.E-02));
#4718 = VECTOR('',#4719,1.);
#4719 = DIRECTION('',(-1.,0.,0.));
#4720 = CARTESIAN_POINT('',(-0.949,-0.475,5.E-02));
#4721 = CARTESIAN_POINT('',(-1.,-0.475,5.E-02));
#4722 = GEOMETRIC_CURVE_SET('',(#4723));
#4723 = TRIMMED_CURVE('',#4724,(#4728,PARAMETER_VALUE(0.)),(#4729,
    PARAMETER_VALUE(1.E-03)),.T.,.PARAMETER.);
#4724 = LINE('',#4725,#4726);
#4725 = CARTESIAN_POINT('',(-0.949,-0.475,5.1E-02));
#4726 = VECTOR('',#4727,1.);
#4727 = DIRECTION('',(0.,0.,-1.));
#4728 = CARTESIAN_POINT('',(-0.949,-0.475,5.1E-02));
#4729 = CARTESIAN_POINT('',(-0.949,-0.475,5.E-02));
#4730 = GEOMETRIC_CURVE_SET('',(#4731));
#4731 = TRIMMED_CURVE('',#4732,(#4736,PARAMETER_VALUE(0.)),(#4737,
    PARAMETER_VALUE(0.374)),.T.,.PARAMETER.);
#4732 = LINE('',#4733,#4734);
#4733 = CARTESIAN_POINT('',(-0.575,-0.475,5.1E-02));
#4734 = VECTOR('',#4735,1.);
#4735 = DIRECTION('',(-1.,0.,0.));
#4736 = CARTESIAN_POINT('',(-0.575,-0.475,5.1E-02));
#4737 = CARTESIAN_POINT('',(-0.949,-0.475,5.1E-02));
#4738 = GEOMETRIC_CURVE_SET('',(#4739));
#4739 = TRIMMED_CURVE('',#4740,(#4744,PARAMETER_VALUE(0.)),(#4745,
    PARAMETER_VALUE(5.1E-02)),.T.,.PARAMETER.);
#4740 = LINE('',#4741,#4742);
#4741 = CARTESIAN_POINT('',(-0.575,-0.475,0.));
#4742 = VECTOR('',#4743,1.);
#4743 = DIRECTION('',(0.,0.,1.));
#4744 = CARTESIAN_POINT('',(-0.575,-0.475,0.));
#4745 = CARTESIAN_POINT('',(-0.575,-0.475,5.1E-02));
#4746 = GEOMETRIC_CURVE_SET('',(#4747));
#4747 = TRIMMED_CURVE('',#4748,(#4752,PARAMETER_VALUE(0.)),(#4753,
    PARAMETER_VALUE(5.1E-02)),.T.,.PARAMETER.);
#4748 = LINE('',#4749,#4750);
#4749 = CARTESIAN_POINT('',(-0.949,-0.825,5.E-02));
#4750 = VECTOR('',#4751,1.);
#4751 = DIRECTION('',(-1.,0.,0.));
#4752 = CARTESIAN_POINT('',(-0.949,-0.825,5.E-02));
#4753 = CARTESIAN_POINT('',(-1.,-0.825,5.E-02));
#4754 = GEOMETRIC_CURVE_SET('',(#4755));
#4755 = TRIMMED_CURVE('',#4756,(#4760,PARAMETER_VALUE(0.)),(#4761,
    PARAMETER_VALUE(0.35)),.T.,.PARAMETER.);
#4756 = LINE('',#4757,#4758);
#4757 = CARTESIAN_POINT('',(-0.949,-0.475,5.E-02));
#4758 = VECTOR('',#4759,1.);
#4759 = DIRECTION('',(0.,-1.,0.));
#4760 = CARTESIAN_POINT('',(-0.949,-0.475,5.E-02));
#4761 = CARTESIAN_POINT('',(-0.949,-0.825,5.E-02));
#4762 = GEOMETRIC_CURVE_SET('',(#4763));
#4763 = TRIMMED_CURVE('',#4764,(#4768,PARAMETER_VALUE(0.)),(#4769,
    PARAMETER_VALUE(5.1E-02)),.T.,.PARAMETER.);
#4764 = LINE('',#4765,#4766);
#4765 = CARTESIAN_POINT('',(-1.,-0.475,5.E-02));
#4766 = VECTOR('',#4767,1.);
#4767 = DIRECTION('',(1.,0.,0.));
#4768 = CARTESIAN_POINT('',(-1.,-0.475,5.E-02));
#4769 = CARTESIAN_POINT('',(-0.949,-0.475,5.E-02));
#4770 = GEOMETRIC_CURVE_SET('',(#4771));
#4771 = TRIMMED_CURVE('',#4772,(#4776,PARAMETER_VALUE(0.)),(#4777,
    PARAMETER_VALUE(0.35)),.T.,.PARAMETER.);
#4772 = LINE('',#4773,#4774);
#4773 = CARTESIAN_POINT('',(-1.,-0.825,5.E-02));
#4774 = VECTOR('',#4775,1.);
#4775 = DIRECTION('',(0.,1.,0.));
#4776 = CARTESIAN_POINT('',(-1.,-0.825,5.E-02));
#4777 = CARTESIAN_POINT('',(-1.,-0.475,5.E-02));
#4778 = GEOMETRIC_CURVE_SET('',(#4779));
#4779 = TRIMMED_CURVE('',#4780,(#4784,PARAMETER_VALUE(0.)),(#4785,
    PARAMETER_VALUE(0.374)),.T.,.PARAMETER.);
#4780 = LINE('',#4781,#4782);
#4781 = CARTESIAN_POINT('',(-0.575,-0.825,5.1E-02));
#4782 = VECTOR('',#4783,1.);
#4783 = DIRECTION('',(-1.,0.,0.));
#4784 = CARTESIAN_POINT('',(-0.575,-0.825,5.1E-02));
#4785 = CARTESIAN_POINT('',(-0.949,-0.825,5.1E-02));
#4786 = GEOMETRIC_CURVE_SET('',(#4787));
#4787 = TRIMMED_CURVE('',#4788,(#4792,PARAMETER_VALUE(0.)),(#4793,
    PARAMETER_VALUE(0.35)),.T.,.PARAMETER.);
#4788 = LINE('',#4789,#4790);
#4789 = CARTESIAN_POINT('',(-0.575,-0.475,5.1E-02));
#4790 = VECTOR('',#4791,1.);
#4791 = DIRECTION('',(0.,-1.,0.));
#4792 = CARTESIAN_POINT('',(-0.575,-0.475,5.1E-02));
#4793 = CARTESIAN_POINT('',(-0.575,-0.825,5.1E-02));
#4794 = GEOMETRIC_CURVE_SET('',(#4795));
#4795 = TRIMMED_CURVE('',#4796,(#4800,PARAMETER_VALUE(0.)),(#4801,
    PARAMETER_VALUE(0.374)),.T.,.PARAMETER.);
#4796 = LINE('',#4797,#4798);
#4797 = CARTESIAN_POINT('',(-0.949,-0.475,5.1E-02));
#4798 = VECTOR('',#4799,1.);
#4799 = DIRECTION('',(1.,0.,0.));
#4800 = CARTESIAN_POINT('',(-0.949,-0.475,5.1E-02));
#4801 = CARTESIAN_POINT('',(-0.575,-0.475,5.1E-02));
#4802 = GEOMETRIC_CURVE_SET('',(#4803));
#4803 = TRIMMED_CURVE('',#4804,(#4808,PARAMETER_VALUE(0.)),(#4809,
    PARAMETER_VALUE(0.35)),.T.,.PARAMETER.);
#4804 = LINE('',#4805,#4806);
#4805 = CARTESIAN_POINT('',(-0.949,-0.825,5.1E-02));
#4806 = VECTOR('',#4807,1.);
#4807 = DIRECTION('',(0.,1.,0.));
#4808 = CARTESIAN_POINT('',(-0.949,-0.825,5.1E-02));
#4809 = CARTESIAN_POINT('',(-0.949,-0.475,5.1E-02));
#4810 = GEOMETRIC_CURVE_SET('',(#4811));
#4811 = TRIMMED_CURVE('',#4812,(#4816,PARAMETER_VALUE(0.)),(#4817,
    PARAMETER_VALUE(0.35)),.T.,.PARAMETER.);
#4812 = LINE('',#4813,#4814);
#4813 = CARTESIAN_POINT('',(-1.,-0.825,0.));
#4814 = VECTOR('',#4815,1.);
#4815 = DIRECTION('',(0.,1.,0.));
#4816 = CARTESIAN_POINT('',(-1.,-0.825,0.));
#4817 = CARTESIAN_POINT('',(-1.,-0.475,0.));
#4818 = GEOMETRIC_CURVE_SET('',(#4819));
#4819 = TRIMMED_CURVE('',#4820,(#4824,PARAMETER_VALUE(0.)),(#4825,
    PARAMETER_VALUE(5.E-02)),.T.,.PARAMETER.);
#4820 = LINE('',#4821,#4822);
#4821 = CARTESIAN_POINT('',(-1.,-0.825,5.E-02));
#4822 = VECTOR('',#4823,1.);
#4823 = DIRECTION('',(0.,0.,-1.));
#4824 = CARTESIAN_POINT('',(-1.,-0.825,5.E-02));
#4825 = CARTESIAN_POINT('',(-1.,-0.825,0.));
#4826 = GEOMETRIC_CURVE_SET('',(#4827));
#4827 = TRIMMED_CURVE('',#4828,(#4832,PARAMETER_VALUE(0.)),(#4833,
    PARAMETER_VALUE(0.35)),.T.,.PARAMETER.);
#4828 = LINE('',#4829,#4830);
#4829 = CARTESIAN_POINT('',(-1.,-0.475,5.E-02));
#4830 = VECTOR('',#4831,1.);
#4831 = DIRECTION('',(0.,-1.,0.));
#4832 = CARTESIAN_POINT('',(-1.,-0.475,5.E-02));
#4833 = CARTESIAN_POINT('',(-1.,-0.825,5.E-02));
#4834 = GEOMETRIC_CURVE_SET('',(#4835));
#4835 = TRIMMED_CURVE('',#4836,(#4840,PARAMETER_VALUE(0.)),(#4841,
    PARAMETER_VALUE(5.E-02)),.T.,.PARAMETER.);
#4836 = LINE('',#4837,#4838);
#4837 = CARTESIAN_POINT('',(-1.,-0.475,0.));
#4838 = VECTOR('',#4839,1.);
#4839 = DIRECTION('',(0.,0.,1.));
#4840 = CARTESIAN_POINT('',(-1.,-0.475,0.));
#4841 = CARTESIAN_POINT('',(-1.,-0.475,5.E-02));
#4842 = GEOMETRIC_CURVE_SET('',(#4843));
#4843 = TRIMMED_CURVE('',#4844,(#4848,PARAMETER_VALUE(0.)),(#4849,
    PARAMETER_VALUE(0.35)),.T.,.PARAMETER.);
#4844 = LINE('',#4845,#4846);
#4845 = CARTESIAN_POINT('',(-0.575,-0.475,0.));
#4846 = VECTOR('',#4847,1.);
#4847 = DIRECTION('',(0.,-1.,0.));
#4848 = CARTESIAN_POINT('',(-0.575,-0.475,0.));
#4849 = CARTESIAN_POINT('',(-0.575,-0.825,0.));
#4850 = GEOMETRIC_CURVE_SET('',(#4851));
#4851 = TRIMMED_CURVE('',#4852,(#4856,PARAMETER_VALUE(0.)),(#4857,
    PARAMETER_VALUE(5.1E-02)),.T.,.PARAMETER.);
#4852 = LINE('',#4853,#4854);
#4853 = CARTESIAN_POINT('',(-0.575,-0.475,5.1E-02));
#4854 = VECTOR('',#4855,1.);
#4855 = DIRECTION('',(0.,0.,-1.));
#4856 = CARTESIAN_POINT('',(-0.575,-0.475,5.1E-02));
#4857 = CARTESIAN_POINT('',(-0.575,-0.475,0.));
#4858 = GEOMETRIC_CURVE_SET('',(#4859));
#4859 = TRIMMED_CURVE('',#4860,(#4864,PARAMETER_VALUE(0.)),(#4865,
    PARAMETER_VALUE(0.35)),.T.,.PARAMETER.);
#4860 = LINE('',#4861,#4862);
#4861 = CARTESIAN_POINT('',(-0.575,-0.825,5.1E-02));
#4862 = VECTOR('',#4863,1.);
#4863 = DIRECTION('',(0.,1.,0.));
#4864 = CARTESIAN_POINT('',(-0.575,-0.825,5.1E-02));
#4865 = CARTESIAN_POINT('',(-0.575,-0.475,5.1E-02));
#4866 = GEOMETRIC_CURVE_SET('',(#4867));
#4867 = TRIMMED_CURVE('',#4868,(#4872,PARAMETER_VALUE(0.)),(#4873,
    PARAMETER_VALUE(5.1E-02)),.T.,.PARAMETER.);
#4868 = LINE('',#4869,#4870);
#4869 = CARTESIAN_POINT('',(-0.575,-0.825,0.));
#4870 = VECTOR('',#4871,1.);
#4871 = DIRECTION('',(0.,0.,1.));
#4872 = CARTESIAN_POINT('',(-0.575,-0.825,0.));
#4873 = CARTESIAN_POINT('',(-0.575,-0.825,5.1E-02));
#4874 = GEOMETRIC_CURVE_SET('',(#4875));
#4875 = TRIMMED_CURVE('',#4876,(#4880,PARAMETER_VALUE(0.)),(#4881,
    PARAMETER_VALUE(0.35)),.T.,.PARAMETER.);
#4876 = LINE('',#4877,#4878);
#4877 = CARTESIAN_POINT('',(-0.949,-0.475,5.1E-02));
#4878 = VECTOR('',#4879,1.);
#4879 = DIRECTION('',(0.,-1.,0.));
#4880 = CARTESIAN_POINT('',(-0.949,-0.475,5.1E-02));
#4881 = CARTESIAN_POINT('',(-0.949,-0.825,5.1E-02));
#4882 = GEOMETRIC_CURVE_SET('',(#4883));
#4883 = TRIMMED_CURVE('',#4884,(#4888,PARAMETER_VALUE(0.)),(#4889,
    PARAMETER_VALUE(1.E-03)),.T.,.PARAMETER.);
#4884 = LINE('',#4885,#4886);
#4885 = CARTESIAN_POINT('',(-0.949,-0.475,5.E-02));
#4886 = VECTOR('',#4887,1.);
#4887 = DIRECTION('',(0.,0.,1.));
#4888 = CARTESIAN_POINT('',(-0.949,-0.475,5.E-02));
#4889 = CARTESIAN_POINT('',(-0.949,-0.475,5.1E-02));
#4890 = GEOMETRIC_CURVE_SET('',(#4891));
#4891 = TRIMMED_CURVE('',#4892,(#4896,PARAMETER_VALUE(0.)),(#4897,
    PARAMETER_VALUE(0.35)),.T.,.PARAMETER.);
#4892 = LINE('',#4893,#4894);
#4893 = CARTESIAN_POINT('',(-0.949,-0.825,5.E-02));
#4894 = VECTOR('',#4895,1.);
#4895 = DIRECTION('',(0.,1.,0.));
#4896 = CARTESIAN_POINT('',(-0.949,-0.825,5.E-02));
#4897 = CARTESIAN_POINT('',(-0.949,-0.475,5.E-02));
#4898 = GEOMETRIC_CURVE_SET('',(#4899));
#4899 = TRIMMED_CURVE('',#4900,(#4904,PARAMETER_VALUE(0.)),(#4905,
    PARAMETER_VALUE(1.E-03)),.T.,.PARAMETER.);
#4900 = LINE('',#4901,#4902);
#4901 = CARTESIAN_POINT('',(-0.949,-0.825,5.1E-02));
#4902 = VECTOR('',#4903,1.);
#4903 = DIRECTION('',(0.,0.,-1.));
#4904 = CARTESIAN_POINT('',(-0.949,-0.825,5.1E-02));
#4905 = CARTESIAN_POINT('',(-0.949,-0.825,5.E-02));
#4906 = GEOMETRIC_CURVE_SET('',(#4907));
#4907 = TRIMMED_CURVE('',#4908,(#4912,PARAMETER_VALUE(0.)),(#4913,
    PARAMETER_VALUE(0.425)),.T.,.PARAMETER.);
#4908 = LINE('',#4909,#4910);
#4909 = CARTESIAN_POINT('',(-0.575,-0.475,0.));
#4910 = VECTOR('',#4911,1.);
#4911 = DIRECTION('',(-1.,0.,0.));
#4912 = CARTESIAN_POINT('',(-0.575,-0.475,0.));
#4913 = CARTESIAN_POINT('',(-1.,-0.475,0.));
#4914 = GEOMETRIC_CURVE_SET('',(#4915));
#4915 = TRIMMED_CURVE('',#4916,(#4920,PARAMETER_VALUE(0.)),(#4921,
    PARAMETER_VALUE(0.35)),.T.,.PARAMETER.);
#4916 = LINE('',#4917,#4918);
#4917 = CARTESIAN_POINT('',(-0.575,-0.825,0.));
#4918 = VECTOR('',#4919,1.);
#4919 = DIRECTION('',(0.,1.,0.));
#4920 = CARTESIAN_POINT('',(-0.575,-0.825,0.));
#4921 = CARTESIAN_POINT('',(-0.575,-0.475,0.));
#4922 = GEOMETRIC_CURVE_SET('',(#4923));
#4923 = TRIMMED_CURVE('',#4924,(#4928,PARAMETER_VALUE(0.)),(#4929,
    PARAMETER_VALUE(0.425)),.T.,.PARAMETER.);
#4924 = LINE('',#4925,#4926);
#4925 = CARTESIAN_POINT('',(-1.,-0.825,0.));
#4926 = VECTOR('',#4927,1.);
#4927 = DIRECTION('',(1.,0.,0.));
#4928 = CARTESIAN_POINT('',(-1.,-0.825,0.));
#4929 = CARTESIAN_POINT('',(-0.575,-0.825,0.));
#4930 = GEOMETRIC_CURVE_SET('',(#4931));
#4931 = TRIMMED_CURVE('',#4932,(#4936,PARAMETER_VALUE(0.)),(#4937,
    PARAMETER_VALUE(0.35)),.T.,.PARAMETER.);
#4932 = LINE('',#4933,#4934);
#4933 = CARTESIAN_POINT('',(-1.,-0.475,0.));
#4934 = VECTOR('',#4935,1.);
#4935 = DIRECTION('',(0.,-1.,0.));
#4936 = CARTESIAN_POINT('',(-1.,-0.475,0.));
#4937 = CARTESIAN_POINT('',(-1.,-0.825,0.));
#4938 = GEOMETRIC_CURVE_SET('',(#4939));
#4939 = TRIMMED_CURVE('',#4940,(#4944,PARAMETER_VALUE(0.)),(#4945,
    PARAMETER_VALUE(0.425)),.T.,.PARAMETER.);
#4940 = LINE('',#4941,#4942);
#4941 = CARTESIAN_POINT('',(-0.575,-0.175,0.));
#4942 = VECTOR('',#4943,1.);
#4943 = DIRECTION('',(-1.,0.,0.));
#4944 = CARTESIAN_POINT('',(-0.575,-0.175,0.));
#4945 = CARTESIAN_POINT('',(-1.,-0.175,0.));
#4946 = GEOMETRIC_CURVE_SET('',(#4947));
#4947 = TRIMMED_CURVE('',#4948,(#4952,PARAMETER_VALUE(0.)),(#4953,
    PARAMETER_VALUE(5.1E-02)),.T.,.PARAMETER.);
#4948 = LINE('',#4949,#4950);
#4949 = CARTESIAN_POINT('',(-0.575,-0.175,5.1E-02));
#4950 = VECTOR('',#4951,1.);
#4951 = DIRECTION('',(0.,0.,-1.));
#4952 = CARTESIAN_POINT('',(-0.575,-0.175,5.1E-02));
#4953 = CARTESIAN_POINT('',(-0.575,-0.175,0.));
#4954 = GEOMETRIC_CURVE_SET('',(#4955));
#4955 = TRIMMED_CURVE('',#4956,(#4960,PARAMETER_VALUE(0.)),(#4961,
    PARAMETER_VALUE(0.374)),.T.,.PARAMETER.);
#4956 = LINE('',#4957,#4958);
#4957 = CARTESIAN_POINT('',(-0.949,-0.175,5.1E-02));
#4958 = VECTOR('',#4959,1.);
#4959 = DIRECTION('',(1.,0.,0.));
#4960 = CARTESIAN_POINT('',(-0.949,-0.175,5.1E-02));
#4961 = CARTESIAN_POINT('',(-0.575,-0.175,5.1E-02));
#4962 = GEOMETRIC_CURVE_SET('',(#4963));
#4963 = TRIMMED_CURVE('',#4964,(#4968,PARAMETER_VALUE(0.)),(#4969,
    PARAMETER_VALUE(1.E-03)),.T.,.PARAMETER.);
#4964 = LINE('',#4965,#4966);
#4965 = CARTESIAN_POINT('',(-0.949,-0.175,5.E-02));
#4966 = VECTOR('',#4967,1.);
#4967 = DIRECTION('',(0.,0.,1.));
#4968 = CARTESIAN_POINT('',(-0.949,-0.175,5.E-02));
#4969 = CARTESIAN_POINT('',(-0.949,-0.175,5.1E-02));
#4970 = GEOMETRIC_CURVE_SET('',(#4971));
#4971 = TRIMMED_CURVE('',#4972,(#4976,PARAMETER_VALUE(0.)),(#4977,
    PARAMETER_VALUE(5.1E-02)),.T.,.PARAMETER.);
#4972 = LINE('',#4973,#4974);
#4973 = CARTESIAN_POINT('',(-1.,-0.175,5.E-02));
#4974 = VECTOR('',#4975,1.);
#4975 = DIRECTION('',(1.,0.,0.));
#4976 = CARTESIAN_POINT('',(-1.,-0.175,5.E-02));
#4977 = CARTESIAN_POINT('',(-0.949,-0.175,5.E-02));
#4978 = GEOMETRIC_CURVE_SET('',(#4979));
#4979 = TRIMMED_CURVE('',#4980,(#4984,PARAMETER_VALUE(0.)),(#4985,
    PARAMETER_VALUE(5.E-02)),.T.,.PARAMETER.);
#4980 = LINE('',#4981,#4982);
#4981 = CARTESIAN_POINT('',(-1.,-0.175,0.));
#4982 = VECTOR('',#4983,1.);
#4983 = DIRECTION('',(0.,0.,1.));
#4984 = CARTESIAN_POINT('',(-1.,-0.175,0.));
#4985 = CARTESIAN_POINT('',(-1.,-0.175,5.E-02));
#4986 = GEOMETRIC_CURVE_SET('',(#4987));
#4987 = TRIMMED_CURVE('',#4988,(#4992,PARAMETER_VALUE(0.)),(#4993,
    PARAMETER_VALUE(0.425)),.T.,.PARAMETER.);
#4988 = LINE('',#4989,#4990);
#4989 = CARTESIAN_POINT('',(-1.,0.175,0.));
#4990 = VECTOR('',#4991,1.);
#4991 = DIRECTION('',(1.,0.,0.));
#4992 = CARTESIAN_POINT('',(-1.,0.175,0.));
#4993 = CARTESIAN_POINT('',(-0.575,0.175,0.));
#4994 = GEOMETRIC_CURVE_SET('',(#4995));
#4995 = TRIMMED_CURVE('',#4996,(#5000,PARAMETER_VALUE(0.)),(#5001,
    PARAMETER_VALUE(5.E-02)),.T.,.PARAMETER.);
#4996 = LINE('',#4997,#4998);
#4997 = CARTESIAN_POINT('',(-1.,0.175,5.E-02));
#4998 = VECTOR('',#4999,1.);
#4999 = DIRECTION('',(0.,0.,-1.));
#5000 = CARTESIAN_POINT('',(-1.,0.175,5.E-02));
#5001 = CARTESIAN_POINT('',(-1.,0.175,0.));
#5002 = GEOMETRIC_CURVE_SET('',(#5003));
#5003 = TRIMMED_CURVE('',#5004,(#5008,PARAMETER_VALUE(0.)),(#5009,
    PARAMETER_VALUE(5.1E-02)),.T.,.PARAMETER.);
#5004 = LINE('',#5005,#5006);
#5005 = CARTESIAN_POINT('',(-0.949,0.175,5.E-02));
#5006 = VECTOR('',#5007,1.);
#5007 = DIRECTION('',(-1.,0.,0.));
#5008 = CARTESIAN_POINT('',(-0.949,0.175,5.E-02));
#5009 = CARTESIAN_POINT('',(-1.,0.175,5.E-02));
#5010 = GEOMETRIC_CURVE_SET('',(#5011));
#5011 = TRIMMED_CURVE('',#5012,(#5016,PARAMETER_VALUE(0.)),(#5017,
    PARAMETER_VALUE(1.E-03)),.T.,.PARAMETER.);
#5012 = LINE('',#5013,#5014);
#5013 = CARTESIAN_POINT('',(-0.949,0.175,5.1E-02));
#5014 = VECTOR('',#5015,1.);
#5015 = DIRECTION('',(0.,0.,-1.));
#5016 = CARTESIAN_POINT('',(-0.949,0.175,5.1E-02));
#5017 = CARTESIAN_POINT('',(-0.949,0.175,5.E-02));
#5018 = GEOMETRIC_CURVE_SET('',(#5019));
#5019 = TRIMMED_CURVE('',#5020,(#5024,PARAMETER_VALUE(0.)),(#5025,
    PARAMETER_VALUE(0.374)),.T.,.PARAMETER.);
#5020 = LINE('',#5021,#5022);
#5021 = CARTESIAN_POINT('',(-0.575,0.175,5.1E-02));
#5022 = VECTOR('',#5023,1.);
#5023 = DIRECTION('',(-1.,0.,0.));
#5024 = CARTESIAN_POINT('',(-0.575,0.175,5.1E-02));
#5025 = CARTESIAN_POINT('',(-0.949,0.175,5.1E-02));
#5026 = GEOMETRIC_CURVE_SET('',(#5027));
#5027 = TRIMMED_CURVE('',#5028,(#5032,PARAMETER_VALUE(0.)),(#5033,
    PARAMETER_VALUE(5.1E-02)),.T.,.PARAMETER.);
#5028 = LINE('',#5029,#5030);
#5029 = CARTESIAN_POINT('',(-0.575,0.175,0.));
#5030 = VECTOR('',#5031,1.);
#5031 = DIRECTION('',(0.,0.,1.));
#5032 = CARTESIAN_POINT('',(-0.575,0.175,0.));
#5033 = CARTESIAN_POINT('',(-0.575,0.175,5.1E-02));
#5034 = GEOMETRIC_CURVE_SET('',(#5035));
#5035 = TRIMMED_CURVE('',#5036,(#5040,PARAMETER_VALUE(0.)),(#5041,
    PARAMETER_VALUE(5.1E-02)),.T.,.PARAMETER.);
#5036 = LINE('',#5037,#5038);
#5037 = CARTESIAN_POINT('',(-0.949,-0.175,5.E-02));
#5038 = VECTOR('',#5039,1.);
#5039 = DIRECTION('',(-1.,0.,0.));
#5040 = CARTESIAN_POINT('',(-0.949,-0.175,5.E-02));
#5041 = CARTESIAN_POINT('',(-1.,-0.175,5.E-02));
#5042 = GEOMETRIC_CURVE_SET('',(#5043));
#5043 = TRIMMED_CURVE('',#5044,(#5048,PARAMETER_VALUE(0.)),(#5049,
    PARAMETER_VALUE(0.35)),.T.,.PARAMETER.);
#5044 = LINE('',#5045,#5046);
#5045 = CARTESIAN_POINT('',(-0.949,0.175,5.E-02));
#5046 = VECTOR('',#5047,1.);
#5047 = DIRECTION('',(0.,-1.,0.));
#5048 = CARTESIAN_POINT('',(-0.949,0.175,5.E-02));
#5049 = CARTESIAN_POINT('',(-0.949,-0.175,5.E-02));
#5050 = GEOMETRIC_CURVE_SET('',(#5051));
#5051 = TRIMMED_CURVE('',#5052,(#5056,PARAMETER_VALUE(0.)),(#5057,
    PARAMETER_VALUE(5.1E-02)),.T.,.PARAMETER.);
#5052 = LINE('',#5053,#5054);
#5053 = CARTESIAN_POINT('',(-1.,0.175,5.E-02));
#5054 = VECTOR('',#5055,1.);
#5055 = DIRECTION('',(1.,0.,0.));
#5056 = CARTESIAN_POINT('',(-1.,0.175,5.E-02));
#5057 = CARTESIAN_POINT('',(-0.949,0.175,5.E-02));
#5058 = GEOMETRIC_CURVE_SET('',(#5059));
#5059 = TRIMMED_CURVE('',#5060,(#5064,PARAMETER_VALUE(0.)),(#5065,
    PARAMETER_VALUE(0.35)),.T.,.PARAMETER.);
#5060 = LINE('',#5061,#5062);
#5061 = CARTESIAN_POINT('',(-1.,-0.175,5.E-02));
#5062 = VECTOR('',#5063,1.);
#5063 = DIRECTION('',(0.,1.,0.));
#5064 = CARTESIAN_POINT('',(-1.,-0.175,5.E-02));
#5065 = CARTESIAN_POINT('',(-1.,0.175,5.E-02));
#5066 = GEOMETRIC_CURVE_SET('',(#5067));
#5067 = TRIMMED_CURVE('',#5068,(#5072,PARAMETER_VALUE(0.)),(#5073,
    PARAMETER_VALUE(0.374)),.T.,.PARAMETER.);
#5068 = LINE('',#5069,#5070);
#5069 = CARTESIAN_POINT('',(-0.575,-0.175,5.1E-02));
#5070 = VECTOR('',#5071,1.);
#5071 = DIRECTION('',(-1.,0.,0.));
#5072 = CARTESIAN_POINT('',(-0.575,-0.175,5.1E-02));
#5073 = CARTESIAN_POINT('',(-0.949,-0.175,5.1E-02));
#5074 = GEOMETRIC_CURVE_SET('',(#5075));
#5075 = TRIMMED_CURVE('',#5076,(#5080,PARAMETER_VALUE(0.)),(#5081,
    PARAMETER_VALUE(0.35)),.T.,.PARAMETER.);
#5076 = LINE('',#5077,#5078);
#5077 = CARTESIAN_POINT('',(-0.575,0.175,5.1E-02));
#5078 = VECTOR('',#5079,1.);
#5079 = DIRECTION('',(0.,-1.,0.));
#5080 = CARTESIAN_POINT('',(-0.575,0.175,5.1E-02));
#5081 = CARTESIAN_POINT('',(-0.575,-0.175,5.1E-02));
#5082 = GEOMETRIC_CURVE_SET('',(#5083));
#5083 = TRIMMED_CURVE('',#5084,(#5088,PARAMETER_VALUE(0.)),(#5089,
    PARAMETER_VALUE(0.374)),.T.,.PARAMETER.);
#5084 = LINE('',#5085,#5086);
#5085 = CARTESIAN_POINT('',(-0.949,0.175,5.1E-02));
#5086 = VECTOR('',#5087,1.);
#5087 = DIRECTION('',(1.,0.,0.));
#5088 = CARTESIAN_POINT('',(-0.949,0.175,5.1E-02));
#5089 = CARTESIAN_POINT('',(-0.575,0.175,5.1E-02));
#5090 = GEOMETRIC_CURVE_SET('',(#5091));
#5091 = TRIMMED_CURVE('',#5092,(#5096,PARAMETER_VALUE(0.)),(#5097,
    PARAMETER_VALUE(0.35)),.T.,.PARAMETER.);
#5092 = LINE('',#5093,#5094);
#5093 = CARTESIAN_POINT('',(-0.949,-0.175,5.1E-02));
#5094 = VECTOR('',#5095,1.);
#5095 = DIRECTION('',(0.,1.,0.));
#5096 = CARTESIAN_POINT('',(-0.949,-0.175,5.1E-02));
#5097 = CARTESIAN_POINT('',(-0.949,0.175,5.1E-02));
#5098 = GEOMETRIC_CURVE_SET('',(#5099));
#5099 = TRIMMED_CURVE('',#5100,(#5104,PARAMETER_VALUE(0.)),(#5105,
    PARAMETER_VALUE(0.35)),.T.,.PARAMETER.);
#5100 = LINE('',#5101,#5102);
#5101 = CARTESIAN_POINT('',(-1.,-0.175,0.));
#5102 = VECTOR('',#5103,1.);
#5103 = DIRECTION('',(0.,1.,0.));
#5104 = CARTESIAN_POINT('',(-1.,-0.175,0.));
#5105 = CARTESIAN_POINT('',(-1.,0.175,0.));
#5106 = GEOMETRIC_CURVE_SET('',(#5107));
#5107 = TRIMMED_CURVE('',#5108,(#5112,PARAMETER_VALUE(0.)),(#5113,
    PARAMETER_VALUE(5.E-02)),.T.,.PARAMETER.);
#5108 = LINE('',#5109,#5110);
#5109 = CARTESIAN_POINT('',(-1.,-0.175,5.E-02));
#5110 = VECTOR('',#5111,1.);
#5111 = DIRECTION('',(0.,0.,-1.));
#5112 = CARTESIAN_POINT('',(-1.,-0.175,5.E-02));
#5113 = CARTESIAN_POINT('',(-1.,-0.175,0.));
#5114 = GEOMETRIC_CURVE_SET('',(#5115));
#5115 = TRIMMED_CURVE('',#5116,(#5120,PARAMETER_VALUE(0.)),(#5121,
    PARAMETER_VALUE(0.35)),.T.,.PARAMETER.);
#5116 = LINE('',#5117,#5118);
#5117 = CARTESIAN_POINT('',(-1.,0.175,5.E-02));
#5118 = VECTOR('',#5119,1.);
#5119 = DIRECTION('',(0.,-1.,0.));
#5120 = CARTESIAN_POINT('',(-1.,0.175,5.E-02));
#5121 = CARTESIAN_POINT('',(-1.,-0.175,5.E-02));
#5122 = GEOMETRIC_CURVE_SET('',(#5123));
#5123 = TRIMMED_CURVE('',#5124,(#5128,PARAMETER_VALUE(0.)),(#5129,
    PARAMETER_VALUE(5.E-02)),.T.,.PARAMETER.);
#5124 = LINE('',#5125,#5126);
#5125 = CARTESIAN_POINT('',(-1.,0.175,0.));
#5126 = VECTOR('',#5127,1.);
#5127 = DIRECTION('',(0.,0.,1.));
#5128 = CARTESIAN_POINT('',(-1.,0.175,0.));
#5129 = CARTESIAN_POINT('',(-1.,0.175,5.E-02));
#5130 = GEOMETRIC_CURVE_SET('',(#5131));
#5131 = TRIMMED_CURVE('',#5132,(#5136,PARAMETER_VALUE(0.)),(#5137,
    PARAMETER_VALUE(0.35)),.T.,.PARAMETER.);
#5132 = LINE('',#5133,#5134);
#5133 = CARTESIAN_POINT('',(-0.575,0.175,0.));
#5134 = VECTOR('',#5135,1.);
#5135 = DIRECTION('',(0.,-1.,0.));
#5136 = CARTESIAN_POINT('',(-0.575,0.175,0.));
#5137 = CARTESIAN_POINT('',(-0.575,-0.175,0.));
#5138 = GEOMETRIC_CURVE_SET('',(#5139));
#5139 = TRIMMED_CURVE('',#5140,(#5144,PARAMETER_VALUE(0.)),(#5145,
    PARAMETER_VALUE(5.1E-02)),.T.,.PARAMETER.);
#5140 = LINE('',#5141,#5142);
#5141 = CARTESIAN_POINT('',(-0.575,0.175,5.1E-02));
#5142 = VECTOR('',#5143,1.);
#5143 = DIRECTION('',(0.,0.,-1.));
#5144 = CARTESIAN_POINT('',(-0.575,0.175,5.1E-02));
#5145 = CARTESIAN_POINT('',(-0.575,0.175,0.));
#5146 = GEOMETRIC_CURVE_SET('',(#5147));
#5147 = TRIMMED_CURVE('',#5148,(#5152,PARAMETER_VALUE(0.)),(#5153,
    PARAMETER_VALUE(0.35)),.T.,.PARAMETER.);
#5148 = LINE('',#5149,#5150);
#5149 = CARTESIAN_POINT('',(-0.575,-0.175,5.1E-02));
#5150 = VECTOR('',#5151,1.);
#5151 = DIRECTION('',(0.,1.,0.));
#5152 = CARTESIAN_POINT('',(-0.575,-0.175,5.1E-02));
#5153 = CARTESIAN_POINT('',(-0.575,0.175,5.1E-02));
#5154 = GEOMETRIC_CURVE_SET('',(#5155));
#5155 = TRIMMED_CURVE('',#5156,(#5160,PARAMETER_VALUE(0.)),(#5161,
    PARAMETER_VALUE(5.1E-02)),.T.,.PARAMETER.);
#5156 = LINE('',#5157,#5158);
#5157 = CARTESIAN_POINT('',(-0.575,-0.175,0.));
#5158 = VECTOR('',#5159,1.);
#5159 = DIRECTION('',(0.,0.,1.));
#5160 = CARTESIAN_POINT('',(-0.575,-0.175,0.));
#5161 = CARTESIAN_POINT('',(-0.575,-0.175,5.1E-02));
#5162 = GEOMETRIC_CURVE_SET('',(#5163));
#5163 = TRIMMED_CURVE('',#5164,(#5168,PARAMETER_VALUE(0.)),(#5169,
    PARAMETER_VALUE(0.35)),.T.,.PARAMETER.);
#5164 = LINE('',#5165,#5166);
#5165 = CARTESIAN_POINT('',(-0.949,0.175,5.1E-02));
#5166 = VECTOR('',#5167,1.);
#5167 = DIRECTION('',(0.,-1.,0.));
#5168 = CARTESIAN_POINT('',(-0.949,0.175,5.1E-02));
#5169 = CARTESIAN_POINT('',(-0.949,-0.175,5.1E-02));
#5170 = GEOMETRIC_CURVE_SET('',(#5171));
#5171 = TRIMMED_CURVE('',#5172,(#5176,PARAMETER_VALUE(0.)),(#5177,
    PARAMETER_VALUE(1.E-03)),.T.,.PARAMETER.);
#5172 = LINE('',#5173,#5174);
#5173 = CARTESIAN_POINT('',(-0.949,0.175,5.E-02));
#5174 = VECTOR('',#5175,1.);
#5175 = DIRECTION('',(0.,0.,1.));
#5176 = CARTESIAN_POINT('',(-0.949,0.175,5.E-02));
#5177 = CARTESIAN_POINT('',(-0.949,0.175,5.1E-02));
#5178 = GEOMETRIC_CURVE_SET('',(#5179));
#5179 = TRIMMED_CURVE('',#5180,(#5184,PARAMETER_VALUE(0.)),(#5185,
    PARAMETER_VALUE(0.35)),.T.,.PARAMETER.);
#5180 = LINE('',#5181,#5182);
#5181 = CARTESIAN_POINT('',(-0.949,-0.175,5.E-02));
#5182 = VECTOR('',#5183,1.);
#5183 = DIRECTION('',(0.,1.,0.));
#5184 = CARTESIAN_POINT('',(-0.949,-0.175,5.E-02));
#5185 = CARTESIAN_POINT('',(-0.949,0.175,5.E-02));
#5186 = GEOMETRIC_CURVE_SET('',(#5187));
#5187 = TRIMMED_CURVE('',#5188,(#5192,PARAMETER_VALUE(0.)),(#5193,
    PARAMETER_VALUE(1.E-03)),.T.,.PARAMETER.);
#5188 = LINE('',#5189,#5190);
#5189 = CARTESIAN_POINT('',(-0.949,-0.175,5.1E-02));
#5190 = VECTOR('',#5191,1.);
#5191 = DIRECTION('',(0.,0.,-1.));
#5192 = CARTESIAN_POINT('',(-0.949,-0.175,5.1E-02));
#5193 = CARTESIAN_POINT('',(-0.949,-0.175,5.E-02));
#5194 = GEOMETRIC_CURVE_SET('',(#5195));
#5195 = TRIMMED_CURVE('',#5196,(#5200,PARAMETER_VALUE(0.)),(#5201,
    PARAMETER_VALUE(0.425)),.T.,.PARAMETER.);
#5196 = LINE('',#5197,#5198);
#5197 = CARTESIAN_POINT('',(-0.575,0.175,0.));
#5198 = VECTOR('',#5199,1.);
#5199 = DIRECTION('',(-1.,0.,0.));
#5200 = CARTESIAN_POINT('',(-0.575,0.175,0.));
#5201 = CARTESIAN_POINT('',(-1.,0.175,0.));
#5202 = GEOMETRIC_CURVE_SET('',(#5203));
#5203 = TRIMMED_CURVE('',#5204,(#5208,PARAMETER_VALUE(0.)),(#5209,
    PARAMETER_VALUE(0.35)),.T.,.PARAMETER.);
#5204 = LINE('',#5205,#5206);
#5205 = CARTESIAN_POINT('',(-0.575,-0.175,0.));
#5206 = VECTOR('',#5207,1.);
#5207 = DIRECTION('',(0.,1.,0.));
#5208 = CARTESIAN_POINT('',(-0.575,-0.175,0.));
#5209 = CARTESIAN_POINT('',(-0.575,0.175,0.));
#5210 = GEOMETRIC_CURVE_SET('',(#5211));
#5211 = TRIMMED_CURVE('',#5212,(#5216,PARAMETER_VALUE(0.)),(#5217,
    PARAMETER_VALUE(0.425)),.T.,.PARAMETER.);
#5212 = LINE('',#5213,#5214);
#5213 = CARTESIAN_POINT('',(-1.,-0.175,0.));
#5214 = VECTOR('',#5215,1.);
#5215 = DIRECTION('',(1.,0.,0.));
#5216 = CARTESIAN_POINT('',(-1.,-0.175,0.));
#5217 = CARTESIAN_POINT('',(-0.575,-0.175,0.));
#5218 = GEOMETRIC_CURVE_SET('',(#5219));
#5219 = TRIMMED_CURVE('',#5220,(#5224,PARAMETER_VALUE(0.)),(#5225,
    PARAMETER_VALUE(0.35)),.T.,.PARAMETER.);
#5220 = LINE('',#5221,#5222);
#5221 = CARTESIAN_POINT('',(-1.,0.175,0.));
#5222 = VECTOR('',#5223,1.);
#5223 = DIRECTION('',(0.,-1.,0.));
#5224 = CARTESIAN_POINT('',(-1.,0.175,0.));
#5225 = CARTESIAN_POINT('',(-1.,-0.175,0.));
#5226 = GEOMETRIC_CURVE_SET('',(#5227));
#5227 = TRIMMED_CURVE('',#5228,(#5232,PARAMETER_VALUE(0.)),(#5233,
    PARAMETER_VALUE(0.425)),.T.,.PARAMETER.);
#5228 = LINE('',#5229,#5230);
#5229 = CARTESIAN_POINT('',(-0.575,0.475,0.));
#5230 = VECTOR('',#5231,1.);
#5231 = DIRECTION('',(-1.,0.,0.));
#5232 = CARTESIAN_POINT('',(-0.575,0.475,0.));
#5233 = CARTESIAN_POINT('',(-1.,0.475,0.));
#5234 = GEOMETRIC_CURVE_SET('',(#5235));
#5235 = TRIMMED_CURVE('',#5236,(#5240,PARAMETER_VALUE(0.)),(#5241,
    PARAMETER_VALUE(5.1E-02)),.T.,.PARAMETER.);
#5236 = LINE('',#5237,#5238);
#5237 = CARTESIAN_POINT('',(-0.575,0.475,5.1E-02));
#5238 = VECTOR('',#5239,1.);
#5239 = DIRECTION('',(0.,0.,-1.));
#5240 = CARTESIAN_POINT('',(-0.575,0.475,5.1E-02));
#5241 = CARTESIAN_POINT('',(-0.575,0.475,0.));
#5242 = GEOMETRIC_CURVE_SET('',(#5243));
#5243 = TRIMMED_CURVE('',#5244,(#5248,PARAMETER_VALUE(0.)),(#5249,
    PARAMETER_VALUE(0.374)),.T.,.PARAMETER.);
#5244 = LINE('',#5245,#5246);
#5245 = CARTESIAN_POINT('',(-0.949,0.475,5.1E-02));
#5246 = VECTOR('',#5247,1.);
#5247 = DIRECTION('',(1.,0.,0.));
#5248 = CARTESIAN_POINT('',(-0.949,0.475,5.1E-02));
#5249 = CARTESIAN_POINT('',(-0.575,0.475,5.1E-02));
#5250 = GEOMETRIC_CURVE_SET('',(#5251));
#5251 = TRIMMED_CURVE('',#5252,(#5256,PARAMETER_VALUE(0.)),(#5257,
    PARAMETER_VALUE(1.E-03)),.T.,.PARAMETER.);
#5252 = LINE('',#5253,#5254);
#5253 = CARTESIAN_POINT('',(-0.949,0.475,5.E-02));
#5254 = VECTOR('',#5255,1.);
#5255 = DIRECTION('',(0.,0.,1.));
#5256 = CARTESIAN_POINT('',(-0.949,0.475,5.E-02));
#5257 = CARTESIAN_POINT('',(-0.949,0.475,5.1E-02));
#5258 = GEOMETRIC_CURVE_SET('',(#5259));
#5259 = TRIMMED_CURVE('',#5260,(#5264,PARAMETER_VALUE(0.)),(#5265,
    PARAMETER_VALUE(5.1E-02)),.T.,.PARAMETER.);
#5260 = LINE('',#5261,#5262);
#5261 = CARTESIAN_POINT('',(-1.,0.475,5.E-02));
#5262 = VECTOR('',#5263,1.);
#5263 = DIRECTION('',(1.,0.,0.));
#5264 = CARTESIAN_POINT('',(-1.,0.475,5.E-02));
#5265 = CARTESIAN_POINT('',(-0.949,0.475,5.E-02));
#5266 = GEOMETRIC_CURVE_SET('',(#5267));
#5267 = TRIMMED_CURVE('',#5268,(#5272,PARAMETER_VALUE(0.)),(#5273,
    PARAMETER_VALUE(5.E-02)),.T.,.PARAMETER.);
#5268 = LINE('',#5269,#5270);
#5269 = CARTESIAN_POINT('',(-1.,0.475,0.));
#5270 = VECTOR('',#5271,1.);
#5271 = DIRECTION('',(0.,0.,1.));
#5272 = CARTESIAN_POINT('',(-1.,0.475,0.));
#5273 = CARTESIAN_POINT('',(-1.,0.475,5.E-02));
#5274 = GEOMETRIC_CURVE_SET('',(#5275));
#5275 = TRIMMED_CURVE('',#5276,(#5280,PARAMETER_VALUE(0.)),(#5281,
    PARAMETER_VALUE(0.425)),.T.,.PARAMETER.);
#5276 = LINE('',#5277,#5278);
#5277 = CARTESIAN_POINT('',(-1.,0.825,0.));
#5278 = VECTOR('',#5279,1.);
#5279 = DIRECTION('',(1.,0.,0.));
#5280 = CARTESIAN_POINT('',(-1.,0.825,0.));
#5281 = CARTESIAN_POINT('',(-0.575,0.825,0.));
#5282 = GEOMETRIC_CURVE_SET('',(#5283));
#5283 = TRIMMED_CURVE('',#5284,(#5288,PARAMETER_VALUE(0.)),(#5289,
    PARAMETER_VALUE(5.E-02)),.T.,.PARAMETER.);
#5284 = LINE('',#5285,#5286);
#5285 = CARTESIAN_POINT('',(-1.,0.825,5.E-02));
#5286 = VECTOR('',#5287,1.);
#5287 = DIRECTION('',(0.,0.,-1.));
#5288 = CARTESIAN_POINT('',(-1.,0.825,5.E-02));
#5289 = CARTESIAN_POINT('',(-1.,0.825,0.));
#5290 = GEOMETRIC_CURVE_SET('',(#5291));
#5291 = TRIMMED_CURVE('',#5292,(#5296,PARAMETER_VALUE(0.)),(#5297,
    PARAMETER_VALUE(5.1E-02)),.T.,.PARAMETER.);
#5292 = LINE('',#5293,#5294);
#5293 = CARTESIAN_POINT('',(-0.949,0.825,5.E-02));
#5294 = VECTOR('',#5295,1.);
#5295 = DIRECTION('',(-1.,0.,0.));
#5296 = CARTESIAN_POINT('',(-0.949,0.825,5.E-02));
#5297 = CARTESIAN_POINT('',(-1.,0.825,5.E-02));
#5298 = GEOMETRIC_CURVE_SET('',(#5299));
#5299 = TRIMMED_CURVE('',#5300,(#5304,PARAMETER_VALUE(0.)),(#5305,
    PARAMETER_VALUE(1.E-03)),.T.,.PARAMETER.);
#5300 = LINE('',#5301,#5302);
#5301 = CARTESIAN_POINT('',(-0.949,0.825,5.1E-02));
#5302 = VECTOR('',#5303,1.);
#5303 = DIRECTION('',(0.,0.,-1.));
#5304 = CARTESIAN_POINT('',(-0.949,0.825,5.1E-02));
#5305 = CARTESIAN_POINT('',(-0.949,0.825,5.E-02));
#5306 = GEOMETRIC_CURVE_SET('',(#5307));
#5307 = TRIMMED_CURVE('',#5308,(#5312,PARAMETER_VALUE(0.)),(#5313,
    PARAMETER_VALUE(0.374)),.T.,.PARAMETER.);
#5308 = LINE('',#5309,#5310);
#5309 = CARTESIAN_POINT('',(-0.575,0.825,5.1E-02));
#5310 = VECTOR('',#5311,1.);
#5311 = DIRECTION('',(-1.,0.,0.));
#5312 = CARTESIAN_POINT('',(-0.575,0.825,5.1E-02));
#5313 = CARTESIAN_POINT('',(-0.949,0.825,5.1E-02));
#5314 = GEOMETRIC_CURVE_SET('',(#5315));
#5315 = TRIMMED_CURVE('',#5316,(#5320,PARAMETER_VALUE(0.)),(#5321,
    PARAMETER_VALUE(5.1E-02)),.T.,.PARAMETER.);
#5316 = LINE('',#5317,#5318);
#5317 = CARTESIAN_POINT('',(-0.575,0.825,0.));
#5318 = VECTOR('',#5319,1.);
#5319 = DIRECTION('',(0.,0.,1.));
#5320 = CARTESIAN_POINT('',(-0.575,0.825,0.));
#5321 = CARTESIAN_POINT('',(-0.575,0.825,5.1E-02));
#5322 = GEOMETRIC_CURVE_SET('',(#5323));
#5323 = TRIMMED_CURVE('',#5324,(#5328,PARAMETER_VALUE(0.)),(#5329,
    PARAMETER_VALUE(5.1E-02)),.T.,.PARAMETER.);
#5324 = LINE('',#5325,#5326);
#5325 = CARTESIAN_POINT('',(-0.949,0.475,5.E-02));
#5326 = VECTOR('',#5327,1.);
#5327 = DIRECTION('',(-1.,0.,0.));
#5328 = CARTESIAN_POINT('',(-0.949,0.475,5.E-02));
#5329 = CARTESIAN_POINT('',(-1.,0.475,5.E-02));
#5330 = GEOMETRIC_CURVE_SET('',(#5331));
#5331 = TRIMMED_CURVE('',#5332,(#5336,PARAMETER_VALUE(0.)),(#5337,
    PARAMETER_VALUE(0.35)),.T.,.PARAMETER.);
#5332 = LINE('',#5333,#5334);
#5333 = CARTESIAN_POINT('',(-0.949,0.825,5.E-02));
#5334 = VECTOR('',#5335,1.);
#5335 = DIRECTION('',(0.,-1.,0.));
#5336 = CARTESIAN_POINT('',(-0.949,0.825,5.E-02));
#5337 = CARTESIAN_POINT('',(-0.949,0.475,5.E-02));
#5338 = GEOMETRIC_CURVE_SET('',(#5339));
#5339 = TRIMMED_CURVE('',#5340,(#5344,PARAMETER_VALUE(0.)),(#5345,
    PARAMETER_VALUE(5.1E-02)),.T.,.PARAMETER.);
#5340 = LINE('',#5341,#5342);
#5341 = CARTESIAN_POINT('',(-1.,0.825,5.E-02));
#5342 = VECTOR('',#5343,1.);
#5343 = DIRECTION('',(1.,0.,0.));
#5344 = CARTESIAN_POINT('',(-1.,0.825,5.E-02));
#5345 = CARTESIAN_POINT('',(-0.949,0.825,5.E-02));
#5346 = GEOMETRIC_CURVE_SET('',(#5347));
#5347 = TRIMMED_CURVE('',#5348,(#5352,PARAMETER_VALUE(0.)),(#5353,
    PARAMETER_VALUE(0.35)),.T.,.PARAMETER.);
#5348 = LINE('',#5349,#5350);
#5349 = CARTESIAN_POINT('',(-1.,0.475,5.E-02));
#5350 = VECTOR('',#5351,1.);
#5351 = DIRECTION('',(0.,1.,0.));
#5352 = CARTESIAN_POINT('',(-1.,0.475,5.E-02));
#5353 = CARTESIAN_POINT('',(-1.,0.825,5.E-02));
#5354 = GEOMETRIC_CURVE_SET('',(#5355));
#5355 = TRIMMED_CURVE('',#5356,(#5360,PARAMETER_VALUE(0.)),(#5361,
    PARAMETER_VALUE(0.374)),.T.,.PARAMETER.);
#5356 = LINE('',#5357,#5358);
#5357 = CARTESIAN_POINT('',(-0.575,0.475,5.1E-02));
#5358 = VECTOR('',#5359,1.);
#5359 = DIRECTION('',(-1.,0.,0.));
#5360 = CARTESIAN_POINT('',(-0.575,0.475,5.1E-02));
#5361 = CARTESIAN_POINT('',(-0.949,0.475,5.1E-02));
#5362 = GEOMETRIC_CURVE_SET('',(#5363));
#5363 = TRIMMED_CURVE('',#5364,(#5368,PARAMETER_VALUE(0.)),(#5369,
    PARAMETER_VALUE(0.35)),.T.,.PARAMETER.);
#5364 = LINE('',#5365,#5366);
#5365 = CARTESIAN_POINT('',(-0.575,0.825,5.1E-02));
#5366 = VECTOR('',#5367,1.);
#5367 = DIRECTION('',(0.,-1.,0.));
#5368 = CARTESIAN_POINT('',(-0.575,0.825,5.1E-02));
#5369 = CARTESIAN_POINT('',(-0.575,0.475,5.1E-02));
#5370 = GEOMETRIC_CURVE_SET('',(#5371));
#5371 = TRIMMED_CURVE('',#5372,(#5376,PARAMETER_VALUE(0.)),(#5377,
    PARAMETER_VALUE(0.374)),.T.,.PARAMETER.);
#5372 = LINE('',#5373,#5374);
#5373 = CARTESIAN_POINT('',(-0.949,0.825,5.1E-02));
#5374 = VECTOR('',#5375,1.);
#5375 = DIRECTION('',(1.,0.,0.));
#5376 = CARTESIAN_POINT('',(-0.949,0.825,5.1E-02));
#5377 = CARTESIAN_POINT('',(-0.575,0.825,5.1E-02));
#5378 = GEOMETRIC_CURVE_SET('',(#5379));
#5379 = TRIMMED_CURVE('',#5380,(#5384,PARAMETER_VALUE(0.)),(#5385,
    PARAMETER_VALUE(0.35)),.T.,.PARAMETER.);
#5380 = LINE('',#5381,#5382);
#5381 = CARTESIAN_POINT('',(-0.949,0.475,5.1E-02));
#5382 = VECTOR('',#5383,1.);
#5383 = DIRECTION('',(0.,1.,0.));
#5384 = CARTESIAN_POINT('',(-0.949,0.475,5.1E-02));
#5385 = CARTESIAN_POINT('',(-0.949,0.825,5.1E-02));
#5386 = GEOMETRIC_CURVE_SET('',(#5387));
#5387 = TRIMMED_CURVE('',#5388,(#5392,PARAMETER_VALUE(0.)),(#5393,
    PARAMETER_VALUE(0.35)),.T.,.PARAMETER.);
#5388 = LINE('',#5389,#5390);
#5389 = CARTESIAN_POINT('',(-1.,0.475,0.));
#5390 = VECTOR('',#5391,1.);
#5391 = DIRECTION('',(0.,1.,0.));
#5392 = CARTESIAN_POINT('',(-1.,0.475,0.));
#5393 = CARTESIAN_POINT('',(-1.,0.825,0.));
#5394 = GEOMETRIC_CURVE_SET('',(#5395));
#5395 = TRIMMED_CURVE('',#5396,(#5400,PARAMETER_VALUE(0.)),(#5401,
    PARAMETER_VALUE(5.E-02)),.T.,.PARAMETER.);
#5396 = LINE('',#5397,#5398);
#5397 = CARTESIAN_POINT('',(-1.,0.475,5.E-02));
#5398 = VECTOR('',#5399,1.);
#5399 = DIRECTION('',(0.,0.,-1.));
#5400 = CARTESIAN_POINT('',(-1.,0.475,5.E-02));
#5401 = CARTESIAN_POINT('',(-1.,0.475,0.));
#5402 = GEOMETRIC_CURVE_SET('',(#5403));
#5403 = TRIMMED_CURVE('',#5404,(#5408,PARAMETER_VALUE(0.)),(#5409,
    PARAMETER_VALUE(0.35)),.T.,.PARAMETER.);
#5404 = LINE('',#5405,#5406);
#5405 = CARTESIAN_POINT('',(-1.,0.825,5.E-02));
#5406 = VECTOR('',#5407,1.);
#5407 = DIRECTION('',(0.,-1.,0.));
#5408 = CARTESIAN_POINT('',(-1.,0.825,5.E-02));
#5409 = CARTESIAN_POINT('',(-1.,0.475,5.E-02));
#5410 = GEOMETRIC_CURVE_SET('',(#5411));
#5411 = TRIMMED_CURVE('',#5412,(#5416,PARAMETER_VALUE(0.)),(#5417,
    PARAMETER_VALUE(5.E-02)),.T.,.PARAMETER.);
#5412 = LINE('',#5413,#5414);
#5413 = CARTESIAN_POINT('',(-1.,0.825,0.));
#5414 = VECTOR('',#5415,1.);
#5415 = DIRECTION('',(0.,0.,1.));
#5416 = CARTESIAN_POINT('',(-1.,0.825,0.));
#5417 = CARTESIAN_POINT('',(-1.,0.825,5.E-02));
#5418 = GEOMETRIC_CURVE_SET('',(#5419));
#5419 = TRIMMED_CURVE('',#5420,(#5424,PARAMETER_VALUE(0.)),(#5425,
    PARAMETER_VALUE(0.35)),.T.,.PARAMETER.);
#5420 = LINE('',#5421,#5422);
#5421 = CARTESIAN_POINT('',(-0.575,0.825,0.));
#5422 = VECTOR('',#5423,1.);
#5423 = DIRECTION('',(0.,-1.,0.));
#5424 = CARTESIAN_POINT('',(-0.575,0.825,0.));
#5425 = CARTESIAN_POINT('',(-0.575,0.475,0.));
#5426 = GEOMETRIC_CURVE_SET('',(#5427));
#5427 = TRIMMED_CURVE('',#5428,(#5432,PARAMETER_VALUE(0.)),(#5433,
    PARAMETER_VALUE(5.1E-02)),.T.,.PARAMETER.);
#5428 = LINE('',#5429,#5430);
#5429 = CARTESIAN_POINT('',(-0.575,0.825,5.1E-02));
#5430 = VECTOR('',#5431,1.);
#5431 = DIRECTION('',(0.,0.,-1.));
#5432 = CARTESIAN_POINT('',(-0.575,0.825,5.1E-02));
#5433 = CARTESIAN_POINT('',(-0.575,0.825,0.));
#5434 = GEOMETRIC_CURVE_SET('',(#5435));
#5435 = TRIMMED_CURVE('',#5436,(#5440,PARAMETER_VALUE(0.)),(#5441,
    PARAMETER_VALUE(0.35)),.T.,.PARAMETER.);
#5436 = LINE('',#5437,#5438);
#5437 = CARTESIAN_POINT('',(-0.575,0.475,5.1E-02));
#5438 = VECTOR('',#5439,1.);
#5439 = DIRECTION('',(0.,1.,0.));
#5440 = CARTESIAN_POINT('',(-0.575,0.475,5.1E-02));
#5441 = CARTESIAN_POINT('',(-0.575,0.825,5.1E-02));
#5442 = GEOMETRIC_CURVE_SET('',(#5443));
#5443 = TRIMMED_CURVE('',#5444,(#5448,PARAMETER_VALUE(0.)),(#5449,
    PARAMETER_VALUE(5.1E-02)),.T.,.PARAMETER.);
#5444 = LINE('',#5445,#5446);
#5445 = CARTESIAN_POINT('',(-0.575,0.475,0.));
#5446 = VECTOR('',#5447,1.);
#5447 = DIRECTION('',(0.,0.,1.));
#5448 = CARTESIAN_POINT('',(-0.575,0.475,0.));
#5449 = CARTESIAN_POINT('',(-0.575,0.475,5.1E-02));
#5450 = GEOMETRIC_CURVE_SET('',(#5451));
#5451 = TRIMMED_CURVE('',#5452,(#5456,PARAMETER_VALUE(0.)),(#5457,
    PARAMETER_VALUE(0.35)),.T.,.PARAMETER.);
#5452 = LINE('',#5453,#5454);
#5453 = CARTESIAN_POINT('',(-0.949,0.825,5.1E-02));
#5454 = VECTOR('',#5455,1.);
#5455 = DIRECTION('',(0.,-1.,0.));
#5456 = CARTESIAN_POINT('',(-0.949,0.825,5.1E-02));
#5457 = CARTESIAN_POINT('',(-0.949,0.475,5.1E-02));
#5458 = GEOMETRIC_CURVE_SET('',(#5459));
#5459 = TRIMMED_CURVE('',#5460,(#5464,PARAMETER_VALUE(0.)),(#5465,
    PARAMETER_VALUE(1.E-03)),.T.,.PARAMETER.);
#5460 = LINE('',#5461,#5462);
#5461 = CARTESIAN_POINT('',(-0.949,0.825,5.E-02));
#5462 = VECTOR('',#5463,1.);
#5463 = DIRECTION('',(0.,0.,1.));
#5464 = CARTESIAN_POINT('',(-0.949,0.825,5.E-02));
#5465 = CARTESIAN_POINT('',(-0.949,0.825,5.1E-02));
#5466 = GEOMETRIC_CURVE_SET('',(#5467));
#5467 = TRIMMED_CURVE('',#5468,(#5472,PARAMETER_VALUE(0.)),(#5473,
    PARAMETER_VALUE(0.35)),.T.,.PARAMETER.);
#5468 = LINE('',#5469,#5470);
#5469 = CARTESIAN_POINT('',(-0.949,0.475,5.E-02));
#5470 = VECTOR('',#5471,1.);
#5471 = DIRECTION('',(0.,1.,0.));
#5472 = CARTESIAN_POINT('',(-0.949,0.475,5.E-02));
#5473 = CARTESIAN_POINT('',(-0.949,0.825,5.E-02));
#5474 = GEOMETRIC_CURVE_SET('',(#5475));
#5475 = TRIMMED_CURVE('',#5476,(#5480,PARAMETER_VALUE(0.)),(#5481,
    PARAMETER_VALUE(1.E-03)),.T.,.PARAMETER.);
#5476 = LINE('',#5477,#5478);
#5477 = CARTESIAN_POINT('',(-0.949,0.475,5.1E-02));
#5478 = VECTOR('',#5479,1.);
#5479 = DIRECTION('',(0.,0.,-1.));
#5480 = CARTESIAN_POINT('',(-0.949,0.475,5.1E-02));
#5481 = CARTESIAN_POINT('',(-0.949,0.475,5.E-02));
#5482 = ( GEOMETRIC_REPRESENTATION_CONTEXT(3) 
GLOBAL_UNCERTAINTY_ASSIGNED_CONTEXT((#5486)) 
GLOBAL_UNIT_ASSIGNED_CONTEXT((#5483,#5484,#5485)) REPRESENTATION_CONTEXT
('Context #1','3D Context with UNIT and UNCERTAINTY') );
#5483 = ( LENGTH_UNIT() NAMED_UNIT(*) SI_UNIT(.MILLI.,.METRE.) );
#5484 = ( NAMED_UNIT(*) PLANE_ANGLE_UNIT() SI_UNIT($,.RADIAN.) );
#5485 = ( NAMED_UNIT(*) SI_UNIT($,.STERADIAN.) SOLID_ANGLE_UNIT() );
#5486 = UNCERTAINTY_MEASURE_WITH_UNIT(LENGTH_MEASURE(1.E-05),#5483,
  'distance_accuracy_value','confusion accuracy');
#5487 = PRODUCT_RELATED_PRODUCT_CATEGORY('part',$,(#7));
#5488 = MECHANICAL_DESIGN_GEOMETRIC_PRESENTATION_REPRESENTATION('',(
    #5489,#5497,#5504,#5511,#5519,#5527,#5534,#5541,#5548,#5555,#5562,
    #5569,#5576,#5583,#5590,#5597,#5604,#5611,#5618,#5625,#5632,#5639,
    #5646,#5653,#5660,#5667,#5674,#5681,#5688,#5695,#5702,#5709,#5716,
    #5723,#5730,#5737,#5744,#5751,#5758,#5765,#5772,#5779,#5786,#5793,
    #5800,#5807,#5814,#5821,#5828,#5835,#5842,#5849,#5856,#5863,#5870,
    #5877,#5884,#5891,#5898,#5905,#5912,#5919,#5926),#5482);
#5489 = STYLED_ITEM('color',(#5490),#558);
#5490 = PRESENTATION_STYLE_ASSIGNMENT((#5491));
#5491 = SURFACE_STYLE_USAGE(.BOTH.,#5492);
#5492 = SURFACE_SIDE_STYLE('',(#5493));
#5493 = SURFACE_STYLE_FILL_AREA(#5494);
#5494 = FILL_AREA_STYLE('',(#5495));
#5495 = FILL_AREA_STYLE_COLOUR('',#5496);
#5496 = COLOUR_RGB('',0.587999999523,0.587999999523,0.587999999523);
#5497 = STYLED_ITEM('color',(#5498),#590);
#5498 = PRESENTATION_STYLE_ASSIGNMENT((#5499));
#5499 = SURFACE_STYLE_USAGE(.BOTH.,#5500);
#5500 = SURFACE_SIDE_STYLE('',(#5501));
#5501 = SURFACE_STYLE_FILL_AREA(#5502);
#5502 = FILL_AREA_STYLE('',(#5503));
#5503 = FILL_AREA_STYLE_COLOUR('',#5496);
#5504 = STYLED_ITEM('color',(#5505),#599);
#5505 = PRESENTATION_STYLE_ASSIGNMENT((#5506));
#5506 = SURFACE_STYLE_USAGE(.BOTH.,#5507);
#5507 = SURFACE_SIDE_STYLE('',(#5508));
#5508 = SURFACE_STYLE_FILL_AREA(#5509);
#5509 = FILL_AREA_STYLE('',(#5510));
#5510 = FILL_AREA_STYLE_COLOUR('',#5496);
#5511 = STYLED_ITEM('color',(#5512),#610);
#5512 = PRESENTATION_STYLE_ASSIGNMENT((#5513));
#5513 = SURFACE_STYLE_USAGE(.BOTH.,#5514);
#5514 = SURFACE_SIDE_STYLE('',(#5515));
#5515 = SURFACE_STYLE_FILL_AREA(#5516);
#5516 = FILL_AREA_STYLE('',(#5517));
#5517 = FILL_AREA_STYLE_COLOUR('',#5518);
#5518 = COLOUR_RGB('',0.725000023842,0.725000023842,0.725000023842);
#5519 = STYLED_ITEM('color',(#5520),#652);
#5520 = PRESENTATION_STYLE_ASSIGNMENT((#5521));
#5521 = SURFACE_STYLE_USAGE(.BOTH.,#5522);
#5522 = SURFACE_SIDE_STYLE('',(#5523));
#5523 = SURFACE_STYLE_FILL_AREA(#5524);
#5524 = FILL_AREA_STYLE('',(#5525));
#5525 = FILL_AREA_STYLE_COLOUR('',#5526);
#5526 = COLOUR_RGB('',0.195999994874,0.195999994874,0.195999994874);
#5527 = STYLED_ITEM('color',(#5528),#694);
#5528 = PRESENTATION_STYLE_ASSIGNMENT((#5529));
#5529 = SURFACE_STYLE_USAGE(.BOTH.,#5530);
#5530 = SURFACE_SIDE_STYLE('',(#5531));
#5531 = SURFACE_STYLE_FILL_AREA(#5532);
#5532 = FILL_AREA_STYLE('',(#5533));
#5533 = FILL_AREA_STYLE_COLOUR('',#5526);
#5534 = STYLED_ITEM('color',(#5535),#736);
#5535 = PRESENTATION_STYLE_ASSIGNMENT((#5536));
#5536 = SURFACE_STYLE_USAGE(.BOTH.,#5537);
#5537 = SURFACE_SIDE_STYLE('',(#5538));
#5538 = SURFACE_STYLE_FILL_AREA(#5539);
#5539 = FILL_AREA_STYLE('',(#5540));
#5540 = FILL_AREA_STYLE_COLOUR('',#5526);
#5541 = STYLED_ITEM('color',(#5542),#778);
#5542 = PRESENTATION_STYLE_ASSIGNMENT((#5543));
#5543 = SURFACE_STYLE_USAGE(.BOTH.,#5544);
#5544 = SURFACE_SIDE_STYLE('',(#5545));
#5545 = SURFACE_STYLE_FILL_AREA(#5546);
#5546 = FILL_AREA_STYLE('',(#5547));
#5547 = FILL_AREA_STYLE_COLOUR('',#5526);
#5548 = STYLED_ITEM('color',(#5549),#820);
#5549 = PRESENTATION_STYLE_ASSIGNMENT((#5550));
#5550 = SURFACE_STYLE_USAGE(.BOTH.,#5551);
#5551 = SURFACE_SIDE_STYLE('',(#5552));
#5552 = SURFACE_STYLE_FILL_AREA(#5553);
#5553 = FILL_AREA_STYLE('',(#5554));
#5554 = FILL_AREA_STYLE_COLOUR('',#5526);
#5555 = STYLED_ITEM('color',(#5556),#862);
#5556 = PRESENTATION_STYLE_ASSIGNMENT((#5557));
#5557 = SURFACE_STYLE_USAGE(.BOTH.,#5558);
#5558 = SURFACE_SIDE_STYLE('',(#5559));
#5559 = SURFACE_STYLE_FILL_AREA(#5560);
#5560 = FILL_AREA_STYLE('',(#5561));
#5561 = FILL_AREA_STYLE_COLOUR('',#5526);
#5562 = STYLED_ITEM('color',(#5563),#904);
#5563 = PRESENTATION_STYLE_ASSIGNMENT((#5564));
#5564 = SURFACE_STYLE_USAGE(.BOTH.,#5565);
#5565 = SURFACE_SIDE_STYLE('',(#5566));
#5566 = SURFACE_STYLE_FILL_AREA(#5567);
#5567 = FILL_AREA_STYLE('',(#5568));
#5568 = FILL_AREA_STYLE_COLOUR('',#5496);
#5569 = STYLED_ITEM('color',(#5570),#946);
#5570 = PRESENTATION_STYLE_ASSIGNMENT((#5571));
#5571 = SURFACE_STYLE_USAGE(.BOTH.,#5572);
#5572 = SURFACE_SIDE_STYLE('',(#5573));
#5573 = SURFACE_STYLE_FILL_AREA(#5574);
#5574 = FILL_AREA_STYLE('',(#5575));
#5575 = FILL_AREA_STYLE_COLOUR('',#5496);
#5576 = STYLED_ITEM('color',(#5577),#988);
#5577 = PRESENTATION_STYLE_ASSIGNMENT((#5578));
#5578 = SURFACE_STYLE_USAGE(.BOTH.,#5579);
#5579 = SURFACE_SIDE_STYLE('',(#5580));
#5580 = SURFACE_STYLE_FILL_AREA(#5581);
#5581 = FILL_AREA_STYLE('',(#5582));
#5582 = FILL_AREA_STYLE_COLOUR('',#5496);
#5583 = STYLED_ITEM('color',(#5584),#1030);
#5584 = PRESENTATION_STYLE_ASSIGNMENT((#5585));
#5585 = SURFACE_STYLE_USAGE(.BOTH.,#5586);
#5586 = SURFACE_SIDE_STYLE('',(#5587));
#5587 = SURFACE_STYLE_FILL_AREA(#5588);
#5588 = FILL_AREA_STYLE('',(#5589));
#5589 = FILL_AREA_STYLE_COLOUR('',#5496);
#5590 = STYLED_ITEM('color',(#5591),#1072);
#5591 = PRESENTATION_STYLE_ASSIGNMENT((#5592));
#5592 = SURFACE_STYLE_USAGE(.BOTH.,#5593);
#5593 = SURFACE_SIDE_STYLE('',(#5594));
#5594 = SURFACE_STYLE_FILL_AREA(#5595);
#5595 = FILL_AREA_STYLE('',(#5596));
#5596 = FILL_AREA_STYLE_COLOUR('',#5496);
#5597 = STYLED_ITEM('color',(#5598),#1114);
#5598 = PRESENTATION_STYLE_ASSIGNMENT((#5599));
#5599 = SURFACE_STYLE_USAGE(.BOTH.,#5600);
#5600 = SURFACE_SIDE_STYLE('',(#5601));
#5601 = SURFACE_STYLE_FILL_AREA(#5602);
#5602 = FILL_AREA_STYLE('',(#5603));
#5603 = FILL_AREA_STYLE_COLOUR('',#5496);
#5604 = STYLED_ITEM('color',(#5605),#1156);
#5605 = PRESENTATION_STYLE_ASSIGNMENT((#5606));
#5606 = SURFACE_STYLE_USAGE(.BOTH.,#5607);
#5607 = SURFACE_SIDE_STYLE('',(#5608));
#5608 = SURFACE_STYLE_FILL_AREA(#5609);
#5609 = FILL_AREA_STYLE('',(#5610));
#5610 = FILL_AREA_STYLE_COLOUR('',#5518);
#5611 = STYLED_ITEM('color',(#5612),#1214);
#5612 = PRESENTATION_STYLE_ASSIGNMENT((#5613));
#5613 = SURFACE_STYLE_USAGE(.BOTH.,#5614);
#5614 = SURFACE_SIDE_STYLE('',(#5615));
#5615 = SURFACE_STYLE_FILL_AREA(#5616);
#5616 = FILL_AREA_STYLE('',(#5617));
#5617 = FILL_AREA_STYLE_COLOUR('',#5518);
#5618 = STYLED_ITEM('color',(#5619),#1272);
#5619 = PRESENTATION_STYLE_ASSIGNMENT((#5620));
#5620 = SURFACE_STYLE_USAGE(.BOTH.,#5621);
#5621 = SURFACE_SIDE_STYLE('',(#5622));
#5622 = SURFACE_STYLE_FILL_AREA(#5623);
#5623 = FILL_AREA_STYLE('',(#5624));
#5624 = FILL_AREA_STYLE_COLOUR('',#5518);
#5625 = STYLED_ITEM('color',(#5626),#1314);
#5626 = PRESENTATION_STYLE_ASSIGNMENT((#5627));
#5627 = SURFACE_STYLE_USAGE(.BOTH.,#5628);
#5628 = SURFACE_SIDE_STYLE('',(#5629));
#5629 = SURFACE_STYLE_FILL_AREA(#5630);
#5630 = FILL_AREA_STYLE('',(#5631));
#5631 = FILL_AREA_STYLE_COLOUR('',#5518);
#5632 = STYLED_ITEM('color',(#5633),#1356);
#5633 = PRESENTATION_STYLE_ASSIGNMENT((#5634));
#5634 = SURFACE_STYLE_USAGE(.BOTH.,#5635);
#5635 = SURFACE_SIDE_STYLE('',(#5636));
#5636 = SURFACE_STYLE_FILL_AREA(#5637);
#5637 = FILL_AREA_STYLE('',(#5638));
#5638 = FILL_AREA_STYLE_COLOUR('',#5518);
#5639 = STYLED_ITEM('color',(#5640),#1398);
#5640 = PRESENTATION_STYLE_ASSIGNMENT((#5641));
#5641 = SURFACE_STYLE_USAGE(.BOTH.,#5642);
#5642 = SURFACE_SIDE_STYLE('',(#5643));
#5643 = SURFACE_STYLE_FILL_AREA(#5644);
#5644 = FILL_AREA_STYLE('',(#5645));
#5645 = FILL_AREA_STYLE_COLOUR('',#5518);
#5646 = STYLED_ITEM('color',(#5647),#1440);
#5647 = PRESENTATION_STYLE_ASSIGNMENT((#5648));
#5648 = SURFACE_STYLE_USAGE(.BOTH.,#5649);
#5649 = SURFACE_SIDE_STYLE('',(#5650));
#5650 = SURFACE_STYLE_FILL_AREA(#5651);
#5651 = FILL_AREA_STYLE('',(#5652));
#5652 = FILL_AREA_STYLE_COLOUR('',#5518);
#5653 = STYLED_ITEM('color',(#5654),#1482);
#5654 = PRESENTATION_STYLE_ASSIGNMENT((#5655));
#5655 = SURFACE_STYLE_USAGE(.BOTH.,#5656);
#5656 = SURFACE_SIDE_STYLE('',(#5657));
#5657 = SURFACE_STYLE_FILL_AREA(#5658);
#5658 = FILL_AREA_STYLE('',(#5659));
#5659 = FILL_AREA_STYLE_COLOUR('',#5518);
#5660 = STYLED_ITEM('color',(#5661),#1524);
#5661 = PRESENTATION_STYLE_ASSIGNMENT((#5662));
#5662 = SURFACE_STYLE_USAGE(.BOTH.,#5663);
#5663 = SURFACE_SIDE_STYLE('',(#5664));
#5664 = SURFACE_STYLE_FILL_AREA(#5665);
#5665 = FILL_AREA_STYLE('',(#5666));
#5666 = FILL_AREA_STYLE_COLOUR('',#5518);
#5667 = STYLED_ITEM('color',(#5668),#1582);
#5668 = PRESENTATION_STYLE_ASSIGNMENT((#5669));
#5669 = SURFACE_STYLE_USAGE(.BOTH.,#5670);
#5670 = SURFACE_SIDE_STYLE('',(#5671));
#5671 = SURFACE_STYLE_FILL_AREA(#5672);
#5672 = FILL_AREA_STYLE('',(#5673));
#5673 = FILL_AREA_STYLE_COLOUR('',#5518);
#5674 = STYLED_ITEM('color',(#5675),#1640);
#5675 = PRESENTATION_STYLE_ASSIGNMENT((#5676));
#5676 = SURFACE_STYLE_USAGE(.BOTH.,#5677);
#5677 = SURFACE_SIDE_STYLE('',(#5678));
#5678 = SURFACE_STYLE_FILL_AREA(#5679);
#5679 = FILL_AREA_STYLE('',(#5680));
#5680 = FILL_AREA_STYLE_COLOUR('',#5518);
#5681 = STYLED_ITEM('color',(#5682),#1682);
#5682 = PRESENTATION_STYLE_ASSIGNMENT((#5683));
#5683 = SURFACE_STYLE_USAGE(.BOTH.,#5684);
#5684 = SURFACE_SIDE_STYLE('',(#5685));
#5685 = SURFACE_STYLE_FILL_AREA(#5686);
#5686 = FILL_AREA_STYLE('',(#5687));
#5687 = FILL_AREA_STYLE_COLOUR('',#5518);
#5688 = STYLED_ITEM('color',(#5689),#1724);
#5689 = PRESENTATION_STYLE_ASSIGNMENT((#5690));
#5690 = SURFACE_STYLE_USAGE(.BOTH.,#5691);
#5691 = SURFACE_SIDE_STYLE('',(#5692));
#5692 = SURFACE_STYLE_FILL_AREA(#5693);
#5693 = FILL_AREA_STYLE('',(#5694));
#5694 = FILL_AREA_STYLE_COLOUR('',#5518);
#5695 = STYLED_ITEM('color',(#5696),#1766);
#5696 = PRESENTATION_STYLE_ASSIGNMENT((#5697));
#5697 = SURFACE_STYLE_USAGE(.BOTH.,#5698);
#5698 = SURFACE_SIDE_STYLE('',(#5699));
#5699 = SURFACE_STYLE_FILL_AREA(#5700);
#5700 = FILL_AREA_STYLE('',(#5701));
#5701 = FILL_AREA_STYLE_COLOUR('',#5518);
#5702 = STYLED_ITEM('color',(#5703),#1808);
#5703 = PRESENTATION_STYLE_ASSIGNMENT((#5704));
#5704 = SURFACE_STYLE_USAGE(.BOTH.,#5705);
#5705 = SURFACE_SIDE_STYLE('',(#5706));
#5706 = SURFACE_STYLE_FILL_AREA(#5707);
#5707 = FILL_AREA_STYLE('',(#5708));
#5708 = FILL_AREA_STYLE_COLOUR('',#5518);
#5709 = STYLED_ITEM('color',(#5710),#1850);
#5710 = PRESENTATION_STYLE_ASSIGNMENT((#5711));
#5711 = SURFACE_STYLE_USAGE(.BOTH.,#5712);
#5712 = SURFACE_SIDE_STYLE('',(#5713));
#5713 = SURFACE_STYLE_FILL_AREA(#5714);
#5714 = FILL_AREA_STYLE('',(#5715));
#5715 = FILL_AREA_STYLE_COLOUR('',#5518);
#5716 = STYLED_ITEM('color',(#5717),#1892);
#5717 = PRESENTATION_STYLE_ASSIGNMENT((#5718));
#5718 = SURFACE_STYLE_USAGE(.BOTH.,#5719);
#5719 = SURFACE_SIDE_STYLE('',(#5720));
#5720 = SURFACE_STYLE_FILL_AREA(#5721);
#5721 = FILL_AREA_STYLE('',(#5722));
#5722 = FILL_AREA_STYLE_COLOUR('',#5518);
#5723 = STYLED_ITEM('color',(#5724),#1950);
#5724 = PRESENTATION_STYLE_ASSIGNMENT((#5725));
#5725 = SURFACE_STYLE_USAGE(.BOTH.,#5726);
#5726 = SURFACE_SIDE_STYLE('',(#5727));
#5727 = SURFACE_STYLE_FILL_AREA(#5728);
#5728 = FILL_AREA_STYLE('',(#5729));
#5729 = FILL_AREA_STYLE_COLOUR('',#5518);
#5730 = STYLED_ITEM('color',(#5731),#2008);
#5731 = PRESENTATION_STYLE_ASSIGNMENT((#5732));
#5732 = SURFACE_STYLE_USAGE(.BOTH.,#5733);
#5733 = SURFACE_SIDE_STYLE('',(#5734));
#5734 = SURFACE_STYLE_FILL_AREA(#5735);
#5735 = FILL_AREA_STYLE('',(#5736));
#5736 = FILL_AREA_STYLE_COLOUR('',#5518);
#5737 = STYLED_ITEM('color',(#5738),#2050);
#5738 = PRESENTATION_STYLE_ASSIGNMENT((#5739));
#5739 = SURFACE_STYLE_USAGE(.BOTH.,#5740);
#5740 = SURFACE_SIDE_STYLE('',(#5741));
#5741 = SURFACE_STYLE_FILL_AREA(#5742);
#5742 = FILL_AREA_STYLE('',(#5743));
#5743 = FILL_AREA_STYLE_COLOUR('',#5518);
#5744 = STYLED_ITEM('color',(#5745),#2092);
#5745 = PRESENTATION_STYLE_ASSIGNMENT((#5746));
#5746 = SURFACE_STYLE_USAGE(.BOTH.,#5747);
#5747 = SURFACE_SIDE_STYLE('',(#5748));
#5748 = SURFACE_STYLE_FILL_AREA(#5749);
#5749 = FILL_AREA_STYLE('',(#5750));
#5750 = FILL_AREA_STYLE_COLOUR('',#5518);
#5751 = STYLED_ITEM('color',(#5752),#2134);
#5752 = PRESENTATION_STYLE_ASSIGNMENT((#5753));
#5753 = SURFACE_STYLE_USAGE(.BOTH.,#5754);
#5754 = SURFACE_SIDE_STYLE('',(#5755));
#5755 = SURFACE_STYLE_FILL_AREA(#5756);
#5756 = FILL_AREA_STYLE('',(#5757));
#5757 = FILL_AREA_STYLE_COLOUR('',#5518);
#5758 = STYLED_ITEM('color',(#5759),#2176);
#5759 = PRESENTATION_STYLE_ASSIGNMENT((#5760));
#5760 = SURFACE_STYLE_USAGE(.BOTH.,#5761);
#5761 = SURFACE_SIDE_STYLE('',(#5762));
#5762 = SURFACE_STYLE_FILL_AREA(#5763);
#5763 = FILL_AREA_STYLE('',(#5764));
#5764 = FILL_AREA_STYLE_COLOUR('',#5518);
#5765 = STYLED_ITEM('color',(#5766),#2218);
#5766 = PRESENTATION_STYLE_ASSIGNMENT((#5767));
#5767 = SURFACE_STYLE_USAGE(.BOTH.,#5768);
#5768 = SURFACE_SIDE_STYLE('',(#5769));
#5769 = SURFACE_STYLE_FILL_AREA(#5770);
#5770 = FILL_AREA_STYLE('',(#5771));
#5771 = FILL_AREA_STYLE_COLOUR('',#5518);
#5772 = STYLED_ITEM('color',(#5773),#2260);
#5773 = PRESENTATION_STYLE_ASSIGNMENT((#5774));
#5774 = SURFACE_STYLE_USAGE(.BOTH.,#5775);
#5775 = SURFACE_SIDE_STYLE('',(#5776));
#5776 = SURFACE_STYLE_FILL_AREA(#5777);
#5777 = FILL_AREA_STYLE('',(#5778));
#5778 = FILL_AREA_STYLE_COLOUR('',#5518);
#5779 = STYLED_ITEM('color',(#5780),#2318);
#5780 = PRESENTATION_STYLE_ASSIGNMENT((#5781));
#5781 = SURFACE_STYLE_USAGE(.BOTH.,#5782);
#5782 = SURFACE_SIDE_STYLE('',(#5783));
#5783 = SURFACE_STYLE_FILL_AREA(#5784);
#5784 = FILL_AREA_STYLE('',(#5785));
#5785 = FILL_AREA_STYLE_COLOUR('',#5518);
#5786 = STYLED_ITEM('color',(#5787),#2376);
#5787 = PRESENTATION_STYLE_ASSIGNMENT((#5788));
#5788 = SURFACE_STYLE_USAGE(.BOTH.,#5789);
#5789 = SURFACE_SIDE_STYLE('',(#5790));
#5790 = SURFACE_STYLE_FILL_AREA(#5791);
#5791 = FILL_AREA_STYLE('',(#5792));
#5792 = FILL_AREA_STYLE_COLOUR('',#5518);
#5793 = STYLED_ITEM('color',(#5794),#2418);
#5794 = PRESENTATION_STYLE_ASSIGNMENT((#5795));
#5795 = SURFACE_STYLE_USAGE(.BOTH.,#5796);
#5796 = SURFACE_SIDE_STYLE('',(#5797));
#5797 = SURFACE_STYLE_FILL_AREA(#5798);
#5798 = FILL_AREA_STYLE('',(#5799));
#5799 = FILL_AREA_STYLE_COLOUR('',#5518);
#5800 = STYLED_ITEM('color',(#5801),#2460);
#5801 = PRESENTATION_STYLE_ASSIGNMENT((#5802));
#5802 = SURFACE_STYLE_USAGE(.BOTH.,#5803);
#5803 = SURFACE_SIDE_STYLE('',(#5804));
#5804 = SURFACE_STYLE_FILL_AREA(#5805);
#5805 = FILL_AREA_STYLE('',(#5806));
#5806 = FILL_AREA_STYLE_COLOUR('',#5518);
#5807 = STYLED_ITEM('color',(#5808),#2502);
#5808 = PRESENTATION_STYLE_ASSIGNMENT((#5809));
#5809 = SURFACE_STYLE_USAGE(.BOTH.,#5810);
#5810 = SURFACE_SIDE_STYLE('',(#5811));
#5811 = SURFACE_STYLE_FILL_AREA(#5812);
#5812 = FILL_AREA_STYLE('',(#5813));
#5813 = FILL_AREA_STYLE_COLOUR('',#5518);
#5814 = STYLED_ITEM('color',(#5815),#2544);
#5815 = PRESENTATION_STYLE_ASSIGNMENT((#5816));
#5816 = SURFACE_STYLE_USAGE(.BOTH.,#5817);
#5817 = SURFACE_SIDE_STYLE('',(#5818));
#5818 = SURFACE_STYLE_FILL_AREA(#5819);
#5819 = FILL_AREA_STYLE('',(#5820));
#5820 = FILL_AREA_STYLE_COLOUR('',#5518);
#5821 = STYLED_ITEM('color',(#5822),#2586);
#5822 = PRESENTATION_STYLE_ASSIGNMENT((#5823));
#5823 = SURFACE_STYLE_USAGE(.BOTH.,#5824);
#5824 = SURFACE_SIDE_STYLE('',(#5825));
#5825 = SURFACE_STYLE_FILL_AREA(#5826);
#5826 = FILL_AREA_STYLE('',(#5827));
#5827 = FILL_AREA_STYLE_COLOUR('',#5518);
#5828 = STYLED_ITEM('color',(#5829),#2628);
#5829 = PRESENTATION_STYLE_ASSIGNMENT((#5830));
#5830 = SURFACE_STYLE_USAGE(.BOTH.,#5831);
#5831 = SURFACE_SIDE_STYLE('',(#5832));
#5832 = SURFACE_STYLE_FILL_AREA(#5833);
#5833 = FILL_AREA_STYLE('',(#5834));
#5834 = FILL_AREA_STYLE_COLOUR('',#5518);
#5835 = STYLED_ITEM('color',(#5836),#2686);
#5836 = PRESENTATION_STYLE_ASSIGNMENT((#5837));
#5837 = SURFACE_STYLE_USAGE(.BOTH.,#5838);
#5838 = SURFACE_SIDE_STYLE('',(#5839));
#5839 = SURFACE_STYLE_FILL_AREA(#5840);
#5840 = FILL_AREA_STYLE('',(#5841));
#5841 = FILL_AREA_STYLE_COLOUR('',#5518);
#5842 = STYLED_ITEM('color',(#5843),#2744);
#5843 = PRESENTATION_STYLE_ASSIGNMENT((#5844));
#5844 = SURFACE_STYLE_USAGE(.BOTH.,#5845);
#5845 = SURFACE_SIDE_STYLE('',(#5846));
#5846 = SURFACE_STYLE_FILL_AREA(#5847);
#5847 = FILL_AREA_STYLE('',(#5848));
#5848 = FILL_AREA_STYLE_COLOUR('',#5518);
#5849 = STYLED_ITEM('color',(#5850),#2786);
#5850 = PRESENTATION_STYLE_ASSIGNMENT((#5851));
#5851 = SURFACE_STYLE_USAGE(.BOTH.,#5852);
#5852 = SURFACE_SIDE_STYLE('',(#5853));
#5853 = SURFACE_STYLE_FILL_AREA(#5854);
#5854 = FILL_AREA_STYLE('',(#5855));
#5855 = FILL_AREA_STYLE_COLOUR('',#5518);
#5856 = STYLED_ITEM('color',(#5857),#2828);
#5857 = PRESENTATION_STYLE_ASSIGNMENT((#5858));
#5858 = SURFACE_STYLE_USAGE(.BOTH.,#5859);
#5859 = SURFACE_SIDE_STYLE('',(#5860));
#5860 = SURFACE_STYLE_FILL_AREA(#5861);
#5861 = FILL_AREA_STYLE('',(#5862));
#5862 = FILL_AREA_STYLE_COLOUR('',#5518);
#5863 = STYLED_ITEM('color',(#5864),#2870);
#5864 = PRESENTATION_STYLE_ASSIGNMENT((#5865));
#5865 = SURFACE_STYLE_USAGE(.BOTH.,#5866);
#5866 = SURFACE_SIDE_STYLE('',(#5867));
#5867 = SURFACE_STYLE_FILL_AREA(#5868);
#5868 = FILL_AREA_STYLE('',(#5869));
#5869 = FILL_AREA_STYLE_COLOUR('',#5518);
#5870 = STYLED_ITEM('color',(#5871),#2912);
#5871 = PRESENTATION_STYLE_ASSIGNMENT((#5872));
#5872 = SURFACE_STYLE_USAGE(.BOTH.,#5873);
#5873 = SURFACE_SIDE_STYLE('',(#5874));
#5874 = SURFACE_STYLE_FILL_AREA(#5875);
#5875 = FILL_AREA_STYLE('',(#5876));
#5876 = FILL_AREA_STYLE_COLOUR('',#5518);
#5877 = STYLED_ITEM('color',(#5878),#2954);
#5878 = PRESENTATION_STYLE_ASSIGNMENT((#5879));
#5879 = SURFACE_STYLE_USAGE(.BOTH.,#5880);
#5880 = SURFACE_SIDE_STYLE('',(#5881));
#5881 = SURFACE_STYLE_FILL_AREA(#5882);
#5882 = FILL_AREA_STYLE('',(#5883));
#5883 = FILL_AREA_STYLE_COLOUR('',#5518);
#5884 = STYLED_ITEM('color',(#5885),#2996);
#5885 = PRESENTATION_STYLE_ASSIGNMENT((#5886));
#5886 = SURFACE_STYLE_USAGE(.BOTH.,#5887);
#5887 = SURFACE_SIDE_STYLE('',(#5888));
#5888 = SURFACE_STYLE_FILL_AREA(#5889);
#5889 = FILL_AREA_STYLE('',(#5890));
#5890 = FILL_AREA_STYLE_COLOUR('',#5518);
#5891 = STYLED_ITEM('color',(#5892),#3054);
#5892 = PRESENTATION_STYLE_ASSIGNMENT((#5893));
#5893 = SURFACE_STYLE_USAGE(.BOTH.,#5894);
#5894 = SURFACE_SIDE_STYLE('',(#5895));
#5895 = SURFACE_STYLE_FILL_AREA(#5896);
#5896 = FILL_AREA_STYLE('',(#5897));
#5897 = FILL_AREA_STYLE_COLOUR('',#5518);
#5898 = STYLED_ITEM('color',(#5899),#3112);
#5899 = PRESENTATION_STYLE_ASSIGNMENT((#5900));
#5900 = SURFACE_STYLE_USAGE(.BOTH.,#5901);
#5901 = SURFACE_SIDE_STYLE('',(#5902));
#5902 = SURFACE_STYLE_FILL_AREA(#5903);
#5903 = FILL_AREA_STYLE('',(#5904));
#5904 = FILL_AREA_STYLE_COLOUR('',#5518);
#5905 = STYLED_ITEM('color',(#5906),#3154);
#5906 = PRESENTATION_STYLE_ASSIGNMENT((#5907));
#5907 = SURFACE_STYLE_USAGE(.BOTH.,#5908);
#5908 = SURFACE_SIDE_STYLE('',(#5909));
#5909 = SURFACE_STYLE_FILL_AREA(#5910);
#5910 = FILL_AREA_STYLE('',(#5911));
#5911 = FILL_AREA_STYLE_COLOUR('',#5518);
#5912 = STYLED_ITEM('color',(#5913),#3196);
#5913 = PRESENTATION_STYLE_ASSIGNMENT((#5914));
#5914 = SURFACE_STYLE_USAGE(.BOTH.,#5915);
#5915 = SURFACE_SIDE_STYLE('',(#5916));
#5916 = SURFACE_STYLE_FILL_AREA(#5917);
#5917 = FILL_AREA_STYLE('',(#5918));
#5918 = FILL_AREA_STYLE_COLOUR('',#5518);
#5919 = STYLED_ITEM('color',(#5920),#3238);
#5920 = PRESENTATION_STYLE_ASSIGNMENT((#5921));
#5921 = SURFACE_STYLE_USAGE(.BOTH.,#5922);
#5922 = SURFACE_SIDE_STYLE('',(#5923));
#5923 = SURFACE_STYLE_FILL_AREA(#5924);
#5924 = FILL_AREA_STYLE('',(#5925));
#5925 = FILL_AREA_STYLE_COLOUR('',#5518);
#5926 = STYLED_ITEM('color',(#5927),#3280);
#5927 = PRESENTATION_STYLE_ASSIGNMENT((#5928));
#5928 = SURFACE_STYLE_USAGE(.BOTH.,#5929);
#5929 = SURFACE_SIDE_STYLE('',(#5930));
#5930 = SURFACE_STYLE_FILL_AREA(#5931);
#5931 = FILL_AREA_STYLE('',(#5932));
#5932 = FILL_AREA_STYLE_COLOUR('',#5518);
ENDSEC;
END-ISO-10303-21;
