ISO-10303-21;
HEADER;
FILE_DESCRIPTION(('FreeCAD Model'),'2;1');
FILE_NAME('/home/kenny/LFCSP-8_CP-8-11.step','2019-04-16T14:01:52',(
    'kicad StepUp'),('ksu MCAD'),'Open CASCADE STEP processor 7.3',
  'FreeCAD','Unknown');
FILE_SCHEMA(('AUTOMOTIVE_DESIGN { 1 0 10303 214 1 1 1 1 }'));
ENDSEC;
DATA;
#1 = APPLICATION_PROTOCOL_DEFINITION('international standard',
  'automotive_design',2000,#2);
#2 = APPLICATION_CONTEXT(
  'core data for automotive mechanical design processes');
#3 = SHAPE_DEFINITION_REPRESENTATION(#4,#10);
#4 = PRODUCT_DEFINITION_SHAPE('','',#5);
#5 = PRODUCT_DEFINITION('design','',#6,#9);
#6 = PRODUCT_DEFINITION_FORMATION('','',#7);
#7 = PRODUCT('LFCSP-8_CP-8-11','LFCSP-8_CP-8-11','',(#8));
#8 = PRODUCT_CONTEXT('',#2,'mechanical');
#9 = PRODUCT_DEFINITION_CONTEXT('part definition',#2,'design');
#10 = ADVANCED_BREP_SHAPE_REPRESENTATION('',(#11,#15),#2335);
#11 = AXIS2_PLACEMENT_3D('',#12,#13,#14);
#12 = CARTESIAN_POINT('',(0.,0.,0.));
#13 = DIRECTION('',(0.,0.,1.));
#14 = DIRECTION('',(1.,0.,-0.));
#15 = MANIFOLD_SOLID_BREP('',#16);
#16 = CLOSED_SHELL('',(#17,#59,#101,#143,#185,#227,#277,#436,#460,#612,
    #629,#647,#694,#741,#765,#805,#852,#876,#916,#963,#987,#1027,#1074,
    #1091,#1322,#1353,#1386,#1419,#1443,#1476,#1509,#1533,#1566,#1599,
    #1623,#1656,#1682,#1692,#1709,#1727,#1739,#1757,#1774,#1786,#1804,
    #1821,#1833,#1851,#1868,#1880,#1912,#1936,#1961,#1985,#2010,#2034,
    #2059,#2083,#2108,#2125,#2143,#2161,#2179,#2197,#2214,#2227,#2244,
    #2257,#2274,#2287,#2304,#2317));
#17 = ADVANCED_FACE('',(#18),#54,.F.);
#18 = FACE_BOUND('',#19,.F.);
#19 = EDGE_LOOP('',(#20,#30,#39,#47));
#20 = ORIENTED_EDGE('',*,*,#21,.T.);
#21 = EDGE_CURVE('',#22,#24,#26,.T.);
#22 = VERTEX_POINT('',#23);
#23 = CARTESIAN_POINT('',(-1.25,1.,0.78));
#24 = VERTEX_POINT('',#25);
#25 = CARTESIAN_POINT('',(-1.25,1.,0.8));
#26 = LINE('',#27,#28);
#27 = CARTESIAN_POINT('',(-1.25,1.,0.78));
#28 = VECTOR('',#29,1.);
#29 = DIRECTION('',(2.22044604925E-16,-2.22044604925E-16,1.));
#30 = ORIENTED_EDGE('',*,*,#31,.T.);
#31 = EDGE_CURVE('',#24,#32,#34,.T.);
#32 = VERTEX_POINT('',#33);
#33 = CARTESIAN_POINT('',(-0.75,1.,0.8));
#34 = CIRCLE('',#35,0.25);
#35 = AXIS2_PLACEMENT_3D('',#36,#37,#38);
#36 = CARTESIAN_POINT('',(-1.,1.,0.8));
#37 = DIRECTION('',(-2.22044604925E-16,2.22044604925E-16,-1.));
#38 = DIRECTION('',(-1.,4.440892098501E-16,2.22044604925E-16));
#39 = ORIENTED_EDGE('',*,*,#40,.F.);
#40 = EDGE_CURVE('',#41,#32,#43,.T.);
#41 = VERTEX_POINT('',#42);
#42 = CARTESIAN_POINT('',(-0.75,1.,0.78));
#43 = LINE('',#44,#45);
#44 = CARTESIAN_POINT('',(-0.75,1.,0.78));
#45 = VECTOR('',#46,1.);
#46 = DIRECTION('',(2.22044604925E-16,-2.22044604925E-16,1.));
#47 = ORIENTED_EDGE('',*,*,#48,.T.);
#48 = EDGE_CURVE('',#41,#22,#49,.T.);
#49 = CIRCLE('',#50,0.25);
#50 = AXIS2_PLACEMENT_3D('',#51,#52,#53);
#51 = CARTESIAN_POINT('',(-1.,1.,0.78));
#52 = DIRECTION('',(2.22044604925E-16,-2.22044604925E-16,1.));
#53 = DIRECTION('',(-1.,4.440892098501E-16,2.22044604925E-16));
#54 = CYLINDRICAL_SURFACE('',#55,0.25);
#55 = AXIS2_PLACEMENT_3D('',#56,#57,#58);
#56 = CARTESIAN_POINT('',(-1.,1.,0.78));
#57 = DIRECTION('',(2.22044604925E-16,-2.22044604925E-16,1.));
#58 = DIRECTION('',(-1.,4.440892098501E-16,2.22044604925E-16));
#59 = ADVANCED_FACE('',(#60),#96,.T.);
#60 = FACE_BOUND('',#61,.T.);
#61 = EDGE_LOOP('',(#62,#73,#81,#90));
#62 = ORIENTED_EDGE('',*,*,#63,.F.);
#63 = EDGE_CURVE('',#64,#66,#68,.T.);
#64 = VERTEX_POINT('',#65);
#65 = CARTESIAN_POINT('',(-1.09,0.75,2.E-02));
#66 = VERTEX_POINT('',#67);
#67 = CARTESIAN_POINT('',(-1.215,0.875,2.E-02));
#68 = CIRCLE('',#69,0.125);
#69 = AXIS2_PLACEMENT_3D('',#70,#71,#72);
#70 = CARTESIAN_POINT('',(-1.215,0.75,2.E-02));
#71 = DIRECTION('',(2.22044604925E-16,-2.22044604925E-16,1.));
#72 = DIRECTION('',(1.,-4.440892098501E-16,-2.22044604925E-16));
#73 = ORIENTED_EDGE('',*,*,#74,.T.);
#74 = EDGE_CURVE('',#64,#75,#77,.T.);
#75 = VERTEX_POINT('',#76);
#76 = CARTESIAN_POINT('',(-1.09,0.75,9.948132989497E-16));
#77 = LINE('',#78,#79);
#78 = CARTESIAN_POINT('',(-1.09,0.75,0.2));
#79 = VECTOR('',#80,1.);
#80 = DIRECTION('',(-2.22044604925E-16,2.22044604925E-16,-1.));
#81 = ORIENTED_EDGE('',*,*,#82,.T.);
#82 = EDGE_CURVE('',#75,#83,#85,.T.);
#83 = VERTEX_POINT('',#84);
#84 = CARTESIAN_POINT('',(-1.215,0.875,1.159663094659E-15));
#85 = CIRCLE('',#86,0.125);
#86 = AXIS2_PLACEMENT_3D('',#87,#88,#89);
#87 = CARTESIAN_POINT('',(-1.215,0.75,1.046940312222E-15));
#88 = DIRECTION('',(2.22044604925E-16,-2.22044604925E-16,1.));
#89 = DIRECTION('',(1.,-4.440892098501E-16,-2.22044604925E-16));
#90 = ORIENTED_EDGE('',*,*,#91,.F.);
#91 = EDGE_CURVE('',#66,#83,#92,.T.);
#92 = LINE('',#93,#94);
#93 = CARTESIAN_POINT('',(-1.215,0.875,0.2));
#94 = VECTOR('',#95,1.);
#95 = DIRECTION('',(-2.22044604925E-16,2.22044604925E-16,-1.));
#96 = CYLINDRICAL_SURFACE('',#97,0.125);
#97 = AXIS2_PLACEMENT_3D('',#98,#99,#100);
#98 = CARTESIAN_POINT('',(-1.215,0.75,0.2));
#99 = DIRECTION('',(-2.22044604925E-16,2.22044604925E-16,-1.));
#100 = DIRECTION('',(1.,-4.440892098501E-16,-2.22044604925E-16));
#101 = ADVANCED_FACE('',(#102),#138,.T.);
#102 = FACE_BOUND('',#103,.T.);
#103 = EDGE_LOOP('',(#104,#115,#123,#132));
#104 = ORIENTED_EDGE('',*,*,#105,.F.);
#105 = EDGE_CURVE('',#106,#108,#110,.T.);
#106 = VERTEX_POINT('',#107);
#107 = CARTESIAN_POINT('',(-1.09,0.25,2.E-02));
#108 = VERTEX_POINT('',#109);
#109 = CARTESIAN_POINT('',(-1.215,0.375,2.E-02));
#110 = CIRCLE('',#111,0.125);
#111 = AXIS2_PLACEMENT_3D('',#112,#113,#114);
#112 = CARTESIAN_POINT('',(-1.215,0.25,2.E-02));
#113 = DIRECTION('',(2.22044604925E-16,-2.22044604925E-16,1.));
#114 = DIRECTION('',(1.,-4.440892098501E-16,-2.22044604925E-16));
#115 = ORIENTED_EDGE('',*,*,#116,.T.);
#116 = EDGE_CURVE('',#106,#117,#119,.T.);
#117 = VERTEX_POINT('',#118);
#118 = CARTESIAN_POINT('',(-1.09,0.25,8.90525628426E-16));
#119 = LINE('',#120,#121);
#120 = CARTESIAN_POINT('',(-1.09,0.25,0.2));
#121 = VECTOR('',#122,1.);
#122 = DIRECTION('',(-2.22044604925E-16,2.22044604925E-16,-1.));
#123 = ORIENTED_EDGE('',*,*,#124,.T.);
#124 = EDGE_CURVE('',#117,#125,#127,.T.);
#125 = VERTEX_POINT('',#126);
#126 = CARTESIAN_POINT('',(-1.215,0.375,1.055375424135E-15));
#127 = CIRCLE('',#128,0.125);
#128 = AXIS2_PLACEMENT_3D('',#129,#130,#131);
#129 = CARTESIAN_POINT('',(-1.215,0.25,9.35918009759E-16));
#130 = DIRECTION('',(2.22044604925E-16,-2.22044604925E-16,1.));
#131 = DIRECTION('',(1.,-4.440892098501E-16,-2.22044604925E-16));
#132 = ORIENTED_EDGE('',*,*,#133,.F.);
#133 = EDGE_CURVE('',#108,#125,#134,.T.);
#134 = LINE('',#135,#136);
#135 = CARTESIAN_POINT('',(-1.215,0.375,0.2));
#136 = VECTOR('',#137,1.);
#137 = DIRECTION('',(-2.22044604925E-16,2.22044604925E-16,-1.));
#138 = CYLINDRICAL_SURFACE('',#139,0.125);
#139 = AXIS2_PLACEMENT_3D('',#140,#141,#142);
#140 = CARTESIAN_POINT('',(-1.215,0.25,0.2));
#141 = DIRECTION('',(-2.22044604925E-16,2.22044604925E-16,-1.));
#142 = DIRECTION('',(1.,-4.440892098501E-16,-2.22044604925E-16));
#143 = ADVANCED_FACE('',(#144),#180,.T.);
#144 = FACE_BOUND('',#145,.T.);
#145 = EDGE_LOOP('',(#146,#157,#165,#174));
#146 = ORIENTED_EDGE('',*,*,#147,.F.);
#147 = EDGE_CURVE('',#148,#150,#152,.T.);
#148 = VERTEX_POINT('',#149);
#149 = CARTESIAN_POINT('',(-1.09,-0.25,2.E-02));
#150 = VERTEX_POINT('',#151);
#151 = CARTESIAN_POINT('',(-1.215,-0.125,2.E-02));
#152 = CIRCLE('',#153,0.125);
#153 = AXIS2_PLACEMENT_3D('',#154,#155,#156);
#154 = CARTESIAN_POINT('',(-1.215,-0.25,2.E-02));
#155 = DIRECTION('',(2.22044604925E-16,-2.22044604925E-16,1.));
#156 = DIRECTION('',(1.,-4.440892098501E-16,-2.22044604925E-16));
#157 = ORIENTED_EDGE('',*,*,#158,.T.);
#158 = EDGE_CURVE('',#148,#159,#161,.T.);
#159 = VERTEX_POINT('',#160);
#160 = CARTESIAN_POINT('',(-1.09,-0.25,7.862379579022E-16));
#161 = LINE('',#162,#163);
#162 = CARTESIAN_POINT('',(-1.09,-0.25,0.2));
#163 = VECTOR('',#164,1.);
#164 = DIRECTION('',(-2.22044604925E-16,2.22044604925E-16,-1.));
#165 = ORIENTED_EDGE('',*,*,#166,.T.);
#166 = EDGE_CURVE('',#159,#167,#169,.T.);
#167 = VERTEX_POINT('',#168);
#168 = CARTESIAN_POINT('',(-1.215,-0.125,9.510877536113E-16));
#169 = CIRCLE('',#170,0.125);
#170 = AXIS2_PLACEMENT_3D('',#171,#172,#173);
#171 = CARTESIAN_POINT('',(-1.215,-0.25,8.248957072965E-16));
#172 = DIRECTION('',(2.22044604925E-16,-2.22044604925E-16,1.));
#173 = DIRECTION('',(1.,-4.440892098501E-16,-2.22044604925E-16));
#174 = ORIENTED_EDGE('',*,*,#175,.F.);
#175 = EDGE_CURVE('',#150,#167,#176,.T.);
#176 = LINE('',#177,#178);
#177 = CARTESIAN_POINT('',(-1.215,-0.125,0.2));
#178 = VECTOR('',#179,1.);
#179 = DIRECTION('',(-2.22044604925E-16,2.22044604925E-16,-1.));
#180 = CYLINDRICAL_SURFACE('',#181,0.125);
#181 = AXIS2_PLACEMENT_3D('',#182,#183,#184);
#182 = CARTESIAN_POINT('',(-1.215,-0.25,0.2));
#183 = DIRECTION('',(-2.22044604925E-16,2.22044604925E-16,-1.));
#184 = DIRECTION('',(1.,-4.440892098501E-16,-2.22044604925E-16));
#185 = ADVANCED_FACE('',(#186),#222,.T.);
#186 = FACE_BOUND('',#187,.T.);
#187 = EDGE_LOOP('',(#188,#199,#207,#216));
#188 = ORIENTED_EDGE('',*,*,#189,.F.);
#189 = EDGE_CURVE('',#190,#192,#194,.T.);
#190 = VERTEX_POINT('',#191);
#191 = CARTESIAN_POINT('',(-1.09,-0.75,2.E-02));
#192 = VERTEX_POINT('',#193);
#193 = CARTESIAN_POINT('',(-1.215,-0.625,2.E-02));
#194 = CIRCLE('',#195,0.125);
#195 = AXIS2_PLACEMENT_3D('',#196,#197,#198);
#196 = CARTESIAN_POINT('',(-1.215,-0.75,2.E-02));
#197 = DIRECTION('',(2.22044604925E-16,-2.22044604925E-16,1.));
#198 = DIRECTION('',(1.,-4.440892098501E-16,-2.22044604925E-16));
#199 = ORIENTED_EDGE('',*,*,#200,.T.);
#200 = EDGE_CURVE('',#190,#201,#203,.T.);
#201 = VERTEX_POINT('',#202);
#202 = CARTESIAN_POINT('',(-1.09,-0.75,6.819502873785E-16));
#203 = LINE('',#204,#205);
#204 = CARTESIAN_POINT('',(-1.09,-0.75,0.2));
#205 = VECTOR('',#206,1.);
#206 = DIRECTION('',(-2.22044604925E-16,2.22044604925E-16,-1.));
#207 = ORIENTED_EDGE('',*,*,#208,.T.);
#208 = EDGE_CURVE('',#201,#209,#211,.T.);
#209 = VERTEX_POINT('',#210);
#210 = CARTESIAN_POINT('',(-1.215,-0.625,8.468000830876E-16));
#211 = CIRCLE('',#212,0.125);
#212 = AXIS2_PLACEMENT_3D('',#213,#214,#215);
#213 = CARTESIAN_POINT('',(-1.215,-0.75,7.13873404834E-16));
#214 = DIRECTION('',(2.22044604925E-16,-2.22044604925E-16,1.));
#215 = DIRECTION('',(1.,-4.440892098501E-16,-2.22044604925E-16));
#216 = ORIENTED_EDGE('',*,*,#217,.F.);
#217 = EDGE_CURVE('',#192,#209,#218,.T.);
#218 = LINE('',#219,#220);
#219 = CARTESIAN_POINT('',(-1.215,-0.625,0.2));
#220 = VECTOR('',#221,1.);
#221 = DIRECTION('',(-2.22044604925E-16,2.22044604925E-16,-1.));
#222 = CYLINDRICAL_SURFACE('',#223,0.125);
#223 = AXIS2_PLACEMENT_3D('',#224,#225,#226);
#224 = CARTESIAN_POINT('',(-1.215,-0.75,0.2));
#225 = DIRECTION('',(-2.22044604925E-16,2.22044604925E-16,-1.));
#226 = DIRECTION('',(1.,-4.440892098501E-16,-2.22044604925E-16));
#227 = ADVANCED_FACE('',(#228,#262),#272,.T.);
#228 = FACE_BOUND('',#229,.T.);
#229 = EDGE_LOOP('',(#230,#240,#248,#256));
#230 = ORIENTED_EDGE('',*,*,#231,.T.);
#231 = EDGE_CURVE('',#232,#234,#236,.T.);
#232 = VERTEX_POINT('',#233);
#233 = CARTESIAN_POINT('',(-1.5,-1.5,0.8));
#234 = VERTEX_POINT('',#235);
#235 = CARTESIAN_POINT('',(1.5,-1.5,0.8));
#236 = LINE('',#237,#238);
#237 = CARTESIAN_POINT('',(1.7763568394E-16,-1.5,0.8));
#238 = VECTOR('',#239,1.);
#239 = DIRECTION('',(1.,-4.440892098501E-16,-2.22044604925E-16));
#240 = ORIENTED_EDGE('',*,*,#241,.T.);
#241 = EDGE_CURVE('',#234,#242,#244,.T.);
#242 = VERTEX_POINT('',#243);
#243 = CARTESIAN_POINT('',(1.5,1.5,0.8));
#244 = LINE('',#245,#246);
#245 = CARTESIAN_POINT('',(1.5,-9.25301502086E-16,0.8));
#246 = VECTOR('',#247,1.);
#247 = DIRECTION('',(4.440892098501E-16,1.,2.22044604925E-16));
#248 = ORIENTED_EDGE('',*,*,#249,.T.);
#249 = EDGE_CURVE('',#242,#250,#252,.T.);
#250 = VERTEX_POINT('',#251);
#251 = CARTESIAN_POINT('',(-1.5,1.5,0.8));
#252 = LINE('',#253,#254);
#253 = CARTESIAN_POINT('',(1.50990331349E-15,1.5,0.8));
#254 = VECTOR('',#255,1.);
#255 = DIRECTION('',(-1.,4.440892098501E-16,2.22044604925E-16));
#256 = ORIENTED_EDGE('',*,*,#257,.T.);
#257 = EDGE_CURVE('',#250,#232,#258,.T.);
#258 = LINE('',#259,#260);
#259 = CARTESIAN_POINT('',(-1.5,4.069661274642E-16,0.8));
#260 = VECTOR('',#261,1.);
#261 = DIRECTION('',(-4.440892098501E-16,-1.,-2.22044604925E-16));
#262 = FACE_BOUND('',#263,.T.);
#263 = EDGE_LOOP('',(#264,#265));
#264 = ORIENTED_EDGE('',*,*,#31,.T.);
#265 = ORIENTED_EDGE('',*,*,#266,.T.);
#266 = EDGE_CURVE('',#32,#24,#267,.T.);
#267 = CIRCLE('',#268,0.25);
#268 = AXIS2_PLACEMENT_3D('',#269,#270,#271);
#269 = CARTESIAN_POINT('',(-1.,1.,0.8));
#270 = DIRECTION('',(-2.22044604925E-16,2.22044604925E-16,-1.));
#271 = DIRECTION('',(-1.,4.440892098501E-16,2.22044604925E-16));
#272 = PLANE('',#273);
#273 = AXIS2_PLACEMENT_3D('',#274,#275,#276);
#274 = CARTESIAN_POINT('',(8.437694987151E-16,-2.591676873109E-16,0.8));
#275 = DIRECTION('',(2.22044604925E-16,-2.22044604925E-16,1.));
#276 = DIRECTION('',(-1.,4.440892098501E-16,2.22044604925E-16));
#277 = ADVANCED_FACE('',(#278),#431,.F.);
#278 = FACE_BOUND('',#279,.T.);
#279 = EDGE_LOOP('',(#280,#290,#298,#306,#314,#322,#330,#338,#346,#354,
    #362,#370,#378,#386,#392,#393,#401,#409,#417,#425));
#280 = ORIENTED_EDGE('',*,*,#281,.F.);
#281 = EDGE_CURVE('',#282,#284,#286,.T.);
#282 = VERTEX_POINT('',#283);
#283 = CARTESIAN_POINT('',(1.5,-0.375,2.E-02));
#284 = VERTEX_POINT('',#285);
#285 = CARTESIAN_POINT('',(1.5,-0.625,2.E-02));
#286 = LINE('',#287,#288);
#287 = CARTESIAN_POINT('',(1.5,-7.521067102445E-16,2.E-02));
#288 = VECTOR('',#289,1.);
#289 = DIRECTION('',(-4.440892098501E-16,-1.,-2.22044604925E-16));
#290 = ORIENTED_EDGE('',*,*,#291,.F.);
#291 = EDGE_CURVE('',#292,#282,#294,.T.);
#292 = VERTEX_POINT('',#293);
#293 = CARTESIAN_POINT('',(1.5,-0.375,0.2));
#294 = LINE('',#295,#296);
#295 = CARTESIAN_POINT('',(1.5,-0.375,0.8));
#296 = VECTOR('',#297,1.);
#297 = DIRECTION('',(-2.22044604925E-16,2.22044604925E-16,-1.));
#298 = ORIENTED_EDGE('',*,*,#299,.F.);
#299 = EDGE_CURVE('',#300,#292,#302,.T.);
#300 = VERTEX_POINT('',#301);
#301 = CARTESIAN_POINT('',(1.5,-0.125,0.2));
#302 = LINE('',#303,#304);
#303 = CARTESIAN_POINT('',(1.5,1.5,0.2));
#304 = VECTOR('',#305,1.);
#305 = DIRECTION('',(-4.440892098501E-16,-1.,-2.22044604925E-16));
#306 = ORIENTED_EDGE('',*,*,#307,.F.);
#307 = EDGE_CURVE('',#308,#300,#310,.T.);
#308 = VERTEX_POINT('',#309);
#309 = CARTESIAN_POINT('',(1.5,-0.125,2.E-02));
#310 = LINE('',#311,#312);
#311 = CARTESIAN_POINT('',(1.5,-0.125,0.8));
#312 = VECTOR('',#313,1.);
#313 = DIRECTION('',(2.22044604925E-16,-2.22044604925E-16,1.));
#314 = ORIENTED_EDGE('',*,*,#315,.F.);
#315 = EDGE_CURVE('',#316,#308,#318,.T.);
#316 = VERTEX_POINT('',#317);
#317 = CARTESIAN_POINT('',(1.5,0.125,2.E-02));
#318 = LINE('',#319,#320);
#319 = CARTESIAN_POINT('',(1.5,-7.521067102445E-16,2.E-02));
#320 = VECTOR('',#321,1.);
#321 = DIRECTION('',(-4.440892098501E-16,-1.,-2.22044604925E-16));
#322 = ORIENTED_EDGE('',*,*,#323,.F.);
#323 = EDGE_CURVE('',#324,#316,#326,.T.);
#324 = VERTEX_POINT('',#325);
#325 = CARTESIAN_POINT('',(1.5,0.125,0.2));
#326 = LINE('',#327,#328);
#327 = CARTESIAN_POINT('',(1.5,0.125,0.8));
#328 = VECTOR('',#329,1.);
#329 = DIRECTION('',(-2.22044604925E-16,2.22044604925E-16,-1.));
#330 = ORIENTED_EDGE('',*,*,#331,.F.);
#331 = EDGE_CURVE('',#332,#324,#334,.T.);
#332 = VERTEX_POINT('',#333);
#333 = CARTESIAN_POINT('',(1.5,0.375,0.2));
#334 = LINE('',#335,#336);
#335 = CARTESIAN_POINT('',(1.5,1.5,0.2));
#336 = VECTOR('',#337,1.);
#337 = DIRECTION('',(-4.440892098501E-16,-1.,-2.22044604925E-16));
#338 = ORIENTED_EDGE('',*,*,#339,.F.);
#339 = EDGE_CURVE('',#340,#332,#342,.T.);
#340 = VERTEX_POINT('',#341);
#341 = CARTESIAN_POINT('',(1.5,0.375,2.E-02));
#342 = LINE('',#343,#344);
#343 = CARTESIAN_POINT('',(1.5,0.375,0.8));
#344 = VECTOR('',#345,1.);
#345 = DIRECTION('',(2.22044604925E-16,-2.22044604925E-16,1.));
#346 = ORIENTED_EDGE('',*,*,#347,.F.);
#347 = EDGE_CURVE('',#348,#340,#350,.T.);
#348 = VERTEX_POINT('',#349);
#349 = CARTESIAN_POINT('',(1.5,0.625,2.E-02));
#350 = LINE('',#351,#352);
#351 = CARTESIAN_POINT('',(1.5,-7.521067102445E-16,2.E-02));
#352 = VECTOR('',#353,1.);
#353 = DIRECTION('',(-4.440892098501E-16,-1.,-2.22044604925E-16));
#354 = ORIENTED_EDGE('',*,*,#355,.F.);
#355 = EDGE_CURVE('',#356,#348,#358,.T.);
#356 = VERTEX_POINT('',#357);
#357 = CARTESIAN_POINT('',(1.5,0.625,0.2));
#358 = LINE('',#359,#360);
#359 = CARTESIAN_POINT('',(1.5,0.625,0.8));
#360 = VECTOR('',#361,1.);
#361 = DIRECTION('',(-2.22044604925E-16,2.22044604925E-16,-1.));
#362 = ORIENTED_EDGE('',*,*,#363,.F.);
#363 = EDGE_CURVE('',#364,#356,#366,.T.);
#364 = VERTEX_POINT('',#365);
#365 = CARTESIAN_POINT('',(1.5,0.875,0.2));
#366 = LINE('',#367,#368);
#367 = CARTESIAN_POINT('',(1.5,1.5,0.2));
#368 = VECTOR('',#369,1.);
#369 = DIRECTION('',(-4.440892098501E-16,-1.,-2.22044604925E-16));
#370 = ORIENTED_EDGE('',*,*,#371,.F.);
#371 = EDGE_CURVE('',#372,#364,#374,.T.);
#372 = VERTEX_POINT('',#373);
#373 = CARTESIAN_POINT('',(1.5,0.875,2.E-02));
#374 = LINE('',#375,#376);
#375 = CARTESIAN_POINT('',(1.5,0.875,0.8));
#376 = VECTOR('',#377,1.);
#377 = DIRECTION('',(2.22044604925E-16,-2.22044604925E-16,1.));
#378 = ORIENTED_EDGE('',*,*,#379,.F.);
#379 = EDGE_CURVE('',#380,#372,#382,.T.);
#380 = VERTEX_POINT('',#381);
#381 = CARTESIAN_POINT('',(1.5,1.5,2.E-02));
#382 = LINE('',#383,#384);
#383 = CARTESIAN_POINT('',(1.5,-7.521067102445E-16,2.E-02));
#384 = VECTOR('',#385,1.);
#385 = DIRECTION('',(-4.440892098501E-16,-1.,-2.22044604925E-16));
#386 = ORIENTED_EDGE('',*,*,#387,.F.);
#387 = EDGE_CURVE('',#242,#380,#388,.T.);
#388 = LINE('',#389,#390);
#389 = CARTESIAN_POINT('',(1.5,1.5,0.8));
#390 = VECTOR('',#391,1.);
#391 = DIRECTION('',(-2.22044604925E-16,2.22044604925E-16,-1.));
#392 = ORIENTED_EDGE('',*,*,#241,.F.);
#393 = ORIENTED_EDGE('',*,*,#394,.F.);
#394 = EDGE_CURVE('',#395,#234,#397,.T.);
#395 = VERTEX_POINT('',#396);
#396 = CARTESIAN_POINT('',(1.5,-1.5,2.E-02));
#397 = LINE('',#398,#399);
#398 = CARTESIAN_POINT('',(1.5,-1.5,0.8));
#399 = VECTOR('',#400,1.);
#400 = DIRECTION('',(2.22044604925E-16,-2.22044604925E-16,1.));
#401 = ORIENTED_EDGE('',*,*,#402,.F.);
#402 = EDGE_CURVE('',#403,#395,#405,.T.);
#403 = VERTEX_POINT('',#404);
#404 = CARTESIAN_POINT('',(1.5,-0.875,2.E-02));
#405 = LINE('',#406,#407);
#406 = CARTESIAN_POINT('',(1.5,-7.521067102445E-16,2.E-02));
#407 = VECTOR('',#408,1.);
#408 = DIRECTION('',(-4.440892098501E-16,-1.,-2.22044604925E-16));
#409 = ORIENTED_EDGE('',*,*,#410,.F.);
#410 = EDGE_CURVE('',#411,#403,#413,.T.);
#411 = VERTEX_POINT('',#412);
#412 = CARTESIAN_POINT('',(1.5,-0.875,0.2));
#413 = LINE('',#414,#415);
#414 = CARTESIAN_POINT('',(1.5,-0.875,0.8));
#415 = VECTOR('',#416,1.);
#416 = DIRECTION('',(-2.22044604925E-16,2.22044604925E-16,-1.));
#417 = ORIENTED_EDGE('',*,*,#418,.F.);
#418 = EDGE_CURVE('',#419,#411,#421,.T.);
#419 = VERTEX_POINT('',#420);
#420 = CARTESIAN_POINT('',(1.5,-0.625,0.2));
#421 = LINE('',#422,#423);
#422 = CARTESIAN_POINT('',(1.5,1.5,0.2));
#423 = VECTOR('',#424,1.);
#424 = DIRECTION('',(-4.440892098501E-16,-1.,-2.22044604925E-16));
#425 = ORIENTED_EDGE('',*,*,#426,.F.);
#426 = EDGE_CURVE('',#284,#419,#427,.T.);
#427 = LINE('',#428,#429);
#428 = CARTESIAN_POINT('',(1.5,-0.625,0.8));
#429 = VECTOR('',#430,1.);
#430 = DIRECTION('',(2.22044604925E-16,-2.22044604925E-16,1.));
#431 = PLANE('',#432);
#432 = AXIS2_PLACEMENT_3D('',#433,#434,#435);
#433 = CARTESIAN_POINT('',(1.5,1.5,0.8));
#434 = DIRECTION('',(-1.,4.440892098501E-16,2.22044604925E-16));
#435 = DIRECTION('',(-4.440892098501E-16,-1.,-2.22044604925E-16));
#436 = ADVANCED_FACE('',(#437),#455,.F.);
#437 = FACE_BOUND('',#438,.T.);
#438 = EDGE_LOOP('',(#439,#440,#441,#449));
#439 = ORIENTED_EDGE('',*,*,#394,.T.);
#440 = ORIENTED_EDGE('',*,*,#231,.F.);
#441 = ORIENTED_EDGE('',*,*,#442,.F.);
#442 = EDGE_CURVE('',#443,#232,#445,.T.);
#443 = VERTEX_POINT('',#444);
#444 = CARTESIAN_POINT('',(-1.5,-1.5,2.E-02));
#445 = LINE('',#446,#447);
#446 = CARTESIAN_POINT('',(-1.5,-1.5,0.8));
#447 = VECTOR('',#448,1.);
#448 = DIRECTION('',(2.22044604925E-16,-2.22044604925E-16,1.));
#449 = ORIENTED_EDGE('',*,*,#450,.F.);
#450 = EDGE_CURVE('',#395,#443,#451,.T.);
#451 = LINE('',#452,#453);
#452 = CARTESIAN_POINT('',(1.5,-1.5,2.E-02));
#453 = VECTOR('',#454,1.);
#454 = DIRECTION('',(-1.,4.440892098501E-16,2.22044604925E-16));
#455 = PLANE('',#456);
#456 = AXIS2_PLACEMENT_3D('',#457,#458,#459);
#457 = CARTESIAN_POINT('',(1.5,-1.5,0.8));
#458 = DIRECTION('',(4.440892098501E-16,1.,2.22044604925E-16));
#459 = DIRECTION('',(-1.,4.440892098501E-16,2.22044604925E-16));
#460 = ADVANCED_FACE('',(#461),#607,.F.);
#461 = FACE_BOUND('',#462,.T.);
#462 = EDGE_LOOP('',(#463,#473,#479,#480,#481,#489,#497,#505,#513,#521,
    #529,#537,#545,#553,#561,#569,#577,#585,#593,#601));
#463 = ORIENTED_EDGE('',*,*,#464,.F.);
#464 = EDGE_CURVE('',#465,#467,#469,.T.);
#465 = VERTEX_POINT('',#466);
#466 = CARTESIAN_POINT('',(-1.5,-0.875,2.E-02));
#467 = VERTEX_POINT('',#468);
#468 = CARTESIAN_POINT('',(-1.5,-0.875,0.2));
#469 = LINE('',#470,#471);
#470 = CARTESIAN_POINT('',(-1.5,-0.875,0.8));
#471 = VECTOR('',#472,1.);
#472 = DIRECTION('',(2.22044604925E-16,-2.22044604925E-16,1.));
#473 = ORIENTED_EDGE('',*,*,#474,.F.);
#474 = EDGE_CURVE('',#443,#465,#475,.T.);
#475 = LINE('',#476,#477);
#476 = CARTESIAN_POINT('',(-1.5,1.5,2.E-02));
#477 = VECTOR('',#478,1.);
#478 = DIRECTION('',(2.995289201853E-16,1.,2.22044604925E-16));
#479 = ORIENTED_EDGE('',*,*,#442,.T.);
#480 = ORIENTED_EDGE('',*,*,#257,.F.);
#481 = ORIENTED_EDGE('',*,*,#482,.F.);
#482 = EDGE_CURVE('',#483,#250,#485,.T.);
#483 = VERTEX_POINT('',#484);
#484 = CARTESIAN_POINT('',(-1.5,1.5,2.E-02));
#485 = LINE('',#486,#487);
#486 = CARTESIAN_POINT('',(-1.5,1.5,0.8));
#487 = VECTOR('',#488,1.);
#488 = DIRECTION('',(2.22044604925E-16,-2.22044604925E-16,1.));
#489 = ORIENTED_EDGE('',*,*,#490,.F.);
#490 = EDGE_CURVE('',#491,#483,#493,.T.);
#491 = VERTEX_POINT('',#492);
#492 = CARTESIAN_POINT('',(-1.5,0.875,2.E-02));
#493 = LINE('',#494,#495);
#494 = CARTESIAN_POINT('',(-1.5,1.5,2.E-02));
#495 = VECTOR('',#496,1.);
#496 = DIRECTION('',(2.995289201853E-16,1.,2.22044604925E-16));
#497 = ORIENTED_EDGE('',*,*,#498,.F.);
#498 = EDGE_CURVE('',#499,#491,#501,.T.);
#499 = VERTEX_POINT('',#500);
#500 = CARTESIAN_POINT('',(-1.5,0.875,0.2));
#501 = LINE('',#502,#503);
#502 = CARTESIAN_POINT('',(-1.5,0.875,0.8));
#503 = VECTOR('',#504,1.);
#504 = DIRECTION('',(-2.22044604925E-16,2.22044604925E-16,-1.));
#505 = ORIENTED_EDGE('',*,*,#506,.F.);
#506 = EDGE_CURVE('',#507,#499,#509,.T.);
#507 = VERTEX_POINT('',#508);
#508 = CARTESIAN_POINT('',(-1.5,0.625,0.2));
#509 = LINE('',#510,#511);
#510 = CARTESIAN_POINT('',(-1.5,1.5,0.2));
#511 = VECTOR('',#512,1.);
#512 = DIRECTION('',(2.995289201853E-16,1.,2.22044604925E-16));
#513 = ORIENTED_EDGE('',*,*,#514,.F.);
#514 = EDGE_CURVE('',#515,#507,#517,.T.);
#515 = VERTEX_POINT('',#516);
#516 = CARTESIAN_POINT('',(-1.5,0.625,2.E-02));
#517 = LINE('',#518,#519);
#518 = CARTESIAN_POINT('',(-1.5,0.625,0.8));
#519 = VECTOR('',#520,1.);
#520 = DIRECTION('',(2.22044604925E-16,-2.22044604925E-16,1.));
#521 = ORIENTED_EDGE('',*,*,#522,.F.);
#522 = EDGE_CURVE('',#523,#515,#525,.T.);
#523 = VERTEX_POINT('',#524);
#524 = CARTESIAN_POINT('',(-1.5,0.375,2.E-02));
#525 = LINE('',#526,#527);
#526 = CARTESIAN_POINT('',(-1.5,1.5,2.E-02));
#527 = VECTOR('',#528,1.);
#528 = DIRECTION('',(2.995289201853E-16,1.,2.22044604925E-16));
#529 = ORIENTED_EDGE('',*,*,#530,.F.);
#530 = EDGE_CURVE('',#531,#523,#533,.T.);
#531 = VERTEX_POINT('',#532);
#532 = CARTESIAN_POINT('',(-1.5,0.375,0.2));
#533 = LINE('',#534,#535);
#534 = CARTESIAN_POINT('',(-1.5,0.375,0.8));
#535 = VECTOR('',#536,1.);
#536 = DIRECTION('',(-2.22044604925E-16,2.22044604925E-16,-1.));
#537 = ORIENTED_EDGE('',*,*,#538,.F.);
#538 = EDGE_CURVE('',#539,#531,#541,.T.);
#539 = VERTEX_POINT('',#540);
#540 = CARTESIAN_POINT('',(-1.5,0.125,0.2));
#541 = LINE('',#542,#543);
#542 = CARTESIAN_POINT('',(-1.5,1.5,0.2));
#543 = VECTOR('',#544,1.);
#544 = DIRECTION('',(2.995289201853E-16,1.,2.22044604925E-16));
#545 = ORIENTED_EDGE('',*,*,#546,.F.);
#546 = EDGE_CURVE('',#547,#539,#549,.T.);
#547 = VERTEX_POINT('',#548);
#548 = CARTESIAN_POINT('',(-1.5,0.125,2.E-02));
#549 = LINE('',#550,#551);
#550 = CARTESIAN_POINT('',(-1.5,0.125,0.8));
#551 = VECTOR('',#552,1.);
#552 = DIRECTION('',(2.22044604925E-16,-2.22044604925E-16,1.));
#553 = ORIENTED_EDGE('',*,*,#554,.F.);
#554 = EDGE_CURVE('',#555,#547,#557,.T.);
#555 = VERTEX_POINT('',#556);
#556 = CARTESIAN_POINT('',(-1.5,-0.125,2.E-02));
#557 = LINE('',#558,#559);
#558 = CARTESIAN_POINT('',(-1.5,1.5,2.E-02));
#559 = VECTOR('',#560,1.);
#560 = DIRECTION('',(2.995289201853E-16,1.,2.22044604925E-16));
#561 = ORIENTED_EDGE('',*,*,#562,.F.);
#562 = EDGE_CURVE('',#563,#555,#565,.T.);
#563 = VERTEX_POINT('',#564);
#564 = CARTESIAN_POINT('',(-1.5,-0.125,0.2));
#565 = LINE('',#566,#567);
#566 = CARTESIAN_POINT('',(-1.5,-0.125,0.8));
#567 = VECTOR('',#568,1.);
#568 = DIRECTION('',(-2.22044604925E-16,2.22044604925E-16,-1.));
#569 = ORIENTED_EDGE('',*,*,#570,.F.);
#570 = EDGE_CURVE('',#571,#563,#573,.T.);
#571 = VERTEX_POINT('',#572);
#572 = CARTESIAN_POINT('',(-1.5,-0.375,0.2));
#573 = LINE('',#574,#575);
#574 = CARTESIAN_POINT('',(-1.5,1.5,0.2));
#575 = VECTOR('',#576,1.);
#576 = DIRECTION('',(2.995289201853E-16,1.,2.22044604925E-16));
#577 = ORIENTED_EDGE('',*,*,#578,.F.);
#578 = EDGE_CURVE('',#579,#571,#581,.T.);
#579 = VERTEX_POINT('',#580);
#580 = CARTESIAN_POINT('',(-1.5,-0.375,2.E-02));
#581 = LINE('',#582,#583);
#582 = CARTESIAN_POINT('',(-1.5,-0.375,0.8));
#583 = VECTOR('',#584,1.);
#584 = DIRECTION('',(2.22044604925E-16,-2.22044604925E-16,1.));
#585 = ORIENTED_EDGE('',*,*,#586,.F.);
#586 = EDGE_CURVE('',#587,#579,#589,.T.);
#587 = VERTEX_POINT('',#588);
#588 = CARTESIAN_POINT('',(-1.5,-0.625,2.E-02));
#589 = LINE('',#590,#591);
#590 = CARTESIAN_POINT('',(-1.5,1.5,2.E-02));
#591 = VECTOR('',#592,1.);
#592 = DIRECTION('',(2.995289201853E-16,1.,2.22044604925E-16));
#593 = ORIENTED_EDGE('',*,*,#594,.F.);
#594 = EDGE_CURVE('',#595,#587,#597,.T.);
#595 = VERTEX_POINT('',#596);
#596 = CARTESIAN_POINT('',(-1.5,-0.625,0.2));
#597 = LINE('',#598,#599);
#598 = CARTESIAN_POINT('',(-1.5,-0.625,0.8));
#599 = VECTOR('',#600,1.);
#600 = DIRECTION('',(-2.22044604925E-16,2.22044604925E-16,-1.));
#601 = ORIENTED_EDGE('',*,*,#602,.F.);
#602 = EDGE_CURVE('',#467,#595,#603,.T.);
#603 = LINE('',#604,#605);
#604 = CARTESIAN_POINT('',(-1.5,1.5,0.2));
#605 = VECTOR('',#606,1.);
#606 = DIRECTION('',(2.995289201853E-16,1.,2.22044604925E-16));
#607 = PLANE('',#608);
#608 = AXIS2_PLACEMENT_3D('',#609,#610,#611);
#609 = CARTESIAN_POINT('',(-1.5,1.5,0.8));
#610 = DIRECTION('',(1.,-2.995289201853E-16,-2.22044604925E-16));
#611 = DIRECTION('',(2.995289201853E-16,1.,2.22044604925E-16));
#612 = ADVANCED_FACE('',(#613),#624,.F.);
#613 = FACE_BOUND('',#614,.T.);
#614 = EDGE_LOOP('',(#615,#616,#617,#618));
#615 = ORIENTED_EDGE('',*,*,#482,.T.);
#616 = ORIENTED_EDGE('',*,*,#249,.F.);
#617 = ORIENTED_EDGE('',*,*,#387,.T.);
#618 = ORIENTED_EDGE('',*,*,#619,.F.);
#619 = EDGE_CURVE('',#483,#380,#620,.T.);
#620 = LINE('',#621,#622);
#621 = CARTESIAN_POINT('',(1.5,1.5,2.E-02));
#622 = VECTOR('',#623,1.);
#623 = DIRECTION('',(1.,-4.440892098501E-16,-2.22044604925E-16));
#624 = PLANE('',#625);
#625 = AXIS2_PLACEMENT_3D('',#626,#627,#628);
#626 = CARTESIAN_POINT('',(1.5,1.5,0.8));
#627 = DIRECTION('',(-4.440892098501E-16,-1.,-2.22044604925E-16));
#628 = DIRECTION('',(1.,-4.440892098501E-16,-2.22044604925E-16));
#629 = ADVANCED_FACE('',(#630),#642,.F.);
#630 = FACE_BOUND('',#631,.F.);
#631 = EDGE_LOOP('',(#632,#633,#634,#641));
#632 = ORIENTED_EDGE('',*,*,#266,.T.);
#633 = ORIENTED_EDGE('',*,*,#21,.F.);
#634 = ORIENTED_EDGE('',*,*,#635,.T.);
#635 = EDGE_CURVE('',#22,#41,#636,.T.);
#636 = CIRCLE('',#637,0.25);
#637 = AXIS2_PLACEMENT_3D('',#638,#639,#640);
#638 = CARTESIAN_POINT('',(-1.,1.,0.78));
#639 = DIRECTION('',(2.22044604925E-16,-2.22044604925E-16,1.));
#640 = DIRECTION('',(-1.,4.440892098501E-16,2.22044604925E-16));
#641 = ORIENTED_EDGE('',*,*,#40,.T.);
#642 = CYLINDRICAL_SURFACE('',#643,0.25);
#643 = AXIS2_PLACEMENT_3D('',#644,#645,#646);
#644 = CARTESIAN_POINT('',(-1.,1.,0.78));
#645 = DIRECTION('',(2.22044604925E-16,-2.22044604925E-16,1.));
#646 = DIRECTION('',(-1.,4.440892098501E-16,2.22044604925E-16));
#647 = ADVANCED_FACE('',(#648),#689,.F.);
#648 = FACE_BOUND('',#649,.T.);
#649 = EDGE_LOOP('',(#650,#651,#659,#667,#675,#683));
#650 = ORIENTED_EDGE('',*,*,#426,.T.);
#651 = ORIENTED_EDGE('',*,*,#652,.F.);
#652 = EDGE_CURVE('',#653,#419,#655,.T.);
#653 = VERTEX_POINT('',#654);
#654 = CARTESIAN_POINT('',(1.51,-0.625,0.2));
#655 = LINE('',#656,#657);
#656 = CARTESIAN_POINT('',(1.51,-0.625,0.2));
#657 = VECTOR('',#658,1.);
#658 = DIRECTION('',(-1.,4.440892098501E-16,2.22044604925E-16));
#659 = ORIENTED_EDGE('',*,*,#660,.F.);
#660 = EDGE_CURVE('',#661,#653,#663,.T.);
#661 = VERTEX_POINT('',#662);
#662 = CARTESIAN_POINT('',(1.51,-0.625,2.361774195437E-16));
#663 = LINE('',#664,#665);
#664 = CARTESIAN_POINT('',(1.51,-0.625,0.2));
#665 = VECTOR('',#666,1.);
#666 = DIRECTION('',(2.22044604925E-16,-2.22044604925E-16,1.));
#667 = ORIENTED_EDGE('',*,*,#668,.F.);
#668 = EDGE_CURVE('',#669,#661,#671,.T.);
#669 = VERTEX_POINT('',#670);
#670 = CARTESIAN_POINT('',(1.215,-0.625,2.91688570775E-16));
#671 = LINE('',#672,#673);
#672 = CARTESIAN_POINT('',(1.51,-0.625,1.365574320289E-16));
#673 = VECTOR('',#674,1.);
#674 = DIRECTION('',(1.,-4.440892098501E-16,-2.22044604925E-16));
#675 = ORIENTED_EDGE('',*,*,#676,.F.);
#676 = EDGE_CURVE('',#677,#669,#679,.T.);
#677 = VERTEX_POINT('',#678);
#678 = CARTESIAN_POINT('',(1.215,-0.625,2.E-02));
#679 = LINE('',#680,#681);
#680 = CARTESIAN_POINT('',(1.215,-0.625,0.2));
#681 = VECTOR('',#682,1.);
#682 = DIRECTION('',(-2.22044604925E-16,2.22044604925E-16,-1.));
#683 = ORIENTED_EDGE('',*,*,#684,.F.);
#684 = EDGE_CURVE('',#284,#677,#685,.T.);
#685 = LINE('',#686,#687);
#686 = CARTESIAN_POINT('',(1.51,-0.625,2.E-02));
#687 = VECTOR('',#688,1.);
#688 = DIRECTION('',(-1.,4.440892098501E-16,2.22044604925E-16));
#689 = PLANE('',#690);
#690 = AXIS2_PLACEMENT_3D('',#691,#692,#693);
#691 = CARTESIAN_POINT('',(1.51,-0.625,0.2));
#692 = DIRECTION('',(-4.440892098501E-16,-1.,-2.22044604925E-16));
#693 = DIRECTION('',(1.,-4.440892098501E-16,-2.22044604925E-16));
#694 = ADVANCED_FACE('',(#695),#736,.F.);
#695 = FACE_BOUND('',#696,.T.);
#696 = EDGE_LOOP('',(#697,#698,#706,#714,#722,#730));
#697 = ORIENTED_EDGE('',*,*,#291,.T.);
#698 = ORIENTED_EDGE('',*,*,#699,.F.);
#699 = EDGE_CURVE('',#700,#282,#702,.T.);
#700 = VERTEX_POINT('',#701);
#701 = CARTESIAN_POINT('',(1.215,-0.375,2.E-02));
#702 = LINE('',#703,#704);
#703 = CARTESIAN_POINT('',(1.215,-0.375,2.E-02));
#704 = VECTOR('',#705,1.);
#705 = DIRECTION('',(1.,2.909631104791E-16,-2.22044604925E-16));
#706 = ORIENTED_EDGE('',*,*,#707,.F.);
#707 = EDGE_CURVE('',#708,#700,#710,.T.);
#708 = VERTEX_POINT('',#709);
#709 = CARTESIAN_POINT('',(1.215,-0.375,3.438324060369E-16));
#710 = LINE('',#711,#712);
#711 = CARTESIAN_POINT('',(1.215,-0.375,0.2));
#712 = VECTOR('',#713,1.);
#713 = DIRECTION('',(2.22044604925E-16,-2.22044604925E-16,1.));
#714 = ORIENTED_EDGE('',*,*,#715,.F.);
#715 = EDGE_CURVE('',#716,#708,#718,.T.);
#716 = VERTEX_POINT('',#717);
#717 = CARTESIAN_POINT('',(1.51,-0.375,2.883212548056E-16));
#718 = LINE('',#719,#720);
#719 = CARTESIAN_POINT('',(1.215,-0.375,2.57571741713E-16));
#720 = VECTOR('',#721,1.);
#721 = DIRECTION('',(-1.,-2.909631104791E-16,2.22044604925E-16));
#722 = ORIENTED_EDGE('',*,*,#723,.F.);
#723 = EDGE_CURVE('',#724,#716,#726,.T.);
#724 = VERTEX_POINT('',#725);
#725 = CARTESIAN_POINT('',(1.51,-0.375,0.2));
#726 = LINE('',#727,#728);
#727 = CARTESIAN_POINT('',(1.51,-0.375,0.2));
#728 = VECTOR('',#729,1.);
#729 = DIRECTION('',(-2.22044604925E-16,2.22044604925E-16,-1.));
#730 = ORIENTED_EDGE('',*,*,#731,.F.);
#731 = EDGE_CURVE('',#292,#724,#732,.T.);
#732 = LINE('',#733,#734);
#733 = CARTESIAN_POINT('',(1.215,-0.375,0.2));
#734 = VECTOR('',#735,1.);
#735 = DIRECTION('',(1.,2.909631104791E-16,-2.22044604925E-16));
#736 = PLANE('',#737);
#737 = AXIS2_PLACEMENT_3D('',#738,#739,#740);
#738 = CARTESIAN_POINT('',(1.215,-0.375,0.2));
#739 = DIRECTION('',(-2.909631104791E-16,1.,2.22044604925E-16));
#740 = DIRECTION('',(-1.,-2.909631104791E-16,2.22044604925E-16));
#741 = ADVANCED_FACE('',(#742),#760,.F.);
#742 = FACE_BOUND('',#743,.T.);
#743 = EDGE_LOOP('',(#744,#745,#746,#754));
#744 = ORIENTED_EDGE('',*,*,#299,.T.);
#745 = ORIENTED_EDGE('',*,*,#731,.T.);
#746 = ORIENTED_EDGE('',*,*,#747,.F.);
#747 = EDGE_CURVE('',#748,#724,#750,.T.);
#748 = VERTEX_POINT('',#749);
#749 = CARTESIAN_POINT('',(1.51,-0.125,0.2));
#750 = LINE('',#751,#752);
#751 = CARTESIAN_POINT('',(1.51,-0.25,0.2));
#752 = VECTOR('',#753,1.);
#753 = DIRECTION('',(-4.440892098501E-16,-1.,-2.22044604925E-16));
#754 = ORIENTED_EDGE('',*,*,#755,.F.);
#755 = EDGE_CURVE('',#300,#748,#756,.T.);
#756 = LINE('',#757,#758);
#757 = CARTESIAN_POINT('',(1.215,-0.125,0.2));
#758 = VECTOR('',#759,1.);
#759 = DIRECTION('',(1.,-4.440892098501E-16,-2.22044604925E-16));
#760 = PLANE('',#761);
#761 = AXIS2_PLACEMENT_3D('',#762,#763,#764);
#762 = CARTESIAN_POINT('',(1.215,-0.25,0.2));
#763 = DIRECTION('',(-2.22044604925E-16,2.22044604925E-16,-1.));
#764 = DIRECTION('',(1.,-4.440892098501E-16,-2.22044604925E-16));
#765 = ADVANCED_FACE('',(#766),#800,.F.);
#766 = FACE_BOUND('',#767,.T.);
#767 = EDGE_LOOP('',(#768,#769,#770,#778,#786,#794));
#768 = ORIENTED_EDGE('',*,*,#307,.T.);
#769 = ORIENTED_EDGE('',*,*,#755,.T.);
#770 = ORIENTED_EDGE('',*,*,#771,.F.);
#771 = EDGE_CURVE('',#772,#748,#774,.T.);
#772 = VERTEX_POINT('',#773);
#773 = CARTESIAN_POINT('',(1.51,-0.125,3.404650900675E-16));
#774 = LINE('',#775,#776);
#775 = CARTESIAN_POINT('',(1.51,-0.125,0.2));
#776 = VECTOR('',#777,1.);
#777 = DIRECTION('',(2.22044604925E-16,-2.22044604925E-16,1.));
#778 = ORIENTED_EDGE('',*,*,#779,.F.);
#779 = EDGE_CURVE('',#780,#772,#782,.T.);
#780 = VERTEX_POINT('',#781);
#781 = CARTESIAN_POINT('',(1.215,-0.125,3.959762412987E-16));
#782 = LINE('',#783,#784);
#783 = CARTESIAN_POINT('',(1.51,-0.125,2.475797344914E-16));
#784 = VECTOR('',#785,1.);
#785 = DIRECTION('',(1.,-4.440892098501E-16,-2.22044604925E-16));
#786 = ORIENTED_EDGE('',*,*,#787,.F.);
#787 = EDGE_CURVE('',#788,#780,#790,.T.);
#788 = VERTEX_POINT('',#789);
#789 = CARTESIAN_POINT('',(1.215,-0.125,2.E-02));
#790 = LINE('',#791,#792);
#791 = CARTESIAN_POINT('',(1.215,-0.125,0.2));
#792 = VECTOR('',#793,1.);
#793 = DIRECTION('',(-2.22044604925E-16,2.22044604925E-16,-1.));
#794 = ORIENTED_EDGE('',*,*,#795,.F.);
#795 = EDGE_CURVE('',#308,#788,#796,.T.);
#796 = LINE('',#797,#798);
#797 = CARTESIAN_POINT('',(1.51,-0.125,2.E-02));
#798 = VECTOR('',#799,1.);
#799 = DIRECTION('',(-1.,4.440892098501E-16,2.22044604925E-16));
#800 = PLANE('',#801);
#801 = AXIS2_PLACEMENT_3D('',#802,#803,#804);
#802 = CARTESIAN_POINT('',(1.51,-0.125,0.2));
#803 = DIRECTION('',(-4.440892098501E-16,-1.,-2.22044604925E-16));
#804 = DIRECTION('',(1.,-4.440892098501E-16,-2.22044604925E-16));
#805 = ADVANCED_FACE('',(#806),#847,.F.);
#806 = FACE_BOUND('',#807,.T.);
#807 = EDGE_LOOP('',(#808,#809,#817,#825,#833,#841));
#808 = ORIENTED_EDGE('',*,*,#323,.T.);
#809 = ORIENTED_EDGE('',*,*,#810,.F.);
#810 = EDGE_CURVE('',#811,#316,#813,.T.);
#811 = VERTEX_POINT('',#812);
#812 = CARTESIAN_POINT('',(1.215,0.125,2.E-02));
#813 = LINE('',#814,#815);
#814 = CARTESIAN_POINT('',(1.215,0.125,2.E-02));
#815 = VECTOR('',#816,1.);
#816 = DIRECTION('',(1.,2.909631104791E-16,-2.22044604925E-16));
#817 = ORIENTED_EDGE('',*,*,#818,.F.);
#818 = EDGE_CURVE('',#819,#811,#821,.T.);
#819 = VERTEX_POINT('',#820);
#820 = CARTESIAN_POINT('',(1.215,0.125,4.481200765606E-16));
#821 = LINE('',#822,#823);
#822 = CARTESIAN_POINT('',(1.215,0.125,0.2));
#823 = VECTOR('',#824,1.);
#824 = DIRECTION('',(2.22044604925E-16,-2.22044604925E-16,1.));
#825 = ORIENTED_EDGE('',*,*,#826,.F.);
#826 = EDGE_CURVE('',#827,#819,#829,.T.);
#827 = VERTEX_POINT('',#828);
#828 = CARTESIAN_POINT('',(1.51,0.125,3.926089253294E-16));
#829 = LINE('',#830,#831);
#830 = CARTESIAN_POINT('',(1.215,0.125,3.685940441756E-16));
#831 = VECTOR('',#832,1.);
#832 = DIRECTION('',(-1.,-2.909631104791E-16,2.22044604925E-16));
#833 = ORIENTED_EDGE('',*,*,#834,.F.);
#834 = EDGE_CURVE('',#835,#827,#837,.T.);
#835 = VERTEX_POINT('',#836);
#836 = CARTESIAN_POINT('',(1.51,0.125,0.2));
#837 = LINE('',#838,#839);
#838 = CARTESIAN_POINT('',(1.51,0.125,0.2));
#839 = VECTOR('',#840,1.);
#840 = DIRECTION('',(-2.22044604925E-16,2.22044604925E-16,-1.));
#841 = ORIENTED_EDGE('',*,*,#842,.F.);
#842 = EDGE_CURVE('',#324,#835,#843,.T.);
#843 = LINE('',#844,#845);
#844 = CARTESIAN_POINT('',(1.215,0.125,0.2));
#845 = VECTOR('',#846,1.);
#846 = DIRECTION('',(1.,2.909631104791E-16,-2.22044604925E-16));
#847 = PLANE('',#848);
#848 = AXIS2_PLACEMENT_3D('',#849,#850,#851);
#849 = CARTESIAN_POINT('',(1.215,0.125,0.2));
#850 = DIRECTION('',(-2.909631104791E-16,1.,2.22044604925E-16));
#851 = DIRECTION('',(-1.,-2.909631104791E-16,2.22044604925E-16));
#852 = ADVANCED_FACE('',(#853),#871,.F.);
#853 = FACE_BOUND('',#854,.T.);
#854 = EDGE_LOOP('',(#855,#856,#857,#865));
#855 = ORIENTED_EDGE('',*,*,#331,.T.);
#856 = ORIENTED_EDGE('',*,*,#842,.T.);
#857 = ORIENTED_EDGE('',*,*,#858,.F.);
#858 = EDGE_CURVE('',#859,#835,#861,.T.);
#859 = VERTEX_POINT('',#860);
#860 = CARTESIAN_POINT('',(1.51,0.375,0.2));
#861 = LINE('',#862,#863);
#862 = CARTESIAN_POINT('',(1.51,0.25,0.2));
#863 = VECTOR('',#864,1.);
#864 = DIRECTION('',(-4.440892098501E-16,-1.,-2.22044604925E-16));
#865 = ORIENTED_EDGE('',*,*,#866,.F.);
#866 = EDGE_CURVE('',#332,#859,#867,.T.);
#867 = LINE('',#868,#869);
#868 = CARTESIAN_POINT('',(1.215,0.375,0.2));
#869 = VECTOR('',#870,1.);
#870 = DIRECTION('',(1.,-4.440892098501E-16,-2.22044604925E-16));
#871 = PLANE('',#872);
#872 = AXIS2_PLACEMENT_3D('',#873,#874,#875);
#873 = CARTESIAN_POINT('',(1.215,0.25,0.2));
#874 = DIRECTION('',(-2.22044604925E-16,2.22044604925E-16,-1.));
#875 = DIRECTION('',(1.,-4.440892098501E-16,-2.22044604925E-16));
#876 = ADVANCED_FACE('',(#877),#911,.F.);
#877 = FACE_BOUND('',#878,.T.);
#878 = EDGE_LOOP('',(#879,#880,#881,#889,#897,#905));
#879 = ORIENTED_EDGE('',*,*,#339,.T.);
#880 = ORIENTED_EDGE('',*,*,#866,.T.);
#881 = ORIENTED_EDGE('',*,*,#882,.F.);
#882 = EDGE_CURVE('',#883,#859,#885,.T.);
#883 = VERTEX_POINT('',#884);
#884 = CARTESIAN_POINT('',(1.51,0.375,4.447527605912E-16));
#885 = LINE('',#886,#887);
#886 = CARTESIAN_POINT('',(1.51,0.375,0.2));
#887 = VECTOR('',#888,1.);
#888 = DIRECTION('',(2.22044604925E-16,-2.22044604925E-16,1.));
#889 = ORIENTED_EDGE('',*,*,#890,.F.);
#890 = EDGE_CURVE('',#891,#883,#893,.T.);
#891 = VERTEX_POINT('',#892);
#892 = CARTESIAN_POINT('',(1.215,0.375,5.002639118225E-16));
#893 = LINE('',#894,#895);
#894 = CARTESIAN_POINT('',(1.51,0.375,3.586020369539E-16));
#895 = VECTOR('',#896,1.);
#896 = DIRECTION('',(1.,-4.440892098501E-16,-2.22044604925E-16));
#897 = ORIENTED_EDGE('',*,*,#898,.F.);
#898 = EDGE_CURVE('',#899,#891,#901,.T.);
#899 = VERTEX_POINT('',#900);
#900 = CARTESIAN_POINT('',(1.215,0.375,2.E-02));
#901 = LINE('',#902,#903);
#902 = CARTESIAN_POINT('',(1.215,0.375,0.2));
#903 = VECTOR('',#904,1.);
#904 = DIRECTION('',(-2.22044604925E-16,2.22044604925E-16,-1.));
#905 = ORIENTED_EDGE('',*,*,#906,.F.);
#906 = EDGE_CURVE('',#340,#899,#907,.T.);
#907 = LINE('',#908,#909);
#908 = CARTESIAN_POINT('',(1.51,0.375,2.E-02));
#909 = VECTOR('',#910,1.);
#910 = DIRECTION('',(-1.,4.440892098501E-16,2.22044604925E-16));
#911 = PLANE('',#912);
#912 = AXIS2_PLACEMENT_3D('',#913,#914,#915);
#913 = CARTESIAN_POINT('',(1.51,0.375,0.2));
#914 = DIRECTION('',(-4.440892098501E-16,-1.,-2.22044604925E-16));
#915 = DIRECTION('',(1.,-4.440892098501E-16,-2.22044604925E-16));
#916 = ADVANCED_FACE('',(#917),#958,.F.);
#917 = FACE_BOUND('',#918,.T.);
#918 = EDGE_LOOP('',(#919,#920,#928,#936,#944,#952));
#919 = ORIENTED_EDGE('',*,*,#355,.T.);
#920 = ORIENTED_EDGE('',*,*,#921,.F.);
#921 = EDGE_CURVE('',#922,#348,#924,.T.);
#922 = VERTEX_POINT('',#923);
#923 = CARTESIAN_POINT('',(1.215,0.625,2.E-02));
#924 = LINE('',#925,#926);
#925 = CARTESIAN_POINT('',(1.215,0.625,2.E-02));
#926 = VECTOR('',#927,1.);
#927 = DIRECTION('',(1.,2.909631104791E-16,-2.22044604925E-16));
#928 = ORIENTED_EDGE('',*,*,#929,.F.);
#929 = EDGE_CURVE('',#930,#922,#932,.T.);
#930 = VERTEX_POINT('',#931);
#931 = CARTESIAN_POINT('',(1.215,0.625,5.524077470844E-16));
#932 = LINE('',#933,#934);
#933 = CARTESIAN_POINT('',(1.215,0.625,0.2));
#934 = VECTOR('',#935,1.);
#935 = DIRECTION('',(2.22044604925E-16,-2.22044604925E-16,1.));
#936 = ORIENTED_EDGE('',*,*,#937,.F.);
#937 = EDGE_CURVE('',#938,#930,#940,.T.);
#938 = VERTEX_POINT('',#939);
#939 = CARTESIAN_POINT('',(1.51,0.625,4.968965958531E-16));
#940 = LINE('',#941,#942);
#941 = CARTESIAN_POINT('',(1.215,0.625,4.796163466381E-16));
#942 = VECTOR('',#943,1.);
#943 = DIRECTION('',(-1.,-2.909631104791E-16,2.22044604925E-16));
#944 = ORIENTED_EDGE('',*,*,#945,.F.);
#945 = EDGE_CURVE('',#946,#938,#948,.T.);
#946 = VERTEX_POINT('',#947);
#947 = CARTESIAN_POINT('',(1.51,0.625,0.2));
#948 = LINE('',#949,#950);
#949 = CARTESIAN_POINT('',(1.51,0.625,0.2));
#950 = VECTOR('',#951,1.);
#951 = DIRECTION('',(-2.22044604925E-16,2.22044604925E-16,-1.));
#952 = ORIENTED_EDGE('',*,*,#953,.F.);
#953 = EDGE_CURVE('',#356,#946,#954,.T.);
#954 = LINE('',#955,#956);
#955 = CARTESIAN_POINT('',(1.215,0.625,0.2));
#956 = VECTOR('',#957,1.);
#957 = DIRECTION('',(1.,2.909631104791E-16,-2.22044604925E-16));
#958 = PLANE('',#959);
#959 = AXIS2_PLACEMENT_3D('',#960,#961,#962);
#960 = CARTESIAN_POINT('',(1.215,0.625,0.2));
#961 = DIRECTION('',(-2.909631104791E-16,1.,2.22044604925E-16));
#962 = DIRECTION('',(-1.,-2.909631104791E-16,2.22044604925E-16));
#963 = ADVANCED_FACE('',(#964),#982,.F.);
#964 = FACE_BOUND('',#965,.T.);
#965 = EDGE_LOOP('',(#966,#967,#968,#976));
#966 = ORIENTED_EDGE('',*,*,#363,.T.);
#967 = ORIENTED_EDGE('',*,*,#953,.T.);
#968 = ORIENTED_EDGE('',*,*,#969,.F.);
#969 = EDGE_CURVE('',#970,#946,#972,.T.);
#970 = VERTEX_POINT('',#971);
#971 = CARTESIAN_POINT('',(1.51,0.875,0.2));
#972 = LINE('',#973,#974);
#973 = CARTESIAN_POINT('',(1.51,0.75,0.2));
#974 = VECTOR('',#975,1.);
#975 = DIRECTION('',(-4.440892098501E-16,-1.,-2.22044604925E-16));
#976 = ORIENTED_EDGE('',*,*,#977,.F.);
#977 = EDGE_CURVE('',#364,#970,#978,.T.);
#978 = LINE('',#979,#980);
#979 = CARTESIAN_POINT('',(1.215,0.875,0.2));
#980 = VECTOR('',#981,1.);
#981 = DIRECTION('',(1.,-4.440892098501E-16,-2.22044604925E-16));
#982 = PLANE('',#983);
#983 = AXIS2_PLACEMENT_3D('',#984,#985,#986);
#984 = CARTESIAN_POINT('',(1.215,0.75,0.2));
#985 = DIRECTION('',(-2.22044604925E-16,2.22044604925E-16,-1.));
#986 = DIRECTION('',(1.,-4.440892098501E-16,-2.22044604925E-16));
#987 = ADVANCED_FACE('',(#988),#1022,.F.);
#988 = FACE_BOUND('',#989,.T.);
#989 = EDGE_LOOP('',(#990,#991,#992,#1000,#1008,#1016));
#990 = ORIENTED_EDGE('',*,*,#371,.T.);
#991 = ORIENTED_EDGE('',*,*,#977,.T.);
#992 = ORIENTED_EDGE('',*,*,#993,.F.);
#993 = EDGE_CURVE('',#994,#970,#996,.T.);
#994 = VERTEX_POINT('',#995);
#995 = CARTESIAN_POINT('',(1.51,0.875,5.49040431115E-16));
#996 = LINE('',#997,#998);
#997 = CARTESIAN_POINT('',(1.51,0.875,0.2));
#998 = VECTOR('',#999,1.);
#999 = DIRECTION('',(2.22044604925E-16,-2.22044604925E-16,1.));
#1000 = ORIENTED_EDGE('',*,*,#1001,.F.);
#1001 = EDGE_CURVE('',#1002,#994,#1004,.T.);
#1002 = VERTEX_POINT('',#1003);
#1003 = CARTESIAN_POINT('',(1.215,0.875,6.045515823462E-16));
#1004 = LINE('',#1005,#1006);
#1005 = CARTESIAN_POINT('',(1.51,0.875,4.696243394164E-16));
#1006 = VECTOR('',#1007,1.);
#1007 = DIRECTION('',(1.,-4.440892098501E-16,-2.22044604925E-16));
#1008 = ORIENTED_EDGE('',*,*,#1009,.F.);
#1009 = EDGE_CURVE('',#1010,#1002,#1012,.T.);
#1010 = VERTEX_POINT('',#1011);
#1011 = CARTESIAN_POINT('',(1.215,0.875,2.E-02));
#1012 = LINE('',#1013,#1014);
#1013 = CARTESIAN_POINT('',(1.215,0.875,0.2));
#1014 = VECTOR('',#1015,1.);
#1015 = DIRECTION('',(-2.22044604925E-16,2.22044604925E-16,-1.));
#1016 = ORIENTED_EDGE('',*,*,#1017,.F.);
#1017 = EDGE_CURVE('',#372,#1010,#1018,.T.);
#1018 = LINE('',#1019,#1020);
#1019 = CARTESIAN_POINT('',(1.51,0.875,2.E-02));
#1020 = VECTOR('',#1021,1.);
#1021 = DIRECTION('',(-1.,4.440892098501E-16,2.22044604925E-16));
#1022 = PLANE('',#1023);
#1023 = AXIS2_PLACEMENT_3D('',#1024,#1025,#1026);
#1024 = CARTESIAN_POINT('',(1.51,0.875,0.2));
#1025 = DIRECTION('',(-4.440892098501E-16,-1.,-2.22044604925E-16));
#1026 = DIRECTION('',(1.,-4.440892098501E-16,-2.22044604925E-16));
#1027 = ADVANCED_FACE('',(#1028),#1069,.F.);
#1028 = FACE_BOUND('',#1029,.T.);
#1029 = EDGE_LOOP('',(#1030,#1031,#1039,#1047,#1055,#1063));
#1030 = ORIENTED_EDGE('',*,*,#410,.T.);
#1031 = ORIENTED_EDGE('',*,*,#1032,.F.);
#1032 = EDGE_CURVE('',#1033,#403,#1035,.T.);
#1033 = VERTEX_POINT('',#1034);
#1034 = CARTESIAN_POINT('',(1.215,-0.875,2.E-02));
#1035 = LINE('',#1036,#1037);
#1036 = CARTESIAN_POINT('',(1.215,-0.875,2.E-02));
#1037 = VECTOR('',#1038,1.);
#1038 = DIRECTION('',(1.,2.909631104791E-16,-2.22044604925E-16));
#1039 = ORIENTED_EDGE('',*,*,#1040,.F.);
#1040 = EDGE_CURVE('',#1041,#1033,#1043,.T.);
#1041 = VERTEX_POINT('',#1042);
#1042 = CARTESIAN_POINT('',(1.215,-0.875,2.395447355131E-16));
#1043 = LINE('',#1044,#1045);
#1044 = CARTESIAN_POINT('',(1.215,-0.875,0.2));
#1045 = VECTOR('',#1046,1.);
#1046 = DIRECTION('',(2.22044604925E-16,-2.22044604925E-16,1.));
#1047 = ORIENTED_EDGE('',*,*,#1048,.F.);
#1048 = EDGE_CURVE('',#1049,#1041,#1051,.T.);
#1049 = VERTEX_POINT('',#1050);
#1050 = CARTESIAN_POINT('',(1.51,-0.875,1.840335842819E-16));
#1051 = LINE('',#1052,#1053);
#1052 = CARTESIAN_POINT('',(1.215,-0.875,1.465494392505E-16));
#1053 = VECTOR('',#1054,1.);
#1054 = DIRECTION('',(-1.,-2.909631104791E-16,2.22044604925E-16));
#1055 = ORIENTED_EDGE('',*,*,#1056,.F.);
#1056 = EDGE_CURVE('',#1057,#1049,#1059,.T.);
#1057 = VERTEX_POINT('',#1058);
#1058 = CARTESIAN_POINT('',(1.51,-0.875,0.2));
#1059 = LINE('',#1060,#1061);
#1060 = CARTESIAN_POINT('',(1.51,-0.875,0.2));
#1061 = VECTOR('',#1062,1.);
#1062 = DIRECTION('',(-2.22044604925E-16,2.22044604925E-16,-1.));
#1063 = ORIENTED_EDGE('',*,*,#1064,.F.);
#1064 = EDGE_CURVE('',#411,#1057,#1065,.T.);
#1065 = LINE('',#1066,#1067);
#1066 = CARTESIAN_POINT('',(1.215,-0.875,0.2));
#1067 = VECTOR('',#1068,1.);
#1068 = DIRECTION('',(1.,2.909631104791E-16,-2.22044604925E-16));
#1069 = PLANE('',#1070);
#1070 = AXIS2_PLACEMENT_3D('',#1071,#1072,#1073);
#1071 = CARTESIAN_POINT('',(1.215,-0.875,0.2));
#1072 = DIRECTION('',(-2.909631104791E-16,1.,2.22044604925E-16));
#1073 = DIRECTION('',(-1.,-2.909631104791E-16,2.22044604925E-16));
#1074 = ADVANCED_FACE('',(#1075),#1086,.F.);
#1075 = FACE_BOUND('',#1076,.T.);
#1076 = EDGE_LOOP('',(#1077,#1078,#1079,#1085));
#1077 = ORIENTED_EDGE('',*,*,#418,.T.);
#1078 = ORIENTED_EDGE('',*,*,#1064,.T.);
#1079 = ORIENTED_EDGE('',*,*,#1080,.F.);
#1080 = EDGE_CURVE('',#653,#1057,#1081,.T.);
#1081 = LINE('',#1082,#1083);
#1082 = CARTESIAN_POINT('',(1.51,-0.75,0.2));
#1083 = VECTOR('',#1084,1.);
#1084 = DIRECTION('',(-4.440892098501E-16,-1.,-2.22044604925E-16));
#1085 = ORIENTED_EDGE('',*,*,#652,.T.);
#1086 = PLANE('',#1087);
#1087 = AXIS2_PLACEMENT_3D('',#1088,#1089,#1090);
#1088 = CARTESIAN_POINT('',(1.215,-0.75,0.2));
#1089 = DIRECTION('',(-2.22044604925E-16,2.22044604925E-16,-1.));
#1090 = DIRECTION('',(1.,-4.440892098501E-16,-2.22044604925E-16));
#1091 = ADVANCED_FACE('',(#1092,#1179),#1317,.T.);
#1092 = FACE_BOUND('',#1093,.T.);
#1093 = EDGE_LOOP('',(#1094,#1104,#1113,#1121,#1130,#1138,#1147,#1155,
    #1164,#1172));
#1094 = ORIENTED_EDGE('',*,*,#1095,.T.);
#1095 = EDGE_CURVE('',#1096,#1098,#1100,.T.);
#1096 = VERTEX_POINT('',#1097);
#1097 = CARTESIAN_POINT('',(-0.8,0.72,2.E-02));
#1098 = VERTEX_POINT('',#1099);
#1099 = CARTESIAN_POINT('',(-0.8,-1.07,2.E-02));
#1100 = LINE('',#1101,#1102);
#1101 = CARTESIAN_POINT('',(-0.8,2.692984724106E-16,2.E-02));
#1102 = VECTOR('',#1103,1.);
#1103 = DIRECTION('',(-4.440892098501E-16,-1.,-2.22044604925E-16));
#1104 = ORIENTED_EDGE('',*,*,#1105,.T.);
#1105 = EDGE_CURVE('',#1098,#1106,#1108,.T.);
#1106 = VERTEX_POINT('',#1107);
#1107 = CARTESIAN_POINT('',(-0.7,-1.17,2.E-02));
#1108 = CIRCLE('',#1109,1.E-01);
#1109 = AXIS2_PLACEMENT_3D('',#1110,#1111,#1112);
#1110 = CARTESIAN_POINT('',(-0.7,-1.07,2.E-02));
#1111 = DIRECTION('',(2.22044604925E-16,-2.22044604925E-16,1.));
#1112 = DIRECTION('',(-1.,4.440892098501E-16,2.22044604925E-16));
#1113 = ORIENTED_EDGE('',*,*,#1114,.T.);
#1114 = EDGE_CURVE('',#1106,#1115,#1117,.T.);
#1115 = VERTEX_POINT('',#1116);
#1116 = CARTESIAN_POINT('',(0.7,-1.17,2.E-02));
#1117 = LINE('',#1118,#1119);
#1118 = CARTESIAN_POINT('',(1.50990331349E-16,-1.17,2.E-02));
#1119 = VECTOR('',#1120,1.);
#1120 = DIRECTION('',(1.,-4.440892098501E-16,-2.22044604925E-16));
#1121 = ORIENTED_EDGE('',*,*,#1122,.T.);
#1122 = EDGE_CURVE('',#1115,#1123,#1125,.T.);
#1123 = VERTEX_POINT('',#1124);
#1124 = CARTESIAN_POINT('',(0.8,-1.07,2.E-02));
#1125 = CIRCLE('',#1126,1.E-01);
#1126 = AXIS2_PLACEMENT_3D('',#1127,#1128,#1129);
#1127 = CARTESIAN_POINT('',(0.7,-1.07,2.E-02));
#1128 = DIRECTION('',(2.22044604925E-16,-2.22044604925E-16,1.));
#1129 = DIRECTION('',(-1.,4.440892098501E-16,2.22044604925E-16));
#1130 = ORIENTED_EDGE('',*,*,#1131,.T.);
#1131 = EDGE_CURVE('',#1123,#1132,#1134,.T.);
#1132 = VERTEX_POINT('',#1133);
#1133 = CARTESIAN_POINT('',(0.8,1.07,2.E-02));
#1134 = LINE('',#1135,#1136);
#1135 = CARTESIAN_POINT('',(0.8,-4.412442633495E-16,2.E-02));
#1136 = VECTOR('',#1137,1.);
#1137 = DIRECTION('',(4.440892098501E-16,1.,2.22044604925E-16));
#1138 = ORIENTED_EDGE('',*,*,#1139,.T.);
#1139 = EDGE_CURVE('',#1132,#1140,#1142,.T.);
#1140 = VERTEX_POINT('',#1141);
#1141 = CARTESIAN_POINT('',(0.7,1.17,2.E-02));
#1142 = CIRCLE('',#1143,1.E-01);
#1143 = AXIS2_PLACEMENT_3D('',#1144,#1145,#1146);
#1144 = CARTESIAN_POINT('',(0.7,1.07,2.E-02));
#1145 = DIRECTION('',(2.22044604925E-16,-2.22044604925E-16,1.));
#1146 = DIRECTION('',(-1.,4.440892098501E-16,2.22044604925E-16));
#1147 = ORIENTED_EDGE('',*,*,#1148,.T.);
#1148 = EDGE_CURVE('',#1140,#1149,#1151,.T.);
#1149 = VERTEX_POINT('',#1150);
#1150 = CARTESIAN_POINT('',(-0.7,1.17,2.E-02));
#1151 = LINE('',#1152,#1153);
#1152 = CARTESIAN_POINT('',(1.190159082398E-15,1.17,2.E-02));
#1153 = VECTOR('',#1154,1.);
#1154 = DIRECTION('',(-1.,4.440892098501E-16,2.22044604925E-16));
#1155 = ORIENTED_EDGE('',*,*,#1156,.T.);
#1156 = EDGE_CURVE('',#1149,#1157,#1159,.T.);
#1157 = VERTEX_POINT('',#1158);
#1158 = CARTESIAN_POINT('',(-0.8,1.07,2.E-02));
#1159 = CIRCLE('',#1160,1.E-01);
#1160 = AXIS2_PLACEMENT_3D('',#1161,#1162,#1163);
#1161 = CARTESIAN_POINT('',(-0.7,1.07,2.E-02));
#1162 = DIRECTION('',(2.22044604925E-16,-2.22044604925E-16,1.));
#1163 = DIRECTION('',(-1.,4.440892098501E-16,2.22044604925E-16));
#1164 = ORIENTED_EDGE('',*,*,#1165,.T.);
#1165 = EDGE_CURVE('',#1157,#1166,#1168,.T.);
#1166 = VERTEX_POINT('',#1167);
#1167 = CARTESIAN_POINT('',(-0.8,1.02,2.E-02));
#1168 = LINE('',#1169,#1170);
#1169 = CARTESIAN_POINT('',(-0.8,2.692984724106E-16,2.E-02));
#1170 = VECTOR('',#1171,1.);
#1171 = DIRECTION('',(-4.440892098501E-16,-1.,-2.22044604925E-16));
#1172 = ORIENTED_EDGE('',*,*,#1173,.T.);
#1173 = EDGE_CURVE('',#1166,#1096,#1174,.T.);
#1174 = CIRCLE('',#1175,0.15);
#1175 = AXIS2_PLACEMENT_3D('',#1176,#1177,#1178);
#1176 = CARTESIAN_POINT('',(-0.8,0.87,2.E-02));
#1177 = DIRECTION('',(-2.22044604925E-16,2.22044604925E-16,-1.));
#1178 = DIRECTION('',(-1.,4.440892098501E-16,2.22044604925E-16));
#1179 = FACE_BOUND('',#1180,.T.);
#1180 = EDGE_LOOP('',(#1181,#1182,#1183,#1191,#1198,#1199,#1205,#1206,
    #1214,#1221,#1222,#1228,#1229,#1237,#1244,#1245,#1251,#1252,#1260,
    #1267,#1268,#1274,#1275,#1276,#1277,#1278,#1285,#1286,#1287,#1288,
    #1295,#1296,#1297,#1298,#1305,#1306,#1307,#1308,#1315,#1316));
#1181 = ORIENTED_EDGE('',*,*,#450,.T.);
#1182 = ORIENTED_EDGE('',*,*,#474,.T.);
#1183 = ORIENTED_EDGE('',*,*,#1184,.T.);
#1184 = EDGE_CURVE('',#465,#1185,#1187,.T.);
#1185 = VERTEX_POINT('',#1186);
#1186 = CARTESIAN_POINT('',(-1.215,-0.875,2.E-02));
#1187 = LINE('',#1188,#1189);
#1188 = CARTESIAN_POINT('',(2.819966482548E-16,-0.875,2.E-02));
#1189 = VECTOR('',#1190,1.);
#1190 = DIRECTION('',(1.,-4.440892098501E-16,-2.22044604925E-16));
#1191 = ORIENTED_EDGE('',*,*,#1192,.T.);
#1192 = EDGE_CURVE('',#1185,#190,#1193,.T.);
#1193 = CIRCLE('',#1194,0.125);
#1194 = AXIS2_PLACEMENT_3D('',#1195,#1196,#1197);
#1195 = CARTESIAN_POINT('',(-1.215,-0.75,2.E-02));
#1196 = DIRECTION('',(2.22044604925E-16,-2.22044604925E-16,1.));
#1197 = DIRECTION('',(1.,-4.440892098501E-16,-2.22044604925E-16));
#1198 = ORIENTED_EDGE('',*,*,#189,.T.);
#1199 = ORIENTED_EDGE('',*,*,#1200,.T.);
#1200 = EDGE_CURVE('',#192,#587,#1201,.T.);
#1201 = LINE('',#1202,#1203);
#1202 = CARTESIAN_POINT('',(3.930189507173E-16,-0.625,2.E-02));
#1203 = VECTOR('',#1204,1.);
#1204 = DIRECTION('',(-1.,4.440892098501E-16,2.22044604925E-16));
#1205 = ORIENTED_EDGE('',*,*,#586,.T.);
#1206 = ORIENTED_EDGE('',*,*,#1207,.T.);
#1207 = EDGE_CURVE('',#579,#1208,#1210,.T.);
#1208 = VERTEX_POINT('',#1209);
#1209 = CARTESIAN_POINT('',(-1.215,-0.375,2.E-02));
#1210 = LINE('',#1211,#1212);
#1211 = CARTESIAN_POINT('',(5.040412531798E-16,-0.375,2.E-02));
#1212 = VECTOR('',#1213,1.);
#1213 = DIRECTION('',(1.,-4.440892098501E-16,-2.22044604925E-16));
#1214 = ORIENTED_EDGE('',*,*,#1215,.T.);
#1215 = EDGE_CURVE('',#1208,#148,#1216,.T.);
#1216 = CIRCLE('',#1217,0.125);
#1217 = AXIS2_PLACEMENT_3D('',#1218,#1219,#1220);
#1218 = CARTESIAN_POINT('',(-1.215,-0.25,2.E-02));
#1219 = DIRECTION('',(2.22044604925E-16,-2.22044604925E-16,1.));
#1220 = DIRECTION('',(1.,-4.440892098501E-16,-2.22044604925E-16));
#1221 = ORIENTED_EDGE('',*,*,#147,.T.);
#1222 = ORIENTED_EDGE('',*,*,#1223,.T.);
#1223 = EDGE_CURVE('',#150,#555,#1224,.T.);
#1224 = LINE('',#1225,#1226);
#1225 = CARTESIAN_POINT('',(6.150635556423E-16,-0.125,2.E-02));
#1226 = VECTOR('',#1227,1.);
#1227 = DIRECTION('',(-1.,4.440892098501E-16,2.22044604925E-16));
#1228 = ORIENTED_EDGE('',*,*,#554,.T.);
#1229 = ORIENTED_EDGE('',*,*,#1230,.T.);
#1230 = EDGE_CURVE('',#547,#1231,#1233,.T.);
#1231 = VERTEX_POINT('',#1232);
#1232 = CARTESIAN_POINT('',(-1.215,0.125,2.E-02));
#1233 = LINE('',#1234,#1235);
#1234 = CARTESIAN_POINT('',(7.260858581049E-16,0.125,2.E-02));
#1235 = VECTOR('',#1236,1.);
#1236 = DIRECTION('',(1.,-4.440892098501E-16,-2.22044604925E-16));
#1237 = ORIENTED_EDGE('',*,*,#1238,.T.);
#1238 = EDGE_CURVE('',#1231,#106,#1239,.T.);
#1239 = CIRCLE('',#1240,0.125);
#1240 = AXIS2_PLACEMENT_3D('',#1241,#1242,#1243);
#1241 = CARTESIAN_POINT('',(-1.215,0.25,2.E-02));
#1242 = DIRECTION('',(2.22044604925E-16,-2.22044604925E-16,1.));
#1243 = DIRECTION('',(1.,-4.440892098501E-16,-2.22044604925E-16));
#1244 = ORIENTED_EDGE('',*,*,#105,.T.);
#1245 = ORIENTED_EDGE('',*,*,#1246,.T.);
#1246 = EDGE_CURVE('',#108,#523,#1247,.T.);
#1247 = LINE('',#1248,#1249);
#1248 = CARTESIAN_POINT('',(8.371081605674E-16,0.375,2.E-02));
#1249 = VECTOR('',#1250,1.);
#1250 = DIRECTION('',(-1.,4.440892098501E-16,2.22044604925E-16));
#1251 = ORIENTED_EDGE('',*,*,#522,.T.);
#1252 = ORIENTED_EDGE('',*,*,#1253,.T.);
#1253 = EDGE_CURVE('',#515,#1254,#1256,.T.);
#1254 = VERTEX_POINT('',#1255);
#1255 = CARTESIAN_POINT('',(-1.215,0.625,2.E-02));
#1256 = LINE('',#1257,#1258);
#1257 = CARTESIAN_POINT('',(9.481304630299E-16,0.625,2.E-02));
#1258 = VECTOR('',#1259,1.);
#1259 = DIRECTION('',(1.,-4.440892098501E-16,-2.22044604925E-16));
#1260 = ORIENTED_EDGE('',*,*,#1261,.T.);
#1261 = EDGE_CURVE('',#1254,#64,#1262,.T.);
#1262 = CIRCLE('',#1263,0.125);
#1263 = AXIS2_PLACEMENT_3D('',#1264,#1265,#1266);
#1264 = CARTESIAN_POINT('',(-1.215,0.75,2.E-02));
#1265 = DIRECTION('',(2.22044604925E-16,-2.22044604925E-16,1.));
#1266 = DIRECTION('',(1.,-4.440892098501E-16,-2.22044604925E-16));
#1267 = ORIENTED_EDGE('',*,*,#63,.T.);
#1268 = ORIENTED_EDGE('',*,*,#1269,.T.);
#1269 = EDGE_CURVE('',#66,#491,#1270,.T.);
#1270 = LINE('',#1271,#1272);
#1271 = CARTESIAN_POINT('',(1.059152765492E-15,0.875,2.E-02));
#1272 = VECTOR('',#1273,1.);
#1273 = DIRECTION('',(-1.,4.440892098501E-16,2.22044604925E-16));
#1274 = ORIENTED_EDGE('',*,*,#490,.T.);
#1275 = ORIENTED_EDGE('',*,*,#619,.T.);
#1276 = ORIENTED_EDGE('',*,*,#379,.T.);
#1277 = ORIENTED_EDGE('',*,*,#1017,.T.);
#1278 = ORIENTED_EDGE('',*,*,#1279,.T.);
#1279 = EDGE_CURVE('',#1010,#922,#1280,.T.);
#1280 = CIRCLE('',#1281,0.125);
#1281 = AXIS2_PLACEMENT_3D('',#1282,#1283,#1284);
#1282 = CARTESIAN_POINT('',(1.215,0.75,2.E-02));
#1283 = DIRECTION('',(2.22044604925E-16,-2.22044604925E-16,1.));
#1284 = DIRECTION('',(1.,-4.440892098501E-16,-2.22044604925E-16));
#1285 = ORIENTED_EDGE('',*,*,#921,.T.);
#1286 = ORIENTED_EDGE('',*,*,#347,.T.);
#1287 = ORIENTED_EDGE('',*,*,#906,.T.);
#1288 = ORIENTED_EDGE('',*,*,#1289,.T.);
#1289 = EDGE_CURVE('',#899,#811,#1290,.T.);
#1290 = CIRCLE('',#1291,0.125);
#1291 = AXIS2_PLACEMENT_3D('',#1292,#1293,#1294);
#1292 = CARTESIAN_POINT('',(1.215,0.25,2.E-02));
#1293 = DIRECTION('',(2.22044604925E-16,-2.22044604925E-16,1.));
#1294 = DIRECTION('',(1.,-4.440892098501E-16,-2.22044604925E-16));
#1295 = ORIENTED_EDGE('',*,*,#810,.T.);
#1296 = ORIENTED_EDGE('',*,*,#315,.T.);
#1297 = ORIENTED_EDGE('',*,*,#795,.T.);
#1298 = ORIENTED_EDGE('',*,*,#1299,.T.);
#1299 = EDGE_CURVE('',#788,#700,#1300,.T.);
#1300 = CIRCLE('',#1301,0.125);
#1301 = AXIS2_PLACEMENT_3D('',#1302,#1303,#1304);
#1302 = CARTESIAN_POINT('',(1.215,-0.25,2.E-02));
#1303 = DIRECTION('',(2.22044604925E-16,-2.22044604925E-16,1.));
#1304 = DIRECTION('',(1.,-4.440892098501E-16,-2.22044604925E-16));
#1305 = ORIENTED_EDGE('',*,*,#699,.T.);
#1306 = ORIENTED_EDGE('',*,*,#281,.T.);
#1307 = ORIENTED_EDGE('',*,*,#684,.T.);
#1308 = ORIENTED_EDGE('',*,*,#1309,.T.);
#1309 = EDGE_CURVE('',#677,#1033,#1310,.T.);
#1310 = CIRCLE('',#1311,0.125);
#1311 = AXIS2_PLACEMENT_3D('',#1312,#1313,#1314);
#1312 = CARTESIAN_POINT('',(1.215,-0.75,2.E-02));
#1313 = DIRECTION('',(2.22044604925E-16,-2.22044604925E-16,1.));
#1314 = DIRECTION('',(1.,-4.440892098501E-16,-2.22044604925E-16));
#1315 = ORIENTED_EDGE('',*,*,#1032,.T.);
#1316 = ORIENTED_EDGE('',*,*,#402,.T.);
#1317 = PLANE('',#1318);
#1318 = AXIS2_PLACEMENT_3D('',#1319,#1320,#1321);
#1319 = CARTESIAN_POINT('',(6.705747068736E-16,-8.597289546941E-17,
    2.E-02));
#1320 = DIRECTION('',(-2.22044604925E-16,2.22044604925E-16,-1.));
#1321 = DIRECTION('',(1.,-4.440892098501E-16,-2.22044604925E-16));
#1322 = ADVANCED_FACE('',(#1323),#1348,.F.);
#1323 = FACE_BOUND('',#1324,.T.);
#1324 = EDGE_LOOP('',(#1325,#1326,#1334,#1342));
#1325 = ORIENTED_EDGE('',*,*,#602,.T.);
#1326 = ORIENTED_EDGE('',*,*,#1327,.F.);
#1327 = EDGE_CURVE('',#1328,#595,#1330,.T.);
#1328 = VERTEX_POINT('',#1329);
#1329 = CARTESIAN_POINT('',(-1.51,-0.625,0.2));
#1330 = LINE('',#1331,#1332);
#1331 = CARTESIAN_POINT('',(-1.215,-0.625,0.2));
#1332 = VECTOR('',#1333,1.);
#1333 = DIRECTION('',(1.,-4.440892098501E-16,-2.22044604925E-16));
#1334 = ORIENTED_EDGE('',*,*,#1335,.F.);
#1335 = EDGE_CURVE('',#1336,#1328,#1338,.T.);
#1336 = VERTEX_POINT('',#1337);
#1337 = CARTESIAN_POINT('',(-1.51,-0.875,0.2));
#1338 = LINE('',#1339,#1340);
#1339 = CARTESIAN_POINT('',(-1.51,-0.75,0.2));
#1340 = VECTOR('',#1341,1.);
#1341 = DIRECTION('',(4.440892098501E-16,1.,2.22044604925E-16));
#1342 = ORIENTED_EDGE('',*,*,#1343,.F.);
#1343 = EDGE_CURVE('',#467,#1336,#1344,.T.);
#1344 = LINE('',#1345,#1346);
#1345 = CARTESIAN_POINT('',(-1.215,-0.875,0.2));
#1346 = VECTOR('',#1347,1.);
#1347 = DIRECTION('',(-1.,4.440892098501E-16,2.22044604925E-16));
#1348 = PLANE('',#1349);
#1349 = AXIS2_PLACEMENT_3D('',#1350,#1351,#1352);
#1350 = CARTESIAN_POINT('',(-1.215,-0.75,0.2));
#1351 = DIRECTION('',(-2.22044604925E-16,2.22044604925E-16,-1.));
#1352 = DIRECTION('',(1.,-4.440892098501E-16,-2.22044604925E-16));
#1353 = ADVANCED_FACE('',(#1354),#1381,.T.);
#1354 = FACE_BOUND('',#1355,.T.);
#1355 = EDGE_LOOP('',(#1356,#1364,#1372,#1378,#1379,#1380));
#1356 = ORIENTED_EDGE('',*,*,#1357,.T.);
#1357 = EDGE_CURVE('',#1336,#1358,#1360,.T.);
#1358 = VERTEX_POINT('',#1359);
#1359 = CARTESIAN_POINT('',(-1.51,-0.875,7.946562478257E-16));
#1360 = LINE('',#1361,#1362);
#1361 = CARTESIAN_POINT('',(-1.51,-0.875,0.2));
#1362 = VECTOR('',#1363,1.);
#1363 = DIRECTION('',(-2.22044604925E-16,2.22044604925E-16,-1.));
#1364 = ORIENTED_EDGE('',*,*,#1365,.T.);
#1365 = EDGE_CURVE('',#1358,#1366,#1368,.T.);
#1366 = VERTEX_POINT('',#1367);
#1367 = CARTESIAN_POINT('',(-1.215,-0.875,7.946562478257E-16));
#1368 = LINE('',#1369,#1370);
#1369 = CARTESIAN_POINT('',(-1.215,-0.875,6.861178292183E-16));
#1370 = VECTOR('',#1371,1.);
#1371 = DIRECTION('',(1.,-1.179141530179E-15,-2.22044604925E-16));
#1372 = ORIENTED_EDGE('',*,*,#1373,.T.);
#1373 = EDGE_CURVE('',#1366,#1185,#1374,.T.);
#1374 = LINE('',#1375,#1376);
#1375 = CARTESIAN_POINT('',(-1.215,-0.875,0.2));
#1376 = VECTOR('',#1377,1.);
#1377 = DIRECTION('',(2.22044604925E-16,-2.22044604925E-16,1.));
#1378 = ORIENTED_EDGE('',*,*,#1184,.F.);
#1379 = ORIENTED_EDGE('',*,*,#464,.T.);
#1380 = ORIENTED_EDGE('',*,*,#1343,.T.);
#1381 = PLANE('',#1382);
#1382 = AXIS2_PLACEMENT_3D('',#1383,#1384,#1385);
#1383 = CARTESIAN_POINT('',(-1.215,-0.875,0.2));
#1384 = DIRECTION('',(-1.179141530179E-15,-1.,-2.22044604925E-16));
#1385 = DIRECTION('',(1.,-1.179141530179E-15,-2.22044604925E-16));
#1386 = ADVANCED_FACE('',(#1387),#1414,.T.);
#1387 = FACE_BOUND('',#1388,.T.);
#1388 = EDGE_LOOP('',(#1389,#1399,#1405,#1406,#1407,#1408));
#1389 = ORIENTED_EDGE('',*,*,#1390,.T.);
#1390 = EDGE_CURVE('',#1391,#1393,#1395,.T.);
#1391 = VERTEX_POINT('',#1392);
#1392 = CARTESIAN_POINT('',(-1.51,0.875,1.159663094659E-15));
#1393 = VERTEX_POINT('',#1394);
#1394 = CARTESIAN_POINT('',(-1.51,0.875,0.2));
#1395 = LINE('',#1396,#1397);
#1396 = CARTESIAN_POINT('',(-1.51,0.875,0.2));
#1397 = VECTOR('',#1398,1.);
#1398 = DIRECTION('',(2.22044604925E-16,-2.22044604925E-16,1.));
#1399 = ORIENTED_EDGE('',*,*,#1400,.T.);
#1400 = EDGE_CURVE('',#1393,#499,#1401,.T.);
#1401 = LINE('',#1402,#1403);
#1402 = CARTESIAN_POINT('',(-1.51,0.875,0.2));
#1403 = VECTOR('',#1404,1.);
#1404 = DIRECTION('',(1.,-4.440892098501E-16,-2.22044604925E-16));
#1405 = ORIENTED_EDGE('',*,*,#498,.T.);
#1406 = ORIENTED_EDGE('',*,*,#1269,.F.);
#1407 = ORIENTED_EDGE('',*,*,#91,.T.);
#1408 = ORIENTED_EDGE('',*,*,#1409,.T.);
#1409 = EDGE_CURVE('',#83,#1391,#1410,.T.);
#1410 = LINE('',#1411,#1412);
#1411 = CARTESIAN_POINT('',(-1.51,0.875,1.14019904629E-15));
#1412 = VECTOR('',#1413,1.);
#1413 = DIRECTION('',(-1.,4.440892098501E-16,2.22044604925E-16));
#1414 = PLANE('',#1415);
#1415 = AXIS2_PLACEMENT_3D('',#1416,#1417,#1418);
#1416 = CARTESIAN_POINT('',(-1.51,0.875,0.2));
#1417 = DIRECTION('',(4.440892098501E-16,1.,2.22044604925E-16));
#1418 = DIRECTION('',(-1.,4.440892098501E-16,2.22044604925E-16));
#1419 = ADVANCED_FACE('',(#1420),#1438,.F.);
#1420 = FACE_BOUND('',#1421,.T.);
#1421 = EDGE_LOOP('',(#1422,#1423,#1424,#1432));
#1422 = ORIENTED_EDGE('',*,*,#506,.T.);
#1423 = ORIENTED_EDGE('',*,*,#1400,.F.);
#1424 = ORIENTED_EDGE('',*,*,#1425,.F.);
#1425 = EDGE_CURVE('',#1426,#1393,#1428,.T.);
#1426 = VERTEX_POINT('',#1427);
#1427 = CARTESIAN_POINT('',(-1.51,0.625,0.2));
#1428 = LINE('',#1429,#1430);
#1429 = CARTESIAN_POINT('',(-1.51,0.75,0.2));
#1430 = VECTOR('',#1431,1.);
#1431 = DIRECTION('',(4.440892098501E-16,1.,2.22044604925E-16));
#1432 = ORIENTED_EDGE('',*,*,#1433,.F.);
#1433 = EDGE_CURVE('',#507,#1426,#1434,.T.);
#1434 = LINE('',#1435,#1436);
#1435 = CARTESIAN_POINT('',(-1.215,0.625,0.2));
#1436 = VECTOR('',#1437,1.);
#1437 = DIRECTION('',(-1.,4.440892098501E-16,2.22044604925E-16));
#1438 = PLANE('',#1439);
#1439 = AXIS2_PLACEMENT_3D('',#1440,#1441,#1442);
#1440 = CARTESIAN_POINT('',(-1.215,0.75,0.2));
#1441 = DIRECTION('',(-2.22044604925E-16,2.22044604925E-16,-1.));
#1442 = DIRECTION('',(1.,-4.440892098501E-16,-2.22044604925E-16));
#1443 = ADVANCED_FACE('',(#1444),#1471,.T.);
#1444 = FACE_BOUND('',#1445,.T.);
#1445 = EDGE_LOOP('',(#1446,#1454,#1455,#1456,#1457,#1465));
#1446 = ORIENTED_EDGE('',*,*,#1447,.T.);
#1447 = EDGE_CURVE('',#1448,#1254,#1450,.T.);
#1448 = VERTEX_POINT('',#1449);
#1449 = CARTESIAN_POINT('',(-1.215,0.625,1.107519259397E-15));
#1450 = LINE('',#1451,#1452);
#1451 = CARTESIAN_POINT('',(-1.215,0.625,0.2));
#1452 = VECTOR('',#1453,1.);
#1453 = DIRECTION('',(2.22044604925E-16,-2.22044604925E-16,1.));
#1454 = ORIENTED_EDGE('',*,*,#1253,.F.);
#1455 = ORIENTED_EDGE('',*,*,#514,.T.);
#1456 = ORIENTED_EDGE('',*,*,#1433,.T.);
#1457 = ORIENTED_EDGE('',*,*,#1458,.T.);
#1458 = EDGE_CURVE('',#1426,#1459,#1461,.T.);
#1459 = VERTEX_POINT('',#1460);
#1460 = CARTESIAN_POINT('',(-1.51,0.625,1.107519259397E-15));
#1461 = LINE('',#1462,#1463);
#1462 = CARTESIAN_POINT('',(-1.51,0.625,0.2));
#1463 = VECTOR('',#1464,1.);
#1464 = DIRECTION('',(-2.22044604925E-16,2.22044604925E-16,-1.));
#1465 = ORIENTED_EDGE('',*,*,#1466,.T.);
#1466 = EDGE_CURVE('',#1459,#1448,#1467,.T.);
#1467 = LINE('',#1468,#1469);
#1468 = CARTESIAN_POINT('',(-1.215,0.625,1.019184736606E-15));
#1469 = VECTOR('',#1470,1.);
#1470 = DIRECTION('',(1.,-1.179141530179E-15,-2.22044604925E-16));
#1471 = PLANE('',#1472);
#1472 = AXIS2_PLACEMENT_3D('',#1473,#1474,#1475);
#1473 = CARTESIAN_POINT('',(-1.215,0.625,0.2));
#1474 = DIRECTION('',(-1.179141530179E-15,-1.,-2.22044604925E-16));
#1475 = DIRECTION('',(1.,-1.179141530179E-15,-2.22044604925E-16));
#1476 = ADVANCED_FACE('',(#1477),#1504,.T.);
#1477 = FACE_BOUND('',#1478,.T.);
#1478 = EDGE_LOOP('',(#1479,#1489,#1495,#1496,#1497,#1498));
#1479 = ORIENTED_EDGE('',*,*,#1480,.T.);
#1480 = EDGE_CURVE('',#1481,#1483,#1485,.T.);
#1481 = VERTEX_POINT('',#1482);
#1482 = CARTESIAN_POINT('',(-1.51,0.375,1.055375424135E-15));
#1483 = VERTEX_POINT('',#1484);
#1484 = CARTESIAN_POINT('',(-1.51,0.375,0.2));
#1485 = LINE('',#1486,#1487);
#1486 = CARTESIAN_POINT('',(-1.51,0.375,0.2));
#1487 = VECTOR('',#1488,1.);
#1488 = DIRECTION('',(2.22044604925E-16,-2.22044604925E-16,1.));
#1489 = ORIENTED_EDGE('',*,*,#1490,.T.);
#1490 = EDGE_CURVE('',#1483,#531,#1491,.T.);
#1491 = LINE('',#1492,#1493);
#1492 = CARTESIAN_POINT('',(-1.51,0.375,0.2));
#1493 = VECTOR('',#1494,1.);
#1494 = DIRECTION('',(1.,-4.440892098501E-16,-2.22044604925E-16));
#1495 = ORIENTED_EDGE('',*,*,#530,.T.);
#1496 = ORIENTED_EDGE('',*,*,#1246,.F.);
#1497 = ORIENTED_EDGE('',*,*,#133,.T.);
#1498 = ORIENTED_EDGE('',*,*,#1499,.T.);
#1499 = EDGE_CURVE('',#125,#1481,#1500,.T.);
#1500 = LINE('',#1501,#1502);
#1501 = CARTESIAN_POINT('',(-1.51,0.375,1.029176743828E-15));
#1502 = VECTOR('',#1503,1.);
#1503 = DIRECTION('',(-1.,4.440892098501E-16,2.22044604925E-16));
#1504 = PLANE('',#1505);
#1505 = AXIS2_PLACEMENT_3D('',#1506,#1507,#1508);
#1506 = CARTESIAN_POINT('',(-1.51,0.375,0.2));
#1507 = DIRECTION('',(4.440892098501E-16,1.,2.22044604925E-16));
#1508 = DIRECTION('',(-1.,4.440892098501E-16,2.22044604925E-16));
#1509 = ADVANCED_FACE('',(#1510),#1528,.F.);
#1510 = FACE_BOUND('',#1511,.T.);
#1511 = EDGE_LOOP('',(#1512,#1513,#1514,#1522));
#1512 = ORIENTED_EDGE('',*,*,#538,.T.);
#1513 = ORIENTED_EDGE('',*,*,#1490,.F.);
#1514 = ORIENTED_EDGE('',*,*,#1515,.F.);
#1515 = EDGE_CURVE('',#1516,#1483,#1518,.T.);
#1516 = VERTEX_POINT('',#1517);
#1517 = CARTESIAN_POINT('',(-1.51,0.125,0.2));
#1518 = LINE('',#1519,#1520);
#1519 = CARTESIAN_POINT('',(-1.51,0.25,0.2));
#1520 = VECTOR('',#1521,1.);
#1521 = DIRECTION('',(4.440892098501E-16,1.,2.22044604925E-16));
#1522 = ORIENTED_EDGE('',*,*,#1523,.F.);
#1523 = EDGE_CURVE('',#539,#1516,#1524,.T.);
#1524 = LINE('',#1525,#1526);
#1525 = CARTESIAN_POINT('',(-1.215,0.125,0.2));
#1526 = VECTOR('',#1527,1.);
#1527 = DIRECTION('',(-1.,4.440892098501E-16,2.22044604925E-16));
#1528 = PLANE('',#1529);
#1529 = AXIS2_PLACEMENT_3D('',#1530,#1531,#1532);
#1530 = CARTESIAN_POINT('',(-1.215,0.25,0.2));
#1531 = DIRECTION('',(-2.22044604925E-16,2.22044604925E-16,-1.));
#1532 = DIRECTION('',(1.,-4.440892098501E-16,-2.22044604925E-16));
#1533 = ADVANCED_FACE('',(#1534),#1561,.T.);
#1534 = FACE_BOUND('',#1535,.T.);
#1535 = EDGE_LOOP('',(#1536,#1544,#1552,#1558,#1559,#1560));
#1536 = ORIENTED_EDGE('',*,*,#1537,.T.);
#1537 = EDGE_CURVE('',#1516,#1538,#1540,.T.);
#1538 = VERTEX_POINT('',#1539);
#1539 = CARTESIAN_POINT('',(-1.51,0.125,1.003231588873E-15));
#1540 = LINE('',#1541,#1542);
#1541 = CARTESIAN_POINT('',(-1.51,0.125,0.2));
#1542 = VECTOR('',#1543,1.);
#1543 = DIRECTION('',(-2.22044604925E-16,2.22044604925E-16,-1.));
#1544 = ORIENTED_EDGE('',*,*,#1545,.T.);
#1545 = EDGE_CURVE('',#1538,#1546,#1548,.T.);
#1546 = VERTEX_POINT('',#1547);
#1547 = CARTESIAN_POINT('',(-1.215,0.125,1.003231588873E-15));
#1548 = LINE('',#1549,#1550);
#1549 = CARTESIAN_POINT('',(-1.215,0.125,9.081624341434E-16));
#1550 = VECTOR('',#1551,1.);
#1551 = DIRECTION('',(1.,-1.179141530179E-15,-2.22044604925E-16));
#1552 = ORIENTED_EDGE('',*,*,#1553,.T.);
#1553 = EDGE_CURVE('',#1546,#1231,#1554,.T.);
#1554 = LINE('',#1555,#1556);
#1555 = CARTESIAN_POINT('',(-1.215,0.125,0.2));
#1556 = VECTOR('',#1557,1.);
#1557 = DIRECTION('',(2.22044604925E-16,-2.22044604925E-16,1.));
#1558 = ORIENTED_EDGE('',*,*,#1230,.F.);
#1559 = ORIENTED_EDGE('',*,*,#546,.T.);
#1560 = ORIENTED_EDGE('',*,*,#1523,.T.);
#1561 = PLANE('',#1562);
#1562 = AXIS2_PLACEMENT_3D('',#1563,#1564,#1565);
#1563 = CARTESIAN_POINT('',(-1.215,0.125,0.2));
#1564 = DIRECTION('',(-1.179141530179E-15,-1.,-2.22044604925E-16));
#1565 = DIRECTION('',(1.,-1.179141530179E-15,-2.22044604925E-16));
#1566 = ADVANCED_FACE('',(#1567),#1594,.T.);
#1567 = FACE_BOUND('',#1568,.T.);
#1568 = EDGE_LOOP('',(#1569,#1579,#1585,#1586,#1587,#1588));
#1569 = ORIENTED_EDGE('',*,*,#1570,.T.);
#1570 = EDGE_CURVE('',#1571,#1573,#1575,.T.);
#1571 = VERTEX_POINT('',#1572);
#1572 = CARTESIAN_POINT('',(-1.51,-0.125,9.510877536113E-16));
#1573 = VERTEX_POINT('',#1574);
#1574 = CARTESIAN_POINT('',(-1.51,-0.125,0.2));
#1575 = LINE('',#1576,#1577);
#1576 = CARTESIAN_POINT('',(-1.51,-0.125,0.2));
#1577 = VECTOR('',#1578,1.);
#1578 = DIRECTION('',(2.22044604925E-16,-2.22044604925E-16,1.));
#1579 = ORIENTED_EDGE('',*,*,#1580,.T.);
#1580 = EDGE_CURVE('',#1573,#563,#1581,.T.);
#1581 = LINE('',#1582,#1583);
#1582 = CARTESIAN_POINT('',(-1.51,-0.125,0.2));
#1583 = VECTOR('',#1584,1.);
#1584 = DIRECTION('',(1.,-4.440892098501E-16,-2.22044604925E-16));
#1585 = ORIENTED_EDGE('',*,*,#562,.T.);
#1586 = ORIENTED_EDGE('',*,*,#1223,.F.);
#1587 = ORIENTED_EDGE('',*,*,#175,.T.);
#1588 = ORIENTED_EDGE('',*,*,#1589,.T.);
#1589 = EDGE_CURVE('',#167,#1571,#1590,.T.);
#1590 = LINE('',#1591,#1592);
#1591 = CARTESIAN_POINT('',(-1.51,-0.125,9.18154441365E-16));
#1592 = VECTOR('',#1593,1.);
#1593 = DIRECTION('',(-1.,4.440892098501E-16,2.22044604925E-16));
#1594 = PLANE('',#1595);
#1595 = AXIS2_PLACEMENT_3D('',#1596,#1597,#1598);
#1596 = CARTESIAN_POINT('',(-1.51,-0.125,0.2));
#1597 = DIRECTION('',(4.440892098501E-16,1.,2.22044604925E-16));
#1598 = DIRECTION('',(-1.,4.440892098501E-16,2.22044604925E-16));
#1599 = ADVANCED_FACE('',(#1600),#1618,.F.);
#1600 = FACE_BOUND('',#1601,.T.);
#1601 = EDGE_LOOP('',(#1602,#1603,#1604,#1612));
#1602 = ORIENTED_EDGE('',*,*,#570,.T.);
#1603 = ORIENTED_EDGE('',*,*,#1580,.F.);
#1604 = ORIENTED_EDGE('',*,*,#1605,.F.);
#1605 = EDGE_CURVE('',#1606,#1573,#1608,.T.);
#1606 = VERTEX_POINT('',#1607);
#1607 = CARTESIAN_POINT('',(-1.51,-0.375,0.2));
#1608 = LINE('',#1609,#1610);
#1609 = CARTESIAN_POINT('',(-1.51,-0.25,0.2));
#1610 = VECTOR('',#1611,1.);
#1611 = DIRECTION('',(4.440892098501E-16,1.,2.22044604925E-16));
#1612 = ORIENTED_EDGE('',*,*,#1613,.F.);
#1613 = EDGE_CURVE('',#571,#1606,#1614,.T.);
#1614 = LINE('',#1615,#1616);
#1615 = CARTESIAN_POINT('',(-1.215,-0.375,0.2));
#1616 = VECTOR('',#1617,1.);
#1617 = DIRECTION('',(-1.,4.440892098501E-16,2.22044604925E-16));
#1618 = PLANE('',#1619);
#1619 = AXIS2_PLACEMENT_3D('',#1620,#1621,#1622);
#1620 = CARTESIAN_POINT('',(-1.215,-0.25,0.2));
#1621 = DIRECTION('',(-2.22044604925E-16,2.22044604925E-16,-1.));
#1622 = DIRECTION('',(1.,-4.440892098501E-16,-2.22044604925E-16));
#1623 = ADVANCED_FACE('',(#1624),#1651,.T.);
#1624 = FACE_BOUND('',#1625,.T.);
#1625 = EDGE_LOOP('',(#1626,#1634,#1642,#1648,#1649,#1650));
#1626 = ORIENTED_EDGE('',*,*,#1627,.T.);
#1627 = EDGE_CURVE('',#1606,#1628,#1630,.T.);
#1628 = VERTEX_POINT('',#1629);
#1629 = CARTESIAN_POINT('',(-1.51,-0.375,8.989439183494E-16));
#1630 = LINE('',#1631,#1632);
#1631 = CARTESIAN_POINT('',(-1.51,-0.375,0.2));
#1632 = VECTOR('',#1633,1.);
#1633 = DIRECTION('',(-2.22044604925E-16,2.22044604925E-16,-1.));
#1634 = ORIENTED_EDGE('',*,*,#1635,.T.);
#1635 = EDGE_CURVE('',#1628,#1636,#1638,.T.);
#1636 = VERTEX_POINT('',#1637);
#1637 = CARTESIAN_POINT('',(-1.215,-0.375,8.989439183494E-16));
#1638 = LINE('',#1639,#1640);
#1639 = CARTESIAN_POINT('',(-1.215,-0.375,7.971401316809E-16));
#1640 = VECTOR('',#1641,1.);
#1641 = DIRECTION('',(1.,-1.179141530179E-15,-2.22044604925E-16));
#1642 = ORIENTED_EDGE('',*,*,#1643,.T.);
#1643 = EDGE_CURVE('',#1636,#1208,#1644,.T.);
#1644 = LINE('',#1645,#1646);
#1645 = CARTESIAN_POINT('',(-1.215,-0.375,0.2));
#1646 = VECTOR('',#1647,1.);
#1647 = DIRECTION('',(2.22044604925E-16,-2.22044604925E-16,1.));
#1648 = ORIENTED_EDGE('',*,*,#1207,.F.);
#1649 = ORIENTED_EDGE('',*,*,#578,.T.);
#1650 = ORIENTED_EDGE('',*,*,#1613,.T.);
#1651 = PLANE('',#1652);
#1652 = AXIS2_PLACEMENT_3D('',#1653,#1654,#1655);
#1653 = CARTESIAN_POINT('',(-1.215,-0.375,0.2));
#1654 = DIRECTION('',(-1.179141530179E-15,-1.,-2.22044604925E-16));
#1655 = DIRECTION('',(1.,-1.179141530179E-15,-2.22044604925E-16));
#1656 = ADVANCED_FACE('',(#1657),#1677,.T.);
#1657 = FACE_BOUND('',#1658,.T.);
#1658 = EDGE_LOOP('',(#1659,#1667,#1668,#1669,#1670,#1671));
#1659 = ORIENTED_EDGE('',*,*,#1660,.T.);
#1660 = EDGE_CURVE('',#1661,#1328,#1663,.T.);
#1661 = VERTEX_POINT('',#1662);
#1662 = CARTESIAN_POINT('',(-1.51,-0.625,8.468000830876E-16));
#1663 = LINE('',#1664,#1665);
#1664 = CARTESIAN_POINT('',(-1.51,-0.625,0.2));
#1665 = VECTOR('',#1666,1.);
#1666 = DIRECTION('',(2.22044604925E-16,-2.22044604925E-16,1.));
#1667 = ORIENTED_EDGE('',*,*,#1327,.T.);
#1668 = ORIENTED_EDGE('',*,*,#594,.T.);
#1669 = ORIENTED_EDGE('',*,*,#1200,.F.);
#1670 = ORIENTED_EDGE('',*,*,#217,.T.);
#1671 = ORIENTED_EDGE('',*,*,#1672,.T.);
#1672 = EDGE_CURVE('',#209,#1661,#1673,.T.);
#1673 = LINE('',#1674,#1675);
#1674 = CARTESIAN_POINT('',(-1.51,-0.625,8.071321389025E-16));
#1675 = VECTOR('',#1676,1.);
#1676 = DIRECTION('',(-1.,4.440892098501E-16,2.22044604925E-16));
#1677 = PLANE('',#1678);
#1678 = AXIS2_PLACEMENT_3D('',#1679,#1680,#1681);
#1679 = CARTESIAN_POINT('',(-1.51,-0.625,0.2));
#1680 = DIRECTION('',(4.440892098501E-16,1.,2.22044604925E-16));
#1681 = DIRECTION('',(-1.,4.440892098501E-16,2.22044604925E-16));
#1682 = ADVANCED_FACE('',(#1683),#1687,.T.);
#1683 = FACE_BOUND('',#1684,.T.);
#1684 = EDGE_LOOP('',(#1685,#1686));
#1685 = ORIENTED_EDGE('',*,*,#635,.T.);
#1686 = ORIENTED_EDGE('',*,*,#48,.T.);
#1687 = PLANE('',#1688);
#1688 = AXIS2_PLACEMENT_3D('',#1689,#1690,#1691);
#1689 = CARTESIAN_POINT('',(-1.,1.,0.78));
#1690 = DIRECTION('',(2.22044604925E-16,-2.22044604925E-16,1.));
#1691 = DIRECTION('',(-1.,4.440892098501E-16,2.22044604925E-16));
#1692 = ADVANCED_FACE('',(#1693),#1704,.F.);
#1693 = FACE_BOUND('',#1694,.T.);
#1694 = EDGE_LOOP('',(#1695,#1696,#1697,#1698));
#1695 = ORIENTED_EDGE('',*,*,#660,.T.);
#1696 = ORIENTED_EDGE('',*,*,#1080,.T.);
#1697 = ORIENTED_EDGE('',*,*,#1056,.T.);
#1698 = ORIENTED_EDGE('',*,*,#1699,.F.);
#1699 = EDGE_CURVE('',#661,#1049,#1700,.T.);
#1700 = LINE('',#1701,#1702);
#1701 = CARTESIAN_POINT('',(1.51,-0.875,8.104628079764E-17));
#1702 = VECTOR('',#1703,1.);
#1703 = DIRECTION('',(-4.440892098501E-16,-1.,-2.22044604925E-16));
#1704 = PLANE('',#1705);
#1705 = AXIS2_PLACEMENT_3D('',#1706,#1707,#1708);
#1706 = CARTESIAN_POINT('',(1.51,-0.875,0.2));
#1707 = DIRECTION('',(-1.,4.440892098501E-16,2.22044604925E-16));
#1708 = DIRECTION('',(-4.440892098501E-16,-1.,-2.22044604925E-16));
#1709 = ADVANCED_FACE('',(#1710),#1722,.T.);
#1710 = FACE_BOUND('',#1711,.T.);
#1711 = EDGE_LOOP('',(#1712,#1719,#1720,#1721));
#1712 = ORIENTED_EDGE('',*,*,#1713,.T.);
#1713 = EDGE_CURVE('',#1041,#669,#1714,.T.);
#1714 = CIRCLE('',#1715,0.125);
#1715 = AXIS2_PLACEMENT_3D('',#1716,#1717,#1718);
#1716 = CARTESIAN_POINT('',(1.215,-0.75,1.743050148661E-16));
#1717 = DIRECTION('',(-2.22044604925E-16,2.22044604925E-16,-1.));
#1718 = DIRECTION('',(1.,-4.440892098501E-16,-2.22044604925E-16));
#1719 = ORIENTED_EDGE('',*,*,#668,.T.);
#1720 = ORIENTED_EDGE('',*,*,#1699,.T.);
#1721 = ORIENTED_EDGE('',*,*,#1048,.T.);
#1722 = PLANE('',#1723);
#1723 = AXIS2_PLACEMENT_3D('',#1724,#1725,#1726);
#1724 = CARTESIAN_POINT('',(1.215,-0.75,1.743050148661E-16));
#1725 = DIRECTION('',(-2.22044604925E-16,2.22044604925E-16,-1.));
#1726 = DIRECTION('',(1.,-4.440892098501E-16,-2.22044604925E-16));
#1727 = ADVANCED_FACE('',(#1728),#1734,.T.);
#1728 = FACE_BOUND('',#1729,.T.);
#1729 = EDGE_LOOP('',(#1730,#1731,#1732,#1733));
#1730 = ORIENTED_EDGE('',*,*,#1713,.F.);
#1731 = ORIENTED_EDGE('',*,*,#1040,.T.);
#1732 = ORIENTED_EDGE('',*,*,#1309,.F.);
#1733 = ORIENTED_EDGE('',*,*,#676,.T.);
#1734 = CYLINDRICAL_SURFACE('',#1735,0.125);
#1735 = AXIS2_PLACEMENT_3D('',#1736,#1737,#1738);
#1736 = CARTESIAN_POINT('',(1.215,-0.75,0.2));
#1737 = DIRECTION('',(-2.22044604925E-16,2.22044604925E-16,-1.));
#1738 = DIRECTION('',(1.,-4.440892098501E-16,-2.22044604925E-16));
#1739 = ADVANCED_FACE('',(#1740),#1752,.T.);
#1740 = FACE_BOUND('',#1741,.T.);
#1741 = EDGE_LOOP('',(#1742,#1749,#1750,#1751));
#1742 = ORIENTED_EDGE('',*,*,#1743,.T.);
#1743 = EDGE_CURVE('',#780,#708,#1744,.T.);
#1744 = CIRCLE('',#1745,0.125);
#1745 = AXIS2_PLACEMENT_3D('',#1746,#1747,#1748);
#1746 = CARTESIAN_POINT('',(1.215,-0.25,2.853273173287E-16));
#1747 = DIRECTION('',(2.22044604925E-16,-2.22044604925E-16,1.));
#1748 = DIRECTION('',(1.,-4.440892098501E-16,-2.22044604925E-16));
#1749 = ORIENTED_EDGE('',*,*,#707,.T.);
#1750 = ORIENTED_EDGE('',*,*,#1299,.F.);
#1751 = ORIENTED_EDGE('',*,*,#787,.T.);
#1752 = CYLINDRICAL_SURFACE('',#1753,0.125);
#1753 = AXIS2_PLACEMENT_3D('',#1754,#1755,#1756);
#1754 = CARTESIAN_POINT('',(1.215,-0.25,0.2));
#1755 = DIRECTION('',(-2.22044604925E-16,2.22044604925E-16,-1.));
#1756 = DIRECTION('',(1.,-4.440892098501E-16,-2.22044604925E-16));
#1757 = ADVANCED_FACE('',(#1758),#1769,.T.);
#1758 = FACE_BOUND('',#1759,.T.);
#1759 = EDGE_LOOP('',(#1760,#1761,#1762,#1768));
#1760 = ORIENTED_EDGE('',*,*,#1743,.F.);
#1761 = ORIENTED_EDGE('',*,*,#779,.T.);
#1762 = ORIENTED_EDGE('',*,*,#1763,.T.);
#1763 = EDGE_CURVE('',#772,#716,#1764,.T.);
#1764 = LINE('',#1765,#1766);
#1765 = CARTESIAN_POINT('',(1.51,-0.25,2.198241588758E-16));
#1766 = VECTOR('',#1767,1.);
#1767 = DIRECTION('',(-4.440892098501E-16,-1.,-2.22044604925E-16));
#1768 = ORIENTED_EDGE('',*,*,#715,.T.);
#1769 = PLANE('',#1770);
#1770 = AXIS2_PLACEMENT_3D('',#1771,#1772,#1773);
#1771 = CARTESIAN_POINT('',(1.215,-0.25,2.853273173287E-16));
#1772 = DIRECTION('',(-2.22044604925E-16,2.22044604925E-16,-1.));
#1773 = DIRECTION('',(1.,-4.440892098501E-16,-2.22044604925E-16));
#1774 = ADVANCED_FACE('',(#1775),#1781,.F.);
#1775 = FACE_BOUND('',#1776,.T.);
#1776 = EDGE_LOOP('',(#1777,#1778,#1779,#1780));
#1777 = ORIENTED_EDGE('',*,*,#771,.T.);
#1778 = ORIENTED_EDGE('',*,*,#747,.T.);
#1779 = ORIENTED_EDGE('',*,*,#723,.T.);
#1780 = ORIENTED_EDGE('',*,*,#1763,.F.);
#1781 = PLANE('',#1782);
#1782 = AXIS2_PLACEMENT_3D('',#1783,#1784,#1785);
#1783 = CARTESIAN_POINT('',(1.51,-0.375,0.2));
#1784 = DIRECTION('',(-1.,4.440892098501E-16,2.22044604925E-16));
#1785 = DIRECTION('',(-4.440892098501E-16,-1.,-2.22044604925E-16));
#1786 = ADVANCED_FACE('',(#1787),#1799,.T.);
#1787 = FACE_BOUND('',#1788,.T.);
#1788 = EDGE_LOOP('',(#1789,#1796,#1797,#1798));
#1789 = ORIENTED_EDGE('',*,*,#1790,.T.);
#1790 = EDGE_CURVE('',#891,#819,#1791,.T.);
#1791 = CIRCLE('',#1792,0.125);
#1792 = AXIS2_PLACEMENT_3D('',#1793,#1794,#1795);
#1793 = CARTESIAN_POINT('',(1.215,0.25,3.963496197912E-16));
#1794 = DIRECTION('',(2.22044604925E-16,-2.22044604925E-16,1.));
#1795 = DIRECTION('',(1.,-4.440892098501E-16,-2.22044604925E-16));
#1796 = ORIENTED_EDGE('',*,*,#818,.T.);
#1797 = ORIENTED_EDGE('',*,*,#1289,.F.);
#1798 = ORIENTED_EDGE('',*,*,#898,.T.);
#1799 = CYLINDRICAL_SURFACE('',#1800,0.125);
#1800 = AXIS2_PLACEMENT_3D('',#1801,#1802,#1803);
#1801 = CARTESIAN_POINT('',(1.215,0.25,0.2));
#1802 = DIRECTION('',(-2.22044604925E-16,2.22044604925E-16,-1.));
#1803 = DIRECTION('',(1.,-4.440892098501E-16,-2.22044604925E-16));
#1804 = ADVANCED_FACE('',(#1805),#1816,.T.);
#1805 = FACE_BOUND('',#1806,.T.);
#1806 = EDGE_LOOP('',(#1807,#1808,#1809,#1815));
#1807 = ORIENTED_EDGE('',*,*,#1790,.F.);
#1808 = ORIENTED_EDGE('',*,*,#890,.T.);
#1809 = ORIENTED_EDGE('',*,*,#1810,.T.);
#1810 = EDGE_CURVE('',#883,#827,#1811,.T.);
#1811 = LINE('',#1812,#1813);
#1812 = CARTESIAN_POINT('',(1.51,0.25,3.308464613383E-16));
#1813 = VECTOR('',#1814,1.);
#1814 = DIRECTION('',(-4.440892098501E-16,-1.,-2.22044604925E-16));
#1815 = ORIENTED_EDGE('',*,*,#826,.T.);
#1816 = PLANE('',#1817);
#1817 = AXIS2_PLACEMENT_3D('',#1818,#1819,#1820);
#1818 = CARTESIAN_POINT('',(1.215,0.25,3.963496197912E-16));
#1819 = DIRECTION('',(-2.22044604925E-16,2.22044604925E-16,-1.));
#1820 = DIRECTION('',(1.,-4.440892098501E-16,-2.22044604925E-16));
#1821 = ADVANCED_FACE('',(#1822),#1828,.F.);
#1822 = FACE_BOUND('',#1823,.T.);
#1823 = EDGE_LOOP('',(#1824,#1825,#1826,#1827));
#1824 = ORIENTED_EDGE('',*,*,#882,.T.);
#1825 = ORIENTED_EDGE('',*,*,#858,.T.);
#1826 = ORIENTED_EDGE('',*,*,#834,.T.);
#1827 = ORIENTED_EDGE('',*,*,#1810,.F.);
#1828 = PLANE('',#1829);
#1829 = AXIS2_PLACEMENT_3D('',#1830,#1831,#1832);
#1830 = CARTESIAN_POINT('',(1.51,0.125,0.2));
#1831 = DIRECTION('',(-1.,4.440892098501E-16,2.22044604925E-16));
#1832 = DIRECTION('',(-4.440892098501E-16,-1.,-2.22044604925E-16));
#1833 = ADVANCED_FACE('',(#1834),#1846,.T.);
#1834 = FACE_BOUND('',#1835,.T.);
#1835 = EDGE_LOOP('',(#1836,#1843,#1844,#1845));
#1836 = ORIENTED_EDGE('',*,*,#1837,.T.);
#1837 = EDGE_CURVE('',#1002,#930,#1838,.T.);
#1838 = CIRCLE('',#1839,0.125);
#1839 = AXIS2_PLACEMENT_3D('',#1840,#1841,#1842);
#1840 = CARTESIAN_POINT('',(1.215,0.75,5.073719222537E-16));
#1841 = DIRECTION('',(2.22044604925E-16,-2.22044604925E-16,1.));
#1842 = DIRECTION('',(1.,-4.440892098501E-16,-2.22044604925E-16));
#1843 = ORIENTED_EDGE('',*,*,#929,.T.);
#1844 = ORIENTED_EDGE('',*,*,#1279,.F.);
#1845 = ORIENTED_EDGE('',*,*,#1009,.T.);
#1846 = CYLINDRICAL_SURFACE('',#1847,0.125);
#1847 = AXIS2_PLACEMENT_3D('',#1848,#1849,#1850);
#1848 = CARTESIAN_POINT('',(1.215,0.75,0.2));
#1849 = DIRECTION('',(-2.22044604925E-16,2.22044604925E-16,-1.));
#1850 = DIRECTION('',(1.,-4.440892098501E-16,-2.22044604925E-16));
#1851 = ADVANCED_FACE('',(#1852),#1863,.T.);
#1852 = FACE_BOUND('',#1853,.T.);
#1853 = EDGE_LOOP('',(#1854,#1855,#1856,#1862));
#1854 = ORIENTED_EDGE('',*,*,#1837,.F.);
#1855 = ORIENTED_EDGE('',*,*,#1001,.T.);
#1856 = ORIENTED_EDGE('',*,*,#1857,.T.);
#1857 = EDGE_CURVE('',#994,#938,#1858,.T.);
#1858 = LINE('',#1859,#1860);
#1859 = CARTESIAN_POINT('',(1.51,0.75,4.418687638008E-16));
#1860 = VECTOR('',#1861,1.);
#1861 = DIRECTION('',(-4.440892098501E-16,-1.,-2.22044604925E-16));
#1862 = ORIENTED_EDGE('',*,*,#937,.T.);
#1863 = PLANE('',#1864);
#1864 = AXIS2_PLACEMENT_3D('',#1865,#1866,#1867);
#1865 = CARTESIAN_POINT('',(1.215,0.75,5.073719222537E-16));
#1866 = DIRECTION('',(-2.22044604925E-16,2.22044604925E-16,-1.));
#1867 = DIRECTION('',(1.,-4.440892098501E-16,-2.22044604925E-16));
#1868 = ADVANCED_FACE('',(#1869),#1875,.F.);
#1869 = FACE_BOUND('',#1870,.T.);
#1870 = EDGE_LOOP('',(#1871,#1872,#1873,#1874));
#1871 = ORIENTED_EDGE('',*,*,#993,.T.);
#1872 = ORIENTED_EDGE('',*,*,#969,.T.);
#1873 = ORIENTED_EDGE('',*,*,#945,.T.);
#1874 = ORIENTED_EDGE('',*,*,#1857,.F.);
#1875 = PLANE('',#1876);
#1876 = AXIS2_PLACEMENT_3D('',#1877,#1878,#1879);
#1877 = CARTESIAN_POINT('',(1.51,0.625,0.2));
#1878 = DIRECTION('',(-1.,4.440892098501E-16,2.22044604925E-16));
#1879 = DIRECTION('',(-4.440892098501E-16,-1.,-2.22044604925E-16));
#1880 = ADVANCED_FACE('',(#1881),#1907,.T.);
#1881 = FACE_BOUND('',#1882,.T.);
#1882 = EDGE_LOOP('',(#1883,#1894,#1900,#1901));
#1883 = ORIENTED_EDGE('',*,*,#1884,.F.);
#1884 = EDGE_CURVE('',#1885,#1887,#1889,.T.);
#1885 = VERTEX_POINT('',#1886);
#1886 = CARTESIAN_POINT('',(-0.7,-1.17,5.765850757445E-16));
#1887 = VERTEX_POINT('',#1888);
#1888 = CARTESIAN_POINT('',(-0.8,-1.07,6.30749300588E-16));
#1889 = CIRCLE('',#1890,1.E-01);
#1890 = AXIS2_PLACEMENT_3D('',#1891,#1892,#1893);
#1891 = CARTESIAN_POINT('',(-0.7,-1.07,5.284661597216E-16));
#1892 = DIRECTION('',(-2.22044604925E-16,2.22044604925E-16,-1.));
#1893 = DIRECTION('',(-1.,4.440892098501E-16,2.22044604925E-16));
#1894 = ORIENTED_EDGE('',*,*,#1895,.T.);
#1895 = EDGE_CURVE('',#1885,#1106,#1896,.T.);
#1896 = LINE('',#1897,#1898);
#1897 = CARTESIAN_POINT('',(-0.7,-1.17,5.062616992291E-16));
#1898 = VECTOR('',#1899,1.);
#1899 = DIRECTION('',(2.22044604925E-16,-2.22044604925E-16,1.));
#1900 = ORIENTED_EDGE('',*,*,#1105,.F.);
#1901 = ORIENTED_EDGE('',*,*,#1902,.T.);
#1902 = EDGE_CURVE('',#1098,#1887,#1903,.T.);
#1903 = LINE('',#1904,#1905);
#1904 = CARTESIAN_POINT('',(-0.8,-1.07,5.506706202141E-16));
#1905 = VECTOR('',#1906,1.);
#1906 = DIRECTION('',(-2.22044604925E-16,2.22044604925E-16,-1.));
#1907 = CYLINDRICAL_SURFACE('',#1908,1.E-01);
#1908 = AXIS2_PLACEMENT_3D('',#1909,#1910,#1911);
#1909 = CARTESIAN_POINT('',(-0.7,-1.07,5.284661597216E-16));
#1910 = DIRECTION('',(2.22044604925E-16,-2.22044604925E-16,1.));
#1911 = DIRECTION('',(-1.,4.440892098501E-16,2.22044604925E-16));
#1912 = ADVANCED_FACE('',(#1913),#1931,.F.);
#1913 = FACE_BOUND('',#1914,.T.);
#1914 = EDGE_LOOP('',(#1915,#1923,#1929,#1930));
#1915 = ORIENTED_EDGE('',*,*,#1916,.F.);
#1916 = EDGE_CURVE('',#1917,#1096,#1919,.T.);
#1917 = VERTEX_POINT('',#1918);
#1918 = CARTESIAN_POINT('',(-0.8,0.72,9.952173768661E-16));
#1919 = LINE('',#1920,#1921);
#1920 = CARTESIAN_POINT('',(-0.8,0.72,9.481304630299E-16));
#1921 = VECTOR('',#1922,1.);
#1922 = DIRECTION('',(2.22044604925E-16,-2.22044604925E-16,1.));
#1923 = ORIENTED_EDGE('',*,*,#1924,.F.);
#1924 = EDGE_CURVE('',#1887,#1917,#1925,.T.);
#1925 = LINE('',#1926,#1927);
#1926 = CARTESIAN_POINT('',(-0.8,0.72,9.481304630299E-16));
#1927 = VECTOR('',#1928,1.);
#1928 = DIRECTION('',(3.835192560799E-16,1.,2.22044604925E-16));
#1929 = ORIENTED_EDGE('',*,*,#1902,.F.);
#1930 = ORIENTED_EDGE('',*,*,#1095,.F.);
#1931 = PLANE('',#1932);
#1932 = AXIS2_PLACEMENT_3D('',#1933,#1934,#1935);
#1933 = CARTESIAN_POINT('',(-0.8,0.72,9.481304630299E-16));
#1934 = DIRECTION('',(1.,-3.835192560799E-16,-2.22044604925E-16));
#1935 = DIRECTION('',(3.835192560799E-16,1.,2.22044604925E-16));
#1936 = ADVANCED_FACE('',(#1937),#1956,.F.);
#1937 = FACE_BOUND('',#1938,.F.);
#1938 = EDGE_LOOP('',(#1939,#1940,#1941,#1950));
#1939 = ORIENTED_EDGE('',*,*,#1173,.T.);
#1940 = ORIENTED_EDGE('',*,*,#1916,.F.);
#1941 = ORIENTED_EDGE('',*,*,#1942,.T.);
#1942 = EDGE_CURVE('',#1917,#1943,#1945,.T.);
#1943 = VERTEX_POINT('',#1944);
#1944 = CARTESIAN_POINT('',(-0.8,1.02,1.046687748934E-15));
#1945 = CIRCLE('',#1946,0.15);
#1946 = AXIS2_PLACEMENT_3D('',#1947,#1948,#1949);
#1947 = CARTESIAN_POINT('',(-0.8,0.87,9.814371537686E-16));
#1948 = DIRECTION('',(2.22044604925E-16,-2.22044604925E-16,1.));
#1949 = DIRECTION('',(-1.,4.440892098501E-16,2.22044604925E-16));
#1950 = ORIENTED_EDGE('',*,*,#1951,.T.);
#1951 = EDGE_CURVE('',#1943,#1166,#1952,.T.);
#1952 = LINE('',#1953,#1954);
#1953 = CARTESIAN_POINT('',(-0.8,1.02,1.014743844507E-15));
#1954 = VECTOR('',#1955,1.);
#1955 = DIRECTION('',(2.22044604925E-16,-2.22044604925E-16,1.));
#1956 = CYLINDRICAL_SURFACE('',#1957,0.15);
#1957 = AXIS2_PLACEMENT_3D('',#1958,#1959,#1960);
#1958 = CARTESIAN_POINT('',(-0.8,0.87,9.814371537686E-16));
#1959 = DIRECTION('',(2.22044604925E-16,-2.22044604925E-16,1.));
#1960 = DIRECTION('',(-1.,4.440892098501E-16,2.22044604925E-16));
#1961 = ADVANCED_FACE('',(#1962),#1980,.F.);
#1962 = FACE_BOUND('',#1963,.T.);
#1963 = EDGE_LOOP('',(#1964,#1972,#1978,#1979));
#1964 = ORIENTED_EDGE('',*,*,#1965,.F.);
#1965 = EDGE_CURVE('',#1966,#1157,#1968,.T.);
#1966 = VERTEX_POINT('',#1967);
#1967 = CARTESIAN_POINT('',(-0.8,1.07,1.04601428574E-15));
#1968 = LINE('',#1969,#1970);
#1969 = CARTESIAN_POINT('',(-0.8,1.07,1.025846074754E-15));
#1970 = VECTOR('',#1971,1.);
#1971 = DIRECTION('',(2.22044604925E-16,-2.22044604925E-16,1.));
#1972 = ORIENTED_EDGE('',*,*,#1973,.F.);
#1973 = EDGE_CURVE('',#1943,#1966,#1974,.T.);
#1974 = LINE('',#1975,#1976);
#1975 = CARTESIAN_POINT('',(-0.8,1.07,1.025846074754E-15));
#1976 = VECTOR('',#1977,1.);
#1977 = DIRECTION('',(4.440892098501E-16,1.,2.22044604925E-16));
#1978 = ORIENTED_EDGE('',*,*,#1951,.T.);
#1979 = ORIENTED_EDGE('',*,*,#1165,.F.);
#1980 = PLANE('',#1981);
#1981 = AXIS2_PLACEMENT_3D('',#1982,#1983,#1984);
#1982 = CARTESIAN_POINT('',(-0.8,1.07,1.025846074754E-15));
#1983 = DIRECTION('',(1.,-4.440892098501E-16,-2.22044604925E-16));
#1984 = DIRECTION('',(4.440892098501E-16,1.,2.22044604925E-16));
#1985 = ADVANCED_FACE('',(#1986),#2005,.T.);
#1986 = FACE_BOUND('',#1987,.T.);
#1987 = EDGE_LOOP('',(#1988,#1997,#1998,#1999));
#1988 = ORIENTED_EDGE('',*,*,#1989,.T.);
#1989 = EDGE_CURVE('',#1990,#1966,#1992,.T.);
#1990 = VERTEX_POINT('',#1991);
#1991 = CARTESIAN_POINT('',(-0.7,1.17,1.100178510584E-15));
#1992 = CIRCLE('',#1993,1.E-01);
#1993 = AXIS2_PLACEMENT_3D('',#1994,#1995,#1996);
#1994 = CARTESIAN_POINT('',(-0.7,1.07,1.003641614261E-15));
#1995 = DIRECTION('',(2.22044604925E-16,-2.22044604925E-16,1.));
#1996 = DIRECTION('',(-1.,4.440892098501E-16,2.22044604925E-16));
#1997 = ORIENTED_EDGE('',*,*,#1965,.T.);
#1998 = ORIENTED_EDGE('',*,*,#1156,.F.);
#1999 = ORIENTED_EDGE('',*,*,#2000,.T.);
#2000 = EDGE_CURVE('',#1149,#1990,#2001,.T.);
#2001 = LINE('',#2002,#2003);
#2002 = CARTESIAN_POINT('',(-0.7,1.17,1.025846074754E-15));
#2003 = VECTOR('',#2004,1.);
#2004 = DIRECTION('',(-2.22044604925E-16,2.22044604925E-16,-1.));
#2005 = CYLINDRICAL_SURFACE('',#2006,1.E-01);
#2006 = AXIS2_PLACEMENT_3D('',#2007,#2008,#2009);
#2007 = CARTESIAN_POINT('',(-0.7,1.07,1.003641614261E-15));
#2008 = DIRECTION('',(2.22044604925E-16,-2.22044604925E-16,1.));
#2009 = DIRECTION('',(-1.,4.440892098501E-16,2.22044604925E-16));
#2010 = ADVANCED_FACE('',(#2011),#2029,.F.);
#2011 = FACE_BOUND('',#2012,.T.);
#2012 = EDGE_LOOP('',(#2013,#2021,#2027,#2028));
#2013 = ORIENTED_EDGE('',*,*,#2014,.F.);
#2014 = EDGE_CURVE('',#2015,#1140,#2017,.T.);
#2015 = VERTEX_POINT('',#2016);
#2016 = CARTESIAN_POINT('',(0.7,1.17,7.671116031961E-16));
#2017 = LINE('',#2018,#2019);
#2018 = CARTESIAN_POINT('',(0.7,1.17,7.149836278586E-16));
#2019 = VECTOR('',#2020,1.);
#2020 = DIRECTION('',(2.22044604925E-16,-2.22044604925E-16,1.));
#2021 = ORIENTED_EDGE('',*,*,#2022,.F.);
#2022 = EDGE_CURVE('',#1990,#2015,#2023,.T.);
#2023 = LINE('',#2024,#2025);
#2024 = CARTESIAN_POINT('',(-0.7,1.17,1.025846074754E-15));
#2025 = VECTOR('',#2026,1.);
#2026 = DIRECTION('',(1.,-4.440892098501E-16,-2.22044604925E-16));
#2027 = ORIENTED_EDGE('',*,*,#2000,.F.);
#2028 = ORIENTED_EDGE('',*,*,#1148,.F.);
#2029 = PLANE('',#2030);
#2030 = AXIS2_PLACEMENT_3D('',#2031,#2032,#2033);
#2031 = CARTESIAN_POINT('',(-0.7,1.17,1.025846074754E-15));
#2032 = DIRECTION('',(-4.440892098501E-16,-1.,-2.22044604925E-16));
#2033 = DIRECTION('',(1.,-4.440892098501E-16,-2.22044604925E-16));
#2034 = ADVANCED_FACE('',(#2035),#2054,.T.);
#2035 = FACE_BOUND('',#2036,.T.);
#2036 = EDGE_LOOP('',(#2037,#2046,#2047,#2048));
#2037 = ORIENTED_EDGE('',*,*,#2038,.T.);
#2038 = EDGE_CURVE('',#2039,#2015,#2041,.T.);
#2039 = VERTEX_POINT('',#2040);
#2040 = CARTESIAN_POINT('',(0.8,1.07,7.129473783526E-16));
#2041 = CIRCLE('',#2042,1.E-01);
#2042 = AXIS2_PLACEMENT_3D('',#2043,#2044,#2045);
#2043 = CARTESIAN_POINT('',(0.7,1.07,6.927791673661E-16));
#2044 = DIRECTION('',(2.22044604925E-16,-2.22044604925E-16,1.));
#2045 = DIRECTION('',(-1.,4.440892098501E-16,2.22044604925E-16));
#2046 = ORIENTED_EDGE('',*,*,#2014,.T.);
#2047 = ORIENTED_EDGE('',*,*,#1139,.F.);
#2048 = ORIENTED_EDGE('',*,*,#2049,.T.);
#2049 = EDGE_CURVE('',#1132,#2039,#2050,.T.);
#2050 = LINE('',#2051,#2052);
#2051 = CARTESIAN_POINT('',(0.8,1.07,6.705747068736E-16));
#2052 = VECTOR('',#2053,1.);
#2053 = DIRECTION('',(-2.22044604925E-16,2.22044604925E-16,-1.));
#2054 = CYLINDRICAL_SURFACE('',#2055,1.E-01);
#2055 = AXIS2_PLACEMENT_3D('',#2056,#2057,#2058);
#2056 = CARTESIAN_POINT('',(0.7,1.07,6.927791673661E-16));
#2057 = DIRECTION('',(2.22044604925E-16,-2.22044604925E-16,1.));
#2058 = DIRECTION('',(-1.,4.440892098501E-16,2.22044604925E-16));
#2059 = ADVANCED_FACE('',(#2060),#2078,.F.);
#2060 = FACE_BOUND('',#2061,.T.);
#2061 = EDGE_LOOP('',(#2062,#2070,#2076,#2077));
#2062 = ORIENTED_EDGE('',*,*,#2063,.F.);
#2063 = EDGE_CURVE('',#2064,#1123,#2066,.T.);
#2064 = VERTEX_POINT('',#2065);
#2065 = CARTESIAN_POINT('',(0.8,-1.07,2.976823932005E-16));
#2066 = LINE('',#2067,#2068);
#2067 = CARTESIAN_POINT('',(0.8,-1.07,1.95399252334E-16));
#2068 = VECTOR('',#2069,1.);
#2069 = DIRECTION('',(2.22044604925E-16,-2.22044604925E-16,1.));
#2070 = ORIENTED_EDGE('',*,*,#2071,.F.);
#2071 = EDGE_CURVE('',#2039,#2064,#2072,.T.);
#2072 = LINE('',#2073,#2074);
#2073 = CARTESIAN_POINT('',(0.8,1.07,6.705747068736E-16));
#2074 = VECTOR('',#2075,1.);
#2075 = DIRECTION('',(-4.440892098501E-16,-1.,-2.22044604925E-16));
#2076 = ORIENTED_EDGE('',*,*,#2049,.F.);
#2077 = ORIENTED_EDGE('',*,*,#1131,.F.);
#2078 = PLANE('',#2079);
#2079 = AXIS2_PLACEMENT_3D('',#2080,#2081,#2082);
#2080 = CARTESIAN_POINT('',(0.8,1.07,6.705747068736E-16));
#2081 = DIRECTION('',(-1.,4.440892098501E-16,2.22044604925E-16));
#2082 = DIRECTION('',(-4.440892098501E-16,-1.,-2.22044604925E-16));
#2083 = ADVANCED_FACE('',(#2084),#2103,.T.);
#2084 = FACE_BOUND('',#2085,.T.);
#2085 = EDGE_LOOP('',(#2086,#2095,#2096,#2097));
#2086 = ORIENTED_EDGE('',*,*,#2087,.T.);
#2087 = EDGE_CURVE('',#2088,#2064,#2090,.T.);
#2088 = VERTEX_POINT('',#2089);
#2089 = CARTESIAN_POINT('',(0.7,-1.17,2.43518168357E-16));
#2090 = CIRCLE('',#2091,1.E-01);
#2091 = AXIS2_PLACEMENT_3D('',#2092,#2093,#2094);
#2092 = CARTESIAN_POINT('',(0.7,-1.07,2.176037128265E-16));
#2093 = DIRECTION('',(2.22044604925E-16,-2.22044604925E-16,1.));
#2094 = DIRECTION('',(-1.,4.440892098501E-16,2.22044604925E-16));
#2095 = ORIENTED_EDGE('',*,*,#2063,.T.);
#2096 = ORIENTED_EDGE('',*,*,#1122,.F.);
#2097 = ORIENTED_EDGE('',*,*,#2098,.T.);
#2098 = EDGE_CURVE('',#1115,#2088,#2099,.T.);
#2099 = LINE('',#2100,#2101);
#2100 = CARTESIAN_POINT('',(0.7,-1.17,1.95399252334E-16));
#2101 = VECTOR('',#2102,1.);
#2102 = DIRECTION('',(-2.22044604925E-16,2.22044604925E-16,-1.));
#2103 = CYLINDRICAL_SURFACE('',#2104,1.E-01);
#2104 = AXIS2_PLACEMENT_3D('',#2105,#2106,#2107);
#2105 = CARTESIAN_POINT('',(0.7,-1.07,2.176037128265E-16));
#2106 = DIRECTION('',(2.22044604925E-16,-2.22044604925E-16,1.));
#2107 = DIRECTION('',(-1.,4.440892098501E-16,2.22044604925E-16));
#2108 = ADVANCED_FACE('',(#2109),#2120,.F.);
#2109 = FACE_BOUND('',#2110,.T.);
#2110 = EDGE_LOOP('',(#2111,#2112,#2118,#2119));
#2111 = ORIENTED_EDGE('',*,*,#1895,.F.);
#2112 = ORIENTED_EDGE('',*,*,#2113,.F.);
#2113 = EDGE_CURVE('',#2088,#1885,#2114,.T.);
#2114 = LINE('',#2115,#2116);
#2115 = CARTESIAN_POINT('',(-0.7,-1.17,5.062616992291E-16));
#2116 = VECTOR('',#2117,1.);
#2117 = DIRECTION('',(-1.,4.440892098501E-16,2.22044604925E-16));
#2118 = ORIENTED_EDGE('',*,*,#2098,.F.);
#2119 = ORIENTED_EDGE('',*,*,#1114,.F.);
#2120 = PLANE('',#2121);
#2121 = AXIS2_PLACEMENT_3D('',#2122,#2123,#2124);
#2122 = CARTESIAN_POINT('',(-0.7,-1.17,5.062616992291E-16));
#2123 = DIRECTION('',(4.440892098501E-16,1.,2.22044604925E-16));
#2124 = DIRECTION('',(-1.,4.440892098501E-16,2.22044604925E-16));
#2125 = ADVANCED_FACE('',(#2126),#2138,.T.);
#2126 = FACE_BOUND('',#2127,.T.);
#2127 = EDGE_LOOP('',(#2128,#2129,#2130,#2131));
#2128 = ORIENTED_EDGE('',*,*,#74,.F.);
#2129 = ORIENTED_EDGE('',*,*,#1261,.F.);
#2130 = ORIENTED_EDGE('',*,*,#1447,.F.);
#2131 = ORIENTED_EDGE('',*,*,#2132,.T.);
#2132 = EDGE_CURVE('',#1448,#75,#2133,.T.);
#2133 = CIRCLE('',#2134,0.125);
#2134 = AXIS2_PLACEMENT_3D('',#2135,#2136,#2137);
#2135 = CARTESIAN_POINT('',(-1.215,0.75,1.046940312222E-15));
#2136 = DIRECTION('',(2.22044604925E-16,-2.22044604925E-16,1.));
#2137 = DIRECTION('',(1.,-4.440892098501E-16,-2.22044604925E-16));
#2138 = CYLINDRICAL_SURFACE('',#2139,0.125);
#2139 = AXIS2_PLACEMENT_3D('',#2140,#2141,#2142);
#2140 = CARTESIAN_POINT('',(-1.215,0.75,0.2));
#2141 = DIRECTION('',(-2.22044604925E-16,2.22044604925E-16,-1.));
#2142 = DIRECTION('',(1.,-4.440892098501E-16,-2.22044604925E-16));
#2143 = ADVANCED_FACE('',(#2144),#2156,.T.);
#2144 = FACE_BOUND('',#2145,.T.);
#2145 = EDGE_LOOP('',(#2146,#2147,#2148,#2149));
#2146 = ORIENTED_EDGE('',*,*,#116,.F.);
#2147 = ORIENTED_EDGE('',*,*,#1238,.F.);
#2148 = ORIENTED_EDGE('',*,*,#1553,.F.);
#2149 = ORIENTED_EDGE('',*,*,#2150,.T.);
#2150 = EDGE_CURVE('',#1546,#117,#2151,.T.);
#2151 = CIRCLE('',#2152,0.125);
#2152 = AXIS2_PLACEMENT_3D('',#2153,#2154,#2155);
#2153 = CARTESIAN_POINT('',(-1.215,0.25,9.35918009759E-16));
#2154 = DIRECTION('',(2.22044604925E-16,-2.22044604925E-16,1.));
#2155 = DIRECTION('',(1.,-4.440892098501E-16,-2.22044604925E-16));
#2156 = CYLINDRICAL_SURFACE('',#2157,0.125);
#2157 = AXIS2_PLACEMENT_3D('',#2158,#2159,#2160);
#2158 = CARTESIAN_POINT('',(-1.215,0.25,0.2));
#2159 = DIRECTION('',(-2.22044604925E-16,2.22044604925E-16,-1.));
#2160 = DIRECTION('',(1.,-4.440892098501E-16,-2.22044604925E-16));
#2161 = ADVANCED_FACE('',(#2162),#2174,.T.);
#2162 = FACE_BOUND('',#2163,.T.);
#2163 = EDGE_LOOP('',(#2164,#2165,#2166,#2167));
#2164 = ORIENTED_EDGE('',*,*,#158,.F.);
#2165 = ORIENTED_EDGE('',*,*,#1215,.F.);
#2166 = ORIENTED_EDGE('',*,*,#1643,.F.);
#2167 = ORIENTED_EDGE('',*,*,#2168,.T.);
#2168 = EDGE_CURVE('',#1636,#159,#2169,.T.);
#2169 = CIRCLE('',#2170,0.125);
#2170 = AXIS2_PLACEMENT_3D('',#2171,#2172,#2173);
#2171 = CARTESIAN_POINT('',(-1.215,-0.25,8.248957072965E-16));
#2172 = DIRECTION('',(2.22044604925E-16,-2.22044604925E-16,1.));
#2173 = DIRECTION('',(1.,-4.440892098501E-16,-2.22044604925E-16));
#2174 = CYLINDRICAL_SURFACE('',#2175,0.125);
#2175 = AXIS2_PLACEMENT_3D('',#2176,#2177,#2178);
#2176 = CARTESIAN_POINT('',(-1.215,-0.25,0.2));
#2177 = DIRECTION('',(-2.22044604925E-16,2.22044604925E-16,-1.));
#2178 = DIRECTION('',(1.,-4.440892098501E-16,-2.22044604925E-16));
#2179 = ADVANCED_FACE('',(#2180),#2192,.T.);
#2180 = FACE_BOUND('',#2181,.T.);
#2181 = EDGE_LOOP('',(#2182,#2183,#2184,#2185));
#2182 = ORIENTED_EDGE('',*,*,#200,.F.);
#2183 = ORIENTED_EDGE('',*,*,#1192,.F.);
#2184 = ORIENTED_EDGE('',*,*,#1373,.F.);
#2185 = ORIENTED_EDGE('',*,*,#2186,.T.);
#2186 = EDGE_CURVE('',#1366,#201,#2187,.T.);
#2187 = CIRCLE('',#2188,0.125);
#2188 = AXIS2_PLACEMENT_3D('',#2189,#2190,#2191);
#2189 = CARTESIAN_POINT('',(-1.215,-0.75,7.13873404834E-16));
#2190 = DIRECTION('',(2.22044604925E-16,-2.22044604925E-16,1.));
#2191 = DIRECTION('',(1.,-4.440892098501E-16,-2.22044604925E-16));
#2192 = CYLINDRICAL_SURFACE('',#2193,0.125);
#2193 = AXIS2_PLACEMENT_3D('',#2194,#2195,#2196);
#2194 = CARTESIAN_POINT('',(-1.215,-0.75,0.2));
#2195 = DIRECTION('',(-2.22044604925E-16,2.22044604925E-16,-1.));
#2196 = DIRECTION('',(1.,-4.440892098501E-16,-2.22044604925E-16));
#2197 = ADVANCED_FACE('',(#2198),#2209,.T.);
#2198 = FACE_BOUND('',#2199,.T.);
#2199 = EDGE_LOOP('',(#2200,#2201,#2202,#2208));
#2200 = ORIENTED_EDGE('',*,*,#1335,.T.);
#2201 = ORIENTED_EDGE('',*,*,#1660,.F.);
#2202 = ORIENTED_EDGE('',*,*,#2203,.T.);
#2203 = EDGE_CURVE('',#1661,#1358,#2204,.T.);
#2204 = LINE('',#2205,#2206);
#2205 = CARTESIAN_POINT('',(-1.51,-0.875,7.516209876712E-16));
#2206 = VECTOR('',#2207,1.);
#2207 = DIRECTION('',(-4.440892098501E-16,-1.,-2.22044604925E-16));
#2208 = ORIENTED_EDGE('',*,*,#1357,.F.);
#2209 = PLANE('',#2210);
#2210 = AXIS2_PLACEMENT_3D('',#2211,#2212,#2213);
#2211 = CARTESIAN_POINT('',(-1.51,-0.875,0.2));
#2212 = DIRECTION('',(-1.,4.440892098501E-16,2.22044604925E-16));
#2213 = DIRECTION('',(-4.440892098501E-16,-1.,-2.22044604925E-16));
#2214 = ADVANCED_FACE('',(#2215),#2222,.T.);
#2215 = FACE_BOUND('',#2216,.T.);
#2216 = EDGE_LOOP('',(#2217,#2218,#2219,#2220,#2221));
#2217 = ORIENTED_EDGE('',*,*,#2186,.F.);
#2218 = ORIENTED_EDGE('',*,*,#1365,.F.);
#2219 = ORIENTED_EDGE('',*,*,#2203,.F.);
#2220 = ORIENTED_EDGE('',*,*,#1672,.F.);
#2221 = ORIENTED_EDGE('',*,*,#208,.F.);
#2222 = PLANE('',#2223);
#2223 = AXIS2_PLACEMENT_3D('',#2224,#2225,#2226);
#2224 = CARTESIAN_POINT('',(-1.215,-0.75,7.13873404834E-16));
#2225 = DIRECTION('',(-2.22044604925E-16,2.22044604925E-16,-1.));
#2226 = DIRECTION('',(1.,-4.440892098501E-16,-2.22044604925E-16));
#2227 = ADVANCED_FACE('',(#2228),#2239,.T.);
#2228 = FACE_BOUND('',#2229,.T.);
#2229 = EDGE_LOOP('',(#2230,#2231,#2232,#2238));
#2230 = ORIENTED_EDGE('',*,*,#1425,.T.);
#2231 = ORIENTED_EDGE('',*,*,#1390,.F.);
#2232 = ORIENTED_EDGE('',*,*,#2233,.T.);
#2233 = EDGE_CURVE('',#1391,#1459,#2234,.T.);
#2234 = LINE('',#2235,#2236);
#2235 = CARTESIAN_POINT('',(-1.51,0.625,1.084687895059E-15));
#2236 = VECTOR('',#2237,1.);
#2237 = DIRECTION('',(-4.440892098501E-16,-1.,-2.22044604925E-16));
#2238 = ORIENTED_EDGE('',*,*,#1458,.F.);
#2239 = PLANE('',#2240);
#2240 = AXIS2_PLACEMENT_3D('',#2241,#2242,#2243);
#2241 = CARTESIAN_POINT('',(-1.51,0.625,0.2));
#2242 = DIRECTION('',(-1.,4.440892098501E-16,2.22044604925E-16));
#2243 = DIRECTION('',(-4.440892098501E-16,-1.,-2.22044604925E-16));
#2244 = ADVANCED_FACE('',(#2245),#2252,.T.);
#2245 = FACE_BOUND('',#2246,.T.);
#2246 = EDGE_LOOP('',(#2247,#2248,#2249,#2250,#2251));
#2247 = ORIENTED_EDGE('',*,*,#2132,.F.);
#2248 = ORIENTED_EDGE('',*,*,#1466,.F.);
#2249 = ORIENTED_EDGE('',*,*,#2233,.F.);
#2250 = ORIENTED_EDGE('',*,*,#1409,.F.);
#2251 = ORIENTED_EDGE('',*,*,#82,.F.);
#2252 = PLANE('',#2253);
#2253 = AXIS2_PLACEMENT_3D('',#2254,#2255,#2256);
#2254 = CARTESIAN_POINT('',(-1.215,0.75,1.046940312222E-15));
#2255 = DIRECTION('',(-2.22044604925E-16,2.22044604925E-16,-1.));
#2256 = DIRECTION('',(1.,-4.440892098501E-16,-2.22044604925E-16));
#2257 = ADVANCED_FACE('',(#2258),#2269,.T.);
#2258 = FACE_BOUND('',#2259,.T.);
#2259 = EDGE_LOOP('',(#2260,#2261,#2262,#2268));
#2260 = ORIENTED_EDGE('',*,*,#1515,.T.);
#2261 = ORIENTED_EDGE('',*,*,#1480,.F.);
#2262 = ORIENTED_EDGE('',*,*,#2263,.T.);
#2263 = EDGE_CURVE('',#1481,#1538,#2264,.T.);
#2264 = LINE('',#2265,#2266);
#2265 = CARTESIAN_POINT('',(-1.51,0.125,9.736655925963E-16));
#2266 = VECTOR('',#2267,1.);
#2267 = DIRECTION('',(-4.440892098501E-16,-1.,-2.22044604925E-16));
#2268 = ORIENTED_EDGE('',*,*,#1537,.F.);
#2269 = PLANE('',#2270);
#2270 = AXIS2_PLACEMENT_3D('',#2271,#2272,#2273);
#2271 = CARTESIAN_POINT('',(-1.51,0.125,0.2));
#2272 = DIRECTION('',(-1.,4.440892098501E-16,2.22044604925E-16));
#2273 = DIRECTION('',(-4.440892098501E-16,-1.,-2.22044604925E-16));
#2274 = ADVANCED_FACE('',(#2275),#2282,.T.);
#2275 = FACE_BOUND('',#2276,.T.);
#2276 = EDGE_LOOP('',(#2277,#2278,#2279,#2280,#2281));
#2277 = ORIENTED_EDGE('',*,*,#2150,.F.);
#2278 = ORIENTED_EDGE('',*,*,#1545,.F.);
#2279 = ORIENTED_EDGE('',*,*,#2263,.F.);
#2280 = ORIENTED_EDGE('',*,*,#1499,.F.);
#2281 = ORIENTED_EDGE('',*,*,#124,.F.);
#2282 = PLANE('',#2283);
#2283 = AXIS2_PLACEMENT_3D('',#2284,#2285,#2286);
#2284 = CARTESIAN_POINT('',(-1.215,0.25,9.35918009759E-16));
#2285 = DIRECTION('',(-2.22044604925E-16,2.22044604925E-16,-1.));
#2286 = DIRECTION('',(1.,-4.440892098501E-16,-2.22044604925E-16));
#2287 = ADVANCED_FACE('',(#2288),#2299,.T.);
#2288 = FACE_BOUND('',#2289,.T.);
#2289 = EDGE_LOOP('',(#2290,#2291,#2292,#2298));
#2290 = ORIENTED_EDGE('',*,*,#1605,.T.);
#2291 = ORIENTED_EDGE('',*,*,#1570,.F.);
#2292 = ORIENTED_EDGE('',*,*,#2293,.T.);
#2293 = EDGE_CURVE('',#1571,#1628,#2294,.T.);
#2294 = LINE('',#2295,#2296);
#2295 = CARTESIAN_POINT('',(-1.51,-0.375,8.626432901337E-16));
#2296 = VECTOR('',#2297,1.);
#2297 = DIRECTION('',(-4.440892098501E-16,-1.,-2.22044604925E-16));
#2298 = ORIENTED_EDGE('',*,*,#1627,.F.);
#2299 = PLANE('',#2300);
#2300 = AXIS2_PLACEMENT_3D('',#2301,#2302,#2303);
#2301 = CARTESIAN_POINT('',(-1.51,-0.375,0.2));
#2302 = DIRECTION('',(-1.,4.440892098501E-16,2.22044604925E-16));
#2303 = DIRECTION('',(-4.440892098501E-16,-1.,-2.22044604925E-16));
#2304 = ADVANCED_FACE('',(#2305),#2312,.T.);
#2305 = FACE_BOUND('',#2306,.T.);
#2306 = EDGE_LOOP('',(#2307,#2308,#2309,#2310,#2311));
#2307 = ORIENTED_EDGE('',*,*,#2168,.F.);
#2308 = ORIENTED_EDGE('',*,*,#1635,.F.);
#2309 = ORIENTED_EDGE('',*,*,#2293,.F.);
#2310 = ORIENTED_EDGE('',*,*,#1589,.F.);
#2311 = ORIENTED_EDGE('',*,*,#166,.F.);
#2312 = PLANE('',#2313);
#2313 = AXIS2_PLACEMENT_3D('',#2314,#2315,#2316);
#2314 = CARTESIAN_POINT('',(-1.215,-0.25,8.248957072965E-16));
#2315 = DIRECTION('',(-2.22044604925E-16,2.22044604925E-16,-1.));
#2316 = DIRECTION('',(1.,-4.440892098501E-16,-2.22044604925E-16));
#2317 = ADVANCED_FACE('',(#2318),#2330,.T.);
#2318 = FACE_BOUND('',#2319,.T.);
#2319 = EDGE_LOOP('',(#2320,#2321,#2322,#2323,#2324,#2325,#2326,#2327,
    #2328,#2329));
#2320 = ORIENTED_EDGE('',*,*,#2038,.F.);
#2321 = ORIENTED_EDGE('',*,*,#2071,.T.);
#2322 = ORIENTED_EDGE('',*,*,#2087,.F.);
#2323 = ORIENTED_EDGE('',*,*,#2113,.T.);
#2324 = ORIENTED_EDGE('',*,*,#1884,.T.);
#2325 = ORIENTED_EDGE('',*,*,#1924,.T.);
#2326 = ORIENTED_EDGE('',*,*,#1942,.T.);
#2327 = ORIENTED_EDGE('',*,*,#1973,.T.);
#2328 = ORIENTED_EDGE('',*,*,#1989,.F.);
#2329 = ORIENTED_EDGE('',*,*,#2022,.T.);
#2330 = PLANE('',#2331);
#2331 = AXIS2_PLACEMENT_3D('',#2332,#2333,#2334);
#2332 = CARTESIAN_POINT('',(0.7,-1.07,2.176037128265E-16));
#2333 = DIRECTION('',(-2.22044604925E-16,2.22044604925E-16,-1.));
#2334 = DIRECTION('',(1.,-4.440892098501E-16,-2.22044604925E-16));
#2335 = ( GEOMETRIC_REPRESENTATION_CONTEXT(3) 
GLOBAL_UNCERTAINTY_ASSIGNED_CONTEXT((#2339)) 
GLOBAL_UNIT_ASSIGNED_CONTEXT((#2336,#2337,#2338)) REPRESENTATION_CONTEXT
('Context #1','3D Context with UNIT and UNCERTAINTY') );
#2336 = ( LENGTH_UNIT() NAMED_UNIT(*) SI_UNIT(.MILLI.,.METRE.) );
#2337 = ( NAMED_UNIT(*) PLANE_ANGLE_UNIT() SI_UNIT($,.RADIAN.) );
#2338 = ( NAMED_UNIT(*) SI_UNIT($,.STERADIAN.) SOLID_ANGLE_UNIT() );
#2339 = UNCERTAINTY_MEASURE_WITH_UNIT(LENGTH_MEASURE(1.E-07),#2336,
  'distance_accuracy_value','confusion accuracy');
#2340 = PRODUCT_RELATED_PRODUCT_CATEGORY('part',$,(#7));
#2341 = MECHANICAL_DESIGN_GEOMETRIC_PRESENTATION_REPRESENTATION('',(
    #2342,#2350,#2358,#2365,#2372,#2379,#2387,#2394,#2401,#2408,#2415,
    #2422,#2429,#2436,#2443,#2450,#2457,#2464,#2471,#2478,#2485,#2492,
    #2499,#2506,#2513,#2520,#2527,#2534,#2541,#2548,#2555,#2562,#2569,
    #2576,#2583,#2590,#2597,#2604,#2611,#2618,#2625,#2632,#2639,#2646,
    #2653,#2660,#2667,#2674,#2681,#2688,#2695,#2702,#2709,#2716,#2723,
    #2730,#2737,#2744,#2751,#2758,#2765,#2772,#2779,#2786,#2793,#2800,
    #2807,#2814,#2821,#2828,#2835,#2842),#2335);
#2342 = STYLED_ITEM('color',(#2343),#17);
#2343 = PRESENTATION_STYLE_ASSIGNMENT((#2344));
#2344 = SURFACE_STYLE_USAGE(.BOTH.,#2345);
#2345 = SURFACE_SIDE_STYLE('',(#2346));
#2346 = SURFACE_STYLE_FILL_AREA(#2347);
#2347 = FILL_AREA_STYLE('',(#2348));
#2348 = FILL_AREA_STYLE_COLOUR('',#2349);
#2349 = DRAUGHTING_PRE_DEFINED_COLOUR('white');
#2350 = STYLED_ITEM('color',(#2351),#59);
#2351 = PRESENTATION_STYLE_ASSIGNMENT((#2352));
#2352 = SURFACE_STYLE_USAGE(.BOTH.,#2353);
#2353 = SURFACE_SIDE_STYLE('',(#2354));
#2354 = SURFACE_STYLE_FILL_AREA(#2355);
#2355 = FILL_AREA_STYLE('',(#2356));
#2356 = FILL_AREA_STYLE_COLOUR('',#2357);
#2357 = COLOUR_RGB('',0.752941191196,0.752941191196,0.752941191196);
#2358 = STYLED_ITEM('color',(#2359),#101);
#2359 = PRESENTATION_STYLE_ASSIGNMENT((#2360));
#2360 = SURFACE_STYLE_USAGE(.BOTH.,#2361);
#2361 = SURFACE_SIDE_STYLE('',(#2362));
#2362 = SURFACE_STYLE_FILL_AREA(#2363);
#2363 = FILL_AREA_STYLE('',(#2364));
#2364 = FILL_AREA_STYLE_COLOUR('',#2357);
#2365 = STYLED_ITEM('color',(#2366),#143);
#2366 = PRESENTATION_STYLE_ASSIGNMENT((#2367));
#2367 = SURFACE_STYLE_USAGE(.BOTH.,#2368);
#2368 = SURFACE_SIDE_STYLE('',(#2369));
#2369 = SURFACE_STYLE_FILL_AREA(#2370);
#2370 = FILL_AREA_STYLE('',(#2371));
#2371 = FILL_AREA_STYLE_COLOUR('',#2357);
#2372 = STYLED_ITEM('color',(#2373),#185);
#2373 = PRESENTATION_STYLE_ASSIGNMENT((#2374));
#2374 = SURFACE_STYLE_USAGE(.BOTH.,#2375);
#2375 = SURFACE_SIDE_STYLE('',(#2376));
#2376 = SURFACE_STYLE_FILL_AREA(#2377);
#2377 = FILL_AREA_STYLE('',(#2378));
#2378 = FILL_AREA_STYLE_COLOUR('',#2357);
#2379 = STYLED_ITEM('color',(#2380),#227);
#2380 = PRESENTATION_STYLE_ASSIGNMENT((#2381));
#2381 = SURFACE_STYLE_USAGE(.BOTH.,#2382);
#2382 = SURFACE_SIDE_STYLE('',(#2383));
#2383 = SURFACE_STYLE_FILL_AREA(#2384);
#2384 = FILL_AREA_STYLE('',(#2385));
#2385 = FILL_AREA_STYLE_COLOUR('',#2386);
#2386 = COLOUR_RGB('',0.250980407,0.250980407,0.250980407);
#2387 = STYLED_ITEM('color',(#2388),#277);
#2388 = PRESENTATION_STYLE_ASSIGNMENT((#2389));
#2389 = SURFACE_STYLE_USAGE(.BOTH.,#2390);
#2390 = SURFACE_SIDE_STYLE('',(#2391));
#2391 = SURFACE_STYLE_FILL_AREA(#2392);
#2392 = FILL_AREA_STYLE('',(#2393));
#2393 = FILL_AREA_STYLE_COLOUR('',#2386);
#2394 = STYLED_ITEM('color',(#2395),#436);
#2395 = PRESENTATION_STYLE_ASSIGNMENT((#2396));
#2396 = SURFACE_STYLE_USAGE(.BOTH.,#2397);
#2397 = SURFACE_SIDE_STYLE('',(#2398));
#2398 = SURFACE_STYLE_FILL_AREA(#2399);
#2399 = FILL_AREA_STYLE('',(#2400));
#2400 = FILL_AREA_STYLE_COLOUR('',#2386);
#2401 = STYLED_ITEM('color',(#2402),#460);
#2402 = PRESENTATION_STYLE_ASSIGNMENT((#2403));
#2403 = SURFACE_STYLE_USAGE(.BOTH.,#2404);
#2404 = SURFACE_SIDE_STYLE('',(#2405));
#2405 = SURFACE_STYLE_FILL_AREA(#2406);
#2406 = FILL_AREA_STYLE('',(#2407));
#2407 = FILL_AREA_STYLE_COLOUR('',#2386);
#2408 = STYLED_ITEM('color',(#2409),#612);
#2409 = PRESENTATION_STYLE_ASSIGNMENT((#2410));
#2410 = SURFACE_STYLE_USAGE(.BOTH.,#2411);
#2411 = SURFACE_SIDE_STYLE('',(#2412));
#2412 = SURFACE_STYLE_FILL_AREA(#2413);
#2413 = FILL_AREA_STYLE('',(#2414));
#2414 = FILL_AREA_STYLE_COLOUR('',#2386);
#2415 = STYLED_ITEM('color',(#2416),#629);
#2416 = PRESENTATION_STYLE_ASSIGNMENT((#2417));
#2417 = SURFACE_STYLE_USAGE(.BOTH.,#2418);
#2418 = SURFACE_SIDE_STYLE('',(#2419));
#2419 = SURFACE_STYLE_FILL_AREA(#2420);
#2420 = FILL_AREA_STYLE('',(#2421));
#2421 = FILL_AREA_STYLE_COLOUR('',#2349);
#2422 = STYLED_ITEM('color',(#2423),#647);
#2423 = PRESENTATION_STYLE_ASSIGNMENT((#2424));
#2424 = SURFACE_STYLE_USAGE(.BOTH.,#2425);
#2425 = SURFACE_SIDE_STYLE('',(#2426));
#2426 = SURFACE_STYLE_FILL_AREA(#2427);
#2427 = FILL_AREA_STYLE('',(#2428));
#2428 = FILL_AREA_STYLE_COLOUR('',#2357);
#2429 = STYLED_ITEM('color',(#2430),#694);
#2430 = PRESENTATION_STYLE_ASSIGNMENT((#2431));
#2431 = SURFACE_STYLE_USAGE(.BOTH.,#2432);
#2432 = SURFACE_SIDE_STYLE('',(#2433));
#2433 = SURFACE_STYLE_FILL_AREA(#2434);
#2434 = FILL_AREA_STYLE('',(#2435));
#2435 = FILL_AREA_STYLE_COLOUR('',#2357);
#2436 = STYLED_ITEM('color',(#2437),#741);
#2437 = PRESENTATION_STYLE_ASSIGNMENT((#2438));
#2438 = SURFACE_STYLE_USAGE(.BOTH.,#2439);
#2439 = SURFACE_SIDE_STYLE('',(#2440));
#2440 = SURFACE_STYLE_FILL_AREA(#2441);
#2441 = FILL_AREA_STYLE('',(#2442));
#2442 = FILL_AREA_STYLE_COLOUR('',#2357);
#2443 = STYLED_ITEM('color',(#2444),#765);
#2444 = PRESENTATION_STYLE_ASSIGNMENT((#2445));
#2445 = SURFACE_STYLE_USAGE(.BOTH.,#2446);
#2446 = SURFACE_SIDE_STYLE('',(#2447));
#2447 = SURFACE_STYLE_FILL_AREA(#2448);
#2448 = FILL_AREA_STYLE('',(#2449));
#2449 = FILL_AREA_STYLE_COLOUR('',#2357);
#2450 = STYLED_ITEM('color',(#2451),#805);
#2451 = PRESENTATION_STYLE_ASSIGNMENT((#2452));
#2452 = SURFACE_STYLE_USAGE(.BOTH.,#2453);
#2453 = SURFACE_SIDE_STYLE('',(#2454));
#2454 = SURFACE_STYLE_FILL_AREA(#2455);
#2455 = FILL_AREA_STYLE('',(#2456));
#2456 = FILL_AREA_STYLE_COLOUR('',#2357);
#2457 = STYLED_ITEM('color',(#2458),#852);
#2458 = PRESENTATION_STYLE_ASSIGNMENT((#2459));
#2459 = SURFACE_STYLE_USAGE(.BOTH.,#2460);
#2460 = SURFACE_SIDE_STYLE('',(#2461));
#2461 = SURFACE_STYLE_FILL_AREA(#2462);
#2462 = FILL_AREA_STYLE('',(#2463));
#2463 = FILL_AREA_STYLE_COLOUR('',#2357);
#2464 = STYLED_ITEM('color',(#2465),#876);
#2465 = PRESENTATION_STYLE_ASSIGNMENT((#2466));
#2466 = SURFACE_STYLE_USAGE(.BOTH.,#2467);
#2467 = SURFACE_SIDE_STYLE('',(#2468));
#2468 = SURFACE_STYLE_FILL_AREA(#2469);
#2469 = FILL_AREA_STYLE('',(#2470));
#2470 = FILL_AREA_STYLE_COLOUR('',#2357);
#2471 = STYLED_ITEM('color',(#2472),#916);
#2472 = PRESENTATION_STYLE_ASSIGNMENT((#2473));
#2473 = SURFACE_STYLE_USAGE(.BOTH.,#2474);
#2474 = SURFACE_SIDE_STYLE('',(#2475));
#2475 = SURFACE_STYLE_FILL_AREA(#2476);
#2476 = FILL_AREA_STYLE('',(#2477));
#2477 = FILL_AREA_STYLE_COLOUR('',#2357);
#2478 = STYLED_ITEM('color',(#2479),#963);
#2479 = PRESENTATION_STYLE_ASSIGNMENT((#2480));
#2480 = SURFACE_STYLE_USAGE(.BOTH.,#2481);
#2481 = SURFACE_SIDE_STYLE('',(#2482));
#2482 = SURFACE_STYLE_FILL_AREA(#2483);
#2483 = FILL_AREA_STYLE('',(#2484));
#2484 = FILL_AREA_STYLE_COLOUR('',#2357);
#2485 = STYLED_ITEM('color',(#2486),#987);
#2486 = PRESENTATION_STYLE_ASSIGNMENT((#2487));
#2487 = SURFACE_STYLE_USAGE(.BOTH.,#2488);
#2488 = SURFACE_SIDE_STYLE('',(#2489));
#2489 = SURFACE_STYLE_FILL_AREA(#2490);
#2490 = FILL_AREA_STYLE('',(#2491));
#2491 = FILL_AREA_STYLE_COLOUR('',#2357);
#2492 = STYLED_ITEM('color',(#2493),#1027);
#2493 = PRESENTATION_STYLE_ASSIGNMENT((#2494));
#2494 = SURFACE_STYLE_USAGE(.BOTH.,#2495);
#2495 = SURFACE_SIDE_STYLE('',(#2496));
#2496 = SURFACE_STYLE_FILL_AREA(#2497);
#2497 = FILL_AREA_STYLE('',(#2498));
#2498 = FILL_AREA_STYLE_COLOUR('',#2357);
#2499 = STYLED_ITEM('color',(#2500),#1074);
#2500 = PRESENTATION_STYLE_ASSIGNMENT((#2501));
#2501 = SURFACE_STYLE_USAGE(.BOTH.,#2502);
#2502 = SURFACE_SIDE_STYLE('',(#2503));
#2503 = SURFACE_STYLE_FILL_AREA(#2504);
#2504 = FILL_AREA_STYLE('',(#2505));
#2505 = FILL_AREA_STYLE_COLOUR('',#2357);
#2506 = STYLED_ITEM('color',(#2507),#1091);
#2507 = PRESENTATION_STYLE_ASSIGNMENT((#2508));
#2508 = SURFACE_STYLE_USAGE(.BOTH.,#2509);
#2509 = SURFACE_SIDE_STYLE('',(#2510));
#2510 = SURFACE_STYLE_FILL_AREA(#2511);
#2511 = FILL_AREA_STYLE('',(#2512));
#2512 = FILL_AREA_STYLE_COLOUR('',#2386);
#2513 = STYLED_ITEM('color',(#2514),#1322);
#2514 = PRESENTATION_STYLE_ASSIGNMENT((#2515));
#2515 = SURFACE_STYLE_USAGE(.BOTH.,#2516);
#2516 = SURFACE_SIDE_STYLE('',(#2517));
#2517 = SURFACE_STYLE_FILL_AREA(#2518);
#2518 = FILL_AREA_STYLE('',(#2519));
#2519 = FILL_AREA_STYLE_COLOUR('',#2357);
#2520 = STYLED_ITEM('color',(#2521),#1353);
#2521 = PRESENTATION_STYLE_ASSIGNMENT((#2522));
#2522 = SURFACE_STYLE_USAGE(.BOTH.,#2523);
#2523 = SURFACE_SIDE_STYLE('',(#2524));
#2524 = SURFACE_STYLE_FILL_AREA(#2525);
#2525 = FILL_AREA_STYLE('',(#2526));
#2526 = FILL_AREA_STYLE_COLOUR('',#2357);
#2527 = STYLED_ITEM('color',(#2528),#1386);
#2528 = PRESENTATION_STYLE_ASSIGNMENT((#2529));
#2529 = SURFACE_STYLE_USAGE(.BOTH.,#2530);
#2530 = SURFACE_SIDE_STYLE('',(#2531));
#2531 = SURFACE_STYLE_FILL_AREA(#2532);
#2532 = FILL_AREA_STYLE('',(#2533));
#2533 = FILL_AREA_STYLE_COLOUR('',#2357);
#2534 = STYLED_ITEM('color',(#2535),#1419);
#2535 = PRESENTATION_STYLE_ASSIGNMENT((#2536));
#2536 = SURFACE_STYLE_USAGE(.BOTH.,#2537);
#2537 = SURFACE_SIDE_STYLE('',(#2538));
#2538 = SURFACE_STYLE_FILL_AREA(#2539);
#2539 = FILL_AREA_STYLE('',(#2540));
#2540 = FILL_AREA_STYLE_COLOUR('',#2357);
#2541 = STYLED_ITEM('color',(#2542),#1443);
#2542 = PRESENTATION_STYLE_ASSIGNMENT((#2543));
#2543 = SURFACE_STYLE_USAGE(.BOTH.,#2544);
#2544 = SURFACE_SIDE_STYLE('',(#2545));
#2545 = SURFACE_STYLE_FILL_AREA(#2546);
#2546 = FILL_AREA_STYLE('',(#2547));
#2547 = FILL_AREA_STYLE_COLOUR('',#2357);
#2548 = STYLED_ITEM('color',(#2549),#1476);
#2549 = PRESENTATION_STYLE_ASSIGNMENT((#2550));
#2550 = SURFACE_STYLE_USAGE(.BOTH.,#2551);
#2551 = SURFACE_SIDE_STYLE('',(#2552));
#2552 = SURFACE_STYLE_FILL_AREA(#2553);
#2553 = FILL_AREA_STYLE('',(#2554));
#2554 = FILL_AREA_STYLE_COLOUR('',#2357);
#2555 = STYLED_ITEM('color',(#2556),#1509);
#2556 = PRESENTATION_STYLE_ASSIGNMENT((#2557));
#2557 = SURFACE_STYLE_USAGE(.BOTH.,#2558);
#2558 = SURFACE_SIDE_STYLE('',(#2559));
#2559 = SURFACE_STYLE_FILL_AREA(#2560);
#2560 = FILL_AREA_STYLE('',(#2561));
#2561 = FILL_AREA_STYLE_COLOUR('',#2357);
#2562 = STYLED_ITEM('color',(#2563),#1533);
#2563 = PRESENTATION_STYLE_ASSIGNMENT((#2564));
#2564 = SURFACE_STYLE_USAGE(.BOTH.,#2565);
#2565 = SURFACE_SIDE_STYLE('',(#2566));
#2566 = SURFACE_STYLE_FILL_AREA(#2567);
#2567 = FILL_AREA_STYLE('',(#2568));
#2568 = FILL_AREA_STYLE_COLOUR('',#2357);
#2569 = STYLED_ITEM('color',(#2570),#1566);
#2570 = PRESENTATION_STYLE_ASSIGNMENT((#2571));
#2571 = SURFACE_STYLE_USAGE(.BOTH.,#2572);
#2572 = SURFACE_SIDE_STYLE('',(#2573));
#2573 = SURFACE_STYLE_FILL_AREA(#2574);
#2574 = FILL_AREA_STYLE('',(#2575));
#2575 = FILL_AREA_STYLE_COLOUR('',#2357);
#2576 = STYLED_ITEM('color',(#2577),#1599);
#2577 = PRESENTATION_STYLE_ASSIGNMENT((#2578));
#2578 = SURFACE_STYLE_USAGE(.BOTH.,#2579);
#2579 = SURFACE_SIDE_STYLE('',(#2580));
#2580 = SURFACE_STYLE_FILL_AREA(#2581);
#2581 = FILL_AREA_STYLE('',(#2582));
#2582 = FILL_AREA_STYLE_COLOUR('',#2357);
#2583 = STYLED_ITEM('color',(#2584),#1623);
#2584 = PRESENTATION_STYLE_ASSIGNMENT((#2585));
#2585 = SURFACE_STYLE_USAGE(.BOTH.,#2586);
#2586 = SURFACE_SIDE_STYLE('',(#2587));
#2587 = SURFACE_STYLE_FILL_AREA(#2588);
#2588 = FILL_AREA_STYLE('',(#2589));
#2589 = FILL_AREA_STYLE_COLOUR('',#2357);
#2590 = STYLED_ITEM('color',(#2591),#1656);
#2591 = PRESENTATION_STYLE_ASSIGNMENT((#2592));
#2592 = SURFACE_STYLE_USAGE(.BOTH.,#2593);
#2593 = SURFACE_SIDE_STYLE('',(#2594));
#2594 = SURFACE_STYLE_FILL_AREA(#2595);
#2595 = FILL_AREA_STYLE('',(#2596));
#2596 = FILL_AREA_STYLE_COLOUR('',#2357);
#2597 = STYLED_ITEM('color',(#2598),#1682);
#2598 = PRESENTATION_STYLE_ASSIGNMENT((#2599));
#2599 = SURFACE_STYLE_USAGE(.BOTH.,#2600);
#2600 = SURFACE_SIDE_STYLE('',(#2601));
#2601 = SURFACE_STYLE_FILL_AREA(#2602);
#2602 = FILL_AREA_STYLE('',(#2603));
#2603 = FILL_AREA_STYLE_COLOUR('',#2349);
#2604 = STYLED_ITEM('color',(#2605),#1692);
#2605 = PRESENTATION_STYLE_ASSIGNMENT((#2606));
#2606 = SURFACE_STYLE_USAGE(.BOTH.,#2607);
#2607 = SURFACE_SIDE_STYLE('',(#2608));
#2608 = SURFACE_STYLE_FILL_AREA(#2609);
#2609 = FILL_AREA_STYLE('',(#2610));
#2610 = FILL_AREA_STYLE_COLOUR('',#2357);
#2611 = STYLED_ITEM('color',(#2612),#1709);
#2612 = PRESENTATION_STYLE_ASSIGNMENT((#2613));
#2613 = SURFACE_STYLE_USAGE(.BOTH.,#2614);
#2614 = SURFACE_SIDE_STYLE('',(#2615));
#2615 = SURFACE_STYLE_FILL_AREA(#2616);
#2616 = FILL_AREA_STYLE('',(#2617));
#2617 = FILL_AREA_STYLE_COLOUR('',#2357);
#2618 = STYLED_ITEM('color',(#2619),#1727);
#2619 = PRESENTATION_STYLE_ASSIGNMENT((#2620));
#2620 = SURFACE_STYLE_USAGE(.BOTH.,#2621);
#2621 = SURFACE_SIDE_STYLE('',(#2622));
#2622 = SURFACE_STYLE_FILL_AREA(#2623);
#2623 = FILL_AREA_STYLE('',(#2624));
#2624 = FILL_AREA_STYLE_COLOUR('',#2357);
#2625 = STYLED_ITEM('color',(#2626),#1739);
#2626 = PRESENTATION_STYLE_ASSIGNMENT((#2627));
#2627 = SURFACE_STYLE_USAGE(.BOTH.,#2628);
#2628 = SURFACE_SIDE_STYLE('',(#2629));
#2629 = SURFACE_STYLE_FILL_AREA(#2630);
#2630 = FILL_AREA_STYLE('',(#2631));
#2631 = FILL_AREA_STYLE_COLOUR('',#2357);
#2632 = STYLED_ITEM('color',(#2633),#1757);
#2633 = PRESENTATION_STYLE_ASSIGNMENT((#2634));
#2634 = SURFACE_STYLE_USAGE(.BOTH.,#2635);
#2635 = SURFACE_SIDE_STYLE('',(#2636));
#2636 = SURFACE_STYLE_FILL_AREA(#2637);
#2637 = FILL_AREA_STYLE('',(#2638));
#2638 = FILL_AREA_STYLE_COLOUR('',#2357);
#2639 = STYLED_ITEM('color',(#2640),#1774);
#2640 = PRESENTATION_STYLE_ASSIGNMENT((#2641));
#2641 = SURFACE_STYLE_USAGE(.BOTH.,#2642);
#2642 = SURFACE_SIDE_STYLE('',(#2643));
#2643 = SURFACE_STYLE_FILL_AREA(#2644);
#2644 = FILL_AREA_STYLE('',(#2645));
#2645 = FILL_AREA_STYLE_COLOUR('',#2357);
#2646 = STYLED_ITEM('color',(#2647),#1786);
#2647 = PRESENTATION_STYLE_ASSIGNMENT((#2648));
#2648 = SURFACE_STYLE_USAGE(.BOTH.,#2649);
#2649 = SURFACE_SIDE_STYLE('',(#2650));
#2650 = SURFACE_STYLE_FILL_AREA(#2651);
#2651 = FILL_AREA_STYLE('',(#2652));
#2652 = FILL_AREA_STYLE_COLOUR('',#2357);
#2653 = STYLED_ITEM('color',(#2654),#1804);
#2654 = PRESENTATION_STYLE_ASSIGNMENT((#2655));
#2655 = SURFACE_STYLE_USAGE(.BOTH.,#2656);
#2656 = SURFACE_SIDE_STYLE('',(#2657));
#2657 = SURFACE_STYLE_FILL_AREA(#2658);
#2658 = FILL_AREA_STYLE('',(#2659));
#2659 = FILL_AREA_STYLE_COLOUR('',#2357);
#2660 = STYLED_ITEM('color',(#2661),#1821);
#2661 = PRESENTATION_STYLE_ASSIGNMENT((#2662));
#2662 = SURFACE_STYLE_USAGE(.BOTH.,#2663);
#2663 = SURFACE_SIDE_STYLE('',(#2664));
#2664 = SURFACE_STYLE_FILL_AREA(#2665);
#2665 = FILL_AREA_STYLE('',(#2666));
#2666 = FILL_AREA_STYLE_COLOUR('',#2357);
#2667 = STYLED_ITEM('color',(#2668),#1833);
#2668 = PRESENTATION_STYLE_ASSIGNMENT((#2669));
#2669 = SURFACE_STYLE_USAGE(.BOTH.,#2670);
#2670 = SURFACE_SIDE_STYLE('',(#2671));
#2671 = SURFACE_STYLE_FILL_AREA(#2672);
#2672 = FILL_AREA_STYLE('',(#2673));
#2673 = FILL_AREA_STYLE_COLOUR('',#2357);
#2674 = STYLED_ITEM('color',(#2675),#1851);
#2675 = PRESENTATION_STYLE_ASSIGNMENT((#2676));
#2676 = SURFACE_STYLE_USAGE(.BOTH.,#2677);
#2677 = SURFACE_SIDE_STYLE('',(#2678));
#2678 = SURFACE_STYLE_FILL_AREA(#2679);
#2679 = FILL_AREA_STYLE('',(#2680));
#2680 = FILL_AREA_STYLE_COLOUR('',#2357);
#2681 = STYLED_ITEM('color',(#2682),#1868);
#2682 = PRESENTATION_STYLE_ASSIGNMENT((#2683));
#2683 = SURFACE_STYLE_USAGE(.BOTH.,#2684);
#2684 = SURFACE_SIDE_STYLE('',(#2685));
#2685 = SURFACE_STYLE_FILL_AREA(#2686);
#2686 = FILL_AREA_STYLE('',(#2687));
#2687 = FILL_AREA_STYLE_COLOUR('',#2357);
#2688 = STYLED_ITEM('color',(#2689),#1880);
#2689 = PRESENTATION_STYLE_ASSIGNMENT((#2690));
#2690 = SURFACE_STYLE_USAGE(.BOTH.,#2691);
#2691 = SURFACE_SIDE_STYLE('',(#2692));
#2692 = SURFACE_STYLE_FILL_AREA(#2693);
#2693 = FILL_AREA_STYLE('',(#2694));
#2694 = FILL_AREA_STYLE_COLOUR('',#2357);
#2695 = STYLED_ITEM('color',(#2696),#1912);
#2696 = PRESENTATION_STYLE_ASSIGNMENT((#2697));
#2697 = SURFACE_STYLE_USAGE(.BOTH.,#2698);
#2698 = SURFACE_SIDE_STYLE('',(#2699));
#2699 = SURFACE_STYLE_FILL_AREA(#2700);
#2700 = FILL_AREA_STYLE('',(#2701));
#2701 = FILL_AREA_STYLE_COLOUR('',#2357);
#2702 = STYLED_ITEM('color',(#2703),#1936);
#2703 = PRESENTATION_STYLE_ASSIGNMENT((#2704));
#2704 = SURFACE_STYLE_USAGE(.BOTH.,#2705);
#2705 = SURFACE_SIDE_STYLE('',(#2706));
#2706 = SURFACE_STYLE_FILL_AREA(#2707);
#2707 = FILL_AREA_STYLE('',(#2708));
#2708 = FILL_AREA_STYLE_COLOUR('',#2357);
#2709 = STYLED_ITEM('color',(#2710),#1961);
#2710 = PRESENTATION_STYLE_ASSIGNMENT((#2711));
#2711 = SURFACE_STYLE_USAGE(.BOTH.,#2712);
#2712 = SURFACE_SIDE_STYLE('',(#2713));
#2713 = SURFACE_STYLE_FILL_AREA(#2714);
#2714 = FILL_AREA_STYLE('',(#2715));
#2715 = FILL_AREA_STYLE_COLOUR('',#2357);
#2716 = STYLED_ITEM('color',(#2717),#1985);
#2717 = PRESENTATION_STYLE_ASSIGNMENT((#2718));
#2718 = SURFACE_STYLE_USAGE(.BOTH.,#2719);
#2719 = SURFACE_SIDE_STYLE('',(#2720));
#2720 = SURFACE_STYLE_FILL_AREA(#2721);
#2721 = FILL_AREA_STYLE('',(#2722));
#2722 = FILL_AREA_STYLE_COLOUR('',#2357);
#2723 = STYLED_ITEM('color',(#2724),#2010);
#2724 = PRESENTATION_STYLE_ASSIGNMENT((#2725));
#2725 = SURFACE_STYLE_USAGE(.BOTH.,#2726);
#2726 = SURFACE_SIDE_STYLE('',(#2727));
#2727 = SURFACE_STYLE_FILL_AREA(#2728);
#2728 = FILL_AREA_STYLE('',(#2729));
#2729 = FILL_AREA_STYLE_COLOUR('',#2357);
#2730 = STYLED_ITEM('color',(#2731),#2034);
#2731 = PRESENTATION_STYLE_ASSIGNMENT((#2732));
#2732 = SURFACE_STYLE_USAGE(.BOTH.,#2733);
#2733 = SURFACE_SIDE_STYLE('',(#2734));
#2734 = SURFACE_STYLE_FILL_AREA(#2735);
#2735 = FILL_AREA_STYLE('',(#2736));
#2736 = FILL_AREA_STYLE_COLOUR('',#2357);
#2737 = STYLED_ITEM('color',(#2738),#2059);
#2738 = PRESENTATION_STYLE_ASSIGNMENT((#2739));
#2739 = SURFACE_STYLE_USAGE(.BOTH.,#2740);
#2740 = SURFACE_SIDE_STYLE('',(#2741));
#2741 = SURFACE_STYLE_FILL_AREA(#2742);
#2742 = FILL_AREA_STYLE('',(#2743));
#2743 = FILL_AREA_STYLE_COLOUR('',#2357);
#2744 = STYLED_ITEM('color',(#2745),#2083);
#2745 = PRESENTATION_STYLE_ASSIGNMENT((#2746));
#2746 = SURFACE_STYLE_USAGE(.BOTH.,#2747);
#2747 = SURFACE_SIDE_STYLE('',(#2748));
#2748 = SURFACE_STYLE_FILL_AREA(#2749);
#2749 = FILL_AREA_STYLE('',(#2750));
#2750 = FILL_AREA_STYLE_COLOUR('',#2357);
#2751 = STYLED_ITEM('color',(#2752),#2108);
#2752 = PRESENTATION_STYLE_ASSIGNMENT((#2753));
#2753 = SURFACE_STYLE_USAGE(.BOTH.,#2754);
#2754 = SURFACE_SIDE_STYLE('',(#2755));
#2755 = SURFACE_STYLE_FILL_AREA(#2756);
#2756 = FILL_AREA_STYLE('',(#2757));
#2757 = FILL_AREA_STYLE_COLOUR('',#2357);
#2758 = STYLED_ITEM('color',(#2759),#2125);
#2759 = PRESENTATION_STYLE_ASSIGNMENT((#2760));
#2760 = SURFACE_STYLE_USAGE(.BOTH.,#2761);
#2761 = SURFACE_SIDE_STYLE('',(#2762));
#2762 = SURFACE_STYLE_FILL_AREA(#2763);
#2763 = FILL_AREA_STYLE('',(#2764));
#2764 = FILL_AREA_STYLE_COLOUR('',#2357);
#2765 = STYLED_ITEM('color',(#2766),#2143);
#2766 = PRESENTATION_STYLE_ASSIGNMENT((#2767));
#2767 = SURFACE_STYLE_USAGE(.BOTH.,#2768);
#2768 = SURFACE_SIDE_STYLE('',(#2769));
#2769 = SURFACE_STYLE_FILL_AREA(#2770);
#2770 = FILL_AREA_STYLE('',(#2771));
#2771 = FILL_AREA_STYLE_COLOUR('',#2357);
#2772 = STYLED_ITEM('color',(#2773),#2161);
#2773 = PRESENTATION_STYLE_ASSIGNMENT((#2774));
#2774 = SURFACE_STYLE_USAGE(.BOTH.,#2775);
#2775 = SURFACE_SIDE_STYLE('',(#2776));
#2776 = SURFACE_STYLE_FILL_AREA(#2777);
#2777 = FILL_AREA_STYLE('',(#2778));
#2778 = FILL_AREA_STYLE_COLOUR('',#2357);
#2779 = STYLED_ITEM('color',(#2780),#2179);
#2780 = PRESENTATION_STYLE_ASSIGNMENT((#2781));
#2781 = SURFACE_STYLE_USAGE(.BOTH.,#2782);
#2782 = SURFACE_SIDE_STYLE('',(#2783));
#2783 = SURFACE_STYLE_FILL_AREA(#2784);
#2784 = FILL_AREA_STYLE('',(#2785));
#2785 = FILL_AREA_STYLE_COLOUR('',#2357);
#2786 = STYLED_ITEM('color',(#2787),#2197);
#2787 = PRESENTATION_STYLE_ASSIGNMENT((#2788));
#2788 = SURFACE_STYLE_USAGE(.BOTH.,#2789);
#2789 = SURFACE_SIDE_STYLE('',(#2790));
#2790 = SURFACE_STYLE_FILL_AREA(#2791);
#2791 = FILL_AREA_STYLE('',(#2792));
#2792 = FILL_AREA_STYLE_COLOUR('',#2357);
#2793 = STYLED_ITEM('color',(#2794),#2214);
#2794 = PRESENTATION_STYLE_ASSIGNMENT((#2795));
#2795 = SURFACE_STYLE_USAGE(.BOTH.,#2796);
#2796 = SURFACE_SIDE_STYLE('',(#2797));
#2797 = SURFACE_STYLE_FILL_AREA(#2798);
#2798 = FILL_AREA_STYLE('',(#2799));
#2799 = FILL_AREA_STYLE_COLOUR('',#2357);
#2800 = STYLED_ITEM('color',(#2801),#2227);
#2801 = PRESENTATION_STYLE_ASSIGNMENT((#2802));
#2802 = SURFACE_STYLE_USAGE(.BOTH.,#2803);
#2803 = SURFACE_SIDE_STYLE('',(#2804));
#2804 = SURFACE_STYLE_FILL_AREA(#2805);
#2805 = FILL_AREA_STYLE('',(#2806));
#2806 = FILL_AREA_STYLE_COLOUR('',#2357);
#2807 = STYLED_ITEM('color',(#2808),#2244);
#2808 = PRESENTATION_STYLE_ASSIGNMENT((#2809));
#2809 = SURFACE_STYLE_USAGE(.BOTH.,#2810);
#2810 = SURFACE_SIDE_STYLE('',(#2811));
#2811 = SURFACE_STYLE_FILL_AREA(#2812);
#2812 = FILL_AREA_STYLE('',(#2813));
#2813 = FILL_AREA_STYLE_COLOUR('',#2357);
#2814 = STYLED_ITEM('color',(#2815),#2257);
#2815 = PRESENTATION_STYLE_ASSIGNMENT((#2816));
#2816 = SURFACE_STYLE_USAGE(.BOTH.,#2817);
#2817 = SURFACE_SIDE_STYLE('',(#2818));
#2818 = SURFACE_STYLE_FILL_AREA(#2819);
#2819 = FILL_AREA_STYLE('',(#2820));
#2820 = FILL_AREA_STYLE_COLOUR('',#2357);
#2821 = STYLED_ITEM('color',(#2822),#2274);
#2822 = PRESENTATION_STYLE_ASSIGNMENT((#2823));
#2823 = SURFACE_STYLE_USAGE(.BOTH.,#2824);
#2824 = SURFACE_SIDE_STYLE('',(#2825));
#2825 = SURFACE_STYLE_FILL_AREA(#2826);
#2826 = FILL_AREA_STYLE('',(#2827));
#2827 = FILL_AREA_STYLE_COLOUR('',#2357);
#2828 = STYLED_ITEM('color',(#2829),#2287);
#2829 = PRESENTATION_STYLE_ASSIGNMENT((#2830));
#2830 = SURFACE_STYLE_USAGE(.BOTH.,#2831);
#2831 = SURFACE_SIDE_STYLE('',(#2832));
#2832 = SURFACE_STYLE_FILL_AREA(#2833);
#2833 = FILL_AREA_STYLE('',(#2834));
#2834 = FILL_AREA_STYLE_COLOUR('',#2357);
#2835 = STYLED_ITEM('color',(#2836),#2304);
#2836 = PRESENTATION_STYLE_ASSIGNMENT((#2837));
#2837 = SURFACE_STYLE_USAGE(.BOTH.,#2838);
#2838 = SURFACE_SIDE_STYLE('',(#2839));
#2839 = SURFACE_STYLE_FILL_AREA(#2840);
#2840 = FILL_AREA_STYLE('',(#2841));
#2841 = FILL_AREA_STYLE_COLOUR('',#2357);
#2842 = STYLED_ITEM('color',(#2843),#2317);
#2843 = PRESENTATION_STYLE_ASSIGNMENT((#2844));
#2844 = SURFACE_STYLE_USAGE(.BOTH.,#2845);
#2845 = SURFACE_SIDE_STYLE('',(#2846));
#2846 = SURFACE_STYLE_FILL_AREA(#2847);
#2847 = FILL_AREA_STYLE('',(#2848));
#2848 = FILL_AREA_STYLE_COLOUR('',#2357);
ENDSEC;
END-ISO-10303-21;
