#VRML V2.0 utf8
#kicad StepUp wrl exported

Shape { geometry IndexedFaceSet 
{ creaseAngle 0.50 coordIndex [0,1,2,-1,3,4,5,-1,6,7,8,-1,5,4,9,-1,10,7,6,-1,11,12,13,-1,1,14,2,-1,13,12,15,-1,16,12,11,-1,17,18,19,-1,10,20,7,-1,4,21,22,-1,3,21,4,-1,23,21,3,-1,24,20,10,-1,15,21,23,-1,15,20,24,-1,19,25,2,-1,12,21,15,-1,18,25,19,-1,15,23,20,-1,22,26,27,-1,21,26,22,-1,25,0,2,-1,28,29,30,-1,31,32,33,-1,30,34,35,-1,29,34,30,-1,35,36,14,-1,34,36,35,-1,32,37,33,-1,38,39,40,-1,41,39,38,-1,42,39,41,-1,43,44,45,-1,46,44,43,-1,47,44,46,-1,37,48,33,-1,14,49,2,-1,33,50,0,-1,36,49,14,-1,48,50,33,-1,51,52,42,-1,2,13,53,-1,42,52,39,-1,53,13,15,-1,49,13,2,-1,2,53,51,-1,51,53,52,-1,3,5,47,-1,47,5,44,-1,54,55,56,-1,57,58,59,-1,60,61,62,-1,63,58,57,-1,64,61,60,-1,56,65,11,-1,55,65,56,-1,5,9,63,-1,62,66,50,-1,61,66,62,-1,63,9,58,-1,50,1,0,-1,65,16,11,-1,66,1,50,-1]
coord Coordinate { point [2.19697 -2.1187 0.386732,2.25886 -2.11436 0.386732,2.17949 -2.10469 0.386732,2.19007 -2.01776 0.386732,2.2542 -2.01473 0.386732,2.2244 -2.00648 0.386732,2.17074 -2.04096 0.386732,2.17624 -2.03151 0.386732,2.17404 -2.03479 0.386732,2.2509 -2.01288 0.386732,2.16836 -2.0471 0.386732,2.28346 -2.06608 0.386732,2.27251 -2.03172 0.386732,2.28338 -2.06861 0.386732,2.26536 -2.10894 0.386732,2.16621 -2.05622 0.386732,2.27559 -2.03641 0.386732,2.18747 -2.11255 0.386732,2.18796 -2.11293 0.386732,2.1825 -2.10802 0.386732,2.18264 -2.02411 0.386732,2.26872 -2.02691 0.386732,2.26067 -2.01915 0.386732,2.18372 -2.02307 0.386732,2.16715 -2.05147 0.386732,2.19435 -2.11724 0.386732,2.26618 -2.02412 0.386732,2.26075 -2.01921 0.386732,2.27487 -2.0974 0.386732,2.2783 -2.09093 0.386732,2.27283 -2.10045 0.386732,2.20757 -2.12313 0.386732,2.20883 -2.12349 0.386732,2.20167 -2.12095 0.386732,2.28052 -2.08508 0.386732,2.26626 -2.10808 0.386732,2.28181 -2.08032 0.386732,2.21574 -2.12492 0.386732,2.16822 -2.08517 0.386732,2.16578 -2.0745 0.386732,2.16669 -2.07973 0.386732,2.1713 -2.09248 0.386732,2.17279 -2.09524 0.386732,2.2027 -2.01063 0.386732,2.21321 -2.00752 0.386732,2.21066 -2.00807 0.386732,2.19796 -2.01283 0.386732,2.19287 -2.01582 0.386732,2.21641 -2.12502 0.386732,2.28265 -2.07595 0.386732,2.2244 -2.12552 0.386732,2.17617 -2.10046 0.386732,2.16535 -2.06606 0.386732,2.16547 -2.06304 0.386732,2.28205 -2.05245 0.386732,2.28032 -2.0465 0.386732,2.28291 -2.05717 0.386732,2.23486 -2.0074 0.386732,2.24479 -2.01015 0.386732,2.24035 -2.00867 0.386732,2.23824 -2.12395 0.386732,2.25098 -2.11924 0.386732,2.23573 -2.12449 0.386732,2.23254 -2.00703 0.386732,2.24633 -2.12138 0.386732,2.2774 -2.03972 0.386732,2.25621 -2.11619 0.386732]
}}
appearance Appearance{material Material{diffuseColor 0.792157 0.819608 0.933333
transparency 0}}}
Shape { geometry IndexedFaceSet 
{ creaseAngle 0.50 coordIndex [0,1,2,-1,0,3,1,-1,0,4,5,-1,0,6,4,-1,0,7,6,-1,0,8,7,-1,0,9,8,-1,0,10,9,-1,0,11,10,-1,0,12,11,-1,0,13,12,-1,0,14,13,-1,0,15,14,-1,0,16,15,-1,0,17,16,-1,0,18,17,-1,0,19,18,-1,0,20,19,-1,0,21,20,-1,0,22,21,-1,0,23,22,-1,0,24,23,-1,0,25,24,-1,0,2,25,-1]
coord Coordinate { point [2.26861 -2.02776 0.019685,2.28174 -2.05279 0.019685,2.28346 -2.06693 0.019685,2.2767 -2.03948 0.019685,2.24535 -2.01171 0.019685,2.25795 -2.01832 0.019685,2.23152 -2.0083 0.019685,2.21729 -2.0083 0.019685,2.20346 -2.01171 0.019685,2.19086 -2.01832 0.019685,2.1802 -2.02776 0.019685,2.17211 -2.03948 0.019685,2.16707 -2.05279 0.019685,2.16535 -2.06693 0.019685,2.16707 -2.08106 0.019685,2.17211 -2.09437 0.019685,2.1802 -2.10609 0.019685,2.19086 -2.11553 0.019685,2.20346 -2.12214 0.019685,2.21729 -2.12555 0.019685,2.23152 -2.12555 0.019685,2.24535 -2.12214 0.019685,2.25795 -2.11553 0.019685,2.26861 -2.10609 0.019685,2.2767 -2.09437 0.019685,2.28174 -2.08106 0.019685]
}}
appearance Appearance{material Material{diffuseColor 1 1 1
transparency 0}}}
Shape { geometry IndexedFaceSet 
{ creaseAngle 0.50 coordIndex [0,1,2,-1,3,1,0,-1,4,3,0,-1,5,4,0,-1,6,7,8,-1,9,5,0,-1,10,9,0,-1,11,9,10,-1,12,13,7,-1,12,14,13,-1,15,9,11,-1,12,7,6,-1,16,9,15,-1,17,12,6,-1,18,6,19,-1,18,17,6,-1,20,18,19,-1,21,20,19,-1,22,19,23,-1,22,21,19,-1,24,22,23,-1,25,24,23,-1,26,23,27,-1,26,25,23,-1,28,26,27,-1,29,27,30,-1,29,28,27,-1,31,29,30,-1,32,30,33,-1,32,31,30,-1,34,32,33,-1,35,34,33,-1,36,35,33,-1,36,33,37,-1,38,36,37,-1,39,37,40,-1,39,38,37,-1,41,39,40,-1,42,41,40,-1,43,40,44,-1,43,42,40,-1,45,43,44,-1,46,44,47,-1,46,45,44,-1,48,46,47,-1,49,48,47,-1,50,49,47,-1,51,47,2,-1,51,50,47,-1,52,51,2,-1,1,52,2,-1]
coord Coordinate { point [2.21027 -2.12426 0.374015,2.20167 -2.12095 0.386732,2.19696 -2.11922 0.374015,2.20757 -2.12313 0.386732,2.20883 -2.12349 0.386732,2.21574 -2.12492 0.386732,2.21027 -2.00959 0.374015,2.22441 -2.00772 0.378284,2.2244 -2.00787 0.374015,2.21641 -2.12502 0.386732,2.2244 -2.12598 0.374015,2.22441 -2.12593 0.378257,2.21321 -2.00752 0.386732,2.22441 -2.00725 0.38253,2.2244 -2.00648 0.386732,2.22441 -2.12578 0.382497,2.2244 -2.12552 0.386732,2.21066 -2.00807 0.386732,2.2027 -2.01063 0.386732,2.19696 -2.01463 0.374015,2.19796 -2.01283 0.386732,2.19287 -2.01582 0.386732,2.19007 -2.01776 0.386732,2.18524 -2.02272 0.374015,2.18372 -2.02307 0.386732,2.18264 -2.02411 0.386732,2.17624 -2.03151 0.386732,2.1758 -2.03338 0.374015,2.17404 -2.03479 0.386732,2.17074 -2.04096 0.386732,2.16919 -2.04598 0.374015,2.16836 -2.0471 0.386732,2.16715 -2.05147 0.386732,2.16578 -2.05981 0.374015,2.16621 -2.05622 0.386732,2.16547 -2.06304 0.386732,2.16535 -2.06606 0.386732,2.16578 -2.07404 0.374015,2.16578 -2.0745 0.386732,2.16669 -2.07973 0.386732,2.16919 -2.08787 0.374015,2.16822 -2.08517 0.386732,2.1713 -2.09248 0.386732,2.17279 -2.09524 0.386732,2.1758 -2.10047 0.374015,2.17617 -2.10046 0.386732,2.17949 -2.10469 0.386732,2.18524 -2.11113 0.374015,2.1825 -2.10802 0.386732,2.18747 -2.11255 0.386732,2.18796 -2.11293 0.386732,2.19435 -2.11724 0.386732,2.19697 -2.1187 0.386732]
}}
appearance Appearance{material Material{diffuseColor 0.792157 0.819608 0.933333
transparency 0}}}
Shape { geometry IndexedFaceSet 
{ creaseAngle 0.50 coordIndex [0,1,2,-1,0,3,1,-1,4,2,5,-1,4,0,2,-1,6,7,8,-1,6,9,7,-1,10,5,11,-1,10,4,5,-1,12,8,13,-1,12,6,8,-1,14,11,15,-1,14,10,11,-1,16,13,17,-1,16,12,13,-1,18,15,19,-1,18,14,15,-1,20,17,21,-1,20,16,17,-1,22,19,23,-1,22,18,19,-1,24,21,25,-1,26,23,7,-1,24,20,21,-1,26,22,23,-1,9,26,7,-1,27,25,28,-1,27,24,25,-1,29,28,30,-1,29,27,28,-1,31,30,32,-1,31,29,30,-1,33,32,34,-1,33,31,32,-1,35,34,36,-1,35,33,34,-1,37,35,36,-1,37,36,38,-1,39,37,38,-1,39,38,40,-1,41,39,40,-1,41,40,42,-1,43,42,44,-1,43,41,42,-1,45,44,46,-1,45,43,44,-1,47,46,48,-1,47,45,46,-1,49,48,50,-1,49,47,48,-1,51,50,52,-1,51,49,50,-1,3,52,1,-1,3,51,52,-1]
coord Coordinate { point [2.2244 -2.12598 0.374015,2.21729 -2.12555 0.019685,2.23152 -2.12555 0.019685,2.21027 -2.12426 0.374015,2.23755 -2.1245 0.374015,2.24535 -2.12214 0.019685,2.28198 -2.05378 0.374015,2.28346 -2.06693 0.019685,2.28174 -2.05279 0.019685,2.28346 -2.06693 0.374015,2.25003 -2.12013 0.374015,2.25795 -2.11553 0.019685,2.27761 -2.0413 0.374015,2.2767 -2.03948 0.019685,2.26123 -2.1131 0.374015,2.26861 -2.10609 0.019685,2.27058 -2.0301 0.374015,2.26861 -2.02776 0.019685,2.27058 -2.10375 0.374015,2.2767 -2.09437 0.019685,2.26123 -2.02075 0.374015,2.25795 -2.01832 0.019685,2.27761 -2.09255 0.374015,2.28174 -2.08106 0.019685,2.25003 -2.01372 0.374015,2.24535 -2.01171 0.019685,2.28198 -2.08007 0.374015,2.23755 -2.00935 0.374015,2.23152 -2.0083 0.019685,2.2244 -2.00787 0.374015,2.21729 -2.0083 0.019685,2.21027 -2.00959 0.374015,2.20346 -2.01171 0.019685,2.19696 -2.01463 0.374015,2.19086 -2.01832 0.019685,2.18524 -2.02272 0.374015,2.1802 -2.02776 0.019685,2.1758 -2.03338 0.374015,2.17211 -2.03948 0.019685,2.16919 -2.04598 0.374015,2.16707 -2.05279 0.019685,2.16578 -2.05981 0.374015,2.16535 -2.06693 0.019685,2.16578 -2.07404 0.374015,2.16707 -2.08106 0.019685,2.16919 -2.08787 0.374015,2.17211 -2.09437 0.019685,2.1758 -2.10047 0.374015,2.1802 -2.10609 0.019685,2.18524 -2.11113 0.374015,2.19086 -2.11553 0.019685,2.19696 -2.11922 0.374015,2.20346 -2.12214 0.019685]
}}
appearance Appearance{material Material{diffuseColor 1 1 1
transparency 0}}}
Shape { geometry IndexedFaceSet 
{ creaseAngle 0.50 coordIndex [0,1,2,-1,3,2,4,-1,3,0,2,-1,5,3,4,-1,6,4,7,-1,8,9,10,-1,11,5,4,-1,12,13,9,-1,12,14,13,-1,12,9,8,-1,15,4,6,-1,15,11,4,-1,16,12,8,-1,17,15,6,-1,18,8,19,-1,20,15,17,-1,18,16,8,-1,21,18,19,-1,22,19,23,-1,22,21,19,-1,24,22,23,-1,25,24,23,-1,26,23,27,-1,26,25,23,-1,28,26,27,-1,29,27,30,-1,29,28,27,-1,31,29,30,-1,32,30,33,-1,32,31,30,-1,34,32,33,-1,35,34,33,-1,35,33,36,-1,37,35,36,-1,38,37,36,-1,39,36,40,-1,39,38,36,-1,41,39,40,-1,42,40,43,-1,42,41,40,-1,44,42,43,-1,45,43,46,-1,45,44,43,-1,47,45,46,-1,48,46,49,-1,48,47,46,-1,50,48,49,-1,51,50,49,-1,52,51,49,-1,1,49,2,-1,1,52,49,-1]
coord Coordinate { point [2.2509 -2.01288 0.386732,2.2542 -2.01473 0.386732,2.25003 -2.01372 0.374015,2.24479 -2.01015 0.386732,2.23755 -2.00935 0.374015,2.24035 -2.00867 0.386732,2.22441 -2.00772 0.378284,2.2244 -2.00787 0.374015,2.23755 -2.1245 0.374015,2.22441 -2.12593 0.378257,2.2244 -2.12598 0.374015,2.23486 -2.0074 0.386732,2.23573 -2.12449 0.386732,2.22441 -2.12578 0.382497,2.2244 -2.12552 0.386732,2.23254 -2.00703 0.386732,2.23824 -2.12395 0.386732,2.22441 -2.00725 0.38253,2.24633 -2.12138 0.386732,2.25003 -2.12013 0.374015,2.2244 -2.00648 0.386732,2.25098 -2.11924 0.386732,2.25621 -2.11619 0.386732,2.26123 -2.1131 0.374015,2.25886 -2.11436 0.386732,2.26536 -2.10894 0.386732,2.26626 -2.10808 0.386732,2.27058 -2.10375 0.374015,2.27283 -2.10045 0.386732,2.27487 -2.0974 0.386732,2.27761 -2.09255 0.374015,2.2783 -2.09093 0.386732,2.28052 -2.08508 0.386732,2.28198 -2.08007 0.374015,2.28181 -2.08032 0.386732,2.28265 -2.07595 0.386732,2.28346 -2.06693 0.374015,2.28338 -2.06861 0.386732,2.28346 -2.06608 0.386732,2.28291 -2.05717 0.386732,2.28198 -2.05378 0.374015,2.28205 -2.05245 0.386732,2.28032 -2.0465 0.386732,2.27761 -2.0413 0.374015,2.2774 -2.03972 0.386732,2.27559 -2.03641 0.386732,2.27058 -2.0301 0.374015,2.27251 -2.03172 0.386732,2.26872 -2.02691 0.386732,2.26123 -2.02075 0.374015,2.26618 -2.02412 0.386732,2.26075 -2.01921 0.386732,2.26067 -2.01915 0.386732]
}}
appearance Appearance{material Material{diffuseColor 0.792157 0.819608 0.933333
transparency 0}}}
Shape { geometry IndexedFaceSet 
{ creaseAngle 0.50 coordIndex [0,1,2,-1,0,3,1,-1,4,5,6,-1,7,4,6,-1,8,9,10,-1,11,12,13,-1,11,13,14,-1,15,12,11,-1,16,14,17,-1,16,11,14,-1,18,16,17,-1,19,20,12,-1,19,21,20,-1,19,12,15,-1,22,15,11,-1,22,11,16,-1,23,17,24,-1,23,18,17,-1,25,22,16,-1,25,16,18,-1,26,9,21,-1,26,21,19,-1,26,19,15,-1,26,15,22,-1,1,24,2,-1,1,3,27,-1,1,23,24,-1,28,27,29,-1,28,29,25,-1,28,25,18,-1,28,18,23,-1,28,1,27,-1,28,23,1,-1,30,29,31,-1,30,31,10,-1,30,25,29,-1,30,22,25,-1,30,9,26,-1,30,26,22,-1,30,10,9,-1,0,2,6,-1,0,5,3,-1,0,6,5,-1]
coord Coordinate { point [-2.30146 1.61445 0.51005,-2.30597 1.6166 0.506142,-2.30937 1.60986 0.512236,-2.29712 1.61762 0.506366,-2.29715 1.60709 0.516569,-2.29709 1.61172 0.513143,-2.30349 1.60552 0.517163,-2.29729 1.60016 0.520428,-2.29729 1.62164 0.469061,-2.30345 1.62118 0.46925,-2.29723 1.62348 0.475863,-2.32272 1.61515 0.481331,-2.32513 1.61097 0.473438,-2.32443 1.61365 0.481808,-2.32237 1.61491 0.490288,-2.32035 1.61672 0.478887,-2.3189 1.61768 0.48938,-2.31906 1.61467 0.498453,-2.31468 1.61842 0.496054,-2.31862 1.61721 0.475511,-2.31785 1.61625 0.471272,-2.30945 1.61983 0.469805,-2.31428 1.62073 0.484624,-2.31042 1.61797 0.501463,-2.31465 1.61296 0.505893,-2.30833 1.6226 0.489523,-2.31091 1.62167 0.478055,-2.29731 1.62231 0.497239,-2.30278 1.623 0.493603,-2.29726 1.62443 0.48817,-2.3037 1.6239 0.480502,-2.29721 1.62455 0.482748]
}}
appearance Appearance{material Material{diffuseColor 1 0.807843 0.498039
transparency 0}}}
Shape { geometry IndexedFaceSet 
{ creaseAngle 0.50 coordIndex [0,1,2,-1,3,4,5,-1,3,6,4,-1,3,2,6,-1,3,0,2,-1,7,8,9,-1,7,5,8,-1,7,3,5,-1,10,11,12,-1,10,9,11,-1,10,7,9,-1,13,14,15,-1,13,12,14,-1,13,10,12,-1,16,15,17,-1,16,13,15,-1,18,17,19,-1,18,16,17,-1,20,19,21,-1,20,18,19,-1]
coord Coordinate { point [-0.938922 0.91799 0.393739,-0.936708 0.857113 0.379074,-0.931982 0.85717 0.378838,-0.931219 0.91835 0.39302,-0.92749 0.85734 0.378132,-0.923247 0.857622 0.376962,-0.929714 0.857241 0.378545,-0.923815 0.919049 0.390849,-0.920419 0.857885 0.375867,-0.915873 0.85846 0.373483,-0.91571 0.920284 0.386481,-0.913352 0.858872 0.371773,-0.908654 0.85986 0.36767,-0.908904 0.921891 0.380372,-0.906455 0.860438 0.365272,-0.904489 0.861033 0.362802,-0.9038 0.923778 0.372845,-0.901256 0.862275 0.357646,-0.900618 0.925826 0.36436,-0.898154 0.864268 0.34937,-0.899552 0.927917 0.355375,-0.897149 0.866419 0.340446]
}}
appearance Appearance{material Material{diffuseColor 1 0.807843 0.498039
transparency 0}}}
Shape { geometry IndexedFaceSet 
{ creaseAngle 0.50 coordIndex [0,1,2,-1,2,3,4,-1,1,3,2,-1]
coord Coordinate { point [-1.90593 0.870946 0.321663,-1.91676 0.572609 0.249798,-1.906 0.866418 0.340446,-1.91703 0.558782 0.30721,-1.90617 0.857114 0.379074]
}}
appearance Appearance{material Material{diffuseColor 0.792157 0.819608 0.933333
transparency 0}}}
Shape { geometry IndexedFaceSet 
{ creaseAngle 0.50 coordIndex [0,1,2,-1,0,2,3,-1,4,3,5,-1,4,0,3,-1,6,5,7,-1,6,4,5,-1,8,7,9,-1,8,6,7,-1,10,9,11,-1,10,8,9,-1,12,11,13,-1,12,10,11,-1,14,13,15,-1,14,12,13,-1,16,14,15,-1]
coord Coordinate { point [0.728044 1.62118 0.46925,0.734198 1.62164 0.469061,0.734198 1.61417 0.450849,0.726697 1.6135 0.451123,0.722045 1.61983 0.469805,0.719397 1.6115 0.451944,0.713638 1.61625 0.471272,0.71124 1.60734 0.453651,0.706359 1.61097 0.473438,0.70417 1.6013 0.456127,0.701463 1.60545 0.475702,0.698984 1.59404 0.45911,0.697825 1.59916 0.478286,0.695869 1.58605 0.462384,0.695584 1.59232 0.481089,0.694828 1.57775 0.465792,0.694828 1.58522 0.484004]
}}
appearance Appearance{material Material{diffuseColor 1 0.807843 0.498039
transparency 0}}}
Shape { geometry IndexedFaceSet 
{ creaseAngle 0.50 coordIndex [0,1,2,-1,3,1,4,-1,2,1,3,-1,4,5,6,-1,1,5,4,-1,6,7,8,-1,5,7,6,-1,7,9,8,-1]
coord Coordinate { point [1.80287 -0.129641 0.688975,1.79797 -0.123675 0.688975,1.80287 -0.129641 0.74803,1.79797 -0.123675 0.74803,1.79433 -0.116869 0.74803,1.79433 -0.116869 0.688975,1.79209 -0.109483 0.74803,1.79209 -0.109483 0.688975,1.79133 -0.101802 0.74803,1.79133 -0.101802 0.688975]
}}
appearance Appearance{material Material{diffuseColor 1 1 1
transparency 0}}}
Shape { geometry IndexedFaceSet 
{ creaseAngle 0.50 coordIndex [0,1,2,-1,3,0,2,-1,4,5,6,-1,7,6,0,-1,7,0,3,-1,7,4,6,-1,8,3,9,-1,8,7,3,-1,10,9,11,-1,10,8,9,-1,12,11,13,-1,12,10,11,-1,14,13,15,-1,14,12,13,-1,16,15,17,-1,16,14,15,-1]
coord Coordinate { point [-2.29729 1.23489 0.471992,-2.29729 1.24514 0.476845,-2.30605 1.2456 0.475971,-2.31437 1.24695 0.473392,-2.30605 1.2136 0.463933,-2.29729 1.21337 0.464892,-2.29729 1.22428 0.467999,-2.31437 1.21428 0.461102,-2.32184 1.21538 0.456542,-2.32184 1.24913 0.469239,-2.32807 1.21684 0.450481,-2.32807 1.25203 0.46372,-2.33276 1.21859 0.443224,-2.33276 1.2555 0.45711,-2.33568 1.22054 0.435134,-2.33568 1.25936 0.449742,-2.33666 1.22259 0.426617,-2.33666 1.26343 0.441985]
}}
appearance Appearance{material Material{diffuseColor 1 0.807843 0.498039
transparency 0}}}
Shape { geometry IndexedFaceSet 
{ creaseAngle 0.50 coordIndex [0,1,2,-1,0,3,1,-1,4,5,6,-1,4,6,7,-1,8,9,10,-1,8,10,11,-1,12,9,8,-1,12,11,3,-1,12,8,11,-1,13,2,14,-1,13,0,2,-1,15,16,17,-1,15,18,16,-1,15,19,18,-1,15,7,19,-1,15,4,7,-1,20,14,5,-1,20,13,14,-1,21,22,9,-1,21,3,0,-1,21,9,12,-1,21,12,3,-1,23,22,21,-1,23,21,0,-1,23,0,13,-1,24,5,4,-1,24,20,5,-1,25,24,4,-1,25,15,17,-1,25,4,15,-1,26,22,23,-1,26,27,22,-1,26,23,13,-1,26,13,20,-1,28,25,17,-1,29,27,26,-1,29,20,24,-1,30,31,32,-1,29,26,20,-1,33,28,17,-1,34,10,35,-1,36,17,37,-1,36,33,17,-1,38,39,27,-1,40,35,41,-1,38,24,25,-1,40,34,35,-1,38,27,29,-1,38,29,24,-1,42,25,28,-1,42,39,38,-1,42,38,25,-1,43,10,34,-1,44,28,33,-1,1,34,40,-1,44,39,42,-1,44,42,28,-1,45,46,39,-1,1,43,34,-1,45,33,36,-1,45,44,33,-1,45,39,44,-1,47,40,41,-1,48,41,49,-1,50,36,37,-1,50,46,45,-1,50,45,36,-1,51,37,52,-1,48,47,41,-1,51,46,50,-1,51,50,37,-1,53,31,46,-1,2,40,47,-1,53,51,52,-1,53,46,51,-1,2,1,40,-1,54,52,32,-1,54,31,53,-1,54,32,31,-1,54,53,52,-1,6,48,49,-1,14,47,48,-1,14,2,47,-1,11,10,43,-1,3,11,43,-1,3,43,1,-1,7,49,55,-1,7,6,49,-1,5,48,6,-1,5,14,48,-1,19,55,18,-1,19,7,55,-1]
coord Coordinate { point [0.70297 1.60881 0.488264,0.701712 1.60706 0.479828,0.699286 1.6034 0.484776,0.703854 1.61021 0.481856,0.697456 1.59621 0.492906,0.697705 1.59848 0.490512,0.696162 1.59511 0.486347,0.695723 1.59242 0.488232,0.705985 1.61251 0.480991,0.707057 1.61365 0.481808,0.706359 1.61097 0.473438,0.704086 1.61038 0.480789,0.70602 1.61265 0.482087,0.702871 1.6082 0.490382,0.698694 1.60206 0.486428,0.697527 1.59306 0.495998,0.69786 1.59093 0.497929,0.702361 1.594 0.505407,0.695605 1.58813 0.491103,0.695563 1.58876 0.490697,0.703055 1.60634 0.495575,0.706696 1.613 0.488661,0.709116 1.61491 0.490288,0.707095 1.61295 0.490832,0.703459 1.60503 0.498588,0.704336 1.60306 0.502442,0.708463 1.61242 0.496151,0.712432 1.61467 0.498453,0.705114 1.60165 0.504843,0.709528 1.61185 0.499235,0.734198 1.60016 0.520428,0.728003 1.60552 0.517163,0.725017 1.59974 0.519398,0.705588 1.60087 0.506063,0.701665 1.60643 0.477549,0.701463 1.60545 0.475702,0.706468 1.59952 0.508014,0.708631 1.59658 0.511697,0.711219 1.6108 0.503175,0.71684 1.61296 0.505893,0.701093 1.60571 0.47816,0.697825 1.59916 0.478286,0.712485 1.60994 0.505628,0.702208 1.60762 0.479011,0.713199 1.60943 0.506874,0.714453 1.6085 0.508865,0.722119 1.60986 0.512236,0.698222 1.60107 0.481908,0.697488 1.59942 0.483175,0.695584 1.59232 0.481089,0.717275 1.60631 0.512621,0.717923 1.60578 0.513366,0.716338 1.59852 0.516428,0.720849 1.60336 0.516295,0.723462 1.60111 0.518386,0.694828 1.58522 0.484004]
}}
appearance Appearance{material Material{diffuseColor 1 0.807843 0.498039
transparency 0}}}
Shape { geometry IndexedFaceSet 
{ creaseAngle 0.50 coordIndex [0,1,2,-1,0,3,4,-1,0,4,1,-1,5,6,7,-1,5,7,8,-1,9,10,11,-1,9,2,10,-1,12,11,6,-1,12,9,11,-1,13,8,14,-1,13,5,8,-1,15,16,3,-1,15,3,0,-1,15,0,2,-1,15,2,9,-1,17,16,15,-1,17,9,12,-1,17,15,9,-1,18,19,20,-1,18,14,19,-1,18,13,14,-1,21,6,5,-1,21,12,6,-1,22,18,20,-1,23,21,5,-1,23,5,13,-1,24,20,25,-1,24,22,20,-1,26,27,16,-1,26,12,21,-1,26,16,17,-1,26,17,12,-1,28,13,18,-1,28,23,13,-1,29,30,31,-1,32,26,21,-1,32,21,23,-1,32,27,26,-1,33,34,35,-1,36,18,22,-1,36,28,18,-1,37,35,38,-1,39,22,24,-1,37,33,35,-1,39,36,22,-1,40,41,27,-1,40,27,32,-1,40,32,23,-1,42,37,38,-1,40,23,28,-1,7,38,43,-1,44,41,40,-1,44,28,36,-1,7,42,38,-1,44,40,28,-1,45,24,25,-1,45,25,46,-1,47,34,33,-1,45,39,24,-1,48,36,39,-1,10,33,37,-1,48,41,44,-1,48,44,36,-1,10,47,33,-1,49,45,46,-1,50,51,41,-1,50,41,48,-1,50,39,45,-1,8,7,43,-1,50,48,39,-1,52,46,53,-1,52,49,46,-1,1,34,47,-1,54,51,50,-1,54,45,49,-1,54,50,45,-1,11,37,42,-1,11,10,37,-1,55,51,54,-1,14,43,56,-1,55,49,52,-1,55,54,49,-1,14,8,43,-1,57,30,51,-1,57,53,58,-1,57,51,55,-1,57,52,53,-1,2,1,47,-1,57,55,52,-1,2,47,10,-1,59,30,57,-1,59,57,58,-1,60,58,31,-1,60,31,30,-1,6,42,7,-1,60,59,58,-1,6,11,42,-1,60,30,59,-1,4,3,34,-1,4,34,1,-1,19,56,61,-1,19,61,20,-1,19,14,56,-1]
coord Coordinate { point [-2.21215 1.61467 0.481225,-2.21284 1.61505 0.479474,-2.21329 1.61554 0.480356,-2.21099 1.61365 0.481808,-2.21184 1.61428 0.480236,-2.2253 1.62236 0.486381,-2.22111 1.62071 0.483202,-2.22435 1.62117 0.475769,-2.22946 1.62295 0.476863,-2.21637 1.61798 0.485685,-2.21512 1.61663 0.478173,-2.21952 1.61985 0.481931,-2.21753 1.61859 0.487458,-2.22794 1.62301 0.48827,-2.23261 1.62367 0.477589,-2.2144 1.61647 0.487178,-2.21305 1.61491 0.490288,-2.21531 1.61688 0.489151,-2.23158 1.62345 0.49074,-2.23687 1.6242 0.478626,-2.2382 1.62446 0.487282,-2.22072 1.61965 0.491831,-2.23274 1.62349 0.491501,-2.22281 1.61997 0.494387,-2.23529 1.62341 0.493124,-2.23813 1.62305 0.494851,-2.21788 1.61746 0.493999,-2.21637 1.61467 0.498453,-2.22575 1.62 0.497677,-2.23813 1.60016 0.520428,-2.23194 1.60552 0.517163,-2.23835 1.60873 0.51513,-2.21961 1.61751 0.49682,-2.21591 1.61621 0.474218,-2.21029 1.61097 0.473438,-2.21626 1.6155 0.471579,-2.22671 1.61992 0.498678,-2.21679 1.61686 0.474361,-2.22307 1.61887 0.470198,-2.22885 1.6196 0.500795,-2.22213 1.61722 0.500436,-2.22077 1.61296 0.505893,-2.22238 1.62025 0.475375,-2.23045 1.62094 0.469348,-2.22296 1.61704 0.501533,-2.23128 1.619 0.503017,-2.23818 1.62024 0.502052,-2.21445 1.616 0.47756,-2.22485 1.61652 0.503846,-2.23457 1.61784 0.505754,-2.22702 1.61573 0.506264,-2.22605 1.60986 0.512236,-2.23536 1.61751 0.506361,-2.23835 1.61605 0.508532,-2.23002 1.61434 0.509224,-2.23074 1.61396 0.509876,-2.23813 1.62164 0.469061,-2.23353 1.61233 0.512181,-2.23839 1.61282 0.511895,-2.23578 1.61084 0.513805,-2.23701 1.60996 0.51461,-2.23821 1.62428 0.478965]
}}
appearance Appearance{material Material{diffuseColor 1 0.807843 0.498039
transparency 0}}}
Shape { geometry IndexedFaceSet 
{ creaseAngle 0.50 coordIndex [0,1,2,-1,3,0,2,-1]
coord Coordinate { point [2.12598 2.87401 0.216535,1.69291 2.87401 0.216535,1.69291 2.95275 0.216535,2.12598 2.95275 0.216535]
}}
appearance Appearance{material Material{diffuseColor 0.411765 0.411765 0.411765
transparency 0}}}
Shape { geometry IndexedFaceSet 
{ creaseAngle 0.50 coordIndex [0,1,2,-1,0,3,1,-1,4,5,6,-1,7,2,5,-1,7,0,2,-1,8,7,5,-1,8,5,4,-1,9,8,4,-1,10,4,11,-1,10,9,4,-1,12,11,13,-1,12,10,11,-1,14,13,15,-1,14,12,13,-1,16,15,17,-1,16,17,18,-1,16,14,15,-1]
coord Coordinate { point [0.224483 2.73582 0.590588,0.232117 2.73056 0.531766,0.216281 2.72894 0.531926,0.232399 2.73621 0.59055,0.186338 2.71653 0.539369,0.201088 2.7242 0.532383,0.187157 2.71653 0.533115,0.21637 2.73457 0.590708,0.20103 2.72973 0.591174,0.186508 2.72153 0.591962,0.173883 2.71028 0.593044,0.17257 2.70377 0.539006,0.164036 2.69673 0.594347,0.162149 2.68814 0.538904,0.156933 2.6802 0.595935,0.156295 2.67323 0.538955,0.153756 2.66173 0.597711,0.153555 2.65747 0.539073,0.153473 2.65608 0.538928]
}}
appearance Appearance{material Material{diffuseColor 1 1 1
transparency 0}}}
Shape { geometry IndexedFaceSet 
{ creaseAngle 0.50 coordIndex [0,1,2,-1,2,3,4,-1,4,3,5,-1,5,3,6,-1,1,3,2,-1]
coord Coordinate { point [-1.8071 2.65747 0.539062,-1.6437 2.65747 0.539369,-1.81064 2.6759 0.538931,-1.6437 2.71653 0.539369,-1.8184 2.69301 0.538907,-1.82795 2.70586 0.539039,-1.83988 2.71653 0.539369]
}}
appearance Appearance{material Material{diffuseColor 1 1 1
transparency 0}}}
Shape { geometry IndexedFaceSet 
{ creaseAngle 0.50 coordIndex [0,1,2,-1,3,4,5,-1,6,4,7,-1,7,4,8,-1,8,4,9,-1,9,4,10,-1,10,4,11,-1,11,4,3,-1,5,12,0,-1,0,12,1,-1,4,12,5,-1]
coord Coordinate { point [-1.8071 2.65747 0.539062,-1.6437 2.65747 0.263779,-1.6437 2.65747 0.539369,-2.1063 2.65748 0.539369,-2.18504 2.65747 0.460629,-2.09053 2.65747 0.539073,-2.18306 2.65748 0.47815,-2.17724 2.65748 0.494793,-2.16786 2.65748 0.509723,-2.15539 2.65748 0.52219,-2.14046 2.65748 0.531571,-2.12382 2.65748 0.537395,-2.18504 2.65747 0.263779]
}}
appearance Appearance{material Material{diffuseColor 1 1 1
transparency 0}}}
Shape { geometry IndexedFaceSet 
{ creaseAngle 0.50 coordIndex [0,1,2,-1,0,2,3,-1,4,3,5,-1,4,0,3,-1,6,5,7,-1,6,4,5,-1,8,7,9,-1,8,6,7,-1,10,9,11,-1,10,8,9,-1,12,11,13,-1,12,10,11,-1,14,13,15,-1,14,12,13,-1]
coord Coordinate { point [-2.30605 1.52356 0.550788,-2.29729 1.52394 0.551701,-2.29729 1.60016 0.520428,-2.30647 1.59974 0.519398,-2.31437 1.52246 0.548094,-2.31515 1.59852 0.516428,-2.32184 1.52068 0.543755,-2.32286 1.59658 0.511697,-2.32807 1.51831 0.537987,-2.32913 1.594 0.505407,-2.33276 1.51548 0.531081,-2.33363 1.59093 0.497929,-2.33568 1.51232 0.523382,-2.33589 1.58813 0.491103,-2.33666 1.50899 0.515277,-2.33666 1.58522 0.484004]
}}
appearance Appearance{material Material{diffuseColor 1 0.807843 0.498039
transparency 0}}}
Shape { geometry IndexedFaceSet 
{ creaseAngle 0.50 coordIndex [0,1,2,-1,2,1,3,-1,3,1,4,-1,4,5,6,-1,6,5,7,-1,1,5,4,-1,1,8,5,-1,9,10,11,-1,11,10,12,-1,12,10,13,-1,13,10,14,-1,14,10,15,-1,15,10,8,-1,8,10,5,-1,5,16,17,-1,10,16,5,-1]
coord Coordinate { point [-2.79527 0.675834 0.301668,-2.79527 0.688975 0.303149,-2.79527 0.663352 0.297301,-2.79527 0.652155 0.290265,-2.79527 0.642804 0.280914,-2.79527 0.62992 0.244094,-2.79527 0.635768 0.269717,-2.79527 0.631401 0.257235,-2.79527 0.846455 0.303149,-2.79527 0.904029 0.257235,-2.79527 0.90551 0.244094,-2.79527 0.899662 0.269717,-2.79527 0.892626 0.280914,-2.79527 0.883275 0.290265,-2.79527 0.872078 0.297301,-2.79527 0.859596 0.301668,-2.79527 0.90551 0.019685,-2.79527 0.62992 0.019685]
}}
appearance Appearance{material Material{diffuseColor 0.411765 0.411765 0.411765
transparency 0}}}
Shape { geometry IndexedFaceSet 
{ creaseAngle 0.50 coordIndex [0,1,2,-1,3,4,5,-1,6,4,3,-1,7,4,6,-1,8,4,7,-1,9,4,8,-1,10,4,9,-1,1,4,10,-1,0,4,1,-1]
coord Coordinate { point [1.01968 -0.137795 0.120078,0.901573 1.75196 0.120078,0.901573 -0.137795 0.120078,0.840354 1.82873 0.120078,1.01968 1.8307 0.120078,0.822833 1.8307 0.120078,0.856997 1.82291 0.120078,0.871927 1.81353 0.120078,0.884394 1.80106 0.120078,0.893775 1.78613 0.120078,0.899599 1.76949 0.120078]
}}
appearance Appearance{material Material{diffuseColor 0.411765 0.411765 0.411765
transparency 0}}}
Shape { geometry IndexedFaceSet 
{ creaseAngle 0.50 coordIndex [0,1,2,-1,0,3,1,-1,4,2,5,-1,4,0,2,-1,6,5,7,-1,6,4,5,-1,8,7,9,-1,8,6,7,-1,10,9,11,-1,10,8,9,-1]
coord Coordinate { point [2.5 0.291285 0.433854,1.90944 0.257703 0.434089,1.90945 0.291285 0.433854,2.5 0.257703 0.434089,2.5 0.324153 0.440745,1.90945 0.324153 0.440745,2.5 0.354813 0.454448,1.90945 0.354813 0.454448,2.5 0.38187 0.474341,1.90944 0.38187 0.474341,2.49925 0.389604 0.481919,1.91019 0.389604 0.481919]
}}
appearance Appearance{material Material{diffuseColor 1 1 1
transparency 0}}}
Shape { geometry IndexedFaceSet 
{ creaseAngle 0.50 coordIndex [0,1,2,-1,1,3,2,-1]
coord Coordinate { point [-0.023622 -1.41732 0.059055,-0.181102 -1.41732 0.059055,-0.023622 -1.41732 0.03937,-0.181102 -1.41732 0.03937]
}}
appearance Appearance{material Material{diffuseColor 1 0.807843 0.498039
transparency 0}}}
Shape { geometry IndexedFaceSet 
{ creaseAngle 0.50 coordIndex [0,1,2,-1,3,2,4,-1,3,0,2,-1,5,4,6,-1,5,3,4,-1,7,6,8,-1,7,5,6,-1,9,8,10,-1,9,7,8,-1,11,10,12,-1,11,9,10,-1,13,12,14,-1,13,11,12,-1,15,13,14,-1]
coord Coordinate { point [-2.29951 0.857113 0.379074,-2.29729 0.917989 0.393739,-2.30498 0.918255 0.393001,-2.30723 0.857393 0.378333,-2.31236 0.918868 0.390822,-2.31465 0.858012 0.376135,-2.32045 0.920025 0.38646,-2.32276 0.859153 0.371729,-2.32725 0.921597 0.380373,-2.32958 0.860667 0.365576,-2.33236 0.923506 0.372888,-2.33468 0.862461 0.358004,-2.33557 0.925642 0.364458,-2.33785 0.864416 0.349473,-2.33666 0.927896 0.355543,-2.33907 0.866418 0.340446]
}}
appearance Appearance{material Material{diffuseColor 1 0.807843 0.498039
transparency 0}}}
Shape { geometry IndexedFaceSet 
{ creaseAngle 0.50 coordIndex [0,1,2,-1,3,2,1,-1,4,0,2,-1,5,2,3,-1,6,4,2,-1,7,2,5,-1,2,8,6,-1]
coord Coordinate { point [-2.32276 0.859153 0.371729,-2.32958 0.860667 0.365576,-2.33924 0.857114 0.379074,-2.33468 0.862461 0.358004,-2.31465 0.858012 0.376135,-2.33785 0.864416 0.349473,-2.30723 0.857393 0.378333,-2.33907 0.866418 0.340446,-2.29951 0.857113 0.379074]
}}
appearance Appearance{material Material{diffuseColor 1 0.807843 0.498039
transparency 0}}}
Shape { geometry IndexedFaceSet 
{ creaseAngle 0.50 coordIndex [0,1,2,-1,2,3,4,-1,1,3,2,-1]
coord Coordinate { point [-2.339 0.870946 0.321663,-2.34983 0.572609 0.249798,-2.33907 0.866418 0.340446,-2.3501 0.558782 0.30721,-2.33924 0.857114 0.379074]
}}
appearance Appearance{material Material{diffuseColor 1 0.807843 0.498039
transparency 0}}}
Shape { geometry IndexedFaceSet 
{ creaseAngle 0.50 coordIndex [0,1,2,-1,3,2,4,-1,3,0,2,-1,5,4,6,-1,5,3,4,-1,7,6,8,-1,7,5,6,-1,9,8,10,-1,9,7,8,-1,11,10,12,-1,11,9,10,-1,13,12,14,-1,13,11,12,-1,15,13,14,-1]
coord Coordinate { point [-1.43332 0.778373 0.379074,-1.4311 0.839249 0.393738,-1.43878 0.839515 0.393001,-1.44104 0.778653 0.378333,-1.44617 0.840128 0.390822,-1.44845 0.779272 0.376135,-1.45426 0.841285 0.38646,-1.45657 0.780413 0.371729,-1.46106 0.842857 0.380373,-1.46339 0.781927 0.365576,-1.46617 0.844766 0.372888,-1.46849 0.783721 0.358004,-1.46937 0.846902 0.364458,-1.47166 0.785676 0.349473,-1.47047 0.849156 0.355542,-1.47288 0.787678 0.340446]
}}
appearance Appearance{material Material{diffuseColor 1 0.807843 0.498039
transparency 0}}}
Shape { geometry IndexedFaceSet 
{ creaseAngle 0.50 coordIndex [0,1,2,-1,0,2,3,-1,4,3,5,-1,4,0,3,-1,6,5,7,-1,6,4,5,-1,8,7,9,-1,8,6,7,-1,10,9,11,-1,10,8,9,-1,12,11,13,-1,12,10,11,-1,14,13,15,-1,14,12,13,-1,16,14,15,-1]
coord Coordinate { point [-1.87038 1.62118 0.46925,-1.86422 1.62164 0.469061,-1.86422 1.61417 0.450849,-1.87172 1.6135 0.451123,-1.87638 1.61983 0.469805,-1.87902 1.6115 0.451944,-1.88478 1.61625 0.471272,-1.88718 1.60734 0.453651,-1.89206 1.61097 0.473438,-1.89425 1.6013 0.456127,-1.89696 1.60545 0.475702,-1.89944 1.59404 0.45911,-1.9006 1.59916 0.478286,-1.90255 1.58605 0.462384,-1.90284 1.59232 0.481089,-1.90359 1.57775 0.465792,-1.90359 1.58522 0.484004]
}}
appearance Appearance{material Material{diffuseColor 1 0.807843 0.498039
transparency 0}}}
Shape { geometry IndexedFaceSet 
{ creaseAngle 0.50 coordIndex [0,1,2,-1,3,2,1,-1,4,0,2,-1,5,2,3,-1,6,4,2,-1,7,2,5,-1,2,8,6,-1]
coord Coordinate { point [-1.88969 0.859153 0.371729,-1.89651 0.860667 0.365576,-1.90617 0.857114 0.379074,-1.90161 0.862461 0.358004,-1.88158 0.858012 0.376135,-1.90478 0.864416 0.349473,-1.87416 0.857393 0.378333,-1.906 0.866418 0.340446,-1.86644 0.857113 0.379074]
}}
appearance Appearance{material Material{diffuseColor 0.792157 0.819608 0.933333
transparency 0}}}
Shape { geometry IndexedFaceSet 
{ creaseAngle 0.50 coordIndex [0,1,2,-1,1,3,2,-1,1,4,3,-1,4,5,3,-1]
coord Coordinate { point [-1.91676 0.572609 0.249798,-1.92971 0.21031 0.162523,-1.91703 0.558782 0.30721,-1.93021 0.19648 0.219936,-1.93307 0.11811 0.151574,-1.93307 0.11811 0.210629]
}}
appearance Appearance{material Material{diffuseColor 0.792157 0.819608 0.933333
transparency 0}}}
Shape { geometry IndexedFaceSet 
{ creaseAngle 0.50 coordIndex [0,1,2,-1,0,2,3,-1,4,1,0,-1,5,4,0,-1,6,7,4,-1,6,4,5,-1,8,9,7,-1,8,7,6,-1]
coord Coordinate { point [-1.91676 0.572609 0.249798,-1.75254 0.572603 0.249796,-1.7396 0.21031 0.162523,-1.92971 0.21031 0.162523,-1.76339 0.870939 0.321662,-1.90593 0.870946 0.321663,-1.90359 0.927921 0.335387,-1.76569 0.927924 0.335388,-1.90359 1.2272 0.407479,-1.76569 1.2272 0.407479]
}}
appearance Appearance{material Material{diffuseColor 1 0.807843 0.498039
transparency 0}}}
Shape { geometry IndexedFaceSet 
{ creaseAngle 0.50 coordIndex [0,1,2,-1,0,2,3,-1]
coord Coordinate { point [-1.76569 0.927924 0.335388,-1.76569 0.927917 0.355375,-1.76329 0.866419 0.340446,-1.76339 0.870939 0.321662]
}}
appearance Appearance{material Material{diffuseColor 1 0.807843 0.498039
transparency 0}}}
Shape { geometry IndexedFaceSet 
{ creaseAngle 0.50 coordIndex [0,1,2,-1,3,4,0,-1,3,0,2,-1,5,4,3,-1,6,7,8,-1,6,8,5,-1,6,5,3,-1]
coord Coordinate { point [2.12598 -2.07497 0.472769,2.12598 -2.07497 0.55118,2.12598 -2.12598 0.55118,2.12598 -2.12598 0.386732,2.12598 -2.05198 0.473711,2.12598 -2.02753 0.480163,2.12598 -1.85039 0.386732,2.12598 -1.85039 0.492125,2.12598 -2.00163 0.492125]
}}
appearance Appearance{material Material{diffuseColor 0.792157 0.819608 0.933333
transparency 0}}}
Shape { geometry IndexedFaceSet 
{ creaseAngle 0.50 coordIndex [0,1,2,-1,0,3,1,-1,4,5,6,-1,4,6,7,-1,8,9,5,-1,8,5,4,-1,8,7,3,-1,8,4,7,-1,10,11,12,-1,10,13,11,-1,14,15,16,-1,14,17,15,-1,18,10,12,-1,19,0,2,-1,19,2,17,-1,20,3,0,-1,20,9,8,-1,20,8,3,-1,21,18,12,-1,22,16,13,-1,22,14,16,-1,23,19,17,-1,24,25,26,-1,23,17,14,-1,27,28,9,-1,27,0,19,-1,27,9,20,-1,27,20,0,-1,29,12,25,-1,29,30,31,-1,32,24,26,-1,29,21,12,-1,33,22,13,-1,33,13,10,-1,34,33,10,-1,34,10,18,-1,35,32,26,-1,36,14,22,-1,36,23,14,-1,37,19,23,-1,37,27,19,-1,38,6,39,-1,37,28,27,-1,40,30,29,-1,40,29,25,-1,41,29,31,-1,41,21,29,-1,42,38,39,-1,41,43,34,-1,41,34,18,-1,41,31,43,-1,41,18,21,-1,44,24,30,-1,45,39,46,-1,44,40,25,-1,44,30,40,-1,44,25,24,-1,45,42,39,-1,47,36,22,-1,47,22,33,-1,48,33,34,-1,48,34,43,-1,48,43,50,-1,49,6,38,-1,48,47,33,-1,51,52,28,-1,51,28,37,-1,51,23,36,-1,15,45,46,-1,51,37,23,-1,53,50,52,-1,53,36,47,-1,53,48,50,-1,53,47,48,-1,1,38,42,-1,53,51,36,-1,1,49,38,-1,53,52,51,-1,7,6,49,-1,2,1,42,-1,2,42,45,-1,16,46,11,-1,16,15,46,-1,3,7,49,-1,3,49,1,-1,13,16,11,-1,17,2,45,-1,17,45,15,-1]
coord Coordinate { point [-0.039339 1.60598 0.483153,-0.0416905 1.60923 0.481445,-0.0408277 1.60821 0.484671,-0.0406153 1.60762 0.480349,-0.0412041 1.60764 0.476919,-0.0409759 1.60668 0.475197,-0.0449429 1.61097 0.473438,-0.0417877 1.60879 0.478179,-0.0397748 1.60597 0.478534,-0.0377204 1.60179 0.477207,-0.0475635 1.60845 0.50335,-0.0510164 1.61467 0.498453,-0.0554245 1.61296 0.505893,-0.0461376 1.60978 0.499389,-0.0397685 1.60458 0.493235,-0.0443046 1.6115 0.490939,-0.0449702 1.61088 0.494876,-0.0399972 1.60629 0.489581,-0.0479584 1.60808 0.504277,-0.0379006 1.60315 0.487443,-0.0381754 1.60369 0.480641,-0.0493066 1.60683 0.507067,-0.0399479 1.60229 0.497437,-0.0372366 1.60078 0.490654,-0.0577302 1.59901 0.517622,-0.0607029 1.60986 0.512236,-0.066587 1.60552 0.517163,-0.0362618 1.59992 0.483905,-0.0344838 1.59366 0.480541,-0.0512158 1.60505 0.5103,-0.0496473 1.5973 0.513458,-0.042849 1.59492 0.507658,-0.0651085 1.59987 0.519709,-0.0405437 1.59996 0.501136,-0.0407499 1.59936 0.502004,-0.0727817 1.60016 0.520428,-0.036935 1.59777 0.494365,-0.0352576 1.59689 0.48638,-0.0440682 1.61176 0.479424,-0.0456409 1.61365 0.481808,-0.0536527 1.60279 0.513589,-0.0415449 1.59744 0.50462,-0.0438996 1.61191 0.482142,-0.0377354 1.592 0.500527,-0.0540929 1.60238 0.514106,-0.0438862 1.61191 0.485636,-0.0476998 1.61491 0.490288,-0.0371268 1.59483 0.497652,-0.0372412 1.5941 0.498426,-0.0425343 1.60991 0.478941,-0.034525 1.5887 0.492498,-0.0345801 1.59314 0.48928,-0.0334117 1.58522 0.484004,-0.034456 1.58958 0.491885]
}}
appearance Appearance{material Material{diffuseColor 1 0.807843 0.498039
transparency 0}}}
Shape { geometry IndexedFaceSet 
{ creaseAngle 0.50 coordIndex [0,1,2,-1,0,3,1,-1,4,5,6,-1,7,4,6,-1,8,9,10,-1,11,12,13,-1,11,13,14,-1,15,12,11,-1,16,14,17,-1,16,11,14,-1,18,16,17,-1,19,20,12,-1,19,21,20,-1,19,12,15,-1,22,15,11,-1,22,11,16,-1,23,17,24,-1,23,18,17,-1,25,22,16,-1,25,16,18,-1,26,9,21,-1,26,21,19,-1,26,19,15,-1,26,15,22,-1,1,24,2,-1,1,3,27,-1,1,23,24,-1,28,27,29,-1,28,29,25,-1,28,25,18,-1,28,18,23,-1,28,1,27,-1,28,23,1,-1,30,29,31,-1,30,31,10,-1,30,25,29,-1,30,22,25,-1,30,9,26,-1,30,26,22,-1,30,10,9,-1,0,2,6,-1,0,5,3,-1,0,6,5,-1]
coord Coordinate { point [-1.00225 1.61445 0.51005,-1.00676 1.6166 0.506142,-1.01016 1.60986 0.512236,-0.997914 1.61762 0.506366,-0.997945 1.60709 0.516569,-0.99788 1.61172 0.513143,-1.00428 1.60552 0.517163,-0.998082 1.60016 0.520428,-0.998082 1.62164 0.469061,-1.00424 1.62118 0.46925,-0.998018 1.62348 0.475863,-1.02351 1.61515 0.481331,-1.02592 1.61097 0.473438,-1.02522 1.61365 0.481808,-1.02316 1.61491 0.490288,-1.02114 1.61672 0.478887,-1.01969 1.61768 0.48938,-1.01985 1.61467 0.498453,-1.01547 1.61842 0.496054,-1.01941 1.61721 0.475511,-1.01864 1.61625 0.471272,-1.01024 1.61983 0.469805,-1.01507 1.62073 0.484624,-1.01121 1.61797 0.501463,-1.01544 1.61296 0.505893,-1.00912 1.6226 0.489523,-1.0117 1.62167 0.478055,-0.998102 1.62231 0.497239,-1.00357 1.623 0.493603,-0.998049 1.62443 0.48817,-1.00449 1.6239 0.480502,-0.998004 1.62455 0.482748]
}}
appearance Appearance{material Material{diffuseColor 1 0.807843 0.498039
transparency 0}}}
Shape { geometry IndexedFaceSet 
{ creaseAngle 0.50 coordIndex [0,1,2,-1,0,2,3,-1,4,3,5,-1,4,0,3,-1,6,5,7,-1,6,4,5,-1,8,7,9,-1,8,6,7,-1,10,9,11,-1,10,8,9,-1,12,11,13,-1,12,10,11,-1,14,13,15,-1,14,12,13,-1,16,14,15,-1]
coord Coordinate { point [0.294974 1.77866 0.46925,0.301128 1.77912 0.469061,0.301128 1.77165 0.450849,0.293627 1.77098 0.451123,0.288975 1.77731 0.469805,0.286327 1.76898 0.451944,0.280568 1.77373 0.471272,0.27817 1.76482 0.453651,0.273289 1.76845 0.473438,0.2711 1.75878 0.456127,0.268393 1.76293 0.475702,0.265914 1.75152 0.45911,0.264755 1.75664 0.478286,0.262799 1.74353 0.462384,0.262514 1.7498 0.481089,0.261758 1.73523 0.465792,0.261758 1.7427 0.484004]
}}
appearance Appearance{material Material{diffuseColor 0.792157 0.819608 0.933333
transparency 0}}}
Shape { geometry IndexedFaceSet 
{ creaseAngle 0.50 coordIndex [0,1,2,-1,1,3,2,-1]
coord Coordinate { point [-1.26378 -0.137795 0.120078,-1.26378 1.75196 0.120078,-1.26378 -0.137795 0.019685,-1.26378 1.75196 0.019685]
}}
appearance Appearance{material Material{diffuseColor 0.411765 0.411765 0.411765
transparency 0}}}
Shape { geometry IndexedFaceSet 
{ creaseAngle 0.50 coordIndex [0,1,2,-1,0,3,1,-1,1,4,5,-1,3,4,1,-1,0,6,3,-1,6,7,8,-1,7,9,8,-1,10,11,12,-1,13,11,10,-1,14,15,16,-1,17,15,14,-1,18,19,20,-1,21,19,18,-1,21,22,23,-1,18,22,21,-1,23,22,24,-1,23,25,26,-1,24,25,23,-1,22,27,24,-1,0,22,18,-1,0,18,17,-1,0,17,14,-1,0,14,13,-1,0,13,10,-1,0,10,7,-1,0,7,6,-1]
coord Coordinate { point [0.192913 1.8307 0.263779,-0.043307 1.8307 0.120078,0.192913 1.8307 0.120078,-0.161417 1.8307 0.120078,-0.161417 1.8307 0.019685,-0.043307 1.8307 0.019685,-0.476377 1.8307 0.120078,-0.594487 1.8307 0.120078,-0.476377 1.8307 0.019685,-0.594487 1.8307 0.019685,-0.909447 1.8307 0.120078,-1.02756 1.8307 0.019685,-0.909447 1.8307 0.019685,-1.02756 1.8307 0.120078,-1.34252 1.8307 0.120078,-1.46063 1.8307 0.019685,-1.34252 1.8307 0.019685,-1.46063 1.8307 0.120078,-1.77559 1.8307 0.120078,-1.8937 1.8307 0.019685,-1.77559 1.8307 0.019685,-1.8937 1.8307 0.120078,-2.48031 1.8307 0.263779,-2.20866 1.8307 0.120078,-2.32677 1.8307 0.120078,-2.32677 1.8307 0.019685,-2.20866 1.8307 0.019685,-2.48031 1.8307 0.120078]
}}
appearance Appearance{material Material{diffuseColor 0.411765 0.411765 0.411765
transparency 0}}}
Shape { geometry IndexedFaceSet 
{ creaseAngle 0.50 coordIndex [0,1,2,-1,3,4,5,-1,3,5,1,-1,6,1,0,-1,6,3,1,-1,7,8,9,-1,10,8,7,-1,11,10,7,-1,12,11,7,-1,13,7,14,-1,13,14,15,-1,13,15,16,-1,13,12,7,-1,17,13,16,-1,18,17,16,-1,19,17,18,-1,20,17,19,-1,21,22,23,-1,21,23,24,-1,21,24,17,-1,21,17,20,-1,25,8,26,-1,25,9,8,-1,27,22,21,-1,28,26,29,-1,28,29,30,-1,28,30,31,-1,28,31,5,-1,28,25,26,-1,32,1,33,-1,32,33,34,-1,32,34,27,-1,32,27,21,-1,35,28,5,-1,2,1,32,-1,4,35,5,-1]
coord Coordinate { point [1.54324 2.95275 0.0510666,1.65609 2.95275 0.209734,1.5682 2.95275 0.0423313,1.50214 2.95275 0.0838396,1.48807 2.95275 0.106234,1.64674 2.95275 0.219085,1.52084 2.95275 0.0651379,2.34252 2.95275 0.15748,2.18504 2.95275 0.492125,2.34252 2.95275 0.62992,2.18504 2.95275 0.255905,2.18355 2.95275 0.242764,2.17919 2.95275 0.230282,2.17215 2.95275 0.219085,2.33955 2.95275 0.131198,2.33082 2.95275 0.106234,2.31675 2.95275 0.0838396,2.1628 2.95275 0.209734,2.29805 2.95275 0.0651379,2.27565 2.95275 0.0510666,2.25069 2.95275 0.0423313,2.2244 2.95275 0.03937,2.12598 2.95275 0.19685,2.13912 2.95275 0.198331,2.1516 2.95275 0.202698,1.47637 2.95275 0.62992,1.63386 2.95275 0.492125,1.69291 2.95275 0.19685,1.47637 2.95275 0.15748,1.63386 2.95275 0.255905,1.63534 2.95275 0.242764,1.6397 2.95275 0.230282,1.59448 2.95275 0.03937,1.66729 2.95275 0.202698,1.67977 2.95275 0.198331,1.47934 2.95275 0.131198]
}}
appearance Appearance{material Material{diffuseColor 1 1 1
transparency 0}}}
Shape { geometry IndexedFaceSet 
{ creaseAngle 0.50 coordIndex [0,1,2,-1,0,2,3,-1]
coord Coordinate { point [-1.7559 -1.08255 0.019685,-1.7559 -1.39764 0.019685,-1.91338 -1.39764 0.019685,-1.91338 -1.08255 0.019685]
}}
appearance Appearance{material Material{diffuseColor 1 0.807843 0.498039
transparency 0}}}
Shape { geometry IndexedFaceSet 
{ creaseAngle 0.50 coordIndex [0,1,2,-1,3,0,2,-1]
coord Coordinate { point [-2.18504 2.99212 0.059055,-1.7126 2.99212 0.059055,-1.7126 2.99212 -1.97051e-12,-2.18504 2.99212 -1.97034e-12]
}}
appearance Appearance{material Material{diffuseColor 1 1 1
transparency 0}}}
Shape { geometry IndexedFaceSet 
{ creaseAngle 0.50 coordIndex [0,1,2,-1,2,1,3,-1]
coord Coordinate { point [-0.505905 1.29562 0.544665,-0.56496 1.29562 0.544665,-0.505905 1.1664 0.476845,-0.56496 1.1664 0.476845]
}}
appearance Appearance{material Material{diffuseColor 1 0.807843 0.498039
transparency 0}}}
Shape { geometry IndexedFaceSet 
{ creaseAngle 0.50 coordIndex [0,1,2,-1,2,1,3,-1]
coord Coordinate { point [1.98819 -2.24409 0.688975,1.98819 -2.24409 0.683733,2.3622 -2.24409 0.688975,2.3622 -2.24409 0.683733]
}}
appearance Appearance{material Material{diffuseColor 0.792157 0.819608 0.933333
transparency 0}}}
Shape { geometry IndexedFaceSet 
{ creaseAngle 0.50 coordIndex [0,1,2,-1,0,2,3,-1]
coord Coordinate { point [2.79527 -1.51575 0.216535,2.79527 -1.98819 0.216535,2.67716 -1.98819 0.216535,2.67716 -1.51575 0.216535]
}}
appearance Appearance{material Material{diffuseColor 0.411765 0.411765 0.411765
transparency 0}}}
Shape { geometry IndexedFaceSet 
{ creaseAngle 0.50 coordIndex [0,1,2,-1,0,2,3,-1]
coord Coordinate { point [2.79527 0.059055 0.216535,2.79527 -0.413385 0.216535,2.67716 -0.413385 0.216535,2.67716 0.059055 0.216535]
}}
appearance Appearance{material Material{diffuseColor 0.411765 0.411765 0.411765
transparency 0}}}
Shape { geometry IndexedFaceSet 
{ creaseAngle 0.50 coordIndex [0,1,2,-1,3,1,0,-1]
coord Coordinate { point [0.35433 2.36876 0.625881,0.35433 2.62066 0.581885,0.35433 2.36687 0.606286,0.35433 2.62254 0.60148]
}}
appearance Appearance{material Material{diffuseColor 1 1 1
transparency 0}}}
Shape { geometry IndexedFaceSet 
{ creaseAngle 0.50 coordIndex [0,1,2,-1,1,3,2,-1,1,4,3,-1,4,5,3,-1]
coord Coordinate { point [0.681658 0.572609 0.249798,0.668709 0.21031 0.162523,0.681392 0.558782 0.30721,0.668205 0.19648 0.219936,0.665353 0.11811 0.151574,0.665353 0.11811 0.210629]
}}
appearance Appearance{material Material{diffuseColor 1 0.807843 0.498039
transparency 0}}}
Shape { geometry IndexedFaceSet 
{ creaseAngle 0.50 coordIndex [0,1,2,-1,3,0,2,-1]
coord Coordinate { point [2.79527 -1.51575 0.279527,2.79527 -1.98819 0.279527,2.79527 -1.98819 0.216535,2.79527 -1.51575 0.216535]
}}
appearance Appearance{material Material{diffuseColor 0.411765 0.411765 0.411765
transparency 0}}}
Shape { geometry IndexedFaceSet 
{ creaseAngle 0.50 coordIndex [0,1,2,-1,0,2,3,-1,4,3,5,-1,4,0,3,-1,6,5,7,-1,6,4,5,-1,8,7,9,-1,8,6,7,-1,10,9,11,-1,10,8,9,-1,12,11,13,-1,12,10,11,-1,14,13,15,-1,14,12,13,-1]
coord Coordinate { point [-0.140703 1.52356 0.550788,-0.131942 1.52394 0.551701,-0.131942 1.60016 0.520428,-0.141123 1.59974 0.519398,-0.149024 1.52246 0.548094,-0.149802 1.59852 0.516428,-0.156489 1.52068 0.543755,-0.157509 1.59658 0.511697,-0.162723 1.51831 0.537987,-0.163779 1.594 0.505407,-0.167413 1.51548 0.531081,-0.16828 1.59093 0.497929,-0.170325 1.51232 0.523382,-0.170535 1.58813 0.491103,-0.171312 1.50899 0.515277,-0.171312 1.58522 0.484004]
}}
appearance Appearance{material Material{diffuseColor 1 0.807843 0.498039
transparency 0}}}
Shape { geometry IndexedFaceSet 
{ creaseAngle 0.50 coordIndex [0,1,2,-1,3,1,0,-1]
coord Coordinate { point [-2.00787 2.36311 0.567097,-2.00787 2.61501 0.523101,-2.00787 2.36122 0.547502,-2.00787 2.61689 0.542696]
}}
appearance Appearance{material Material{diffuseColor 1 1 1
transparency 0}}}
Shape { geometry IndexedFaceSet 
{ creaseAngle 0.50 coordIndex [0,1,2,-1,3,2,4,-1,3,0,2,-1,5,3,4,-1,6,5,4,-1,7,5,6,-1,8,9,7,-1,8,7,6,-1,10,11,9,-1,10,9,8,-1,12,13,11,-1,12,11,10,-1,14,15,13,-1,14,13,12,-1]
coord Coordinate { point [0.531495 2.71991 0.098425,0.531495 2.65913 0.098425,0.531495 2.66686 0.0719701,0.531495 2.725 0.0876336,0.531495 2.68051 0.0480279,0.531495 2.73224 0.0779979,0.531495 2.69935 0.027902,0.531495 2.74149 0.0698918,0.531495 2.72233 0.0126885,0.531495 2.75222 0.0638756,0.531495 2.74821 0.00321591,0.531495 2.76372 0.0602623,0.531495 2.77558 -1.97156e-12,0.531495 2.77558 0.059055,0.531495 2.99212 -1.97156e-12,0.531495 2.99212 0.059055]
}}
appearance Appearance{material Material{diffuseColor 1 1 1
transparency 0}}}
Shape { geometry IndexedFaceSet 
{ creaseAngle 0.50 coordIndex [0,1,2,-1,3,2,4,-1,3,0,2,-1,5,4,6,-1,5,3,4,-1,7,6,8,-1,7,5,6,-1,9,8,10,-1,9,7,8,-1,11,10,12,-1,11,9,10,-1,13,12,14,-1,13,11,12,-1,15,13,14,-1]
coord Coordinate { point [-0.567177 0.778373 0.379074,-0.56496 0.839249 0.393738,-0.572643 0.839515 0.393001,-0.574895 0.778653 0.378333,-0.58003 0.840128 0.390822,-0.582314 0.779272 0.376135,-0.588121 0.841285 0.38646,-0.590433 0.780413 0.371729,-0.594922 0.842857 0.380373,-0.597246 0.781927 0.365576,-0.600032 0.844766 0.372888,-0.602349 0.783721 0.358004,-0.603233 0.846902 0.364458,-0.605521 0.785676 0.349473,-0.60433 0.849156 0.355542,-0.606736 0.787678 0.340446]
}}
appearance Appearance{material Material{diffuseColor 1 0.807843 0.498039
transparency 0}}}
Shape { geometry IndexedFaceSet 
{ creaseAngle 0.50 coordIndex [0,1,2,-1,3,0,2,-1]
coord Coordinate { point [0.436794 2.66173 0.597711,0.492125 1.55511 0.704112,0.492125 1.55511 0.644785,0.437077 2.65608 0.538928]
}}
appearance Appearance{material Material{diffuseColor 1 1 1
transparency 0}}}
Shape { geometry IndexedFaceSet 
{ creaseAngle 0.50 coordIndex [0,1,2,-1,3,1,0,-1]
coord Coordinate { point [0.842518 -1.41732 0.059055,0.685038 -1.39764 0.07874,0.685038 -1.41732 0.059055,0.842518 -1.39764 0.07874]
}}
appearance Appearance{material Material{diffuseColor 1 0.807843 0.498039
transparency 0}}}
Shape { geometry IndexedFaceSet 
{ creaseAngle 0.50 coordIndex [0,1,2,-1,0,2,3,-1]
coord Coordinate { point [-1.39764 3.05117 0.374015,-1.39764 2.99212 0.374015,-2.42125 2.99212 0.374015,-2.42125 3.05117 0.374015]
}}
appearance Appearance{material Material{diffuseColor 1 1 1
transparency 0}}}
Shape { geometry IndexedFaceSet 
{ creaseAngle 0.50 coordIndex [0,1,2,-1,3,1,0,-1]
coord Coordinate { point [0.665353 -0.137795 0.210629,0.665353 0.11811 0.151574,0.665353 -0.137795 0.151574,0.665353 0.11811 0.210629]
}}
appearance Appearance{material Material{diffuseColor 0.792157 0.819608 0.933333
transparency 0}}}
Shape { geometry IndexedFaceSet 
{ creaseAngle 0.50 coordIndex [0,1,2,-1,1,3,2,-1,2,4,5,-1,3,4,2,-1,5,6,7,-1,4,6,5,-1,7,8,9,-1,6,8,7,-1,9,10,11,-1,8,10,9,-1,11,12,13,-1,10,12,11,-1,13,14,15,-1,12,14,13,-1]
coord Coordinate { point [-1.63386 2.99212 0.649605,-1.31889 2.99212 0.649605,-1.63385 2.99113 0.658366,-1.31889 2.99113 0.658366,-1.31889 2.98822 0.666687,-1.63385 2.98822 0.666687,-1.31889 2.98353 0.674152,-1.63385 2.98353 0.674152,-1.31889 2.9773 0.680386,-1.63385 2.9773 0.680386,-1.31889 2.96983 0.685076,-1.63385 2.96983 0.685076,-1.31889 2.96151 0.687988,-1.63385 2.96151 0.687988,-1.31889 2.95275 0.688975,-1.63386 2.95275 0.688975]
}}
appearance Appearance{material Material{diffuseColor 1 1 1
transparency 0}}}
Shape { geometry IndexedFaceSet 
{ creaseAngle 0.50 coordIndex [0,1,2,-1,0,3,1,-1,4,2,5,-1,4,0,2,-1]
coord Coordinate { point [-1.90359 1.27258 0.424554,-1.76569 1.25794 0.417623,-1.76569 1.24278 0.411918,-1.76569 1.27258 0.424554,-1.90359 1.2272 0.407479,-1.76569 1.2272 0.407479]
}}
appearance Appearance{material Material{diffuseColor 1 0.807843 0.498039
transparency 0}}}
Shape { geometry IndexedFaceSet 
{ creaseAngle 0.50 coordIndex [0,1,2,-1,0,3,1,-1]
coord Coordinate { point [0.694828 1.4018 0.492375,0.832728 1.27258 0.424554,0.694828 1.27258 0.424554,0.832728 1.4018 0.492375]
}}
appearance Appearance{material Material{diffuseColor 1 0.807843 0.498039
transparency 0}}}
Shape { geometry IndexedFaceSet 
{ creaseAngle 0.50 coordIndex [0,1,2,-1,2,1,3,-1]
coord Coordinate { point [0.251968 -1.25984 0.059055,0.251968 -1.25984 0.03937,0.409448 -1.25984 0.059055,0.409448 -1.25984 0.03937]
}}
appearance Appearance{material Material{diffuseColor 1 0.807843 0.498039
transparency 0}}}
Shape { geometry IndexedFaceSet 
{ creaseAngle 0.50 coordIndex [0,1,2,-1,1,3,2,-1]
coord Coordinate { point [-1.91338 -0.94488 0.210629,-1.7559 -0.94488 0.210629,-1.91338 -0.807085 0.210629,-1.7559 -0.807085 0.210629]
}}
appearance Appearance{material Material{diffuseColor 1 0.807843 0.498039
transparency 0}}}
Shape { geometry IndexedFaceSet 
{ creaseAngle 0.50 coordIndex [0,1,2,-1,3,1,0,-1]
coord Coordinate { point [2.67716 2.02755 0.216535,2.79527 1.55511 0.216535,2.67716 1.55511 0.216535,2.79527 2.02755 0.216535]
}}
appearance Appearance{material Material{diffuseColor 0.411765 0.411765 0.411765
transparency 0}}}
Shape { geometry IndexedFaceSet 
{ creaseAngle 0.50 coordIndex [0,1,2,-1,0,3,1,-1]
coord Coordinate { point [-0.177165 -0.3937 0.210629,-0.177165 -0.55118 0.263779,-0.177165 -0.55118 0.210629,-0.177165 -0.3937 0.263779]
}}
appearance Appearance{material Material{diffuseColor 0.411765 0.411765 0.411765
transparency 0}}}
Shape { geometry IndexedFaceSet 
{ creaseAngle 0.50 coordIndex [0,1,2,-1,1,3,2,-1,2,4,5,-1,3,4,2,-1,5,6,7,-1,4,6,5,-1,7,8,9,-1,6,8,7,-1,9,10,11,-1,8,10,9,-1,11,12,13,-1,10,12,11,-1,13,14,15,-1,12,14,13,-1]
coord Coordinate { point [1.37795 2.7559 0.74803,1.37795 2.7559 0.688975,1.36481 2.75738 0.74803,1.36481 2.75738 0.688975,1.35233 2.76175 0.688975,1.35233 2.76175 0.74803,1.34113 2.76878 0.688975,1.34113 2.76878 0.74803,1.33178 2.77813 0.688975,1.33178 2.77813 0.74803,1.32474 2.78933 0.688975,1.32474 2.78933 0.74803,1.32038 2.80181 0.688975,1.32038 2.80181 0.74803,1.31889 2.81495 0.688975,1.31889 2.81495 0.74803]
}}
appearance Appearance{material Material{diffuseColor 1 1 1
transparency 0}}}
Shape { geometry IndexedFaceSet 
{ creaseAngle 0.50 coordIndex [0,1,2,-1,3,2,4,-1,3,0,2,-1,5,4,6,-1,5,3,4,-1,7,5,6,-1,8,6,9,-1,8,7,6,-1]
coord Coordinate { point [2.5509 -0.185319 0.74803,2.5509 -0.185319 0.688975,2.546 -0.191285 0.688975,2.546 -0.191285 0.74803,2.54236 -0.198091 0.688975,2.54236 -0.198091 0.74803,2.54012 -0.205477 0.688975,2.54012 -0.205477 0.74803,2.53936 -0.213158 0.74803,2.53936 -0.213158 0.688975]
}}
appearance Appearance{material Material{diffuseColor 1 1 1
transparency 0}}}
Shape { geometry IndexedFaceSet 
{ creaseAngle 0.50 coordIndex [0,1,2,-1,3,4,0,-1,3,0,2,-1,5,6,4,-1,5,4,3,-1,7,6,5,-1,8,6,7,-1,9,8,7,-1,10,9,11,-1,10,8,9,-1,12,11,13,-1,12,10,11,-1,14,13,15,-1,14,12,13,-1,16,15,17,-1,16,14,15,-1,18,16,17,-1,19,16,18,-1]
coord Coordinate { point [-2.63779 2.95275 0.74803,-2.5 2.95275 0.74803,-2.5 2.95275 0.688975,-2.63779 2.95275 0.688975,-2.66407 2.95275 0.745069,-2.65093 2.95275 0.687494,-2.68904 2.95275 0.736333,-2.66341 2.95275 0.683127,-2.71143 2.95275 0.722262,-2.67461 2.95275 0.676091,-2.73013 2.95275 0.70356,-2.68396 2.95275 0.66674,-2.7442 2.95275 0.681166,-2.691 2.95275 0.655543,-2.75294 2.95275 0.656202,-2.69536 2.95275 0.643061,-2.7559 2.95275 0.62992,-2.69685 2.95275 0.62992,-2.69685 2.95275 0.098425,-2.7559 2.95275 0.098425]
}}
appearance Appearance{material Material{diffuseColor 1 1 1
transparency 0}}}
Shape { geometry IndexedFaceSet 
{ creaseAngle 0.50 coordIndex [0,1,2,-1,0,3,1,-1,4,2,5,-1,4,0,2,-1,6,5,7,-1,6,4,5,-1,8,7,9,-1,8,6,7,-1,10,9,11,-1,10,8,9,-1,12,11,13,-1,12,10,11,-1,14,13,15,-1,14,12,13,-1]
coord Coordinate { point [0.353343 2.3525 0.548341,0.35433 2.36311 0.567097,0.353343 2.35439 0.567935,0.35433 2.36122 0.547502,0.350431 2.34422 0.549137,0.350431 2.3461 0.568732,0.345741 2.33679 0.549852,0.345741 2.33867 0.569446,0.339507 2.33058 0.550448,0.339507 2.33247 0.570043,0.332042 2.32591 0.550897,0.332042 2.3278 0.570492,0.323721 2.32302 0.551176,0.323721 2.3249 0.570771,0.31496 2.32203 0.55127,0.31496 2.32392 0.570865]
}}
appearance Appearance{material Material{diffuseColor 0.792157 0.819608 0.933333
transparency 0}}}
Shape { geometry IndexedFaceSet 
{ creaseAngle 0.50 coordIndex [0,1,2,-1,0,2,3,-1]
coord Coordinate { point [-0.870108 0.11811 0.151574,-0.870086 -0.137795 0.151574,-1.06693 -0.137795 0.151574,-1.06693 0.11811 0.151574]
}}
appearance Appearance{material Material{diffuseColor 1 0.807843 0.498039
transparency 0}}}
Shape { geometry IndexedFaceSet 
{ creaseAngle 0.50 coordIndex [0,1,2,-1,0,2,3,-1,4,1,0,-1,5,6,1,-1,5,1,4,-1,7,6,5,-1,8,6,7,-1,9,8,7,-1,10,11,8,-1,10,8,9,-1,12,13,11,-1,12,11,10,-1,14,13,12,-1,15,13,14,-1,16,15,14,-1,17,15,16,-1,18,15,17,-1,19,18,17,-1,20,18,19,-1,21,20,19,-1]
coord Coordinate { point [-0.0334117 1.2272 0.407479,-0.0334117 1.22259 0.426617,-0.033412 0.927917 0.355375,-0.0334117 0.927924 0.335388,-0.0334117 1.24278 0.411918,-0.0334117 1.25794 0.417623,-0.0334117 1.26343 0.441985,-0.0334117 1.27258 0.424554,-0.0334117 1.39265 0.509805,-0.0334117 1.4018 0.492375,-0.0334117 1.41931 0.499832,-0.0334117 1.4182 0.519947,-0.0334117 1.43772 0.50437,-0.0334117 1.44542 0.524825,-0.0334117 1.45669 0.505904,-0.0334117 1.47787 0.523761,-0.0334117 1.47703 0.504141,-0.0334117 1.48945 0.501271,-0.0334117 1.50899 0.515277,-0.0334117 1.50152 0.497066,-0.0334117 1.58522 0.484004,-0.0334117 1.57775 0.465792]
}}
appearance Appearance{material Material{diffuseColor 1 0.807843 0.498039
transparency 0}}}
Shape { geometry IndexedFaceSet 
{ creaseAngle 0.50 coordIndex [0,1,2,-1,1,3,2,-1]
coord Coordinate { point [2.28346 -2.12598 0.55118,2.28346 -2.12598 0.386732,2.27649 -2.12598 0.55118,2.27649 -2.12598 0.386732]
}}
appearance Appearance{material Material{diffuseColor 0.792157 0.819608 0.933333
transparency 0}}}
Shape { geometry IndexedFaceSet 
{ creaseAngle 0.50 coordIndex [0,1,2,-1,1,3,2,-1]
coord Coordinate { point [-1.30603 0.11774 0.219936,-1.49711 0.11774 0.219936,-1.30318 0.03937 0.210629,-1.49997 0.0393699 0.210629]
}}
appearance Appearance{material Material{diffuseColor 1 0.807843 0.498039
transparency 0}}}
Shape { geometry IndexedFaceSet 
{ creaseAngle 0.50 coordIndex [0,1,2,-1,3,0,2,-1]
coord Coordinate { point [-1.90945 -0.3937 0.151574,-1.90945 -0.55118 0.151574,-1.90945 -0.55118 0.019685,-1.90945 -0.3937 0.019685]
}}
appearance Appearance{material Material{diffuseColor 0.411765 0.411765 0.411765
transparency 0}}}
Shape { geometry IndexedFaceSet 
{ creaseAngle 0.50 coordIndex [0,1,2,-1,1,3,2,-1]
coord Coordinate { point [2.5 2.81495 0.74803,2.5 2.89369 0.74803,2.5 2.81495 0.688975,2.5 2.89369 0.688975]
}}
appearance Appearance{material Material{diffuseColor 1 1 1
transparency 0}}}
Shape { geometry IndexedFaceSet 
{ creaseAngle 0.50 coordIndex [0,1,2,-1,3,1,0,-1]
coord Coordinate { point [0.70866 -0.82677 0.74803,-2.20472 -0.82677 0.688975,0.70866 -0.82677 0.688975,-2.20472 -0.82677 0.74803]
}}
appearance Appearance{material Material{diffuseColor 1 1 1
transparency 0}}}
Shape { geometry IndexedFaceSet 
{ creaseAngle 0.50 coordIndex [0,1,2,-1,2,1,3,-1,1,4,3,-1,4,5,3,-1,5,6,3,-1]
coord Coordinate { point [0.153555 2.65747 0.539073,0.156295 2.67323 0.538955,-0.0098425 2.65748 0.539369,-0.0098425 2.71653 0.539369,0.162149 2.68814 0.538904,0.17257 2.70377 0.539006,0.186338 2.71653 0.539369]
}}
appearance Appearance{material Material{diffuseColor 1 1 1
transparency 0}}}
Shape { geometry IndexedFaceSet 
{ creaseAngle 0.50 coordIndex [0,1,2,-1,3,0,2,-1]
coord Coordinate { point [-1.30316 -0.137795 0.151574,-1.49999 -0.137795 0.151574,-1.49996 0.0393699 0.151574,-1.30318 0.03937 0.151574]
}}
appearance Appearance{material Material{diffuseColor 1 0.807843 0.498039
transparency 0}}}
Shape { geometry IndexedFaceSet 
{ creaseAngle 0.50 coordIndex [0,1,2,-1,0,3,1,-1,4,2,5,-1,4,0,2,-1,6,5,7,-1,6,4,5,-1,8,7,9,-1,8,6,7,-1,10,9,11,-1,10,8,9,-1,12,11,13,-1,12,10,11,-1,14,13,15,-1,14,12,13,-1]
coord Coordinate { point [-1.79739 1.59987 0.519709,-1.80506 1.52394 0.551701,-1.7963 1.52356 0.550788,-1.80506 1.60016 0.520428,-1.79001 1.59901 0.517622,-1.78798 1.52246 0.548094,-1.78193 1.5973 0.513458,-1.78051 1.52068 0.543755,-1.77513 1.59492 0.507658,-1.77428 1.51831 0.537987,-1.77002 1.592 0.500527,-1.76959 1.51548 0.531081,-1.7668 1.5887 0.492498,-1.76668 1.51232 0.523382,-1.76569 1.58522 0.484004,-1.76569 1.50899 0.515277]
}}
appearance Appearance{material Material{diffuseColor 1 0.807843 0.498039
transparency 0}}}
Shape { geometry IndexedFaceSet 
{ creaseAngle 0.50 coordIndex [0,1,2,-1,0,3,1,-1,4,5,6,-1,4,6,7,-1,8,9,10,-1,8,10,11,-1,12,9,8,-1,12,11,3,-1,12,8,11,-1,13,2,14,-1,13,0,2,-1,15,16,17,-1,15,18,16,-1,15,19,18,-1,15,7,19,-1,15,4,7,-1,20,14,5,-1,20,13,14,-1,21,22,9,-1,21,3,0,-1,21,9,12,-1,21,12,3,-1,23,22,21,-1,23,21,0,-1,23,0,13,-1,24,5,4,-1,24,20,5,-1,25,24,4,-1,25,15,17,-1,25,4,15,-1,26,22,23,-1,26,27,22,-1,26,23,13,-1,26,13,20,-1,28,25,17,-1,29,27,26,-1,29,20,24,-1,30,31,32,-1,29,26,20,-1,33,28,17,-1,34,10,35,-1,36,17,37,-1,36,33,17,-1,38,39,27,-1,40,35,41,-1,38,24,25,-1,40,34,35,-1,38,27,29,-1,38,29,24,-1,42,25,28,-1,42,39,38,-1,42,38,25,-1,43,10,34,-1,44,28,33,-1,1,34,40,-1,44,39,42,-1,44,42,28,-1,45,46,39,-1,1,43,34,-1,45,33,36,-1,45,44,33,-1,45,39,44,-1,47,40,41,-1,48,41,49,-1,50,36,37,-1,50,46,45,-1,50,45,36,-1,51,37,52,-1,48,47,41,-1,51,46,50,-1,51,50,37,-1,53,31,46,-1,2,40,47,-1,53,51,52,-1,53,46,51,-1,2,1,40,-1,54,52,32,-1,54,31,53,-1,54,32,31,-1,54,53,52,-1,6,48,49,-1,14,47,48,-1,14,2,47,-1,11,10,43,-1,3,11,43,-1,3,43,1,-1,7,49,55,-1,7,6,49,-1,5,48,6,-1,5,14,48,-1,19,55,18,-1,19,7,55,-1]
coord Coordinate { point [0.2699 1.76629 0.488264,0.268642 1.76454 0.479828,0.266216 1.76088 0.484776,0.270784 1.76769 0.481856,0.264386 1.75369 0.492906,0.264635 1.75596 0.490512,0.263092 1.75259 0.486347,0.262653 1.7499 0.488232,0.272915 1.76999 0.480991,0.273987 1.77113 0.481808,0.273289 1.76845 0.473438,0.271016 1.76786 0.480789,0.27295 1.77013 0.482087,0.269801 1.76568 0.490382,0.265624 1.75954 0.486428,0.264457 1.75054 0.495998,0.26479 1.74841 0.497929,0.269291 1.75148 0.505407,0.262535 1.74561 0.491103,0.262493 1.74624 0.490697,0.269985 1.76382 0.495575,0.273626 1.77048 0.488661,0.276046 1.77239 0.490288,0.274025 1.77043 0.490832,0.270389 1.76251 0.498588,0.271266 1.76054 0.502442,0.275393 1.7699 0.496151,0.279362 1.77215 0.498453,0.272044 1.75913 0.504843,0.276458 1.76933 0.499235,0.301128 1.75764 0.520428,0.294933 1.763 0.517163,0.291947 1.75722 0.519398,0.272518 1.75835 0.506063,0.268595 1.76391 0.477549,0.268393 1.76293 0.475702,0.273398 1.757 0.508014,0.275561 1.75406 0.511697,0.278149 1.76828 0.503175,0.28377 1.77044 0.505893,0.268023 1.76319 0.47816,0.264755 1.75664 0.478286,0.279415 1.76742 0.505628,0.269138 1.7651 0.479011,0.280129 1.76691 0.506874,0.281383 1.76598 0.508865,0.289049 1.76734 0.512236,0.265152 1.75855 0.481908,0.264418 1.7569 0.483175,0.262514 1.7498 0.481089,0.284205 1.76379 0.512621,0.284853 1.76326 0.513366,0.283268 1.756 0.516428,0.287779 1.76084 0.516295,0.290392 1.75859 0.518386,0.261758 1.7427 0.484004]
}}
appearance Appearance{material Material{diffuseColor 0.792157 0.819608 0.933333
transparency 0}}}
Shape { geometry IndexedFaceSet 
{ creaseAngle 0.50 coordIndex [0,1,2,-1,3,1,4,-1,5,0,6,-1,5,7,8,-1,8,9,5,-1,5,10,7,-1,9,11,5,-1,5,6,10,-1,5,12,13,-1,14,12,11,-1,15,12,14,-1,11,12,5,-1,15,16,12,-1,12,17,13,-1,16,18,12,-1,19,20,18,-1,18,20,12,-1,19,21,20,-1,6,0,22,-1,22,0,23,-1,23,0,24,-1,0,25,24,-1,21,26,20,-1,0,27,25,-1,0,2,27,-1,21,28,26,-1,3,4,29,-1,29,4,30,-1,30,4,31,-1,31,4,28,-1,28,32,26,-1,4,32,28,-1,2,1,33,-1,33,1,3,-1]
coord Coordinate { point [1.14173 2.73621 0.688975,1.14173 2.73621 0.11811,1.32874 2.73621 0.413385,1.34973 2.73621 0.320378,1.33858 2.73621 0.11811,2.57874 2.73621 0.688975,1.58483 2.73621 0.626274,1.67681 2.73621 0.585388,1.71352 2.73621 0.549689,1.74081 2.73621 0.506392,1.63424 2.73621 0.610796,1.75683 2.73621 0.459559,1.94882 2.73621 0.19685,2.57874 2.73621 0.11811,1.76181 2.73621 0.413385,1.76057 2.73621 0.390267,1.7528 2.73621 0.351572,1.94882 2.73621 0.11811,1.74034 2.73621 0.319392,1.72056 2.73621 0.28626,1.77165 2.73621 0.19685,1.6922 2.73621 0.254325,1.39835 2.73621 0.572445,1.36998 2.73621 0.54051,1.3502 2.73621 0.507378,1.33775 2.73621 0.475198,1.77165 2.73621 0.019685,1.32998 2.73621 0.436503,1.50571 2.73621 0.200496,1.37702 2.73621 0.277081,1.41374 2.73621 0.241382,1.4563 2.73621 0.215974,1.33858 2.73621 0.019685,1.33372 2.73621 0.367211]
}}
appearance Appearance{material Material{diffuseColor 0.411765 0.411765 0.411765
transparency 0}}}
Shape { geometry IndexedFaceSet 
{ creaseAngle 0.50 coordIndex [0,1,2,-1,0,3,1,-1,3,4,1,-1]
coord Coordinate { point [2.27891 -2.12375 0.55118,2.28346 -2.12598 0.55118,2.27649 -2.12598 0.55118,2.28123 -2.12143 0.55118,2.28346 -2.11901 0.55118]
}}
appearance Appearance{material Material{diffuseColor 0.792157 0.819608 0.933333
transparency 0}}}
Shape { geometry IndexedFaceSet 
{ creaseAngle 0.50 coordIndex [0,1,2,-1,3,4,5,-1,6,4,3,-1,2,4,6,-1,1,4,2,-1,7,8,9,-1,10,8,7,-1,5,8,10,-1,4,8,5,-1,11,12,13,-1,14,12,11,-1,9,12,14,-1,8,12,9,-1,15,16,17,-1,18,16,15,-1,13,16,18,-1,12,16,13,-1,19,20,21,-1,22,20,19,-1,17,20,22,-1,16,20,17,-1,23,24,25,-1,26,24,23,-1,21,24,26,-1,20,24,21,-1,25,27,28,-1,24,27,25,-1]
coord Coordinate { point [2.38189 -2.51968 0.66929,2.38189 -3.03149 0.66929,2.38172 -2.51968 0.671835,2.38123 -2.51968 0.674337,2.38139 -3.03149 0.67367,2.38068 -2.51967 0.676058,2.38149 -2.51968 0.673188,2.37998 -2.51965 0.677727,2.37994 -3.03149 0.677831,2.37856 -2.51959 0.680238,2.38034 -2.51966 0.676919,2.3775 -2.51952 0.681674,2.37759 -3.03149 0.681563,2.37631 -2.51942 0.683011,2.37803 -2.51955 0.680985,2.37419 -2.51918 0.684905,2.37447 -3.03149 0.68468,2.37269 -2.51896 0.685946,2.37483 -2.51926 0.684389,2.37095 -2.51866 0.686923,2.37074 -3.03149 0.687026,2.36844 -2.51813 0.68796,2.3711 -2.51869 0.686844,2.36665 -2.51768 0.688465,2.36658 -3.03149 0.688481,2.36498 -2.51721 0.688775,2.36673 -2.5177 0.688446,2.3622 -3.03149 0.688975,2.3622 -2.5163 0.688975]
}}
appearance Appearance{material Material{diffuseColor 1 1 1
transparency 0}}}
Shape { geometry IndexedFaceSet 
{ creaseAngle 0.50 coordIndex [0,1,2,-1,3,1,0,-1]
coord Coordinate { point [-1.86422 1.61417 0.450849,-1.80506 1.62164 0.469061,-1.80506 1.61417 0.450849,-1.86422 1.62164 0.469061]
}}
appearance Appearance{material Material{diffuseColor 1 0.807843 0.498039
transparency 0}}}
Shape { geometry IndexedFaceSet 
{ creaseAngle 0.50 coordIndex [0,1,2,-1,1,3,2,-1,2,4,5,-1,3,4,2,-1,5,6,7,-1,4,6,5,-1,7,8,9,-1,6,8,7,-1,9,10,11,-1,8,10,9,-1,11,12,13,-1,10,12,11,-1,13,14,15,-1,12,14,13,-1]
coord Coordinate { point [-2.7559 -0.846455 0.381889,-2.69685 -0.846455 0.381889,-2.7559 -0.859596 0.380408,-2.69684 -0.859596 0.380408,-2.69684 -0.872078 0.376041,-2.7559 -0.872078 0.376041,-2.69684 -0.883275 0.369005,-2.7559 -0.883275 0.369005,-2.69684 -0.892626 0.359654,-2.7559 -0.892626 0.359654,-2.69684 -0.899662 0.348457,-2.7559 -0.899662 0.348457,-2.69684 -0.904029 0.335975,-2.7559 -0.904029 0.335975,-2.69685 -0.90551 0.322834,-2.7559 -0.90551 0.322834]
}}
appearance Appearance{material Material{diffuseColor 1 1 1
transparency 0}}}
Shape { geometry IndexedFaceSet 
{ creaseAngle 0.50 coordIndex [0,1,2,-1,0,3,1,-1,4,2,5,-1,4,0,2,-1,6,7,8,-1,6,5,7,-1,6,4,5,-1,9,6,8,-1]
coord Coordinate { point [-2.29729 1.41026 0.558767,-2.23813 1.37436 0.544665,-2.23813 1.41026 0.558767,-2.29729 1.37436 0.544665,-2.29729 1.44837 0.564764,-2.23813 1.44837 0.564764,-2.29729 1.48687 0.562371,-2.23813 1.48687 0.562371,-2.23813 1.52394 0.551701,-2.29729 1.52394 0.551701]
}}
appearance Appearance{material Material{diffuseColor 1 0.807843 0.498039
transparency 0}}}
Shape { geometry IndexedFaceSet 
{ creaseAngle 0.50 coordIndex [0,1,2,-1,1,3,2,-1]
coord Coordinate { point [-0.019685 -0.55118 0.263779,-0.019685 -0.3937 0.263779,-0.019685 -0.55118 0.210629,-0.019685 -0.3937 0.210629]
}}
appearance Appearance{material Material{diffuseColor 0.411765 0.411765 0.411765
transparency 0}}}
Shape { geometry IndexedFaceSet 
{ creaseAngle 0.50 coordIndex [0,1,2,-1,0,3,1,-1,4,2,5,-1,4,0,2,-1,6,5,7,-1,6,4,5,-1,8,7,9,-1,8,6,7,-1,10,9,11,-1,10,8,9,-1,12,11,13,-1,12,10,11,-1,14,13,15,-1,14,12,13,-1]
coord Coordinate { point [2.79527 0.675834 0.301668,2.67716 0.688975 0.303149,2.67716 0.675834 0.301668,2.79527 0.688975 0.303149,2.79527 0.663352 0.297301,2.67716 0.663352 0.297301,2.79527 0.652155 0.290265,2.67716 0.652155 0.290265,2.79527 0.642804 0.280914,2.67716 0.642804 0.280914,2.79527 0.635768 0.269717,2.67716 0.635768 0.269717,2.79527 0.631401 0.257235,2.67716 0.631401 0.257235,2.79527 0.62992 0.244094,2.67716 0.62992 0.244094]
}}
appearance Appearance{material Material{diffuseColor 0.411765 0.411765 0.411765
transparency 0}}}
Shape { geometry IndexedFaceSet 
{ creaseAngle 0.50 coordIndex [0,1,2,-1,3,1,0,-1]
coord Coordinate { point [-1.47047 0.849181 0.335387,-1.47288 0.787678 0.340446,-1.47047 0.849156 0.355542,-1.47281 0.792206 0.321663]
}}
appearance Appearance{material Material{diffuseColor 1 0.807843 0.498039
transparency 0}}}
Shape { geometry IndexedFaceSet 
{ creaseAngle 0.50 coordIndex [0,1,2,-1,2,1,3,-1,3,4,5,-1,1,4,3,-1,5,6,7,-1,4,6,5,-1,7,8,9,-1,6,8,7,-1,9,10,11,-1,8,10,9,-1,11,12,13,-1,10,12,11,-1,13,14,15,-1,12,14,13,-1]
coord Coordinate { point [-1.06299 2.89369 0.255905,-1.06151 2.8937 0.242764,-1.06299 2.95275 0.255905,-1.06151 2.95275 0.242764,-1.05714 2.8937 0.230282,-1.05714 2.95275 0.230282,-1.05011 2.8937 0.219085,-1.05011 2.95275 0.219085,-1.04076 2.8937 0.209734,-1.04076 2.95275 0.209734,-1.02956 2.8937 0.202698,-1.02956 2.95275 0.202698,-1.01708 2.8937 0.198331,-1.01708 2.95275 0.198331,-1.00394 2.89369 0.19685,-1.00394 2.95275 0.19685]
}}
appearance Appearance{material Material{diffuseColor 1 1 1
transparency 0}}}
Shape { geometry IndexedFaceSet 
{ creaseAngle 0.50 coordIndex [0,1,2,-1,3,1,0,-1,4,5,3,-1,3,6,1,-1,5,6,3,-1,6,7,1,-1,8,9,5,-1,5,9,6,-1,10,11,8,-1,8,11,9,-1]
coord Coordinate { point [-2.17217 0.19648 0.219936,-2.3501 0.558782 0.30721,-2.36328 0.19648 0.219936,-2.18534 0.558782 0.30721,-2.19619 0.857113 0.379074,-2.23592 0.857113 0.379074,-2.29951 0.857113 0.379074,-2.33924 0.857114 0.379074,-2.23813 0.91799 0.393739,-2.29729 0.917989 0.393739,-2.23813 1.21337 0.464892,-2.29729 1.21337 0.464892]
}}
appearance Appearance{material Material{diffuseColor 1 0.807843 0.498039
transparency 0}}}
Shape { geometry IndexedFaceSet 
{ creaseAngle 0.50 coordIndex [0,1,2,-1,2,1,3,-1,3,4,5,-1,1,4,3,-1,5,6,7,-1,4,6,5,-1,7,8,9,-1,6,8,7,-1,9,10,11,-1,8,10,9,-1,11,12,13,-1,13,12,14,-1,10,12,11,-1,14,15,16,-1,12,15,14,-1]
coord Coordinate { point [-1.91338 -1.04321 0.116423,-1.91338 -1.04451 0.107945,-1.7559 -1.04321 0.116423,-1.7559 -1.04485 0.106775,-1.91338 -1.04762 0.09995,-1.7559 -1.04838 0.0985549,-1.91338 -1.05238 0.0928166,-1.7559 -1.05321 0.09186,-1.91338 -1.05857 0.0868835,-1.7559 -1.05946 0.0862191,-1.91338 -1.0659 0.0824323,-1.7559 -1.06655 0.082134,-1.91338 -1.07402 0.0796742,-1.7559 -1.07418 0.0796418,-1.7559 -1.07835 0.0789663,-1.91338 -1.08255 0.07874,-1.7559 -1.08255 0.07874]
}}
appearance Appearance{material Material{diffuseColor 1 0.807843 0.498039
transparency 0}}}
Shape { geometry IndexedFaceSet 
{ creaseAngle 0.50 coordIndex [0,1,2,-1,0,2,3,-1]
coord Coordinate { point [2.67716 0.059055 0.413385,2.67716 -0.413385 0.413385,2.79527 -0.413385 0.279527,2.79527 0.059055 0.279527]
}}
appearance Appearance{material Material{diffuseColor 0.411765 0.411765 0.411765
transparency 0}}}
Shape { geometry IndexedFaceSet 
{ creaseAngle 0.50 coordIndex [0,1,2,-1,0,2,3,-1,4,3,5,-1,4,0,3,-1,6,5,7,-1,6,4,5,-1,8,7,9,-1,8,6,7,-1,10,9,11,-1,10,8,9,-1,12,11,13,-1,12,10,11,-1,14,13,15,-1,14,12,13,-1,16,14,15,-1]
coord Coordinate { point [-1.43725 1.54244 0.46925,-1.4311 1.5429 0.469061,-1.4311 1.53543 0.450849,-1.4386 1.53476 0.451123,-1.44325 1.54109 0.469805,-1.4459 1.53276 0.451944,-1.45166 1.53751 0.471272,-1.45406 1.5286 0.453651,-1.45894 1.53223 0.473438,-1.46113 1.52256 0.456127,-1.46383 1.52671 0.475702,-1.46631 1.5153 0.45911,-1.46747 1.52042 0.478286,-1.46943 1.50731 0.462384,-1.46971 1.51358 0.481089,-1.47047 1.49901 0.465792,-1.47047 1.50648 0.484004]
}}
appearance Appearance{material Material{diffuseColor 1 0.807843 0.498039
transparency 0}}}
Shape { geometry IndexedFaceSet 
{ creaseAngle 0.50 coordIndex [0,1,2,-1,0,2,3,-1]
coord Coordinate { point [-2.31102 2.7559 0.687006,-2.62007 2.7559 0.687006,-2.61811 2.7559 0.688975,-2.31299 2.7559 0.688975]
}}
appearance Appearance{material Material{diffuseColor 0.792157 0.819608 0.933333
transparency 0}}}
Shape { geometry IndexedFaceSet 
{ creaseAngle 0.50 coordIndex [0,1,2,-1,3,4,5,-1,6,7,8,-1,9,6,8,-1,10,11,12,-1,13,10,12,-1,14,15,16,-1,14,2,15,-1,14,17,0,-1,14,0,2,-1,18,19,20,-1,18,16,19,-1,18,14,16,-1,21,20,4,-1,21,4,3,-1,21,18,20,-1,22,8,17,-1,22,17,14,-1,23,14,18,-1,23,22,14,-1,24,3,25,-1,24,25,12,-1,24,21,3,-1,24,18,21,-1,24,23,18,-1,26,11,27,-1,26,27,28,-1,26,28,9,-1,26,22,23,-1,26,24,12,-1,26,8,22,-1,26,9,8,-1,26,12,11,-1,26,23,24,-1]
coord Coordinate { point [-2.33666 1.41791 0.52002,-2.33666 1.39265 0.509805,-2.33568 1.38858 0.517562,-2.29729 1.41026 0.558767,-2.30605 1.37481 0.543791,-2.29729 1.37436 0.544665,-2.33568 1.51232 0.523382,-2.33666 1.50899 0.515277,-2.33666 1.47813 0.523911,-2.33276 1.51548 0.531081,-2.30605 1.52356 0.550788,-2.31437 1.52246 0.548094,-2.29729 1.48687 0.562371,-2.29729 1.52394 0.551701,-2.33276 1.4161 0.537258,-2.33276 1.38471 0.52493,-2.32807 1.38124 0.53154,-2.33666 1.44534 0.525121,-2.32184 1.41251 0.550478,-2.32184 1.37835 0.53706,-2.31437 1.37617 0.541213,-2.30605 1.41052 0.557815,-2.33276 1.44941 0.5425,-2.32184 1.44877 0.556184,-2.30605 1.44841 0.563778,-2.29729 1.44837 0.564764,-2.32513 1.48369 0.551214,-2.32184 1.52068 0.543755,-2.32807 1.51831 0.537987]
}}
appearance Appearance{material Material{diffuseColor 1 0.807843 0.498039
transparency 0}}}
Shape { geometry IndexedFaceSet 
{ creaseAngle 0.50 coordIndex [0,1,2,-1,2,3,4,-1,1,3,2,-1,4,5,6,-1,3,5,4,-1,6,7,8,-1,5,7,6,-1,8,9,10,-1,7,9,8,-1,10,11,12,-1,9,11,10,-1,12,13,14,-1,11,13,12,-1,13,15,14,-1]
coord Coordinate { point [-1.46063 1.8307 0.019685,-1.46063 1.8307 0.120078,-1.47815 1.82873 0.019685,-1.47815 1.82873 0.120078,-1.49479 1.82291 0.019685,-1.49479 1.82291 0.120078,-1.50972 1.81353 0.019685,-1.50972 1.81353 0.120078,-1.52219 1.80106 0.019685,-1.52219 1.80106 0.120078,-1.53157 1.78613 0.019685,-1.53157 1.78613 0.120078,-1.53739 1.76949 0.019685,-1.53739 1.76949 0.120078,-1.53937 1.75196 0.019685,-1.53937 1.75196 0.120078]
}}
appearance Appearance{material Material{diffuseColor 0.411765 0.411765 0.411765
transparency 0}}}
Shape { geometry IndexedFaceSet 
{ creaseAngle 0.50 coordIndex [0,1,2,-1,1,3,4,-1,5,3,0,-1,6,3,5,-1,0,3,1,-1,3,7,4,-1,3,8,7,-1,9,10,8,-1,11,12,10,-1,13,14,12,-1,10,14,8,-1,12,14,10,-1,8,15,7,-1,14,15,8,-1]
coord Coordinate { point [2.36475 2.76878 0.688975,2.34836 2.78933 0.688975,2.3554 2.77813 0.688975,2.40157 2.7559 0.688975,2.344 2.80181 0.688975,2.37595 2.76175 0.688975,2.38843 2.75738 0.688975,2.34252 2.81495 0.688975,2.44094 2.7559 0.688975,2.45408 2.75738 0.688975,2.46656 2.76175 0.688975,2.47776 2.76878 0.688975,2.48711 2.77813 0.688975,2.49415 2.78933 0.688975,2.49851 2.80181 0.688975,2.5 2.81495 0.688975]
}}
appearance Appearance{material Material{diffuseColor 0.411765 0.411765 0.411765
transparency 0}}}
Shape { geometry IndexedFaceSet 
{ creaseAngle 0.50 coordIndex [0,1,2,-1,3,1,0,-1]
coord Coordinate { point [-0.177165 -0.55118 0.210629,-0.019685 -0.3937 0.210629,-0.177165 -0.3937 0.210629,-0.019685 -0.55118 0.210629]
}}
appearance Appearance{material Material{diffuseColor 1 0.807843 0.498039
transparency 0}}}
Shape { geometry IndexedFaceSet 
{ creaseAngle 0.50 coordIndex [0,1,2,-1,2,3,4,-1,1,3,2,-1,4,5,6,-1,3,5,4,-1,6,7,8,-1,5,7,6,-1,8,9,10,-1,7,9,8,-1,10,11,12,-1,9,11,10,-1,12,13,14,-1,11,13,12,-1,13,15,14,-1]
coord Coordinate { point [2.69684 -0.03937 0.62992,2.69685 -2.35826 0.62992,2.69632 -0.039897 0.637792,2.69536 -2.35826 0.643061,2.69465 -0.0415683 0.645883,2.691 -2.35826 0.655543,2.69048 -0.0457398 0.656599,2.68396 -2.35826 0.66674,2.68348 -0.0527396 0.667341,2.67461 -2.35826 0.676091,2.67178 -0.0644368 0.678214,2.66341 -2.35826 0.683127,2.65679 -0.0794285 0.685836,2.65093 -2.35826 0.687494,2.63779 -0.098425 0.688975,2.63779 -2.35826 0.688975]
}}
appearance Appearance{material Material{diffuseColor 1 1 1
transparency 0}}}
Shape { geometry IndexedFaceSet 
{ creaseAngle 0.50 coordIndex [0,1,2,-1,3,4,1,-1,0,3,1,-1]
coord Coordinate { point [2.53937 -1.92913 0.74803,2.53937 -1.85039 0.688975,2.53937 -1.92913 0.688975,2.53936 -0.213158 0.74803,2.53936 -0.213158 0.688975]
}}
appearance Appearance{material Material{diffuseColor 1 1 1
transparency 0}}}
Shape { geometry IndexedFaceSet 
{ creaseAngle 0.50 coordIndex [0,1,2,-1,0,2,3,-1,4,5,6,-1,4,7,5,-1,8,9,1,-1,8,1,0,-1,10,4,6,-1,10,9,8,-1,10,6,9,-1,11,12,13,-1,11,13,14,-1,15,16,17,-1,18,19,20,-1,21,22,19,-1,21,19,18,-1,23,20,24,-1,23,18,20,-1,25,26,22,-1,25,22,21,-1,27,24,28,-1,27,23,24,-1,29,26,25,-1,30,31,15,-1,30,15,17,-1,32,13,26,-1,32,26,29,-1,33,28,34,-1,33,27,28,-1,14,13,32,-1,3,2,35,-1,3,35,31,-1,3,31,30,-1,7,34,5,-1,7,33,34,-1]
coord Coordinate { point [-1.32283 -1.04093 0.0289157,-1.32283 -1.05946 0.0862191,-1.32283 -1.06655 0.082134,-1.32283 -1.06123 0.0220204,-1.32283 -0.99522 0.07271,-1.32283 -1.04485 0.106775,-1.32283 -1.04838 0.0985549,-1.32283 -0.987461 0.0926979,-1.32283 -1.02261 0.0400438,-1.32283 -1.05321 0.09186,-1.32283 -1.00712 0.0548765,-1.32283 -0.807085 0.151574,-1.32283 -0.807085 0.210629,-1.32283 -0.94488 0.210629,-1.32283 -0.94488 0.151574,-1.32283 -1.08255 0.07874,-1.32283 -1.57874 0.07874,-1.32283 -1.57874 0.019685,-1.32283 -0.974222 0.138454,-1.32283 -1.00482 0.190271,-1.32283 -1.02031 0.175438,-1.32283 -0.96797 0.144095,-1.32283 -0.986496 0.201399,-1.32283 -0.97905 0.13176,-1.32283 -1.03221 0.157605,-1.32283 -0.960876 0.14818,-1.32283 -0.966194 0.208294,-1.32283 -0.98258 0.123539,-1.32283 -1.03997 0.137617,-1.32283 -0.95325 0.150673,-1.32283 -1.08255 0.019685,-1.32283 -1.07835 0.0789663,-1.32283 -0.94908 0.151348,-1.32283 -0.984214 0.113892,-1.32283 -1.04321 0.116423,-1.32283 -1.07418 0.0796418]
}}
appearance Appearance{material Material{diffuseColor 1 0.807843 0.498039
transparency 0}}}
Shape { geometry IndexedFaceSet 
{ creaseAngle 0.50 coordIndex [0,1,2,-1,2,1,3,-1]
coord Coordinate { point [0.688975 -0.3937 0.263779,0.688975 -0.3937 0.210629,0.846455 -0.3937 0.263779,0.846455 -0.3937 0.210629]
}}
appearance Appearance{material Material{diffuseColor 0.411765 0.411765 0.411765
transparency 0}}}
Shape { geometry IndexedFaceSet 
{ creaseAngle 0.50 coordIndex [0,1,2,-1,3,0,2,-1]
coord Coordinate { point [-2.45078 2.40157 0.098425,-1.44685 2.40157 0.098425,-1.44685 2.40157 0.019685,-2.45078 2.40157 0.019685]
}}
appearance Appearance{material Material{diffuseColor 0.411765 0.411765 0.411765
transparency 0}}}
Shape { geometry IndexedFaceSet 
{ creaseAngle 0.50 coordIndex [0,1,2,-1,0,3,1,-1,4,2,5,-1,4,0,2,-1,6,5,7,-1,6,4,5,-1,8,7,9,-1,8,6,7,-1,10,9,11,-1,10,8,9,-1,12,11,13,-1,12,10,11,-1,14,13,15,-1,14,12,13,-1]
coord Coordinate { point [-0.572643 0.839515 0.393001,-0.56496 1.13463 0.464892,-0.57372 1.13486 0.463933,-0.56496 0.839249 0.393738,-0.58003 0.840128 0.390822,-0.582042 1.13554 0.461102,-0.588121 0.841285 0.38646,-0.589506 1.13664 0.456542,-0.594922 0.842857 0.380373,-0.59574 1.1381 0.450481,-0.600032 0.844766 0.372888,-0.600431 1.13985 0.443224,-0.603233 0.846902 0.364458,-0.603342 1.1418 0.435134,-0.60433 0.849156 0.355542,-0.604329 1.14385 0.426617]
}}
appearance Appearance{material Material{diffuseColor 1 0.807843 0.498039
transparency 0}}}
Shape { geometry IndexedFaceSet 
{ creaseAngle 0.50 coordIndex [0,1,2,-1,3,2,1,-1,4,0,2,-1,5,2,3,-1,6,4,2,-1,7,2,5,-1,2,8,6,-1]
coord Coordinate { point [0.708726 0.859153 0.371729,0.701912 0.860667 0.365576,0.69225 0.857114 0.379074,0.69681 0.862461 0.358004,0.716845 0.858012 0.376135,0.693637 0.864416 0.349473,0.724263 0.857393 0.378333,0.692423 0.866418 0.340446,0.731982 0.857113 0.379074]
}}
appearance Appearance{material Material{diffuseColor 0.792157 0.819608 0.933333
transparency 0}}}
Shape { geometry IndexedFaceSet 
{ creaseAngle 0.50 coordIndex [0,1,2,-1,3,0,2,-1]
coord Coordinate { point [-0.0098425 2.77558 0.263779,0.600393 2.77558 0.263779,0.600393 2.77558 0.098425,-0.0098425 2.77558 0.098425]
}}
appearance Appearance{material Material{diffuseColor 0.411765 0.411765 0.411765
transparency 0}}}
Shape { geometry IndexedFaceSet 
{ creaseAngle 0.50 coordIndex [0,1,2,-1,3,1,0,-1]
coord Coordinate { point [-2.79527 -1.74803 0.177165,-2.67716 -1.55512 0.177165,-2.79527 -1.55512 0.177165,-2.67716 -1.74803 0.177165]
}}
appearance Appearance{material Material{diffuseColor 0.411765 0.411765 0.411765
transparency 0}}}
Shape { geometry IndexedFaceSet 
{ creaseAngle 0.50 coordIndex [0,1,2,-1,3,1,0,-1,2,4,5,-1,1,4,2,-1,5,6,7,-1,4,6,5,-1,7,8,9,-1,6,8,7,-1,9,10,11,-1,8,10,9,-1,11,12,13,-1,10,12,11,-1,13,14,15,-1,12,14,13,-1,16,17,15,-1,16,15,14,-1]
coord Coordinate { point [-2.12992 -0.137795 0.120078,-1.97244 1.75196 0.120078,-2.12992 1.75196 0.120078,-1.97244 -0.137795 0.120078,-1.97046 1.76949 0.120078,-2.13189 1.76949 0.120078,-1.96464 1.78613 0.120078,-2.13771 1.78613 0.120078,-1.95526 1.80106 0.120078,-2.1471 1.80106 0.120078,-1.94279 1.81353 0.120078,-2.15956 1.81353 0.120078,-1.92786 1.82291 0.120078,-2.17449 1.82291 0.120078,-1.91122 1.82873 0.120078,-2.19114 1.82873 0.120078,-1.8937 1.8307 0.120078,-2.20866 1.8307 0.120078]
}}
appearance Appearance{material Material{diffuseColor 0.411765 0.411765 0.411765
transparency 0}}}
Shape { geometry IndexedFaceSet 
{ creaseAngle 0.50 coordIndex [0,1,2,-1,0,2,3,-1,4,3,5,-1,4,0,3,-1,6,5,7,-1,6,4,5,-1,8,7,9,-1,8,6,7,-1,10,9,11,-1,10,8,9,-1,12,11,13,-1,12,10,11,-1,14,13,15,-1,14,12,13,-1]
coord Coordinate { point [-2.75541 -1.34296 0.539369,-2.7559 -1.33858 0.539369,-2.7559 -1.33858 0.413385,-2.75541 -1.34296 0.413385,-2.75395 -1.34712 0.539369,-2.75395 -1.34712 0.413385,-2.75161 -1.35085 0.539369,-2.75161 -1.35085 0.413385,-2.74849 -1.35397 0.539369,-2.74849 -1.35397 0.413385,-2.74476 -1.35632 0.539369,-2.74476 -1.35632 0.413385,-2.7406 -1.35777 0.539369,-2.7406 -1.35777 0.413385,-2.73622 -1.35827 0.539369,-2.73622 -1.35827 0.413385]
}}
appearance Appearance{material Material{diffuseColor 1 1 1
transparency 0}}}
Shape { geometry IndexedFaceSet 
{ creaseAngle 0.50 coordIndex [0,1,2,-1,3,2,4,-1,3,0,2,-1,5,4,6,-1,5,3,4,-1,7,6,8,-1,7,5,6,-1,9,8,10,-1,9,7,8,-1,11,10,12,-1,11,9,10,-1,13,12,14,-1,13,11,12,-1,15,13,14,-1]
coord Coordinate { point [0.734198 1.24514 0.476845,0.734198 1.37436 0.544665,0.725437 1.37481 0.543791,0.725437 1.2456 0.475971,0.717116 1.37617 0.541213,0.717116 1.24695 0.473392,0.709651 1.37835 0.53706,0.709651 1.24913 0.469239,0.703417 1.38124 0.53154,0.703417 1.25203 0.46372,0.698727 1.38471 0.52493,0.698727 1.2555 0.45711,0.695815 1.38858 0.517562,0.695815 1.25936 0.449742,0.694828 1.39265 0.509805,0.694828 1.26343 0.441985]
}}
appearance Appearance{material Material{diffuseColor 1 0.807843 0.498039
transparency 0}}}
Shape { geometry IndexedFaceSet 
{ creaseAngle 0.50 coordIndex [0,1,2,-1,0,3,1,-1,4,0,2,-1]
coord Coordinate { point [-2.19636 0.866457 0.340294,-2.18534 0.558782 0.30721,-2.18561 0.572603 0.249796,-2.19619 0.857113 0.379074,-2.19646 0.870939 0.321662]
}}
appearance Appearance{material Material{diffuseColor 1 0.807843 0.498039
transparency 0}}}
Shape { geometry IndexedFaceSet 
{ creaseAngle 0.50 coordIndex [0,1,2,-1,1,3,2,-1]
coord Coordinate { point [-0.0727817 1.52394 0.551701,-0.0727817 1.60016 0.520428,-0.131942 1.52394 0.551701,-0.131942 1.60016 0.520428]
}}
appearance Appearance{material Material{diffuseColor 1 0.807843 0.498039
transparency 0}}}
Shape { geometry IndexedFaceSet 
{ creaseAngle 0.50 coordIndex [0,1,2,-1,1,3,2,-1]
coord Coordinate { point [-0.452755 -0.3937 0.151574,-0.610235 -0.3937 0.151574,-0.452755 -0.3937 0.019685,-0.610235 -0.3937 0.019685]
}}
appearance Appearance{material Material{diffuseColor 0.411765 0.411765 0.411765
transparency 0}}}
Shape { geometry IndexedFaceSet 
{ creaseAngle 0.50 coordIndex [0,1,2,-1,0,3,1,-1]
coord Coordinate { point [0.31496 2.32392 0.570865,0.27559 2.32203 0.55127,0.31496 2.32203 0.55127,0.27559 2.32392 0.570865]
}}
appearance Appearance{material Material{diffuseColor 0.792157 0.819608 0.933333
transparency 0}}}
Shape { geometry IndexedFaceSet 
{ creaseAngle 0.50 coordIndex [0,1,2,-1,2,1,3,-1,3,4,5,-1,1,4,3,-1,5,6,7,-1,4,6,5,-1,7,8,9,-1,6,8,7,-1,9,10,11,-1,8,10,9,-1,11,12,13,-1,10,12,11,-1,13,14,15,-1,12,14,13,-1]
coord Coordinate { point [2.69685 2.10629 0.255905,2.69685 2.10481 0.242764,2.7559 2.10629 0.255905,2.7559 2.10481 0.242764,2.69685 2.10045 0.230282,2.7559 2.10045 0.230282,2.69685 2.09341 0.219085,2.7559 2.09341 0.219085,2.69685 2.08406 0.209734,2.7559 2.08406 0.209734,2.69685 2.07286 0.202698,2.7559 2.07286 0.202698,2.69685 2.06038 0.198331,2.7559 2.06038 0.198331,2.69685 2.04724 0.19685,2.7559 2.04724 0.19685]
}}
appearance Appearance{material Material{diffuseColor 1 1 1
transparency 0}}}
Shape { geometry IndexedFaceSet 
{ creaseAngle 0.50 coordIndex [0,1,2,-1,3,0,2,-1,4,0,3,-1,5,4,3,-1]
coord Coordinate { point [-0.439895 0.11774 0.219936,-0.43704 0.03937 0.210629,-0.437038 0.03937 0.151574,-0.440398 0.13157 0.162523,-0.45309 0.480042 0.30721,-0.453356 0.493869 0.249798]
}}
appearance Appearance{material Material{diffuseColor 1 0.807843 0.498039
transparency 0}}}
Shape { geometry IndexedFaceSet 
{ creaseAngle 0.50 coordIndex [0,1,2,-1,2,1,3,-1,4,5,6,-1,7,5,4,-1,8,9,0,-1,0,9,1,-1,6,10,8,-1,5,10,6,-1,8,10,9,-1,11,12,13,-1,12,14,13,-1,15,16,17,-1,18,19,15,-1,15,19,16,-1,17,20,21,-1,16,20,17,-1,22,23,18,-1,18,23,19,-1,21,24,25,-1,20,24,21,-1,11,26,22,-1,22,26,23,-1,27,28,29,-1,30,28,27,-1,25,31,32,-1,24,31,25,-1,11,13,26,-1,2,3,33,-1,33,3,30,-1,30,3,28,-1,32,7,4,-1,31,7,32,-1]
coord Coordinate { point [-1.48031 -1.05857 0.0868835,-1.48031 -1.04093 0.0289157,-1.48031 -1.0659 0.0824323,-1.48031 -1.06123 0.0220204,-1.48031 -1.04451 0.107945,-1.48031 -0.99522 0.07271,-1.48031 -1.04762 0.09995,-1.48031 -0.987461 0.0926979,-1.48031 -1.05238 0.0928166,-1.48031 -1.02261 0.0400438,-1.48031 -1.00712 0.0548765,-1.48031 -0.94488 0.210629,-1.48031 -0.807085 0.210629,-1.48031 -0.94488 0.151574,-1.48031 -0.807085 0.151574,-1.48031 -1.00482 0.190271,-1.48031 -0.97505 0.137498,-1.48031 -1.02031 0.175438,-1.48031 -0.986496 0.201399,-1.48031 -0.968857 0.143431,-1.48031 -0.979812 0.130365,-1.48031 -1.03221 0.157605,-1.48031 -0.966194 0.208294,-1.48031 -0.961526 0.147882,-1.48031 -0.982915 0.122369,-1.48031 -1.03997 0.137617,-1.48031 -0.953405 0.15064,-1.48031 -1.57874 0.07874,-1.48031 -1.08255 0.019685,-1.48031 -1.57874 0.019685,-1.48031 -1.08255 0.07874,-1.48031 -0.984214 0.113892,-1.48031 -1.04321 0.116423,-1.48031 -1.07402 0.0796742]
}}
appearance Appearance{material Material{diffuseColor 1 0.807843 0.498039
transparency 0}}}
Shape { geometry IndexedFaceSet 
{ creaseAngle 0.50 coordIndex [0,1,2,-1,0,2,3,-1]
coord Coordinate { point [-0.00396751 0.11811 0.151574,-0.00394624 -0.137795 0.151574,-0.200787 -0.137795 0.151574,-0.200787 0.11811 0.151574]
}}
appearance Appearance{material Material{diffuseColor 1 0.807843 0.498039
transparency 0}}}
Shape { geometry IndexedFaceSet 
{ creaseAngle 0.50 coordIndex [0,1,2,-1,0,3,1,-1,4,2,5,-1,4,0,2,-1,6,5,7,-1,6,4,5,-1,8,7,9,-1,8,6,7,-1,10,9,11,-1,10,8,9,-1,12,11,13,-1,12,10,11,-1,14,13,15,-1,14,12,13,-1]
coord Coordinate { point [-1.89075 2.3525 0.548341,-1.88976 2.36311 0.567097,-1.89075 2.35439 0.567935,-1.88976 2.36122 0.547502,-1.89366 2.34422 0.549137,-1.89366 2.3461 0.568732,-1.89835 2.33679 0.549852,-1.89835 2.33867 0.569446,-1.90458 2.33058 0.550448,-1.90458 2.33247 0.570043,-1.91205 2.32591 0.550897,-1.91205 2.3278 0.570492,-1.92037 2.32302 0.551176,-1.92037 2.3249 0.570771,-1.92913 2.32203 0.55127,-1.92913 2.32392 0.570865]
}}
appearance Appearance{material Material{diffuseColor 1 1 1
transparency 0}}}
Shape { geometry IndexedFaceSet 
{ creaseAngle 0.50 coordIndex [0,1,2,-1,3,1,0,-1,4,1,5,-1,4,2,1,-1,6,7,3,-1,6,5,7,-1,6,3,0,-1,6,4,5,-1]
coord Coordinate { point [2.42125 2.87401 0.019685,2.12598 2.87401 0.413385,2.42125 2.87401 0.62992,2.12598 2.87401 0.216535,1.39763 2.87401 0.62992,1.69291 2.87401 0.413385,1.39764 2.87401 0.019685,1.69291 2.87401 0.216535]
}}
appearance Appearance{material Material{diffuseColor 0.411765 0.411765 0.411765
transparency 0}}}
Shape { geometry IndexedFaceSet 
{ creaseAngle 0.50 coordIndex [0,1,2,-1,3,4,0,-1,0,4,1,-1,2,5,6,-1,1,5,2,-1,7,8,3,-1,3,8,4,-1,6,9,10,-1,5,9,6,-1,11,12,7,-1,7,12,8,-1,10,13,14,-1,9,13,10,-1,11,15,12,-1,11,16,15,-1,11,17,16,-1,17,18,16,-1,14,19,20,-1,13,19,14,-1]
coord Coordinate { point [2.71143 -2.35826 0.722262,2.68396 -2.35826 0.66674,2.73013 -2.35826 0.70356,2.68904 -2.35826 0.736333,2.67461 -2.35826 0.676091,2.691 -2.35826 0.655543,2.7442 -2.35826 0.681166,2.66407 -2.35826 0.745069,2.66341 -2.35826 0.683127,2.69536 -2.35826 0.643061,2.75294 -2.35826 0.656202,2.63779 -2.35826 0.74803,2.65093 -2.35826 0.687494,2.69685 -2.35826 0.62992,2.7559 -2.35826 0.62992,2.63779 -2.35826 0.688975,2.6181 -2.35826 0.688975,2.38189 -2.35826 0.74803,2.38189 -2.35826 0.688975,2.69685 -2.35826 0.098425,2.7559 -2.35826 0.098425]
}}
appearance Appearance{material Material{diffuseColor 1 1 1
transparency 0}}}
Shape { geometry IndexedFaceSet 
{ creaseAngle 0.50 coordIndex [0,1,2,-1,3,2,4,-1,3,0,2,-1,5,4,6,-1,5,3,4,-1,7,6,8,-1,7,5,6,-1,9,8,10,-1,9,7,8,-1,11,10,12,-1,11,9,10,-1,13,11,12,-1,14,12,15,-1,14,13,12,-1]
coord Coordinate { point [0.360288 1.37085 0.464892,0.360288 1.07547 0.393739,0.367991 1.07583 0.39302,0.369049 1.37108 0.463933,0.375395 1.07653 0.390849,0.37737 1.37176 0.461102,0.3835 1.07776 0.386481,0.384835 1.37286 0.456542,0.390306 1.07937 0.380372,0.391069 1.37432 0.450481,0.39541 1.08126 0.372845,0.395759 1.37607 0.443224,0.398592 1.08331 0.36436,0.398671 1.37802 0.435134,0.399658 1.38007 0.426617,0.399658 1.0854 0.355375]
}}
appearance Appearance{material Material{diffuseColor 1 0.807843 0.498039
transparency 0}}}
Shape { geometry IndexedFaceSet 
{ creaseAngle 0.50 coordIndex [0,1,2,-1,3,1,0,-1,4,5,6,-1,7,8,1,-1,4,9,10,-1,4,10,11,-1,4,11,5,-1,12,1,8,-1,4,6,3,-1,13,14,15,-1,13,15,16,-1,13,16,17,-1,13,17,18,-1,19,7,1,-1,13,18,9,-1,13,9,4,-1,13,20,14,-1,14,20,21,-1,22,1,12,-1,23,19,1,-1,24,23,1,-1,25,1,3,-1,25,24,1,-1,26,25,3,-1,27,26,3,-1,28,27,3,-1,29,28,3,-1,30,29,3,-1,6,30,3,-1,31,22,32,-1,31,1,22,-1,33,31,32,-1,34,31,33,-1,35,20,31,-1,35,31,34,-1,36,20,35,-1,37,20,36,-1,38,20,37,-1,39,20,38,-1,21,20,39,-1]
coord Coordinate { point [-2.14567 1.18668 0.68021,-1.75196 1.55511 0.644785,-1.75196 1.18668 0.68021,-2.14567 1.55511 0.644785,-2.09062 2.65608 0.538928,-2.00787 2.36311 0.567097,-2.00688 2.35439 0.567935,-1.90458 2.33247 0.570043,-1.89835 2.33867 0.569446,-2.00397 2.63389 0.541061,-2.00688 2.62561 0.541857,-2.00787 2.61689 0.542696,-1.89366 2.3461 0.568732,-2.09053 2.65747 0.539073,-1.9685 2.65608 0.538928,-1.97726 2.6551 0.539022,-1.98558 2.6522 0.539301,-1.99305 2.64753 0.53975,-1.99928 2.64133 0.540346,-1.91205 2.3278 0.570492,-1.8071 2.65747 0.539062,-1.92913 2.65608 0.538928,-1.89075 2.35439 0.567935,-1.92037 2.3249 0.570771,-1.92913 2.32392 0.570865,-1.9685 2.32392 0.570865,-1.97726 2.3249 0.570771,-1.98558 2.3278 0.570492,-1.99305 2.33247 0.570043,-1.99928 2.33867 0.569446,-2.00397 2.3461 0.568732,-1.80701 2.65608 0.538928,-1.88976 2.36311 0.567097,-1.88976 2.61689 0.542696,-1.89075 2.62561 0.541857,-1.89366 2.63389 0.541061,-1.89835 2.64133 0.540346,-1.90458 2.64753 0.53975,-1.91205 2.6522 0.539301,-1.92037 2.6551 0.539022]
}}
appearance Appearance{material Material{diffuseColor 1 1 1
transparency 0}}}
Shape { geometry IndexedFaceSet 
{ creaseAngle 0.50 coordIndex [0,1,2,-1,0,3,1,-1,4,2,5,-1,4,0,2,-1,6,5,7,-1,6,4,5,-1,8,7,9,-1,8,6,7,-1,10,9,11,-1,10,8,9,-1,12,11,13,-1,12,10,11,-1,14,13,15,-1,14,12,13,-1]
coord Coordinate { point [2.75294 -2.93966 0.007874,2.7559 -2.91338 0.066929,2.75294 -2.93966 0.066929,2.7559 -2.91338 0.007874,2.7442 -2.96463 0.007874,2.7442 -2.96463 0.066929,2.73013 -2.98702 0.007874,2.73013 -2.98702 0.066929,2.71143 -3.00572 0.007874,2.71143 -3.00572 0.066929,2.68904 -3.01979 0.007874,2.68904 -3.01979 0.066929,2.66407 -3.02853 0.007874,2.66407 -3.02853 0.066929,2.63779 -3.03149 0.007874,2.63779 -3.03149 0.066929]
}}
appearance Appearance{material Material{diffuseColor 1 1 1
transparency 0}}}
Shape { geometry IndexedFaceSet 
{ creaseAngle 0.50 coordIndex [0,1,2,-1,0,3,1,-1]
coord Coordinate { point [-1.7559 -0.807085 0.151574,-1.91338 -0.94488 0.151574,-1.91338 -0.807085 0.151574,-1.7559 -0.94488 0.151574]
}}
appearance Appearance{material Material{diffuseColor 1 0.807843 0.498039
transparency 0}}}
Shape { geometry IndexedFaceSet 
{ creaseAngle 0.50 coordIndex [0,1,2,-1,3,1,0,-1]
coord Coordinate { point [0.665353 -0.137795 0.210629,0.86217 0.11811 0.210629,0.665353 0.11811 0.210629,0.862194 -0.137795 0.210629]
}}
appearance Appearance{material Material{diffuseColor 1 0.807843 0.498039
transparency 0}}}
Shape { geometry IndexedFaceSet 
{ creaseAngle 0.50 coordIndex [0,1,2,-1,3,0,2,-1]
coord Coordinate { point [0.688975 -0.3937 0.151574,0.688975 -0.55118 0.151574,0.688975 -0.55118 0.019685,0.688975 -0.3937 0.019685]
}}
appearance Appearance{material Material{diffuseColor 0.411765 0.411765 0.411765
transparency 0}}}
Shape { geometry IndexedFaceSet 
{ creaseAngle 0.50 coordIndex [0,1,2,-1,0,2,3,-1,4,1,0,-1,5,6,1,-1,5,1,4,-1,7,6,5,-1,8,6,7,-1,9,8,7,-1,10,11,8,-1,10,8,9,-1,12,13,11,-1,12,11,10,-1,14,13,12,-1,15,13,14,-1,16,15,14,-1,17,15,16,-1,18,15,17,-1,19,18,17,-1,20,18,19,-1,21,20,19,-1]
coord Coordinate { point [-2.19876 1.2272 0.407479,-2.19876 1.22259 0.426617,-2.19876 0.927917 0.355375,-2.19876 0.927924 0.335388,-2.19876 1.24278 0.411918,-2.19876 1.25794 0.417623,-2.19876 1.26343 0.441985,-2.19876 1.27258 0.424554,-2.19876 1.39265 0.509805,-2.19876 1.4018 0.492375,-2.19876 1.41931 0.499832,-2.19876 1.4182 0.519947,-2.19876 1.43772 0.50437,-2.19876 1.44542 0.524825,-2.19876 1.45669 0.505904,-2.19876 1.47787 0.523761,-2.19876 1.47703 0.504141,-2.19876 1.48945 0.501271,-2.19876 1.50899 0.515277,-2.19876 1.50152 0.497066,-2.19876 1.58522 0.484004,-2.19876 1.57775 0.465792]
}}
appearance Appearance{material Material{diffuseColor 1 0.807843 0.498039
transparency 0}}}
Shape { geometry IndexedFaceSet 
{ creaseAngle 0.50 coordIndex [0,1,2,-1,0,2,3,-1,0,3,4,-1,0,4,5,-1,0,5,6,-1,0,6,7,-1,0,7,8,-1,9,0,8,-1,10,9,11,-1,10,0,9,-1,12,11,13,-1,14,15,16,-1,14,16,17,-1,14,17,10,-1,14,10,11,-1,14,11,12,-1]
coord Coordinate { point [2.7559 -2.91338 0.007874,2.75294 -2.93966 0.007874,2.7442 -2.96463 0.007874,2.73013 -2.98702 0.007874,2.71143 -3.00572 0.007874,2.68904 -3.01979 0.007874,2.66407 -3.02853 0.007874,2.63779 -3.03149 0.007874,2.51968 -3.03149 0.007874,2.51968 -2.51968 0.007874,2.7559 -2.63779 0.007874,2.63779 -2.51968 0.007874,2.68904 -2.53138 0.007874,2.66407 -2.52264 0.007874,2.71143 -2.54545 0.007874,2.73013 -2.56415 0.007874,2.7442 -2.58654 0.007874,2.75294 -2.61151 0.007874]
}}
appearance Appearance{material Material{diffuseColor 1 1 1
transparency 0}}}
Shape { geometry IndexedFaceSet 
{ creaseAngle 0.50 coordIndex [0,1,2,-1,0,3,1,-1,4,2,5,-1,4,0,2,-1,6,7,8,-1,6,5,7,-1,6,4,5,-1,9,6,8,-1]
coord Coordinate { point [-0.131942 1.41026 0.558767,-0.0727817 1.37436 0.544665,-0.0727817 1.41026 0.558767,-0.131942 1.37436 0.544665,-0.131942 1.44837 0.564764,-0.0727817 1.44837 0.564764,-0.131942 1.48687 0.562371,-0.0727817 1.48687 0.562371,-0.0727817 1.52394 0.551701,-0.131942 1.52394 0.551701]
}}
appearance Appearance{material Material{diffuseColor 1 0.807843 0.498039
transparency 0}}}
Shape { geometry IndexedFaceSet 
{ creaseAngle 0.50 coordIndex [0,1,2,-1,3,1,0,-1,2,4,5,-1,1,4,2,-1,5,6,7,-1,4,6,5,-1,7,8,9,-1,6,8,7,-1,9,10,11,-1,8,10,9,-1,11,12,13,-1,10,12,11,-1,13,14,15,-1,12,14,13,-1,16,17,15,-1,16,15,14,-1]
coord Coordinate { point [-1.69685 -0.137795 0.120078,-1.53937 1.75196 0.120078,-1.69685 1.75196 0.120078,-1.53937 -0.137795 0.120078,-1.53739 1.76949 0.120078,-1.69882 1.76949 0.120078,-1.53157 1.78613 0.120078,-1.70464 1.78613 0.120078,-1.52219 1.80106 0.120078,-1.71403 1.80106 0.120078,-1.50972 1.81353 0.120078,-1.72649 1.81353 0.120078,-1.49479 1.82291 0.120078,-1.74142 1.82291 0.120078,-1.47815 1.82873 0.120078,-1.75807 1.82873 0.120078,-1.46063 1.8307 0.120078,-1.77559 1.8307 0.120078]
}}
appearance Appearance{material Material{diffuseColor 0.411765 0.411765 0.411765
transparency 0}}}
Shape { geometry IndexedFaceSet 
{ creaseAngle 0.50 coordIndex [0,1,2,-1,3,1,0,-1]
coord Coordinate { point [0.846455 -0.55118 0.151574,0.846455 -0.3937 0.019685,0.846455 -0.55118 0.019685,0.846455 -0.3937 0.151574]
}}
appearance Appearance{material Material{diffuseColor 0.411765 0.411765 0.411765
transparency 0}}}
Shape { geometry IndexedFaceSet 
{ creaseAngle 0.50 coordIndex [0,1,2,-1,3,0,2,-1]
coord Coordinate { point [-0.437019 -0.137795 0.151574,-0.633845 -0.137795 0.151574,-0.633824 0.0393699 0.151574,-0.437038 0.03937 0.151574]
}}
appearance Appearance{material Material{diffuseColor 1 0.807843 0.498039
transparency 0}}}
Shape { geometry IndexedFaceSet 
{ creaseAngle 0.50 coordIndex [0,1,2,-1,0,3,1,-1,4,0,2,-1]
coord Coordinate { point [-0.0310095 0.866419 0.340446,-0.0199912 0.558782 0.30721,-0.0202562 0.572603 0.249796,-0.0308373 0.857113 0.379074,-0.0311053 0.870939 0.321662]
}}
appearance Appearance{material Material{diffuseColor 1 0.807843 0.498039
transparency 0}}}
Shape { geometry IndexedFaceSet 
{ creaseAngle 0.50 coordIndex [0,1,2,-1,1,3,2,-1]
coord Coordinate { point [0.360288 1.68142 0.551701,0.360288 1.75764 0.520428,0.301128 1.68142 0.551701,0.301128 1.75764 0.520428]
}}
appearance Appearance{material Material{diffuseColor 0.792157 0.819608 0.933333
transparency 0}}}
Shape { geometry IndexedFaceSet 
{ creaseAngle 0.50 coordIndex [0,1,2,-1,1,3,2,-1]
coord Coordinate { point [0.413385 -0.55118 0.263779,0.413385 -0.3937 0.263779,0.413385 -0.55118 0.210629,0.413385 -0.3937 0.210629]
}}
appearance Appearance{material Material{diffuseColor 0.411765 0.411765 0.411765
transparency 0}}}
Shape { geometry IndexedFaceSet 
{ creaseAngle 0.50 coordIndex [0,1,2,-1,2,3,4,-1,1,3,2,-1,4,5,6,-1,3,5,4,-1,6,7,8,-1,8,7,9,-1,5,7,6,-1,9,10,11,-1,7,10,9,-1]
coord Coordinate { point [-1.76569 1.4018 0.492375,-1.90359 1.4018 0.492375,-1.76569 1.41931 0.499832,-1.90359 1.42574 0.501776,-1.76569 1.43772 0.50437,-1.90359 1.45114 0.505774,-1.76569 1.45669 0.505904,-1.90359 1.47681 0.504179,-1.76569 1.47703 0.504141,-1.76569 1.48945 0.501271,-1.90359 1.50152 0.497066,-1.76569 1.50152 0.497066]
}}
appearance Appearance{material Material{diffuseColor 1 0.807843 0.498039
transparency 0}}}
Shape { geometry IndexedFaceSet 
{ creaseAngle 0.50 coordIndex [0,1,2,-1,2,1,3,-1]
coord Coordinate { point [-1.47638 -0.3937 0.263779,-1.47638 -0.3937 0.210629,-1.3189 -0.3937 0.263779,-1.3189 -0.3937 0.210629]
}}
appearance Appearance{material Material{diffuseColor 0.411765 0.411765 0.411765
transparency 0}}}
Shape { geometry IndexedFaceSet 
{ creaseAngle 0.50 coordIndex [0,1,2,-1,0,3,1,-1,4,5,6,-1,7,4,6,-1,8,9,10,-1,11,12,13,-1,11,13,14,-1,15,12,11,-1,16,14,17,-1,16,11,14,-1,18,16,17,-1,19,20,12,-1,19,21,20,-1,19,12,15,-1,22,15,11,-1,22,11,16,-1,23,17,24,-1,23,18,17,-1,25,22,16,-1,25,16,18,-1,26,9,21,-1,26,21,19,-1,26,19,15,-1,26,15,22,-1,1,24,2,-1,1,3,27,-1,1,23,24,-1,28,27,29,-1,28,29,25,-1,28,25,18,-1,28,18,23,-1,28,1,27,-1,28,23,1,-1,30,29,31,-1,30,31,10,-1,30,25,29,-1,30,22,25,-1,30,9,26,-1,30,26,22,-1,30,10,9,-1,0,2,6,-1,0,5,3,-1,0,6,5,-1]
coord Coordinate { point [0.296959 1.77193 0.51005,0.292453 1.77408 0.506142,0.289049 1.76734 0.512236,0.301296 1.7751 0.506366,0.301265 1.76457 0.516569,0.30133 1.7692 0.513143,0.294933 1.763 0.517163,0.301128 1.75764 0.520428,0.301128 1.77912 0.469061,0.294974 1.77866 0.46925,0.301192 1.78096 0.475863,0.275698 1.77263 0.481331,0.273289 1.76845 0.473438,0.273987 1.77113 0.481808,0.276046 1.77239 0.490288,0.278073 1.7742 0.478887,0.279515 1.77516 0.48938,0.279362 1.77215 0.498453,0.283745 1.7759 0.496054,0.279805 1.77469 0.475511,0.280568 1.77373 0.471272,0.288975 1.77731 0.469805,0.284137 1.77821 0.484624,0.288 1.77545 0.501463,0.28377 1.77044 0.505893,0.290091 1.78008 0.489523,0.287506 1.77915 0.478055,0.301108 1.77979 0.497239,0.295638 1.78048 0.493603,0.301161 1.78191 0.48817,0.294718 1.78138 0.480502,0.301206 1.78203 0.482748]
}}
appearance Appearance{material Material{diffuseColor 0.792157 0.819608 0.933333
transparency 0}}}
Shape { geometry IndexedFaceSet 
{ creaseAngle 0.50 coordIndex [0,1,2,-1,0,3,1,-1,4,2,5,-1,4,0,2,-1,6,5,7,-1,6,7,8,-1,6,4,5,-1,9,8,10,-1,9,6,8,-1,11,10,12,-1,11,9,10,-1,13,12,14,-1,13,11,12,-1,15,13,14,-1]
coord Coordinate { point [0.353343 2.62561 0.541857,0.35433 2.61501 0.523101,0.353343 2.62373 0.522263,0.35433 2.61689 0.542696,0.350431 2.63389 0.541061,0.350431 2.63201 0.521466,0.345741 2.64133 0.540346,0.345741 2.63944 0.520752,0.339507 2.64565 0.520155,0.339507 2.64753 0.53975,0.332042 2.65032 0.519706,0.332042 2.6522 0.539301,0.323721 2.65321 0.519427,0.323721 2.6551 0.539022,0.31496 2.6542 0.519333,0.31496 2.65608 0.538928]
}}
appearance Appearance{material Material{diffuseColor 0.792157 0.819608 0.933333
transparency 0}}}
Shape { geometry IndexedFaceSet 
{ creaseAngle 0.50 coordIndex [0,1,2,-1,3,1,0,-1,1,4,5,-1,3,4,1,-1]
coord Coordinate { point [-2.25393 2.44094 0.263779,-2.48031 2.51968 0.303149,-2.48031 2.44094 0.263779,-2.25393 2.59842 0.342519,-2.67716 2.59842 0.342519,-2.67716 2.51968 0.303149]
}}
appearance Appearance{material Material{diffuseColor 0.411765 0.411765 0.411765
transparency 0}}}
Shape { geometry IndexedFaceSet 
{ creaseAngle 0.50 coordIndex [0,1,2,-1,0,3,1,-1,4,2,5,-1,4,0,2,-1,6,5,7,-1,6,4,5,-1,8,7,9,-1,8,6,7,-1,10,9,11,-1,10,8,9,-1,12,13,14,-1,12,11,13,-1,12,10,11,-1,15,12,14,-1]
coord Coordinate { point [2.67716 0.859596 0.301668,2.79527 0.846455 0.303149,2.79527 0.859596 0.301668,2.67716 0.846455 0.303149,2.67716 0.872078 0.297301,2.79527 0.872078 0.297301,2.67716 0.883275 0.290265,2.79527 0.883275 0.290265,2.67716 0.892626 0.280914,2.79527 0.892626 0.280914,2.67716 0.899662 0.269717,2.79527 0.899662 0.269717,2.67716 0.904029 0.257235,2.79527 0.904029 0.257235,2.79527 0.90551 0.244094,2.67716 0.90551 0.244094]
}}
appearance Appearance{material Material{diffuseColor 0.411765 0.411765 0.411765
transparency 0}}}
Shape { geometry IndexedFaceSet 
{ creaseAngle 0.50 coordIndex [0,1,2,-1,0,3,1,-1,4,2,5,-1,4,0,2,-1,6,5,7,-1,6,4,5,-1,8,7,9,-1,8,6,7,-1,10,9,11,-1,10,11,12,-1,10,8,9,-1,13,10,12,-1,14,12,15,-1,14,13,12,-1]
coord Coordinate { point [1.5682 2.95275 0.0423313,1.59448 2.89369 0.03937,1.5682 2.89369 0.0423313,1.59448 2.95275 0.03937,1.54324 2.95275 0.0510666,1.54324 2.89369 0.0510666,1.52084 2.95275 0.0651379,1.52084 2.89369 0.0651379,1.50214 2.95275 0.0838396,1.50214 2.89369 0.0838396,1.48807 2.95275 0.106234,1.48807 2.89369 0.106234,1.47934 2.89369 0.131198,1.47934 2.95275 0.131198,1.47637 2.95275 0.15748,1.47637 2.89369 0.15748]
}}
appearance Appearance{material Material{diffuseColor 1 1 1
transparency 0}}}
Shape { geometry IndexedFaceSet 
{ creaseAngle 0.50 coordIndex [0,1,2,-1,0,3,1,-1]
coord Coordinate { point [0.409448 -1.24016 0.07874,0.251968 -1.25984 0.059055,0.409448 -1.25984 0.059055,0.251968 -1.24016 0.07874]
}}
appearance Appearance{material Material{diffuseColor 1 0.807843 0.498039
transparency 0}}}
Shape { geometry IndexedFaceSet 
{ creaseAngle 0.50 coordIndex [0,1,2,-1,0,2,3,-1,4,5,6,-1,4,3,5,-1,4,0,3,-1,7,6,8,-1,7,4,6,-1,9,8,10,-1,9,7,8,-1,11,10,12,-1,11,9,10,-1,13,12,14,-1,13,11,12,-1,15,14,16,-1,15,13,14,-1,17,15,16,-1]
coord Coordinate { point [-0.997945 1.60709 0.516569,-0.998082 1.60016 0.520428,-0.938922 1.60016 0.520428,-0.939141 1.60873 0.51513,-0.99788 1.61172 0.513143,-0.939182 1.61282 0.511895,-0.939141 1.61605 0.508532,-0.997914 1.61762 0.506366,-0.938969 1.62024 0.502052,-0.998102 1.62231 0.497239,-0.93892 1.62305 0.494851,-0.998049 1.62443 0.48817,-0.938992 1.62446 0.487282,-0.998004 1.62455 0.482748,-0.939003 1.62428 0.478965,-0.998018 1.62348 0.475863,-0.938922 1.62164 0.469061,-0.998082 1.62164 0.469061]
}}
appearance Appearance{material Material{diffuseColor 1 0.807843 0.498039
transparency 0}}}
Shape { geometry IndexedFaceSet 
{ creaseAngle 0.50 coordIndex [0,1,2,-1,3,1,0,-1]
coord Coordinate { point [-1.06693 -0.137795 0.210629,-1.06693 0.11811 0.151574,-1.06693 -0.137795 0.151574,-1.06693 0.11811 0.210629]
}}
appearance Appearance{material Material{diffuseColor 0.792157 0.819608 0.933333
transparency 0}}}
Shape { geometry IndexedFaceSet 
{ creaseAngle 0.50 coordIndex [0,1,2,-1,0,2,3,-1,4,3,5,-1,4,0,3,-1,6,7,8,-1,6,5,7,-1,6,4,5,-1,9,8,10,-1,9,6,8,-1,11,10,12,-1,11,9,10,-1,13,12,14,-1,13,11,12,-1,15,13,14,-1]
coord Coordinate { point [-2.75541 -2.26377 0.594043,-2.7559 -2.26378 0.598424,-2.7559 -1.39764 0.598424,-2.75541 -1.39763 0.594043,-2.75395 -2.26377 0.589883,-2.75395 -1.39763 0.589883,-2.75161 -2.26377 0.58615,-2.75161 -1.39763 0.58615,-2.74849 -1.39763 0.583034,-2.74849 -2.26377 0.583034,-2.74476 -1.39763 0.580688,-2.74476 -2.26377 0.580688,-2.7406 -1.39763 0.579233,-2.7406 -2.26377 0.579233,-2.73622 -1.39764 0.578739,-2.73622 -2.26378 0.578739]
}}
appearance Appearance{material Material{diffuseColor 1 1 1
transparency 0}}}
Shape { geometry IndexedFaceSet 
{ creaseAngle 0.50 coordIndex [0,1,2,-1,3,4,1,-1,1,4,2,-1,3,5,4,-1,5,6,4,-1]
coord Coordinate { point [-2.09053 2.65747 0.539073,-2.08779 2.67323 0.538955,-2.1063 2.65748 0.539369,-2.08194 2.68814 0.538904,-2.1063 2.71653 0.539369,-2.07152 2.70377 0.539006,-2.05775 2.71653 0.539369]
}}
appearance Appearance{material Material{diffuseColor 1 1 1
transparency 0}}}
Shape { geometry IndexedFaceSet 
{ creaseAngle 0.50 coordIndex [0,1,2,-1,1,3,2,-1]
coord Coordinate { point [-1.75197 -0.55118 0.263779,-1.75197 -0.3937 0.263779,-1.75197 -0.55118 0.210629,-1.75197 -0.3937 0.210629]
}}
appearance Appearance{material Material{diffuseColor 0.792157 0.819608 0.933333
transparency 0}}}
Shape { geometry IndexedFaceSet 
{ creaseAngle 0.50 coordIndex [0,1,2,-1,0,2,3,-1,4,3,5,-1,4,0,3,-1,6,5,7,-1,6,4,5,-1,8,7,9,-1,8,6,7,-1,10,9,11,-1,10,8,9,-1,12,11,13,-1,12,10,11,-1,14,13,15,-1,14,12,13,-1]
coord Coordinate { point [-1.87298 1.52356 0.550788,-1.86422 1.52394 0.551701,-1.86422 1.60016 0.520428,-1.8734 1.59974 0.519398,-1.8813 1.52246 0.548094,-1.88208 1.59852 0.516428,-1.88877 1.52068 0.543755,-1.88979 1.59658 0.511697,-1.895 1.51831 0.537987,-1.89606 1.594 0.505407,-1.89969 1.51548 0.531081,-1.90056 1.59093 0.497929,-1.90261 1.51232 0.523382,-1.90282 1.58813 0.491103,-1.90359 1.50899 0.515277,-1.90359 1.58522 0.484004]
}}
appearance Appearance{material Material{diffuseColor 0.792157 0.819608 0.933333
transparency 0}}}
Shape { geometry IndexedFaceSet 
{ creaseAngle 0.50 coordIndex [0,1,2,-1,3,1,0,-1,4,5,3,-1,3,5,1,-1,6,7,4,-1,4,7,5,-1,8,9,6,-1,6,9,7,-1,8,10,9,-1,10,11,9,-1]
coord Coordinate { point [-2.14567 0.74803 0.74803,-2.14567 1.00393 0.688975,-2.14567 0.74803 0.688975,-2.14567 1.00393 0.74803,-2.14566 1.06682 0.747025,-2.14566 1.06493 0.688,-2.14566 1.12964 0.744012,-2.14566 1.12587 0.685078,-2.14567 1.19234 0.738993,-2.14567 1.18668 0.68021,-2.14567 1.55511 0.704112,-2.14567 1.55511 0.644785]
}}
appearance Appearance{material Material{diffuseColor 1 1 1
transparency 0}}}
Shape { geometry IndexedFaceSet 
{ creaseAngle 0.50 coordIndex [0,1,2,-1,3,4,5,-1,1,4,2,-1,5,4,6,-1,7,4,1,-1,2,4,3,-1,8,9,10,-1,10,9,11,-1,11,9,12,-1,12,9,13,-1,13,9,14,-1,14,9,15,-1,16,17,18,-1,18,19,8,-1,8,19,9,-1,17,19,18,-1,19,20,9,-1,20,21,9,-1,21,22,9,-1,22,23,9,-1,23,24,9,-1,24,25,9,-1,26,27,28,-1,28,27,29,-1,29,2,30,-1,27,2,29,-1,31,3,25,-1,30,3,32,-1,32,3,33,-1,33,3,34,-1,34,3,35,-1,35,3,31,-1,25,3,9,-1,2,3,30,-1]
coord Coordinate { point [-2.49802 2.99212 0.435234,-2.4922 2.99212 0.418591,-2.5 2.99212 0.452755,-2.42125 2.99212 0.374015,-2.47035 2.99212 0.391194,-2.43878 2.99212 0.375989,-2.45542 2.99212 0.381813,-2.48282 2.99212 0.403661,-1.31889 2.99212 0.452755,-1.39764 2.99212 0.374015,-1.32087 2.99212 0.435234,-1.32669 2.99212 0.418591,-1.33607 2.99212 0.403661,-1.34854 2.99212 0.391194,-1.36347 2.99212 0.381813,-1.38011 2.99212 0.375989,-1.63386 2.99212 0.649605,-1.63386 2.99212 0.59055,-1.31889 2.99212 0.649605,-1.63583 2.99212 0.573029,-1.64165 2.99212 0.556386,-1.65103 2.99212 0.541456,-1.6635 2.99212 0.528989,-1.67843 2.99212 0.519608,-1.69507 2.99212 0.513784,-1.7126 2.99212 0.51181,-2.26378 2.99212 0.649605,-2.5 2.99212 0.649605,-2.26378 2.99212 0.59055,-2.2618 2.99212 0.573029,-2.25598 2.99212 0.556386,-2.18504 2.99212 0.51181,-2.2466 2.99212 0.541456,-2.23413 2.99212 0.528989,-2.2192 2.99212 0.519608,-2.20256 2.99212 0.513784]
}}
appearance Appearance{material Material{diffuseColor 1 1 1
transparency 0}}}
Shape { geometry IndexedFaceSet 
{ creaseAngle 0.50 coordIndex [0,1,2,-1,0,3,1,-1,4,5,6,-1,4,6,7,-1,8,9,10,-1,8,10,11,-1,12,9,8,-1,12,11,3,-1,12,8,11,-1,13,2,14,-1,13,0,2,-1,15,16,17,-1,15,18,16,-1,15,19,18,-1,15,7,19,-1,15,4,7,-1,20,14,5,-1,20,13,14,-1,21,22,9,-1,21,3,0,-1,21,9,12,-1,21,12,3,-1,23,22,21,-1,23,21,0,-1,23,0,13,-1,24,5,4,-1,24,20,5,-1,25,24,4,-1,25,15,17,-1,25,4,15,-1,26,22,23,-1,26,27,22,-1,26,23,13,-1,26,13,20,-1,28,25,17,-1,29,27,26,-1,29,20,24,-1,30,31,32,-1,29,26,20,-1,33,28,17,-1,34,10,35,-1,36,17,37,-1,36,33,17,-1,38,39,27,-1,40,35,41,-1,38,24,25,-1,40,34,35,-1,38,27,29,-1,38,29,24,-1,42,25,28,-1,42,39,38,-1,42,38,25,-1,43,10,34,-1,44,28,33,-1,1,34,40,-1,44,39,42,-1,44,42,28,-1,45,46,39,-1,1,43,34,-1,45,33,36,-1,45,44,33,-1,45,39,44,-1,47,40,41,-1,48,41,49,-1,50,36,37,-1,50,46,45,-1,50,45,36,-1,51,37,52,-1,48,47,41,-1,51,46,50,-1,51,50,37,-1,53,31,46,-1,2,40,47,-1,53,51,52,-1,53,46,51,-1,2,1,40,-1,54,52,32,-1,54,31,53,-1,54,32,31,-1,54,53,52,-1,6,48,49,-1,14,47,48,-1,14,2,47,-1,11,10,43,-1,3,11,43,-1,3,43,1,-1,7,49,55,-1,7,6,49,-1,5,48,6,-1,5,14,48,-1,19,55,18,-1,19,7,55,-1]
coord Coordinate { point [-1.02931 1.60881 0.488264,-1.03057 1.60706 0.479828,-1.03299 1.6034 0.484776,-1.02843 1.61021 0.481856,-1.03482 1.59621 0.492906,-1.03457 1.59848 0.490512,-1.03612 1.59511 0.486347,-1.03656 1.59242 0.488232,-1.02629 1.61251 0.480991,-1.02522 1.61365 0.481808,-1.02592 1.61097 0.473438,-1.02819 1.61038 0.480789,-1.02626 1.61265 0.482087,-1.02941 1.6082 0.490382,-1.03359 1.60206 0.486428,-1.03475 1.59306 0.495998,-1.03442 1.59093 0.497929,-1.02992 1.594 0.505407,-1.03668 1.58813 0.491103,-1.03672 1.58876 0.490697,-1.02923 1.60634 0.495575,-1.02558 1.613 0.488661,-1.02316 1.61491 0.490288,-1.02519 1.61295 0.490832,-1.02882 1.60503 0.498588,-1.02794 1.60306 0.502442,-1.02382 1.61242 0.496151,-1.01985 1.61467 0.498453,-1.02717 1.60165 0.504843,-1.02275 1.61185 0.499235,-0.998082 1.60016 0.520428,-1.00428 1.60552 0.517163,-1.00726 1.59974 0.519398,-1.02669 1.60087 0.506063,-1.03061 1.60643 0.477549,-1.03082 1.60545 0.475702,-1.02581 1.59952 0.508014,-1.02365 1.59658 0.511697,-1.02106 1.6108 0.503175,-1.01544 1.61296 0.505893,-1.03119 1.60571 0.47816,-1.03446 1.59916 0.478286,-1.0198 1.60994 0.505628,-1.03007 1.60762 0.479011,-1.01908 1.60943 0.506874,-1.01783 1.6085 0.508865,-1.01016 1.60986 0.512236,-1.03406 1.60107 0.481908,-1.03479 1.59942 0.483175,-1.0367 1.59232 0.481089,-1.015 1.60631 0.512621,-1.01436 1.60578 0.513366,-1.01594 1.59852 0.516428,-1.01143 1.60336 0.516295,-1.00882 1.60111 0.518386,-1.03745 1.58522 0.484004]
}}
appearance Appearance{material Material{diffuseColor 1 0.807843 0.498039
transparency 0}}}
Shape { geometry IndexedFaceSet 
{ creaseAngle 0.50 coordIndex [0,1,2,-1,2,1,3,-1,3,4,5,-1,1,4,3,-1,5,6,7,-1,4,6,5,-1,7,8,9,-1,6,8,7,-1,9,10,11,-1,8,10,9,-1,11,12,13,-1,10,12,11,-1,13,14,15,-1,12,14,13,-1]
coord Coordinate { point [1.73228 -1.92913 0.019685,1.75418 -1.9316 0.019685,1.73228 -1.92913 0.11811,1.75418 -1.9316 0.11811,1.77499 -1.93888 0.019685,1.77499 -1.93888 0.11811,1.79365 -1.9506 0.019685,1.79365 -1.9506 0.11811,1.80923 -1.96619 0.019685,1.80923 -1.96619 0.11811,1.82096 -1.98485 0.019685,1.82096 -1.98485 0.11811,1.82824 -2.00565 0.019685,1.82824 -2.00565 0.11811,1.83071 -2.02756 0.019685,1.83071 -2.02756 0.11811]
}}
appearance Appearance{material Material{diffuseColor 0.411765 0.411765 0.411765
transparency 0}}}
Shape { geometry IndexedFaceSet 
{ creaseAngle 0.50 coordIndex [0,1,2,-1,3,4,5,-1,6,7,8,-1,9,6,8,-1,10,11,12,-1,13,10,12,-1,14,15,16,-1,14,2,15,-1,14,17,0,-1,14,0,2,-1,18,19,20,-1,18,16,19,-1,18,14,16,-1,21,20,4,-1,21,4,3,-1,21,18,20,-1,22,8,17,-1,22,17,14,-1,23,14,18,-1,23,22,14,-1,24,3,25,-1,24,25,12,-1,24,21,3,-1,24,18,21,-1,24,23,18,-1,26,11,27,-1,26,27,28,-1,26,28,9,-1,26,22,23,-1,26,24,12,-1,26,8,22,-1,26,9,8,-1,26,12,11,-1,26,23,24,-1]
coord Coordinate { point [0.694828 1.41791 0.52002,0.694828 1.39265 0.509805,0.695815 1.38858 0.517562,0.734198 1.41026 0.558767,0.725437 1.37481 0.543791,0.734198 1.37436 0.544665,0.695815 1.51232 0.523382,0.694828 1.50899 0.515277,0.694828 1.47813 0.523911,0.698727 1.51548 0.531081,0.725437 1.52356 0.550788,0.717116 1.52246 0.548094,0.734198 1.48687 0.562371,0.734198 1.52394 0.551701,0.698727 1.4161 0.537258,0.698727 1.38471 0.52493,0.703417 1.38124 0.53154,0.694828 1.44534 0.525121,0.709651 1.41251 0.550478,0.709651 1.37835 0.53706,0.717116 1.37617 0.541213,0.725437 1.41052 0.557815,0.698727 1.44941 0.5425,0.709651 1.44877 0.556184,0.725437 1.44841 0.563778,0.734198 1.44837 0.564764,0.706359 1.48369 0.551214,0.709651 1.52068 0.543755,0.703417 1.51831 0.537987]
}}
appearance Appearance{material Material{diffuseColor 1 0.807843 0.498039
transparency 0}}}
Shape { geometry IndexedFaceSet 
{ creaseAngle 0.50 coordIndex [0,1,2,-1,1,3,2,-1]
coord Coordinate { point [-1.3189 -0.55118 0.263779,-1.3189 -0.3937 0.263779,-1.3189 -0.55118 0.210629,-1.3189 -0.3937 0.210629]
}}
appearance Appearance{material Material{diffuseColor 0.411765 0.411765 0.411765
transparency 0}}}
Shape { geometry IndexedFaceSet 
{ creaseAngle 0.50 coordIndex [0,1,2,-1,2,3,4,-1,1,3,2,-1]
coord Coordinate { point [2.42125 2.81692 0.687006,2.42125 2.95275 0.687006,2.42125 2.87401 0.62992,2.42125 2.95275 0.019685,2.42125 2.87401 0.019685]
}}
appearance Appearance{material Material{diffuseColor 0.411765 0.411765 0.411765
transparency 0}}}
Shape { geometry IndexedFaceSet 
{ creaseAngle 0.50 coordIndex [0,1,2,-1,3,0,2,-1]
coord Coordinate { point [-2.36278 0.21031 0.162523,-2.17267 0.21031 0.162523,-2.16932 0.11811 0.151574,-2.36614 0.11811 0.151574]
}}
appearance Appearance{material Material{diffuseColor 1 0.807843 0.498039
transparency 0}}}
Shape { geometry IndexedFaceSet 
{ creaseAngle 0.50 coordIndex [0,1,2,-1,3,1,0,-1,3,4,1,-1,4,5,1,-1,6,7,4,-1,8,7,6,-1,4,7,5,-1,9,10,8,-1,8,10,7,-1,9,11,10,-1,9,12,11,-1,12,13,11,-1,12,14,13,-1,14,15,13,-1,16,17,14,-1,14,17,15,-1]
coord Coordinate { point [-1.03745 0.927896 0.355543,-1.03745 1.2272 0.407479,-1.03745 0.927921 0.335387,-1.03745 1.22259 0.426617,-1.03745 1.26343 0.441985,-1.03745 1.27258 0.424554,-1.03745 1.39265 0.509805,-1.03745 1.4018 0.492375,-1.03745 1.41791 0.52002,-1.03745 1.44534 0.525121,-1.03745 1.42574 0.501776,-1.03745 1.45114 0.505774,-1.03745 1.47813 0.523911,-1.03745 1.47681 0.504179,-1.03745 1.50899 0.515277,-1.03745 1.50152 0.497066,-1.03745 1.58522 0.484004,-1.03745 1.57775 0.465792]
}}
appearance Appearance{material Material{diffuseColor 1 0.807843 0.498039
transparency 0}}}
Shape { geometry IndexedFaceSet 
{ creaseAngle 0.50 coordIndex [0,1,2,-1,3,1,0,-1]
coord Coordinate { point [0.688975 -0.55118 0.210629,0.846455 -0.3937 0.210629,0.688975 -0.3937 0.210629,0.846455 -0.55118 0.210629]
}}
appearance Appearance{material Material{diffuseColor 1 0.807843 0.498039
transparency 0}}}
Shape { geometry IndexedFaceSet 
{ creaseAngle 0.50 coordIndex [0,1,2,-1,1,3,2,-1]
coord Coordinate { point [-1.75197 -0.3937 0.151574,-1.90945 -0.3937 0.151574,-1.75197 -0.3937 0.019685,-1.90945 -0.3937 0.019685]
}}
appearance Appearance{material Material{diffuseColor 0.411765 0.411765 0.411765
transparency 0}}}
Shape { geometry IndexedFaceSet 
{ creaseAngle 0.50 coordIndex [0,1,2,-1,3,0,2,-1]
coord Coordinate { point [2.42125 2.81692 0.687006,2.62007 2.81692 0.687006,2.62007 2.95275 0.687006,2.42125 2.95275 0.687006]
}}
appearance Appearance{material Material{diffuseColor 0.411765 0.411765 0.411765
transparency 0}}}
Shape { geometry IndexedFaceSet 
{ creaseAngle 0.50 coordIndex [0,1,2,-1,3,4,5,-1,6,0,2,-1,6,2,4,-1,7,4,3,-1,7,6,4,-1,8,9,10,-1,11,9,8,-1,12,11,8,-1,13,12,8,-1,14,8,15,-1,14,15,16,-1,14,16,17,-1,14,13,8,-1,18,14,17,-1,19,18,17,-1,20,18,19,-1,21,18,20,-1,22,23,24,-1,22,24,25,-1,22,25,18,-1,22,18,21,-1,26,9,27,-1,26,10,9,-1,28,27,29,-1,28,29,30,-1,28,30,31,-1,28,31,2,-1,28,26,27,-1,32,4,33,-1,32,33,34,-1,32,34,35,-1,32,35,23,-1,32,23,22,-1,1,28,2,-1,5,4,32,-1]
coord Coordinate { point [-1.20877 2.95275 0.106234,-1.21751 2.95275 0.131198,-1.05011 2.95275 0.219085,-1.15361 2.95275 0.0510666,-1.04076 2.95275 0.209734,-1.12864 2.95275 0.0423313,-1.1947 2.95275 0.0838396,-1.176 2.95275 0.0651379,-0.43307 2.95275 0.15748,-0.59055 2.95275 0.492125,-0.43307 2.95275 0.62992,-0.59055 2.95275 0.255905,-0.592031 2.95275 0.242764,-0.596398 2.95275 0.230282,-0.603434 2.95275 0.219085,-0.436031 2.95275 0.131198,-0.444767 2.95275 0.106234,-0.458838 2.95275 0.0838396,-0.612785 2.95275 0.209734,-0.47754 2.95275 0.0651379,-0.499934 2.95275 0.0510666,-0.524898 2.95275 0.0423313,-0.55118 2.95275 0.03937,-0.649605 2.95275 0.19685,-0.636464 2.95275 0.198331,-0.623982 2.95275 0.202698,-1.22047 2.95275 0.62992,-1.06299 2.95275 0.492125,-1.22047 2.95275 0.15748,-1.06299 2.95275 0.255905,-1.06151 2.95275 0.242764,-1.05714 2.95275 0.230282,-1.10236 2.95275 0.03937,-1.02956 2.95275 0.202698,-1.01708 2.95275 0.198331,-1.00394 2.95275 0.19685]
}}
appearance Appearance{material Material{diffuseColor 1 1 1
transparency 0}}}
Shape { geometry IndexedFaceSet 
{ creaseAngle 0.50 coordIndex [0,1,2,-1,3,4,5,-1,3,5,1,-1,3,1,0,-1,6,3,7,-1,6,4,3,-1]
coord Coordinate { point [1.39764 2.95275 0.35433,1.31889 2.95275 0.688975,1.39763 2.95275 0.688975,0.797243 2.95275 0.35433,0.600392 2.95275 0.62992,0.659448 2.95275 0.688975,0.600393 2.95275 0.098425,0.797243 2.95275 0.098425]
}}
appearance Appearance{material Material{diffuseColor 0.411765 0.411765 0.411765
transparency 0}}}
Shape { geometry IndexedFaceSet 
{ creaseAngle 0.50 coordIndex [0,1,2,-1,2,1,3,-1]
coord Coordinate { point [-2.69685 1.71259 0.165354,-2.69685 2.42125 0.165354,-2.7559 1.71259 0.165354,-2.7559 2.42125 0.165354]
}}
appearance Appearance{material Material{diffuseColor 1 1 1
transparency 0}}}
Shape { geometry IndexedFaceSet 
{ creaseAngle 0.50 coordIndex [0,1,2,-1,3,4,0,-1,4,1,0,-1]
coord Coordinate { point [1.87007 -1.85039 0.688975,1.87007 -1.92913 0.74803,1.87007 -1.92913 0.688975,1.87007 -0.213158 0.688975,1.87007 -0.213158 0.74803]
}}
appearance Appearance{material Material{diffuseColor 1 1 1
transparency 0}}}
Shape { geometry IndexedFaceSet 
{ creaseAngle 0.50 coordIndex [0,1,2,-1,3,1,0,-1,3,4,1,-1,4,5,1,-1,6,7,4,-1,8,7,6,-1,4,7,5,-1,9,10,8,-1,8,10,7,-1,9,11,10,-1,9,12,11,-1,12,13,11,-1,12,14,13,-1,14,15,13,-1,16,17,14,-1,14,17,15,-1]
coord Coordinate { point [-2.33666 0.927896 0.355543,-2.33666 1.2272 0.407479,-2.33666 0.927921 0.335387,-2.33666 1.22259 0.426617,-2.33666 1.26343 0.441985,-2.33666 1.27258 0.424554,-2.33666 1.39265 0.509805,-2.33666 1.4018 0.492375,-2.33666 1.41791 0.52002,-2.33666 1.44534 0.525121,-2.33666 1.42574 0.501776,-2.33666 1.45114 0.505774,-2.33666 1.47813 0.523911,-2.33666 1.47681 0.504179,-2.33666 1.50899 0.515277,-2.33666 1.50152 0.497066,-2.33666 1.58522 0.484004,-2.33666 1.57775 0.465792]
}}
appearance Appearance{material Material{diffuseColor 1 0.807843 0.498039
transparency 0}}}
Shape { geometry IndexedFaceSet 
{ creaseAngle 0.50 coordIndex [0,1,2,-1,2,1,3,-1,3,4,5,-1,1,4,3,-1,5,6,7,-1,4,6,5,-1,7,8,9,-1,6,8,7,-1,9,10,11,-1,8,10,9,-1,11,12,13,-1,10,12,11,-1,13,14,15,-1,12,14,13,-1]
coord Coordinate { point [2.69685 0.137795 0.255905,2.69685 0.136314 0.242764,2.7559 0.137795 0.255905,2.7559 0.136314 0.242764,2.69685 0.131947 0.230282,2.7559 0.131947 0.230282,2.69685 0.124911 0.219085,2.7559 0.124911 0.219085,2.69685 0.11556 0.209734,2.7559 0.11556 0.209734,2.69685 0.104363 0.202698,2.7559 0.104363 0.202698,2.69685 0.091881 0.198331,2.7559 0.091881 0.198331,2.69685 0.07874 0.19685,2.7559 0.07874 0.19685]
}}
appearance Appearance{material Material{diffuseColor 1 1 1
transparency 0}}}
Shape { geometry IndexedFaceSet 
{ creaseAngle 0.50 coordIndex [0,1,2,-1,3,1,0,-1]
coord Coordinate { point [-0.200787 -0.137795 0.210629,-0.200787 0.11811 0.151574,-0.200787 -0.137795 0.151574,-0.200787 0.11811 0.210629]
}}
appearance Appearance{material Material{diffuseColor 0.792157 0.819608 0.933333
transparency 0}}}
Shape { geometry IndexedFaceSet 
{ creaseAngle 0.50 coordIndex [0,1,2,-1,0,2,3,-1]
coord Coordinate { point [0.688975 -0.55118 0.019685,0.688975 -0.55118 0.151574,0.846455 -0.55118 0.151574,0.846455 -0.55118 0.019685]
}}
appearance Appearance{material Material{diffuseColor 0.411765 0.411765 0.411765
transparency 0}}}
Shape { geometry IndexedFaceSet 
{ creaseAngle 0.50 coordIndex [0,1,2,-1,0,3,1,-1,4,5,6,-1,4,6,7,-1,8,9,10,-1,8,10,11,-1,12,9,8,-1,12,11,3,-1,12,8,11,-1,13,2,14,-1,13,0,2,-1,15,16,17,-1,15,18,16,-1,15,19,18,-1,15,7,19,-1,15,4,7,-1,20,14,5,-1,20,13,14,-1,21,22,9,-1,21,3,0,-1,21,9,12,-1,21,12,3,-1,23,22,21,-1,23,21,0,-1,23,0,13,-1,24,5,4,-1,24,20,5,-1,25,24,4,-1,25,15,17,-1,25,4,15,-1,26,22,23,-1,26,27,22,-1,26,23,13,-1,26,13,20,-1,28,25,17,-1,29,27,26,-1,29,20,24,-1,30,31,32,-1,29,26,20,-1,33,28,17,-1,34,10,35,-1,36,17,37,-1,36,33,17,-1,38,39,27,-1,40,35,41,-1,38,24,25,-1,40,34,35,-1,38,27,29,-1,38,29,24,-1,42,25,28,-1,42,39,38,-1,42,38,25,-1,43,10,34,-1,44,28,33,-1,1,34,40,-1,44,39,42,-1,44,42,28,-1,45,46,39,-1,1,43,34,-1,45,33,36,-1,45,44,33,-1,45,39,44,-1,47,40,41,-1,48,41,49,-1,50,36,37,-1,50,46,45,-1,50,45,36,-1,51,37,52,-1,48,47,41,-1,51,46,50,-1,51,50,37,-1,53,31,46,-1,2,40,47,-1,53,51,52,-1,53,46,51,-1,2,1,40,-1,54,52,32,-1,54,31,53,-1,54,32,31,-1,54,53,52,-1,6,48,49,-1,14,47,48,-1,14,2,47,-1,11,10,43,-1,3,11,43,-1,3,43,1,-1,7,49,55,-1,7,6,49,-1,5,48,6,-1,5,14,48,-1,19,55,18,-1,19,7,55,-1]
coord Coordinate { point [-1.46233 1.53007 0.488264,-1.46359 1.52832 0.479828,-1.46601 1.52466 0.484776,-1.46144 1.53147 0.481856,-1.46784 1.51747 0.492906,-1.46759 1.51974 0.490512,-1.46914 1.51637 0.486347,-1.46957 1.51368 0.488232,-1.45931 1.53377 0.480991,-1.45824 1.53491 0.481808,-1.45894 1.53223 0.473438,-1.46121 1.53164 0.480789,-1.45928 1.53391 0.482087,-1.46243 1.52946 0.490382,-1.4666 1.52332 0.486428,-1.46777 1.51432 0.495998,-1.46744 1.51219 0.497929,-1.46294 1.51526 0.505407,-1.46969 1.50939 0.491103,-1.46973 1.51002 0.490697,-1.46224 1.5276 0.495575,-1.4586 1.53426 0.488661,-1.45618 1.53617 0.490288,-1.4582 1.53421 0.490832,-1.46184 1.52629 0.498588,-1.46096 1.52432 0.502442,-1.45683 1.53368 0.496151,-1.45286 1.53593 0.498453,-1.46018 1.52291 0.504843,-1.45577 1.53311 0.499235,-1.4311 1.52142 0.520428,-1.43729 1.52678 0.517163,-1.44028 1.521 0.519398,-1.45971 1.52213 0.506063,-1.46363 1.52769 0.477549,-1.46383 1.52671 0.475702,-1.45883 1.52078 0.508014,-1.45667 1.51784 0.511697,-1.45408 1.53206 0.503175,-1.44846 1.53422 0.505893,-1.4642 1.52697 0.47816,-1.46747 1.52042 0.478286,-1.45281 1.5312 0.505628,-1.46309 1.52888 0.479011,-1.4521 1.53069 0.506874,-1.45084 1.52976 0.508865,-1.44318 1.53112 0.512236,-1.46707 1.52233 0.481908,-1.46781 1.52068 0.483175,-1.46971 1.51358 0.481089,-1.44802 1.52757 0.512621,-1.44737 1.52704 0.513366,-1.44896 1.51978 0.516428,-1.44445 1.52462 0.516295,-1.44184 1.52237 0.518386,-1.47047 1.50648 0.484004]
}}
appearance Appearance{material Material{diffuseColor 1 0.807843 0.498039
transparency 0}}}
Shape { geometry IndexedFaceSet 
{ creaseAngle 0.50 coordIndex [0,1,2,-1,2,3,4,-1,1,3,2,-1,4,5,6,-1,3,5,4,-1,6,7,8,-1,5,7,6,-1,8,9,10,-1,7,9,8,-1,10,11,12,-1,9,11,10,-1,12,13,14,-1,11,13,12,-1,13,15,14,-1]
coord Coordinate { point [1.35826 -2.02756 0.11811,1.35826 -2.02756 0.019685,1.36073 -2.00565 0.11811,1.36073 -2.00565 0.019685,1.36801 -1.98485 0.11811,1.36801 -1.98485 0.019685,1.37974 -1.96619 0.11811,1.37974 -1.96619 0.019685,1.39532 -1.9506 0.11811,1.39532 -1.9506 0.019685,1.41398 -1.93888 0.11811,1.41398 -1.93888 0.019685,1.43479 -1.9316 0.11811,1.43479 -1.9316 0.019685,1.45669 -1.92913 0.11811,1.45669 -1.92913 0.019685]
}}
appearance Appearance{material Material{diffuseColor 0.411765 0.411765 0.411765
transparency 0}}}
Shape { geometry IndexedFaceSet 
{ creaseAngle 0.50 coordIndex [0,1,2,-1,2,3,4,-1,1,3,2,-1,4,5,6,-1,3,5,4,-1,6,7,8,-1,5,7,6,-1,8,9,10,-1,7,9,8,-1,10,11,12,-1,9,11,10,-1,12,13,14,-1,11,13,12,-1,13,15,14,-1]
coord Coordinate { point [-2.71653 -2.26378 0.374015,-2.73622 -2.26378 0.374015,-2.71653 -2.27254 0.375002,-2.73621 -2.27254 0.375002,-2.71653 -2.28086 0.377914,-2.73621 -2.28086 0.377914,-2.71653 -2.28832 0.382604,-2.73621 -2.28832 0.382604,-2.71653 -2.29456 0.388838,-2.73621 -2.29456 0.388838,-2.71653 -2.29925 0.396303,-2.73621 -2.29925 0.396303,-2.71653 -2.30216 0.404624,-2.73621 -2.30216 0.404624,-2.71653 -2.30315 0.413385,-2.73622 -2.30315 0.413385]
}}
appearance Appearance{material Material{diffuseColor 1 1 1
transparency 0}}}
Shape { geometry IndexedFaceSet 
{ creaseAngle 0.50 coordIndex [0,1,2,-1,3,1,0,-1]
coord Coordinate { point [-1.90945 -0.55118 0.210629,-1.75197 -0.3937 0.210629,-1.90945 -0.3937 0.210629,-1.75197 -0.55118 0.210629]
}}
appearance Appearance{material Material{diffuseColor 1 0.807843 0.498039
transparency 0}}}
Shape { geometry IndexedFaceSet 
{ creaseAngle 0.50 coordIndex [0,1,2,-1,3,1,0,-1]
coord Coordinate { point [0.255905 -0.55118 0.210629,0.413385 -0.3937 0.210629,0.255905 -0.3937 0.210629,0.413385 -0.55118 0.210629]
}}
appearance Appearance{material Material{diffuseColor 1 0.807843 0.498039
transparency 0}}}
Shape { geometry IndexedFaceSet 
{ creaseAngle 0.50 coordIndex [0,1,2,-1,2,3,4,-1,1,3,2,-1,4,5,6,-1,3,5,4,-1,6,7,8,-1,8,7,9,-1,5,7,6,-1,9,10,11,-1,7,10,9,-1]
coord Coordinate { point [0.832728 1.4018 0.492375,0.694828 1.4018 0.492375,0.832728 1.41931 0.499832,0.694828 1.42574 0.501776,0.832728 1.43772 0.50437,0.694828 1.45114 0.505774,0.832728 1.45669 0.505904,0.694828 1.47681 0.504179,0.832728 1.47703 0.504141,0.832728 1.48945 0.501271,0.694828 1.50152 0.497066,0.832728 1.50152 0.497066]
}}
appearance Appearance{material Material{diffuseColor 1 0.807843 0.498039
transparency 0}}}
Shape { geometry IndexedFaceSet 
{ creaseAngle 0.50 coordIndex [0,1,2,-1,2,1,3,-1,3,4,5,-1,1,4,3,-1,5,6,7,-1,4,6,5,-1,7,8,9,-1,6,8,7,-1,9,10,11,-1,8,10,9,-1,11,12,13,-1,10,12,11,-1,13,14,15,-1,12,14,13,-1]
coord Coordinate { point [2.69685 -0.43307 0.19685,2.69685 -0.446211 0.198331,2.7559 -0.43307 0.19685,2.7559 -0.446211 0.198331,2.69685 -0.458693 0.202698,2.7559 -0.458693 0.202698,2.69685 -0.46989 0.209734,2.7559 -0.46989 0.209734,2.69685 -0.479241 0.219085,2.7559 -0.479241 0.219085,2.69685 -0.486277 0.230282,2.7559 -0.486277 0.230282,2.69685 -0.490644 0.242764,2.7559 -0.490644 0.242764,2.69685 -0.492125 0.255905,2.7559 -0.492125 0.255905]
}}
appearance Appearance{material Material{diffuseColor 1 1 1
transparency 0}}}
Shape { geometry IndexedFaceSet 
{ creaseAngle 0.50 coordIndex [0,1,2,-1,3,2,4,-1,3,0,2,-1,5,4,6,-1,5,3,4,-1,7,6,8,-1,7,5,6,-1,9,8,10,-1,9,7,8,-1,11,10,12,-1,11,9,10,-1,13,11,12,-1,14,12,15,-1,14,13,12,-1]
coord Coordinate { point [-1.37204 1.13463 0.464892,-1.37204 0.839249 0.393738,-1.36434 0.839609 0.393019,-1.36328 1.13486 0.463933,-1.35694 0.840308 0.390849,-1.35496 1.13554 0.461102,-1.34883 0.841543 0.386481,-1.3475 1.13664 0.456542,-1.34203 0.843151 0.380372,-1.34126 1.1381 0.450481,-1.33692 0.845038 0.372845,-1.33657 1.13985 0.443224,-1.33374 0.847086 0.364359,-1.33366 1.1418 0.435134,-1.33267 1.14385 0.426617,-1.33267 0.849177 0.355375]
}}
appearance Appearance{material Material{diffuseColor 1 0.807843 0.498039
transparency 0}}}
Shape { geometry IndexedFaceSet 
{ creaseAngle 0.50 coordIndex [0,1,2,-1,3,2,4,-1,3,0,2,-1,5,4,6,-1,5,3,4,-1,7,6,8,-1,7,5,6,-1,9,10,11,-1,9,8,10,-1,9,7,8,-1,12,11,13,-1,12,9,11,-1,14,13,15,-1,14,12,13,-1,16,14,15,-1]
coord Coordinate { point [-0.0727817 1.61417 0.450849,-0.0727816 1.62164 0.469061,-0.065101 1.62094 0.469348,-0.0638024 1.61321 0.451244,-0.0577154 1.61887 0.470198,-0.0551754 1.61032 0.452426,-0.0509089 1.6155 0.471579,-0.0473185 1.60553 0.454395,-0.0449429 1.61097 0.473438,-0.0407944 1.59899 0.457078,-0.0409759 1.60668 0.475197,-0.0377204 1.60179 0.477207,-0.0362983 1.59144 0.460174,-0.0344838 1.59366 0.480541,-0.034135 1.58469 0.462945,-0.0334117 1.58522 0.484004,-0.0334117 1.57775 0.465792]
}}
appearance Appearance{material Material{diffuseColor 1 0.807843 0.498039
transparency 0}}}
Shape { geometry IndexedFaceSet 
{ creaseAngle 0.50 coordIndex [0,1,2,-1,0,2,3,-1]
coord Coordinate { point [-2.79527 -1.55512 0.019685,-2.79527 -1.55512 0.177165,-2.67716 -1.55512 0.177165,-2.67716 -1.55512 0.019685]
}}
appearance Appearance{material Material{diffuseColor 0.411765 0.411765 0.411765
transparency 0}}}
Shape { geometry IndexedFaceSet 
{ creaseAngle 0.50 coordIndex [0,1,2,-1,3,1,0,-1,4,5,3,-1,3,5,1,-1,6,7,4,-1,4,7,5,-1,8,9,6,-1,6,9,7,-1,8,10,9,-1,8,11,10,-1,11,12,10,-1,12,13,14,-1,11,13,12,-1,14,15,16,-1,13,15,14,-1,15,17,16,-1,16,18,19,-1,17,18,16,-1]
coord Coordinate { point [0.610235 0.74803 0.74803,0.610235 2.95275 0.688975,0.610235 0.74803 0.688975,0.610235 2.95275 0.74803,0.610235 2.97465 0.745562,0.610235 2.96151 0.687988,0.610235 2.99546 0.738283,0.610235 2.96983 0.685076,0.610235 3.01412 0.726557,0.610235 2.9773 0.680386,0.610235 2.98353 0.674152,0.610235 3.0297 0.710972,0.610235 2.98822 0.666687,0.610235 3.04143 0.69231,0.610235 2.99113 0.658366,0.610235 3.04871 0.671507,0.610235 2.99212 0.649605,0.610235 3.05117 0.649605,0.610235 3.05117 0.59055,0.610235 2.99212 0.59055]
}}
appearance Appearance{material Material{diffuseColor 1 1 1
transparency 0}}}
Shape { geometry IndexedFaceSet 
{ creaseAngle 0.50 coordIndex [0,1,2,-1,0,2,3,-1]
coord Coordinate { point [-0.240157 1.75196 0.019685,-0.240157 1.75196 0.120078,-0.240157 -0.137795 0.120078,-0.240157 -0.137795 0.019685]
}}
appearance Appearance{material Material{diffuseColor 0.411765 0.411765 0.411765
transparency 0}}}
Shape { geometry IndexedFaceSet 
{ creaseAngle 0.50 coordIndex [0,1,2,-1,3,0,2,-1,4,2,5,-1,4,3,2,-1,6,5,7,-1,6,4,5,-1,8,7,9,-1,8,6,7,-1,10,9,11,-1,10,8,9,-1,12,11,13,-1,12,10,11,-1,14,13,15,-1,14,12,13,-1]
coord Coordinate { point [-1.48031 -1.04321 0.116423,-1.32283 -1.04321 0.116423,-1.32283 -1.03997 0.137617,-1.48031 -1.03997 0.137617,-1.48031 -1.03221 0.157605,-1.32283 -1.03221 0.157605,-1.48031 -1.02031 0.175438,-1.32283 -1.02031 0.175438,-1.48031 -1.00482 0.190271,-1.32283 -1.00482 0.190271,-1.48031 -0.986496 0.201399,-1.32283 -0.986496 0.201399,-1.48031 -0.966194 0.208294,-1.32283 -0.966194 0.208294,-1.48031 -0.94488 0.210629,-1.32283 -0.94488 0.210629]
}}
appearance Appearance{material Material{diffuseColor 1 0.807843 0.498039
transparency 0}}}
Shape { geometry IndexedFaceSet 
{ creaseAngle 0.50 coordIndex [0,1,2,-1,3,0,2,-1]
coord Coordinate { point [1.80287 -0.129641 0.74803,1.85854 -0.185319 0.74803,1.85854 -0.185319 0.688975,1.80287 -0.129641 0.688975]
}}
appearance Appearance{material Material{diffuseColor 1 1 1
transparency 0}}}
Shape { geometry IndexedFaceSet 
{ creaseAngle 0.50 coordIndex [0,1,2,-1,2,1,3,-1,3,4,5,-1,1,4,3,-1,5,6,7,-1,4,6,5,-1,7,8,9,-1,6,8,7,-1,9,10,11,-1,8,10,9,-1,11,12,13,-1,10,12,11,-1]
coord Coordinate { point [0.90026 -0.978463 0.74803,0.88551 -0.937168 0.74803,0.90026 -0.978463 0.688975,0.88551 -0.937168 0.688975,0.861984 -0.900163 0.74803,0.861984 -0.900163 0.688975,0.83085 -0.869284 0.74803,0.83085 -0.869284 0.688975,0.793652 -0.846064 0.74803,0.793652 -0.846064 0.688975,0.752237 -0.831654 0.74803,0.752237 -0.831654 0.688975,0.70866 -0.82677 0.74803,0.70866 -0.82677 0.688975]
}}
appearance Appearance{material Material{diffuseColor 1 1 1
transparency 0}}}
Shape { geometry IndexedFaceSet 
{ creaseAngle 0.50 coordIndex [0,1,2,-1,0,3,1,-1]
coord Coordinate { point [0.27559 2.65608 0.538928,0.31496 2.6542 0.519333,0.27559 2.6542 0.519333,0.31496 2.65608 0.538928]
}}
appearance Appearance{material Material{diffuseColor 0.792157 0.819608 0.933333
transparency 0}}}
Shape { geometry IndexedFaceSet 
{ creaseAngle 0.50 coordIndex [0,1,2,-1,2,3,4,-1,1,3,2,-1]
coord Coordinate { point [-0.173655 0.870946 0.321663,-0.184482 0.572609 0.249798,-0.173717 0.866418 0.340446,-0.184748 0.558782 0.30721,-0.17389 0.857114 0.379074]
}}
appearance Appearance{material Material{diffuseColor 1 0.807843 0.498039
transparency 0}}}
Shape { geometry IndexedFaceSet 
{ creaseAngle 0.50 coordIndex [0,1,2,-1,3,1,0,-1]
coord Coordinate { point [-1.93307 -0.137795 0.210629,-1.73625 0.11811 0.210629,-1.93307 0.11811 0.210629,-1.73623 -0.137795 0.210629]
}}
appearance Appearance{material Material{diffuseColor 1 0.807843 0.498039
transparency 0}}}
Shape { geometry IndexedFaceSet 
{ creaseAngle 0.50 coordIndex [0,1,2,-1,0,3,1,-1,4,2,5,-1,4,0,2,-1,6,5,7,-1,6,4,5,-1,8,7,9,-1,8,6,7,-1,10,9,11,-1,10,8,9,-1,12,13,14,-1,12,11,13,-1,12,10,11,-1,15,12,14,-1]
coord Coordinate { point [-0.332671 2.99212 0.435234,-0.334645 3.05117 0.452755,-0.332671 3.05118 0.435234,-0.334645 2.99212 0.452755,-0.326847 2.99212 0.418591,-0.326847 3.05118 0.418591,-0.317466 2.99212 0.403661,-0.317466 3.05118 0.403661,-0.304999 2.99212 0.391194,-0.304999 3.05118 0.391194,-0.290069 2.99212 0.381813,-0.290069 3.05118 0.381813,-0.273426 2.99212 0.375989,-0.273426 3.05118 0.375989,-0.255905 3.05117 0.374015,-0.255905 2.99212 0.374015]
}}
appearance Appearance{material Material{diffuseColor 1 1 1
transparency 0}}}
Shape { geometry IndexedFaceSet 
{ creaseAngle 0.50 coordIndex [0,1,2,-1,3,4,0,-1,0,4,1,-1]
coord Coordinate { point [1.00394 -2.91338 0.263779,1.00394 -3.03149 0.019685,1.00394 -3.03149 0.185039,1.00394 -0.807085 0.263779,1.00394 -0.807085 0.019685]
}}
appearance Appearance{material Material{diffuseColor 0.411765 0.411765 0.411765
transparency 0}}}
Shape { geometry IndexedFaceSet 
{ creaseAngle 0.50 coordIndex [0,1,2,-1,1,3,2,-1,1,4,3,-1,5,6,7,-1,8,6,5,-1,1,6,4,-1,4,6,8,-1]
coord Coordinate { point [-0.255905 2.81495 0.688975,-0.31496 2.87401 0.62992,-0.334645 2.81495 0.688975,-0.43307 2.81495 0.688975,-1.22047 2.81495 0.688975,-1.63386 2.81495 0.688975,-1.6437 2.87401 0.62992,-1.6437 2.81495 0.688975,-1.31889 2.81495 0.688975]
}}
appearance Appearance{material Material{diffuseColor 0.411765 0.411765 0.411765
transparency 0}}}
Shape { geometry IndexedFaceSet 
{ creaseAngle 0.50 coordIndex [0,1,2,-1,3,1,0,-1]
coord Coordinate { point [-2.7559 2.42125 0.381889,-2.69685 1.71259 0.381889,-2.7559 1.71259 0.381889,-2.69685 2.42125 0.381889]
}}
appearance Appearance{material Material{diffuseColor 1 1 1
transparency 0}}}
Shape { geometry IndexedFaceSet 
{ creaseAngle 0.50 coordIndex [0,1,2,-1,2,1,3,-1,3,4,5,-1,1,4,3,-1,5,6,7,-1,4,6,5,-1,7,8,9,-1,6,8,7,-1,9,10,11,-1,8,10,9,-1,11,12,13,-1,13,12,14,-1,10,12,11,-1,14,15,16,-1,12,15,14,-1]
coord Coordinate { point [-2.34645 -0.984214 0.113892,-2.34645 -0.982915 0.122369,-2.18897 -0.984214 0.113892,-2.18897 -0.98258 0.123539,-2.34645 -0.979812 0.130365,-2.18897 -0.97905 0.13176,-2.34645 -0.97505 0.137498,-2.18897 -0.974222 0.138454,-2.34645 -0.968857 0.143431,-2.18897 -0.96797 0.144095,-2.34645 -0.961526 0.147882,-2.18897 -0.960876 0.14818,-2.34645 -0.953405 0.15064,-2.18897 -0.95325 0.150673,-2.18897 -0.94908 0.151348,-2.34645 -0.94488 0.151574,-2.18897 -0.94488 0.151574]
}}
appearance Appearance{material Material{diffuseColor 1 0.807843 0.498039
transparency 0}}}
Shape { geometry IndexedFaceSet 
{ creaseAngle 0.50 coordIndex [0,1,2,-1,0,2,3,-1,0,3,4,-1,0,4,5,-1,0,5,6,-1,0,6,7,-1,8,1,0,-1,9,8,0,-1,10,9,0,-1,11,10,0,-1,12,11,0,-1,0,13,12,-1,14,0,7,-1]
coord Coordinate { point [-0.896977 0.857113 0.379074,-0.913352 0.858872 0.371773,-0.915873 0.85846 0.373483,-0.920419 0.857885 0.375867,-0.923247 0.857622 0.376962,-0.92749 0.85734 0.378132,-0.929714 0.857241 0.378545,-0.931982 0.85717 0.378838,-0.908654 0.85986 0.36767,-0.906455 0.860438 0.365272,-0.904489 0.861033 0.362802,-0.901256 0.862275 0.357646,-0.898154 0.864268 0.34937,-0.897149 0.866419 0.340446,-0.936708 0.857113 0.379074]
}}
appearance Appearance{material Material{diffuseColor 0.792157 0.819608 0.933333
transparency 0}}}
Shape { geometry IndexedFaceSet 
{ creaseAngle 0.50 coordIndex [0,1,2,-1,2,1,3,-1]
coord Coordinate { point [-2.7559 2.48031 0.322834,-2.7559 2.48031 0.224409,-2.69685 2.48031 0.322834,-2.69685 2.48031 0.224409]
}}
appearance Appearance{material Material{diffuseColor 1 1 1
transparency 0}}}
Shape { geometry IndexedFaceSet 
{ creaseAngle 0.50 coordIndex [0,1,2,-1,2,3,4,-1,1,3,2,-1,5,6,7,-1,5,8,6,-1,8,9,6,-1,9,10,6,-1,6,11,12,-1,12,11,13,-1,13,11,14,-1,10,11,6,-1,11,15,14,-1,15,16,14,-1,15,17,16,-1,15,18,17,-1,19,20,21,-1,21,20,22,-1,22,20,15,-1,15,20,18,-1,7,23,5,-1,7,24,23,-1,23,25,26,-1,26,25,27,-1,27,25,28,-1,28,25,0,-1,24,25,23,-1,29,30,19,-1,2,30,31,-1,31,30,32,-1,32,30,29,-1,19,30,20,-1,25,33,0,-1,2,34,30,-1,33,35,0,-1,2,4,34,-1,35,1,0,-1]
coord Coordinate { point [-1.05011 2.8937 0.219085,-1.1947 2.8937 0.0838396,-1.04076 2.8937 0.209734,-1.176 2.8937 0.0651379,-1.15361 2.8937 0.0510666,-0.59055 2.89369 0.492125,-0.43307 2.89369 0.15748,-0.43307 2.89369 0.62992,-0.59055 2.89369 0.255905,-0.592031 2.8937 0.242764,-0.596398 2.8937 0.230282,-0.603434 2.8937 0.219085,-0.436031 2.8937 0.131198,-0.444767 2.8937 0.106234,-0.458838 2.8937 0.0838396,-0.612785 2.8937 0.209734,-0.47754 2.8937 0.0651379,-0.499934 2.8937 0.0510666,-0.524898 2.8937 0.0423313,-0.649605 2.89369 0.19685,-0.55118 2.89369 0.03937,-0.636464 2.8937 0.198331,-0.623982 2.8937 0.202698,-1.06299 2.89369 0.492125,-1.22047 2.89369 0.62992,-1.22047 2.89369 0.15748,-1.06299 2.89369 0.255905,-1.06151 2.8937 0.242764,-1.05714 2.8937 0.230282,-1.00394 2.89369 0.19685,-1.10236 2.89369 0.03937,-1.02956 2.8937 0.202698,-1.01708 2.8937 0.198331,-1.21751 2.8937 0.131198,-1.12864 2.8937 0.0423313,-1.20877 2.8937 0.106234]
}}
appearance Appearance{material Material{diffuseColor 1 1 1
transparency 0}}}
Shape { geometry IndexedFaceSet 
{ creaseAngle 0.50 coordIndex [0,1,2,-1,3,4,5,-1,6,7,8,-1,9,6,8,-1,10,11,12,-1,13,10,12,-1,14,15,16,-1,14,2,15,-1,14,17,0,-1,14,0,2,-1,18,19,20,-1,18,16,19,-1,18,14,16,-1,21,20,4,-1,21,4,3,-1,21,18,20,-1,22,8,17,-1,22,17,14,-1,23,14,18,-1,23,22,14,-1,24,3,25,-1,24,25,12,-1,24,21,3,-1,24,18,21,-1,24,23,18,-1,26,11,27,-1,26,27,28,-1,26,28,9,-1,26,22,23,-1,26,24,12,-1,26,8,22,-1,26,9,8,-1,26,12,11,-1,26,23,24,-1]
coord Coordinate { point [-0.604329 1.33917 0.52002,-0.604329 1.31391 0.509805,-0.603342 1.30984 0.517562,-0.564959 1.33152 0.558767,-0.57372 1.29607 0.543791,-0.56496 1.29562 0.544665,-0.603342 1.43358 0.523382,-0.60433 1.43025 0.515277,-0.604329 1.39939 0.523911,-0.600431 1.43674 0.531081,-0.57372 1.44482 0.550788,-0.582042 1.44372 0.548094,-0.564959 1.40813 0.562371,-0.56496 1.4452 0.551701,-0.600431 1.33736 0.537258,-0.600431 1.30597 0.52493,-0.59574 1.3025 0.53154,-0.604329 1.3666 0.525121,-0.589506 1.33377 0.550478,-0.589506 1.29961 0.53706,-0.582042 1.29743 0.541213,-0.57372 1.33178 0.557815,-0.600431 1.37067 0.5425,-0.589506 1.37003 0.556184,-0.57372 1.36967 0.563778,-0.564959 1.36963 0.564764,-0.592798 1.40495 0.551214,-0.589506 1.44194 0.543755,-0.59574 1.43957 0.537987]
}}
appearance Appearance{material Material{diffuseColor 1 0.807843 0.498039
transparency 0}}}
Shape { geometry IndexedFaceSet 
{ creaseAngle 0.50 coordIndex [0,1,2,-1,2,1,3,-1]
coord Coordinate { point [-0.633845 -0.137795 0.151574,-0.633845 -0.137795 0.210629,-0.633824 0.0393699 0.151574,-0.633826 0.0393699 0.210629]
}}
appearance Appearance{material Material{diffuseColor 0.792157 0.819608 0.933333
transparency 0}}}
Shape { geometry IndexedFaceSet 
{ creaseAngle 0.50 coordIndex [0,1,2,-1,0,2,3,-1,0,3,4,-1,0,4,5,-1,0,5,6,-1,0,6,7,-1,8,1,0,-1,9,8,0,-1,10,9,0,-1,11,10,0,-1,12,11,0,-1,0,13,12,-1,14,0,7,-1]
coord Coordinate { point [0.835303 0.857113 0.379074,0.818928 0.858872 0.371773,0.816407 0.85846 0.373483,0.811861 0.857885 0.375867,0.809033 0.857622 0.376962,0.80479 0.85734 0.378132,0.802566 0.857241 0.378545,0.800298 0.85717 0.378838,0.823626 0.85986 0.36767,0.825825 0.860438 0.365272,0.827791 0.861033 0.362802,0.831024 0.862275 0.357646,0.834126 0.864268 0.34937,0.835131 0.866419 0.340446,0.795572 0.857113 0.379074]
}}
appearance Appearance{material Material{diffuseColor 1 0.807843 0.498039
transparency 0}}}
Shape { geometry IndexedFaceSet 
{ creaseAngle 0.50 coordIndex [0,1,2,-1,3,2,4,-1,3,0,2,-1,5,4,6,-1,5,3,4,-1,7,6,8,-1,7,5,6,-1,9,8,10,-1,9,7,8,-1,11,10,12,-1,11,12,13,-1,14,9,10,-1,14,10,11,-1,15,14,11,-1,16,14,15,-1,17,16,15,-1]
coord Coordinate { point [0.832728 1.22259 0.426617,0.832728 1.26343 0.441985,0.831741 1.25936 0.449742,0.831741 1.22054 0.435134,0.828829 1.2555 0.45711,0.828829 1.21859 0.443224,0.824139 1.25203 0.46372,0.824139 1.21684 0.450481,0.817905 1.24913 0.469239,0.817905 1.21538 0.456542,0.81044 1.24695 0.473392,0.793358 1.23489 0.471992,0.802119 1.2456 0.475971,0.793358 1.24514 0.476845,0.81044 1.21428 0.461102,0.793358 1.22428 0.467999,0.802119 1.2136 0.463933,0.793358 1.21337 0.464892]
}}
appearance Appearance{material Material{diffuseColor 1 0.807843 0.498039
transparency 0}}}
Shape { geometry IndexedFaceSet 
{ creaseAngle 0.50 coordIndex [0,1,2,-1,3,1,0,-1]
coord Coordinate { point [0.694828 0.927921 0.335387,0.692423 0.866418 0.340446,0.694827 0.927896 0.355543,0.692485 0.870946 0.321663]
}}
appearance Appearance{material Material{diffuseColor 1 0.807843 0.498039
transparency 0}}}
Shape { geometry IndexedFaceSet 
{ creaseAngle 0.50 coordIndex [0,1,2,-1,3,1,0,-1]
coord Coordinate { point [-2.34252 -0.55118 0.210629,-2.18504 -0.3937 0.210629,-2.34252 -0.3937 0.210629,-2.18504 -0.55118 0.210629]
}}
appearance Appearance{material Material{diffuseColor 1 0.807843 0.498039
transparency 0}}}
Shape { geometry IndexedFaceSet 
{ creaseAngle 0.50 coordIndex [0,1,2,-1,0,2,3,-1,4,3,5,-1,4,0,3,-1,6,5,7,-1,6,4,5,-1,8,7,9,-1,8,6,7,-1,10,9,11,-1,10,8,9,-1,12,11,13,-1,12,10,11,-1,14,13,15,-1,14,12,13,-1]
coord Coordinate { point [-2.75541 -2.31845 0.413385,-2.7559 -2.32283 0.413385,-2.7559 -2.32283 0.539369,-2.75541 -2.31845 0.539369,-2.75395 -2.31429 0.413385,-2.75395 -2.31429 0.539369,-2.75161 -2.31056 0.413385,-2.75161 -2.31056 0.539369,-2.74849 -2.30744 0.413385,-2.74849 -2.30744 0.539369,-2.74476 -2.30509 0.413385,-2.74476 -2.30509 0.539369,-2.7406 -2.30364 0.413385,-2.7406 -2.30364 0.539369,-2.73622 -2.30315 0.413385,-2.73622 -2.30315 0.539369]
}}
appearance Appearance{material Material{diffuseColor 1 1 1
transparency 0}}}
Shape { geometry IndexedFaceSet 
{ creaseAngle 0.50 coordIndex [0,1,2,-1,3,0,2,-1,4,2,5,-1,4,3,2,-1,6,5,7,-1,6,4,5,-1,8,7,9,-1,8,6,7,-1,10,9,11,-1,10,8,9,-1,12,11,13,-1,12,10,11,-1,14,13,15,-1,14,12,13,-1]
coord Coordinate { point [-0.019685 3.05117 0.649605,-0.334645 3.05117 0.649605,-0.334645 3.04871 0.671507,-0.019685 3.04871 0.671507,-0.019685 3.04143 0.69231,-0.334645 3.04143 0.69231,-0.019685 3.0297 0.710972,-0.334645 3.0297 0.710972,-0.019685 3.01412 0.726557,-0.334645 3.01412 0.726557,-0.019685 2.99546 0.738283,-0.334645 2.99546 0.738283,-0.019685 2.97465 0.745562,-0.334645 2.97465 0.745562,-0.019685 2.95275 0.74803,-0.334645 2.95275 0.74803]
}}
appearance Appearance{material Material{diffuseColor 1 1 1
transparency 0}}}
Shape { geometry IndexedFaceSet 
{ creaseAngle 0.50 coordIndex [0,1,2,-1,0,2,3,-1]
coord Coordinate { point [-1.30318 0.03937 0.151574,-1.30318 0.03937 0.210629,-1.30316 -0.137795 0.210629,-1.30316 -0.137795 0.151574]
}}
appearance Appearance{material Material{diffuseColor 0.792157 0.819608 0.933333
transparency 0}}}
Shape { geometry IndexedFaceSet 
{ creaseAngle 0.50 coordIndex [0,1,2,-1,0,2,3,-1,0,3,4,-1,0,4,5,-1,0,5,6,-1,0,6,7,-1,8,9,0,-1,8,0,7,-1,10,8,7,-1,11,8,10,-1,12,13,11,-1,14,12,11,-1,14,11,10,-1]
coord Coordinate { point [0.452755 2.71653 0.539369,0.470276 2.71653 0.537395,0.486919 2.71653 0.531571,0.501849 2.71653 0.52219,0.514316 2.71653 0.509723,0.523697 2.71653 0.494793,0.529521 2.71653 0.47815,0.531495 2.71653 0.460629,0.403393 2.71653 0.533115,0.404212 2.71653 0.539369,0.531495 2.71653 0.263779,0.187157 2.71653 0.533115,-0.0098425 2.71653 0.539369,0.186338 2.71653 0.539369,-0.0098425 2.71653 0.263779]
}}
appearance Appearance{material Material{diffuseColor 1 1 1
transparency 0}}}
Shape { geometry IndexedFaceSet 
{ creaseAngle 0.50 coordIndex [0,1,2,-1,0,3,1,-1,4,5,6,-1,4,6,7,-1,8,9,5,-1,8,5,4,-1,8,7,3,-1,8,4,7,-1,10,11,12,-1,10,13,11,-1,14,15,16,-1,14,17,15,-1,18,10,12,-1,19,0,2,-1,19,2,17,-1,20,3,0,-1,20,9,8,-1,20,8,3,-1,21,18,12,-1,22,16,13,-1,22,14,16,-1,23,19,17,-1,24,25,26,-1,23,17,14,-1,27,28,9,-1,27,0,19,-1,27,9,20,-1,27,20,0,-1,29,12,25,-1,29,30,31,-1,32,24,26,-1,29,21,12,-1,33,22,13,-1,33,13,10,-1,34,33,10,-1,34,10,18,-1,35,32,26,-1,36,14,22,-1,36,23,14,-1,37,19,23,-1,37,27,19,-1,38,6,39,-1,37,28,27,-1,40,30,29,-1,40,29,25,-1,41,29,31,-1,41,21,29,-1,42,38,39,-1,41,43,34,-1,41,34,18,-1,41,31,43,-1,41,18,21,-1,44,24,30,-1,45,39,46,-1,44,40,25,-1,44,30,40,-1,44,25,24,-1,45,42,39,-1,47,36,22,-1,47,22,33,-1,48,33,34,-1,48,34,43,-1,48,43,50,-1,49,6,38,-1,48,47,33,-1,51,52,28,-1,51,28,37,-1,51,23,36,-1,15,45,46,-1,51,37,23,-1,53,50,52,-1,53,36,47,-1,53,48,50,-1,53,47,48,-1,1,38,42,-1,53,51,36,-1,1,49,38,-1,53,52,51,-1,7,6,49,-1,2,1,42,-1,2,42,45,-1,16,46,11,-1,16,15,46,-1,3,7,49,-1,3,49,1,-1,13,16,11,-1,17,2,45,-1,17,45,15,-1]
coord Coordinate { point [-0.905479 1.60598 0.483153,-0.907831 1.60923 0.481445,-0.906968 1.60821 0.484671,-0.906755 1.60762 0.480349,-0.907344 1.60764 0.476919,-0.907116 1.60668 0.475197,-0.911083 1.61097 0.473438,-0.907928 1.60879 0.478179,-0.905915 1.60597 0.478534,-0.90386 1.60179 0.477207,-0.913704 1.60845 0.50335,-0.917156 1.61467 0.498453,-0.921564 1.61296 0.505893,-0.912278 1.60978 0.499389,-0.905909 1.60458 0.493235,-0.910445 1.6115 0.490939,-0.91111 1.61088 0.494876,-0.906137 1.60629 0.489581,-0.914098 1.60808 0.504277,-0.904041 1.60315 0.487443,-0.904315 1.60369 0.480641,-0.915447 1.60683 0.507067,-0.906088 1.60229 0.497437,-0.903377 1.60078 0.490654,-0.92387 1.59901 0.517622,-0.926843 1.60986 0.512236,-0.932727 1.60552 0.517163,-0.902402 1.59992 0.483905,-0.900624 1.59366 0.480541,-0.917356 1.60505 0.5103,-0.915787 1.5973 0.513458,-0.908989 1.59492 0.507658,-0.931248 1.59987 0.519709,-0.906684 1.59996 0.501136,-0.90689 1.59936 0.502004,-0.938922 1.60016 0.520428,-0.903075 1.59777 0.494365,-0.901398 1.59689 0.48638,-0.910208 1.61176 0.479424,-0.911781 1.61365 0.481808,-0.919793 1.60279 0.513589,-0.907685 1.59744 0.50462,-0.91004 1.61191 0.482142,-0.903875 1.592 0.500527,-0.920233 1.60238 0.514106,-0.910026 1.61191 0.485636,-0.91384 1.61491 0.490288,-0.903267 1.59483 0.497652,-0.903381 1.5941 0.498426,-0.908674 1.60991 0.478941,-0.900665 1.5887 0.492498,-0.90072 1.59314 0.48928,-0.899552 1.58522 0.484004,-0.900596 1.58958 0.491885]
}}
appearance Appearance{material Material{diffuseColor 1 0.807843 0.498039
transparency 0}}}
Shape { geometry IndexedFaceSet 
{ creaseAngle 0.50 coordIndex [0,1,2,-1,0,3,1,-1]
coord Coordinate { point [-0.889762 -0.807085 0.151574,-1.04724 -0.94488 0.151574,-1.04724 -0.807085 0.151574,-0.889762 -0.94488 0.151574]
}}
appearance Appearance{material Material{diffuseColor 1 0.807843 0.498039
transparency 0}}}
Shape { geometry IndexedFaceSet 
{ creaseAngle 0.50 coordIndex [0,1,2,-1,2,1,3,-1,3,4,5,-1,5,4,6,-1,1,4,3,-1,4,7,6,-1]
coord Coordinate { point [0.734198 1.24514 0.476845,0.734198 1.23489 0.471992,0.793358 1.24514 0.476845,0.793358 1.23489 0.471992,0.734198 1.22428 0.467999,0.793358 1.22428 0.467999,0.793358 1.21337 0.464892,0.734198 1.21337 0.464892]
}}
appearance Appearance{material Material{diffuseColor 1 0.807843 0.498039
transparency 0}}}
Shape { geometry IndexedFaceSet 
{ creaseAngle 0.50 coordIndex [0,1,2,-1,0,2,3,-1]
coord Coordinate { point [-1.73625 0.11811 0.151574,-1.73623 -0.137795 0.151574,-1.93307 -0.137795 0.151574,-1.93307 0.11811 0.151574]
}}
appearance Appearance{material Material{diffuseColor 1 0.807843 0.498039
transparency 0}}}
Shape { geometry IndexedFaceSet 
{ creaseAngle 0.50 coordIndex [0,1,2,-1,0,3,1,-1,4,5,6,-1,4,6,7,-1,8,9,5,-1,8,5,4,-1,8,7,3,-1,8,4,7,-1,10,11,12,-1,10,13,11,-1,14,15,16,-1,14,17,15,-1,18,10,12,-1,19,0,2,-1,19,2,17,-1,20,3,0,-1,20,9,8,-1,20,8,3,-1,21,18,12,-1,22,16,13,-1,22,14,16,-1,23,19,17,-1,24,25,26,-1,23,17,14,-1,27,28,9,-1,27,0,19,-1,27,9,20,-1,27,20,0,-1,29,12,25,-1,29,30,31,-1,32,24,26,-1,29,21,12,-1,33,22,13,-1,33,13,10,-1,34,33,10,-1,34,10,18,-1,35,32,26,-1,36,14,22,-1,36,23,14,-1,37,19,23,-1,37,27,19,-1,38,6,39,-1,37,28,27,-1,40,30,29,-1,40,29,25,-1,41,29,31,-1,41,21,29,-1,42,38,39,-1,41,43,34,-1,41,34,18,-1,41,31,43,-1,41,18,21,-1,44,24,30,-1,45,39,46,-1,44,40,25,-1,44,30,40,-1,44,25,24,-1,45,42,39,-1,47,36,22,-1,47,22,33,-1,48,33,34,-1,48,34,43,-1,48,43,50,-1,49,6,38,-1,48,47,33,-1,51,52,28,-1,51,28,37,-1,51,23,36,-1,15,45,46,-1,51,37,23,-1,53,50,52,-1,53,36,47,-1,53,48,50,-1,53,47,48,-1,1,38,42,-1,53,51,36,-1,1,49,38,-1,53,52,51,-1,7,6,49,-1,2,1,42,-1,2,42,45,-1,16,46,11,-1,16,15,46,-1,3,7,49,-1,3,49,1,-1,13,16,11,-1,17,2,45,-1,17,45,15,-1]
coord Coordinate { point [-2.20469 1.60598 0.483153,-2.20704 1.60923 0.481445,-2.20618 1.60821 0.484671,-2.20597 1.60762 0.480349,-2.20655 1.60764 0.476919,-2.20633 1.60668 0.475197,-2.21029 1.61097 0.473438,-2.20714 1.60879 0.478179,-2.20512 1.60597 0.478534,-2.20307 1.60179 0.477207,-2.21291 1.60845 0.50335,-2.21637 1.61467 0.498453,-2.22077 1.61296 0.505893,-2.21149 1.60978 0.499389,-2.20512 1.60458 0.493235,-2.20965 1.6115 0.490939,-2.21032 1.61088 0.494876,-2.20535 1.60629 0.489581,-2.21331 1.60808 0.504277,-2.20325 1.60315 0.487443,-2.20353 1.60369 0.480641,-2.21466 1.60683 0.507067,-2.2053 1.60229 0.497437,-2.20259 1.60078 0.490654,-2.22308 1.59901 0.517622,-2.22605 1.60986 0.512236,-2.23194 1.60552 0.517163,-2.20161 1.59992 0.483905,-2.19983 1.59366 0.480541,-2.21657 1.60505 0.5103,-2.215 1.5973 0.513458,-2.2082 1.59492 0.507658,-2.23046 1.59987 0.519709,-2.20589 1.59996 0.501136,-2.2061 1.59936 0.502004,-2.23813 1.60016 0.520428,-2.20229 1.59777 0.494365,-2.20061 1.59689 0.48638,-2.20942 1.61176 0.479424,-2.21099 1.61365 0.481808,-2.219 1.60279 0.513589,-2.20689 1.59744 0.50462,-2.20925 1.61191 0.482142,-2.20309 1.592 0.500527,-2.21944 1.60238 0.514106,-2.20924 1.61191 0.485636,-2.21305 1.61491 0.490288,-2.20248 1.59483 0.497652,-2.20259 1.5941 0.498426,-2.20788 1.60991 0.478941,-2.19987 1.5887 0.492498,-2.19993 1.59314 0.48928,-2.19876 1.58522 0.484004,-2.19981 1.58958 0.491885]
}}
appearance Appearance{material Material{diffuseColor 1 0.807843 0.498039
transparency 0}}}
Shape { geometry IndexedFaceSet 
{ creaseAngle 0.50 coordIndex [0,1,2,-1,0,2,3,-1,4,3,5,-1,4,0,3,-1,6,5,7,-1,6,4,5,-1,8,7,9,-1,8,6,7,-1,10,9,11,-1,10,8,9,-1,12,11,13,-1,12,10,11,-1,14,13,15,-1,14,12,13,-1]
coord Coordinate { point [0.725437 1.52356 0.550788,0.734198 1.52394 0.551701,0.734198 1.60016 0.520428,0.725017 1.59974 0.519398,0.717116 1.52246 0.548094,0.716338 1.59852 0.516428,0.709651 1.52068 0.543755,0.708631 1.59658 0.511697,0.703417 1.51831 0.537987,0.702361 1.594 0.505407,0.698727 1.51548 0.531081,0.69786 1.59093 0.497929,0.695815 1.51232 0.523382,0.695605 1.58813 0.491103,0.694828 1.50899 0.515277,0.694828 1.58522 0.484004]
}}
appearance Appearance{material Material{diffuseColor 1 0.807843 0.498039
transparency 0}}}
Shape { geometry IndexedFaceSet 
{ creaseAngle 0.50 coordIndex [0,1,2,-1,0,2,3,-1]
coord Coordinate { point [2.7559 0.07874 0.51181,2.7559 -0.43307 0.51181,2.69685 -0.43307 0.51181,2.69685 0.07874 0.51181]
}}
appearance Appearance{material Material{diffuseColor 1 1 1
transparency 0}}}
Shape { geometry IndexedFaceSet 
{ creaseAngle 0.50 coordIndex [0,1,2,-1,3,2,4,-1,3,0,2,-1,5,4,6,-1,5,3,4,-1,7,6,8,-1,7,5,6,-1,9,8,10,-1,9,7,8,-1,11,10,12,-1,11,9,10,-1,13,12,14,-1,13,11,12,-1,15,13,14,-1]
coord Coordinate { point [-2.67716 -1.35827 0.519684,-2.67716 -1.35827 0.43307,-2.67765 -1.35388 0.43307,-2.67765 -1.35388 0.519684,-2.67911 -1.34972 0.43307,-2.67911 -1.34972 0.519684,-2.68145 -1.34599 0.43307,-2.68145 -1.34599 0.519684,-2.68457 -1.34287 0.43307,-2.68457 -1.34287 0.519684,-2.6883 -1.34053 0.43307,-2.6883 -1.34053 0.519684,-2.69246 -1.33907 0.43307,-2.69246 -1.33907 0.519684,-2.69685 -1.33858 0.43307,-2.69685 -1.33858 0.519684]
}}
appearance Appearance{material Material{diffuseColor 1 1 1
transparency 0}}}
Shape { geometry IndexedFaceSet 
{ creaseAngle 0.50 coordIndex [0,1,2,-1,3,0,2,-1,4,5,0,-1,4,0,3,-1,6,7,5,-1,6,5,4,-1,8,9,7,-1,8,7,6,-1,10,9,8,-1,11,10,8,-1]
coord Coordinate { point [0.492125 1.00393 0.74803,0.492125 0.74803 0.74803,0.492125 0.74803 0.688975,0.492125 1.00393 0.688975,0.492125 1.06493 0.688,0.492125 1.06682 0.747025,0.492125 1.12587 0.685078,0.492125 1.12964 0.744012,0.492125 1.18668 0.68021,0.492125 1.19234 0.738993,0.492125 1.55511 0.704112,0.492125 1.55511 0.644785]
}}
appearance Appearance{material Material{diffuseColor 1 1 1
transparency 0}}}
Shape { geometry IndexedFaceSet 
{ creaseAngle 0.50 coordIndex [0,1,2,-1,0,2,3,-1,4,5,6,-1,4,3,5,-1,4,0,3,-1,7,6,8,-1,7,4,6,-1,9,8,10,-1,9,7,8,-1,11,10,12,-1,11,9,10,-1,13,12,14,-1,13,11,12,-1,15,14,16,-1,15,13,14,-1,17,15,16,-1]
coord Coordinate { point [-0.564822 1.52835 0.516569,-0.56496 1.52142 0.520428,-0.505904 1.52142 0.520428,-0.506124 1.52999 0.51513,-0.564758 1.53298 0.513143,-0.506165 1.53408 0.511895,-0.506124 1.53731 0.508532,-0.564791 1.53888 0.506366,-0.505952 1.5415 0.502052,-0.564979 1.54357 0.497239,-0.505903 1.54431 0.494851,-0.564927 1.54569 0.48817,-0.505975 1.54572 0.487282,-0.564881 1.54581 0.482748,-0.505985 1.54554 0.478965,-0.564895 1.54474 0.475863,-0.505904 1.5429 0.469061,-0.56496 1.5429 0.469061]
}}
appearance Appearance{material Material{diffuseColor 1 0.807843 0.498039
transparency 0}}}
Shape { geometry IndexedFaceSet 
{ creaseAngle 0.50 coordIndex [0,1,2,-1,2,1,3,-1,3,4,5,-1,1,4,3,-1,5,6,7,-1,4,6,5,-1,7,8,9,-1,6,8,7,-1,9,10,11,-1,8,10,9,-1,11,12,13,-1,10,12,11,-1,13,14,15,-1,12,14,13,-1]
coord Coordinate { point [1.77165 2.02755 0.11811,1.78917 2.02953 0.11811,1.77165 2.02755 0.019685,1.78917 2.02953 0.019685,1.80581 2.03535 0.11811,1.80581 2.03535 0.019685,1.82074 2.04473 0.11811,1.82074 2.04473 0.019685,1.83321 2.0572 0.11811,1.83321 2.0572 0.019685,1.84259 2.07213 0.11811,1.84259 2.07213 0.019685,1.84842 2.08877 0.11811,1.84842 2.08877 0.019685,1.85039 2.10629 0.11811,1.85039 2.10629 0.019685]
}}
appearance Appearance{material Material{diffuseColor 0.411765 0.411765 0.411765
transparency 0}}}
Shape { geometry IndexedFaceSet 
{ creaseAngle 0.50 coordIndex [0,1,2,-1,0,3,1,-1]
coord Coordinate { point [-1.32283 -0.807085 0.151574,-1.48031 -0.94488 0.151574,-1.48031 -0.807085 0.151574,-1.32283 -0.94488 0.151574]
}}
appearance Appearance{material Material{diffuseColor 1 0.807843 0.498039
transparency 0}}}
Shape { geometry IndexedFaceSet 
{ creaseAngle 0.50 coordIndex [0,1,2,-1,2,1,3,-1,3,4,5,-1,1,4,3,-1,5,6,7,-1,4,6,5,-1,7,8,9,-1,6,8,7,-1,9,10,11,-1,8,10,9,-1,11,12,13,-1,10,12,11,-1,13,14,15,-1,12,14,13,-1]
coord Coordinate { point [-2.69685 1.65354 0.224409,-2.69684 1.65502 0.211268,-2.7559 1.65354 0.224409,-2.7559 1.65502 0.211268,-2.69684 1.65939 0.198786,-2.7559 1.65939 0.198786,-2.69684 1.66642 0.187589,-2.7559 1.66642 0.187589,-2.69684 1.67577 0.178238,-2.7559 1.67577 0.178238,-2.69684 1.68697 0.171202,-2.7559 1.68697 0.171202,-2.69684 1.69945 0.166835,-2.7559 1.69945 0.166835,-2.69685 1.71259 0.165354,-2.7559 1.71259 0.165354]
}}
appearance Appearance{material Material{diffuseColor 1 1 1
transparency 0}}}
Shape { geometry IndexedFaceSet 
{ creaseAngle 0.50 coordIndex [0,1,2,-1,1,3,2,-1,2,4,5,-1,3,4,2,-1,5,6,7,-1,4,6,5,-1,7,8,9,-1,6,8,7,-1,9,10,11,-1,8,10,9,-1,11,12,13,-1,10,12,11,-1,13,14,15,-1,12,14,13,-1]
coord Coordinate { point [2.53937 -1.92913 0.74803,2.53937 -1.92913 0.688975,2.53838 -1.93789 0.74803,2.53838 -1.93789 0.688975,2.53547 -1.94621 0.688975,2.53547 -1.94621 0.74803,2.53078 -1.95368 0.688975,2.53078 -1.95368 0.74803,2.52454 -1.95991 0.688975,2.52454 -1.95991 0.74803,2.51708 -1.9646 0.688975,2.51708 -1.9646 0.74803,2.50876 -1.96751 0.688975,2.50876 -1.96751 0.74803,2.5 -1.9685 0.688975,2.5 -1.9685 0.74803]
}}
appearance Appearance{material Material{diffuseColor 1 1 1
transparency 0}}}
Shape { geometry IndexedFaceSet 
{ creaseAngle 0.50 coordIndex [0,1,2,-1,0,3,1,-1,4,2,5,-1,4,0,2,-1,6,5,7,-1,6,4,5,-1,8,7,9,-1,8,6,7,-1,10,9,11,-1,10,8,9,-1,12,11,13,-1,12,10,11,-1,14,13,15,-1,14,12,13,-1]
coord Coordinate { point [-2.23046 1.59987 0.519709,-2.23813 1.52394 0.551701,-2.22937 1.52356 0.550788,-2.23813 1.60016 0.520428,-2.22308 1.59901 0.517622,-2.22105 1.52246 0.548094,-2.215 1.5973 0.513458,-2.21358 1.52068 0.543755,-2.2082 1.59492 0.507658,-2.20735 1.51831 0.537987,-2.20309 1.592 0.500527,-2.20266 1.51548 0.531081,-2.19987 1.5887 0.492498,-2.19975 1.51232 0.523382,-2.19876 1.58522 0.484004,-2.19876 1.50899 0.515277]
}}
appearance Appearance{material Material{diffuseColor 1 0.807843 0.498039
transparency 0}}}
Shape { geometry IndexedFaceSet 
{ creaseAngle 0.50 coordIndex [0,1,2,-1,0,3,1,-1,4,2,5,-1,4,0,2,-1,6,5,7,-1,6,4,5,-1,8,7,9,-1,8,6,7,-1,10,9,11,-1,10,8,9,-1,12,13,14,-1,12,11,13,-1,12,10,11,-1,15,12,14,-1]
coord Coordinate { point [0.685038 -1.03997 0.137617,0.842518 -1.04321 0.116423,0.842518 -1.03997 0.137617,0.685038 -1.04321 0.116423,0.685038 -1.03221 0.157605,0.842518 -1.03221 0.157605,0.685038 -1.02031 0.175438,0.842518 -1.02031 0.175438,0.685038 -1.00482 0.190271,0.842518 -1.00482 0.190271,0.685038 -0.986496 0.201399,0.842518 -0.986496 0.201399,0.685038 -0.966194 0.208294,0.842518 -0.966194 0.208294,0.842518 -0.94488 0.210629,0.685038 -0.94488 0.210629]
}}
appearance Appearance{material Material{diffuseColor 1 0.807843 0.498039
transparency 0}}}
Shape { geometry IndexedFaceSet 
{ creaseAngle 0.50 coordIndex [0,1,2,-1,3,0,2,-1]
coord Coordinate { point [-2.79527 2.3622 0.244094,-2.67716 2.3622 0.303149,-2.67716 2.3622 0.185039,-2.79527 2.3622 0.185039]
}}
appearance Appearance{material Material{diffuseColor 0.411765 0.411765 0.411765
transparency 0}}}
Shape { geometry IndexedFaceSet 
{ creaseAngle 0.50 coordIndex [0,1,2,-1,3,1,0,-1,2,4,5,-1,1,4,2,-1,5,6,7,-1,4,6,5,-1,7,8,9,-1,6,8,7,-1,9,10,11,-1,8,10,9,-1,11,12,13,-1,10,12,11,-1,13,14,15,-1,12,14,13,-1,16,17,15,-1,16,15,14,-1]
coord Coordinate { point [-0.397637 -0.137795 0.120078,-0.240157 1.75196 0.120078,-0.397637 1.75196 0.120078,-0.240157 -0.137795 0.120078,-0.238183 1.76949 0.120078,-0.399611 1.76949 0.120078,-0.232359 1.78613 0.120078,-0.405435 1.78613 0.120078,-0.222978 1.80106 0.120078,-0.414816 1.80106 0.120078,-0.210511 1.81353 0.120078,-0.427283 1.81353 0.120078,-0.195581 1.82291 0.120078,-0.442213 1.82291 0.120078,-0.178938 1.82873 0.120078,-0.458856 1.82873 0.120078,-0.161417 1.8307 0.120078,-0.476377 1.8307 0.120078]
}}
appearance Appearance{material Material{diffuseColor 0.411765 0.411765 0.411765
transparency 0}}}
Shape { geometry IndexedFaceSet 
{ creaseAngle 0.50 coordIndex [0,1,2,-1,0,2,3,-1,4,5,6,-1,0,3,7,-1,0,7,8,-1,0,8,9,-1,10,11,5,-1,0,12,13,-1,10,14,15,-1,0,13,16,-1,10,15,17,-1,0,16,18,-1,10,17,19,-1,0,18,20,-1,10,19,21,-1,0,20,22,-1,10,21,11,-1,10,23,14,-1,0,22,24,-1,0,9,25,-1,10,26,27,-1,28,29,30,-1,10,27,23,-1,28,30,31,-1,32,29,28,-1,33,32,34,-1,35,36,37,-1,38,39,40,-1,35,37,41,-1,42,34,32,-1,43,39,38,-1,43,44,39,-1,45,38,40,-1,46,42,32,-1,45,40,47,-1,48,32,33,-1,49,44,43,-1,49,50,44,-1,51,45,47,-1,51,47,52,-1,53,48,33,-1,53,33,54,-1,55,50,49,-1,56,35,41,-1,57,42,46,-1,56,41,58,-1,57,54,42,-1,59,26,10,-1,59,52,26,-1,60,61,62,-1,59,51,52,-1,60,62,63,-1,64,50,55,-1,65,53,54,-1,66,25,61,-1,65,54,57,-1,67,58,68,-1,67,56,58,-1,69,70,71,-1,69,71,72,-1,73,50,64,-1,74,68,75,-1,76,77,78,-1,74,67,68,-1,79,80,81,-1,76,78,82,-1,79,63,80,-1,83,53,65,-1,83,82,53,-1,84,85,86,-1,84,86,87,-1,88,89,90,-1,88,91,92,-1,88,90,93,-1,88,93,94,-1,88,94,95,-1,96,82,83,-1,88,95,97,-1,96,76,82,-1,88,97,98,-1,88,98,91,-1,99,25,66,-1,100,101,102,-1,103,59,10,-1,104,10,105,-1,104,103,10,-1,106,107,108,-1,106,108,109,-1,110,12,0,-1,110,92,111,-1,110,111,112,-1,110,112,113,-1,110,113,114,-1,110,114,115,-1,110,115,12,-1,110,88,92,-1,116,101,100,-1,117,102,101,-1,118,101,116,-1,119,104,105,-1,120,60,63,-1,120,63,79,-1,121,117,101,-1,122,119,105,-1,123,76,96,-1,124,122,105,-1,123,109,76,-1,125,101,118,-1,126,127,128,-1,129,121,101,-1,130,106,109,-1,130,109,123,-1,131,132,133,-1,131,133,134,-1,131,134,124,-1,135,131,124,-1,136,101,125,-1,135,124,105,-1,137,136,125,-1,138,139,140,-1,138,141,139,-1,142,132,131,-1,143,130,123,-1,144,140,106,-1,143,123,145,-1,144,106,130,-1,146,143,145,-1,146,145,147,-1,148,140,144,-1,149,146,147,-1,148,138,140,-1,149,147,150,-1,151,152,153,-1,151,153,154,-1,155,129,101,-1,151,154,156,-1,151,156,157,-1,158,149,150,-1,158,150,159,-1,160,158,159,-1,160,159,161,-1,162,163,151,-1,162,151,157,-1,164,160,161,-1,164,161,165,-1,166,60,120,-1,166,25,99,-1,167,162,168,-1,166,99,60,-1,167,163,162,-1,131,162,142,-1,142,162,169,-1,169,162,170,-1,170,162,171,-1,171,162,157,-1,167,72,163,-1,71,88,110,-1,101,25,155,-1,155,25,172,-1,25,32,48,-1,25,48,78,-1,25,78,77,-1,25,77,108,-1,25,108,107,-1,25,107,139,-1,25,139,141,-1,25,141,173,-1,25,173,174,-1,25,174,175,-1,176,173,177,-1,25,175,178,-1,176,174,173,-1,28,85,32,-1,32,85,46,-1,84,128,127,-1,84,127,179,-1,84,179,180,-1,151,0,152,-1,152,0,181,-1,181,0,182,-1,182,0,183,-1,183,0,184,-1,184,0,185,-1,185,0,186,-1,186,0,73,-1,73,0,50,-1,50,0,166,-1,166,0,25,-1,110,163,71,-1,71,163,72,-1,180,46,85,-1,180,85,84,-1,57,187,188,-1,57,188,65,-1,189,81,190,-1,79,191,192,-1,137,193,89,-1,194,138,148,-1,194,177,138,-1,195,196,197,-1,195,197,198,-1,195,198,199,-1,195,199,164,-1,195,200,127,-1,195,74,75,-1,195,164,165,-1,195,75,201,-1,195,201,202,-1,195,202,200,-1,195,165,203,-1,195,203,204,-1,195,204,205,-1,195,205,206,-1,195,206,74,-1,207,148,144,-1,207,144,208,-1,209,176,177,-1,209,177,194,-1,210,207,208,-1,210,208,211,-1,212,210,211,-1,212,211,213,-1,214,212,213,-1,214,213,215,-1,89,136,137,-1,216,214,215,-1,216,215,217,-1,218,217,219,-1,218,216,217,-1,220,219,196,-1,220,218,219,-1,221,188,187,-1,221,187,222,-1,223,221,222,-1,223,222,224,-1,225,194,226,-1,225,209,194,-1,227,226,228,-1,229,224,230,-1,227,225,226,-1,229,223,224,-1,231,228,232,-1,231,227,228,-1,233,231,232,-1,233,232,234,-1,80,178,175,-1,80,175,235,-1,236,233,234,-1,236,234,237,-1,238,230,239,-1,240,236,237,-1,238,229,230,-1,240,237,241,-1,242,239,243,-1,242,238,239,-1,244,176,209,-1,244,235,176,-1,245,243,246,-1,245,242,243,-1,190,81,244,-1,127,245,246,-1,127,246,247,-1,127,247,248,-1,127,248,249,-1,127,249,250,-1,127,250,251,-1,127,251,252,-1,127,252,253,-1,127,253,179,-1,127,200,245,-1,189,190,254,-1,189,254,255,-1,189,255,256,-1,189,256,257,-1,258,189,257,-1,258,257,259,-1,260,89,261,-1,262,258,259,-1,262,259,263,-1,264,261,89,-1,81,235,244,-1,265,263,266,-1,81,80,235,-1,265,262,263,-1,5,240,241,-1,5,241,267,-1,5,267,268,-1,5,268,269,-1,5,269,220,-1,270,89,260,-1,5,266,271,-1,5,271,272,-1,5,272,240,-1,5,265,266,-1,5,196,195,-1,273,264,89,-1,5,274,275,-1,5,275,265,-1,5,220,196,-1,276,274,5,-1,273,89,193,-1,11,276,5,-1,277,89,270,-1,278,273,193,-1,90,89,277,-1,192,120,79,-1,22,193,24,-1,22,278,193,-1,279,192,191,-1,280,279,191,-1,281,280,191,-1,282,191,283,-1,282,281,191,-1,284,283,285,-1,284,282,283,-1,286,285,14,-1,286,284,285,-1,25,287,288,-1,25,288,289,-1,25,289,290,-1,25,290,291,-1,25,291,292,-1,23,286,14,-1,25,292,172,-1,25,9,287,-1,25,62,61,-1,6,5,195,-1,6,195,293,-1,25,178,62,-1,294,96,83,-1,294,83,295,-1,36,295,37,-1,4,6,296,-1,36,294,295,-1,0,24,1,-1]
coord Coordinate { point [2.08661 -1.85039 0.019685,1.82096 -1.98485 0.019685,1.80923 -1.96619 0.019685,1.79365 -1.9506 0.019685,-0.206692 2.95275 0.019685,-0.206692 2.40157 0.019685,-0.31496 2.87401 0.019685,1.77499 -1.93888 0.019685,1.75418 -1.9316 0.019685,1.73228 -1.92913 0.019685,0.797243 2.40157 0.019685,0.271653 1.94881 0.019685,2.21491 -1.98876 0.019685,2.19648 -1.9933 0.019685,0.451324 1.91917 0.019685,0.438857 1.93164 0.019685,2.17968 -2.00212 0.019685,0.423927 1.94102 0.019685,2.16547 -2.01471 0.019685,0.407284 1.94684 0.019685,2.15468 -2.03033 0.019685,0.389763 1.94881 0.019685,2.14795 -2.04808 0.019685,0.704723 1.8307 0.019685,1.82824 -2.00565 0.019685,1.00394 -0.807085 0.019685,0.840354 1.82873 0.019685,0.822833 1.8307 0.019685,-2.67716 -1.55512 0.019685,-2.48031 -1.88976 0.019685,-2.79527 -1.88976 0.019685,-2.79527 -1.55512 0.019685,-2.48031 -0.807085 0.019685,-2.18504 -0.55118 0.019685,-2.34252 -0.55118 0.019685,-1.53157 1.78613 0.019685,-1.53739 1.76949 0.019685,-1.69882 1.76949 0.019685,1.27702 2.0572 0.019685,0.893775 1.78613 0.019685,0.884394 1.80106 0.019685,-1.70464 1.78613 0.019685,-2.34252 -0.3937 0.019685,1.28949 2.04473 0.019685,0.899599 1.76949 0.019685,1.26764 2.07213 0.019685,-2.40551 -0.137795 0.019685,0.871927 1.81353 0.019685,-1.90945 -0.55118 0.019685,1.30442 2.03535 0.019685,0.901573 1.75196 0.019685,1.26181 2.08877 0.019685,0.856997 1.82291 0.019685,-1.90945 -0.3937 0.019685,-2.18504 -0.3937 0.019685,1.32106 2.02953 0.019685,-1.52219 1.80106 0.019685,-2.12992 -0.137795 0.019685,-1.71403 1.80106 0.019685,1.25984 2.10629 0.019685,0.688975 -0.3937 0.019685,0.688975 -0.55118 0.019685,0.413385 -0.55118 0.019685,0.413385 -0.3937 0.019685,1.33858 2.02755 0.019685,-1.97244 -0.137795 0.019685,0.846455 -0.55118 0.019685,-1.50972 1.81353 0.019685,-1.72649 1.81353 0.019685,2.79527 0.90551 0.019685,2.79527 0.62992 0.019685,2.67716 0.62992 0.019685,2.67716 0.90551 0.019685,1.77165 2.02755 0.019685,-1.49479 1.82291 0.019685,-1.74142 1.82291 0.019685,-1.47638 -0.3937 0.019685,-1.47638 -0.55118 0.019685,-1.75197 -0.55118 0.019685,0.468503 -0.137795 0.019685,0.255905 -0.3937 0.019685,0.192913 -0.137795 0.019685,-1.75197 -0.3937 0.019685,-1.69685 -0.137795 0.019685,-2.67716 0.90551 0.019685,-2.67716 0.62992 0.019685,-2.79527 0.62992 0.019685,-2.79527 0.90551 0.019685,2.67716 -2.32283 0.019685,1.9685 -2.32283 0.019685,2.2339 -2.14509 0.019685,2.30315 -2.06692 0.019685,2.30086 -2.04808 0.019685,2.25233 -2.14055 0.019685,2.26913 -2.13173 0.019685,2.28334 -2.11914 0.019685,-1.53937 -0.137795 0.019685,2.29413 -2.10352 0.019685,2.30086 -2.08577 0.019685,0.846455 -0.3937 0.019685,1.39532 -2.83285 0.019685,1.00394 -3.03149 0.019685,1.37974 -2.81727 0.019685,1.25984 2.65747 0.019685,1.26181 2.675 0.019685,0.797243 3.05117 0.019685,-1.04331 -0.3937 0.019685,-1.04331 -0.55118 0.019685,-1.3189 -0.55118 0.019685,-1.3189 -0.3937 0.019685,2.32283 -1.85039 0.019685,2.29413 -2.03033 0.019685,2.28334 -2.01471 0.019685,2.26913 -2.00212 0.019685,2.25233 -1.9933 0.019685,2.2339 -1.98876 0.019685,1.41398 -2.84458 0.019685,1.36801 -2.79861 0.019685,1.43479 -2.85186 0.019685,1.26764 2.69164 0.019685,0.625983 -0.137795 0.019685,1.36073 -2.7778 0.019685,1.27702 2.70657 0.019685,-1.26378 -0.137795 0.019685,1.28949 2.71904 0.019685,1.45669 -2.85433 0.019685,-2.45078 2.95275 0.019685,-2.45078 2.40157 0.019685,-2.67716 2.95275 0.019685,1.35826 -2.7559 0.019685,-1.1063 -0.137795 0.019685,1.39764 2.87401 0.019685,1.33858 2.73621 0.019685,1.32106 2.73424 0.019685,1.30442 2.72842 0.019685,1.39764 3.05117 0.019685,1.9685 -3.03149 0.019685,1.83071 -2.85433 0.019685,-0.610235 -0.3937 0.019685,-0.885825 -0.55118 0.019685,-0.885825 -0.3937 0.019685,-0.610235 -0.55118 0.019685,1.77165 2.73621 0.019685,-1.1063 1.75196 0.019685,-0.830707 -0.137795 0.019685,-1.26378 1.75196 0.019685,-1.10432 1.76949 0.019685,-1.26575 1.76949 0.019685,-0.673227 -0.137795 0.019685,-1.0985 1.78613 0.019685,-1.27157 1.78613 0.019685,2.08661 2.55905 0.019685,1.85039 2.10629 0.019685,1.85039 2.65747 0.019685,1.84842 2.675 0.019685,1.35826 -2.02756 0.019685,1.84259 2.69164 0.019685,1.83321 2.70657 0.019685,-1.08912 1.80106 0.019685,-1.28096 1.80106 0.019685,-1.07665 1.81353 0.019685,-1.29342 1.81353 0.019685,2.42125 2.87401 0.019685,2.32283 2.55905 0.019685,-1.06172 1.82291 0.019685,-1.30835 1.82291 0.019685,0.901573 -0.137795 0.019685,2.67716 2.95275 0.019685,2.42125 2.95275 0.019685,1.78917 2.73424 0.019685,1.80581 2.72842 0.019685,1.82074 2.71904 0.019685,1.36073 -2.00565 0.019685,-0.452755 -0.55118 0.019685,-0.177165 -0.55118 0.019685,-0.019685 -0.55118 0.019685,-0.177165 -0.3937 0.019685,-0.452755 -0.3937 0.019685,0.255905 -0.55118 0.019685,-2.40353 1.76949 0.019685,-2.40551 1.75196 0.019685,1.84842 2.08877 0.019685,1.84259 2.07213 0.019685,1.83321 2.0572 0.019685,1.82074 2.04473 0.019685,1.80581 2.03535 0.019685,1.78917 2.02953 0.019685,-2.12992 1.75196 0.019685,-1.97244 1.75196 0.019685,0.192913 1.87007 0.019685,0.035433 1.75196 0.019685,0.468503 1.87007 0.019685,0.625983 1.75196 0.019685,1.83071 -2.02756 0.019685,-0.397637 -0.137795 0.019685,-1.44685 2.40157 0.019685,-0.891926 1.82873 0.019685,-0.909447 1.8307 0.019685,-1.02756 1.8307 0.019685,-1.04508 1.82873 0.019685,-1.8937 1.8307 0.019685,-1.75807 1.82873 0.019685,-1.77559 1.8307 0.019685,-1.325 1.82873 0.019685,-1.34252 1.8307 0.019685,-1.46063 1.8307 0.019685,-1.47815 1.82873 0.019685,-0.673227 1.75196 0.019685,-0.830707 1.75196 0.019685,-0.240157 -0.137795 0.019685,-0.671253 1.76949 0.019685,-0.832681 1.76949 0.019685,-0.665429 1.78613 0.019685,-0.838505 1.78613 0.019685,-0.656048 1.80106 0.019685,-0.847886 1.80106 0.019685,-0.643581 1.81353 0.019685,-0.860353 1.81353 0.019685,-0.628651 1.82291 0.019685,-0.875283 1.82291 0.019685,-0.612008 1.82873 0.019685,-1.97046 1.76949 0.019685,-2.13189 1.76949 0.019685,-1.96464 1.78613 0.019685,-2.13771 1.78613 0.019685,-0.240157 1.75196 0.019685,-0.397637 1.75196 0.019685,-0.238183 1.76949 0.019685,-0.399611 1.76949 0.019685,-1.95526 1.80106 0.019685,-2.1471 1.80106 0.019685,-0.232359 1.78613 0.019685,-0.405435 1.78613 0.019685,-0.222978 1.80106 0.019685,-0.414816 1.80106 0.019685,-0.019685 -0.3937 0.019685,-0.210511 1.81353 0.019685,-0.427283 1.81353 0.019685,-1.94279 1.81353 0.019685,-2.15956 1.81353 0.019685,-0.195581 1.82291 0.019685,-0.442213 1.82291 0.019685,-1.92786 1.82291 0.019685,-2.17449 1.82291 0.019685,0.035433 -0.137795 0.019685,-1.91122 1.82873 0.019685,-2.19114 1.82873 0.019685,-2.20866 1.8307 0.019685,-2.32677 1.8307 0.019685,-2.34429 1.82873 0.019685,-2.36093 1.82291 0.019685,-2.37586 1.81353 0.019685,-2.38833 1.80106 0.019685,-2.39771 1.78613 0.019685,0.0334588 1.76949 0.019685,0.0276353 1.78613 0.019685,0.0182544 1.80106 0.019685,0.00578659 1.81353 0.019685,0.194887 1.8876 0.019685,-0.00914299 1.82291 0.019685,2.17968 -2.13173 0.019685,2.16547 -2.11914 0.019685,0.200711 1.90424 0.019685,-0.0257857 1.82873 0.019685,2.15468 -2.10352 0.019685,0.210092 1.91917 0.019685,-0.043307 1.8307 0.019685,-0.458856 1.82873 0.019685,-0.476377 1.8307 0.019685,-0.594487 1.8307 0.019685,2.19648 -2.14055 0.019685,-0.161417 1.8307 0.019685,-0.178938 1.82873 0.019685,2.14795 -2.08577 0.019685,0.237489 1.94102 0.019685,0.222559 1.93164 0.019685,0.254132 1.94684 0.019685,2.21491 -2.14509 0.019685,2.14567 -2.06692 0.019685,0.627957 1.76949 0.019685,0.633781 1.78613 0.019685,0.643162 1.80106 0.019685,0.655629 1.81353 0.019685,0.466529 1.8876 0.019685,0.670559 1.82291 0.019685,0.460705 1.90424 0.019685,0.687202 1.82873 0.019685,1.45669 -1.92913 0.019685,1.43479 -1.9316 0.019685,1.41398 -1.93888 0.019685,1.39532 -1.9506 0.019685,1.37974 -1.96619 0.019685,1.36801 -1.98485 0.019685,-1.44685 2.87401 0.019685,-1.53937 1.75196 0.019685,-1.69685 1.75196 0.019685,-0.31496 2.95275 0.019685]
}}
appearance Appearance{material Material{diffuseColor 0.411765 0.411765 0.411765
transparency 0}}}
Shape { geometry IndexedFaceSet 
{ creaseAngle 0.50 coordIndex [0,1,2,-1,0,2,3,-1,4,3,5,-1,4,0,3,-1,6,5,7,-1,6,4,5,-1,8,7,9,-1,8,6,7,-1,10,9,11,-1,10,8,9,-1,12,11,13,-1,12,10,11,-1,14,13,15,-1,14,12,13,-1,16,14,15,-1]
coord Coordinate { point [-0.138096 1.62118 0.46925,-0.131942 1.62164 0.469061,-0.131942 1.61417 0.450849,-0.139443 1.6135 0.451123,-0.144095 1.61983 0.469805,-0.146743 1.6115 0.451944,-0.152502 1.61625 0.471272,-0.1549 1.60734 0.453651,-0.159781 1.61097 0.473438,-0.16197 1.6013 0.456127,-0.164677 1.60545 0.475702,-0.167156 1.59404 0.45911,-0.168315 1.59916 0.478286,-0.170271 1.58605 0.462384,-0.170556 1.59232 0.481089,-0.171312 1.57775 0.465792,-0.171312 1.58522 0.484004]
}}
appearance Appearance{material Material{diffuseColor 1 0.807843 0.498039
transparency 0}}}
Shape { geometry IndexedFaceSet 
{ creaseAngle 0.50 coordIndex [0,1,2,-1,0,3,4,-1,0,4,1,-1,5,6,7,-1,8,9,10,-1,8,10,0,-1,8,0,2,-1,5,11,6,-1,8,2,12,-1,13,14,15,-1,16,17,18,-1,13,15,19,-1,20,21,9,-1,20,22,23,-1,20,9,8,-1,20,12,24,-1,20,24,22,-1,20,8,12,-1,25,16,18,-1,20,23,21,-1,26,5,7,-1,26,7,27,-1,28,19,29,-1,28,13,19,-1,30,31,32,-1,30,26,27,-1,30,27,33,-1,30,33,31,-1,34,29,11,-1,34,28,29,-1,35,11,5,-1,35,34,11,-1,36,37,14,-1,36,14,13,-1,38,5,26,-1,38,35,5,-1,39,36,13,-1,39,13,28,-1,40,38,26,-1,40,32,41,-1,40,30,32,-1,40,26,30,-1,42,39,28,-1,42,28,34,-1,43,34,35,-1,43,42,34,-1,44,45,37,-1,44,37,36,-1,46,43,35,-1,46,35,38,-1,47,36,39,-1,47,44,36,-1,48,46,38,-1,48,41,49,-1,48,40,41,-1,48,38,40,-1,1,47,39,-1,50,21,23,-1,51,52,53,-1,51,53,16,-1,1,39,42,-1,2,42,43,-1,54,25,55,-1,2,1,42,-1,54,16,25,-1,54,51,16,-1,56,57,58,-1,6,55,59,-1,56,58,45,-1,6,54,55,-1,56,45,44,-1,7,59,60,-1,12,43,46,-1,7,6,59,-1,12,2,43,-1,19,15,52,-1,61,62,57,-1,61,44,47,-1,19,52,51,-1,27,60,63,-1,61,56,44,-1,61,57,56,-1,27,7,60,-1,24,12,46,-1,24,46,48,-1,24,49,22,-1,29,51,54,-1,29,19,51,-1,24,48,49,-1,4,3,62,-1,33,63,64,-1,4,61,47,-1,33,64,31,-1,4,62,61,-1,33,27,63,-1,4,47,1,-1,0,10,3,-1,11,29,54,-1,11,54,6,-1]
coord Coordinate { point [-2.68468 -2.31636 0.537873,-2.68139 -2.30716 0.552834,-2.68468 -2.31006 0.55436,-2.68145 -2.31542 0.519684,-2.68139 -2.31318 0.537072,-2.68468 -2.27463 0.587669,-2.68139 -2.259 0.589355,-2.68468 -2.25968 0.592563,-2.68858 -2.31868 0.538457,-2.6883 -2.32088 0.519684,-2.68457 -2.31854 0.519684,-2.68139 -2.27328 0.584676,-2.68858 -2.31218 0.555473,-2.67759 -2.28192 0.570273,-2.67716 -2.28905 0.55797,-2.67716 -2.27945 0.566979,-2.67716 -2.25019 0.578423,-2.67716 -2.24409 0.578739,-2.67765 -2.24409 0.583119,-2.67759 -2.26997 0.577305,-2.69275 -2.32003 0.538795,-2.69246 -2.32234 0.519684,-2.69684 -2.31503 0.553848,-2.69684 -2.32086 0.537205,-2.69275 -2.31341 0.556119,-2.67911 -2.24409 0.58728,-2.68858 -2.27561 0.589851,-2.68858 -2.26019 0.594901,-2.67899 -2.28442 0.573618,-2.67899 -2.27168 0.581115,-2.69275 -2.27618 0.591117,-2.69684 -2.26161 0.59645,-2.69684 -2.27825 0.590626,-2.69275 -2.26048 0.596259,-2.68139 -2.28676 0.576744,-2.68468 -2.28872 0.579372,-2.67759 -2.29218 0.560636,-2.67716 -2.29636 0.547161,-2.68858 -2.29015 0.581287,-2.67899 -2.29536 0.563344,-2.69275 -2.29098 0.582399,-2.69684 -2.29318 0.581245,-2.68139 -2.29834 0.565875,-2.68468 -2.30083 0.568001,-2.67759 -2.3 0.549074,-2.67716 -2.30136 0.534096,-2.68858 -2.30266 0.569552,-2.67899 -2.3037 0.551018,-2.69275 -2.30371 0.570452,-2.69684 -2.30565 0.568778,-2.69685 -2.32283 0.519684,-2.67759 -2.25731 0.581453,-2.67716 -2.26829 0.573554,-2.67716 -2.25645 0.577432,-2.67899 -2.25818 0.585538,-2.68145 -2.24409 0.591012,-2.67759 -2.30535 0.5351,-2.67765 -2.30753 0.519684,-2.67716 -2.30314 0.519684,-2.68457 -2.24409 0.594129,-2.6883 -2.24409 0.596475,-2.67899 -2.3094 0.53612,-2.67911 -2.31169 0.519684,-2.69246 -2.24409 0.59793,-2.69685 -2.24409 0.598424]
}}
appearance Appearance{material Material{diffuseColor 1 1 1
transparency 0}}}
Shape { geometry IndexedFaceSet 
{ creaseAngle 0.50 coordIndex [0,1,2,-1,0,2,3,-1,4,3,5,-1,4,0,3,-1,6,5,7,-1,6,4,5,-1,8,7,9,-1,8,6,7,-1,10,9,11,-1,10,8,9,-1,12,11,13,-1,12,10,11,-1,14,13,15,-1,14,12,13,-1]
coord Coordinate { point [-2.67765 -1.41732 0.369635,-2.67716 -1.41732 0.374015,-2.67716 -2.24409 0.374015,-2.67765 -2.24409 0.369635,-2.67911 -1.41732 0.365474,-2.67911 -2.24409 0.365474,-2.68145 -1.41732 0.361742,-2.68145 -2.24409 0.361742,-2.68457 -1.41732 0.358625,-2.68457 -2.24409 0.358625,-2.6883 -1.41732 0.356279,-2.6883 -2.24409 0.356279,-2.69246 -1.41732 0.354824,-2.69246 -2.24409 0.354824,-2.69685 -1.41732 0.35433,-2.69685 -2.24409 0.35433]
}}
appearance Appearance{material Material{diffuseColor 1 1 1
transparency 0}}}
Shape { geometry IndexedFaceSet 
{ creaseAngle 0.50 coordIndex [0,1,2,-1,3,0,2,-1]
coord Coordinate { point [-0.177165 -0.55118 0.263779,-0.019685 -0.55118 0.263779,-0.019685 -0.55118 0.210629,-0.177165 -0.55118 0.210629]
}}
appearance Appearance{material Material{diffuseColor 0.792157 0.819608 0.933333
transparency 0}}}
Shape { geometry IndexedFaceSet 
{ creaseAngle 0.50 coordIndex [0,1,2,-1,1,3,4,-1,5,6,7,-1,7,6,8,-1,9,10,11,-1,6,12,8,-1,13,10,9,-1,11,14,15,-1,10,14,11,-1,12,16,1,-1,6,16,12,-1,15,17,18,-1,3,19,20,-1,14,17,15,-1,1,19,3,-1,16,19,1,-1,14,21,17,-1,20,22,23,-1,18,24,25,-1,19,22,20,-1,17,24,18,-1,22,26,23,-1,25,27,28,-1,24,27,25,-1,23,29,30,-1,27,31,28,-1,26,29,23,-1,28,31,32,-1,30,33,34,-1,34,33,35,-1,29,33,30,-1,33,36,35,-1,32,37,38,-1,31,37,32,-1,29,39,33,-1,38,40,41,-1,37,40,38,-1,36,42,35,-1,41,43,44,-1,35,45,46,-1,40,43,41,-1,42,45,35,-1,43,47,44,-1,44,47,48,-1,39,49,33,-1,48,50,51,-1,47,50,48,-1,51,52,53,-1,50,52,51,-1,53,54,55,-1,56,57,58,-1,52,54,53,-1,59,57,56,-1,49,57,59,-1,39,57,49,-1,55,60,61,-1,54,60,55,-1,58,62,45,-1,45,62,46,-1,61,63,64,-1,60,63,61,-1,58,65,62,-1,57,65,58,-1,64,0,2,-1,63,0,64,-1,62,66,46,-1,46,66,67,-1,66,68,67,-1,67,68,9,-1,68,13,9,-1,5,7,69,-1,2,1,4,-1]
coord Coordinate { point [2.16008 -2.11234 0.386732,2.17232 -2.12598 0.386732,2.16547 -2.11914 0.019685,2.19648 -2.14055 0.019685,2.17968 -2.13173 0.019685,2.15551 -2.10504 0.649605,2.16637 -2.12014 0.649605,2.1603 -2.11265 0.55118,2.16593 -2.11966 0.55118,2.30315 -2.06692 0.019685,2.30087 -2.04814 0.452755,2.30086 -2.04808 0.019685,2.17232 -2.12598 0.55118,2.30314 -2.06693 0.452755,2.29418 -2.03044 0.452755,2.29413 -2.03033 0.019685,2.18047 -2.13227 0.649605,2.28346 -2.01484 0.386732,2.28334 -2.01471 0.019685,2.19703 -2.14075 0.649605,2.21491 -2.14509 0.019685,2.28346 -2.01484 0.452755,2.21511 -2.14511 0.649605,2.2339 -2.14509 0.019685,2.26982 -2.0026 0.386732,2.26913 -2.00212 0.019685,2.2337 -2.14511 0.649605,2.25371 -1.99384 0.386732,2.25233 -1.9933 0.019685,2.25178 -2.14075 0.649605,2.25233 -2.14055 0.019685,2.23602 -1.98905 0.386732,2.2339 -1.98876 0.019685,2.27649 -2.12598 0.386732,2.26913 -2.13173 0.019685,2.28334 -2.11914 0.019685,2.27891 -2.12375 0.386732,2.21769 -1.98847 0.386732,2.21491 -1.98876 0.019685,2.26834 -2.13227 0.649605,2.19973 -1.99215 0.386732,2.19648 -1.9933 0.019685,2.28123 -2.12143 0.386732,2.18311 -1.99988 0.386732,2.17968 -2.00212 0.019685,2.28346 -2.11901 0.386732,2.29413 -2.10352 0.019685,2.16873 -2.01125 0.386732,2.16547 -2.01471 0.019685,2.27649 -2.12598 0.55118,2.15736 -2.02563 0.386732,2.15468 -2.03033 0.019685,2.14963 -2.04225 0.386732,2.14795 -2.04808 0.019685,2.14595 -2.06021 0.386732,2.14567 -2.06692 0.019685,2.28123 -2.12143 0.55118,2.28244 -2.12014 0.649605,2.28346 -2.11901 0.55118,2.27891 -2.12375 0.55118,2.14653 -2.07854 0.386732,2.14795 -2.08577 0.019685,2.2933 -2.10504 0.452755,2.15132 -2.09623 0.386732,2.15468 -2.10352 0.019685,2.2933 -2.10504 0.649605,2.29872 -2.09295 0.452755,2.30086 -2.08577 0.019685,2.30203 -2.08013 0.452755,2.15551 -2.10504 0.55118]
}}
appearance Appearance{material Material{diffuseColor 0.411765 0.411765 0.411765
transparency 0}}}
Shape { geometry IndexedFaceSet 
{ creaseAngle 0.50 coordIndex [0,1,2,-1,0,2,3,-1,4,0,3,-1,4,3,5,-1,6,7,8,-1,9,4,5,-1,9,5,10,-1,11,8,12,-1,11,6,8,-1,13,9,10,-1,13,10,14,-1,15,12,16,-1,15,11,12,-1,17,13,14,-1,17,14,18,-1,19,16,20,-1,19,15,16,-1,21,20,22,-1,21,19,20,-1,23,17,18,-1,23,18,24,-1,25,22,26,-1,25,21,22,-1,27,24,28,-1,27,23,24,-1,29,26,30,-1,6,28,31,-1,29,25,26,-1,6,31,32,-1,6,32,7,-1,6,27,28,-1,33,30,34,-1,33,29,30,-1,35,34,36,-1,35,33,34,-1,37,36,38,-1,37,35,36,-1,39,37,38,-1,39,38,40,-1,41,39,40,-1,41,40,42,-1,43,41,42,-1,43,42,44,-1,45,43,44,-1,45,44,46,-1,47,45,46,-1,47,46,48,-1,49,47,48,-1,49,48,50,-1,51,49,50,-1,51,50,52,-1,53,51,52,-1,53,52,54,-1,1,53,54,-1,1,54,2,-1]
coord Coordinate { point [1.55951 2.20472 0.530634,1.58715 2.20472 0.52382,1.57195 2.63779 0.528444,1.54364 2.63779 0.531484,1.53104 2.20472 0.530634,1.51542 2.63779 0.52766,1.42716 2.20472 0.413385,1.42716 2.63779 0.413385,1.43037 2.63779 0.386064,1.50339 2.20472 0.52382,1.48894 2.63779 0.517195,1.43059 2.20472 0.385119,1.4398 2.63779 0.360225,1.47818 2.20472 0.510588,1.46573 2.63779 0.500697,1.44069 2.20472 0.358497,1.45496 2.63779 0.33727,1.45687 2.20472 0.491706,1.44715 2.63779 0.479125,1.45687 2.20472 0.335064,1.47502 2.63779 0.318443,1.47818 2.20472 0.316182,1.49888 2.63779 0.304766,1.44069 2.20472 0.468273,1.43427 2.63779 0.453733,1.50339 2.20472 0.30295,1.52527 2.63779 0.296982,1.43059 2.20472 0.441651,1.42784 2.63779 0.425995,1.53104 2.20472 0.296136,1.55274 2.63779 0.295511,1.42746 2.63779 0.421801,1.42724 2.63779 0.417595,1.55951 2.20472 0.296136,1.5798 2.63779 0.300434,1.58715 2.20472 0.30295,1.60499 2.63779 0.311485,1.61237 2.20472 0.316182,1.62694 2.63779 0.328062,1.63368 2.20472 0.335064,1.64446 2.63779 0.349268,1.64985 2.20472 0.358497,1.65661 2.63779 0.373952,1.65995 2.20472 0.385119,1.66271 2.63779 0.400775,1.66338 2.20472 0.413385,1.66231 2.63779 0.429245,1.65995 2.20472 0.441651,1.65512 2.63779 0.456794,1.64985 2.20472 0.468273,1.64154 2.63779 0.48182,1.63368 2.20472 0.491706,1.62236 2.63779 0.502869,1.61237 2.20472 0.510588,1.59871 2.63779 0.518717]
}}
appearance Appearance{material Material{diffuseColor 0.411765 0.411765 0.411765
transparency 0}}}
Shape { geometry IndexedFaceSet 
{ creaseAngle 0.50 coordIndex [0,1,2,-1,0,2,3,-1]
coord Coordinate { point [-1.1063 1.75196 0.019685,-1.1063 1.75196 0.120078,-1.1063 -0.137795 0.120078,-1.1063 -0.137795 0.019685]
}}
appearance Appearance{material Material{diffuseColor 0.411765 0.411765 0.411765
transparency 0}}}
Shape { geometry IndexedFaceSet 
{ creaseAngle 0.50 coordIndex [0,1,2,-1,2,3,4,-1,1,3,2,-1,4,5,6,-1,3,5,4,-1,6,7,8,-1,5,7,6,-1,8,9,10,-1,7,9,8,-1,10,11,12,-1,9,11,10,-1,11,13,12,-1,12,14,15,-1,13,14,12,-1]
coord Coordinate { point [-1.92913 2.66173 0.597711,-1.92913 2.65985 0.578117,-1.92037 2.66075 0.597806,-1.92037 2.65887 0.578211,-1.91205 2.65785 0.598085,-1.91205 2.65597 0.57849,-1.90458 2.65318 0.598534,-1.90458 2.6513 0.578939,-1.89835 2.64698 0.59913,-1.89835 2.64509 0.579536,-1.89366 2.63955 0.599845,-1.89366 2.63766 0.58025,-1.89075 2.63126 0.600641,-1.89075 2.62938 0.581046,-1.88976 2.62066 0.581885,-1.88976 2.62254 0.60148]
}}
appearance Appearance{material Material{diffuseColor 1 1 1
transparency 0}}}
Shape { geometry IndexedFaceSet 
{ creaseAngle 0.50 coordIndex [0,1,2,-1,3,4,5,-1,3,6,4,-1,3,2,6,-1,3,0,2,-1,7,8,9,-1,7,5,8,-1,7,3,5,-1,10,11,12,-1,10,9,11,-1,10,7,9,-1,13,14,15,-1,13,12,14,-1,13,10,12,-1,16,15,17,-1,16,13,15,-1,18,17,19,-1,18,16,17,-1,20,19,21,-1,20,18,19,-1]
coord Coordinate { point [-0.0727817 0.91799 0.393739,-0.0705685 0.857113 0.379074,-0.0658417 0.85717 0.378838,-0.0650794 0.91835 0.39302,-0.0613498 0.85734 0.378132,-0.0571072 0.857622 0.376962,-0.0635742 0.857241 0.378545,-0.0576755 0.919049 0.390849,-0.054279 0.857885 0.375867,-0.0497327 0.85846 0.373483,-0.0495704 0.920284 0.386481,-0.0472124 0.858872 0.371773,-0.042514 0.85986 0.36767,-0.0427641 0.921891 0.380372,-0.0403148 0.860438 0.365272,-0.0383487 0.861033 0.362802,-0.0376604 0.923778 0.372845,-0.0351155 0.862275 0.357646,-0.0344782 0.925826 0.36436,-0.0320138 0.864268 0.34937,-0.033412 0.927917 0.355375,-0.0310095 0.866419 0.340446]
}}
appearance Appearance{material Material{diffuseColor 1 0.807843 0.498039
transparency 0}}}
Shape { geometry IndexedFaceSet 
{ creaseAngle 0.50 coordIndex [0,1,2,-1,0,3,1,-1,4,2,5,-1,4,0,2,-1,6,5,7,-1,6,4,5,-1,8,7,9,-1,8,6,7,-1,10,9,11,-1,10,8,9,-1,12,11,13,-1,12,10,11,-1,14,13,15,-1,14,12,13,-1]
coord Coordinate { point [2.7559 2.90684 0.0408506,2.69685 2.89369 0.03937,2.69685 2.90684 0.0408506,2.7559 2.89369 0.03937,2.7559 2.91932 0.0452183,2.69685 2.91932 0.0452183,2.7559 2.93052 0.0522539,2.69685 2.93052 0.0522539,2.7559 2.93987 0.0616048,2.69685 2.93987 0.0616048,2.7559 2.9469 0.072802,2.69685 2.9469 0.072802,2.7559 2.95127 0.085284,2.69685 2.95127 0.085284,2.7559 2.95275 0.098425,2.69685 2.95275 0.098425]
}}
appearance Appearance{material Material{diffuseColor 1 1 1
transparency 0}}}
Shape { geometry IndexedFaceSet 
{ creaseAngle 0.50 coordIndex [0,1,2,-1,1,3,2,-1]
coord Coordinate { point [-0.019685 -0.3937 0.151574,-0.177165 -0.3937 0.151574,-0.019685 -0.3937 0.019685,-0.177165 -0.3937 0.019685]
}}
appearance Appearance{material Material{diffuseColor 0.411765 0.411765 0.411765
transparency 0}}}
Shape { geometry IndexedFaceSet 
{ creaseAngle 0.50 coordIndex [0,1,2,-1,0,3,4,-1,5,0,2,-1,5,2,6,-1,5,7,0,-1,8,1,9,-1,10,11,12,-1,8,13,14,-1,8,14,11,-1,8,10,15,-1,8,15,16,-1,8,16,17,-1,8,11,10,-1,18,19,13,-1,18,13,8,-1,20,18,8,-1,21,20,8,-1,22,21,8,-1,23,22,8,-1,24,23,8,-1,25,24,8,-1,9,25,8,-1,26,27,28,-1,26,28,29,-1,4,26,29,-1,1,29,30,-1,1,30,31,-1,1,31,32,-1,1,32,33,-1,1,33,34,-1,1,34,35,-1,1,35,9,-1,1,4,29,-1,0,4,1,-1]
coord Coordinate { point [-0.326847 3.05118 0.418591,-0.255905 3.05117 0.374015,-0.273426 3.05118 0.375989,-0.332671 3.05118 0.435234,-0.334645 3.05117 0.452755,-0.304999 3.05118 0.391194,-0.290069 3.05118 0.381813,-0.317466 3.05118 0.403661,1.24016 3.05117 0.374015,0.531495 3.05117 0.51181,1.30172 3.05118 0.403661,1.31692 3.05118 0.435234,1.3111 3.05118 0.418591,1.31889 3.05117 0.649605,1.3189 3.05117 0.452755,1.28925 3.05118 0.391194,1.27432 3.05118 0.381813,1.25768 3.05118 0.375989,0.610235 3.05117 0.59055,0.610235 3.05117 0.649605,0.608261 3.05118 0.573029,0.602437 3.05118 0.556386,0.593056 3.05118 0.541456,0.580589 3.05118 0.528989,0.565659 3.05118 0.519608,0.549016 3.05118 0.513784,-0.334645 3.05117 0.649605,-0.019685 3.05117 0.649605,-0.019685 3.05117 0.59055,-0.0177108 3.05118 0.573029,-0.0118873 3.05118 0.556386,-0.00250641 3.05118 0.541456,0.00996141 3.05118 0.528989,0.024891 3.05118 0.519608,0.0415337 3.05118 0.513784,0.059055 3.05117 0.51181]
}}
appearance Appearance{material Material{diffuseColor 1 1 1
transparency 0}}}
Shape { geometry IndexedFaceSet 
{ creaseAngle 0.50 coordIndex [0,1,2,-1,1,3,2,-1]
coord Coordinate { point [-0.456692 -1.57874 0.07874,-0.614172 -1.57874 0.07874,-0.456692 -1.57874 0.019685,-0.614172 -1.57874 0.019685]
}}
appearance Appearance{material Material{diffuseColor 1 0.807843 0.498039
transparency 0}}}
Shape { geometry IndexedFaceSet 
{ creaseAngle 0.50 coordIndex [0,1,2,-1,3,0,2,-1,4,0,3,-1,5,4,3,-1]
coord Coordinate { point [-1.30603 0.11774 0.219936,-1.30318 0.03937 0.210629,-1.30318 0.03937 0.151574,-1.30654 0.13157 0.162523,-1.31923 0.480042 0.30721,-1.3195 0.493869 0.249798]
}}
appearance Appearance{material Material{diffuseColor 1 0.807843 0.498039
transparency 0}}}
Shape { geometry IndexedFaceSet 
{ creaseAngle 0.50 coordIndex [0,1,2,-1,3,1,0,-1,4,5,3,-1,3,5,1,-1,6,7,4,-1,4,7,5,-1,8,9,6,-1,6,9,7,-1,8,10,9,-1,10,11,9,-1]
coord Coordinate { point [0.098425 0.74803 0.74803,0.098425 1.00393 0.688975,0.098425 0.74803 0.688975,0.098425 1.00393 0.74803,0.098425 1.06682 0.747025,0.098425 1.06493 0.688,0.098425 1.12964 0.744012,0.098425 1.12587 0.685078,0.098425 1.19234 0.738993,0.098425 1.18668 0.68021,0.098425 1.55511 0.704112,0.098425 1.55511 0.644785]
}}
appearance Appearance{material Material{diffuseColor 1 1 1
transparency 0}}}
Shape { geometry IndexedFaceSet 
{ creaseAngle 0.50 coordIndex [0,1,2,-1,0,3,1,-1,4,2,5,-1,4,0,2,-1,6,5,7,-1,6,4,5,-1,8,7,9,-1,8,6,7,-1,10,9,11,-1,10,8,9,-1,12,11,13,-1,12,10,11,-1,14,13,15,-1,14,12,13,-1]
coord Coordinate { point [-1.04724 -0.987461 0.0926979,-0.889762 -0.984214 0.113892,-0.889762 -0.987461 0.0926979,-1.04724 -0.984214 0.113892,-1.04724 -0.99522 0.07271,-0.889762 -0.99522 0.07271,-1.04724 -1.00712 0.0548765,-0.889762 -1.00712 0.0548765,-1.04724 -1.02261 0.0400438,-0.889762 -1.02261 0.0400438,-1.04724 -1.04093 0.0289157,-0.889762 -1.04093 0.0289157,-1.04724 -1.06123 0.0220204,-0.889762 -1.06123 0.0220204,-1.04724 -1.08255 0.019685,-0.889762 -1.08255 0.019685]
}}
appearance Appearance{material Material{diffuseColor 1 0.807843 0.498039
transparency 0}}}
Shape { geometry IndexedFaceSet 
{ creaseAngle 0.50 coordIndex [0,1,2,-1,2,3,4,-1,1,3,2,-1,4,5,6,-1,3,5,4,-1,6,7,8,-1,8,7,9,-1,5,7,6,-1,9,10,11,-1,7,10,9,-1]
coord Coordinate { point [-1.33267 1.32306 0.492375,-1.47047 1.32306 0.492375,-1.33267 1.34057 0.499832,-1.47047 1.347 0.501776,-1.33267 1.35898 0.50437,-1.47047 1.3724 0.505774,-1.33267 1.37795 0.505904,-1.47047 1.39807 0.504179,-1.33267 1.39829 0.504141,-1.33267 1.41071 0.501271,-1.47047 1.42278 0.497066,-1.33267 1.42278 0.497066]
}}
appearance Appearance{material Material{diffuseColor 1 0.807843 0.498039
transparency 0}}}
Shape { geometry IndexedFaceSet 
{ creaseAngle 0.50 coordIndex [0,1,2,-1,1,3,2,-1,2,4,5,-1,3,4,2,-1,5,6,7,-1,4,6,5,-1,7,8,9,-1,6,8,7,-1,9,10,11,-1,8,10,9,-1,11,12,13,-1,10,12,11,-1,13,14,15,-1,12,14,13,-1]
coord Coordinate { point [2.69685 2.95275 0.62992,2.69685 0.59055 0.62992,2.69536 2.95275 0.643061,2.69536 0.59055 0.643061,2.691 0.59055 0.655543,2.691 2.95275 0.655543,2.68396 0.59055 0.66674,2.68396 2.95275 0.66674,2.67461 0.59055 0.676091,2.67461 2.95275 0.676091,2.66341 0.59055 0.683127,2.66341 2.95275 0.683127,2.65093 0.59055 0.687494,2.65093 2.95275 0.687494,2.63779 0.59055 0.688975,2.63779 2.95275 0.688975]
}}
appearance Appearance{material Material{diffuseColor 1 1 1
transparency 0}}}
Shape { geometry IndexedFaceSet 
{ creaseAngle 0.50 coordIndex [0,1,2,-1,3,0,2,-1]
coord Coordinate { point [-1.92971 0.21031 0.162523,-1.7396 0.21031 0.162523,-1.73625 0.11811 0.151574,-1.93307 0.11811 0.151574]
}}
appearance Appearance{material Material{diffuseColor 1 0.807843 0.498039
transparency 0}}}
Shape { geometry IndexedFaceSet 
{ creaseAngle 0.50 coordIndex [0,1,2,-1,3,1,0,-1]
coord Coordinate { point [1.33763 -2.49413 0.74803,0.934164 -1.05662 0.688975,1.33763 -2.49413 0.688975,0.934164 -1.05662 0.74803]
}}
appearance Appearance{material Material{diffuseColor 1 1 1
transparency 0}}}
Shape { geometry IndexedFaceSet 
{ creaseAngle 0.50 coordIndex [0,1,2,-1,3,1,0,-1]
coord Coordinate { point [0.413385 -0.55118 0.151574,0.413385 -0.3937 0.019685,0.413385 -0.55118 0.019685,0.413385 -0.3937 0.151574]
}}
appearance Appearance{material Material{diffuseColor 0.411765 0.411765 0.411765
transparency 0}}}
Shape { geometry IndexedFaceSet 
{ creaseAngle 0.50 coordIndex [0,1,2,-1,2,1,3,-1,3,4,5,-1,1,4,3,-1,5,6,7,-1,4,6,5,-1,7,8,9,-1,6,8,7,-1,9,10,11,-1,8,10,9,-1,11,12,13,-1,10,12,11,-1,13,14,15,-1,12,14,13,-1]
coord Coordinate { point [-1.7126 2.99212 0.51181,-1.69507 2.99212 0.513784,-1.7126 3.05117 0.51181,-1.69507 3.05118 0.513784,-1.67843 2.99212 0.519608,-1.67843 3.05118 0.519608,-1.6635 2.99212 0.528989,-1.6635 3.05118 0.528989,-1.65103 2.99212 0.541456,-1.65103 3.05118 0.541456,-1.64165 2.99212 0.556386,-1.64165 3.05118 0.556386,-1.63583 2.99212 0.573029,-1.63583 3.05118 0.573029,-1.63386 2.99212 0.59055,-1.63386 3.05117 0.59055]
}}
appearance Appearance{material Material{diffuseColor 1 1 1
transparency 0}}}
Shape { geometry IndexedFaceSet 
{ creaseAngle 0.50 coordIndex [0,1,2,-1,0,3,1,-1,4,5,6,-1,4,6,7,-1,8,9,5,-1,8,5,4,-1,8,7,3,-1,8,4,7,-1,10,11,12,-1,10,13,11,-1,14,15,16,-1,14,17,15,-1,18,10,12,-1,19,0,2,-1,19,2,17,-1,20,3,0,-1,20,9,8,-1,20,8,3,-1,21,18,12,-1,22,16,13,-1,22,14,16,-1,23,19,17,-1,24,25,26,-1,23,17,14,-1,27,28,9,-1,27,0,19,-1,27,9,20,-1,27,20,0,-1,29,12,25,-1,29,30,31,-1,32,24,26,-1,29,21,12,-1,33,22,13,-1,33,13,10,-1,34,33,10,-1,34,10,18,-1,35,32,26,-1,36,14,22,-1,36,23,14,-1,37,19,23,-1,37,27,19,-1,38,6,39,-1,37,28,27,-1,40,30,29,-1,40,29,25,-1,41,29,31,-1,41,21,29,-1,42,38,39,-1,41,43,34,-1,41,34,18,-1,41,31,43,-1,41,18,21,-1,44,24,30,-1,45,39,46,-1,44,40,25,-1,44,30,40,-1,44,25,24,-1,45,42,39,-1,47,36,22,-1,47,22,33,-1,48,33,34,-1,48,34,43,-1,48,43,50,-1,49,6,38,-1,48,47,33,-1,51,52,28,-1,51,28,37,-1,51,23,36,-1,15,45,46,-1,51,37,23,-1,53,50,52,-1,53,36,47,-1,53,48,50,-1,53,47,48,-1,1,38,42,-1,53,51,36,-1,1,49,38,-1,53,52,51,-1,7,6,49,-1,2,1,42,-1,2,42,45,-1,16,46,11,-1,16,15,46,-1,3,7,49,-1,3,49,1,-1,13,16,11,-1,17,2,45,-1,17,45,15,-1]
coord Coordinate { point [0.393731 1.76346 0.483153,0.391379 1.76671 0.481445,0.392242 1.76569 0.484671,0.392455 1.7651 0.480349,0.391866 1.76512 0.476919,0.392094 1.76416 0.475197,0.388127 1.76845 0.473438,0.391282 1.76627 0.478179,0.393295 1.76345 0.478534,0.39535 1.75927 0.477207,0.385506 1.76593 0.50335,0.382054 1.77215 0.498453,0.377646 1.77044 0.505893,0.386932 1.76726 0.499389,0.393301 1.76206 0.493235,0.388765 1.76898 0.490939,0.3881 1.76836 0.494876,0.393073 1.76377 0.489581,0.385112 1.76556 0.504277,0.395169 1.76063 0.487443,0.394895 1.76117 0.480641,0.383763 1.76431 0.507067,0.393122 1.75977 0.497437,0.395833 1.75826 0.490654,0.37534 1.75649 0.517622,0.372367 1.76734 0.512236,0.366483 1.763 0.517163,0.396808 1.7574 0.483905,0.398586 1.75114 0.480541,0.381854 1.76253 0.5103,0.383423 1.75478 0.513458,0.390221 1.7524 0.507658,0.367962 1.75735 0.519709,0.392526 1.75744 0.501136,0.39232 1.75684 0.502004,0.360288 1.75764 0.520428,0.396135 1.75525 0.494365,0.397812 1.75437 0.48638,0.389002 1.76924 0.479424,0.387429 1.77113 0.481808,0.379417 1.76027 0.513589,0.391525 1.75492 0.50462,0.38917 1.76939 0.482142,0.395335 1.74948 0.500527,0.378977 1.75986 0.514106,0.389184 1.76939 0.485636,0.38537 1.77239 0.490288,0.395943 1.75231 0.497652,0.395829 1.75158 0.498426,0.390536 1.76739 0.478941,0.398545 1.74618 0.492498,0.39849 1.75062 0.48928,0.399658 1.7427 0.484004,0.398614 1.74706 0.491885]
}}
appearance Appearance{material Material{diffuseColor 1 0.807843 0.498039
transparency 0}}}
Shape { geometry IndexedFaceSet 
{ creaseAngle 0.50 coordIndex [0,1,2,-1,3,1,0,-1]
coord Coordinate { point [-2.18504 2.99212 0.51181,-1.7126 3.05117 0.51181,-2.18504 3.05117 0.51181,-1.7126 2.99212 0.51181]
}}
appearance Appearance{material Material{diffuseColor 1 1 1
transparency 0}}}
Shape { geometry IndexedFaceSet 
{ creaseAngle 0.50 coordIndex [0,1,2,-1,3,2,1,-1,4,0,2,-1,5,2,3,-1,6,4,2,-1,7,2,5,-1,2,8,6,-1]
coord Coordinate { point [0.27567 1.01663 0.371729,0.268856 1.01815 0.365576,0.259196 1.01459 0.379074,0.263754 1.01994 0.358004,0.283788 1.01549 0.376135,0.260581 1.02189 0.349473,0.291207 1.01487 0.378333,0.259368 1.0239 0.340447,0.298926 1.01459 0.379074]
}}
appearance Appearance{material Material{diffuseColor 0.792157 0.819608 0.933333
transparency 0}}}
Shape { geometry IndexedFaceSet 
{ creaseAngle 0.50 coordIndex [0,1,2,-1,0,2,3,-1,4,3,5,-1,4,0,3,-1,6,5,7,-1,6,4,5,-1,8,7,9,-1,8,6,7,-1,10,9,11,-1,10,8,9,-1,12,11,13,-1,12,10,11,-1,14,13,15,-1,14,12,13,-1,16,14,15,-1]
coord Coordinate { point [-0.571113 1.54244 0.46925,-0.56496 1.5429 0.469061,-0.56496 1.53543 0.450849,-0.572461 1.53476 0.451123,-0.577112 1.54109 0.469805,-0.57976 1.53276 0.451944,-0.585519 1.53751 0.471272,-0.587917 1.5286 0.453651,-0.592798 1.53223 0.473438,-0.594987 1.52256 0.456127,-0.597694 1.52671 0.475702,-0.600173 1.5153 0.45911,-0.601333 1.52042 0.478286,-0.603288 1.50731 0.462384,-0.603573 1.51358 0.481089,-0.604329 1.49901 0.465792,-0.604329 1.50648 0.484004]
}}
appearance Appearance{material Material{diffuseColor 1 0.807843 0.498039
transparency 0}}}
Shape { geometry IndexedFaceSet 
{ creaseAngle 0.50 coordIndex [0,1,2,-1,2,3,4,-1,1,3,2,-1,3,5,4,-1,4,6,7,-1,5,6,4,-1]
coord Coordinate { point [-2.14567 1.18668 0.68021,-1.75196 1.18668 0.68021,-2.14566 1.12587 0.685078,-1.75196 1.12587 0.685078,-2.14566 1.06493 0.688,-1.75196 1.06493 0.688,-1.75196 1.00393 0.688975,-2.14567 1.00393 0.688975]
}}
appearance Appearance{material Material{diffuseColor 1 1 1
transparency 0}}}
Shape { geometry IndexedFaceSet 
{ creaseAngle 0.50 coordIndex [0,1,2,-1,1,3,2,-1]
coord Coordinate { point [-1.32283 -1.57874 0.07874,-1.48031 -1.57874 0.07874,-1.32283 -1.57874 0.019685,-1.48031 -1.57874 0.019685]
}}
appearance Appearance{material Material{diffuseColor 1 0.807843 0.498039
transparency 0}}}
Shape { geometry IndexedFaceSet 
{ creaseAngle 0.50 coordIndex [0,1,2,-1,1,3,2,-1,2,4,5,-1,3,4,2,-1,5,6,7,-1,4,6,5,-1,7,8,9,-1,6,8,7,-1,9,10,11,-1,8,10,9,-1,11,12,13,-1,10,12,11,-1,13,14,15,-1,12,14,13,-1]
coord Coordinate { point [1.47637 2.89369 0.62992,2.34252 2.89369 0.62992,1.47638 2.89221 0.643061,2.34252 2.89221 0.643061,2.34252 2.88785 0.655543,1.47638 2.88785 0.655543,2.34252 2.88081 0.66674,1.47638 2.88081 0.66674,2.34252 2.87146 0.676091,1.47638 2.87146 0.676091,2.34252 2.86026 0.683127,1.47638 2.86026 0.683127,2.34252 2.84778 0.687494,1.47638 2.84778 0.687494,2.34252 2.83464 0.688975,1.47637 2.83464 0.688975]
}}
appearance Appearance{material Material{diffuseColor 0.792157 0.819608 0.933333
transparency 0}}}
Shape { geometry IndexedFaceSet 
{ creaseAngle 0.50 coordIndex [0,1,2,-1,2,3,4,-1,1,3,2,-1,3,5,4,-1,5,6,4,-1,5,7,6,-1,8,9,7,-1,7,9,6,-1,10,11,8,-1,8,11,9,-1,10,12,11,-1,10,13,12,-1,13,14,12,-1]
coord Coordinate { point [0.059055 2.65913 0.098425,0.059055 2.71991 0.098425,0.059055 2.66686 0.0719701,0.059055 2.72638 0.0854492,0.059055 2.68051 0.0480279,0.059055 2.73583 0.0744431,0.059055 2.69935 0.027902,0.059055 2.74767 0.0660702,0.059055 2.76119 0.0608357,0.059055 2.72233 0.0126885,0.059055 2.77558 0.059055,0.059055 2.74821 0.00321591,0.059055 2.77558 -1.9713e-12,0.059055 2.99212 0.059055,0.059055 2.99212 -1.9713e-12]
}}
appearance Appearance{material Material{diffuseColor 1 1 1
transparency 0}}}
Shape { geometry IndexedFaceSet 
{ creaseAngle 0.50 coordIndex [0,1,2,-1,3,1,0,-1]
coord Coordinate { point [-1.93307 -0.137795 0.210629,-1.93307 0.11811 0.151574,-1.93307 -0.137795 0.151574,-1.93307 0.11811 0.210629]
}}
appearance Appearance{material Material{diffuseColor 0.792157 0.819608 0.933333
transparency 0}}}
Shape { geometry IndexedFaceSet 
{ creaseAngle 0.50 coordIndex [0,1,2,-1,2,1,3,-1,3,4,5,-1,1,4,3,-1,5,6,7,-1,4,6,5,-1,7,8,9,-1,6,8,7,-1,9,10,11,-1,8,10,9,-1,11,12,13,-1,13,12,14,-1,10,12,11,-1,14,15,16,-1,12,15,14,-1]
coord Coordinate { point [-2.34645 -1.04321 0.116423,-2.34645 -1.04451 0.107945,-2.18897 -1.04321 0.116423,-2.18897 -1.04485 0.106775,-2.34645 -1.04762 0.09995,-2.18897 -1.04838 0.0985549,-2.34645 -1.05238 0.0928166,-2.18897 -1.05321 0.09186,-2.34645 -1.05857 0.0868835,-2.18897 -1.05946 0.0862191,-2.34645 -1.0659 0.0824323,-2.18897 -1.06655 0.082134,-2.34645 -1.07402 0.0796742,-2.18897 -1.07418 0.0796418,-2.18897 -1.07835 0.0789663,-2.34645 -1.08255 0.07874,-2.18897 -1.08255 0.07874]
}}
appearance Appearance{material Material{diffuseColor 1 0.807843 0.498039
transparency 0}}}
Shape { geometry IndexedFaceSet 
{ creaseAngle 0.50 coordIndex [0,1,2,-1,1,3,2,-1,2,4,5,-1,3,4,2,-1,5,6,7,-1,4,6,5,-1,7,8,9,-1,6,8,7,-1,9,10,11,-1,8,10,9,-1,11,12,13,-1,10,12,11,-1,13,14,15,-1,12,14,13,-1]
coord Coordinate { point [0.23622 2.36687 0.606286,0.23622 2.36876 0.625881,0.237207 2.35815 0.607125,0.237207 2.36004 0.626719,0.240119 2.35175 0.627516,0.240119 2.34987 0.607921,0.244809 2.34432 0.62823,0.244809 2.34244 0.608636,0.251043 2.33812 0.628827,0.251043 2.33623 0.609232,0.258508 2.33345 0.629276,0.258508 2.33157 0.609681,0.266829 2.33055 0.629554,0.266829 2.32867 0.60996,0.27559 2.32957 0.629649,0.27559 2.32768 0.610054]
}}
appearance Appearance{material Material{diffuseColor 1 1 1
transparency 0}}}
Shape { geometry IndexedFaceSet 
{ creaseAngle 0.50 coordIndex [0,1,2,-1,3,1,0,-1]
coord Coordinate { point [-1.75197 -0.55118 0.151574,-1.75197 -0.3937 0.019685,-1.75197 -0.55118 0.019685,-1.75197 -0.3937 0.151574]
}}
appearance Appearance{material Material{diffuseColor 0.411765 0.411765 0.411765
transparency 0}}}
Shape { geometry IndexedFaceSet 
{ creaseAngle 0.50 coordIndex [0,1,2,-1,3,2,4,-1,3,0,2,-1,5,4,6,-1,5,3,4,-1,7,6,8,-1,7,5,6,-1,9,8,10,-1,9,7,8,-1,11,10,12,-1,11,9,10,-1,13,12,14,-1,13,11,12,-1,15,13,14,-1]
coord Coordinate { point [0.793358 1.37436 0.544665,0.793358 1.24514 0.476845,0.802119 1.2456 0.475971,0.802119 1.37481 0.543791,0.81044 1.24695 0.473392,0.81044 1.37617 0.541213,0.817905 1.24913 0.469239,0.817905 1.37835 0.53706,0.824139 1.25203 0.46372,0.824139 1.38124 0.53154,0.828829 1.2555 0.45711,0.82883 1.38471 0.52493,0.831741 1.25936 0.449742,0.831741 1.38858 0.517562,0.832728 1.26343 0.441985,0.832728 1.39265 0.509805]
}}
appearance Appearance{material Material{diffuseColor 1 0.807843 0.498039
transparency 0}}}
Shape { geometry IndexedFaceSet 
{ creaseAngle 0.50 coordIndex [0,1,2,-1,0,3,1,-1]
coord Coordinate { point [-1.32283 -1.57874 0.07874,-1.48031 -1.08255 0.07874,-1.48031 -1.57874 0.07874,-1.32283 -1.08255 0.07874]
}}
appearance Appearance{material Material{diffuseColor 1 0.807843 0.498039
transparency 0}}}
Shape { geometry IndexedFaceSet 
{ creaseAngle 0.50 coordIndex [0,1,2,-1,0,2,3,-1,4,5,1,-1,4,1,0,-1,6,5,4,-1,7,5,6,-1,8,5,7,-1,9,8,7,-1,10,11,8,-1,10,8,9,-1,12,13,11,-1,12,11,10,-1,14,13,12,-1,15,13,14,-1,16,15,14,-1,17,15,16,-1,18,15,17,-1,19,18,17,-1,20,18,19,-1,21,20,19,-1]
coord Coordinate { point [-1.33267 1.14846 0.407479,-1.33267 1.14385 0.426617,-1.33267 0.849177 0.355375,-1.33267 0.849184 0.335388,-1.33267 1.16404 0.411918,-1.33267 1.18469 0.441985,-1.33267 1.1792 0.417623,-1.33267 1.19384 0.424554,-1.33267 1.31391 0.509805,-1.33267 1.32306 0.492375,-1.33267 1.34057 0.499832,-1.33267 1.33946 0.519947,-1.33267 1.35898 0.50437,-1.33267 1.36668 0.524825,-1.33267 1.37795 0.505904,-1.33267 1.39913 0.523761,-1.33267 1.39829 0.504141,-1.33267 1.41071 0.501271,-1.33267 1.43025 0.515277,-1.33267 1.42278 0.497066,-1.33267 1.50648 0.484004,-1.33267 1.49901 0.465792]
}}
appearance Appearance{material Material{diffuseColor 1 0.807843 0.498039
transparency 0}}}
Shape { geometry IndexedFaceSet 
{ creaseAngle 0.50 coordIndex [0,1,2,-1,3,4,1,-1,3,5,4,-1,6,7,8,-1,4,7,6,-1,5,7,4,-1,0,3,1,-1]
coord Coordinate { point [2.62007 2.81692 0.687006,2.5 2.81495 0.688975,2.6181 2.81495 0.688975,2.42125 2.81692 0.687006,2.34252 2.81495 0.688975,2.42125 2.87401 0.62992,1.47637 2.81495 0.688975,1.39763 2.87401 0.62992,1.39763 2.81495 0.688975]
}}
appearance Appearance{material Material{diffuseColor 0.411765 0.411765 0.411765
transparency 0}}}
Shape { geometry IndexedFaceSet 
{ creaseAngle 0.50 coordIndex [0,1,2,-1,0,2,3,-1]
coord Coordinate { point [1.69291 2.95275 0.216535,1.69291 2.95275 0.300933,2.12598 2.95275 0.300933,2.12598 2.95275 0.216535]
}}
appearance Appearance{material Material{diffuseColor 0.411765 0.411765 0.411765
transparency 0}}}
Shape { geometry IndexedFaceSet 
{ creaseAngle 0.50 coordIndex [0,1,2,-1,1,3,2,-1,2,4,5,-1,3,4,2,-1,5,6,7,-1,4,6,5,-1,7,8,9,-1,6,8,7,-1,9,10,11,-1,8,10,9,-1,11,12,13,-1,10,12,11,-1,13,14,15,-1,12,14,13,-1]
coord Coordinate { point [-2.7559 -2.06693 0.23622,-2.69685 -2.06693 0.23622,-2.7559 -2.08007 0.234739,-2.69684 -2.08007 0.234739,-2.69684 -2.09255 0.230372,-2.7559 -2.09255 0.230372,-2.69684 -2.10375 0.223336,-2.7559 -2.10375 0.223336,-2.69684 -2.1131 0.213985,-2.7559 -2.1131 0.213985,-2.69684 -2.12013 0.202788,-2.7559 -2.12013 0.202788,-2.69684 -2.1245 0.190306,-2.7559 -2.1245 0.190306,-2.69685 -2.12598 0.177165,-2.7559 -2.12598 0.177165]
}}
appearance Appearance{material Material{diffuseColor 1 1 1
transparency 0}}}
Shape { geometry IndexedFaceSet 
{ creaseAngle 0.50 coordIndex [0,1,2,-1,0,3,4,-1,0,4,1,-1,5,6,7,-1,5,7,8,-1,9,10,11,-1,9,2,10,-1,12,11,6,-1,12,9,11,-1,13,8,14,-1,13,5,8,-1,15,16,3,-1,15,3,0,-1,15,0,2,-1,15,2,9,-1,17,16,15,-1,17,9,12,-1,17,15,9,-1,18,19,20,-1,18,14,19,-1,18,13,14,-1,21,6,5,-1,21,12,6,-1,22,18,20,-1,23,21,5,-1,23,5,13,-1,24,20,25,-1,24,22,20,-1,26,27,16,-1,26,12,21,-1,26,16,17,-1,26,17,12,-1,28,13,18,-1,28,23,13,-1,29,30,31,-1,32,26,21,-1,32,21,23,-1,32,27,26,-1,33,34,35,-1,36,18,22,-1,36,28,18,-1,37,35,38,-1,39,22,24,-1,37,33,35,-1,39,36,22,-1,40,41,27,-1,40,27,32,-1,40,32,23,-1,42,37,38,-1,40,23,28,-1,7,38,43,-1,44,41,40,-1,44,28,36,-1,7,42,38,-1,44,40,28,-1,45,24,25,-1,45,25,46,-1,47,34,33,-1,45,39,24,-1,48,36,39,-1,10,33,37,-1,48,41,44,-1,48,44,36,-1,10,47,33,-1,49,45,46,-1,50,51,41,-1,50,41,48,-1,50,39,45,-1,8,7,43,-1,50,48,39,-1,52,46,53,-1,52,49,46,-1,1,34,47,-1,54,51,50,-1,54,45,49,-1,54,50,45,-1,11,37,42,-1,11,10,37,-1,55,51,54,-1,14,43,56,-1,55,49,52,-1,55,54,49,-1,14,8,43,-1,57,30,51,-1,57,53,58,-1,57,51,55,-1,57,52,53,-1,2,1,47,-1,57,55,52,-1,2,47,10,-1,59,30,57,-1,59,57,58,-1,60,58,31,-1,60,31,30,-1,6,42,7,-1,60,59,58,-1,6,11,42,-1,60,30,59,-1,4,3,34,-1,4,34,1,-1,19,56,61,-1,19,61,20,-1,19,14,56,-1]
coord Coordinate { point [-0.479922 1.53593 0.481225,-0.480616 1.53631 0.479474,-0.481062 1.5368 0.480356,-0.478764 1.53491 0.481808,-0.479616 1.53554 0.480236,-0.493073 1.54362 0.486381,-0.488879 1.54197 0.483202,-0.492125 1.54243 0.475769,-0.49723 1.54421 0.476863,-0.484138 1.53924 0.485685,-0.482895 1.53789 0.478173,-0.48729 1.54111 0.481931,-0.485305 1.53985 0.487458,-0.495716 1.54427 0.48827,-0.500381 1.54493 0.477589,-0.482177 1.53773 0.487178,-0.480823 1.53617 0.490288,-0.483082 1.53814 0.489151,-0.499348 1.54471 0.49074,-0.504639 1.54546 0.478626,-0.505975 1.54572 0.487282,-0.488496 1.54091 0.491831,-0.500511 1.54475 0.491501,-0.49058 1.54123 0.494387,-0.503064 1.54467 0.493124,-0.505903 1.54431 0.494851,-0.48565 1.53872 0.493999,-0.484139 1.53593 0.498453,-0.493524 1.54126 0.497677,-0.505904 1.52142 0.520428,-0.49971 1.52678 0.517163,-0.506124 1.52999 0.51513,-0.487386 1.53877 0.49682,-0.483683 1.53747 0.474218,-0.478066 1.53223 0.473438,-0.484032 1.53676 0.471579,-0.494485 1.54118 0.498678,-0.48456 1.53812 0.474361,-0.490838 1.54013 0.470198,-0.496624 1.54086 0.500795,-0.489901 1.53848 0.500436,-0.488547 1.53422 0.505893,-0.490153 1.54151 0.475375,-0.498224 1.5422 0.469348,-0.490736 1.5383 0.501533,-0.499051 1.54026 0.503017,-0.505952 1.5415 0.502052,-0.482223 1.53726 0.47756,-0.492618 1.53778 0.503846,-0.502347 1.5391 0.505754,-0.494788 1.53699 0.506264,-0.493826 1.53112 0.512236,-0.503133 1.53877 0.506361,-0.506124 1.53731 0.508532,-0.497792 1.5356 0.509224,-0.498517 1.53522 0.509876,-0.505904 1.5429 0.469061,-0.501308 1.53359 0.512181,-0.506165 1.53408 0.511895,-0.503555 1.5321 0.513805,-0.504786 1.53122 0.51461,-0.505985 1.54554 0.478965]
}}
appearance Appearance{material Material{diffuseColor 1 0.807843 0.498039
transparency 0}}}
Shape { geometry IndexedFaceSet 
{ creaseAngle 0.50 coordIndex [0,1,2,-1,3,1,0,-1,4,5,6,-1,6,5,7,-1,8,9,10,-1,11,9,8,-1,2,12,13,-1,1,12,2,-1,14,15,4,-1,4,15,5,-1,12,16,13,-1,14,16,15,-1,13,16,14,-1,17,18,19,-1,18,20,19,-1,21,22,23,-1,24,25,21,-1,21,25,22,-1,23,26,27,-1,22,26,23,-1,28,29,24,-1,24,29,25,-1,27,30,31,-1,26,30,27,-1,17,32,28,-1,28,32,29,-1,33,34,11,-1,11,34,9,-1,31,3,0,-1,30,3,31,-1,17,19,32,-1,6,7,35,-1,35,7,33,-1,33,7,34,-1]
coord Coordinate { point [-1.04724 -1.04321 0.116423,-1.04724 -0.987461 0.0926979,-1.04724 -1.04451 0.107945,-1.04724 -0.984214 0.113892,-1.04724 -1.05857 0.0868835,-1.04724 -1.04093 0.0289157,-1.04724 -1.0659 0.0824323,-1.04724 -1.06123 0.0220204,-1.04724 -1.41732 0.059055,-1.04724 -1.39764 0.019685,-1.04724 -1.41732 0.03937,-1.04724 -1.39764 0.07874,-1.04724 -0.99522 0.07271,-1.04724 -1.04762 0.09995,-1.04724 -1.05238 0.0928166,-1.04724 -1.02261 0.0400438,-1.04724 -1.00712 0.0548765,-1.04724 -0.94488 0.210629,-1.04724 -0.807085 0.210629,-1.04724 -0.94488 0.151574,-1.04724 -0.807085 0.151574,-1.04724 -1.00482 0.190271,-1.04724 -0.97505 0.137498,-1.04724 -1.02031 0.175438,-1.04724 -0.986496 0.201399,-1.04724 -0.968857 0.143431,-1.04724 -0.979812 0.130365,-1.04724 -1.03221 0.157605,-1.04724 -0.966194 0.208294,-1.04724 -0.961526 0.147882,-1.04724 -0.982915 0.122369,-1.04724 -1.03997 0.137617,-1.04724 -0.953405 0.15064,-1.04724 -1.08255 0.07874,-1.04724 -1.08255 0.019685,-1.04724 -1.07402 0.0796742]
}}
appearance Appearance{material Material{diffuseColor 1 0.807843 0.498039
transparency 0}}}
Shape { geometry IndexedFaceSet 
{ creaseAngle 0.50 coordIndex [0,1,2,-1,0,3,4,-1,0,4,1,-1,5,6,7,-1,5,7,8,-1,9,10,11,-1,9,12,10,-1,9,13,0,-1,9,2,12,-1,9,0,2,-1,14,15,16,-1,9,11,13,-1,14,17,18,-1,14,19,15,-1,14,16,17,-1,20,21,22,-1,23,24,25,-1,23,25,26,-1,27,8,28,-1,27,5,8,-1,29,23,26,-1,29,26,19,-1,30,28,24,-1,30,27,28,-1,31,32,6,-1,31,6,5,-1,33,18,34,-1,33,14,18,-1,33,19,14,-1,33,29,19,-1,17,16,35,-1,36,30,24,-1,36,24,23,-1,37,5,27,-1,37,31,5,-1,38,36,23,-1,38,23,29,-1,39,37,27,-1,39,27,30,-1,40,41,32,-1,40,32,31,-1,42,29,33,-1,42,38,29,-1,42,34,43,-1,42,33,34,-1,44,39,30,-1,44,30,36,-1,45,40,31,-1,45,31,37,-1,46,44,36,-1,46,36,38,-1,47,45,37,-1,47,37,39,-1,48,13,11,-1,49,50,51,-1,49,52,50,-1,53,54,20,-1,49,51,41,-1,53,20,22,-1,49,41,40,-1,55,22,56,-1,57,46,38,-1,57,43,58,-1,57,38,42,-1,57,42,43,-1,55,53,22,-1,1,39,44,-1,1,47,39,-1,25,56,59,-1,60,40,45,-1,60,61,52,-1,25,55,56,-1,60,49,40,-1,8,7,54,-1,60,52,49,-1,8,54,53,-1,2,44,46,-1,26,59,62,-1,2,1,44,-1,63,64,61,-1,26,25,59,-1,63,45,47,-1,63,60,45,-1,63,61,60,-1,28,8,53,-1,12,58,10,-1,12,2,46,-1,28,53,55,-1,12,46,57,-1,19,62,15,-1,12,57,58,-1,4,3,64,-1,19,26,62,-1,4,63,47,-1,4,64,63,-1,4,47,1,-1,24,28,55,-1,24,55,25,-1,0,13,3,-1]
coord Coordinate { point [-2.75407 -1.34798 0.549994,-2.75168 -1.35488 0.558576,-2.75407 -1.35132 0.560175,-2.75395 -1.34712 0.539369,-2.75168 -1.3518 0.549177,-2.74032 -1.37183 0.569674,-2.73621 -1.36685 0.563916,-2.73621 -1.37309 0.57015,-2.74032 -1.37912 0.574601,-2.75547 -1.3439 0.550867,-2.7559 -1.33989 0.551726,-2.7559 -1.3389 0.545466,-2.75547 -1.34751 0.561884,-2.75541 -1.34296 0.539369,-2.75547 -1.38422 0.592657,-2.75395 -1.39763 0.589883,-2.75541 -1.39763 0.594043,-2.7559 -1.38322 0.596638,-2.7559 -1.37016 0.591642,-2.75407 -1.38524 0.58861,-2.73621 -1.38887 0.577752,-2.73622 -1.39764 0.578739,-2.7406 -1.39763 0.579233,-2.75168 -1.37583 0.58086,-2.7484 -1.37735 0.577954,-2.7484 -1.387 0.581642,-2.75168 -1.3862 0.584826,-2.74449 -1.37093 0.570734,-2.74449 -1.37847 0.575834,-2.75407 -1.37401 0.584315,-2.7484 -1.36937 0.572558,-2.74032 -1.36576 0.563204,-2.73621 -1.36216 0.556451,-2.75547 -1.37207 0.588009,-2.7559 -1.35935 0.584332,-2.7559 -1.39764 0.598424,-2.75168 -1.36725 0.575058,-2.74449 -1.36464 0.564038,-2.75407 -1.36472 0.578029,-2.7484 -1.36272 0.565473,-2.74032 -1.36133 0.555678,-2.73621 -1.35925 0.54813,-2.75547 -1.36201 0.581207,-2.7559 -1.35034 0.574733,-2.75168 -1.36009 0.567439,-2.74449 -1.36006 0.556249,-2.75407 -1.35697 0.569776,-2.7484 -1.35787 0.55723,-2.7559 -1.33858 0.539369,-2.74032 -1.35871 0.547698,-2.7406 -1.35777 0.539369,-2.73622 -1.35827 0.539369,-2.74476 -1.35632 0.539369,-2.74032 -1.38792 0.577968,-2.73621 -1.38055 0.57484,-2.74449 -1.38758 0.579318,-2.74476 -1.39763 0.580688,-2.75547 -1.35363 0.572275,-2.7559 -1.34377 0.563566,-2.74849 -1.39763 0.583034,-2.74449 -1.35735 0.547989,-2.74849 -1.35397 0.539369,-2.75161 -1.39763 0.58615,-2.7484 -1.35501 0.54849,-2.75161 -1.35085 0.539369]
}}
appearance Appearance{material Material{diffuseColor 1 1 1
transparency 0}}}
Shape { geometry IndexedFaceSet 
{ creaseAngle 0.50 coordIndex [0,1,2,-1,0,3,1,-1,4,2,5,-1,4,5,6,-1,4,0,2,-1,7,6,8,-1,7,4,6,-1,9,8,10,-1,9,7,8,-1,11,10,12,-1,11,9,10,-1,13,12,14,-1,13,11,12,-1,15,13,14,-1]
coord Coordinate { point [-1.89075 2.62561 0.541857,-1.88976 2.61501 0.523101,-1.89075 2.62373 0.522263,-1.88976 2.61689 0.542696,-1.89366 2.63389 0.541061,-1.89366 2.63201 0.521466,-1.89835 2.63944 0.520752,-1.89835 2.64133 0.540346,-1.90458 2.64565 0.520155,-1.90458 2.64753 0.53975,-1.91205 2.65032 0.519706,-1.91205 2.6522 0.539301,-1.92037 2.65321 0.519427,-1.92037 2.6551 0.539022,-1.92913 2.6542 0.519333,-1.92913 2.65608 0.538928]
}}
appearance Appearance{material Material{diffuseColor 0.792157 0.819608 0.933333
transparency 0}}}
Shape { geometry IndexedFaceSet 
{ creaseAngle 0.50 coordIndex [0,1,2,-1,3,0,2,-1]
coord Coordinate { point [-0.197431 0.21031 0.162523,-0.00732226 0.21031 0.162523,-0.00396751 0.11811 0.151574,-0.200787 0.11811 0.151574]
}}
appearance Appearance{material Material{diffuseColor 1 0.807843 0.498039
transparency 0}}}
Shape { geometry IndexedFaceSet 
{ creaseAngle 0.50 coordIndex [0,1,2,-1,0,2,3,-1]
coord Coordinate { point [0.685038 -1.39764 0.019685,0.842518 -1.39764 0.019685,0.842518 -1.41732 0.03937,0.685038 -1.41732 0.03937]
}}
appearance Appearance{material Material{diffuseColor 1 0.807843 0.498039
transparency 0}}}
Shape { geometry IndexedFaceSet 
{ creaseAngle 0.50 coordIndex [0,1,2,-1,3,4,5,-1,3,6,4,-1,7,8,9,-1,10,11,12,-1,10,12,13,-1,7,9,0,-1,14,5,15,-1,14,3,5,-1,16,17,8,-1,16,8,7,-1,18,14,15,-1,18,17,16,-1,18,15,17,-1,19,20,21,-1,19,22,20,-1,23,24,25,-1,26,27,24,-1,26,24,23,-1,28,25,29,-1,28,23,25,-1,30,31,27,-1,30,27,26,-1,32,29,33,-1,32,28,29,-1,34,31,30,-1,2,1,35,-1,2,35,11,-1,2,11,10,-1,36,20,31,-1,36,31,34,-1,6,33,4,-1,6,32,33,-1,21,20,36,-1,0,9,37,-1,0,37,1,-1]
coord Coordinate { point [0.842518 -1.06123 0.0220204,0.842518 -1.07835 0.0789663,0.842518 -1.08255 0.019685,0.842518 -0.987461 0.0926979,0.842518 -1.04321 0.116423,0.842518 -1.04485 0.106775,0.842518 -0.984214 0.113892,0.842518 -1.04093 0.0289157,0.842518 -1.05946 0.0862191,0.842518 -1.06655 0.082134,0.842518 -1.39764 0.019685,0.842518 -1.39764 0.07874,0.842518 -1.41732 0.059055,0.842518 -1.41732 0.03937,0.842518 -0.99522 0.07271,0.842518 -1.04838 0.0985549,0.842518 -1.02261 0.0400438,0.842518 -1.05321 0.09186,0.842518 -1.00712 0.0548765,0.842518 -0.807085 0.151574,0.842518 -0.94488 0.210629,0.842518 -0.94488 0.151574,0.842518 -0.807085 0.210629,0.842518 -0.974222 0.138454,0.842518 -1.00482 0.190271,0.842518 -1.02031 0.175438,0.842518 -0.96797 0.144095,0.842518 -0.986496 0.201399,0.842518 -0.97905 0.13176,0.842518 -1.03221 0.157605,0.842518 -0.960876 0.14818,0.842518 -0.966194 0.208294,0.842518 -0.98258 0.123539,0.842518 -1.03997 0.137617,0.842518 -0.95325 0.150673,0.842518 -1.08255 0.07874,0.842518 -0.94908 0.151348,0.842518 -1.07418 0.0796418]
}}
appearance Appearance{material Material{diffuseColor 1 0.807843 0.498039
transparency 0}}}
Shape { geometry IndexedFaceSet 
{ creaseAngle 0.50 coordIndex [0,1,2,-1,2,1,3,-1,3,4,5,-1,1,4,3,-1,5,6,7,-1,4,6,5,-1,7,8,9,-1,6,8,7,-1,9,10,11,-1,8,10,9,-1,11,12,13,-1,10,12,11,-1,13,14,15,-1,12,14,13,-1]
coord Coordinate { point [-2.69685 -0.90551 0.224409,-2.69684 -0.904029 0.211268,-2.7559 -0.90551 0.224409,-2.7559 -0.904029 0.211268,-2.69684 -0.899662 0.198786,-2.7559 -0.899662 0.198786,-2.69684 -0.892626 0.187589,-2.7559 -0.892626 0.187589,-2.69684 -0.883275 0.178238,-2.7559 -0.883275 0.178238,-2.69684 -0.872078 0.171202,-2.7559 -0.872078 0.171202,-2.69684 -0.859596 0.166835,-2.7559 -0.859596 0.166835,-2.69685 -0.846455 0.165354,-2.7559 -0.846455 0.165354]
}}
appearance Appearance{material Material{diffuseColor 1 1 1
transparency 0}}}
Shape { geometry IndexedFaceSet 
{ creaseAngle 0.50 coordIndex [0,1,2,-1,1,3,2,-1]
coord Coordinate { point [0.059055 2.77558 0.059055,0.531495 2.77558 0.059055,0.059055 2.99212 0.059055,0.531495 2.99212 0.059055]
}}
appearance Appearance{material Material{diffuseColor 1 1 1
transparency 0}}}
Shape { geometry IndexedFaceSet 
{ creaseAngle 0.50 coordIndex [0,1,2,-1,2,1,3,-1]
coord Coordinate { point [2.69685 -1.43701 0.452755,2.69685 -1.43701 0.255905,2.7559 -1.43701 0.452755,2.7559 -1.43701 0.255905]
}}
appearance Appearance{material Material{diffuseColor 1 1 1
transparency 0}}}
Shape { geometry IndexedFaceSet 
{ creaseAngle 0.50 coordIndex [0,1,2,-1,0,3,1,-1,1,4,2,-1,3,5,1,-1]
coord Coordinate { point [-2.48031 -1.88976 0.106299,-2.67716 -1.74803 0.177165,-2.79527 -1.88976 0.106299,-2.48031 -1.49606 0.303149,-2.79527 -1.74803 0.177165,-2.67716 -1.49606 0.303149]
}}
appearance Appearance{material Material{diffuseColor 0.411765 0.411765 0.411765
transparency 0}}}
Shape { geometry IndexedFaceSet 
{ creaseAngle 0.50 coordIndex [0,1,2,-1,3,4,5,-1,0,6,1,-1,0,7,6,-1,8,9,10,-1,11,7,0,-1,10,9,12,-1,11,13,7,-1,14,15,9,-1,9,15,12,-1,16,17,18,-1,12,17,16,-1,15,17,12,-1,17,19,18,-1,20,21,22,-1,23,24,25,-1,26,27,20,-1,20,27,21,-1,25,28,23,-1,22,29,30,-1,21,29,22,-1,31,32,26,-1,28,33,23,-1,26,32,27,-1,30,34,35,-1,29,34,30,-1,36,37,31,-1,31,37,32,-1,33,38,23,-1,34,39,35,-1,4,40,5,-1,36,41,37,-1,5,40,42,-1,36,43,41,-1,38,44,23,-1,45,46,47,-1,48,46,49,-1,47,46,50,-1,50,46,51,-1,51,46,48,-1,52,53,54,-1,54,53,55,-1,55,53,56,-1,52,57,53,-1,57,58,53,-1,59,60,61,-1,59,62,60,-1,43,62,59,-1,63,64,65,-1,61,66,67,-1,46,68,49,-1,60,66,61,-1,46,69,68,-1,43,70,62,-1,64,69,65,-1,65,69,46,-1,68,71,49,-1,49,71,72,-1,36,70,43,-1,67,73,74,-1,66,73,67,-1,36,75,70,-1,74,76,77,-1,71,78,72,-1,73,76,74,-1,36,79,75,-1,72,80,81,-1,36,82,79,-1,78,80,72,-1,36,83,82,-1,81,84,11,-1,11,84,13,-1,13,84,85,-1,80,84,81,-1,84,86,85,-1,85,86,87,-1,87,86,88,-1,88,89,90,-1,86,89,88,-1,77,91,92,-1,76,91,77,-1,89,93,90,-1,94,95,96,-1,97,98,99,-1,100,101,102,-1,103,104,105,-1,97,106,98,-1,107,106,97,-1,102,108,103,-1,94,109,95,-1,103,108,104,-1,105,110,111,-1,98,112,99,-1,99,112,113,-1,104,110,105,-1,101,114,102,-1,102,114,108,-1,115,116,107,-1,107,116,106,-1,112,117,113,-1,111,118,119,-1,113,117,120,-1,110,118,111,-1,93,121,90,-1,119,122,123,-1,118,122,119,-1,94,124,109,-1,117,125,120,-1,123,126,127,-1,122,126,123,-1,121,128,90,-1,126,129,127,-1,125,130,120,-1,120,130,131,-1,58,132,53,-1,132,133,53,-1,134,135,58,-1,58,135,132,-1,133,136,53,-1,134,137,135,-1,136,138,53,-1,139,140,94,-1,134,141,137,-1,94,140,124,-1,138,45,53,-1,53,45,47,-1,142,143,144,-1,145,143,146,-1,146,143,147,-1,147,143,148,-1,148,143,142,-1,51,48,149,-1,150,151,152,-1,151,153,152,-1,134,154,141,-1,127,154,134,-1,155,154,156,-1,156,154,157,-1,157,154,158,-1,158,154,129,-1,129,154,127,-1,153,159,152,-1,159,160,152,-1,161,162,163,-1,35,164,19,-1,161,165,162,-1,19,164,18,-1,166,165,161,-1,39,164,35,-1,166,167,165,-1,155,168,154,-1,169,168,170,-1,170,168,155,-1,169,171,168,-1,172,171,169,-1,172,173,171,-1,160,174,152,-1,172,175,173,-1,172,176,175,-1,172,177,176,-1,178,179,180,-1,172,181,177,-1,180,182,183,-1,179,182,180,-1,167,184,178,-1,166,184,167,-1,178,184,179,-1,172,185,181,-1,183,186,187,-1,182,186,183,-1,166,188,184,-1,172,139,185,-1,187,189,190,-1,186,189,187,-1,191,192,166,-1,166,192,188,-1,189,193,190,-1,190,194,195,-1,0,196,36,-1,83,196,197,-1,193,194,190,-1,197,196,198,-1,191,199,192,-1,36,196,83,-1,191,200,199,-1,197,201,202,-1,191,203,200,-1,198,201,197,-1,191,204,203,-1,0,205,196,-1,202,206,207,-1,207,206,208,-1,191,209,204,-1,201,206,202,-1,0,210,205,-1,206,211,208,-1,0,212,210,-1,213,214,215,-1,0,216,212,-1,217,218,219,-1,219,218,220,-1,213,221,214,-1,217,221,218,-1,214,221,217,-1,222,223,213,-1,191,223,209,-1,209,223,224,-1,224,223,225,-1,225,223,222,-1,213,223,221,-1,172,140,139,-1,152,90,150,-1,150,90,226,-1,226,90,227,-1,227,90,228,-1,228,90,162,-1,162,90,128,-1,162,128,163,-1,211,143,145,-1,211,145,229,-1,211,229,230,-1,211,230,231,-1,211,231,116,-1,211,116,115,-1,211,115,232,-1,211,232,233,-1,211,233,234,-1,211,234,24,-1,211,24,23,-1,211,23,208,-1,39,235,236,-1,39,236,164,-1,237,238,239,-1,240,241,237,-1,237,241,238,-1,239,242,243,-1,238,242,239,-1,240,2,241,-1,216,2,240,-1,0,2,216,-1,242,3,243,-1,243,3,5,-1]
coord Coordinate { point [0.70866 -0.82677 0.74803,0.544062 0.689406 0.74803,0.530239 0.692813 0.74803,0.493841 0.733897 0.74803,0.492125 0.74803 0.74803,0.098425 0.74803 0.74803,0.558298 0.689406 0.74803,0.572121 0.692813 0.74803,-2.47569 -2.59484 0.74803,-2.44452 -2.56367 0.74803,-2.51301 -2.6183 0.74803,0.752237 -0.831654 0.74803,-2.55462 -2.63285 0.74803,0.584727 0.699429 0.74803,-2.42106 -2.52635 0.74803,-2.40651 -2.48474 0.74803,-2.59842 -2.63779 0.74803,-2.40157 -2.44094 0.74803,-2.63779 -2.63779 0.74803,-2.40157 -1.02362 0.74803,-2.32745 -0.869716 0.74803,-2.24892 0.708869 0.74803,-2.35862 -0.900886 0.74803,-1.63386 2.95275 0.74803,-1.29764 2.76461 0.74803,-1.30652 2.77248 0.74803,-2.29013 -0.846264 0.74803,-2.23827 0.699429 0.74803,-1.31326 2.78224 0.74803,-2.25701 0.720586 0.74803,-2.38208 -0.93821 0.74803,-2.24852 -0.831705 0.74803,-2.22566 0.692813 0.74803,-1.31746 2.79334 0.74803,-2.26206 0.733897 0.74803,-2.39663 -0.979817 0.74803,-2.20472 -0.82677 0.74803,-2.21184 0.689406 0.74803,-1.31889 2.80511 0.74803,-2.26378 0.74803 0.74803,0.492125 1.00393 0.74803,-2.1976 0.689406 0.74803,0.098425 1.00393 0.74803,-2.18378 0.692813 0.74803,-1.31889 2.95275 0.74803,1.87007 -1.92913 0.74803,1.87007 -0.213158 0.74803,0.934164 -1.05662 0.74803,0.88551 -0.937168 0.74803,0.861984 -0.900163 0.74803,0.925237 -1.02958 0.74803,0.913905 -1.00346 0.74803,1.44467 -2.61967 0.74803,1.33763 -2.49413 0.74803,1.40825 -2.59782 0.74803,1.37736 -2.56866 0.74803,1.35345 -2.53355 0.74803,1.48493 -2.63321 0.74803,1.52716 -2.63779 0.74803,-2.17117 0.699429 0.74803,-1.73711 0.708869 0.74803,-2.16052 0.708869 0.74803,-1.72646 0.699429 0.74803,1.86708 -0.198091 0.74803,1.86344 -0.191285 0.74803,1.86932 -0.205477 0.74803,-1.7452 0.720586 0.74803,-2.15243 0.720586 0.74803,1.80287 -0.129641 0.74803,1.85854 -0.185319 0.74803,-1.71385 0.692813 0.74803,1.79797 -0.123675 0.74803,0.83085 -0.869284 0.74803,-1.75025 0.733897 0.74803,-2.14738 0.733897 0.74803,-1.70003 0.689406 0.74803,-1.75196 0.74803 0.74803,-2.14567 0.74803 0.74803,1.79433 -0.116869 0.74803,-1.68579 0.689406 0.74803,1.79209 -0.109483 0.74803,0.793652 -0.846064 0.74803,-1.67197 0.692813 0.74803,-1.65936 0.699429 0.74803,1.79133 -0.101802 0.74803,0.595383 0.708869 0.74803,1.79133 0.47244 0.74803,0.603471 0.720586 0.74803,0.608519 0.733897 0.74803,1.7943 0.498722 0.74803,0.610235 0.74803 0.74803,-1.75196 1.00393 0.74803,-2.14567 1.00393 0.74803,1.80303 0.523686 0.74803,2.53936 -0.213158 0.74803,2.54236 -0.198091 0.74803,2.54012 -0.205477 0.74803,-1.23285 2.77248 0.74803,-0.420694 2.77248 0.74803,-1.22611 2.78224 0.74803,2.00787 -3.03149 0.74803,2.3622 -3.03149 0.74803,2.00787 -2.71653 0.74803,2.0059 -2.69901 0.74803,2.33822 -2.50038 0.74803,2.00007 -2.68237 0.74803,-0.411813 2.76461 0.74803,-1.24173 2.76461 0.74803,2.34922 -2.50983 0.74803,2.546 -0.191285 0.74803,2.32985 -2.48854 0.74803,1.99069 -2.66744 0.74803,-0.427433 2.78224 0.74803,-1.2219 2.79334 0.74803,2.3622 -2.5163 0.74803,-1.25223 2.7591 0.74803,-0.401308 2.7591 0.74803,-0.43164 2.79334 0.74803,2.32461 -2.47502 0.74803,1.97822 -2.65497 0.74803,-1.22047 2.80511 0.74803,1.8171 0.54608 0.74803,2.32283 -2.46063 0.74803,1.96329 -2.64559 0.74803,2.5509 -0.185319 0.74803,-0.43307 2.80511 0.74803,2.32283 -2.41732 0.74803,1.94665 -2.63976 0.74803,1.8358 0.564782 0.74803,2.32431 -2.40418 0.74803,-0.43307 2.83464 0.74803,-1.22047 2.83464 0.74803,1.8849 -1.95991 0.74803,1.87866 -1.95368 0.74803,1.92913 -2.63779 0.74803,1.89236 -1.9646 0.74803,1.87397 -1.94621 0.74803,1.90068 -1.96751 0.74803,1.87106 -1.93789 0.74803,2.53937 -1.92913 0.74803,2.63779 -0.098425 0.74803,1.90944 -1.9685 0.74803,-0.334645 2.80511 0.74803,-0.019685 2.95275 0.74803,-0.334645 2.95275 0.74803,-0.355902 2.76461 0.74803,-0.347021 2.77248 0.74803,-0.340282 2.78224 0.74803,-0.336075 2.79334 0.74803,0.90026 -0.978463 0.74803,1.34113 2.76878 0.74803,1.33178 2.77813 0.74803,0.610235 2.95275 0.74803,1.32474 2.78933 0.74803,1.97063 -1.9685 0.74803,2.35626 -2.36411 0.74803,2.34506 -2.37115 0.74803,2.33571 -2.3805 0.74803,2.32868 -2.39169 0.74803,1.32038 2.80181 0.74803,1.31889 2.81495 0.74803,1.88316 0.587589 0.74803,1.41732 2.7559 0.74803,1.8582 0.578853 0.74803,-2.63779 2.95275 0.74803,1.43046 2.75738 0.74803,1.90944 0.59055 0.74803,1.44294 2.76175 0.74803,2.43881 -1.9685 0.74803,2.38189 -2.35826 0.74803,2.36874 -2.35974 0.74803,2.5 -1.9685 0.74803,2.63779 -2.35826 0.74803,2.50876 -1.96751 0.74803,1.31889 2.95275 0.74803,2.51708 -1.9646 0.74803,2.52454 -1.95991 0.74803,2.53078 -1.95368 0.74803,1.45414 2.76878 0.74803,2.36475 2.76878 0.74803,1.46349 2.77813 0.74803,2.53547 -1.94621 0.74803,2.3554 2.77813 0.74803,1.47053 2.78933 0.74803,2.37595 2.76175 0.74803,2.53838 -1.93789 0.74803,2.34836 2.78933 0.74803,1.47489 2.80181 0.74803,2.38843 2.75738 0.74803,2.344 2.80181 0.74803,1.47637 2.81495 0.74803,2.63779 0.59055 0.74803,2.40157 2.7559 0.74803,2.34252 2.81495 0.74803,2.34252 2.83464 0.74803,1.47637 2.83464 0.74803,0.00582294 0.699429 0.74803,-1.64871 0.708869 0.74803,-0.0048333 0.708869 0.74803,2.44094 2.7559 0.74803,2.45408 2.75738 0.74803,-0.0129206 0.720586 0.74803,-1.64062 0.720586 0.74803,2.46656 2.76175 0.74803,2.47776 2.76878 0.74803,0.0184288 0.692813 0.74803,-0.017969 0.733897 0.74803,-1.63557 0.733897 0.74803,-1.63386 0.74803 0.74803,2.48711 2.77813 0.74803,0.0322517 0.689406 0.74803,-0.019685 0.74803 0.74803,0.0464883 0.689406 0.74803,2.5 2.89369 0.74803,2.50584 2.91932 0.74803,2.50148 2.90684 0.74803,0.0603112 0.692813 0.74803,2.51288 2.93052 0.74803,2.54591 2.95127 0.74803,2.52223 2.93987 0.74803,2.53343 2.9469 0.74803,2.55905 2.95275 0.74803,2.5 2.81495 0.74803,2.63779 2.95275 0.74803,2.49415 2.78933 0.74803,2.49851 2.80181 0.74803,1.35233 2.76175 0.74803,1.36481 2.75738 0.74803,1.37795 2.7559 0.74803,-0.366407 2.7591 0.74803,-0.377926 2.75626 0.74803,-0.389789 2.75626 0.74803,-1.26375 2.75626 0.74803,-1.27561 2.75626 0.74803,-1.28713 2.7591 0.74803,-2.26378 2.95275 0.74803,-2.5 2.95275 0.74803,0.0835733 0.708869 0.74803,0.506977 0.708869 0.74803,0.0916606 0.720586 0.74803,0.0729171 0.699429 0.74803,0.517633 0.699429 0.74803,0.498889 0.720586 0.74803,0.096709 0.733897 0.74803]
}}
appearance Appearance{material Material{diffuseColor 1 1 1
transparency 0}}}
Shape { geometry IndexedFaceSet 
{ creaseAngle 0.50 coordIndex [0,1,2,-1,2,1,3,-1,3,4,5,-1,5,4,6,-1,1,4,3,-1,4,7,6,-1]
coord Coordinate { point [-0.998082 1.24514 0.476845,-0.998082 1.23489 0.471992,-0.938922 1.24514 0.476845,-0.938922 1.23489 0.471992,-0.998082 1.22428 0.467999,-0.938922 1.22428 0.467999,-0.938922 1.21337 0.464892,-0.998082 1.21337 0.464892]
}}
appearance Appearance{material Material{diffuseColor 1 0.807843 0.498039
transparency 0}}}
Shape { geometry IndexedFaceSet 
{ creaseAngle 0.50 coordIndex [0,1,2,-1,3,1,0,-1]
coord Coordinate { point [-1.06693 -0.137795 0.210629,-0.87011 0.11811 0.210629,-1.06693 0.11811 0.210629,-0.870086 -0.137795 0.210629]
}}
appearance Appearance{material Material{diffuseColor 1 0.807843 0.498039
transparency 0}}}
Shape { geometry IndexedFaceSet 
{ creaseAngle 0.50 coordIndex [0,1,2,-1,2,1,3,-1]
coord Coordinate { point [-0.0727817 1.37436 0.544665,-0.131942 1.37436 0.544665,-0.0727817 1.24514 0.476845,-0.131942 1.24514 0.476845]
}}
appearance Appearance{material Material{diffuseColor 1 0.807843 0.498039
transparency 0}}}
Shape { geometry IndexedFaceSet 
{ creaseAngle 0.50 coordIndex [0,1,2,-1,2,1,3,-1,3,4,5,-1,5,4,6,-1,1,4,3,-1,4,7,6,-1]
coord Coordinate { point [-0.56496 1.1664 0.476845,-0.564959 1.15615 0.471992,-0.505905 1.1664 0.476845,-0.505904 1.15615 0.471992,-0.564959 1.14554 0.467999,-0.505904 1.14554 0.467999,-0.505905 1.13463 0.464892,-0.56496 1.13463 0.464892]
}}
appearance Appearance{material Material{diffuseColor 1 0.807843 0.498039
transparency 0}}}
Shape { geometry IndexedFaceSet 
{ creaseAngle 0.50 coordIndex [0,1,2,-1,0,2,3,-1]
coord Coordinate { point [-0.610235 -0.55118 0.019685,-0.610235 -0.55118 0.151574,-0.452755 -0.55118 0.151574,-0.452755 -0.55118 0.019685]
}}
appearance Appearance{material Material{diffuseColor 0.411765 0.411765 0.411765
transparency 0}}}
Shape { geometry IndexedFaceSet 
{ creaseAngle 0.50 coordIndex [0,1,2,-1,3,4,5,-1,3,6,4,-1,7,8,9,-1,10,11,12,-1,10,12,13,-1,7,9,0,-1,14,5,15,-1,14,3,5,-1,16,17,8,-1,16,8,7,-1,18,14,15,-1,18,17,16,-1,18,15,17,-1,19,20,21,-1,19,22,20,-1,23,24,25,-1,26,27,24,-1,26,24,23,-1,28,25,29,-1,28,23,25,-1,30,31,27,-1,30,27,26,-1,32,29,33,-1,32,28,29,-1,34,31,30,-1,2,1,35,-1,2,35,11,-1,2,11,10,-1,36,20,31,-1,36,31,34,-1,6,33,4,-1,6,32,33,-1,21,20,36,-1,0,9,37,-1,0,37,1,-1]
coord Coordinate { point [-0.023622 -1.06123 0.0220204,-0.023622 -1.07835 0.0789663,-0.023622 -1.08255 0.019685,-0.023622 -0.987461 0.0926979,-0.023622 -1.04321 0.116423,-0.023622 -1.04485 0.106775,-0.023622 -0.984214 0.113892,-0.023622 -1.04093 0.0289157,-0.023622 -1.05946 0.0862191,-0.023622 -1.06655 0.082134,-0.023622 -1.39764 0.019685,-0.023622 -1.39764 0.07874,-0.023622 -1.41732 0.059055,-0.023622 -1.41732 0.03937,-0.023622 -0.99522 0.07271,-0.023622 -1.04838 0.0985549,-0.023622 -1.02261 0.0400438,-0.023622 -1.05321 0.09186,-0.023622 -1.00712 0.0548765,-0.023622 -0.807085 0.151574,-0.023622 -0.94488 0.210629,-0.023622 -0.94488 0.151574,-0.023622 -0.807085 0.210629,-0.023622 -0.974222 0.138454,-0.023622 -1.00482 0.190271,-0.023622 -1.02031 0.175438,-0.023622 -0.96797 0.144095,-0.023622 -0.986496 0.201399,-0.023622 -0.97905 0.13176,-0.023622 -1.03221 0.157605,-0.023622 -0.960876 0.14818,-0.023622 -0.966194 0.208294,-0.023622 -0.98258 0.123539,-0.023622 -1.03997 0.137617,-0.023622 -0.95325 0.150673,-0.023622 -1.08255 0.07874,-0.023622 -0.94908 0.151348,-0.023622 -1.07418 0.0796418]
}}
appearance Appearance{material Material{diffuseColor 1 0.807843 0.498039
transparency 0}}}
Shape { geometry IndexedFaceSet 
{ creaseAngle 0.50 coordIndex [0,1,2,-1,3,2,4,-1,3,0,2,-1]
coord Coordinate { point [2.42125 2.95275 0.687006,2.62007 2.95275 0.687006,2.67716 2.95275 0.62992,2.42125 2.95275 0.019685,2.67716 2.95275 0.019685]
}}
appearance Appearance{material Material{diffuseColor 0.411765 0.411765 0.411765
transparency 0}}}
Shape { geometry IndexedFaceSet 
{ creaseAngle 0.50 coordIndex [0,1,2,-1,3,0,2,-1]
coord Coordinate { point [1.24016 2.99212 0.374015,-0.255905 2.99212 0.374015,-0.255905 3.05117 0.374015,1.24016 3.05117 0.374015]
}}
appearance Appearance{material Material{diffuseColor 1 1 1
transparency 0}}}
Shape { geometry IndexedFaceSet 
{ creaseAngle 0.50 coordIndex [0,1,2,-1,0,2,3,-1]
coord Coordinate { point [-0.456692 -1.08255 0.019685,-0.456692 -1.57874 0.019685,-0.614172 -1.57874 0.019685,-0.614172 -1.08255 0.019685]
}}
appearance Appearance{material Material{diffuseColor 1 0.807843 0.498039
transparency 0}}}
Shape { geometry IndexedFaceSet 
{ creaseAngle 0.50 coordIndex [0,1,2,-1,0,2,3,-1]
coord Coordinate { point [0.255905 -0.55118 0.019685,0.255905 -0.55118 0.151574,0.413385 -0.55118 0.151574,0.413385 -0.55118 0.019685]
}}
appearance Appearance{material Material{diffuseColor 0.411765 0.411765 0.411765
transparency 0}}}
Shape { geometry IndexedFaceSet 
{ creaseAngle 0.50 coordIndex [0,1,2,-1,0,3,1,-1]
coord Coordinate { point [0.429133 -0.137795 0.210629,0.232453 0.27559 0.210629,0.232318 -0.137795 0.210629,0.429133 0.27559 0.210629]
}}
appearance Appearance{material Material{diffuseColor 1 0.807843 0.498039
transparency 0}}}
Shape { geometry IndexedFaceSet 
{ creaseAngle 0.50 coordIndex [0,1,2,-1,2,1,3,-1,3,4,5,-1,1,4,3,-1,5,6,7,-1,4,6,5,-1,7,8,9,-1,6,8,7,-1,9,10,11,-1,8,10,9,-1,11,12,13,-1,13,12,14,-1,10,12,11,-1,14,15,16,-1,12,15,14,-1]
coord Coordinate { point [-0.614172 -0.984214 0.113892,-0.614172 -0.982915 0.122369,-0.456692 -0.984214 0.113892,-0.456692 -0.98258 0.123539,-0.614172 -0.979812 0.130365,-0.456692 -0.97905 0.13176,-0.614172 -0.97505 0.137498,-0.456692 -0.974222 0.138454,-0.614172 -0.968857 0.143431,-0.456692 -0.96797 0.144095,-0.614172 -0.961526 0.147882,-0.456692 -0.960876 0.14818,-0.614172 -0.953405 0.15064,-0.456692 -0.95325 0.150673,-0.456692 -0.94908 0.151348,-0.614172 -0.94488 0.151574,-0.456692 -0.94488 0.151574]
}}
appearance Appearance{material Material{diffuseColor 1 0.807843 0.498039
transparency 0}}}
Shape { geometry IndexedFaceSet 
{ creaseAngle 0.50 coordIndex [0,1,2,-1,3,0,2,-1]
coord Coordinate { point [1.79133 0.47244 0.74803,1.79133 -0.101802 0.74803,1.79133 -0.101802 0.688975,1.79133 0.47244 0.688975]
}}
appearance Appearance{material Material{diffuseColor 1 1 1
transparency 0}}}
Shape { geometry IndexedFaceSet 
{ creaseAngle 0.50 coordIndex [0,1,2,-1,2,3,4,-1,1,3,2,-1]
coord Coordinate { point [0.692485 0.870946 0.321663,0.681658 0.572609 0.249798,0.692423 0.866418 0.340446,0.681392 0.558782 0.30721,0.69225 0.857114 0.379074]
}}
appearance Appearance{material Material{diffuseColor 1 0.807843 0.498039
transparency 0}}}
Shape { geometry IndexedFaceSet 
{ creaseAngle 0.50 coordIndex [0,1,2,-1,1,3,4,-1,5,6,3,-1,3,6,4,-1,5,7,6,-1,8,9,5,-1,5,9,7,-1,10,11,8,-1,8,11,9,-1,10,12,11,-1,10,13,12,-1,13,14,12,-1,14,15,16,-1,13,15,14,-1,16,17,18,-1,15,17,16,-1,17,19,18,-1,18,20,21,-1,19,20,18,-1,0,3,1,-1]
coord Coordinate { point [-1.63386 0.74803 0.74803,-1.63386 2.55905 0.688975,-1.63386 0.74803 0.688975,-1.63386 2.95275 0.74803,-1.63386 2.81495 0.688975,-1.63385 2.97465 0.745562,-1.63386 2.95275 0.688975,-1.63385 2.96151 0.687988,-1.63385 2.99546 0.738283,-1.63385 2.96983 0.685076,-1.63385 3.01412 0.726557,-1.63385 2.9773 0.680386,-1.63385 2.98353 0.674152,-1.63385 3.0297 0.710972,-1.63385 2.98822 0.666687,-1.63385 3.04143 0.69231,-1.63385 2.99113 0.658366,-1.63385 3.04871 0.671507,-1.63386 2.99212 0.649605,-1.63386 3.05117 0.649605,-1.63386 3.05117 0.59055,-1.63386 2.99212 0.59055]
}}
appearance Appearance{material Material{diffuseColor 1 1 1
transparency 0}}}
Shape { geometry IndexedFaceSet 
{ creaseAngle 0.50 coordIndex [0,1,2,-1,0,2,3,-1]
coord Coordinate { point [-2.7559 1.65354 0.224409,-2.7559 1.65354 0.322834,-2.69685 1.65354 0.322834,-2.69685 1.65354 0.224409]
}}
appearance Appearance{material Material{diffuseColor 1 1 1
transparency 0}}}
Shape { geometry IndexedFaceSet 
{ creaseAngle 0.50 coordIndex [0,1,2,-1,1,3,2,-1]
coord Coordinate { point [0.846455 -0.55118 0.263779,0.846455 -0.3937 0.263779,0.846455 -0.55118 0.210629,0.846455 -0.3937 0.210629]
}}
appearance Appearance{material Material{diffuseColor 0.411765 0.411765 0.411765
transparency 0}}}
Shape { geometry IndexedFaceSet 
{ creaseAngle 0.50 coordIndex [0,1,2,-1,0,2,3,-1,4,5,0,-1,4,3,6,-1,4,0,3,-1,7,4,6,-1,8,6,9,-1,8,9,10,-1,8,7,6,-1,11,7,8,-1,12,13,11,-1,12,11,8,-1,14,12,15,-1,14,16,17,-1,14,17,13,-1,14,13,12,-1]
coord Coordinate { point [-1.34658 1.52679 0.454395,-1.34006 1.52025 0.457078,-1.33556 1.5127 0.460174,-1.3334 1.50595 0.462945,-1.36307 1.53447 0.451244,-1.35444 1.53158 0.452426,-1.33267 1.49901 0.465792,-1.37204 1.53543 0.450849,-1.47047 1.49901 0.465792,-1.33267 1.42278 0.497066,-1.47047 1.42278 0.497066,-1.4311 1.53543 0.450849,-1.46943 1.50731 0.462384,-1.4386 1.53476 0.451123,-1.46113 1.52256 0.456127,-1.46631 1.5153 0.45911,-1.45406 1.5286 0.453651,-1.4459 1.53276 0.451944]
}}
appearance Appearance{material Material{diffuseColor 1 0.807843 0.498039
transparency 0}}}
Shape { geometry IndexedFaceSet 
{ creaseAngle 0.50 coordIndex [0,1,2,-1,0,2,3,-1,4,5,0,-1,4,3,6,-1,4,0,3,-1,7,4,6,-1,8,6,9,-1,8,9,10,-1,8,7,6,-1,11,7,8,-1,12,13,11,-1,12,11,8,-1,14,12,15,-1,14,16,17,-1,14,17,13,-1,14,13,12,-1]
coord Coordinate { point [-0.913458 1.60553 0.454395,-0.906934 1.59899 0.457078,-0.902438 1.59144 0.460174,-0.900275 1.58469 0.462945,-0.929942 1.61321 0.451244,-0.921315 1.61032 0.452426,-0.899552 1.57775 0.465792,-0.938922 1.61417 0.450849,-1.03745 1.57775 0.465792,-0.899552 1.50152 0.497066,-1.03745 1.50152 0.497066,-0.998082 1.61417 0.450849,-1.03641 1.58605 0.462384,-1.00558 1.6135 0.451123,-1.02811 1.6013 0.456127,-1.0333 1.59404 0.45911,-1.02104 1.60734 0.453651,-1.01288 1.6115 0.451944]
}}
appearance Appearance{material Material{diffuseColor 1 0.807843 0.498039
transparency 0}}}
Shape { geometry IndexedFaceSet 
{ creaseAngle 0.50 coordIndex [0,1,2,-1,3,0,2,-1]
coord Coordinate { point [2.7559 -2.63779 0.066929,2.7559 -2.91338 0.066929,2.7559 -2.91338 0.007874,2.7559 -2.63779 0.007874]
}}
appearance Appearance{material Material{diffuseColor 1 1 1
transparency 0}}}
Shape { geometry IndexedFaceSet 
{ creaseAngle 0.50 coordIndex [0,1,2,-1,3,1,0,-1]
coord Coordinate { point [-0.633845 -0.137795 0.210629,-0.43704 0.03937 0.210629,-0.633826 0.0393699 0.210629,-0.437019 -0.137795 0.210629]
}}
appearance Appearance{material Material{diffuseColor 1 0.807843 0.498039
transparency 0}}}
Shape { geometry IndexedFaceSet 
{ creaseAngle 0.50 coordIndex [0,1,2,-1,0,2,3,-1,4,5,6,-1,4,6,7,-1,8,9,10,-1,8,10,5,-1,8,4,11,-1,8,5,4,-1,12,13,14,-1,15,1,0,-1,15,13,12,-1,16,17,18,-1,15,19,1,-1,15,0,13,-1,20,21,22,-1,23,21,20,-1,24,16,25,-1,23,26,21,-1,27,20,22,-1,28,29,8,-1,27,22,30,-1,28,11,31,-1,28,31,17,-1,28,17,16,-1,28,24,32,-1,28,16,24,-1,33,26,23,-1,28,8,11,-1,33,34,26,-1,35,36,37,-1,38,30,39,-1,38,27,30,-1,40,37,36,-1,41,34,33,-1,41,42,34,-1,43,35,37,-1,44,39,19,-1,44,38,39,-1,45,37,40,-1,46,43,37,-1,47,44,19,-1,47,19,15,-1,46,37,29,-1,48,47,15,-1,49,46,29,-1,50,37,45,-1,51,48,15,-1,52,51,15,-1,53,52,15,-1,54,29,28,-1,55,49,29,-1,56,53,15,-1,57,29,54,-1,57,55,29,-1,58,56,15,-1,59,57,54,-1,60,58,15,-1,61,59,54,-1,62,61,54,-1,63,54,64,-1,63,62,54,-1,65,66,67,-1,68,67,66,-1,69,65,67,-1,70,67,71,-1,70,69,67,-1,72,67,68,-1,73,71,63,-1,73,70,71,-1,74,75,76,-1,74,76,77,-1,74,77,78,-1,74,78,79,-1,74,79,80,-1,74,80,81,-1,82,67,72,-1,74,81,83,-1,84,63,64,-1,74,85,75,-1,84,73,63,-1,86,87,88,-1,86,88,89,-1,86,89,90,-1,86,90,91,-1,86,91,92,-1,86,92,93,-1,86,93,94,-1,86,94,60,-1,86,60,15,-1,95,87,86,-1,95,83,87,-1,95,74,83,-1,96,95,86,-1,96,97,95,-1,98,99,97,-1,100,97,96,-1,100,98,97,-1,100,96,101,-1,74,37,50,-1,74,50,102,-1,74,102,103,-1,74,103,104,-1,74,104,105,-1,74,105,106,-1,74,106,42,-1,74,42,41,-1,74,41,85,-1,107,67,82,-1,107,82,108,-1,107,108,109,-1,107,109,110,-1,107,110,111,-1,112,107,111,-1,113,107,112,-1,114,107,113,-1,114,115,107,-1,116,115,114,-1,117,118,119,-1,120,115,116,-1,120,118,117,-1,120,116,121,-1,120,121,118,-1,120,117,122,-1,120,122,123,-1,120,123,124,-1,120,125,126,-1,120,126,115,-1,127,128,129,-1,127,130,128,-1,131,129,128,-1,131,128,132,-1,133,130,127,-1,133,134,130,-1,135,132,136,-1,135,131,132,-1,137,134,133,-1,137,138,134,-1,139,138,137,-1,139,140,141,-1,139,141,138,-1,142,135,136,-1,142,136,143,-1,144,142,143,-1,144,143,145,-1,146,125,120,-1,146,144,145,-1,146,145,125,-1,147,146,120,-1,148,147,120,-1,149,148,120,-1,150,149,120,-1,151,150,120,-1,152,151,120,-1,104,103,140,-1,104,140,139,-1,153,152,120,-1,154,155,156,-1,157,155,154,-1,157,158,155,-1,159,156,160,-1,159,154,156,-1,161,162,158,-1,161,158,157,-1,163,160,164,-1,163,159,160,-1,165,105,162,-1,165,162,161,-1,166,163,164,-1,166,164,167,-1,106,105,165,-1,168,166,167,-1,168,153,120,-1,168,167,169,-1,168,169,170,-1,168,170,171,-1,168,171,172,-1,168,172,173,-1,168,173,174,-1,168,174,153,-1,175,166,168,-1,176,175,168,-1,176,177,175,-1,178,176,168,-1,178,168,179,-1,178,179,180,-1,178,181,176,-1]
coord Coordinate { point [-2.69684 0.947921 0.0616048,-2.69685 0.935037 0.098425,-2.69684 0.936518 0.085284,-2.69684 0.940886 0.072802,-2.69684 -3.02952 0.489961,-2.69684 -3.00184 0.534001,-2.69684 -3.01431 0.521534,-2.69684 -3.02369 0.506604,-2.69685 -2.95275 0.55118,-2.69684 -2.97027 0.549206,-2.69684 -2.98691 0.543382,-2.69685 -3.03149 0.47244,-2.69684 0.980952 0.0408506,-2.69684 0.957272 0.0522539,-2.69684 0.968469 0.0452183,-2.69685 0.994092 0.03937,-2.69684 -3.01431 0.187126,-2.69684 -3.02952 0.218699,-2.69684 -3.02369 0.202056,-2.69685 0.935037 0.255905,-2.69684 1.66642 0.359654,-2.69684 0.912803 0.302076,-2.69684 0.922154 0.292725,-2.69684 1.67577 0.369005,-2.69684 -2.98691 0.165278,-2.69684 -3.00184 0.174659,-2.69684 0.901606 0.309112,-2.69684 1.65939 0.348457,-2.69685 -2.95275 0.15748,-2.69685 -2.63779 0.55118,-2.69684 0.929189 0.281528,-2.69685 -3.03149 0.23622,-2.69684 -2.97027 0.159454,-2.69684 1.68697 0.376041,-2.69684 0.889123 0.313479,-2.69684 -2.30565 0.568778,-2.69684 -2.29318 0.581245,-2.69685 -2.63779 0.62992,-2.69684 1.65502 0.335975,-2.69684 0.933557 0.269046,-2.69684 -2.27825 0.590626,-2.69684 1.69945 0.380408,-2.69685 0.875982 0.31496,-2.69684 -2.31503 0.553848,-2.69685 1.65354 0.322834,-2.69684 -2.26161 0.59645,-2.69684 -2.32086 0.537205,-2.69685 1.65354 0.224409,-2.69684 1.65502 0.211268,-2.69685 -2.32283 0.519684,-2.69685 -2.24409 0.598424,-2.69684 1.65939 0.198786,-2.69684 1.66642 0.187589,-2.69684 1.67577 0.178238,-2.69685 -2.63779 0.15748,-2.69685 -2.32283 0.43307,-2.69684 1.68697 0.171202,-2.69684 -2.32086 0.415549,-2.69684 1.69945 0.166835,-2.69684 -2.31503 0.398906,-2.69685 1.71259 0.165354,-2.69684 -2.30565 0.383976,-2.69684 -2.29318 0.371509,-2.69684 -2.27825 0.362128,-2.69685 -2.63779 0.106299,-2.69684 -2.1131 0.213985,-2.69684 -2.10375 0.223336,-2.69685 -2.24409 0.35433,-2.69684 -2.09255 0.230372,-2.69684 -2.12013 0.202788,-2.69684 -2.1245 0.190306,-2.69684 -2.26161 0.356304,-2.69684 -2.08007 0.234739,-2.69685 -2.12598 0.177165,-2.69685 2.95275 0.62992,-2.69685 2.42125 0.381889,-2.69684 2.4344 0.380408,-2.69684 2.44688 0.376041,-2.69684 2.45808 0.369005,-2.69684 2.46743 0.359654,-2.69684 2.47446 0.348457,-2.69684 2.47883 0.335975,-2.69685 -2.06693 0.23622,-2.69685 2.48031 0.322834,-2.69685 -2.12598 0.106299,-2.69685 1.71259 0.381889,-2.69685 2.89369 0.03937,-2.69685 2.48031 0.224409,-2.69684 2.47883 0.211268,-2.69684 2.47446 0.198786,-2.69684 2.46743 0.187589,-2.69684 2.45808 0.178238,-2.69684 2.44688 0.171202,-2.69684 2.4344 0.166835,-2.69685 2.42125 0.165354,-2.69685 2.95275 0.098425,-2.69684 2.90684 0.0408506,-2.69684 2.95127 0.085284,-2.69684 2.93987 0.0616048,-2.69684 2.9469 0.072802,-2.69684 2.93052 0.0522539,-2.69684 2.91932 0.0452183,-2.69685 -1.41732 0.598424,-2.69684 -1.3998 0.59645,-2.69685 -0.137795 0.381889,-2.69684 -0.124654 0.380408,-2.69685 0.659447 0.31496,-2.69685 -1.41732 0.35433,-2.69685 -1.59449 0.23622,-2.69684 -1.58134 0.234739,-2.69684 -1.56886 0.230372,-2.69684 -1.55766 0.223336,-2.69684 -1.54831 0.213985,-2.69684 -1.54128 0.202788,-2.69684 -1.53691 0.190306,-2.69684 -1.3998 0.356304,-2.69685 -1.53543 0.177165,-2.69684 -1.52255 0.0616048,-2.69684 -1.53395 0.085284,-2.69684 -1.52958 0.072802,-2.69685 -1.47638 0.03937,-2.69685 -1.53543 0.098425,-2.69684 -1.5132 0.0522539,-2.69684 -1.502 0.0452183,-2.69684 -1.48952 0.0408506,-2.69684 -1.36823 0.371509,-2.69684 -1.38316 0.362128,-2.69684 -0.883275 0.369005,-2.69685 -1.33858 0.519684,-2.69684 -0.892626 0.359654,-2.69684 -1.34055 0.537205,-2.69684 -0.899662 0.348457,-2.69685 -1.33858 0.43307,-2.69684 -0.872078 0.376041,-2.69684 -1.34638 0.553848,-2.69684 -0.904029 0.335975,-2.69684 -1.34055 0.415549,-2.69684 -0.859596 0.380408,-2.69684 -1.35576 0.568778,-2.69685 -0.846455 0.381889,-2.69684 -1.38316 0.590626,-2.69684 -1.36823 0.581245,-2.69685 -0.90551 0.322834,-2.69684 -1.34638 0.398906,-2.69685 -0.90551 0.224409,-2.69684 -1.35576 0.383976,-2.69684 -0.904029 0.211268,-2.69684 -0.899662 0.198786,-2.69684 -0.892626 0.187589,-2.69684 -0.883275 0.178238,-2.69684 -0.872078 0.171202,-2.69684 -0.859596 0.166835,-2.69685 -0.846455 0.165354,-2.69685 -0.137795 0.165354,-2.69684 0.613276 0.292725,-2.69684 -0.0916239 0.359654,-2.69684 -0.0845883 0.348457,-2.69684 0.622627 0.302076,-2.69684 -0.100975 0.369005,-2.69684 0.606241 0.281528,-2.69684 -0.0802206 0.335975,-2.69684 0.633824 0.309112,-2.69684 -0.112172 0.376041,-2.69684 0.601873 0.269046,-2.69685 -0.07874 0.322834,-2.69684 0.646307 0.313479,-2.69685 0.600392 0.255905,-2.69685 -0.07874 0.224409,-2.69685 0.541337 0.03937,-2.69684 -0.0802206 0.211268,-2.69684 -0.0845883 0.198786,-2.69684 -0.0916239 0.187589,-2.69684 -0.100975 0.178238,-2.69684 -0.112172 0.171202,-2.69684 -0.124654 0.166835,-2.69685 0.600392 0.098425,-2.69684 0.594544 0.072802,-2.69684 0.598912 0.085284,-2.69684 0.578158 0.0522539,-2.69684 0.554478 0.0408506,-2.69684 0.566961 0.0452183,-2.69684 0.587509 0.0616048]
}}
appearance Appearance{material Material{diffuseColor 1 1 1
transparency 0}}}
Shape { geometry IndexedFaceSet 
{ creaseAngle 0.50 coordIndex [0,1,2,-1,3,2,4,-1,3,0,2,-1,5,4,6,-1,5,3,4,-1,7,6,8,-1,7,5,6,-1,9,8,10,-1,9,7,8,-1,11,10,12,-1,11,9,10,-1,13,11,12,-1,14,12,15,-1,14,13,12,-1]
coord Coordinate { point [-0.938922 1.21337 0.464892,-0.938922 0.91799 0.393739,-0.931219 0.91835 0.39302,-0.930161 1.2136 0.463933,-0.923815 0.919049 0.390849,-0.92184 1.21428 0.461102,-0.91571 0.920284 0.386481,-0.914375 1.21538 0.456542,-0.908904 0.921891 0.380372,-0.908141 1.21684 0.450481,-0.9038 0.923778 0.372845,-0.903451 1.21859 0.443224,-0.900618 0.925826 0.36436,-0.900539 1.22054 0.435134,-0.899552 1.22259 0.426617,-0.899552 0.927917 0.355375]
}}
appearance Appearance{material Material{diffuseColor 1 0.807843 0.498039
transparency 0}}}
Shape { geometry IndexedFaceSet 
{ creaseAngle 0.50 coordIndex [0,1,2,-1,3,0,2,-1]
coord Coordinate { point [0.23622 2.62254 0.60148,0.23622 2.36876 0.625881,0.23622 2.36687 0.606286,0.23622 2.62066 0.581885]
}}
appearance Appearance{material Material{diffuseColor 1 1 1
transparency 0}}}
Shape { geometry IndexedFaceSet 
{ creaseAngle 0.50 coordIndex [0,1,2,-1,0,2,3,-1]
coord Coordinate { point [2.67716 -1.51575 0.413385,2.67716 -1.98819 0.413385,2.79527 -1.98819 0.279527,2.79527 -1.51575 0.279527]
}}
appearance Appearance{material Material{diffuseColor 0.411765 0.411765 0.411765
transparency 0}}}
Shape { geometry IndexedFaceSet 
{ creaseAngle 0.50 coordIndex [0,1,2,-1,1,3,2,-1]
coord Coordinate { point [2.32283 -1.85039 0.11811,2.32283 2.55905 0.11811,2.32283 -1.85039 0.019685,2.32283 2.55905 0.019685]
}}
appearance Appearance{material Material{diffuseColor 0.411765 0.411765 0.411765
transparency 0}}}
Shape { geometry IndexedFaceSet 
{ creaseAngle 0.50 coordIndex [0,1,2,-1,3,1,0,-1]
coord Coordinate { point [-0.023622 -1.41732 0.059055,-0.181102 -1.39764 0.07874,-0.181102 -1.41732 0.059055,-0.023622 -1.39764 0.07874]
}}
appearance Appearance{material Material{diffuseColor 1 0.807843 0.498039
transparency 0}}}
Shape { geometry IndexedFaceSet 
{ creaseAngle 0.50 coordIndex [0,1,2,-1,3,1,0,-1,4,5,6,-1,6,5,7,-1,8,9,10,-1,11,9,8,-1,2,12,13,-1,1,12,2,-1,14,15,4,-1,4,15,5,-1,12,16,13,-1,14,16,15,-1,13,16,14,-1,17,18,19,-1,18,20,19,-1,21,22,23,-1,24,25,21,-1,21,25,22,-1,23,26,27,-1,22,26,23,-1,28,29,24,-1,24,29,25,-1,27,30,31,-1,26,30,27,-1,17,32,28,-1,28,32,29,-1,33,34,11,-1,11,34,9,-1,31,3,0,-1,30,3,31,-1,17,19,32,-1,6,7,35,-1,35,7,33,-1,33,7,34,-1]
coord Coordinate { point [0.251968 -1.04321 0.116423,0.251968 -0.987461 0.0926979,0.251968 -1.04451 0.107945,0.251968 -0.984214 0.113892,0.251968 -1.05857 0.0868835,0.251968 -1.04093 0.0289157,0.251968 -1.0659 0.0824323,0.251968 -1.06123 0.0220204,0.251968 -1.25984 0.059055,0.251968 -1.24016 0.019685,0.251968 -1.25984 0.03937,0.251968 -1.24016 0.07874,0.251968 -0.99522 0.07271,0.251968 -1.04762 0.09995,0.251968 -1.05238 0.0928166,0.251968 -1.02261 0.0400438,0.251968 -1.00712 0.0548765,0.251968 -0.94488 0.210629,0.251968 -0.807085 0.210629,0.251968 -0.94488 0.151574,0.251968 -0.807085 0.151574,0.251968 -1.00482 0.190271,0.251968 -0.97505 0.137498,0.251968 -1.02031 0.175438,0.251968 -0.986496 0.201399,0.251968 -0.968857 0.143431,0.251968 -0.979812 0.130365,0.251968 -1.03221 0.157605,0.251968 -0.966194 0.208294,0.251968 -0.961526 0.147882,0.251968 -0.982915 0.122369,0.251968 -1.03997 0.137617,0.251968 -0.953405 0.15064,0.251968 -1.08255 0.07874,0.251968 -1.08255 0.019685,0.251968 -1.07402 0.0796742]
}}
appearance Appearance{material Material{diffuseColor 1 0.807843 0.498039
transparency 0}}}
Shape { geometry IndexedFaceSet 
{ creaseAngle 0.50 coordIndex [0,1,2,-1,3,0,2,-1,4,5,0,-1,5,1,0,-1]
coord Coordinate { point [1.35826 -2.02756 0.11811,1.35826 -2.7559 0.263779,1.35826 -2.7559 0.019685,1.35826 -2.02756 0.019685,1.35826 -1.61417 0.11811,1.35826 -1.61417 0.263779]
}}
appearance Appearance{material Material{diffuseColor 0.411765 0.411765 0.411765
transparency 0}}}
Shape { geometry IndexedFaceSet 
{ creaseAngle 0.50 coordIndex [0,1,2,-1,3,0,2,-1,4,0,3,-1,5,6,4,-1,7,3,8,-1,7,4,3,-1,7,5,4,-1,9,8,10,-1,9,7,8,-1,11,10,12,-1,11,9,10,-1,13,12,14,-1,13,11,12,-1,15,14,16,-1,15,13,14,-1,17,15,16,-1]
coord Coordinate { point [-0.564959 1.15615 0.471992,-0.56496 1.1664 0.476845,-0.57372 1.16686 0.475971,-0.582042 1.16821 0.473392,-0.564959 1.14554 0.467999,-0.57372 1.13486 0.463933,-0.56496 1.13463 0.464892,-0.582042 1.13554 0.461102,-0.589506 1.17039 0.469239,-0.589506 1.13664 0.456542,-0.59574 1.17329 0.46372,-0.59574 1.1381 0.450481,-0.600431 1.17676 0.45711,-0.600431 1.13985 0.443224,-0.603342 1.18062 0.449742,-0.603342 1.1418 0.435134,-0.60433 1.18469 0.441985,-0.604329 1.14385 0.426617]
}}
appearance Appearance{material Material{diffuseColor 1 0.807843 0.498039
transparency 0}}}
Shape { geometry IndexedFaceSet 
{ creaseAngle 0.50 coordIndex [0,1,2,-1,3,4,5,-1,6,4,3,-1,7,4,6,-1,8,4,7,-1,9,4,8,-1,10,4,9,-1,1,4,10,-1,0,4,1,-1]
coord Coordinate { point [0.192913 -0.137795 0.120078,0.035433 1.75196 0.120078,0.035433 -0.137795 0.120078,-0.0257857 1.82873 0.120078,0.192913 1.8307 0.120078,-0.043307 1.8307 0.120078,-0.00914299 1.82291 0.120078,0.00578659 1.81353 0.120078,0.0182544 1.80106 0.120078,0.0276353 1.78613 0.120078,0.0334588 1.76949 0.120078]
}}
appearance Appearance{material Material{diffuseColor 0.411765 0.411765 0.411765
transparency 0}}}
Shape { geometry IndexedFaceSet 
{ creaseAngle 0.50 coordIndex [0,1,2,-1,3,2,4,-1,3,4,5,-1,3,0,2,-1,6,7,8,-1,6,9,7,-1,10,1,0,-1,11,9,6,-1,10,12,1,-1,13,11,6,-1,14,12,10,-1,15,14,10,-1,16,7,9,-1,17,16,18,-1,19,14,15,-1,20,18,11,-1,21,22,19,-1,20,17,18,-1,20,11,13,-1,23,19,15,-1,23,21,19,-1,24,16,17,-1,25,22,21,-1,26,24,17,-1,27,25,21,-1,28,25,27,-1,29,24,26,-1,30,29,26,-1,31,28,27,-1,32,29,30,-1,33,34,35,-1,36,37,32,-1,38,35,28,-1,39,32,30,-1,39,36,32,-1,38,33,35,-1,38,28,31,-1,40,37,36,-1,41,34,33,-1,41,42,34,-1,43,40,36,-1,44,42,41,-1,45,40,43,-1,46,45,43,-1,47,44,41,-1,48,42,49,-1,48,34,42,-1,50,49,51,-1,52,53,54,-1,55,45,46,-1,55,52,54,-1,55,54,45,-1,56,48,49,-1,56,49,50,-1,57,51,44,-1,57,50,51,-1,58,53,52,-1,58,59,53,-1,57,44,47,-1,48,7,24,-1,24,7,16,-1,48,24,37,-1,60,59,58,-1,48,37,40,-1,48,40,53,-1,48,53,59,-1,48,59,61,-1,48,61,62,-1,48,62,1,-1,63,60,58,-1,48,1,12,-1,48,12,22,-1,48,22,25,-1,48,25,34,-1,64,60,63,-1,65,61,64,-1,66,64,63,-1,66,65,64,-1,62,61,65,-1,67,62,65,-1,4,62,67,-1,5,4,67,-1]
coord Coordinate { point [-1.1063 -0.137795 0.120078,-1.06693 -0.137795 0.210629,-1.06693 -0.137795 0.151574,-1.1063 -0.137795 0.019685,-0.870086 -0.137795 0.151574,-0.830707 -0.137795 0.019685,0.901573 -0.137795 0.120078,1.01968 -0.137795 0.263779,1.01968 -0.137795 0.120078,0.862194 -0.137795 0.210629,-1.26378 -0.137795 0.120078,0.862194 -0.137795 0.151574,-1.30316 -0.137795 0.210629,0.901573 -0.137795 0.019685,-1.30316 -0.137795 0.151574,-1.26378 -0.137795 0.019685,0.665353 -0.137795 0.210629,0.625983 -0.137795 0.120078,0.665353 -0.137795 0.151574,-1.49999 -0.137795 0.151574,0.625983 -0.137795 0.019685,-1.53937 -0.137795 0.120078,-1.49999 -0.137795 0.210629,-1.53937 -0.137795 0.019685,0.429133 -0.137795 0.210629,-1.73623 -0.137795 0.210629,0.468503 -0.137795 0.120078,-1.69685 -0.137795 0.120078,-1.73623 -0.137795 0.151574,0.429133 -0.137795 0.151574,0.468503 -0.137795 0.019685,-1.69685 -0.137795 0.019685,0.232318 -0.137795 0.151574,-1.97244 -0.137795 0.120078,-1.93307 -0.137795 0.210629,-1.93307 -0.137795 0.151574,0.192913 -0.137795 0.120078,0.232318 -0.137795 0.210629,-1.97244 -0.137795 0.019685,0.192913 -0.137795 0.019685,-0.00394624 -0.137795 0.210629,-2.12992 -0.137795 0.120078,-2.1693 -0.137795 0.210629,0.035433 -0.137795 0.120078,-2.1693 -0.137795 0.151574,-0.00394624 -0.137795 0.151574,0.035433 -0.137795 0.019685,-2.12992 -0.137795 0.019685,-2.48031 -0.137795 0.263779,-2.36614 -0.137795 0.210629,-2.40551 -0.137795 0.120078,-2.36614 -0.137795 0.151574,-0.240157 -0.137795 0.120078,-0.200787 -0.137795 0.210629,-0.200787 -0.137795 0.151574,-0.240157 -0.137795 0.019685,-2.48031 -0.137795 0.120078,-2.40551 -0.137795 0.019685,-0.397637 -0.137795 0.120078,-0.437019 -0.137795 0.210629,-0.437019 -0.137795 0.151574,-0.633845 -0.137795 0.210629,-0.870086 -0.137795 0.210629,-0.397637 -0.137795 0.019685,-0.633845 -0.137795 0.151574,-0.673227 -0.137795 0.120078,-0.673227 -0.137795 0.019685,-0.830707 -0.137795 0.120078]
}}
appearance Appearance{material Material{diffuseColor 0.411765 0.411765 0.411765
transparency 0}}}
Shape { geometry IndexedFaceSet 
{ creaseAngle 0.50 coordIndex [0,1,2,-1,0,3,1,-1,4,3,0,-1,5,0,2,-1,6,1,3,-1,7,1,6,-1,8,6,9,-1,8,7,6,-1,10,8,11,-1,10,7,8,-1,0,8,4,-1,4,8,9,-1]
coord Coordinate { point [-0.0098425 2.77558 0.098425,-0.206692 2.40157 0.098425,-0.206692 2.95275 0.098425,0.059055 2.65913 0.098425,0.059055 2.71991 0.098425,-0.0098425 2.95275 0.098425,0.531495 2.65913 0.098425,0.797243 2.40157 0.098425,0.600393 2.77558 0.098425,0.531495 2.71991 0.098425,0.797243 2.95275 0.098425,0.600393 2.95275 0.098425]
}}
appearance Appearance{material Material{diffuseColor 0.411765 0.411765 0.411765
transparency 0}}}
Shape { geometry IndexedFaceSet 
{ creaseAngle 0.50 coordIndex [0,1,2,-1,3,4,5,-1,6,3,5,-1,7,8,9,-1,10,7,9,-1,11,12,13,-1,11,13,14,-1,15,14,16,-1,15,11,14,-1,17,16,18,-1,17,15,16,-1,19,18,20,-1,19,17,18,-1,21,20,22,-1,21,19,20,-1,23,5,24,-1,23,24,12,-1,23,12,11,-1,25,22,1,-1,25,0,26,-1,25,21,22,-1,25,1,0,-1,27,23,11,-1,27,11,15,-1,27,5,23,-1,28,15,17,-1,28,27,15,-1,29,17,19,-1,29,28,17,-1,30,29,19,-1,30,19,21,-1,31,26,9,-1,31,25,26,-1,31,21,25,-1,31,9,30,-1,31,30,21,-1,32,33,6,-1,32,34,33,-1,32,8,34,-1,32,5,27,-1,32,29,30,-1,32,27,28,-1,32,6,5,-1,32,9,8,-1,32,28,29,-1,32,30,9,-1]
coord Coordinate { point [-0.466534 1.33946 0.519947,-0.467522 1.30984 0.517562,-0.466535 1.31391 0.509805,-0.497144 1.44482 0.550788,-0.505904 1.4452 0.551701,-0.505904 1.40813 0.562371,-0.488822 1.44372 0.548094,-0.467522 1.43358 0.523382,-0.470433 1.43674 0.531081,-0.466534 1.39913 0.523761,-0.466535 1.43025 0.515277,-0.497144 1.33178 0.557815,-0.505904 1.33152 0.558767,-0.505905 1.29562 0.544665,-0.497144 1.29607 0.543791,-0.488822 1.33254 0.555005,-0.488822 1.29743 0.541213,-0.481358 1.33377 0.550478,-0.481358 1.29961 0.53706,-0.475124 1.3354 0.544462,-0.475124 1.3025 0.53154,-0.470433 1.33736 0.537258,-0.470433 1.30597 0.52493,-0.497144 1.36967 0.563778,-0.505904 1.36963 0.564764,-0.467522 1.33954 0.529228,-0.466534 1.36668 0.524825,-0.488822 1.36981 0.560869,-0.481358 1.37003 0.556184,-0.475124 1.37032 0.549957,-0.470433 1.37067 0.5425,-0.467522 1.37106 0.534188,-0.478066 1.40495 0.551214,-0.481358 1.44194 0.543755,-0.475124 1.43957 0.537987]
}}
appearance Appearance{material Material{diffuseColor 1 0.807843 0.498039
transparency 0}}}
Shape { geometry IndexedFaceSet 
{ creaseAngle 0.50 coordIndex [0,1,2,-1,3,2,4,-1,3,0,2,-1,5,4,6,-1,5,3,4,-1,7,5,6,-1,8,6,9,-1,8,7,6,-1,10,9,11,-1,10,8,9,-1,12,11,13,-1,12,10,11,-1,14,13,15,-1,14,12,13,-1]
coord Coordinate { point [-2.00787 2.36311 0.567097,-2.00787 2.36122 0.547502,-2.00688 2.3525 0.548341,-2.00688 2.35439 0.567935,-2.00397 2.34422 0.549137,-2.00397 2.3461 0.568732,-1.99928 2.33679 0.549852,-1.99928 2.33867 0.569446,-1.99305 2.33247 0.570043,-1.99305 2.33058 0.550448,-1.98558 2.3278 0.570492,-1.98558 2.32591 0.550897,-1.97726 2.3249 0.570771,-1.97726 2.32302 0.551176,-1.9685 2.32392 0.570865,-1.9685 2.32203 0.55127]
}}
appearance Appearance{material Material{diffuseColor 1 1 1
transparency 0}}}
Shape { geometry IndexedFaceSet 
{ creaseAngle 0.50 coordIndex [0,1,2,-1,3,1,0,-1,4,5,6,-1,4,6,7,-1,4,7,8,-1,4,8,9,-1,4,9,3,-1,10,5,4,-1,11,12,1,-1,10,13,14,-1,10,14,15,-1,10,15,16,-1,17,1,12,-1,10,16,18,-1,10,18,5,-1,10,19,13,-1,13,19,20,-1,21,11,1,-1,22,1,17,-1,23,21,1,-1,24,23,1,-1,25,1,3,-1,25,24,1,-1,26,25,3,-1,27,26,3,-1,28,27,3,-1,29,28,3,-1,30,29,3,-1,9,30,3,-1,31,22,32,-1,31,1,22,-1,33,31,32,-1,34,31,33,-1,35,19,31,-1,35,31,34,-1,36,19,35,-1,37,19,36,-1,38,19,37,-1,39,19,38,-1,20,19,39,-1]
coord Coordinate { point [0.098425 1.18668 0.68021,0.492125 1.55511 0.644785,0.492125 1.18668 0.68021,0.098425 1.55511 0.644785,0.153473 2.65608 0.538928,0.240119 2.63389 0.541061,0.237207 2.62561 0.541857,0.23622 2.61689 0.542696,0.23622 2.36311 0.567097,0.237207 2.35439 0.567935,0.153555 2.65747 0.539073,0.339507 2.33247 0.570043,0.345741 2.33867 0.569446,0.27559 2.65608 0.538928,0.266829 2.6551 0.539022,0.258508 2.6522 0.539301,0.251043 2.64753 0.53975,0.350431 2.3461 0.568732,0.244809 2.64133 0.540346,0.436995 2.65746 0.539078,0.31496 2.65608 0.538928,0.332042 2.3278 0.570492,0.353343 2.35439 0.567935,0.323721 2.3249 0.570771,0.31496 2.32392 0.570865,0.27559 2.32392 0.570865,0.266829 2.3249 0.570771,0.258508 2.3278 0.570492,0.251043 2.33247 0.570043,0.244809 2.33867 0.569446,0.240119 2.3461 0.568732,0.437077 2.65608 0.538928,0.35433 2.36311 0.567097,0.35433 2.61689 0.542696,0.353343 2.62561 0.541857,0.350431 2.63389 0.541061,0.345741 2.64133 0.540346,0.339507 2.64753 0.53975,0.332042 2.6522 0.539301,0.323721 2.6551 0.539022]
}}
appearance Appearance{material Material{diffuseColor 1 1 1
transparency 0}}}
Shape { geometry IndexedFaceSet 
{ creaseAngle 0.50 coordIndex [0,1,2,-1,2,1,3,-1,3,4,5,-1,1,4,3,-1,5,6,7,-1,4,6,5,-1,7,8,9,-1,6,8,7,-1,9,10,11,-1,8,10,9,-1,11,12,13,-1,13,12,14,-1,10,12,11,-1,14,15,16,-1,12,15,14,-1]
coord Coordinate { point [-1.04724 -0.984214 0.113892,-1.04724 -0.982915 0.122369,-0.889762 -0.984214 0.113892,-0.889762 -0.98258 0.123539,-1.04724 -0.979812 0.130365,-0.889762 -0.97905 0.13176,-1.04724 -0.97505 0.137498,-0.889762 -0.974222 0.138454,-1.04724 -0.968857 0.143431,-0.889762 -0.96797 0.144095,-1.04724 -0.961526 0.147882,-0.889762 -0.960876 0.14818,-1.04724 -0.953405 0.15064,-0.889762 -0.95325 0.150673,-0.889762 -0.94908 0.151348,-1.04724 -0.94488 0.151574,-0.889762 -0.94488 0.151574]
}}
appearance Appearance{material Material{diffuseColor 1 0.807843 0.498039
transparency 0}}}
Shape { geometry IndexedFaceSet 
{ creaseAngle 0.50 coordIndex [0,1,2,-1,3,1,0,-1]
coord Coordinate { point [1.63386 2.89369 0.255905,1.63386 2.95275 0.492125,1.63386 2.89369 0.492125,1.63386 2.95275 0.255905]
}}
appearance Appearance{material Material{diffuseColor 1 1 1
transparency 0}}}
Shape { geometry IndexedFaceSet 
{ creaseAngle 0.50 coordIndex [0,1,2,-1,3,4,0,-1,3,0,2,-1,5,6,4,-1,5,4,3,-1,7,8,6,-1,7,6,5,-1,9,10,8,-1,9,8,7,-1,11,10,9,-1]
coord Coordinate { point [2.5 0.264411 0.492762,2.5 -0.0150726 0.524713,2.5 -0.0217801 0.46604,2.5 0.257703 0.434089,2.5 0.284385 0.492519,2.5 0.291285 0.433854,2.5 0.303998 0.496314,2.5 0.324153 0.440745,2.5 0.32244 0.50399,2.5 0.354813 0.454448,2.5 0.338952 0.515233,2.5 0.38187 0.474341]
}}
appearance Appearance{material Material{diffuseColor 1 1 1
transparency 0}}}
Shape { geometry IndexedFaceSet 
{ creaseAngle 0.50 coordIndex [0,1,2,-1,1,3,2,-1,2,4,5,-1,3,4,2,-1,5,6,7,-1,4,6,5,-1,7,8,9,-1,6,8,7,-1,9,10,11,-1,8,10,9,-1,11,12,13,-1,10,12,11,-1,13,14,15,-1,12,14,13,-1]
coord Coordinate { point [-2.40157 -1.02362 0.74803,-2.40157 -1.02362 0.688975,-2.39663 -0.979817 0.74803,-2.39663 -0.979817 0.688975,-2.38208 -0.93821 0.688975,-2.38208 -0.93821 0.74803,-2.35862 -0.900886 0.688975,-2.35862 -0.900886 0.74803,-2.32745 -0.869716 0.688975,-2.32745 -0.869716 0.74803,-2.29013 -0.846264 0.688975,-2.29013 -0.846264 0.74803,-2.24852 -0.831705 0.688975,-2.24852 -0.831705 0.74803,-2.20472 -0.82677 0.688975,-2.20472 -0.82677 0.74803]
}}
appearance Appearance{material Material{diffuseColor 1 1 1
transparency 0}}}
Shape { geometry IndexedFaceSet 
{ creaseAngle 0.50 coordIndex [0,1,2,-1,0,3,1,-1,4,2,5,-1,4,0,2,-1,6,7,8,-1,6,5,7,-1,6,4,5,-1,9,6,8,-1]
coord Coordinate { point [0.734198 1.41026 0.558767,0.793358 1.37436 0.544665,0.793358 1.41026 0.558767,0.734198 1.37436 0.544665,0.734198 1.44837 0.564764,0.793358 1.44837 0.564764,0.734198 1.48687 0.562371,0.793358 1.48687 0.562371,0.793358 1.52394 0.551701,0.734198 1.52394 0.551701]
}}
appearance Appearance{material Material{diffuseColor 1 0.807843 0.498039
transparency 0}}}
Shape { geometry IndexedFaceSet 
{ creaseAngle 0.50 coordIndex [0,1,2,-1,2,1,3,-1,3,4,5,-1,1,4,3,-1,5,6,7,-1,4,6,5,-1,7,8,9,-1,6,8,7,-1,9,10,11,-1,8,10,9,-1,11,12,13,-1,10,12,11,-1,13,14,15,-1,12,14,13,-1]
coord Coordinate { point [1.85039 2.65747 0.19685,1.84842 2.675 0.19685,1.85039 2.65747 0.019685,1.84842 2.675 0.019685,1.84259 2.69164 0.19685,1.84259 2.69164 0.019685,1.83321 2.70657 0.19685,1.83321 2.70657 0.019685,1.82074 2.71904 0.19685,1.82074 2.71904 0.019685,1.80581 2.72842 0.19685,1.80581 2.72842 0.019685,1.78917 2.73424 0.19685,1.78917 2.73424 0.019685,1.77165 2.73621 0.19685,1.77165 2.73621 0.019685]
}}
appearance Appearance{material Material{diffuseColor 0.411765 0.411765 0.411765
transparency 0}}}
Shape { geometry IndexedFaceSet 
{ creaseAngle 0.50 coordIndex [0,1,2,-1,0,3,1,-1,4,2,5,-1,4,0,2,-1,6,7,8,-1,6,5,7,-1,6,4,5,-1,9,6,8,-1]
coord Coordinate { point [-1.4311 1.33152 0.558767,-1.37204 1.29562 0.544665,-1.37204 1.33152 0.558767,-1.4311 1.29562 0.544665,-1.4311 1.36963 0.564764,-1.37204 1.36963 0.564764,-1.4311 1.40813 0.562371,-1.37204 1.40813 0.562371,-1.37204 1.4452 0.551701,-1.4311 1.4452 0.551701]
}}
appearance Appearance{material Material{diffuseColor 1 0.807843 0.498039
transparency 0}}}
Shape { geometry IndexedFaceSet 
{ creaseAngle 0.50 coordIndex [0,1,2,-1,3,4,5,-1,5,6,3,-1,3,7,4,-1,6,8,3,-1,3,9,7,-1,3,10,9,-1,11,12,13,-1,8,14,3,-1,13,12,15,-1,15,12,16,-1,16,12,17,-1,17,12,18,-1,18,12,19,-1,14,20,3,-1,19,12,21,-1,22,23,12,-1,1,23,2,-1,12,23,21,-1,24,23,25,-1,25,23,26,-1,26,23,27,-1,27,23,28,-1,28,23,29,-1,29,23,30,-1,30,23,1,-1,21,23,24,-1,31,32,33,-1,33,32,34,-1,34,32,35,-1,36,37,22,-1,22,37,23,-1,20,38,39,-1,39,38,31,-1,31,38,32,-1,23,40,41,-1,41,40,42,-1,43,40,37,-1,37,40,23,-1,14,44,20,-1,45,12,11,-1,45,11,46,-1,45,46,47,-1,45,47,48,-1,45,48,49,-1,45,49,50,-1,44,51,20,-1,45,50,52,-1,52,50,53,-1,54,38,55,-1,55,38,56,-1,56,38,57,-1,20,58,38,-1,56,57,59,-1,3,60,61,-1,51,58,20,-1,3,61,62,-1,3,62,63,-1,3,63,64,-1,64,63,65,-1,65,63,66,-1,58,67,38,-1,67,68,38,-1,68,69,38,-1,69,70,38,-1,70,71,38,-1,3,64,10,-1,71,57,38,-1,72,73,74,-1,72,75,73,-1,73,76,74,-1,74,76,77,-1,77,76,78,-1,72,63,75,-1,66,63,72,-1,76,79,78,-1,78,79,80,-1,79,81,80,-1,81,82,80,-1,80,82,83,-1,82,84,83,-1,83,84,85,-1,84,86,85,-1,85,86,87,-1,87,88,89,-1,86,88,87,-1,88,90,89,-1,89,90,91,-1,90,92,91,-1,91,92,93,-1,92,56,93,-1,93,56,59,-1,60,94,61,-1,95,96,60,-1,60,96,94,-1,95,97,96,-1,95,98,97,-1,97,98,99,-1,99,98,100,-1,98,45,100,-1,100,45,101,-1,101,45,102,-1,102,45,103,-1,45,104,103,-1,45,105,104,-1,104,106,103,-1,45,107,105,-1,106,108,103,-1,103,108,109,-1,45,110,107,-1,109,111,112,-1,108,111,109,-1,45,113,110,-1,114,54,55,-1,112,54,115,-1,115,54,116,-1,111,54,112,-1,116,54,117,-1,117,54,118,-1,118,54,119,-1,119,54,114,-1,120,54,111,-1,54,121,122,-1,120,123,54,-1,54,123,121,-1,124,123,125,-1,125,123,126,-1,126,123,120,-1,45,127,113,-1,45,52,127,-1,128,129,130,-1,129,131,132,-1,132,131,133,-1,131,2,134,-1,135,2,128,-1,128,2,129,-1,129,2,131,-1,53,136,137,-1,50,136,53,-1,137,138,139,-1,136,138,137,-1,139,140,141,-1,141,140,142,-1,138,140,139,-1,142,143,135,-1,140,143,142,-1,135,144,2,-1,143,144,135,-1,144,145,2,-1,145,146,2,-1,146,147,2,-1,147,148,2,-1,148,149,2,-1,149,0,2,-1]
coord Coordinate { point [2.69685 1.53543 0.19685,2.69685 2.04724 0.19685,2.69685 0.994092 0.03937,2.69685 -2.35826 0.62992,2.69685 -2.04469 0.498926,2.69685 -2.05404 0.489575,2.69685 -2.06108 0.478378,2.69685 -2.03349 0.505962,2.69685 -2.06544 0.465896,2.69685 -2.02101 0.510329,2.69685 -2.00787 0.51181,2.69685 2.04724 0.51181,2.69685 2.95275 0.62992,2.69685 2.06038 0.510329,2.69685 -2.06693 0.452755,2.69685 2.07286 0.505962,2.69685 2.08406 0.498926,2.69685 2.09341 0.489575,2.69685 2.10045 0.478378,2.69685 2.10481 0.465896,2.69685 -2.35826 0.098425,2.69685 2.10629 0.452755,2.69685 2.95275 0.098425,2.69685 2.89369 0.03937,2.69685 2.10629 0.255905,2.69685 2.10481 0.242764,2.69685 2.10045 0.230282,2.69685 2.09341 0.219085,2.69685 2.08406 0.209734,2.69685 2.07286 0.202698,2.69685 2.06038 0.198331,2.69685 -2.35241 0.072802,2.69685 -2.31235 0.0408506,2.69685 -2.34538 0.0616048,2.69685 -2.33603 0.0522539,2.69685 -2.32483 0.0452183,2.69685 2.95127 0.085284,2.69685 2.9469 0.072802,2.69685 -2.29921 0.03937,2.69685 -2.35678 0.085284,2.69685 2.93052 0.0522539,2.69685 2.90684 0.0408506,2.69685 2.91932 0.0452183,2.69685 2.93987 0.0616048,2.69685 -2.06693 0.255905,2.69685 0.59055 0.62992,2.69685 1.53543 0.51181,2.69685 1.52229 0.510329,2.69685 1.50981 0.505962,2.69685 1.49861 0.498926,2.69685 1.48926 0.489575,2.69685 -2.06544 0.242764,2.69685 0.889123 0.313479,2.69685 0.901606 0.309112,2.69685 0.541337 0.03937,2.69685 -0.43307 0.19685,2.69685 -0.446211 0.198331,2.69685 -1.49606 0.19685,2.69685 -2.06108 0.230282,2.69685 -1.48292 0.198331,2.69684 -0.03937 0.62992,2.69685 -0.43307 0.51181,2.69685 -0.446211 0.510329,2.69685 -0.458693 0.505962,2.69685 -1.49606 0.51181,2.69685 -1.48292 0.510329,2.69685 -1.47044 0.505962,2.69685 -2.05404 0.219085,2.69685 -2.04469 0.209734,2.69685 -2.03349 0.202698,2.69685 -2.02101 0.198331,2.69685 -2.00787 0.19685,2.69685 -1.45924 0.498926,2.69685 -0.479241 0.489575,2.69685 -1.44989 0.489575,2.69685 -0.46989 0.498926,2.69685 -0.486277 0.478378,2.69685 -1.44285 0.478378,2.69685 -1.43849 0.465896,2.69685 -0.490644 0.465896,2.69685 -1.43701 0.452755,2.69685 -0.492125 0.452755,2.69685 -0.492125 0.255905,2.69685 -1.43701 0.255905,2.69685 -0.490644 0.242764,2.69685 -1.43849 0.242764,2.69685 -0.486277 0.230282,2.69685 -1.44285 0.230282,2.69685 -0.479241 0.219085,2.69685 -1.44989 0.219085,2.69685 -0.46989 0.209734,2.69685 -1.45924 0.209734,2.69685 -0.458693 0.202698,2.69685 -1.47044 0.202698,2.69685 0.07874 0.51181,2.69684 -0.03937 0.728345,2.69685 0.091881 0.510329,2.69685 0.104363 0.505962,2.69685 0.59055 0.728345,2.69685 0.11556 0.498926,2.69685 0.124911 0.489575,2.69685 0.131947 0.478378,2.69685 0.136314 0.465896,2.69685 0.137795 0.452755,2.69685 0.613276 0.292725,2.69685 0.622627 0.302076,2.69685 0.606241 0.281528,2.69685 0.633824 0.309112,2.69685 0.601873 0.269046,2.69685 0.137795 0.255905,2.69685 0.646307 0.313479,2.69685 0.600392 0.255905,2.69685 0.136314 0.242764,2.69685 0.659447 0.31496,2.69685 0.07874 0.19685,2.69685 0.131947 0.230282,2.69685 0.124911 0.219085,2.69685 0.11556 0.209734,2.69685 0.104363 0.202698,2.69685 0.091881 0.198331,2.69685 0.600392 0.098425,2.69685 0.566961 0.0452183,2.69685 0.554478 0.0408506,2.69685 0.578158 0.0522539,2.69685 0.587509 0.0616048,2.69685 0.594544 0.072802,2.69685 0.598912 0.085284,2.69685 0.875982 0.31496,2.69685 0.935037 0.098425,2.69685 0.940886 0.072802,2.69685 0.936518 0.085284,2.69685 0.968469 0.0452183,2.69685 0.947921 0.0616048,2.69685 0.957272 0.0522539,2.69685 0.980952 0.0408506,2.69685 0.935037 0.255905,2.69685 1.48222 0.478378,2.69685 0.912803 0.302076,2.69685 1.47786 0.465896,2.69685 0.922154 0.292725,2.69685 1.47637 0.452755,2.69685 0.929189 0.281528,2.69685 0.933557 0.269046,2.69685 1.47637 0.255905,2.69685 1.47786 0.242764,2.69685 1.48222 0.230282,2.69685 1.48926 0.219085,2.69685 1.49861 0.209734,2.69685 1.50981 0.202698,2.69685 1.52229 0.198331]
}}
appearance Appearance{material Material{diffuseColor 1 1 1
transparency 0}}}
Shape { geometry IndexedFaceSet 
{ creaseAngle 0.50 coordIndex [0,1,2,-1,1,3,2,-1,2,4,5,-1,3,4,2,-1,5,6,7,-1,4,6,5,-1,7,8,9,-1,6,8,7,-1,9,10,11,-1,8,10,9,-1,11,12,13,-1,10,12,11,-1,13,14,15,-1,12,14,13,-1]
coord Coordinate { point [-1.88976 2.36876 0.625881,-1.88976 2.36687 0.606286,-1.89075 2.36004 0.626719,-1.89075 2.35815 0.607125,-1.89366 2.34987 0.607921,-1.89366 2.35175 0.627516,-1.89835 2.34244 0.608636,-1.89835 2.34432 0.62823,-1.90458 2.33623 0.609232,-1.90458 2.33812 0.628827,-1.91205 2.33157 0.609681,-1.91205 2.33345 0.629276,-1.92037 2.32867 0.60996,-1.92037 2.33055 0.629554,-1.92913 2.32768 0.610054,-1.92913 2.32957 0.629649]
}}
appearance Appearance{material Material{diffuseColor 1 1 1
transparency 0}}}
Shape { geometry IndexedFaceSet 
{ creaseAngle 0.50 coordIndex [0,1,2,-1,3,1,0,-1]
coord Coordinate { point [-2.7559 -0.137795 0.381889,-2.69685 -0.846455 0.381889,-2.7559 -0.846455 0.381889,-2.69685 -0.137795 0.381889]
}}
appearance Appearance{material Material{diffuseColor 1 1 1
transparency 0}}}
Shape { geometry IndexedFaceSet 
{ creaseAngle 0.50 coordIndex [0,1,2,-1,2,1,3,-1,3,4,5,-1,1,4,3,-1,5,6,7,-1,4,6,5,-1,7,8,9,-1,6,8,7,-1,9,10,11,-1,8,10,9,-1,11,12,13,-1,10,12,11,-1,13,14,15,-1,12,14,13,-1]
coord Coordinate { point [2.69685 1.47637 0.452755,2.69685 1.47786 0.465896,2.7559 1.47637 0.452755,2.7559 1.47786 0.465896,2.69685 1.48222 0.478378,2.7559 1.48222 0.478378,2.69685 1.48926 0.489575,2.7559 1.48926 0.489575,2.69685 1.49861 0.498926,2.7559 1.49861 0.498926,2.69685 1.50981 0.505962,2.7559 1.50981 0.505962,2.69685 1.52229 0.510329,2.7559 1.52229 0.510329,2.69685 1.53543 0.51181,2.7559 1.53543 0.51181]
}}
appearance Appearance{material Material{diffuseColor 1 1 1
transparency 0}}}
Shape { geometry IndexedFaceSet 
{ creaseAngle 0.50 coordIndex [0,1,2,-1,1,3,2,-1,4,5,1,-1,1,5,3,-1,5,6,3,-1,6,7,3,-1,8,9,5,-1,5,9,6,-1,10,11,8,-1,8,11,9,-1]
coord Coordinate { point [-0.439895 0.11774 0.219936,-0.45309 0.480042 0.30721,-0.630969 0.11774 0.219936,-0.617774 0.480042 0.30721,-0.463955 0.778373 0.379074,-0.503687 0.778373 0.379074,-0.567177 0.778373 0.379074,-0.606909 0.778374 0.379074,-0.505904 0.839249 0.393738,-0.56496 0.839249 0.393738,-0.505905 1.13463 0.464892,-0.56496 1.13463 0.464892]
}}
appearance Appearance{material Material{diffuseColor 1 0.807843 0.498039
transparency 0}}}
Shape { geometry IndexedFaceSet 
{ creaseAngle 0.50 coordIndex [0,1,2,-1,0,2,3,-1]
coord Coordinate { point [2.08661 2.55905 0.019685,2.08661 2.55905 0.11811,2.08661 -1.85039 0.11811,2.08661 -1.85039 0.019685]
}}
appearance Appearance{material Material{diffuseColor 0.411765 0.411765 0.411765
transparency 0}}}
Shape { geometry IndexedFaceSet 
{ creaseAngle 0.50 coordIndex [0,1,2,-1,1,3,2,-1]
coord Coordinate { point [2.3157 -0.219978 0.488698,2.48837 -0.0495284 0.469212,2.3157 -0.21327 0.547371,2.48837 -0.0428208 0.527885]
}}
appearance Appearance{material Material{diffuseColor 1 1 1
transparency 0}}}
Shape { geometry IndexedFaceSet 
{ creaseAngle 0.50 coordIndex [0,1,2,-1,2,1,3,-1,3,4,5,-1,5,4,6,-1,6,4,7,-1,1,4,3,-1,7,8,9,-1,4,8,7,-1,9,10,11,-1,8,10,9,-1,11,12,13,-1,10,12,11,-1,13,14,15,-1,12,14,13,-1,16,17,18,-1,15,17,16,-1,14,17,15,-1,18,19,20,-1,17,19,18,-1,20,21,22,-1,19,21,20,-1,22,23,24,-1,21,23,22,-1,24,25,26,-1,26,25,27,-1,27,25,28,-1,23,25,24,-1,28,29,30,-1,25,29,28,-1,29,31,30,-1,29,32,31,-1]
coord Coordinate { point [2.10629 -2.06692 0.688975,2.10973 -2.09519 0.688975,2.12389 -2.07379 0.671779,2.13896 -2.08436 0.657919,2.11982 -2.12181 0.688975,2.14551 -2.0909 0.653314,2.15081 -2.09762 0.650928,2.15551 -2.10504 0.649605,2.136 -2.14525 0.688975,2.16637 -2.12014 0.649605,2.15731 -2.16413 0.688975,2.18047 -2.13227 0.649605,2.18252 -2.17736 0.688975,2.19703 -2.14075 0.649605,2.21017 -2.18417 0.688975,2.21511 -2.14511 0.649605,2.2337 -2.14511 0.649605,2.23864 -2.18417 0.688975,2.25178 -2.14075 0.649605,2.26629 -2.17736 0.688975,2.26834 -2.13227 0.649605,2.2915 -2.16413 0.688975,2.28244 -2.12014 0.649605,2.31281 -2.14525 0.688975,2.2933 -2.10504 0.649605,2.32899 -2.12181 0.688975,2.30022 -2.09459 0.651974,2.30734 -2.08668 0.656329,2.31408 -2.08085 0.66162,2.33908 -2.09519 0.688975,2.32315 -2.07476 0.670027,2.3327 -2.07029 0.679395,2.34251 -2.06693 0.688975]
}}
appearance Appearance{material Material{diffuseColor 0.792157 0.819608 0.933333
transparency 0}}}
Shape { geometry IndexedFaceSet 
{ creaseAngle 0.50 coordIndex [0,1,2,-1,2,1,3,-1,3,4,5,-1,1,4,3,-1,5,6,7,-1,4,6,5,-1,7,8,9,-1,6,8,7,-1,9,10,11,-1,8,10,9,-1,11,12,13,-1,13,12,14,-1,10,12,11,-1,14,15,16,-1,12,15,14,-1]
coord Coordinate { point [0.251968 -1.04321 0.116423,0.251968 -1.04451 0.107945,0.409448 -1.04321 0.116423,0.409448 -1.04485 0.106775,0.251968 -1.04762 0.09995,0.409448 -1.04838 0.0985549,0.251968 -1.05238 0.0928166,0.409448 -1.05321 0.09186,0.251968 -1.05857 0.0868835,0.409448 -1.05946 0.0862191,0.251968 -1.0659 0.0824323,0.409448 -1.06655 0.082134,0.251968 -1.07402 0.0796742,0.409448 -1.07418 0.0796418,0.409448 -1.07835 0.0789663,0.251968 -1.08255 0.07874,0.409448 -1.08255 0.07874]
}}
appearance Appearance{material Material{diffuseColor 1 0.807843 0.498039
transparency 0}}}
Shape { geometry IndexedFaceSet 
{ creaseAngle 0.50 coordIndex [0,1,2,-1,0,3,1,-1,4,2,5,-1,4,0,2,-1,6,5,7,-1,6,4,5,-1,8,7,9,-1,8,6,7,-1,10,9,11,-1,10,8,9,-1,12,11,13,-1,12,10,11,-1,14,13,15,-1,14,12,13,-1]
coord Coordinate { point [-1.32087 3.05118 0.435234,-1.31889 2.99212 0.452755,-1.32087 2.99212 0.435234,-1.31889 3.05117 0.452755,-1.32669 3.05118 0.418591,-1.32669 2.99212 0.418591,-1.33607 3.05118 0.403661,-1.33607 2.99212 0.403661,-1.34854 3.05118 0.391194,-1.34854 2.99212 0.391194,-1.36347 3.05118 0.381813,-1.36347 2.99212 0.381813,-1.38011 3.05118 0.375989,-1.38011 2.99212 0.375989,-1.39764 3.05117 0.374015,-1.39764 2.99212 0.374015]
}}
appearance Appearance{material Material{diffuseColor 1 1 1
transparency 0}}}
Shape { geometry IndexedFaceSet 
{ creaseAngle 0.50 coordIndex [0,1,2,-1,3,2,4,-1,3,0,2,-1,5,4,6,-1,5,3,4,-1,7,6,8,-1,7,5,6,-1,9,8,10,-1,9,7,8,-1,11,10,12,-1,11,9,10,-1,13,11,12,-1,14,12,15,-1,14,13,12,-1]
coord Coordinate { point [-0.0727817 1.21337 0.464892,-0.0727817 0.91799 0.393739,-0.0650794 0.91835 0.39302,-0.064021 1.2136 0.463933,-0.0576755 0.919049 0.390849,-0.0556997 1.21428 0.461102,-0.0495704 0.920284 0.386481,-0.0482349 1.21538 0.456542,-0.0427641 0.921891 0.380372,-0.042001 1.21684 0.450481,-0.0376604 0.923778 0.372845,-0.0373105 1.21859 0.443224,-0.0344782 0.925826 0.36436,-0.0343988 1.22054 0.435134,-0.0334117 1.22259 0.426617,-0.033412 0.927917 0.355375]
}}
appearance Appearance{material Material{diffuseColor 1 0.807843 0.498039
transparency 0}}}
Shape { geometry IndexedFaceSet 
{ creaseAngle 0.50 coordIndex [0,1,2,-1,2,3,4,-1,1,3,2,-1,4,5,6,-1,3,5,4,-1,6,7,8,-1,5,7,6,-1,8,9,10,-1,7,9,8,-1,10,11,12,-1,9,11,10,-1,11,13,12,-1,12,14,15,-1,13,14,12,-1]
coord Coordinate { point [-2.00787 2.62254 0.60148,-2.00787 2.62066 0.581885,-2.00688 2.63126 0.600641,-2.00688 2.62938 0.581046,-2.00397 2.63955 0.599845,-2.00397 2.63766 0.58025,-1.99928 2.64698 0.59913,-1.99928 2.64509 0.579536,-1.99305 2.65318 0.598534,-1.99305 2.6513 0.578939,-1.98558 2.65785 0.598085,-1.98558 2.65597 0.57849,-1.97726 2.66075 0.597806,-1.97726 2.65887 0.578211,-1.9685 2.65985 0.578117,-1.9685 2.66173 0.597711]
}}
appearance Appearance{material Material{diffuseColor 1 1 1
transparency 0}}}
Shape { geometry IndexedFaceSet 
{ creaseAngle 0.50 coordIndex [0,1,2,-1,0,2,3,-1]
coord Coordinate { point [-2.69685 0.541337 0.03937,-2.69685 -1.47638 0.03937,-2.7559 -1.47638 0.03937,-2.7559 0.541337 0.03937]
}}
appearance Appearance{material Material{diffuseColor 1 1 1
transparency 0}}}
Shape { geometry IndexedFaceSet 
{ creaseAngle 0.50 coordIndex [0,1,2,-1,0,2,3,-1]
coord Coordinate { point [0.625983 1.75196 0.019685,0.625983 1.75196 0.120078,0.625983 -0.137795 0.120078,0.625983 -0.137795 0.019685]
}}
appearance Appearance{material Material{diffuseColor 0.411765 0.411765 0.411765
transparency 0}}}
Shape { geometry IndexedFaceSet 
{ creaseAngle 0.50 coordIndex [0,1,2,-1,2,1,3,-1,4,5,6,-1,7,5,4,-1,8,9,0,-1,0,9,1,-1,6,10,8,-1,5,10,6,-1,8,10,9,-1,11,12,13,-1,12,14,13,-1,15,16,17,-1,18,19,15,-1,15,19,16,-1,17,20,21,-1,16,20,17,-1,22,23,18,-1,18,23,19,-1,21,24,25,-1,20,24,21,-1,11,26,22,-1,22,26,23,-1,27,28,29,-1,30,28,27,-1,25,31,32,-1,24,31,25,-1,11,13,26,-1,2,3,33,-1,33,3,30,-1,30,3,28,-1,32,7,4,-1,31,7,32,-1]
coord Coordinate { point [-0.614172 -1.05857 0.0868835,-0.614172 -1.04093 0.0289157,-0.614172 -1.0659 0.0824323,-0.614172 -1.06123 0.0220204,-0.614172 -1.04451 0.107945,-0.614172 -0.99522 0.07271,-0.614172 -1.04762 0.09995,-0.614172 -0.987461 0.0926979,-0.614172 -1.05238 0.0928166,-0.614172 -1.02261 0.0400438,-0.614172 -1.00712 0.0548765,-0.614172 -0.94488 0.210629,-0.614172 -0.807085 0.210629,-0.614172 -0.94488 0.151574,-0.614172 -0.807085 0.151574,-0.614172 -1.00482 0.190271,-0.614172 -0.97505 0.137498,-0.614172 -1.02031 0.175438,-0.614172 -0.986496 0.201399,-0.614172 -0.968857 0.143431,-0.614172 -0.979812 0.130365,-0.614172 -1.03221 0.157605,-0.614172 -0.966194 0.208294,-0.614172 -0.961526 0.147882,-0.614172 -0.982915 0.122369,-0.614172 -1.03997 0.137617,-0.614172 -0.953405 0.15064,-0.614172 -1.57874 0.07874,-0.614172 -1.08255 0.019685,-0.614172 -1.57874 0.019685,-0.614172 -1.08255 0.07874,-0.614172 -0.984214 0.113892,-0.614172 -1.04321 0.116423,-0.614172 -1.07402 0.0796742]
}}
appearance Appearance{material Material{diffuseColor 1 0.807843 0.498039
transparency 0}}}
Shape { geometry IndexedFaceSet 
{ creaseAngle 0.50 coordIndex [0,1,2,-1,0,3,1,-1,4,2,5,-1,4,0,2,-1,6,5,7,-1,6,4,5,-1,8,7,9,-1,8,6,7,-1,10,9,11,-1,10,8,9,-1,12,11,13,-1,12,10,11,-1,14,13,15,-1,14,12,13,-1]
coord Coordinate { point [0.801032 1.59987 0.519709,0.793358 1.52394 0.551701,0.802119 1.52356 0.550788,0.793358 1.60016 0.520428,0.80841 1.59901 0.517622,0.81044 1.52246 0.548094,0.816493 1.5973 0.513458,0.817905 1.52068 0.543755,0.823291 1.59492 0.507658,0.824139 1.51831 0.537987,0.828405 1.592 0.500527,0.828829 1.51548 0.531081,0.831615 1.5887 0.492498,0.831741 1.51232 0.523382,0.832728 1.58522 0.484004,0.832728 1.50899 0.515277]
}}
appearance Appearance{material Material{diffuseColor 1 0.807843 0.498039
transparency 0}}}
Shape { geometry IndexedFaceSet 
{ creaseAngle 0.50 coordIndex [0,1,2,-1,2,1,3,-1]
coord Coordinate { point [2.79527 0.688975 0.303149,2.79527 0.846455 0.303149,2.67716 0.688975 0.303149,2.67716 0.846455 0.303149]
}}
appearance Appearance{material Material{diffuseColor 0.411765 0.411765 0.411765
transparency 0}}}
Shape { geometry IndexedFaceSet 
{ creaseAngle 0.50 coordIndex [0,1,2,-1,2,1,3,-1,3,1,4,-1,4,1,5,-1,5,1,6,-1,7,8,9,-1,9,8,1,-1,1,8,6,-1,7,10,8,-1,10,11,8,-1,12,13,10,-1,10,14,11,-1,13,15,10,-1,10,15,14,-1]
coord Coordinate { point [2.43988 0.392158 0.57021,2.42125 0.3937 0.571828,2.45745 0.387621 0.565448,2.47297 0.380345 0.557812,2.48554 0.370745 0.547735,2.49447 0.359364 0.535791,2.49925 0.346849 0.522655,1.98057 0.393444 0.571559,1.91019 0.346849 0.522655,1.98819 0.3937 0.571828,1.97302 0.392681 0.570758,1.91435 0.358247 0.534618,1.96126 0.390427 0.568393,1.94598 0.385237 0.562946,1.92196 0.368762 0.545654,1.93267 0.377901 0.555246]
}}
appearance Appearance{material Material{diffuseColor 1 1 1
transparency 0}}}
Shape { geometry IndexedFaceSet 
{ creaseAngle 0.50 coordIndex [0,1,2,-1,3,2,4,-1,3,0,2,-1,5,4,6,-1,5,3,4,-1,7,6,8,-1,7,5,6,-1,9,8,10,-1,9,7,8,-1,11,10,12,-1,11,9,10,-1,13,12,14,-1,13,11,12,-1,15,13,14,-1]
coord Coordinate { point [-1.4311 1.1664 0.476845,-1.4311 1.29562 0.544665,-1.43986 1.29607 0.543791,-1.43986 1.16686 0.475971,-1.44818 1.29743 0.541213,-1.44818 1.16821 0.473392,-1.45565 1.29961 0.53706,-1.45565 1.17039 0.469239,-1.46188 1.3025 0.53154,-1.46188 1.17329 0.46372,-1.46657 1.30597 0.52493,-1.46657 1.17676 0.45711,-1.46948 1.30984 0.517562,-1.46948 1.18062 0.449742,-1.47047 1.31391 0.509805,-1.47047 1.18469 0.441985]
}}
appearance Appearance{material Material{diffuseColor 1 0.807843 0.498039
transparency 0}}}
Shape { geometry IndexedFaceSet 
{ creaseAngle 0.50 coordIndex [0,1,2,-1,1,3,2,-1]
coord Coordinate { point [-0.452755 -0.55118 0.263779,-0.452755 -0.3937 0.263779,-0.452755 -0.55118 0.210629,-0.452755 -0.3937 0.210629]
}}
appearance Appearance{material Material{diffuseColor 0.411765 0.411765 0.411765
transparency 0}}}
Shape { geometry IndexedFaceSet 
{ creaseAngle 0.50 coordIndex [0,1,2,-1,2,1,3,-1]
coord Coordinate { point [-2.7559 0.935037 0.255905,-2.7559 0.935037 0.098425,-2.69685 0.935037 0.255905,-2.69685 0.935037 0.098425]
}}
appearance Appearance{material Material{diffuseColor 1 1 1
transparency 0}}}
Shape { geometry IndexedFaceSet 
{ creaseAngle 0.50 coordIndex [0,1,2,-1,0,3,1,-1,4,2,5,-1,4,0,2,-1,6,5,7,-1,6,4,5,-1,8,7,9,-1,8,6,7,-1,10,9,11,-1,10,8,9,-1,12,11,13,-1,12,10,11,-1,14,13,15,-1,14,12,13,-1]
coord Coordinate { point [-2.7559 2.95127 0.085284,-2.69685 2.95275 0.098425,-2.69684 2.95127 0.085284,-2.7559 2.95275 0.098425,-2.7559 2.9469 0.072802,-2.69684 2.9469 0.072802,-2.7559 2.93987 0.0616048,-2.69684 2.93987 0.0616048,-2.7559 2.93052 0.0522539,-2.69684 2.93052 0.0522539,-2.7559 2.91932 0.0452183,-2.69684 2.91932 0.0452183,-2.7559 2.90684 0.0408506,-2.69684 2.90684 0.0408506,-2.7559 2.89369 0.03937,-2.69685 2.89369 0.03937]
}}
appearance Appearance{material Material{diffuseColor 1 1 1
transparency 0}}}
Shape { geometry IndexedFaceSet 
{ creaseAngle 0.50 coordIndex [0,1,2,-1,3,0,2,-1,4,2,5,-1,4,3,2,-1,6,5,7,-1,6,4,5,-1]
coord Coordinate { point [-1.75196 1.19234 0.738993,-2.14567 1.19234 0.738993,-2.14566 1.12964 0.744012,-1.75196 1.12964 0.744012,-1.75196 1.06682 0.747025,-2.14566 1.06682 0.747025,-1.75196 1.00393 0.74803,-2.14567 1.00393 0.74803]
}}
appearance Appearance{material Material{diffuseColor 1 1 1
transparency 0}}}
Shape { geometry IndexedFaceSet 
{ creaseAngle 0.50 coordIndex [0,1,2,-1,0,2,3,-1]
coord Coordinate { point [-0.255905 2.95275 0.688975,-0.255905 2.81495 0.688975,-0.334645 2.81495 0.688975,-0.334645 2.95275 0.688975]
}}
appearance Appearance{material Material{diffuseColor 1 1 1
transparency 0}}}
Shape { geometry IndexedFaceSet 
{ creaseAngle 0.50 coordIndex [0,1,2,-1,3,0,2,-1,4,2,5,-1,4,3,2,-1,6,5,7,-1,6,4,5,-1]
coord Coordinate { point [0.492125 1.19234 0.738993,0.098425 1.19234 0.738993,0.098425 1.12964 0.744012,0.492125 1.12964 0.744012,0.492125 1.06682 0.747025,0.098425 1.06682 0.747025,0.492125 1.00393 0.74803,0.098425 1.00393 0.74803]
}}
appearance Appearance{material Material{diffuseColor 1 1 1
transparency 0}}}
Shape { geometry IndexedFaceSet 
{ creaseAngle 0.50 coordIndex [0,1,2,-1,3,1,0,-1]
coord Coordinate { point [-2.18504 -0.55118 0.151574,-2.18504 -0.3937 0.019685,-2.18504 -0.55118 0.019685,-2.18504 -0.3937 0.151574]
}}
appearance Appearance{material Material{diffuseColor 0.411765 0.411765 0.411765
transparency 0}}}
Shape { geometry IndexedFaceSet 
{ creaseAngle 0.50 coordIndex [0,1,2,-1,3,2,4,-1,3,0,2,-1,5,4,6,-1,5,3,4,-1,7,5,6,-1,8,6,9,-1,8,7,6,-1,10,9,11,-1,10,8,9,-1,12,11,13,-1,12,10,11,-1,14,13,15,-1,14,12,13,-1]
coord Coordinate { point [0.23622 2.36311 0.567097,0.23622 2.36122 0.547502,0.237207 2.3525 0.548341,0.237207 2.35439 0.567935,0.240119 2.34422 0.549137,0.240119 2.3461 0.568732,0.244809 2.33679 0.549852,0.244809 2.33867 0.569446,0.251043 2.33247 0.570043,0.251043 2.33058 0.550448,0.258508 2.3278 0.570492,0.258508 2.32591 0.550897,0.266829 2.3249 0.570771,0.266829 2.32302 0.551176,0.27559 2.32392 0.570865,0.27559 2.32203 0.55127]
}}
appearance Appearance{material Material{diffuseColor 0.792157 0.819608 0.933333
transparency 0}}}
Shape { geometry IndexedFaceSet 
{ creaseAngle 0.50 coordIndex [0,1,2,-1,2,1,3,-1,3,4,5,-1,5,4,6,-1,1,4,3,-1,4,7,6,-1]
coord Coordinate { point [0.934164 -1.05662 0.74803,0.925237 -1.02958 0.74803,0.934164 -1.05662 0.688975,0.925237 -1.02958 0.688975,0.913905 -1.00346 0.74803,0.913905 -1.00346 0.688975,0.90026 -0.978463 0.688975,0.90026 -0.978463 0.74803]
}}
appearance Appearance{material Material{diffuseColor 1 1 1
transparency 0}}}
Shape { geometry IndexedFaceSet 
{ creaseAngle 0.50 coordIndex [0,1,2,-1,3,4,5,-1,5,6,7,-1,4,6,5,-1,1,8,2,-1,9,10,1,-1,1,10,8,-1,6,11,7,-1,12,13,9,-1,9,13,10,-1,7,14,15,-1,11,14,7,-1,16,17,12,-1,12,17,13,-1,15,18,19,-1,19,18,16,-1,16,18,17,-1,14,18,15,-1]
coord Coordinate { point [-2.53937 -2.63779 0.066929,-2.65748 -2.63779 0.066929,-2.53937 -2.63779 0.007874,-2.69685 -2.63779 0.15748,-2.7559 -2.63779 0.15748,-2.69685 -2.63779 0.106299,-2.7559 -2.63779 0.106299,-2.69586 -2.63779 0.0975384,-2.65748 -2.63779 0.007874,-2.66624 -2.63779 0.0679161,-2.67938 -2.63779 0.0103417,-2.75343 -2.63779 0.0843974,-2.67456 -2.63779 0.0708279,-2.70018 -2.63779 0.0176211,-2.74615 -2.63779 0.063594,-2.69295 -2.63779 0.089217,-2.68202 -2.63779 0.0755183,-2.71884 -2.63779 0.0293472,-2.73443 -2.63779 0.044932,-2.68826 -2.63779 0.0817522]
}}
appearance Appearance{material Material{diffuseColor 1 1 1
transparency 0}}}
Shape { geometry IndexedFaceSet 
{ creaseAngle 0.50 coordIndex [0,1,2,-1,0,3,1,-1,3,4,1,-1]
coord Coordinate { point [1.92913 -2.63779 0.74803,1.83071 -2.63779 0.688975,1.92913 -2.63779 0.688975,1.52716 -2.63779 0.74803,1.52716 -2.63779 0.688975]
}}
appearance Appearance{material Material{diffuseColor 1 1 1
transparency 0}}}
Shape { geometry IndexedFaceSet 
{ creaseAngle 0.50 coordIndex [0,1,2,-1,2,1,3,-1]
coord Coordinate { point [-2.7559 -1.53543 0.177165,-2.7559 -1.53543 0.098425,-2.69685 -1.53543 0.177165,-2.69685 -1.53543 0.098425]
}}
appearance Appearance{material Material{diffuseColor 1 1 1
transparency 0}}}
Shape { geometry IndexedFaceSet 
{ creaseAngle 0.50 coordIndex [0,1,2,-1,2,1,3,-1,3,4,5,-1,1,4,3,-1,5,6,7,-1,4,6,5,-1,7,8,9,-1,6,8,7,-1,9,10,11,-1,8,10,9,-1,11,12,13,-1,10,12,11,-1,13,14,15,-1,12,14,13,-1]
coord Coordinate { point [2.69685 0.875982 0.31496,2.69685 0.889123 0.313479,2.7559 0.875982 0.31496,2.7559 0.889123 0.313479,2.69685 0.901606 0.309112,2.7559 0.901606 0.309112,2.69685 0.912803 0.302076,2.7559 0.912803 0.302076,2.69685 0.922154 0.292725,2.7559 0.922154 0.292725,2.69685 0.929189 0.281528,2.7559 0.929189 0.281528,2.69685 0.933557 0.269046,2.7559 0.933557 0.269046,2.69685 0.935037 0.255905,2.7559 0.935037 0.255905]
}}
appearance Appearance{material Material{diffuseColor 1 1 1
transparency 0}}}
Shape { geometry IndexedFaceSet 
{ creaseAngle 0.50 coordIndex [0,1,2,-1,1,3,2,-1,2,4,5,-1,3,4,2,-1,5,6,7,-1,7,6,8,-1,4,6,5,-1,6,9,8,-1,8,10,11,-1,9,10,8,-1,11,12,13,-1,10,12,11,-1,13,14,15,-1,12,14,13,-1]
coord Coordinate { point [-2.63779 2.95275 0.688975,-2.63779 -2.63779 0.688975,-2.65093 2.95275 0.687494,-2.65093 -2.63779 0.687494,-2.66341 -2.63779 0.683127,-2.66341 2.95275 0.683127,-2.67461 -2.63779 0.676091,-2.67461 2.95275 0.676091,-2.68396 2.95275 0.66674,-2.68396 -2.63779 0.66674,-2.691 -2.63779 0.655543,-2.691 2.95275 0.655543,-2.69536 -2.63779 0.643061,-2.69536 2.95275 0.643061,-2.69685 -2.63779 0.62992,-2.69685 2.95275 0.62992]
}}
appearance Appearance{material Material{diffuseColor 1 1 1
transparency 0}}}
Shape { geometry IndexedFaceSet 
{ creaseAngle 0.50 coordIndex [0,1,2,-1,0,3,4,-1,0,4,1,-1,5,6,7,-1,5,7,8,-1,9,10,11,-1,9,2,10,-1,12,11,6,-1,12,9,11,-1,13,8,14,-1,13,5,8,-1,15,16,3,-1,15,3,0,-1,15,0,2,-1,15,2,9,-1,17,16,15,-1,17,9,12,-1,17,15,9,-1,18,19,20,-1,18,14,19,-1,18,13,14,-1,21,6,5,-1,21,12,6,-1,22,18,20,-1,23,21,5,-1,23,5,13,-1,24,20,25,-1,24,22,20,-1,26,27,16,-1,26,12,21,-1,26,16,17,-1,26,17,12,-1,28,13,18,-1,28,23,13,-1,29,30,31,-1,32,26,21,-1,32,21,23,-1,32,27,26,-1,33,34,35,-1,36,18,22,-1,36,28,18,-1,37,35,38,-1,39,22,24,-1,37,33,35,-1,39,36,22,-1,40,41,27,-1,40,27,32,-1,40,32,23,-1,42,37,38,-1,40,23,28,-1,7,38,43,-1,44,41,40,-1,44,28,36,-1,7,42,38,-1,44,40,28,-1,45,24,25,-1,45,25,46,-1,47,34,33,-1,45,39,24,-1,48,36,39,-1,10,33,37,-1,48,41,44,-1,48,44,36,-1,10,47,33,-1,49,45,46,-1,50,51,41,-1,50,41,48,-1,50,39,45,-1,8,7,43,-1,50,48,39,-1,52,46,53,-1,52,49,46,-1,1,34,47,-1,54,51,50,-1,54,45,49,-1,54,50,45,-1,11,37,42,-1,11,10,37,-1,55,51,54,-1,14,43,56,-1,55,49,52,-1,55,54,49,-1,14,8,43,-1,57,30,51,-1,57,53,58,-1,57,51,55,-1,57,52,53,-1,2,1,47,-1,57,55,52,-1,2,47,10,-1,59,30,57,-1,59,57,58,-1,60,58,31,-1,60,31,30,-1,6,42,7,-1,60,59,58,-1,6,11,42,-1,60,30,59,-1,4,3,34,-1,4,34,1,-1,19,56,61,-1,19,61,20,-1,19,14,56,-1]
coord Coordinate { point [0.819341 1.61467 0.481225,0.818647 1.61505 0.479474,0.8182 1.61554 0.480356,0.820499 1.61365 0.481808,0.819646 1.61428 0.480236,0.80619 1.62236 0.486381,0.810384 1.62071 0.483202,0.807138 1.62117 0.475769,0.802033 1.62295 0.476863,0.815125 1.61798 0.485685,0.816368 1.61663 0.478173,0.811973 1.61985 0.481931,0.813958 1.61859 0.487458,0.803547 1.62301 0.48827,0.798882 1.62367 0.477589,0.817085 1.61647 0.487178,0.81844 1.61491 0.490288,0.816181 1.61688 0.489151,0.799914 1.62345 0.49074,0.794624 1.6242 0.478626,0.793288 1.62446 0.487282,0.810766 1.61965 0.491831,0.798752 1.62349 0.491501,0.808683 1.61997 0.494387,0.796199 1.62341 0.493124,0.79336 1.62305 0.494851,0.813613 1.61746 0.493999,0.815124 1.61467 0.498453,0.805739 1.62 0.497677,0.793358 1.60016 0.520428,0.799553 1.60552 0.517163,0.793139 1.60873 0.51513,0.811877 1.61751 0.49682,0.81558 1.61621 0.474218,0.821197 1.61097 0.473438,0.815231 1.6155 0.471579,0.804778 1.61992 0.498678,0.814703 1.61686 0.474361,0.808425 1.61887 0.470198,0.802639 1.6196 0.500795,0.809362 1.61722 0.500436,0.810716 1.61296 0.505893,0.809109 1.62025 0.475375,0.801039 1.62094 0.469348,0.808527 1.61704 0.501533,0.800212 1.619 0.503017,0.793311 1.62024 0.502052,0.81704 1.616 0.47756,0.806645 1.61652 0.503846,0.796916 1.61784 0.505754,0.804474 1.61573 0.506264,0.805437 1.60986 0.512236,0.79613 1.61751 0.506361,0.793139 1.61605 0.508532,0.801471 1.61434 0.509224,0.800746 1.61396 0.509876,0.793358 1.62164 0.469061,0.797955 1.61233 0.512181,0.793098 1.61282 0.511895,0.795707 1.61084 0.513805,0.794477 1.60996 0.51461,0.793277 1.62428 0.478965]
}}
appearance Appearance{material Material{diffuseColor 1 0.807843 0.498039
transparency 0}}}
Shape { geometry IndexedFaceSet 
{ creaseAngle 0.50 coordIndex [0,1,2,-1,3,0,2,-1,4,5,6,-1,7,6,0,-1,7,0,3,-1,7,4,6,-1,8,3,9,-1,8,7,3,-1,10,9,11,-1,10,8,9,-1,12,11,13,-1,12,10,11,-1,14,13,15,-1,14,12,13,-1,16,15,17,-1,16,14,15,-1]
coord Coordinate { point [-0.131942 1.23489 0.471992,-0.131942 1.24514 0.476845,-0.140703 1.2456 0.475971,-0.149024 1.24695 0.473392,-0.140703 1.2136 0.463933,-0.131942 1.21337 0.464892,-0.131942 1.22428 0.467999,-0.149024 1.21428 0.461102,-0.156489 1.21538 0.456542,-0.156489 1.24913 0.469239,-0.162723 1.21684 0.450481,-0.162723 1.25203 0.46372,-0.167413 1.21859 0.443224,-0.167413 1.2555 0.45711,-0.170325 1.22054 0.435134,-0.170325 1.25936 0.449742,-0.171312 1.22259 0.426617,-0.171312 1.26343 0.441985]
}}
appearance Appearance{material Material{diffuseColor 1 0.807843 0.498039
transparency 0}}}
Shape { geometry IndexedFaceSet 
{ creaseAngle 0.50 coordIndex [0,1,2,-1,0,3,1,-1,4,2,5,-1,4,0,2,-1]
coord Coordinate { point [-2.33666 1.27258 0.424554,-2.19876 1.25794 0.417623,-2.19876 1.24278 0.411918,-2.19876 1.27258 0.424554,-2.33666 1.2272 0.407479,-2.19876 1.2272 0.407479]
}}
appearance Appearance{material Material{diffuseColor 1 0.807843 0.498039
transparency 0}}}
Shape { geometry IndexedFaceSet 
{ creaseAngle 0.50 coordIndex [0,1,2,-1,2,1,3,-1]
coord Coordinate { point [-1.90945 -0.3937 0.263779,-1.90945 -0.3937 0.210629,-1.75197 -0.3937 0.263779,-1.75197 -0.3937 0.210629]
}}
appearance Appearance{material Material{diffuseColor 0.411765 0.411765 0.411765
transparency 0}}}
Shape { geometry IndexedFaceSet 
{ creaseAngle 0.50 coordIndex [0,1,2,-1,0,2,3,-1,4,3,5,-1,4,0,3,-1,6,5,7,-1,6,4,5,-1,8,7,9,-1,8,6,7,-1,10,9,11,-1,10,8,9,-1,12,11,13,-1,12,10,11,-1,14,13,15,-1,14,12,13,-1]
coord Coordinate { point [-2.67765 -2.30753 0.43307,-2.67716 -2.30314 0.43307,-2.67716 -2.30314 0.519684,-2.67765 -2.30753 0.519684,-2.67911 -2.31169 0.43307,-2.67911 -2.31169 0.519684,-2.68145 -2.31542 0.43307,-2.68145 -2.31542 0.519684,-2.68457 -2.31854 0.43307,-2.68457 -2.31854 0.519684,-2.6883 -2.32088 0.43307,-2.6883 -2.32088 0.519684,-2.69246 -2.32234 0.43307,-2.69246 -2.32234 0.519684,-2.69685 -2.32283 0.43307,-2.69685 -2.32283 0.519684]
}}
appearance Appearance{material Material{diffuseColor 1 1 1
transparency 0}}}
Shape { geometry IndexedFaceSet 
{ creaseAngle 0.50 coordIndex [0,1,2,-1,2,1,3,-1]
coord Coordinate { point [2.18504 2.95275 0.492125,2.18504 2.95275 0.255905,2.18504 2.89369 0.492125,2.18504 2.89369 0.255905]
}}
appearance Appearance{material Material{diffuseColor 1 1 1
transparency 0}}}
Shape { geometry IndexedFaceSet 
{ creaseAngle 0.50 coordIndex [0,1,2,-1,0,3,1,-1,4,2,5,-1,4,0,2,-1,6,5,7,-1,6,4,5,-1,8,7,9,-1,8,6,7,-1,10,9,11,-1,10,8,9,-1,12,11,13,-1,12,10,11,-1,14,13,15,-1,14,12,13,-1]
coord Coordinate { point [-2.42422 -2.54596 0.007874,-2.42126 -2.51968 0.066929,-2.42422 -2.54596 0.066929,-2.42126 -2.51968 0.007874,-2.43295 -2.57093 0.007874,-2.43295 -2.57093 0.066929,-2.44702 -2.59332 0.007874,-2.44702 -2.59332 0.066929,-2.46572 -2.61202 0.007874,-2.46572 -2.61202 0.066929,-2.48812 -2.62609 0.007874,-2.48812 -2.62609 0.066929,-2.51308 -2.63483 0.007874,-2.51308 -2.63483 0.066929,-2.53937 -2.63779 0.007874,-2.53937 -2.63779 0.066929]
}}
appearance Appearance{material Material{diffuseColor 1 1 1
transparency 0}}}
Shape { geometry IndexedFaceSet 
{ creaseAngle 0.50 coordIndex [0,1,2,-1,0,3,1,-1,4,2,5,-1,4,0,2,-1,6,5,7,-1,6,4,5,-1,8,7,9,-1,8,6,7,-1,10,9,11,-1,10,8,9,-1,12,11,13,-1,12,10,11,-1,14,13,15,-1,14,12,13,-1]
coord Coordinate { point [-1.91338 -0.987461 0.0926979,-1.7559 -0.984214 0.113892,-1.7559 -0.987461 0.0926979,-1.91338 -0.984214 0.113892,-1.91338 -0.99522 0.07271,-1.7559 -0.99522 0.07271,-1.91338 -1.00712 0.0548765,-1.7559 -1.00712 0.0548765,-1.91338 -1.02261 0.0400438,-1.7559 -1.02261 0.0400438,-1.91338 -1.04093 0.0289157,-1.7559 -1.04093 0.0289157,-1.91338 -1.06123 0.0220204,-1.7559 -1.06123 0.0220204,-1.91338 -1.08255 0.019685,-1.7559 -1.08255 0.019685]
}}
appearance Appearance{material Material{diffuseColor 1 0.807843 0.498039
transparency 0}}}
Shape { geometry IndexedFaceSet 
{ creaseAngle 0.50 coordIndex [0,1,2,-1,1,3,2,-1,2,4,5,-1,3,4,2,-1,5,6,7,-1,4,6,5,-1,7,8,9,-1,6,8,7,-1,9,10,11,-1,8,10,9,-1,11,12,13,-1,10,12,11,-1,13,14,15,-1,12,14,13,-1]
coord Coordinate { point [-2.7559 0.659447 0.31496,-2.69685 0.659447 0.31496,-2.7559 0.646307 0.313479,-2.69684 0.646307 0.313479,-2.69684 0.633824 0.309112,-2.7559 0.633824 0.309112,-2.69684 0.622627 0.302076,-2.7559 0.622627 0.302076,-2.69684 0.613276 0.292725,-2.7559 0.613276 0.292725,-2.69684 0.606241 0.281528,-2.7559 0.606241 0.281528,-2.69684 0.601873 0.269046,-2.7559 0.601873 0.269046,-2.69685 0.600392 0.255905,-2.7559 0.600392 0.255905]
}}
appearance Appearance{material Material{diffuseColor 1 1 1
transparency 0}}}
Shape { geometry IndexedFaceSet 
{ creaseAngle 0.50 coordIndex [0,1,2,-1,3,2,4,-1,3,0,2,-1,5,4,6,-1,5,3,4,-1,7,6,8,-1,7,5,6,-1,9,8,10,-1,9,7,8,-1,11,10,12,-1,11,9,10,-1,13,12,14,-1,13,11,12,-1,15,13,14,-1]
coord Coordinate { point [-0.56496 1.1664 0.476845,-0.56496 1.29562 0.544665,-0.57372 1.29607 0.543791,-0.57372 1.16686 0.475971,-0.582042 1.29743 0.541213,-0.582042 1.16821 0.473392,-0.589506 1.29961 0.53706,-0.589506 1.17039 0.469239,-0.59574 1.3025 0.53154,-0.59574 1.17329 0.46372,-0.600431 1.30597 0.52493,-0.600431 1.17676 0.45711,-0.603342 1.30984 0.517562,-0.603342 1.18062 0.449742,-0.604329 1.31391 0.509805,-0.60433 1.18469 0.441985]
}}
appearance Appearance{material Material{diffuseColor 1 0.807843 0.498039
transparency 0}}}
Shape { geometry IndexedFaceSet 
{ creaseAngle 0.50 coordIndex [0,1,2,-1,1,3,2,-1]
coord Coordinate { point [-1.3189 -0.3937 0.151574,-1.47638 -0.3937 0.151574,-1.3189 -0.3937 0.019685,-1.47638 -0.3937 0.019685]
}}
appearance Appearance{material Material{diffuseColor 0.411765 0.411765 0.411765
transparency 0}}}
Shape { geometry IndexedFaceSet 
{ creaseAngle 0.50 coordIndex [0,1,2,-1,0,3,1,-1,4,2,5,-1,4,0,2,-1,6,5,7,-1,6,4,5,-1,8,7,9,-1,8,6,7,-1,10,9,11,-1,10,8,9,-1,12,11,13,-1,12,10,11,-1,14,13,15,-1,14,12,13,-1]
coord Coordinate { point [-1.00577 0.918255 0.393001,-0.998082 1.21337 0.464892,-1.00684 1.2136 0.463933,-0.998082 0.917989 0.393739,-1.01315 0.918868 0.390822,-1.01516 1.21428 0.461102,-1.02124 0.920025 0.38646,-1.02263 1.21538 0.456542,-1.02804 0.921597 0.380373,-1.02886 1.21684 0.450481,-1.03315 0.923506 0.372888,-1.03355 1.21859 0.443224,-1.03636 0.925642 0.364458,-1.03647 1.22054 0.435134,-1.03745 0.927896 0.355543,-1.03745 1.22259 0.426617]
}}
appearance Appearance{material Material{diffuseColor 1 0.807843 0.498039
transparency 0}}}
Shape { geometry IndexedFaceSet 
{ creaseAngle 0.50 coordIndex [0,1,2,-1,0,3,1,-1]
coord Coordinate { point [2.6181 -0.11811 0.688975,2.57874 0.59055 0.688975,2.57873 -0.15748 0.688975,2.6181 0.59055 0.688975]
}}
appearance Appearance{material Material{diffuseColor 1 1 1
transparency 0}}}
Shape { geometry IndexedFaceSet 
{ creaseAngle 0.50 coordIndex [0,1,2,-1,1,3,2,-1]
coord Coordinate { point [-1.7559 -1.41732 0.059055,-1.91338 -1.41732 0.059055,-1.7559 -1.41732 0.03937,-1.91338 -1.41732 0.03937]
}}
appearance Appearance{material Material{diffuseColor 1 0.807843 0.498039
transparency 0}}}
Shape { geometry IndexedFaceSet 
{ creaseAngle 0.50 coordIndex [0,1,2,-1,0,3,1,-1]
coord Coordinate { point [-0.023622 -0.807085 0.151574,-0.181102 -0.94488 0.151574,-0.181102 -0.807085 0.151574,-0.023622 -0.94488 0.151574]
}}
appearance Appearance{material Material{diffuseColor 1 0.807843 0.498039
transparency 0}}}
Shape { geometry IndexedFaceSet 
{ creaseAngle 0.50 coordIndex [0,1,2,-1,0,3,1,-1,4,2,5,-1,4,0,2,-1,6,5,7,-1,6,4,5,-1,8,7,9,-1,8,6,7,-1,10,9,11,-1,10,8,9,-1,12,13,14,-1,12,11,13,-1,12,10,11,-1,15,12,14,-1]
coord Coordinate { point [-2.7559 -1.48952 0.0408506,-2.69685 -1.47638 0.03937,-2.69684 -1.48952 0.0408506,-2.7559 -1.47638 0.03937,-2.7559 -1.502 0.0452183,-2.69684 -1.502 0.0452183,-2.7559 -1.5132 0.0522539,-2.69684 -1.5132 0.0522539,-2.7559 -1.52255 0.0616048,-2.69684 -1.52255 0.0616048,-2.7559 -1.52958 0.072802,-2.69684 -1.52958 0.072802,-2.7559 -1.53395 0.085284,-2.69684 -1.53395 0.085284,-2.69685 -1.53543 0.098425,-2.7559 -1.53543 0.098425]
}}
appearance Appearance{material Material{diffuseColor 1 1 1
transparency 0}}}
Shape { geometry IndexedFaceSet 
{ creaseAngle 0.50 coordIndex [0,1,2,-1,0,3,1,-1,4,5,3,-1,3,5,1,-1,4,6,5,-1,7,8,4,-1,4,8,6,-1,9,10,7,-1,7,10,8,-1,9,11,10,-1,9,12,11,-1,12,13,11,-1,13,14,15,-1,12,14,13,-1,15,16,17,-1,14,16,15,-1,16,18,17,-1,17,19,20,-1,18,19,17,-1]
coord Coordinate { point [-0.334645 2.80511 0.74803,-0.334645 2.81495 0.688975,-0.334645 2.80511 0.688975,-0.334645 2.95275 0.74803,-0.334645 2.97465 0.745562,-0.334645 2.95275 0.688975,-0.334645 2.96151 0.687988,-0.334645 2.99546 0.738283,-0.334645 2.96983 0.685076,-0.334645 3.01412 0.726557,-0.334645 2.9773 0.680386,-0.334645 2.98353 0.674152,-0.334645 3.0297 0.710972,-0.334645 2.98822 0.666687,-0.334645 3.04143 0.69231,-0.334645 2.99113 0.658366,-0.334645 3.04871 0.671507,-0.334645 2.99212 0.649605,-0.334645 3.05117 0.649605,-0.334645 3.05117 0.452755,-0.334645 2.99212 0.452755]
}}
appearance Appearance{material Material{diffuseColor 1 1 1
transparency 0}}}
Shape { geometry IndexedFaceSet 
{ creaseAngle 0.50 coordIndex [0,1,2,-1,1,3,2,-1,1,4,3,-1,4,5,3,-1]
coord Coordinate { point [-2.34983 0.572609 0.249798,-2.36278 0.21031 0.162523,-2.3501 0.558782 0.30721,-2.36328 0.19648 0.219936,-2.36614 0.11811 0.151574,-2.36614 0.11811 0.210629]
}}
appearance Appearance{material Material{diffuseColor 0.792157 0.819608 0.933333
transparency 0}}}
Shape { geometry IndexedFaceSet 
{ creaseAngle 0.50 coordIndex [0,1,2,-1,2,1,3,-1,3,4,5,-1,1,4,3,-1,5,6,7,-1,4,6,5,-1,7,8,9,-1,6,8,7,-1,9,10,11,-1,8,10,9,-1,11,12,13,-1,10,12,11,-1,13,14,15,-1,12,14,13,-1]
coord Coordinate { point [2.69685 -1.49606 0.51181,2.69685 -1.48292 0.510329,2.7559 -1.49606 0.51181,2.7559 -1.48292 0.510329,2.69685 -1.47044 0.505962,2.7559 -1.47044 0.505962,2.69685 -1.45924 0.498926,2.7559 -1.45924 0.498926,2.69685 -1.44989 0.489575,2.7559 -1.44989 0.489575,2.69685 -1.44285 0.478378,2.7559 -1.44285 0.478378,2.69685 -1.43849 0.465896,2.7559 -1.43849 0.465896,2.69685 -1.43701 0.452755,2.7559 -1.43701 0.452755]
}}
appearance Appearance{material Material{diffuseColor 1 1 1
transparency 0}}}
Shape { geometry IndexedFaceSet 
{ creaseAngle 0.50 coordIndex [0,1,2,-1,3,0,2,-1]
coord Coordinate { point [-2.79527 -0.19685 0.244094,-2.67716 -0.19685 0.303149,-2.67716 -0.19685 0.185039,-2.79527 -0.19685 0.185039]
}}
appearance Appearance{material Material{diffuseColor 0.411765 0.411765 0.411765
transparency 0}}}
Shape { geometry IndexedFaceSet 
{ creaseAngle 0.50 coordIndex [0,1,2,-1,3,0,2,-1]
coord Coordinate { point [-1.04331 -0.3937 0.151574,-1.04331 -0.55118 0.151574,-1.04331 -0.55118 0.019685,-1.04331 -0.3937 0.019685]
}}
appearance Appearance{material Material{diffuseColor 0.411765 0.411765 0.411765
transparency 0}}}
Shape { geometry IndexedFaceSet 
{ creaseAngle 0.50 coordIndex [0,1,2,-1,3,4,1,-1,1,4,2,-1,5,6,3,-1,3,6,4,-1,7,8,5,-1,5,8,6,-1,9,10,7,-1,7,10,8,-1,9,11,10,-1]
coord Coordinate { point [1.90944 -0.0150726 0.524713,1.90944 0.264411 0.492762,1.90944 -0.0217801 0.46604,1.90945 0.284385 0.492519,1.90944 0.257703 0.434089,1.90945 0.303998 0.496314,1.90945 0.291285 0.433854,1.90945 0.32244 0.50399,1.90945 0.324153 0.440745,1.90944 0.338952 0.515233,1.90945 0.354813 0.454448,1.90944 0.38187 0.474341]
}}
appearance Appearance{material Material{diffuseColor 1 1 1
transparency 0}}}
Shape { geometry IndexedFaceSet 
{ creaseAngle 0.50 coordIndex [0,1,2,-1,3,1,0,-1]
coord Coordinate { point [-1.47638 -0.55118 0.210629,-1.3189 -0.3937 0.210629,-1.47638 -0.3937 0.210629,-1.3189 -0.55118 0.210629]
}}
appearance Appearance{material Material{diffuseColor 1 0.807843 0.498039
transparency 0}}}
Shape { geometry IndexedFaceSet 
{ creaseAngle 0.50 coordIndex [0,1,2,-1,2,1,3,-1,3,4,5,-1,5,4,6,-1,1,4,3,-1,4,7,6,-1]
coord Coordinate { point [-2.29729 1.24514 0.476845,-2.29729 1.23489 0.471992,-2.23813 1.24514 0.476845,-2.23813 1.23489 0.471992,-2.29729 1.22428 0.467999,-2.23813 1.22428 0.467999,-2.23813 1.21337 0.464892,-2.29729 1.21337 0.464892]
}}
appearance Appearance{material Material{diffuseColor 1 0.807843 0.498039
transparency 0}}}
Shape { geometry IndexedFaceSet 
{ creaseAngle 0.50 coordIndex [0,1,2,-1,1,3,2,-1]
coord Coordinate { point [-2.48031 -1.88976 0.106299,-2.79527 -1.88976 0.106299,-2.48031 -1.88976 0.019685,-2.79527 -1.88976 0.019685]
}}
appearance Appearance{material Material{diffuseColor 0.411765 0.411765 0.411765
transparency 0}}}
Shape { geometry IndexedFaceSet 
{ creaseAngle 0.50 coordIndex [0,1,2,-1,3,2,4,-1,3,0,2,-1,5,4,6,-1,5,3,4,-1,7,6,8,-1,7,5,6,-1,9,8,10,-1,9,7,8,-1,11,10,12,-1,11,12,13,-1,14,9,10,-1,14,10,11,-1,15,14,11,-1,16,14,15,-1,17,16,15,-1]
coord Coordinate { point [-0.899552 1.22259 0.426617,-0.899552 1.26343 0.441985,-0.900539 1.25936 0.449742,-0.900539 1.22054 0.435134,-0.903451 1.2555 0.45711,-0.903451 1.21859 0.443224,-0.908141 1.25203 0.46372,-0.908141 1.21684 0.450481,-0.914375 1.24913 0.469239,-0.914375 1.21538 0.456542,-0.92184 1.24695 0.473392,-0.938922 1.23489 0.471992,-0.930161 1.2456 0.475971,-0.938922 1.24514 0.476845,-0.92184 1.21428 0.461102,-0.938922 1.22428 0.467999,-0.930161 1.2136 0.463933,-0.938922 1.21337 0.464892]
}}
appearance Appearance{material Material{diffuseColor 1 0.807843 0.498039
transparency 0}}}
Shape { geometry IndexedFaceSet 
{ creaseAngle 0.50 coordIndex [0,1,2,-1,0,3,1,-1,4,2,5,-1,4,0,2,-1,6,5,7,-1,6,4,5,-1,8,7,9,-1,8,6,7,-1,10,9,11,-1,10,8,9,-1,12,11,13,-1,12,13,14,-1,12,10,11,-1,15,12,14,-1]
coord Coordinate { point [2.69685 -2.31235 0.0408506,2.7559 -2.29921 0.03937,2.7559 -2.31235 0.0408506,2.69685 -2.29921 0.03937,2.69685 -2.32483 0.0452183,2.7559 -2.32483 0.0452183,2.69685 -2.33603 0.0522539,2.7559 -2.33603 0.0522539,2.69685 -2.34538 0.0616048,2.7559 -2.34538 0.0616048,2.69685 -2.35241 0.072802,2.7559 -2.35241 0.072802,2.69685 -2.35678 0.085284,2.7559 -2.35678 0.085284,2.7559 -2.35826 0.098425,2.69685 -2.35826 0.098425]
}}
appearance Appearance{material Material{diffuseColor 1 1 1
transparency 0}}}
Shape { geometry IndexedFaceSet 
{ creaseAngle 0.50 coordIndex [0,1,2,-1,1,3,2,-1,1,4,3,-1,4,5,3,-1]
coord Coordinate { point [-0.617509 0.493863 0.249796,-0.630466 0.13157 0.162523,-0.617774 0.480042 0.30721,-0.630969 0.11774 0.219936,-0.633824 0.0393699 0.151574,-0.633826 0.0393699 0.210629]
}}
appearance Appearance{material Material{diffuseColor 1 0.807843 0.498039
transparency 0}}}
Shape { geometry IndexedFaceSet 
{ creaseAngle 0.50 coordIndex [0,1,2,-1,2,1,3,-1]
coord Coordinate { point [0.360288 1.53184 0.544665,0.301128 1.53184 0.544665,0.360288 1.40262 0.476845,0.301128 1.40262 0.476845]
}}
appearance Appearance{material Material{diffuseColor 1 0.807843 0.498039
transparency 0}}}
Shape { geometry IndexedFaceSet 
{ creaseAngle 0.50 coordIndex [0,1,2,-1,3,1,0,-1,2,4,5,-1,1,4,2,-1,5,6,7,-1,4,6,5,-1,7,8,9,-1,6,8,7,-1,9,10,11,-1,8,10,9,-1,11,12,13,-1,10,12,11,-1,13,14,15,-1,12,14,13,-1,16,17,15,-1,16,15,14,-1]
coord Coordinate { point [-0.830707 -0.137795 0.120078,-0.673227 1.75196 0.120078,-0.830707 1.75196 0.120078,-0.673227 -0.137795 0.120078,-0.671253 1.76949 0.120078,-0.832681 1.76949 0.120078,-0.665429 1.78613 0.120078,-0.838505 1.78613 0.120078,-0.656048 1.80106 0.120078,-0.847886 1.80106 0.120078,-0.643581 1.81353 0.120078,-0.860353 1.81353 0.120078,-0.628651 1.82291 0.120078,-0.875283 1.82291 0.120078,-0.612008 1.82873 0.120078,-0.891926 1.82873 0.120078,-0.594487 1.8307 0.120078,-0.909447 1.8307 0.120078]
}}
appearance Appearance{material Material{diffuseColor 0.411765 0.411765 0.411765
transparency 0}}}
Shape { geometry IndexedFaceSet 
{ creaseAngle 0.50 coordIndex [0,1,2,-1,1,3,2,-1,1,4,3,-1,4,5,3,-1]
coord Coordinate { point [0.248669 0.730089 0.249798,0.2358 0.36779 0.162523,0.248405 0.716262 0.30721,0.2353 0.35396 0.219936,0.232465 0.27559 0.151574,0.232453 0.27559 0.210629]
}}
appearance Appearance{material Material{diffuseColor 1 0.807843 0.498039
transparency 0}}}
Shape { geometry IndexedFaceSet 
{ creaseAngle 0.50 coordIndex [0,1,2,-1,0,3,1,-1]
coord Coordinate { point [-0.60433 1.32306 0.492375,-0.466535 1.19384 0.424554,-0.60433 1.19384 0.424554,-0.466535 1.32306 0.492375]
}}
appearance Appearance{material Material{diffuseColor 1 0.807843 0.498039
transparency 0}}}
Shape { geometry IndexedFaceSet 
{ creaseAngle 0.50 coordIndex [0,1,2,-1,2,1,3,-1,1,4,3,-1,4,5,3,-1,5,6,3,-1,6,7,3,-1,7,8,3,-1,8,9,3,-1,9,10,3,-1]
coord Coordinate { point [0.625983 -0.137795 0.120078,0.625983 1.75196 0.120078,0.468503 -0.137795 0.120078,0.468503 1.8307 0.120078,0.627957 1.76949 0.120078,0.633781 1.78613 0.120078,0.643162 1.80106 0.120078,0.655629 1.81353 0.120078,0.670559 1.82291 0.120078,0.687202 1.82873 0.120078,0.704723 1.8307 0.120078]
}}
appearance Appearance{material Material{diffuseColor 0.411765 0.411765 0.411765
transparency 0}}}
Shape { geometry IndexedFaceSet 
{ creaseAngle 0.50 coordIndex [0,1,2,-1,3,0,2,-1]
coord Coordinate { point [0.846455 -0.55118 0.151574,0.688975 -0.55118 0.151574,0.688975 -0.3937 0.151574,0.846455 -0.3937 0.151574]
}}
appearance Appearance{material Material{diffuseColor 0.411765 0.411765 0.411765
transparency 0}}}
Shape { geometry IndexedFaceSet 
{ creaseAngle 0.50 coordIndex [0,1,2,-1,3,0,2,-1,4,0,3,-1,5,4,3,-1]
coord Coordinate { point [-1.7391 0.19648 0.219936,-1.73625 0.11811 0.210629,-1.73625 0.11811 0.151574,-1.7396 0.21031 0.162523,-1.75227 0.558782 0.30721,-1.75254 0.572603 0.249796]
}}
appearance Appearance{material Material{diffuseColor 1 0.807843 0.498039
transparency 0}}}
Shape { geometry IndexedFaceSet 
{ creaseAngle 0.50 coordIndex [0,1,2,-1,2,3,4,-1,1,3,2,-1,4,5,6,-1,3,5,4,-1,6,7,8,-1,5,7,6,-1,8,9,10,-1,7,9,8,-1,10,11,12,-1,9,11,10,-1,12,13,14,-1,11,13,12,-1,13,15,14,-1]
coord Coordinate { point [-2.32677 1.8307 0.019685,-2.32677 1.8307 0.120078,-2.34429 1.82873 0.019685,-2.34429 1.82873 0.120078,-2.36093 1.82291 0.019685,-2.36093 1.82291 0.120078,-2.37586 1.81353 0.019685,-2.37586 1.81353 0.120078,-2.38833 1.80106 0.019685,-2.38833 1.80106 0.120078,-2.39771 1.78613 0.019685,-2.39771 1.78613 0.120078,-2.40353 1.76949 0.019685,-2.40353 1.76949 0.120078,-2.40551 1.75196 0.019685,-2.40551 1.75196 0.120078]
}}
appearance Appearance{material Material{diffuseColor 0.411765 0.411765 0.411765
transparency 0}}}
Shape { geometry IndexedFaceSet 
{ creaseAngle 0.50 coordIndex [0,1,2,-1,3,4,5,-1,6,4,3,-1,7,4,6,-1,8,4,7,-1,9,4,8,-1,1,4,9,-1,0,4,1,-1,4,10,5,-1]
coord Coordinate { point [1.94882 1.87007 0.19685,1.85039 2.65747 0.19685,1.85039 1.77165 0.19685,1.80581 2.72842 0.19685,1.94882 2.73621 0.19685,1.78917 2.73424 0.19685,1.82074 2.71904 0.19685,1.83321 2.70657 0.19685,1.84259 2.69164 0.19685,1.84842 2.675 0.19685,1.77165 2.73621 0.19685]
}}
appearance Appearance{material Material{diffuseColor 0.411765 0.411765 0.411765
transparency 0}}}
Shape { geometry IndexedFaceSet 
{ creaseAngle 0.50 coordIndex [0,1,2,-1,3,4,5,-1,3,6,4,-1,3,2,6,-1,3,0,2,-1,7,8,9,-1,7,5,8,-1,7,3,5,-1,10,11,12,-1,10,9,11,-1,10,7,9,-1,13,14,15,-1,13,12,14,-1,13,10,12,-1,16,15,17,-1,16,13,15,-1,18,17,19,-1,18,16,17,-1,20,19,21,-1,20,18,19,-1]
coord Coordinate { point [0.793358 0.91799 0.393739,0.795572 0.857113 0.379074,0.800298 0.85717 0.378838,0.801061 0.91835 0.39302,0.80479 0.85734 0.378132,0.809033 0.857622 0.376962,0.802566 0.857241 0.378545,0.808465 0.919049 0.390849,0.811861 0.857885 0.375867,0.816407 0.85846 0.373483,0.81657 0.920284 0.386481,0.818928 0.858872 0.371773,0.823626 0.85986 0.36767,0.823376 0.921891 0.380372,0.825825 0.860438 0.365272,0.827791 0.861033 0.362802,0.82848 0.923778 0.372845,0.831024 0.862275 0.357646,0.831662 0.925826 0.36436,0.834126 0.864268 0.34937,0.832728 0.927917 0.355375,0.835131 0.866419 0.340446]
}}
appearance Appearance{material Material{diffuseColor 1 0.807843 0.498039
transparency 0}}}
Shape { geometry IndexedFaceSet 
{ creaseAngle 0.50 coordIndex [0,1,2,-1,0,3,1,-1]
coord Coordinate { point [0.255905 -0.3937 0.210629,0.255905 -0.55118 0.263779,0.255905 -0.55118 0.210629,0.255905 -0.3937 0.263779]
}}
appearance Appearance{material Material{diffuseColor 0.411765 0.411765 0.411765
transparency 0}}}
Shape { geometry IndexedFaceSet 
{ creaseAngle 0.50 coordIndex [0,1,2,-1,3,1,0,-1]
coord Coordinate { point [2.79527 2.02755 0.279527,2.67716 1.55511 0.413385,2.79527 1.55511 0.279527,2.67716 2.02755 0.413385]
}}
appearance Appearance{material Material{diffuseColor 0.411765 0.411765 0.411765
transparency 0}}}
Shape { geometry IndexedFaceSet 
{ creaseAngle 0.50 coordIndex [0,1,2,-1,1,3,2,-1]
coord Coordinate { point [-2.79527 -0.7874 0.244094,-2.79527 -0.19685 0.244094,-2.79527 -0.7874 0.185039,-2.79527 -0.19685 0.185039]
}}
appearance Appearance{material Material{diffuseColor 0.411765 0.411765 0.411765
transparency 0}}}
Shape { geometry IndexedFaceSet 
{ creaseAngle 0.50 coordIndex [0,1,2,-1,0,3,1,-1]
coord Coordinate { point [-2.73622 -1.35827 0.539369,-2.71653 -1.35827 0.413385,-2.71653 -1.35827 0.539369,-2.73622 -1.35827 0.413385]
}}
appearance Appearance{material Material{diffuseColor 1 1 1
transparency 0}}}
Shape { geometry IndexedFaceSet 
{ creaseAngle 0.50 coordIndex [0,1,2,-1,3,1,0,-1]
coord Coordinate { point [0.27559 2.32768 0.610054,0.31496 2.32957 0.629649,0.31496 2.32768 0.610054,0.27559 2.32957 0.629649]
}}
appearance Appearance{material Material{diffuseColor 1 1 1
transparency 0}}}
Shape { geometry IndexedFaceSet 
{ creaseAngle 0.50 coordIndex [0,1,2,-1,2,1,3,-1,3,4,5,-1,1,4,3,-1,5,6,7,-1,4,6,5,-1,7,8,9,-1,6,8,7,-1,9,10,11,-1,8,10,9,-1,11,12,13,-1,13,12,14,-1,10,12,11,-1,12,15,14,-1]
coord Coordinate { point [0.31496 2.32957 0.629649,0.323721 2.33055 0.629554,0.31496 2.32768 0.610054,0.323721 2.32867 0.60996,0.332042 2.33345 0.629276,0.332042 2.33157 0.609681,0.339507 2.33812 0.628827,0.339507 2.33623 0.609232,0.345741 2.34432 0.62823,0.345741 2.34244 0.608636,0.350431 2.35175 0.627516,0.350431 2.34987 0.607921,0.353343 2.36004 0.626719,0.353343 2.35815 0.607125,0.35433 2.36687 0.606286,0.35433 2.36876 0.625881]
}}
appearance Appearance{material Material{diffuseColor 1 1 1
transparency 0}}}
Shape { geometry IndexedFaceSet 
{ creaseAngle 0.50 coordIndex [0,1,2,-1,3,4,5,-1,6,3,0,-1,6,4,3,-1,2,6,0,-1]
coord Coordinate { point [1.14173 2.44094 0.263779,1.14173 -1.39764 0.263779,1.14173 -1.39764 0.11811,1.14173 2.59842 0.342519,1.14173 2.73621 0.688975,1.14173 2.59842 0.688975,1.14173 2.73621 0.11811]
}}
appearance Appearance{material Material{diffuseColor 0.411765 0.411765 0.411765
transparency 0}}}
Shape { geometry IndexedFaceSet 
{ creaseAngle 0.50 coordIndex [0,1,2,-1,1,3,2,-1]
coord Coordinate { point [0.035433 -0.137795 0.120078,0.035433 1.75196 0.120078,0.035433 -0.137795 0.019685,0.035433 1.75196 0.019685]
}}
appearance Appearance{material Material{diffuseColor 0.411765 0.411765 0.411765
transparency 0}}}
Shape { geometry IndexedFaceSet 
{ creaseAngle 0.50 coordIndex [0,1,2,-1,0,3,1,-1,4,2,5,-1,4,0,2,-1,6,5,7,-1,6,4,5,-1,8,7,9,-1,8,6,7,-1,10,9,11,-1,10,8,9,-1,12,11,13,-1,12,10,11,-1,14,13,15,-1,14,12,13,-1]
coord Coordinate { point [-2.30498 0.918255 0.393001,-2.29729 1.21337 0.464892,-2.30605 1.2136 0.463933,-2.29729 0.917989 0.393739,-2.31236 0.918868 0.390822,-2.31437 1.21428 0.461102,-2.32045 0.920025 0.38646,-2.32184 1.21538 0.456542,-2.32725 0.921597 0.380373,-2.32807 1.21684 0.450481,-2.33236 0.923506 0.372888,-2.33276 1.21859 0.443224,-2.33557 0.925642 0.364458,-2.33568 1.22054 0.435134,-2.33666 0.927896 0.355543,-2.33666 1.22259 0.426617]
}}
appearance Appearance{material Material{diffuseColor 1 0.807843 0.498039
transparency 0}}}
Shape { geometry IndexedFaceSet 
{ creaseAngle 0.50 coordIndex [0,1,2,-1,3,2,4,-1,3,0,2,-1,5,4,6,-1,5,3,4,-1,7,6,8,-1,7,5,6,-1,9,8,10,-1,9,7,8,-1,11,10,12,-1,11,9,10,-1,13,12,14,-1,13,11,12,-1,15,13,14,-1]
coord Coordinate { point [-2.67716 0.688975 0.303149,-2.79527 0.688975 0.303149,-2.79527 0.675834 0.301668,-2.67716 0.675834 0.301668,-2.79527 0.663352 0.297301,-2.67716 0.663352 0.297301,-2.79527 0.652155 0.290265,-2.67716 0.652155 0.290265,-2.79527 0.642804 0.280914,-2.67716 0.642804 0.280914,-2.79527 0.635768 0.269717,-2.67716 0.635768 0.269717,-2.79527 0.631401 0.257235,-2.67716 0.631401 0.257235,-2.79527 0.62992 0.244094,-2.67716 0.62992 0.244094]
}}
appearance Appearance{material Material{diffuseColor 0.411765 0.411765 0.411765
transparency 0}}}
Shape { geometry IndexedFaceSet 
{ creaseAngle 0.50 coordIndex [0,1,2,-1,3,0,2,-1,4,5,0,-1,4,0,3,-1]
coord Coordinate { point [1.75196 -2.85433 0.263779,1.75196 -2.85433 0.767715,1.83071 -2.85433 0.767715,1.83071 -2.85433 0.019685,1.45669 -2.85433 0.019685,1.45669 -2.85433 0.263779]
}}
appearance Appearance{material Material{diffuseColor 0.411765 0.411765 0.411765
transparency 0}}}
Shape { geometry IndexedFaceSet 
{ creaseAngle 0.50 coordIndex [0,1,2,-1,1,3,2,-1]
coord Coordinate { point [-0.397637 -0.137795 0.120078,-0.397637 1.75196 0.120078,-0.397637 -0.137795 0.019685,-0.397637 1.75196 0.019685]
}}
appearance Appearance{material Material{diffuseColor 0.411765 0.411765 0.411765
transparency 0}}}
Shape { geometry IndexedFaceSet 
{ creaseAngle 0.50 coordIndex [0,1,2,-1,2,1,3,-1,3,4,5,-1,1,4,3,-1,5,6,7,-1,4,6,5,-1,7,8,9,-1,6,8,7,-1,9,10,11,-1,8,10,9,-1,11,12,13,-1,13,12,14,-1,10,12,11,-1,14,15,16,-1,12,15,14,-1]
coord Coordinate { point [0.685038 -1.04321 0.116423,0.685038 -1.04451 0.107945,0.842518 -1.04321 0.116423,0.842518 -1.04485 0.106775,0.685038 -1.04762 0.09995,0.842518 -1.04838 0.0985549,0.685038 -1.05238 0.0928166,0.842518 -1.05321 0.09186,0.685038 -1.05857 0.0868835,0.842518 -1.05946 0.0862191,0.685038 -1.0659 0.0824323,0.842518 -1.06655 0.082134,0.685038 -1.07402 0.0796742,0.842518 -1.07418 0.0796418,0.842518 -1.07835 0.0789663,0.685038 -1.08255 0.07874,0.842518 -1.08255 0.07874]
}}
appearance Appearance{material Material{diffuseColor 1 0.807843 0.498039
transparency 0}}}
Shape { geometry IndexedFaceSet 
{ creaseAngle 0.50 coordIndex [0,1,2,-1,1,3,2,-1]
coord Coordinate { point [-0.830707 -0.137795 0.120078,-0.830707 1.75196 0.120078,-0.830707 -0.137795 0.019685,-0.830707 1.75196 0.019685]
}}
appearance Appearance{material Material{diffuseColor 0.411765 0.411765 0.411765
transparency 0}}}
Shape { geometry IndexedFaceSet 
{ creaseAngle 0.50 coordIndex [0,1,2,-1,3,4,5,-1,6,4,3,-1,1,7,2,-1,2,7,8,-1,8,7,9,-1,9,7,10,-1,11,12,6,-1,6,13,11,-1,12,14,6,-1,6,15,13,-1,14,16,6,-1,6,17,4,-1,16,17,6,-1,18,19,20,-1,20,19,21,-1,21,19,22,-1,7,19,10,-1,17,23,4,-1,10,19,18,-1,23,24,4,-1,25,26,27,-1,27,26,28,-1,29,26,30,-1,28,26,29,-1,24,31,4,-1,30,26,4,-1,19,32,22,-1,31,33,4,-1,32,34,22,-1,33,35,4,-1,36,37,25,-1,35,38,4,-1,25,37,26,-1,34,39,22,-1,38,30,4,-1,36,40,37,-1,22,41,36,-1,39,41,22,-1,15,42,43,-1,41,44,36,-1,6,42,15,-1,36,44,40,-1,42,45,43,-1,42,46,45,-1,42,47,46,-1,48,47,49,-1,49,47,42,-1,48,50,47,-1,51,50,52,-1,52,50,48,-1,51,53,50,-1,53,2,50,-1,53,0,2,-1]
coord Coordinate { point [0.393774 2.72773 0.591365,0.376843 2.73397 0.590765,0.339507 2.65318 0.598534,0.492125 1.19234 0.738993,0.098425 1.55511 0.704112,0.098425 1.19234 0.738993,0.492125 1.55511 0.704112,0.358151 2.73621 0.59055,0.332042 2.65785 0.598085,0.323721 2.66075 0.597806,0.31496 2.66173 0.597711,0.345741 2.34432 0.62823,0.339507 2.33812 0.628827,0.350431 2.35175 0.627516,0.332042 2.33345 0.629276,0.353343 2.36004 0.626719,0.323721 2.33055 0.629554,0.31496 2.32957 0.629649,0.27559 2.66173 0.597711,0.232399 2.73621 0.59055,0.266829 2.66075 0.597806,0.258508 2.65785 0.598085,0.251043 2.65318 0.598534,0.27559 2.32957 0.629649,0.266829 2.33055 0.629554,0.240119 2.63955 0.599845,0.153756 2.66173 0.597711,0.237207 2.63126 0.600641,0.23622 2.62254 0.60148,0.23622 2.36876 0.625881,0.237207 2.36004 0.626719,0.258508 2.33345 0.629276,0.224483 2.73582 0.590588,0.251043 2.33812 0.628827,0.21637 2.73457 0.590708,0.244809 2.34432 0.62823,0.244809 2.64698 0.59913,0.156933 2.6802 0.595935,0.240119 2.35175 0.627516,0.20103 2.72973 0.591174,0.164036 2.69673 0.594347,0.186508 2.72153 0.591962,0.436794 2.66173 0.597711,0.35433 2.36876 0.625881,0.173883 2.71028 0.593044,0.35433 2.62254 0.60148,0.353343 2.63126 0.600641,0.350431 2.63955 0.599845,0.434351 2.67759 0.596187,0.436002 2.66958 0.596957,0.345741 2.64698 0.59913,0.419776 2.70663 0.593395,0.428725 2.6926 0.594744,0.407864 2.71862 0.592242]
}}
appearance Appearance{material Material{diffuseColor 1 1 1
transparency 0}}}
Shape { geometry IndexedFaceSet 
{ creaseAngle 0.50 coordIndex [0,1,2,-1,2,1,3,-1,3,4,5,-1,1,4,3,-1,5,6,7,-1,4,6,5,-1,7,8,9,-1,6,8,7,-1,9,10,11,-1,8,10,9,-1,11,12,13,-1,10,12,11,-1,13,14,15,-1,12,14,13,-1]
coord Coordinate { point [-0.397637 1.75196 0.120078,-0.399611 1.76949 0.120078,-0.397637 1.75196 0.019685,-0.399611 1.76949 0.019685,-0.405435 1.78613 0.120078,-0.405435 1.78613 0.019685,-0.414816 1.80106 0.120078,-0.414816 1.80106 0.019685,-0.427283 1.81353 0.120078,-0.427283 1.81353 0.019685,-0.442213 1.82291 0.120078,-0.442213 1.82291 0.019685,-0.458856 1.82873 0.120078,-0.458856 1.82873 0.019685,-0.476377 1.8307 0.120078,-0.476377 1.8307 0.019685]
}}
appearance Appearance{material Material{diffuseColor 0.411765 0.411765 0.411765
transparency 0}}}
Shape { geometry IndexedFaceSet 
{ creaseAngle 0.50 coordIndex [0,1,2,-1,3,1,0,-1]
coord Coordinate { point [0.23622 2.36311 0.567097,0.23622 2.61501 0.523101,0.23622 2.36122 0.547502,0.23622 2.61689 0.542696]
}}
appearance Appearance{material Material{diffuseColor 0.792157 0.819608 0.933333
transparency 0}}}
Shape { geometry IndexedFaceSet 
{ creaseAngle 0.50 coordIndex [0,1,2,-1,3,1,0,-1]
coord Coordinate { point [-2.79527 2.3622 0.185039,-2.67716 1.77165 0.185039,-2.79527 1.77165 0.185039,-2.67716 2.3622 0.185039]
}}
appearance Appearance{material Material{diffuseColor 0.411765 0.411765 0.411765
transparency 0}}}
Shape { geometry IndexedFaceSet 
{ creaseAngle 0.50 coordIndex [0,1,2,-1,2,3,4,-1,1,3,2,-1,4,5,6,-1,3,5,4,-1,6,7,8,-1,5,7,6,-1,8,9,10,-1,7,9,8,-1,10,11,12,-1,9,11,10,-1,11,13,12,-1,12,14,15,-1,13,14,12,-1]
coord Coordinate { point [-2.71653 -2.30315 0.539369,-2.73622 -2.30315 0.539369,-2.71653 -2.30216 0.54813,-2.73621 -2.30216 0.54813,-2.71653 -2.29925 0.556451,-2.73621 -2.29925 0.556451,-2.71653 -2.29456 0.563916,-2.73621 -2.29456 0.563916,-2.71653 -2.28832 0.57015,-2.73621 -2.28832 0.57015,-2.71653 -2.28086 0.57484,-2.73621 -2.28086 0.57484,-2.71653 -2.27254 0.577752,-2.73621 -2.27254 0.577752,-2.73622 -2.26378 0.578739,-2.71653 -2.26378 0.578739]
}}
appearance Appearance{material Material{diffuseColor 1 1 1
transparency 0}}}
Shape { geometry IndexedFaceSet 
{ creaseAngle 0.50 coordIndex [0,1,2,-1,3,2,4,-1,3,0,2,-1,5,4,6,-1,5,3,4,-1,7,6,8,-1,7,5,6,-1,9,10,11,-1,9,8,10,-1,9,7,8,-1,12,11,13,-1,12,9,11,-1,14,13,15,-1,14,12,13,-1,16,14,15,-1]
coord Coordinate { point [0.793358 1.61417 0.450849,0.793358 1.62164 0.469061,0.801039 1.62094 0.469348,0.802338 1.61321 0.451244,0.808425 1.61887 0.470198,0.810965 1.61032 0.452426,0.815231 1.6155 0.471579,0.818822 1.60553 0.454395,0.821197 1.61097 0.473438,0.825346 1.59899 0.457078,0.825164 1.60668 0.475197,0.82842 1.60179 0.477207,0.829842 1.59144 0.460174,0.831656 1.59366 0.480541,0.832005 1.58469 0.462945,0.832728 1.58522 0.484004,0.832728 1.57775 0.465792]
}}
appearance Appearance{material Material{diffuseColor 1 0.807843 0.498039
transparency 0}}}
Shape { geometry IndexedFaceSet 
{ creaseAngle 0.50 coordIndex [0,1,2,-1,0,3,1,-1]
coord Coordinate { point [-1.63386 2.55905 0.688975,-1.6437 2.81495 0.688975,-1.6437 2.55905 0.688975,-1.63386 2.81495 0.688975]
}}
appearance Appearance{material Material{diffuseColor 0.411765 0.411765 0.411765
transparency 0}}}
Shape { geometry IndexedFaceSet 
{ creaseAngle 0.50 coordIndex [0,1,2,-1,0,3,1,-1,4,3,0,-1,5,6,3,-1,5,3,4,-1,7,8,6,-1,7,6,5,-1,9,10,8,-1,9,8,7,-1,11,10,9,-1,12,10,11,-1,13,12,11,-1,14,13,15,-1,14,12,13,-1,16,15,17,-1,16,14,15,-1,18,16,17,-1,19,18,17,-1,20,18,19,-1]
coord Coordinate { point [-0.43307 2.81495 0.688975,-0.43307 2.80511 0.74803,-0.43307 2.80511 0.688975,-0.43307 2.83464 0.74803,-0.43307 2.83464 0.688975,-0.43307 2.84778 0.687494,-0.43307 2.86092 0.745069,-0.43307 2.86026 0.683127,-0.43307 2.88589 0.736333,-0.43307 2.87146 0.676091,-0.43307 2.90828 0.722262,-0.43307 2.88081 0.66674,-0.43307 2.92698 0.70356,-0.43307 2.88785 0.655543,-0.43307 2.94105 0.681166,-0.43307 2.89221 0.643061,-0.43307 2.94979 0.656202,-0.43307 2.89369 0.62992,-0.43307 2.95275 0.62992,-0.43307 2.89369 0.15748,-0.43307 2.95275 0.15748]
}}
appearance Appearance{material Material{diffuseColor 1 1 1
transparency 0}}}
Shape { geometry IndexedFaceSet 
{ creaseAngle 0.50 coordIndex [0,1,2,-1,3,1,0,-1,4,5,6,-1,1,7,8,-1,9,7,3,-1,10,7,9,-1,11,7,10,-1,12,7,11,-1,13,7,12,-1,14,7,13,-1,6,7,14,-1,3,7,1,-1,5,7,6,-1,7,15,8,-1]
coord Coordinate { point [-0.427433 2.78224 0.688975,-0.43307 2.80511 0.688975,-0.43164 2.79334 0.688975,-0.420694 2.77248 0.688975,-0.340282 2.78224 0.688975,-0.336075 2.79334 0.688975,-0.347021 2.77248 0.688975,-0.334645 2.80511 0.688975,-0.43307 2.81495 0.688975,-0.411813 2.76461 0.688975,-0.401308 2.7591 0.688975,-0.389789 2.75626 0.688975,-0.377926 2.75626 0.688975,-0.366407 2.7591 0.688975,-0.355902 2.76461 0.688975,-0.334645 2.81495 0.688975]
}}
appearance Appearance{material Material{diffuseColor 0.411765 0.411765 0.411765
transparency 0}}}
Shape { geometry IndexedFaceSet 
{ creaseAngle 0.50 coordIndex [0,1,2,-1,3,1,0,-1]
coord Coordinate { point [0.734198 1.61417 0.450849,0.793358 1.62164 0.469061,0.793358 1.61417 0.450849,0.734198 1.62164 0.469061]
}}
appearance Appearance{material Material{diffuseColor 1 0.807843 0.498039
transparency 0}}}
Shape { geometry IndexedFaceSet 
{ creaseAngle 0.50 coordIndex [0,1,2,-1,0,2,3,-1,4,5,0,-1,4,3,6,-1,4,0,3,-1,7,4,6,-1,8,6,9,-1,8,9,10,-1,8,7,6,-1,11,7,8,-1,12,13,11,-1,12,11,8,-1,14,12,15,-1,14,16,17,-1,14,17,13,-1,14,13,12,-1]
coord Coordinate { point [0.818822 1.60553 0.454395,0.825346 1.59899 0.457078,0.829842 1.59144 0.460174,0.832005 1.58469 0.462945,0.802338 1.61321 0.451244,0.810965 1.61032 0.452426,0.832728 1.57775 0.465792,0.793358 1.61417 0.450849,0.694828 1.57775 0.465792,0.832728 1.50152 0.497066,0.694828 1.50152 0.497066,0.734198 1.61417 0.450849,0.695869 1.58605 0.462384,0.726697 1.6135 0.451123,0.70417 1.6013 0.456127,0.698984 1.59404 0.45911,0.71124 1.60734 0.453651,0.719397 1.6115 0.451944]
}}
appearance Appearance{material Material{diffuseColor 1 0.807843 0.498039
transparency 0}}}
Shape { geometry IndexedFaceSet 
{ creaseAngle 0.50 coordIndex [0,1,2,-1,3,1,0,-1,3,4,1,-1,5,6,7,-1,4,6,8,-1,8,6,9,-1,10,11,12,-1,9,6,13,-1,3,6,4,-1,7,6,3,-1,5,14,6,-1,15,16,10,-1,10,16,11,-1,12,17,18,-1,11,17,12,-1,19,20,15,-1,15,20,16,-1,19,21,20,-1,18,22,23,-1,23,22,24,-1,17,22,18,-1,25,26,19,-1,19,26,21,-1,25,27,26,-1,24,28,29,-1,22,28,24,-1,30,31,3,-1,31,32,3,-1,32,7,3,-1,33,34,25,-1,25,34,27,-1,35,36,37,-1,37,36,33,-1,33,36,34,-1,38,39,35,-1,35,39,36,-1,0,2,38,-1,38,2,39,-1]
coord Coordinate { point [2.3157 -0.21327 0.547371,2.09374 -0.21327 0.547371,2.09898 -0.219665 0.548102,2.48837 -0.0428208 0.527885,1.92107 -0.0428208 0.527885,2.5 0.264411 0.492762,1.90944 -0.0150726 0.524713,2.5 -0.0150726 0.524713,1.91613 -0.0368829 0.527206,1.91247 -0.0300999 0.526431,2.40963 -1.95557 0.746552,1.99542 -1.95973 0.747027,2.41593 -1.96118 0.747193,1.91021 -0.0227347 0.525589,1.90944 0.264411 0.492762,2.40469 -1.94881 0.745779,2.00137 -1.95375 0.746343,1.98839 -1.96427 0.747547,2.42317 -1.96526 0.74766,2.40111 -1.94056 0.744836,2.00586 -1.94675 0.745543,2.0087 -1.93925 0.744686,1.97995 -1.96738 0.747902,2.43082 -1.96768 0.747936,2.43486 -1.9683 0.748007,2.39947 -1.93132 0.74378,2.00955 -1.93525 0.744229,2.00997 -1.93132 0.74378,1.97063 -1.9685 0.74803,2.43881 -1.9685 0.74803,2.49331 -0.0368829 0.527206,2.49697 -0.0300999 0.526431,2.49923 -0.0227347 0.525589,2.30414 -0.24321 0.550794,2.1053 -0.24321 0.550794,2.30669 -0.227009 0.548941,2.10489 -0.234975 0.549852,2.30455 -0.234975 0.549852,2.31046 -0.219665 0.548102,2.10275 -0.227009 0.548941]
}}
appearance Appearance{material Material{diffuseColor 1 1 1
transparency 0}}}
Shape { geometry IndexedFaceSet 
{ creaseAngle 0.50 coordIndex [0,1,2,-1,2,3,4,-1,1,3,2,-1,3,5,4,-1,5,6,4,-1,5,7,6,-1,8,9,7,-1,7,9,6,-1,10,11,8,-1,8,11,9,-1,10,12,11,-1,10,13,12,-1,13,14,12,-1]
coord Coordinate { point [-2.18504 2.65913 0.098425,-2.18504 2.71991 0.098425,-2.18504 2.66686 0.0719701,-2.18504 2.72638 0.0854492,-2.18504 2.68051 0.0480279,-2.18504 2.73583 0.0744431,-2.18504 2.69935 0.027902,-2.18504 2.74767 0.0660702,-2.18504 2.76119 0.0608357,-2.18504 2.72233 0.0126885,-2.18504 2.77558 0.059055,-2.18504 2.74821 0.00321591,-2.18504 2.77558 -1.97034e-12,-2.18504 2.99212 0.059055,-2.18504 2.99212 -1.97034e-12]
}}
appearance Appearance{material Material{diffuseColor 1 1 1
transparency 0}}}
Shape { geometry IndexedFaceSet 
{ creaseAngle 0.50 coordIndex [0,1,2,-1,3,4,5,-1,3,6,4,-1,3,2,6,-1,3,0,2,-1,7,8,9,-1,7,5,8,-1,7,3,5,-1,10,11,12,-1,10,9,11,-1,10,7,9,-1,13,14,15,-1,13,12,14,-1,13,10,12,-1,16,15,17,-1,16,13,15,-1,18,17,19,-1,18,16,17,-1,20,19,21,-1,20,18,19,-1]
coord Coordinate { point [-1.80506 0.91799 0.393739,-1.80285 0.857113 0.379074,-1.79812 0.85717 0.378838,-1.79736 0.91835 0.39302,-1.79363 0.85734 0.378132,-1.78939 0.857622 0.376962,-1.79585 0.857241 0.378545,-1.78996 0.919049 0.390849,-1.78656 0.857885 0.375867,-1.78201 0.85846 0.373483,-1.78185 0.920284 0.386481,-1.77949 0.858872 0.371773,-1.77479 0.85986 0.36767,-1.77504 0.921891 0.380372,-1.77259 0.860438 0.365272,-1.77063 0.861033 0.362802,-1.76994 0.923778 0.372845,-1.7674 0.862275 0.357646,-1.76676 0.925826 0.36436,-1.76429 0.864268 0.34937,-1.76569 0.927917 0.355375,-1.76329 0.866419 0.340446]
}}
appearance Appearance{material Material{diffuseColor 1 0.807843 0.498039
transparency 0}}}
Shape { geometry IndexedFaceSet 
{ creaseAngle 0.50 coordIndex [0,1,2,-1,3,2,4,-1,3,0,2,-1,5,4,6,-1,5,3,4,-1,7,6,8,-1,7,5,6,-1,9,8,10,-1,9,7,8,-1,11,10,12,-1,11,9,10,-1,13,11,12,-1,14,12,15,-1,14,13,12,-1]
coord Coordinate { point [-2.00787 2.61501 0.523101,-2.00787 2.61689 0.542696,-2.00688 2.62561 0.541857,-2.00688 2.62373 0.522263,-2.00397 2.63389 0.541061,-2.00397 2.63201 0.521466,-1.99928 2.64133 0.540346,-1.99928 2.63944 0.520752,-1.99305 2.64753 0.53975,-1.99305 2.64565 0.520155,-1.98558 2.6522 0.539301,-1.98558 2.65032 0.519706,-1.97726 2.6551 0.539022,-1.97726 2.65321 0.519427,-1.9685 2.6542 0.519333,-1.9685 2.65608 0.538928]
}}
appearance Appearance{material Material{diffuseColor 0.792157 0.819608 0.933333
transparency 0}}}
Shape { geometry IndexedFaceSet 
{ creaseAngle 0.50 coordIndex [0,1,2,-1,2,1,3,-1]
coord Coordinate { point [-2.23813 1.37436 0.544665,-2.29729 1.37436 0.544665,-2.23813 1.24514 0.476845,-2.29729 1.24514 0.476845]
}}
appearance Appearance{material Material{diffuseColor 1 0.807843 0.498039
transparency 0}}}
Shape { geometry IndexedFaceSet 
{ creaseAngle 0.50 coordIndex [0,1,2,-1,2,1,3,-1,3,4,5,-1,1,4,3,-1,5,6,7,-1,4,6,5,-1,7,8,9,-1,6,8,7,-1,9,10,11,-1,8,10,9,-1,11,12,13,-1,10,12,11,-1,13,14,15,-1,12,14,13,-1]
coord Coordinate { point [1.92913 -2.63779 0.688975,1.9457 -2.63955 0.688975,1.92913 -2.63779 0.74803,1.94665 -2.63976 0.74803,1.96153 -2.64476 0.688975,1.96329 -2.64559 0.74803,1.9759 -2.65319 0.688975,1.97822 -2.65497 0.74803,1.98819 -2.66445 0.688975,1.99069 -2.66744 0.74803,1.99891 -2.68004 0.688975,2.00007 -2.68237 0.74803,2.0056 -2.69774 0.688975,2.0059 -2.69901 0.74803,2.00787 -2.71653 0.688975,2.00787 -2.71653 0.74803]
}}
appearance Appearance{material Material{diffuseColor 1 1 1
transparency 0}}}
Shape { geometry IndexedFaceSet 
{ creaseAngle 0.50 coordIndex [0,1,2,-1,3,1,0,-1,4,5,3,-1,6,5,4,-1,7,5,6,-1,8,5,7,-1,9,5,8,-1,10,5,9,-1,11,5,10,-1,12,5,11,-1,13,5,12,-1,3,5,1,-1,1,14,15,-1,5,14,1,-1]
coord Coordinate { point [-1.31326 2.78224 0.688975,-1.31889 2.80511 0.688975,-1.31746 2.79334 0.688975,-1.30652 2.77248 0.688975,-1.29764 2.76461 0.688975,-1.22047 2.80511 0.688975,-1.28713 2.7591 0.688975,-1.27561 2.75626 0.688975,-1.26375 2.75626 0.688975,-1.25223 2.7591 0.688975,-1.24173 2.76461 0.688975,-1.23285 2.77248 0.688975,-1.22611 2.78224 0.688975,-1.2219 2.79334 0.688975,-1.22047 2.81495 0.688975,-1.31889 2.81495 0.688975]
}}
appearance Appearance{material Material{diffuseColor 0.411765 0.411765 0.411765
transparency 0}}}
Shape { geometry IndexedFaceSet 
{ creaseAngle 0.50 coordIndex [0,1,2,-1,3,1,0,-1,3,4,1,-1,4,5,1,-1,6,7,4,-1,8,7,6,-1,4,7,5,-1,9,10,8,-1,8,10,7,-1,9,11,10,-1,9,12,11,-1,12,13,11,-1,12,14,13,-1,14,15,13,-1,16,17,14,-1,14,17,15,-1]
coord Coordinate { point [-0.171313 0.927896 0.355543,-0.171312 1.2272 0.407479,-0.171312 0.927921 0.335387,-0.171312 1.22259 0.426617,-0.171312 1.26343 0.441985,-0.171312 1.27258 0.424554,-0.171312 1.39265 0.509805,-0.171312 1.4018 0.492375,-0.171312 1.41791 0.52002,-0.171312 1.44534 0.525121,-0.171312 1.42574 0.501776,-0.171312 1.45114 0.505774,-0.171312 1.47813 0.523911,-0.171312 1.47681 0.504179,-0.171312 1.50899 0.515277,-0.171312 1.50152 0.497066,-0.171312 1.58522 0.484004,-0.171312 1.57775 0.465792]
}}
appearance Appearance{material Material{diffuseColor 1 0.807843 0.498039
transparency 0}}}
Shape { geometry IndexedFaceSet 
{ creaseAngle 0.50 coordIndex [0,1,2,-1,3,2,4,-1,3,0,2,-1,5,4,6,-1,5,3,4,-1,7,6,8,-1,7,5,6,-1,9,8,10,-1,9,7,8,-1,11,10,12,-1,11,9,10,-1,13,12,14,-1,13,11,12,-1,15,13,14,-1]
coord Coordinate { point [-0.134158 0.857113 0.379074,-0.131942 0.917989 0.393739,-0.139626 0.918255 0.393001,-0.141877 0.857393 0.378333,-0.147013 0.918868 0.390822,-0.149295 0.858012 0.376135,-0.155104 0.920025 0.38646,-0.157414 0.859153 0.371729,-0.161905 0.921597 0.380373,-0.164228 0.860667 0.365576,-0.167015 0.923506 0.372888,-0.16933 0.862461 0.358004,-0.170215 0.925642 0.364458,-0.172503 0.864416 0.349473,-0.171313 0.927896 0.355543,-0.173717 0.866418 0.340446]
}}
appearance Appearance{material Material{diffuseColor 1 0.807843 0.498039
transparency 0}}}
Shape { geometry IndexedFaceSet 
{ creaseAngle 0.50 coordIndex [0,1,2,-1,0,3,1,-1]
coord Coordinate { point [-2.33666 1.4018 0.492375,-2.19876 1.27258 0.424554,-2.33666 1.27258 0.424554,-2.19876 1.4018 0.492375]
}}
appearance Appearance{material Material{diffuseColor 1 0.807843 0.498039
transparency 0}}}
Shape { geometry IndexedFaceSet 
{ creaseAngle 0.50 coordIndex [0,1,2,-1,3,1,0,-1]
coord Coordinate { point [-1.90945 -0.3937 0.151574,-1.75197 -0.55118 0.151574,-1.90945 -0.55118 0.151574,-1.75197 -0.3937 0.151574]
}}
appearance Appearance{material Material{diffuseColor 0.411765 0.411765 0.411765
transparency 0}}}
Shape { geometry IndexedFaceSet 
{ creaseAngle 0.50 coordIndex [0,1,2,-1,2,3,4,-1,1,3,2,-1,4,5,6,-1,3,5,4,-1,6,7,8,-1,5,7,6,-1,7,9,8,-1]
coord Coordinate { point [2.30414 -0.24321 0.550794,2.30414 -0.249917 0.492121,2.30455 -0.234975 0.549852,2.30455 -0.241683 0.491179,2.30669 -0.227009 0.548941,2.30669 -0.233717 0.490269,2.31046 -0.219665 0.548102,2.31046 -0.226373 0.489429,2.3157 -0.21327 0.547371,2.3157 -0.219978 0.488698]
}}
appearance Appearance{material Material{diffuseColor 1 1 1
transparency 0}}}
Shape { geometry IndexedFaceSet 
{ creaseAngle 0.50 coordIndex [0,1,2,-1,3,1,0,-1,4,5,3,-1,3,5,1,-1,6,7,4,-1,4,7,5,-1,6,8,7,-1,6,9,8,-1,9,10,8,-1,10,11,12,-1,9,11,10,-1,12,13,14,-1,11,13,12,-1,13,15,14,-1,14,16,17,-1,15,16,14,-1]
coord Coordinate { point [-2.5 2.95275 0.74803,-2.49999 2.96151 0.687988,-2.5 2.95275 0.688975,-2.49999 2.97465 0.745562,-2.49999 2.99546 0.738283,-2.49999 2.96983 0.685076,-2.49999 3.01412 0.726557,-2.49999 2.9773 0.680386,-2.49999 2.98353 0.674152,-2.49999 3.0297 0.710972,-2.49999 2.98822 0.666687,-2.49999 3.04143 0.69231,-2.49999 2.99113 0.658366,-2.49999 3.04871 0.671507,-2.5 2.99212 0.649605,-2.5 3.05117 0.649605,-2.5 3.05117 0.452755,-2.5 2.99212 0.452755]
}}
appearance Appearance{material Material{diffuseColor 1 1 1
transparency 0}}}
Shape { geometry IndexedFaceSet 
{ creaseAngle 0.50 coordIndex [0,1,2,-1,0,3,1,-1]
coord Coordinate { point [-1.03745 1.4018 0.492375,-0.899552 1.27258 0.424554,-1.03745 1.27258 0.424554,-0.899552 1.4018 0.492375]
}}
appearance Appearance{material Material{diffuseColor 1 0.807843 0.498039
transparency 0}}}
Shape { geometry IndexedFaceSet 
{ creaseAngle 0.50 coordIndex [0,1,2,-1,2,3,4,-1,1,3,2,-1,4,5,6,-1,3,5,4,-1,6,7,8,-1,5,7,6,-1,8,9,10,-1,7,9,8,-1,10,11,12,-1,9,11,10,-1,12,13,14,-1,11,13,12,-1,13,15,14,-1]
coord Coordinate { point [-1.8937 1.8307 0.019685,-1.8937 1.8307 0.120078,-1.91122 1.82873 0.019685,-1.91122 1.82873 0.120078,-1.92786 1.82291 0.019685,-1.92786 1.82291 0.120078,-1.94279 1.81353 0.019685,-1.94279 1.81353 0.120078,-1.95526 1.80106 0.019685,-1.95526 1.80106 0.120078,-1.96464 1.78613 0.019685,-1.96464 1.78613 0.120078,-1.97046 1.76949 0.019685,-1.97046 1.76949 0.120078,-1.97244 1.75196 0.019685,-1.97244 1.75196 0.120078]
}}
appearance Appearance{material Material{diffuseColor 0.411765 0.411765 0.411765
transparency 0}}}
Shape { geometry IndexedFaceSet 
{ creaseAngle 0.50 coordIndex [0,1,2,-1,3,1,0,-1]
coord Coordinate { point [1.14173 2.44094 0.263779,0.600393 2.59842 0.342519,0.600393 2.44094 0.263779,1.14173 2.59842 0.342519]
}}
appearance Appearance{material Material{diffuseColor 0.411765 0.411765 0.411765
transparency 0}}}
Shape { geometry IndexedFaceSet 
{ creaseAngle 0.50 coordIndex [0,1,2,-1,3,1,0,-1]
coord Coordinate { point [-2.36614 -0.137795 0.210629,-2.16932 0.11811 0.210629,-2.36614 0.11811 0.210629,-2.1693 -0.137795 0.210629]
}}
appearance Appearance{material Material{diffuseColor 1 0.807843 0.498039
transparency 0}}}
Shape { geometry IndexedFaceSet 
{ creaseAngle 0.50 coordIndex [0,1,2,-1,0,3,4,-1,5,0,4,-1,5,1,0,-1]
coord Coordinate { point [0.192913 1.8307 0.120078,0.192913 1.87007 0.263779,0.192913 1.8307 0.263779,0.192913 -0.137795 0.120078,0.192913 -0.137795 0.019685,0.192913 1.87007 0.019685]
}}
appearance Appearance{material Material{diffuseColor 0.411765 0.411765 0.411765
transparency 0}}}
Shape { geometry IndexedFaceSet 
{ creaseAngle 0.50 coordIndex [0,1,2,-1,1,3,2,-1]
coord Coordinate { point [-2.18897 -1.41732 0.059055,-2.34645 -1.41732 0.059055,-2.18897 -1.41732 0.03937,-2.34645 -1.41732 0.03937]
}}
appearance Appearance{material Material{diffuseColor 1 0.807843 0.498039
transparency 0}}}
Shape { geometry IndexedFaceSet 
{ creaseAngle 0.50 coordIndex [0,1,2,-1,3,1,0,-1]
coord Coordinate { point [2.17232 -2.12598 0.55118,2.12598 -2.12598 0.386732,2.12598 -2.12598 0.55118,2.17232 -2.12598 0.386732]
}}
appearance Appearance{material Material{diffuseColor 0.792157 0.819608 0.933333
transparency 0}}}
Shape { geometry IndexedFaceSet 
{ creaseAngle 0.50 coordIndex [0,1,2,-1,3,4,5,-1,3,6,4,-1,3,2,6,-1,3,7,0,-1,3,0,2,-1,8,7,3,-1,9,8,10,-1,11,8,9,-1,12,8,11,-1,13,8,12,-1,14,8,13,-1,15,7,8,-1,15,8,14,-1,16,7,15,-1,17,18,16,-1,17,19,18,-1,17,20,19,-1,17,21,20,-1,17,22,21,-1,23,17,16,-1,24,16,15,-1,25,23,16,-1,25,16,24,-1,26,25,24,-1,27,24,28,-1,29,26,24,-1,30,24,27,-1,31,29,24,-1,31,24,30,-1]
coord Coordinate { point [-1.89075 2.3525 0.548341,-1.89366 2.34422 0.549137,-1.89835 2.33679 0.549852,-1.92913 2.32203 0.55127,-1.91205 2.32591 0.550897,-1.92037 2.32302 0.551176,-1.90458 2.33058 0.550448,-1.88976 2.36122 0.547502,-1.9685 2.32203 0.55127,-1.98558 2.32591 0.550897,-1.97726 2.32302 0.551176,-1.99305 2.33058 0.550448,-1.99928 2.33679 0.549852,-2.00397 2.34422 0.549137,-2.00688 2.3525 0.548341,-2.00787 2.36122 0.547502,-1.88976 2.61501 0.523101,-1.92037 2.65321 0.519427,-1.89075 2.62373 0.522263,-1.89366 2.63201 0.521466,-1.89835 2.63944 0.520752,-1.90458 2.64565 0.520155,-1.91205 2.65032 0.519706,-1.92913 2.6542 0.519333,-2.00787 2.61501 0.523101,-1.9685 2.6542 0.519333,-1.97726 2.65321 0.519427,-2.00397 2.63201 0.521466,-2.00688 2.62373 0.522263,-1.98558 2.65032 0.519706,-1.99928 2.63944 0.520752,-1.99305 2.64565 0.520155]
}}
appearance Appearance{material Material{diffuseColor 1 1 1
transparency 0}}}
Shape { geometry IndexedFaceSet 
{ creaseAngle 0.50 coordIndex [0,1,2,-1,1,3,2,-1]
coord Coordinate { point [-1.44685 2.40157 0.098425,-1.44685 2.87401 0.098425,-1.44685 2.40157 0.019685,-1.44685 2.87401 0.019685]
}}
appearance Appearance{material Material{diffuseColor 0.411765 0.411765 0.411765
transparency 0}}}
Shape { geometry IndexedFaceSet 
{ creaseAngle 0.50 coordIndex [0,1,2,-1,1,3,2,-1,2,4,5,-1,3,4,2,-1,5,6,7,-1,4,6,5,-1,7,8,9,-1,6,8,7,-1,9,10,11,-1,8,10,9,-1,11,12,13,-1,10,12,11,-1,13,14,15,-1,12,14,13,-1]
coord Coordinate { point [-2.7559 2.48031 0.322834,-2.69685 2.48031 0.322834,-2.7559 2.47883 0.335975,-2.69684 2.47883 0.335975,-2.69684 2.47446 0.348457,-2.7559 2.47446 0.348457,-2.69684 2.46743 0.359654,-2.7559 2.46743 0.359654,-2.69684 2.45808 0.369005,-2.7559 2.45808 0.369005,-2.69684 2.44688 0.376041,-2.7559 2.44688 0.376041,-2.69684 2.4344 0.380408,-2.7559 2.4344 0.380408,-2.69685 2.42125 0.381889,-2.7559 2.42125 0.381889]
}}
appearance Appearance{material Material{diffuseColor 1 1 1
transparency 0}}}
Shape { geometry IndexedFaceSet 
{ creaseAngle 0.50 coordIndex [0,1,2,-1,0,2,3,-1,0,3,4,-1,0,4,5,-1,0,5,6,-1,0,6,7,-1,8,1,0,-1,9,8,0,-1,10,9,0,-1,11,10,0,-1,12,11,0,-1,0,13,12,-1,14,0,7,-1]
coord Coordinate { point [-0.0308373 0.857113 0.379074,-0.0472124 0.858872 0.371773,-0.0497327 0.85846 0.373483,-0.054279 0.857885 0.375867,-0.0571072 0.857622 0.376962,-0.0613498 0.85734 0.378132,-0.0635742 0.857241 0.378545,-0.0658417 0.85717 0.378838,-0.042514 0.85986 0.36767,-0.0403148 0.860438 0.365272,-0.0383487 0.861033 0.362802,-0.0351155 0.862275 0.357646,-0.0320138 0.864268 0.34937,-0.0310095 0.866419 0.340446,-0.0705685 0.857113 0.379074]
}}
appearance Appearance{material Material{diffuseColor 1 0.807843 0.498039
transparency 0}}}
Shape { geometry IndexedFaceSet 
{ creaseAngle 0.50 coordIndex [0,1,2,-1,1,3,2,-1]
coord Coordinate { point [0.901573 -0.137795 0.120078,0.901573 1.75196 0.120078,0.901573 -0.137795 0.019685,0.901573 1.75196 0.019685]
}}
appearance Appearance{material Material{diffuseColor 0.411765 0.411765 0.411765
transparency 0}}}
Shape { geometry IndexedFaceSet 
{ creaseAngle 0.50 coordIndex [0,1,2,-1,1,3,2,-1]
coord Coordinate { point [0.859321 0.19648 0.219936,0.668205 0.19648 0.219936,0.86217 0.11811 0.210629,0.665353 0.11811 0.210629]
}}
appearance Appearance{material Material{diffuseColor 1 0.807843 0.498039
transparency 0}}}
Shape { geometry IndexedFaceSet 
{ creaseAngle 0.50 coordIndex [0,1,2,-1,0,2,3,-1,4,3,5,-1,4,0,3,-1,6,5,7,-1,6,4,5,-1,8,4,6,-1,9,7,10,-1,9,6,7,-1,11,10,12,-1,11,9,10,-1,13,12,14,-1,13,14,15,-1,13,11,12,-1,16,15,17,-1,16,13,15,-1,18,16,17,-1]
coord Coordinate { point [-1.86982 2.72894 0.531926,-1.88566 2.73056 0.531766,-1.88594 2.73621 0.59055,-1.86725 2.73397 0.590765,-1.85463 2.7242 0.532383,-1.85032 2.72773 0.591365,-1.83988 2.71653 0.539369,-1.83623 2.71862 0.592242,-1.8407 2.71653 0.533115,-1.82795 2.70586 0.539039,-1.82431 2.70663 0.593395,-1.8184 2.69301 0.538907,-1.81537 2.6926 0.594744,-1.81064 2.6759 0.538931,-1.80974 2.67759 0.596187,-1.80809 2.66958 0.596957,-1.8071 2.65747 0.539062,-1.8073 2.66173 0.597711,-1.80701 2.65608 0.538928]
}}
appearance Appearance{material Material{diffuseColor 1 1 1
transparency 0}}}
Shape { geometry IndexedFaceSet 
{ creaseAngle 0.50 coordIndex [0,1,2,-1,3,1,0,-1]
coord Coordinate { point [1.01968 -0.137795 0.263779,1.01968 1.8307 0.120078,1.01968 -0.137795 0.120078,1.01968 1.8307 0.263779]
}}
appearance Appearance{material Material{diffuseColor 0.411765 0.411765 0.411765
transparency 0}}}
Shape { geometry IndexedFaceSet 
{ creaseAngle 0.50 coordIndex [0,1,2,-1,0,3,1,-1,4,2,5,-1,4,0,2,-1,6,5,7,-1,6,4,5,-1,8,9,10,-1,8,7,9,-1,8,6,7,-1,11,8,10,-1,12,13,14,-1,12,10,13,-1,12,11,10,-1,15,12,14,-1]
coord Coordinate { point [-2.66407 -2.63779 0.745069,-2.63779 2.95275 0.74803,-2.66407 2.95275 0.745069,-2.63779 -2.63779 0.74803,-2.68904 -2.63779 0.736333,-2.68904 2.95275 0.736333,-2.71143 -2.63779 0.722262,-2.71143 2.95275 0.722262,-2.73013 -2.63779 0.70356,-2.73013 2.95275 0.70356,-2.7442 2.95275 0.681166,-2.7442 -2.63779 0.681166,-2.75294 -2.63779 0.656202,-2.75294 2.95275 0.656202,-2.7559 2.95275 0.62992,-2.7559 -2.63779 0.62992]
}}
appearance Appearance{material Material{diffuseColor 1 1 1
transparency 0}}}
Shape { geometry IndexedFaceSet 
{ creaseAngle 0.50 coordIndex [0,1,2,-1,2,1,3,-1,3,4,5,-1,1,4,3,-1,5,6,7,-1,4,6,5,-1,7,8,9,-1,6,8,7,-1,9,10,11,-1,8,10,9,-1,10,12,11,-1]
coord Coordinate { point [0.531495 2.71991 0.098425,0.531495 2.725 0.0876336,0.059055 2.71991 0.098425,0.059055 2.72638 0.0854492,0.531495 2.73224 0.0779979,0.059055 2.73583 0.0744431,0.531495 2.74149 0.0698918,0.059055 2.74767 0.0660702,0.531495 2.75222 0.0638756,0.059055 2.76119 0.0608357,0.531495 2.76372 0.0602623,0.059055 2.77558 0.059055,0.531495 2.77558 0.059055]
}}
appearance Appearance{material Material{diffuseColor 1 1 1
transparency 0}}}
Shape { geometry IndexedFaceSet 
{ creaseAngle 0.50 coordIndex [0,1,2,-1,0,3,1,-1,4,5,6,-1,7,6,0,-1,7,0,2,-1,7,4,6,-1]
coord Coordinate { point [0.358433 2.73056 0.531766,0.389462 2.7242 0.532383,0.403393 2.71653 0.533115,0.374269 2.72894 0.531926,0.201088 2.7242 0.532383,0.216281 2.72894 0.531926,0.232117 2.73056 0.531766,0.187157 2.71653 0.533115]
}}
appearance Appearance{material Material{diffuseColor 1 1 1
transparency 0}}}
Shape { geometry IndexedFaceSet 
{ creaseAngle 0.50 coordIndex [0,1,2,-1,0,3,1,-1,3,4,1,-1,3,5,4,-1,5,6,4,-1,6,7,8,-1,5,7,6,-1,9,10,7,-1,7,10,8,-1,8,11,12,-1,10,11,8,-1,12,13,14,-1,11,13,12,-1,13,15,14,-1,15,16,14,-1]
coord Coordinate { point [2.298 -2.09762 0.454078,2.29872 -2.09295 0.452755,2.2933 -2.10504 0.452755,2.3033 -2.0909 0.456464,2.30203 -2.08013 0.452755,2.30985 -2.08436 0.461069,2.30314 -2.06693 0.452755,2.32492 -2.07379 0.474929,2.30087 -2.04814 0.452755,2.34252 -2.06693 0.492125,2.33993 -2.04237 0.492125,2.3323 -2.01888 0.492125,2.29418 -2.03044 0.452755,2.31996 -1.9975 0.492125,2.28346 -2.01484 0.452755,2.30343 -1.97915 0.492125,2.28346 -1.96464 0.492125]
}}
appearance Appearance{material Material{diffuseColor 0.792157 0.819608 0.933333
transparency 0}}}
Shape { geometry IndexedFaceSet 
{ creaseAngle 0.50 coordIndex [0,1,2,-1,0,3,4,-1,0,4,1,-1,5,6,7,-1,5,7,8,-1,9,10,11,-1,9,2,10,-1,12,11,6,-1,12,9,11,-1,13,8,14,-1,13,5,8,-1,15,16,3,-1,15,3,0,-1,15,0,2,-1,15,2,9,-1,17,16,15,-1,17,9,12,-1,17,15,9,-1,18,19,20,-1,18,14,19,-1,18,13,14,-1,21,6,5,-1,21,12,6,-1,22,18,20,-1,23,21,5,-1,23,5,13,-1,24,20,25,-1,24,22,20,-1,26,27,16,-1,26,12,21,-1,26,16,17,-1,26,17,12,-1,28,13,18,-1,28,23,13,-1,29,30,31,-1,32,26,21,-1,32,21,23,-1,32,27,26,-1,33,34,35,-1,36,18,22,-1,36,28,18,-1,37,35,38,-1,39,22,24,-1,37,33,35,-1,39,36,22,-1,40,41,27,-1,40,27,32,-1,40,32,23,-1,42,37,38,-1,40,23,28,-1,7,38,43,-1,44,41,40,-1,44,28,36,-1,7,42,38,-1,44,40,28,-1,45,24,25,-1,45,25,46,-1,47,34,33,-1,45,39,24,-1,48,36,39,-1,10,33,37,-1,48,41,44,-1,48,44,36,-1,10,47,33,-1,49,45,46,-1,50,51,41,-1,50,41,48,-1,50,39,45,-1,8,7,43,-1,50,48,39,-1,52,46,53,-1,52,49,46,-1,1,34,47,-1,54,51,50,-1,54,45,49,-1,54,50,45,-1,11,37,42,-1,11,10,37,-1,55,51,54,-1,14,43,56,-1,55,49,52,-1,55,54,49,-1,14,8,43,-1,57,30,51,-1,57,53,58,-1,57,51,55,-1,57,52,53,-1,2,1,47,-1,57,55,52,-1,2,47,10,-1,59,30,57,-1,59,57,58,-1,60,58,31,-1,60,31,30,-1,6,42,7,-1,60,59,58,-1,6,11,42,-1,60,30,59,-1,4,3,34,-1,4,34,1,-1,19,56,61,-1,19,61,20,-1,19,14,56,-1]
coord Coordinate { point [-1.77908 1.61467 0.481225,-1.77977 1.61505 0.479474,-1.78022 1.61554 0.480356,-1.77792 1.61365 0.481808,-1.77877 1.61428 0.480236,-1.79223 1.62236 0.486381,-1.78804 1.62071 0.483202,-1.79128 1.62117 0.475769,-1.79639 1.62295 0.476863,-1.7833 1.61798 0.485685,-1.78205 1.61663 0.478173,-1.78645 1.61985 0.481931,-1.78446 1.61859 0.487458,-1.79487 1.62301 0.48827,-1.79954 1.62367 0.477589,-1.78133 1.61647 0.487178,-1.77998 1.61491 0.490288,-1.78224 1.61688 0.489151,-1.79851 1.62345 0.49074,-1.8038 1.6242 0.478626,-1.80513 1.62446 0.487282,-1.78765 1.61965 0.491831,-1.79967 1.62349 0.491501,-1.78974 1.61997 0.494387,-1.80222 1.62341 0.493124,-1.80506 1.62305 0.494851,-1.78481 1.61746 0.493999,-1.7833 1.61467 0.498453,-1.79268 1.62 0.497677,-1.80506 1.60016 0.520428,-1.79887 1.60552 0.517163,-1.80528 1.60873 0.51513,-1.78654 1.61751 0.49682,-1.78284 1.61621 0.474218,-1.77722 1.61097 0.473438,-1.78319 1.6155 0.471579,-1.79364 1.61992 0.498678,-1.78372 1.61686 0.474361,-1.79 1.61887 0.470198,-1.79578 1.6196 0.500795,-1.78906 1.61722 0.500436,-1.7877 1.61296 0.505893,-1.78931 1.62025 0.475375,-1.79738 1.62094 0.469348,-1.78989 1.61704 0.501533,-1.79821 1.619 0.503017,-1.80511 1.62024 0.502052,-1.78138 1.616 0.47756,-1.79178 1.61652 0.503846,-1.8015 1.61784 0.505754,-1.79395 1.61573 0.506264,-1.79298 1.60986 0.512236,-1.80229 1.61751 0.506361,-1.80528 1.61605 0.508532,-1.79695 1.61434 0.509224,-1.79767 1.61396 0.509876,-1.80506 1.62164 0.469061,-1.80046 1.61233 0.512181,-1.80532 1.61282 0.511895,-1.80271 1.61084 0.513805,-1.80394 1.60996 0.51461,-1.80514 1.62428 0.478965]
}}
appearance Appearance{material Material{diffuseColor 1 0.807843 0.498039
transparency 0}}}
Shape { geometry IndexedFaceSet 
{ creaseAngle 0.50 coordIndex [0,1,2,-1,0,3,4,-1,0,4,1,-1,5,6,7,-1,5,7,8,-1,9,10,11,-1,9,2,10,-1,12,11,6,-1,12,9,11,-1,13,8,14,-1,13,5,8,-1,15,16,3,-1,15,3,0,-1,15,0,2,-1,15,2,9,-1,17,16,15,-1,17,9,12,-1,17,15,9,-1,18,19,20,-1,18,14,19,-1,18,13,14,-1,21,6,5,-1,21,12,6,-1,22,18,20,-1,23,21,5,-1,23,5,13,-1,24,20,25,-1,24,22,20,-1,26,27,16,-1,26,12,21,-1,26,16,17,-1,26,17,12,-1,28,13,18,-1,28,23,13,-1,29,30,31,-1,32,26,21,-1,32,21,23,-1,32,27,26,-1,33,34,35,-1,36,18,22,-1,36,28,18,-1,37,35,38,-1,39,22,24,-1,37,33,35,-1,39,36,22,-1,40,41,27,-1,40,27,32,-1,40,32,23,-1,42,37,38,-1,40,23,28,-1,7,38,43,-1,44,41,40,-1,44,28,36,-1,7,42,38,-1,44,40,28,-1,45,24,25,-1,45,25,46,-1,47,34,33,-1,45,39,24,-1,48,36,39,-1,10,33,37,-1,48,41,44,-1,48,44,36,-1,10,47,33,-1,49,45,46,-1,50,51,41,-1,50,41,48,-1,50,39,45,-1,8,7,43,-1,50,48,39,-1,52,46,53,-1,52,49,46,-1,1,34,47,-1,54,51,50,-1,54,45,49,-1,54,50,45,-1,11,37,42,-1,11,10,37,-1,55,51,54,-1,14,43,56,-1,55,49,52,-1,55,54,49,-1,14,8,43,-1,57,30,51,-1,57,53,58,-1,57,51,55,-1,57,52,53,-1,2,1,47,-1,57,55,52,-1,2,47,10,-1,59,30,57,-1,59,57,58,-1,60,58,31,-1,60,31,30,-1,6,42,7,-1,60,59,58,-1,6,11,42,-1,60,30,59,-1,4,3,34,-1,4,34,1,-1,19,56,61,-1,19,61,20,-1,19,14,56,-1]
coord Coordinate { point [-0.912939 1.61467 0.481225,-0.913633 1.61505 0.479474,-0.91408 1.61554 0.480356,-0.911781 1.61365 0.481808,-0.912634 1.61428 0.480236,-0.92609 1.62236 0.486381,-0.921896 1.62071 0.483202,-0.925142 1.62117 0.475769,-0.930247 1.62295 0.476863,-0.917155 1.61798 0.485685,-0.915912 1.61663 0.478173,-0.920307 1.61985 0.481931,-0.918322 1.61859 0.487458,-0.928733 1.62301 0.48827,-0.933398 1.62367 0.477589,-0.915195 1.61647 0.487178,-0.91384 1.61491 0.490288,-0.916099 1.61688 0.489151,-0.932366 1.62345 0.49074,-0.937656 1.6242 0.478626,-0.938992 1.62446 0.487282,-0.921514 1.61965 0.491831,-0.933528 1.62349 0.491501,-0.923597 1.61997 0.494387,-0.936081 1.62341 0.493124,-0.93892 1.62305 0.494851,-0.918667 1.61746 0.493999,-0.917156 1.61467 0.498453,-0.926541 1.62 0.497677,-0.938922 1.60016 0.520428,-0.932727 1.60552 0.517163,-0.939141 1.60873 0.51513,-0.920403 1.61751 0.49682,-0.9167 1.61621 0.474218,-0.911083 1.61097 0.473438,-0.917049 1.6155 0.471579,-0.927502 1.61992 0.498678,-0.917577 1.61686 0.474361,-0.923855 1.61887 0.470198,-0.929641 1.6196 0.500795,-0.922918 1.61722 0.500436,-0.921564 1.61296 0.505893,-0.923171 1.62025 0.475375,-0.931241 1.62094 0.469348,-0.923753 1.61704 0.501533,-0.932068 1.619 0.503017,-0.938969 1.62024 0.502052,-0.91524 1.616 0.47756,-0.925635 1.61652 0.503846,-0.935364 1.61784 0.505754,-0.927806 1.61573 0.506264,-0.926843 1.60986 0.512236,-0.93615 1.61751 0.506361,-0.939141 1.61605 0.508532,-0.930809 1.61434 0.509224,-0.931534 1.61396 0.509876,-0.938922 1.62164 0.469061,-0.934325 1.61233 0.512181,-0.939182 1.61282 0.511895,-0.936573 1.61084 0.513805,-0.937803 1.60996 0.51461,-0.939003 1.62428 0.478965]
}}
appearance Appearance{material Material{diffuseColor 1 0.807843 0.498039
transparency 0}}}
Shape { geometry IndexedFaceSet 
{ creaseAngle 0.50 coordIndex [0,1,2,-1,2,1,3,-1,4,5,0,-1,0,6,1,-1,5,6,0,-1,6,7,1,-1,8,9,5,-1,5,9,6,-1,10,11,8,-1,8,11,9,-1]
coord Coordinate { point [-0.886131 0.558782 0.30721,-1.05089 0.558782 0.30721,-0.872959 0.19648 0.219936,-1.06407 0.19648 0.219936,-0.896977 0.857113 0.379074,-0.936708 0.857113 0.379074,-1.0003 0.857113 0.379074,-1.04003 0.857114 0.379074,-0.938922 0.91799 0.393739,-0.998082 0.917989 0.393739,-0.938922 1.21337 0.464892,-0.998082 1.21337 0.464892]
}}
appearance Appearance{material Material{diffuseColor 1 0.807843 0.498039
transparency 0}}}
Shape { geometry IndexedFaceSet 
{ creaseAngle 0.50 coordIndex [0,1,2,-1,0,3,1,-1,0,4,3,-1,0,5,4,-1,0,6,5,-1,0,7,6,-1,0,8,7,-1,9,0,2,-1,10,11,12,-1,10,9,11,-1,13,9,10,-1,14,9,13,-1,15,9,14,-1,16,9,15,-1,17,0,9,-1,17,9,16,-1,18,19,20,-1,21,18,20,-1,22,21,20,-1,23,22,20,-1,24,23,20,-1,25,24,20,-1,26,25,20,-1,27,26,20,-1,28,20,0,-1,28,0,17,-1,28,27,20,-1,29,27,28,-1,30,29,31,-1,30,27,29,-1,32,33,27,-1,34,27,30,-1,35,32,27,-1,35,27,34,-1]
coord Coordinate { point [-2.67716 -2.24409 0.578739,-2.67716 -2.30136 0.534096,-2.67716 -2.30314 0.519684,-2.67716 -2.29636 0.547161,-2.67716 -2.28905 0.55797,-2.67716 -2.27945 0.566979,-2.67716 -2.26829 0.573554,-2.67716 -2.25645 0.577432,-2.67716 -2.25019 0.578423,-2.67716 -2.30314 0.43307,-2.67716 -2.29796 0.408872,-2.67716 -2.30283 0.426973,-2.67716 -2.30184 0.420713,-2.67716 -2.29139 0.397706,-2.67716 -2.28238 0.388107,-2.67716 -2.27157 0.380797,-2.67716 -2.2585 0.375801,-2.67716 -2.24409 0.374015,-2.67716 -1.38984 0.571957,-2.67716 -1.40291 0.576953,-2.67716 -1.41732 0.578739,-2.67716 -1.37903 0.564647,-2.67716 -1.37002 0.555048,-2.67716 -1.36345 0.543882,-2.67716 -1.35957 0.532041,-2.67716 -1.35858 0.525781,-2.67716 -1.35827 0.519684,-2.67716 -1.35827 0.43307,-2.67716 -1.41732 0.374015,-2.67716 -1.41122 0.374331,-2.67716 -1.39312 0.3792,-2.67716 -1.40496 0.375322,-2.67716 -1.36505 0.405593,-2.67716 -1.36005 0.418658,-2.67716 -1.38196 0.385775,-2.67716 -1.37236 0.394784]
}}
appearance Appearance{material Material{diffuseColor 1 1 1
transparency 0}}}
Shape { geometry IndexedFaceSet 
{ creaseAngle 0.50 coordIndex [0,1,2,-1,0,2,3,-1,4,3,5,-1,4,0,3,-1,6,5,7,-1,6,4,5,-1,8,7,9,-1,8,6,7,-1,10,9,11,-1,10,8,9,-1,12,11,13,-1,12,10,11,-1,14,13,15,-1,14,12,13,-1]
coord Coordinate { point [-2.75541 -1.39764 0.358711,-2.7559 -1.39764 0.354331,-2.7559 -2.26378 0.354331,-2.75541 -2.26377 0.358711,-2.75395 -1.39764 0.362871,-2.75395 -2.26377 0.362872,-2.75161 -1.39764 0.366604,-2.75161 -2.26377 0.366604,-2.74849 -1.39764 0.369721,-2.74849 -2.26377 0.369721,-2.74476 -1.39764 0.372066,-2.74476 -2.26377 0.372066,-2.7406 -1.39764 0.373521,-2.7406 -2.26377 0.373521,-2.73622 -1.39764 0.374015,-2.73622 -2.26378 0.374015]
}}
appearance Appearance{material Material{diffuseColor 1 1 1
transparency 0}}}
Shape { geometry IndexedFaceSet 
{ creaseAngle 0.50 coordIndex [0,1,2,-1,3,1,0,-1,4,1,3,-1,5,1,4,-1,6,1,5,-1,7,1,6,-1,8,1,7,-1,9,1,8,-1,10,1,9,-1,11,1,10,-1,11,12,1,-1,12,13,1,-1,13,14,1,-1,14,15,1,-1,15,16,1,-1,2,17,18,-1,1,17,2,-1]
coord Coordinate { point [1.32038 2.80181 0.688975,1.39763 2.81495 0.688975,1.31889 2.81495 0.688975,1.32474 2.78933 0.688975,1.33178 2.77813 0.688975,1.34113 2.76878 0.688975,1.35233 2.76175 0.688975,1.36481 2.75738 0.688975,1.37795 2.7559 0.688975,1.41732 2.7559 0.688975,1.43046 2.75738 0.688975,1.44294 2.76175 0.688975,1.45414 2.76878 0.688975,1.46349 2.77813 0.688975,1.47053 2.78933 0.688975,1.47489 2.80181 0.688975,1.47637 2.81495 0.688975,1.39763 2.95275 0.688975,1.31889 2.95275 0.688975]
}}
appearance Appearance{material Material{diffuseColor 0.411765 0.411765 0.411765
transparency 0}}}
Shape { geometry IndexedFaceSet 
{ creaseAngle 0.50 coordIndex [0,1,2,-1,3,1,0,-1]
coord Coordinate { point [0.232465 0.27559 0.151574,0.429133 -0.137795 0.151574,0.232318 -0.137795 0.151574,0.429133 0.27559 0.151574]
}}
appearance Appearance{material Material{diffuseColor 1 0.807843 0.498039
transparency 0}}}
Shape { geometry IndexedFaceSet 
{ creaseAngle 0.50 coordIndex [0,1,2,-1,3,0,2,-1]
coord Coordinate { point [0.668709 0.21031 0.162523,0.858818 0.21031 0.162523,0.862172 0.11811 0.151574,0.665353 0.11811 0.151574]
}}
appearance Appearance{material Material{diffuseColor 1 0.807843 0.498039
transparency 0}}}
Shape { geometry IndexedFaceSet 
{ creaseAngle 0.50 coordIndex [0,1,2,-1,1,3,2,-1]
coord Coordinate { point [-1.80506 1.52394 0.551701,-1.80506 1.60016 0.520428,-1.86422 1.52394 0.551701,-1.86422 1.60016 0.520428]
}}
appearance Appearance{material Material{diffuseColor 0.792157 0.819608 0.933333
transparency 0}}}
Shape { geometry IndexedFaceSet 
{ creaseAngle 0.50 coordIndex [0,1,2,-1,0,3,1,-1]
coord Coordinate { point [2.7559 -0.43307 0.19685,2.69685 0.07874 0.19685,2.69685 -0.43307 0.19685,2.7559 0.07874 0.19685]
}}
appearance Appearance{material Material{diffuseColor 1 1 1
transparency 0}}}
Shape { geometry IndexedFaceSet 
{ creaseAngle 0.50 coordIndex [0,1,2,-1,1,3,2,-1,2,4,5,-1,3,4,2,-1,5,6,7,-1,4,6,5,-1,7,8,9,-1,6,8,7,-1,9,10,11,-1,8,10,9,-1,11,12,13,-1,10,12,11,-1,13,14,15,-1,12,14,13,-1]
coord Coordinate { point [-2.7559 2.42125 0.165354,-2.69685 2.42125 0.165354,-2.7559 2.4344 0.166835,-2.69684 2.4344 0.166835,-2.69684 2.44688 0.171202,-2.7559 2.44688 0.171202,-2.69684 2.45808 0.178238,-2.7559 2.45808 0.178238,-2.69684 2.46743 0.187589,-2.7559 2.46743 0.187589,-2.69684 2.47446 0.198786,-2.7559 2.47446 0.198786,-2.69684 2.47883 0.211268,-2.7559 2.47883 0.211268,-2.69685 2.48031 0.224409,-2.7559 2.48031 0.224409]
}}
appearance Appearance{material Material{diffuseColor 1 1 1
transparency 0}}}
Shape { geometry IndexedFaceSet 
{ creaseAngle 0.50 coordIndex [0,1,2,-1,0,2,3,-1,4,3,5,-1,4,0,3,-1,6,5,7,-1,6,4,5,-1,8,7,9,-1,8,6,7,-1,10,9,11,-1,10,8,9,-1,12,11,13,-1,12,10,11,-1,14,13,15,-1,14,12,13,-1]
coord Coordinate { point [-1.48031 -0.987461 0.0926979,-1.48031 -0.984214 0.113892,-1.32283 -0.984214 0.113892,-1.32283 -0.987461 0.0926979,-1.48031 -0.99522 0.07271,-1.32283 -0.99522 0.07271,-1.48031 -1.00712 0.0548765,-1.32283 -1.00712 0.0548765,-1.48031 -1.02261 0.0400438,-1.32283 -1.02261 0.0400438,-1.48031 -1.04093 0.0289157,-1.32283 -1.04093 0.0289157,-1.48031 -1.06123 0.0220204,-1.32283 -1.06123 0.0220204,-1.48031 -1.08255 0.019685,-1.32283 -1.08255 0.019685]
}}
appearance Appearance{material Material{diffuseColor 1 0.807843 0.498039
transparency 0}}}
Shape { geometry IndexedFaceSet 
{ creaseAngle 0.50 coordIndex [0,1,2,-1,2,3,0,-1,2,4,3,-1,2,5,4,-1,6,7,2,-1,2,7,5,-1]
coord Coordinate { point [2.16593 -2.11966 0.55118,2.17232 -2.12598 0.55118,2.12598 -2.12598 0.55118,2.1603 -2.11265 0.55118,2.15551 -2.10504 0.55118,2.14754 -2.09329 0.55118,2.12598 -2.07497 0.55118,2.13759 -2.08316 0.55118]
}}
appearance Appearance{material Material{diffuseColor 0.792157 0.819608 0.933333
transparency 0}}}
Shape { geometry IndexedFaceSet 
{ creaseAngle 0.50 coordIndex [0,1,2,-1,0,2,3,-1]
coord Coordinate { point [-2.42126 -2.24409 0.007874,-2.42126 -2.24409 0.066929,-2.42126 -2.51968 0.066929,-2.42126 -2.51968 0.007874]
}}
appearance Appearance{material Material{diffuseColor 1 1 1
transparency 0}}}
Shape { geometry IndexedFaceSet 
{ creaseAngle 0.50 coordIndex [0,1,2,-1,3,1,0,-1,1,4,2,-1,3,5,1,-1,3,6,5,-1]
coord Coordinate { point [2.47047 -1.85039 0.492125,2.40869 -1.95494 0.68704,2.47047 -1.85039 0.688975,2.34252 -2.06693 0.492125,2.40869 -1.95493 0.688975,2.40051 -1.96879 0.6888,2.34251 -2.06693 0.688975]
}}
appearance Appearance{material Material{diffuseColor 0.411765 0.411765 0.411765
transparency 0}}}
Shape { geometry IndexedFaceSet 
{ creaseAngle 0.50 coordIndex [0,1,2,-1,3,1,0,-1,4,5,6,-1,6,5,7,-1,8,9,10,-1,11,9,8,-1,2,12,13,-1,1,12,2,-1,14,15,4,-1,4,15,5,-1,12,16,13,-1,14,16,15,-1,13,16,14,-1,17,18,19,-1,18,20,19,-1,21,22,23,-1,24,25,21,-1,21,25,22,-1,23,26,27,-1,22,26,23,-1,28,29,24,-1,24,29,25,-1,27,30,31,-1,26,30,27,-1,17,32,28,-1,28,32,29,-1,33,34,11,-1,11,34,9,-1,31,3,0,-1,30,3,31,-1,17,19,32,-1,6,7,35,-1,35,7,33,-1,33,7,34,-1]
coord Coordinate { point [0.685038 -1.04321 0.116423,0.685038 -0.987461 0.0926979,0.685038 -1.04451 0.107945,0.685038 -0.984214 0.113892,0.685038 -1.05857 0.0868835,0.685038 -1.04093 0.0289157,0.685038 -1.0659 0.0824323,0.685038 -1.06123 0.0220204,0.685038 -1.41732 0.059055,0.685038 -1.39764 0.019685,0.685038 -1.41732 0.03937,0.685038 -1.39764 0.07874,0.685038 -0.99522 0.07271,0.685038 -1.04762 0.09995,0.685038 -1.05238 0.0928166,0.685038 -1.02261 0.0400438,0.685038 -1.00712 0.0548765,0.685038 -0.94488 0.210629,0.685038 -0.807085 0.210629,0.685038 -0.94488 0.151574,0.685038 -0.807085 0.151574,0.685038 -1.00482 0.190271,0.685038 -0.97505 0.137498,0.685038 -1.02031 0.175438,0.685038 -0.986496 0.201399,0.685038 -0.968857 0.143431,0.685038 -0.979812 0.130365,0.685038 -1.03221 0.157605,0.685038 -0.966194 0.208294,0.685038 -0.961526 0.147882,0.685038 -0.982915 0.122369,0.685038 -1.03997 0.137617,0.685038 -0.953405 0.15064,0.685038 -1.08255 0.07874,0.685038 -1.08255 0.019685,0.685038 -1.07402 0.0796742]
}}
appearance Appearance{material Material{diffuseColor 1 0.807843 0.498039
transparency 0}}}
Shape { geometry IndexedFaceSet 
{ creaseAngle 0.50 coordIndex [0,1,2,-1,2,1,3,-1]
coord Coordinate { point [0.255905 -0.3937 0.263779,0.255905 -0.3937 0.210629,0.413385 -0.3937 0.263779,0.413385 -0.3937 0.210629]
}}
appearance Appearance{material Material{diffuseColor 0.411765 0.411765 0.411765
transparency 0}}}
Shape { geometry IndexedFaceSet 
{ creaseAngle 0.50 coordIndex [0,1,2,-1,1,3,2,-1,2,4,5,-1,3,4,2,-1,5,6,7,-1,4,6,5,-1,7,8,9,-1,6,8,7,-1,10,11,12,-1,9,13,14,-1,8,13,9,-1,14,15,10,-1,10,15,11,-1,13,15,14,-1,15,16,11,-1]
coord Coordinate { point [0.610235 2.99212 0.649605,1.31889 2.99212 0.649605,0.610235 2.99113 0.658366,1.3189 2.99113 0.658366,1.3189 2.98822 0.666687,0.610235 2.98822 0.666687,1.3189 2.98353 0.674152,0.610235 2.98353 0.674152,1.3189 2.9773 0.680386,0.610235 2.9773 0.680386,0.610235 2.96151 0.687988,0.659448 2.95275 0.688975,0.610235 2.95275 0.688975,1.3189 2.96983 0.685076,0.610235 2.96983 0.685076,1.3189 2.96151 0.687988,1.31889 2.95275 0.688975]
}}
appearance Appearance{material Material{diffuseColor 1 1 1
transparency 0}}}
Shape { geometry IndexedFaceSet 
{ creaseAngle 0.50 coordIndex [0,1,2,-1,3,1,0,-1]
coord Coordinate { point [-2.18897 -1.41732 0.059055,-2.34645 -1.39764 0.07874,-2.34645 -1.41732 0.059055,-2.18897 -1.39764 0.07874]
}}
appearance Appearance{material Material{diffuseColor 1 0.807843 0.498039
transparency 0}}}
Shape { geometry IndexedFaceSet 
{ creaseAngle 0.50 coordIndex [0,1,2,-1,3,4,5,-1,6,7,8,-1,9,6,8,-1,10,11,12,-1,13,10,12,-1,14,15,16,-1,14,2,15,-1,14,17,0,-1,14,0,2,-1,18,19,20,-1,18,16,19,-1,18,14,16,-1,21,20,4,-1,21,4,3,-1,21,18,20,-1,22,8,17,-1,22,17,14,-1,23,14,18,-1,23,22,14,-1,24,3,25,-1,24,25,12,-1,24,21,3,-1,24,18,21,-1,24,23,18,-1,26,11,27,-1,26,27,28,-1,26,28,9,-1,26,22,23,-1,26,24,12,-1,26,8,22,-1,26,9,8,-1,26,12,11,-1,26,23,24,-1]
coord Coordinate { point [-1.47047 1.33917 0.52002,-1.47047 1.31391 0.509805,-1.46948 1.30984 0.517562,-1.4311 1.33152 0.558767,-1.43986 1.29607 0.543791,-1.4311 1.29562 0.544665,-1.46948 1.43358 0.523382,-1.47047 1.43025 0.515277,-1.47047 1.39939 0.523911,-1.46657 1.43674 0.531081,-1.43986 1.44482 0.550788,-1.44818 1.44372 0.548094,-1.4311 1.40813 0.562371,-1.4311 1.4452 0.551701,-1.46657 1.33736 0.537258,-1.46657 1.30597 0.52493,-1.46188 1.3025 0.53154,-1.47047 1.3666 0.525121,-1.45565 1.33377 0.550478,-1.45565 1.29961 0.53706,-1.44818 1.29743 0.541213,-1.43986 1.33178 0.557815,-1.46657 1.37067 0.5425,-1.45565 1.37003 0.556184,-1.43986 1.36967 0.563778,-1.4311 1.36963 0.564764,-1.45894 1.40495 0.551214,-1.45565 1.44194 0.543755,-1.46188 1.43957 0.537987]
}}
appearance Appearance{material Material{diffuseColor 1 0.807843 0.498039
transparency 0}}}
Shape { geometry IndexedFaceSet 
{ creaseAngle 0.50 coordIndex [0,1,2,-1,0,2,3,-1]
coord Coordinate { point [-2.34645 -1.39764 0.019685,-2.18897 -1.39764 0.019685,-2.18897 -1.41732 0.03937,-2.34645 -1.41732 0.03937]
}}
appearance Appearance{material Material{diffuseColor 1 0.807843 0.498039
transparency 0}}}
Shape { geometry IndexedFaceSet 
{ creaseAngle 0.50 coordIndex [0,1,2,-1,1,3,2,-1]
coord Coordinate { point [-1.48031 -0.94488 0.210629,-1.32283 -0.94488 0.210629,-1.48031 -0.807085 0.210629,-1.32283 -0.807085 0.210629]
}}
appearance Appearance{material Material{diffuseColor 1 0.807843 0.498039
transparency 0}}}
Shape { geometry IndexedFaceSet 
{ creaseAngle 0.50 coordIndex [0,1,2,-1,3,0,2,-1,4,2,5,-1,4,3,2,-1,6,5,7,-1,6,4,5,-1,8,7,9,-1,8,6,7,-1,10,9,11,-1,10,8,9,-1,12,11,13,-1,12,10,11,-1,14,13,15,-1,14,12,13,-1]
coord Coordinate { point [-2.26378 3.05117 0.649605,-2.5 3.05117 0.649605,-2.49999 3.04871 0.671507,-2.26377 3.04871 0.671507,-2.26377 3.04143 0.69231,-2.49999 3.04143 0.69231,-2.26377 3.0297 0.710972,-2.49999 3.0297 0.710972,-2.26377 3.01412 0.726557,-2.49999 3.01412 0.726557,-2.26377 2.99546 0.738283,-2.49999 2.99546 0.738283,-2.26377 2.97465 0.745562,-2.49999 2.97465 0.745562,-2.26378 2.95275 0.74803,-2.5 2.95275 0.74803]
}}
appearance Appearance{material Material{diffuseColor 1 1 1
transparency 0}}}
Shape { geometry IndexedFaceSet 
{ creaseAngle 0.50 coordIndex [0,1,2,-1,2,1,3,-1,3,4,5,-1,1,4,3,-1,5,6,7,-1,4,6,5,-1,7,8,9,-1,6,8,7,-1,9,10,11,-1,8,10,9,-1,11,12,13,-1,13,12,14,-1,10,12,11,-1,14,15,16,-1,12,15,14,-1]
coord Coordinate { point [0.685038 -0.984214 0.113892,0.685038 -0.982915 0.122369,0.842518 -0.984214 0.113892,0.842518 -0.98258 0.123539,0.685038 -0.979812 0.130365,0.842518 -0.97905 0.13176,0.685038 -0.97505 0.137498,0.842518 -0.974222 0.138454,0.685038 -0.968857 0.143431,0.842518 -0.96797 0.144095,0.685038 -0.961526 0.147882,0.842518 -0.960876 0.14818,0.685038 -0.953405 0.15064,0.842518 -0.95325 0.150673,0.842518 -0.94908 0.151348,0.685038 -0.94488 0.151574,0.842518 -0.94488 0.151574]
}}
appearance Appearance{material Material{diffuseColor 1 0.807843 0.498039
transparency 0}}}
Shape { geometry IndexedFaceSet 
{ creaseAngle 0.50 coordIndex [0,1,2,-1,2,1,3,-1,4,5,6,-1,6,5,7,-1,8,1,0,-1,7,9,10,-1,5,9,7,-1,3,11,12,-1,12,11,13,-1,13,11,14,-1,14,11,15,-1,15,11,16,-1,10,17,18,-1,9,17,10,-1,1,11,3,-1,16,19,20,-1,20,19,21,-1,21,19,22,-1,22,19,23,-1,23,19,24,-1,24,19,25,-1,25,19,26,-1,26,19,27,-1,27,19,28,-1,28,19,29,-1,29,19,30,-1,30,19,31,-1,11,19,16,-1,19,32,31,-1,18,8,33,-1,33,8,0,-1,17,8,18,-1]
coord Coordinate { point [2.3622 -2.5163 0.688975,2.3622 -2.5163 0.74803,2.36498 -2.51721 0.688775,2.36665 -2.51768 0.688465,2.32283 -2.46063 0.74803,2.32461 -2.47502 0.74803,2.32283 -2.46063 0.688975,2.32461 -2.47502 0.688975,2.34922 -2.50983 0.74803,2.32985 -2.48854 0.74803,2.32985 -2.48854 0.688975,2.37198 -2.51885 0.747421,2.36673 -2.5177 0.688446,2.36844 -2.51813 0.68796,2.37095 -2.51866 0.686923,2.3711 -2.51869 0.686844,2.37269 -2.51896 0.685946,2.33822 -2.50038 0.74803,2.33822 -2.50038 0.688975,2.38189 -2.51968 0.74553,2.37419 -2.51918 0.684905,2.37483 -2.51926 0.684389,2.37631 -2.51942 0.683011,2.3775 -2.51952 0.681674,2.37803 -2.51955 0.680985,2.37856 -2.51959 0.680238,2.37998 -2.51965 0.677727,2.38034 -2.51966 0.676919,2.38068 -2.51967 0.676058,2.38123 -2.51968 0.674337,2.38149 -2.51968 0.673188,2.38172 -2.51968 0.671835,2.38189 -2.51968 0.66929,2.34922 -2.50983 0.688975]
}}
appearance Appearance{material Material{diffuseColor 1 1 1
transparency 0}}}
Shape { geometry IndexedFaceSet 
{ creaseAngle 0.50 coordIndex [0,1,2,-1,3,0,2,-1]
coord Coordinate { point [-1.04331 -0.55118 0.263779,-0.885825 -0.55118 0.263779,-0.885825 -0.55118 0.210629,-1.04331 -0.55118 0.210629]
}}
appearance Appearance{material Material{diffuseColor 0.792157 0.819608 0.933333
transparency 0}}}
Shape { geometry IndexedFaceSet 
{ creaseAngle 0.50 coordIndex [0,1,2,-1,0,2,3,-1]
coord Coordinate { point [-1.04331 -0.55118 0.019685,-1.04331 -0.55118 0.151574,-0.885825 -0.55118 0.151574,-0.885825 -0.55118 0.019685]
}}
appearance Appearance{material Material{diffuseColor 0.411765 0.411765 0.411765
transparency 0}}}
Shape { geometry IndexedFaceSet 
{ creaseAngle 0.50 coordIndex [0,1,2,-1,3,0,2,-1,4,5,0,-1,4,0,3,-1,6,7,5,-1,6,5,4,-1,8,9,7,-1,8,7,6,-1,10,9,8,-1,11,10,8,-1]
coord Coordinate { point [-1.75196 1.00393 0.74803,-1.75196 0.74803 0.74803,-1.75196 0.74803 0.688975,-1.75196 1.00393 0.688975,-1.75196 1.06493 0.688,-1.75196 1.06682 0.747025,-1.75196 1.12587 0.685078,-1.75196 1.12964 0.744012,-1.75196 1.18668 0.68021,-1.75196 1.19234 0.738993,-1.75196 1.55511 0.704112,-1.75196 1.55511 0.644785]
}}
appearance Appearance{material Material{diffuseColor 1 1 1
transparency 0}}}
Shape { geometry IndexedFaceSet 
{ creaseAngle 0.50 coordIndex [0,1,2,-1,0,3,1,-1]
coord Coordinate { point [1.69291 2.95275 0.300933,1.69291 2.87401 0.216535,1.69291 2.87401 0.413385,1.69291 2.95275 0.216535]
}}
appearance Appearance{material Material{diffuseColor 0.411765 0.411765 0.411765
transparency 0}}}
Shape { geometry IndexedFaceSet 
{ creaseAngle 0.50 coordIndex [0,1,2,-1,3,4,0,-1,3,2,5,-1,3,5,6,-1,3,6,7,-1,3,0,2,-1,8,4,3,-1,9,10,11,-1,9,11,12,-1,9,12,13,-1,9,13,14,-1,9,14,15,-1,9,15,8,-1,9,8,3,-1,16,3,17,-1,16,9,3,-1]
coord Coordinate { point [2.79527 0.675834 0.301668,2.79527 0.663352 0.297301,2.79527 0.652155 0.290265,2.79527 0.62992 0.244094,2.79527 0.688975 0.303149,2.79527 0.642804 0.280914,2.79527 0.635768 0.269717,2.79527 0.631401 0.257235,2.79527 0.846455 0.303149,2.79527 0.90551 0.244094,2.79527 0.904029 0.257235,2.79527 0.899662 0.269717,2.79527 0.892626 0.280914,2.79527 0.883275 0.290265,2.79527 0.872078 0.297301,2.79527 0.859596 0.301668,2.79527 0.90551 0.019685,2.79527 0.62992 0.019685]
}}
appearance Appearance{material Material{diffuseColor 0.411765 0.411765 0.411765
transparency 0}}}
Shape { geometry IndexedFaceSet 
{ creaseAngle 0.50 coordIndex [0,1,2,-1,0,3,1,-1]
coord Coordinate { point [-0.206692 2.95275 0.019685,-0.206692 2.40157 0.098425,-0.206692 2.40157 0.019685,-0.206692 2.95275 0.098425]
}}
appearance Appearance{material Material{diffuseColor 0.411765 0.411765 0.411765
transparency 0}}}
Shape { geometry IndexedFaceSet 
{ creaseAngle 0.50 coordIndex [0,1,2,-1,0,3,1,-1,4,2,5,-1,4,0,2,-1,6,5,7,-1,6,4,5,-1,8,7,9,-1,8,6,7,-1,10,9,11,-1,10,8,9,-1,12,11,13,-1,12,10,11,-1,14,13,15,-1,14,12,13,-1]
coord Coordinate { point [-2.51308 -2.12894 0.007874,-2.53937 -2.12598 0.066929,-2.51308 -2.12894 0.066929,-2.53937 -2.12598 0.007874,-2.48812 -2.13768 0.007874,-2.48812 -2.13768 0.066929,-2.46572 -2.15175 0.007874,-2.46572 -2.15175 0.066929,-2.44702 -2.17045 0.007874,-2.44702 -2.17045 0.066929,-2.43295 -2.19284 0.007874,-2.43295 -2.19284 0.066929,-2.42422 -2.21781 0.007874,-2.42422 -2.21781 0.066929,-2.42126 -2.24409 0.007874,-2.42126 -2.24409 0.066929]
}}
appearance Appearance{material Material{diffuseColor 1 1 1
transparency 0}}}
Shape { geometry IndexedFaceSet 
{ creaseAngle 0.50 coordIndex [0,1,2,-1,2,1,3,-1,3,4,5,-1,5,4,6,-1,1,4,3,-1,4,7,6,-1]
coord Coordinate { point [-0.131942 1.24514 0.476845,-0.131942 1.23489 0.471992,-0.0727817 1.24514 0.476845,-0.0727817 1.23489 0.471992,-0.131942 1.22428 0.467999,-0.0727817 1.22428 0.467999,-0.0727817 1.21337 0.464892,-0.131942 1.21337 0.464892]
}}
appearance Appearance{material Material{diffuseColor 1 0.807843 0.498039
transparency 0}}}
Shape { geometry IndexedFaceSet 
{ creaseAngle 0.50 coordIndex [0,1,2,-1,2,1,3,-1,3,1,4,-1,4,5,6,-1,1,5,4,-1,6,7,8,-1,5,7,6,-1,8,9,10,-1,7,9,8,-1,10,11,12,-1,9,11,10,-1,12,13,14,-1,11,13,12,-1,13,15,14,-1]
coord Coordinate { point [0.35433 2.62254 0.60148,0.353343 2.63126 0.600641,0.35433 2.62066 0.581885,0.353343 2.62938 0.581046,0.350431 2.63766 0.58025,0.350431 2.63955 0.599845,0.345741 2.64509 0.579536,0.345741 2.64698 0.59913,0.339507 2.6513 0.578939,0.339507 2.65318 0.598534,0.332042 2.65597 0.57849,0.332042 2.65785 0.598085,0.323721 2.65887 0.578211,0.323721 2.66075 0.597806,0.31496 2.65985 0.578117,0.31496 2.66173 0.597711]
}}
appearance Appearance{material Material{diffuseColor 1 1 1
transparency 0}}}
Shape { geometry IndexedFaceSet 
{ creaseAngle 0.50 coordIndex [0,1,2,-1,3,1,0,-1]
coord Coordinate { point [-2.29729 1.61417 0.450849,-2.23813 1.62164 0.469061,-2.23813 1.61417 0.450849,-2.29729 1.62164 0.469061]
}}
appearance Appearance{material Material{diffuseColor 1 0.807843 0.498039
transparency 0}}}
Shape { geometry IndexedFaceSet 
{ creaseAngle 0.50 coordIndex [0,1,2,-1,1,3,2,-1,2,3,4,-1,5,6,1,-1,1,6,3,-1,7,8,5,-1,5,8,6,-1,7,9,8,-1,7,10,9,-1,7,11,10,-1,11,12,10,-1,13,2,14,-1,14,2,15,-1,15,2,16,-1,16,2,4,-1]
coord Coordinate { point [2.70308 0.59055 0.728345,2.68274 0.59055 0.73914,2.69685 0.59055 0.728345,2.66341 0.59055 0.683127,2.67461 0.59055 0.676091,2.6607 0.59055 0.745786,2.65093 0.59055 0.687494,2.63779 0.59055 0.74803,2.63779 0.59055 0.688975,2.6181 0.59055 0.688975,2.57874 0.59055 0.688975,1.90944 0.59055 0.74803,1.90944 0.59055 0.688975,2.69685 0.59055 0.62992,2.69536 0.59055 0.643061,2.691 0.59055 0.655543,2.68396 0.59055 0.66674]
}}
appearance Appearance{material Material{diffuseColor 1 1 1
transparency 0}}}
Shape { geometry IndexedFaceSet 
{ creaseAngle 0.50 coordIndex [0,1,2,-1,0,2,3,-1,4,5,0,-1,4,3,6,-1,4,0,3,-1,7,4,6,-1,8,6,9,-1,8,9,10,-1,8,7,6,-1,11,7,8,-1,12,13,11,-1,12,11,8,-1,14,12,15,-1,14,16,17,-1,14,17,13,-1,14,13,12,-1]
coord Coordinate { point [-1.7796 1.60553 0.454395,-1.77307 1.59899 0.457078,-1.76858 1.59144 0.460174,-1.76642 1.58469 0.462945,-1.79608 1.61321 0.451244,-1.78746 1.61032 0.452426,-1.76569 1.57775 0.465792,-1.80506 1.61417 0.450849,-1.90359 1.57775 0.465792,-1.76569 1.50152 0.497066,-1.90359 1.50152 0.497066,-1.86422 1.61417 0.450849,-1.90255 1.58605 0.462384,-1.87172 1.6135 0.451123,-1.89425 1.6013 0.456127,-1.89944 1.59404 0.45911,-1.88718 1.60734 0.453651,-1.87902 1.6115 0.451944]
}}
appearance Appearance{material Material{diffuseColor 1 0.807843 0.498039
transparency 0}}}
Shape { geometry IndexedFaceSet 
{ creaseAngle 0.50 coordIndex [0,1,2,-1,0,3,1,-1,4,2,5,-1,4,0,2,-1,6,5,7,-1,6,4,5,-1,8,7,9,-1,8,6,7,-1,10,9,11,-1,10,8,9,-1,12,13,14,-1,12,11,13,-1,12,10,11,-1,15,12,14,-1]
coord Coordinate { point [-2.34645 -1.03997 0.137617,-2.18897 -1.04321 0.116423,-2.18897 -1.03997 0.137617,-2.34645 -1.04321 0.116423,-2.34645 -1.03221 0.157605,-2.18897 -1.03221 0.157605,-2.34645 -1.02031 0.175438,-2.18897 -1.02031 0.175438,-2.34645 -1.00482 0.190271,-2.18897 -1.00482 0.190271,-2.34645 -0.986496 0.201399,-2.18897 -0.986496 0.201399,-2.34645 -0.966194 0.208294,-2.18897 -0.966194 0.208294,-2.18897 -0.94488 0.210629,-2.34645 -0.94488 0.210629]
}}
appearance Appearance{material Material{diffuseColor 1 0.807843 0.498039
transparency 0}}}
Shape { geometry IndexedFaceSet 
{ creaseAngle 0.50 coordIndex [0,1,2,-1,0,2,3,-1]
coord Coordinate { point [-0.437038 0.03937 0.151574,-0.43704 0.03937 0.210629,-0.437019 -0.137795 0.210629,-0.437019 -0.137795 0.151574]
}}
appearance Appearance{material Material{diffuseColor 0.792157 0.819608 0.933333
transparency 0}}}
Shape { geometry IndexedFaceSet 
{ creaseAngle 0.50 coordIndex [0,1,2,-1,3,2,4,-1,3,0,2,-1,5,4,6,-1,5,3,4,-1,7,6,8,-1,7,5,6,-1,9,8,10,-1,9,7,8,-1,11,10,12,-1,11,9,10,-1,13,12,14,-1,13,11,12,-1,15,13,14,-1]
coord Coordinate { point [-1.80506 1.37436 0.544665,-1.80506 1.24514 0.476845,-1.7963 1.2456 0.475971,-1.7963 1.37481 0.543791,-1.78798 1.24695 0.473392,-1.78798 1.37617 0.541213,-1.78051 1.24913 0.469239,-1.78051 1.37835 0.53706,-1.77428 1.25203 0.46372,-1.77428 1.38124 0.53154,-1.76959 1.2555 0.45711,-1.76959 1.38471 0.52493,-1.76668 1.25936 0.449742,-1.76668 1.38858 0.517562,-1.76569 1.26343 0.441985,-1.76569 1.39265 0.509805]
}}
appearance Appearance{material Material{diffuseColor 1 0.807843 0.498039
transparency 0}}}
Shape { geometry IndexedFaceSet 
{ creaseAngle 0.50 coordIndex [0,1,2,-1,3,2,4,-1,3,0,2,-1,5,4,6,-1,5,3,4,-1,7,6,8,-1,7,5,6,-1,9,8,10,-1,9,7,8,-1,11,10,12,-1,11,9,10,-1,13,12,14,-1,13,11,12,-1,15,13,14,-1]
coord Coordinate { point [-1.86422 1.24514 0.476845,-1.86422 1.37436 0.544665,-1.87298 1.37481 0.543791,-1.87298 1.2456 0.475971,-1.8813 1.37617 0.541213,-1.8813 1.24695 0.473392,-1.88877 1.37835 0.53706,-1.88877 1.24913 0.469239,-1.895 1.38124 0.53154,-1.895 1.25203 0.46372,-1.89969 1.38471 0.52493,-1.89969 1.2555 0.45711,-1.90261 1.38858 0.517562,-1.90261 1.25936 0.449742,-1.90359 1.39265 0.509805,-1.90359 1.26343 0.441985]
}}
appearance Appearance{material Material{diffuseColor 1 0.807843 0.498039
transparency 0}}}
Shape { geometry IndexedFaceSet 
{ creaseAngle 0.50 coordIndex [0,1,2,-1,1,3,2,-1,2,4,5,-1,3,4,2,-1,5,6,7,-1,4,6,5,-1]
coord Coordinate { point [0.098425 1.18668 0.68021,0.492125 1.18668 0.68021,0.098425 1.12587 0.685078,0.492125 1.12587 0.685078,0.492125 1.06493 0.688,0.098425 1.06493 0.688,0.492125 1.00393 0.688975,0.098425 1.00393 0.688975]
}}
appearance Appearance{material Material{diffuseColor 1 1 1
transparency 0}}}
Shape { geometry IndexedFaceSet 
{ creaseAngle 0.50 coordIndex [0,1,2,-1,1,3,2,-1,3,4,2,-1,4,5,2,-1,5,6,2,-1,2,7,8,-1,6,7,2,-1,7,9,8,-1,9,10,11,-1,7,10,9,-1,10,12,11,-1,11,13,14,-1,14,13,15,-1,16,13,17,-1,17,13,12,-1,12,13,11,-1]
coord Coordinate { point [-2.51308 -2.63483 0.066929,-2.48812 -2.62609 0.066929,-2.53937 -2.63779 0.066929,-2.46572 -2.61202 0.066929,-2.44702 -2.59332 0.066929,-2.43295 -2.57093 0.066929,-2.42422 -2.54596 0.066929,-2.42126 -2.51968 0.066929,-2.65748 -2.63779 0.066929,-2.65748 -2.12598 0.066929,-2.42126 -2.24409 0.066929,-2.53937 -2.12598 0.066929,-2.42422 -2.21781 0.066929,-2.46572 -2.15175 0.066929,-2.51308 -2.12894 0.066929,-2.48812 -2.13768 0.066929,-2.44702 -2.17045 0.066929,-2.43295 -2.19284 0.066929]
}}
appearance Appearance{material Material{diffuseColor 1 1 1
transparency 0}}}
Shape { geometry IndexedFaceSet 
{ creaseAngle 0.50 coordIndex [0,1,2,-1,3,0,2,-1,4,0,3,-1,5,4,3,-1]
coord Coordinate { point [0.426281 0.35396 0.219936,0.429133 0.27559 0.210629,0.429133 0.27559 0.151574,0.425777 0.36779 0.162523,0.413094 0.716262 0.30721,0.412829 0.730083 0.249796]
}}
appearance Appearance{material Material{diffuseColor 1 0.807843 0.498039
transparency 0}}}
Shape { geometry IndexedFaceSet 
{ creaseAngle 0.50 coordIndex [0,1,2,-1,2,1,3,-1,3,4,5,-1,1,4,3,-1,5,6,7,-1,4,6,5,-1,7,8,9,-1,6,8,7,-1,9,10,11,-1,8,10,9,-1]
coord Coordinate { point [2.5 0.264411 0.492762,2.5 0.284385 0.492519,1.90944 0.264411 0.492762,1.90945 0.284385 0.492519,2.5 0.303998 0.496314,1.90945 0.303998 0.496314,2.5 0.32244 0.50399,1.90945 0.32244 0.50399,2.5 0.338952 0.515233,1.90944 0.338952 0.515233,2.49925 0.346849 0.522655,1.91019 0.346849 0.522655]
}}
appearance Appearance{material Material{diffuseColor 1 1 1
transparency 0}}}
Shape { geometry IndexedFaceSet 
{ creaseAngle 0.50 coordIndex [0,1,2,-1,3,0,2,-1,4,2,5,-1,4,3,2,-1,6,5,7,-1,6,4,5,-1,8,7,9,-1,8,6,7,-1,10,9,11,-1,10,8,9,-1,12,13,14,-1,12,11,13,-1,12,10,11,-1,15,12,14,-1]
coord Coordinate { point [-1.22047 2.83464 0.74803,-0.43307 2.83464 0.74803,-0.43307 2.86092 0.745069,-1.22047 2.86092 0.745069,-1.22047 2.88589 0.736333,-0.43307 2.88589 0.736333,-1.22047 2.90828 0.722262,-0.43307 2.90828 0.722262,-1.22047 2.92698 0.70356,-0.43307 2.92698 0.70356,-1.22047 2.94105 0.681166,-0.43307 2.94105 0.681166,-1.22047 2.94979 0.656202,-0.43307 2.94979 0.656202,-0.43307 2.95275 0.62992,-1.22047 2.95275 0.62992]
}}
appearance Appearance{material Material{diffuseColor 1 1 1
transparency 0}}}
Shape { geometry IndexedFaceSet 
{ creaseAngle 0.50 coordIndex [0,1,2,-1,2,3,4,-1,1,3,2,-1,4,5,6,-1,3,5,4,-1,6,7,8,-1,8,7,9,-1,5,7,6,-1,9,10,11,-1,7,10,9,-1]
coord Coordinate { point [-0.899552 1.4018 0.492375,-1.03745 1.4018 0.492375,-0.899552 1.41931 0.499832,-1.03745 1.42574 0.501776,-0.899552 1.43772 0.50437,-1.03745 1.45114 0.505774,-0.899552 1.45669 0.505904,-1.03745 1.47681 0.504179,-0.899552 1.47703 0.504141,-0.899552 1.48945 0.501271,-1.03745 1.50152 0.497066,-0.899552 1.50152 0.497066]
}}
appearance Appearance{material Material{diffuseColor 1 0.807843 0.498039
transparency 0}}}
Shape { geometry IndexedFaceSet 
{ creaseAngle 0.50 coordIndex [0,1,2,-1,0,2,3,-1,4,1,0,-1,5,6,1,-1,5,1,4,-1,7,6,5,-1,8,6,7,-1,9,8,7,-1,10,11,8,-1,10,8,9,-1,12,13,11,-1,12,11,10,-1,14,13,12,-1,15,13,14,-1,16,15,14,-1,17,15,16,-1,18,15,17,-1,19,18,17,-1,20,18,19,-1,21,20,19,-1]
coord Coordinate { point [-0.899552 1.2272 0.407479,-0.899552 1.22259 0.426617,-0.899552 0.927917 0.355375,-0.899552 0.927924 0.335388,-0.899552 1.24278 0.411918,-0.899552 1.25794 0.417623,-0.899552 1.26343 0.441985,-0.899552 1.27258 0.424554,-0.899552 1.39265 0.509805,-0.899552 1.4018 0.492375,-0.899552 1.41931 0.499832,-0.899552 1.4182 0.519947,-0.899552 1.43772 0.50437,-0.899552 1.44542 0.524825,-0.899552 1.45669 0.505904,-0.899552 1.47787 0.523761,-0.899552 1.47703 0.504141,-0.899552 1.48945 0.501271,-0.899552 1.50899 0.515277,-0.899552 1.50152 0.497066,-0.899552 1.58522 0.484004,-0.899552 1.57775 0.465792]
}}
appearance Appearance{material Material{diffuseColor 1 0.807843 0.498039
transparency 0}}}
Shape { geometry IndexedFaceSet 
{ creaseAngle 0.50 coordIndex [0,1,2,-1,2,1,3,-1,3,4,5,-1,1,4,3,-1,5,6,7,-1,4,6,5,-1,7,8,9,-1,6,8,7,-1,9,10,11,-1,8,10,9,-1,11,12,13,-1,10,12,11,-1,13,14,15,-1,12,14,13,-1]
coord Coordinate { point [-2.69685 -2.63779 0.106299,-2.69586 -2.63779 0.0975384,-2.69685 -2.12598 0.106299,-2.6958 -2.12598 0.0973198,-2.69295 -2.63779 0.089217,-2.69269 -2.12598 0.0886927,-2.68826 -2.63779 0.0817522,-2.6875 -2.12598 0.0808358,-2.68202 -2.63779 0.0755183,-2.68043 -2.12598 0.0743117,-2.67456 -2.63779 0.0708279,-2.67228 -2.12598 0.0698156,-2.66624 -2.63779 0.0679161,-2.66498 -2.12598 0.0676523,-2.65748 -2.63779 0.066929,-2.65748 -2.12598 0.066929]
}}
appearance Appearance{material Material{diffuseColor 1 1 1
transparency 0}}}
Shape { geometry IndexedFaceSet 
{ creaseAngle 0.50 coordIndex [0,1,2,-1,0,3,1,-1]
coord Coordinate { point [1.90944 -1.9685 0.688975,1.97063 -1.9685 0.74803,1.97099 -1.9685 0.688975,1.90944 -1.9685 0.74803]
}}
appearance Appearance{material Material{diffuseColor 1 1 1
transparency 0}}}
Shape { geometry IndexedFaceSet 
{ creaseAngle 0.50 coordIndex [0,1,2,-1,0,3,1,-1,0,4,3,-1,0,5,4,-1,0,6,5,-1,0,7,6,-1,8,9,10,-1,11,9,8,-1,12,9,11,-1,13,9,12,-1,14,9,13,-1,15,0,9,-1,15,7,0,-1,15,9,14,-1,16,7,15,-1,17,18,16,-1,17,19,18,-1,17,20,19,-1,17,21,20,-1,17,22,21,-1,23,17,16,-1,24,16,15,-1,25,23,16,-1,25,16,24,-1,26,25,24,-1,27,24,28,-1,29,26,24,-1,30,24,27,-1,31,29,24,-1,31,24,30,-1]
coord Coordinate { point [0.31496 2.32203 0.55127,0.332042 2.32591 0.550897,0.323721 2.32302 0.551176,0.339507 2.33058 0.550448,0.345741 2.33679 0.549852,0.350431 2.34422 0.549137,0.353343 2.3525 0.548341,0.35433 2.36122 0.547502,0.258508 2.32591 0.550897,0.27559 2.32203 0.55127,0.266829 2.32302 0.551176,0.251043 2.33058 0.550448,0.244809 2.33679 0.549852,0.240119 2.34422 0.549137,0.237207 2.3525 0.548341,0.23622 2.36122 0.547502,0.35433 2.61501 0.523101,0.323721 2.65321 0.519427,0.353343 2.62373 0.522263,0.350431 2.63201 0.521466,0.345741 2.63944 0.520752,0.339507 2.64565 0.520155,0.332042 2.65032 0.519706,0.31496 2.6542 0.519333,0.23622 2.61501 0.523101,0.27559 2.6542 0.519333,0.266829 2.65321 0.519427,0.240119 2.63201 0.521466,0.237207 2.62373 0.522263,0.258508 2.65032 0.519706,0.244809 2.63944 0.520752,0.251043 2.64565 0.520155]
}}
appearance Appearance{material Material{diffuseColor 0.792157 0.819608 0.933333
transparency 0}}}
Shape { geometry IndexedFaceSet 
{ creaseAngle 0.50 coordIndex [0,1,2,-1,1,3,2,-1]
coord Coordinate { point [-0.00681946 0.19648 0.219936,-0.197935 0.19648 0.219936,-0.00397025 0.11811 0.210629,-0.200787 0.11811 0.210629]
}}
appearance Appearance{material Material{diffuseColor 1 0.807843 0.498039
transparency 0}}}
Shape { geometry IndexedFaceSet 
{ creaseAngle 0.50 coordIndex [0,1,2,-1,2,1,3,-1,3,4,5,-1,1,4,3,-1,5,6,7,-1,4,6,5,-1,7,8,9,-1,6,8,7,-1,9,10,11,-1,8,10,9,-1,11,12,13,-1,10,12,11,-1,13,14,15,-1,12,14,13,-1]
coord Coordinate { point [2.12598 2.89369 0.19685,2.13912 2.89369 0.198331,2.12598 2.95275 0.19685,2.13912 2.95275 0.198331,2.1516 2.89369 0.202698,2.1516 2.95275 0.202698,2.1628 2.89369 0.209734,2.1628 2.95275 0.209734,2.17215 2.89369 0.219085,2.17215 2.95275 0.219085,2.17919 2.89369 0.230282,2.17919 2.95275 0.230282,2.18355 2.89369 0.242764,2.18355 2.95275 0.242764,2.18504 2.89369 0.255905,2.18504 2.95275 0.255905]
}}
appearance Appearance{material Material{diffuseColor 1 1 1
transparency 0}}}
Shape { geometry IndexedFaceSet 
{ creaseAngle 0.50 coordIndex [0,1,2,-1,3,4,5,-1,2,6,3,-1,1,6,2,-1,6,7,3,-1,3,7,4,-1,4,8,9,-1,7,8,4,-1,9,10,11,-1,8,10,9,-1,11,12,13,-1,10,12,11,-1,12,14,13,-1,13,15,16,-1,14,15,13,-1,15,17,16,-1]
coord Coordinate { point [2.39909 -1.93132 0.68434,2.39947 -1.93132 0.74378,2.40051 -1.9398 0.68531,2.40379 -1.94787 0.686232,2.40869 -1.95493 0.688975,2.40869 -1.95494 0.68704,2.40111 -1.94056 0.744836,2.40469 -1.94881 0.745779,2.40963 -1.95557 0.746552,2.41424 -1.96019 0.688975,2.41593 -1.96118 0.747193,2.42086 -1.96436 0.688975,2.42317 -1.96526 0.74766,2.42952 -1.96748 0.688975,2.43082 -1.96768 0.747936,2.43486 -1.9683 0.748007,2.43845 -1.9685 0.688975,2.43881 -1.9685 0.74803]
}}
appearance Appearance{material Material{diffuseColor 1 1 1
transparency 0}}}
Shape { geometry IndexedFaceSet 
{ creaseAngle 0.50 coordIndex [0,1,2,-1,3,2,4,-1,3,0,2,-1,5,4,6,-1,5,3,4,-1,7,6,8,-1,7,5,6,-1,9,8,10,-1,9,7,8,-1,11,10,12,-1,11,9,10,-1,13,12,14,-1,13,11,12,-1,15,13,14,-1]
coord Coordinate { point [-0.505905 1.29562 0.544665,-0.505905 1.1664 0.476845,-0.497144 1.16686 0.475971,-0.497144 1.29607 0.543791,-0.488822 1.16821 0.473392,-0.488822 1.29743 0.541213,-0.481358 1.17039 0.469239,-0.481358 1.29961 0.53706,-0.475124 1.17329 0.46372,-0.475124 1.3025 0.53154,-0.470433 1.17676 0.45711,-0.470433 1.30597 0.52493,-0.467522 1.18062 0.449742,-0.467522 1.30984 0.517562,-0.466535 1.18469 0.441985,-0.466535 1.31391 0.509805]
}}
appearance Appearance{material Material{diffuseColor 1 0.807843 0.498039
transparency 0}}}
Shape { geometry IndexedFaceSet 
{ creaseAngle 0.50 coordIndex [0,1,2,-1,0,3,1,-1]
coord Coordinate { point [-1.7126 2.99212 -1.97051e-12,-2.18504 2.77558 -1.97034e-12,-2.18504 2.99212 -1.97034e-12,-1.7126 2.77558 -1.97051e-12]
}}
appearance Appearance{material Material{diffuseColor 1 1 1
transparency 0}}}
Shape { geometry IndexedFaceSet 
{ creaseAngle 0.50 coordIndex [0,1,2,-1,3,2,4,-1,3,0,2,-1,5,4,6,-1,5,3,4,-1,7,6,8,-1,7,5,6,-1,9,8,10,-1,9,7,8,-1,11,10,12,-1,11,12,13,-1,14,9,10,-1,14,10,11,-1,15,14,11,-1,16,14,15,-1,17,16,15,-1]
coord Coordinate { point [-0.0334117 1.22259 0.426617,-0.0334117 1.26343 0.441985,-0.0343988 1.25936 0.449742,-0.0343988 1.22054 0.435134,-0.0373105 1.2555 0.45711,-0.0373105 1.21859 0.443224,-0.042001 1.25203 0.46372,-0.042001 1.21684 0.450481,-0.0482349 1.24913 0.469239,-0.0482349 1.21538 0.456542,-0.0556997 1.24695 0.473392,-0.0727817 1.23489 0.471992,-0.064021 1.2456 0.475971,-0.0727817 1.24514 0.476845,-0.0556997 1.21428 0.461102,-0.0727817 1.22428 0.467999,-0.064021 1.2136 0.463933,-0.0727817 1.21337 0.464892]
}}
appearance Appearance{material Material{diffuseColor 1 0.807843 0.498039
transparency 0}}}
Shape { geometry IndexedFaceSet 
{ creaseAngle 0.50 coordIndex [0,1,2,-1,0,3,1,-1,4,5,6,-1,4,6,7,-1,8,9,10,-1,8,10,11,-1,12,9,8,-1,12,11,3,-1,12,8,11,-1,13,2,14,-1,13,0,2,-1,15,16,17,-1,15,18,16,-1,15,19,18,-1,15,7,19,-1,15,4,7,-1,20,14,5,-1,20,13,14,-1,21,22,9,-1,21,3,0,-1,21,9,12,-1,21,12,3,-1,23,22,21,-1,23,21,0,-1,23,0,13,-1,24,5,4,-1,24,20,5,-1,25,24,4,-1,25,15,17,-1,25,4,15,-1,26,22,23,-1,26,27,22,-1,26,23,13,-1,26,13,20,-1,28,25,17,-1,29,27,26,-1,29,20,24,-1,30,31,32,-1,29,26,20,-1,33,28,17,-1,34,10,35,-1,36,17,37,-1,36,33,17,-1,38,39,27,-1,40,35,41,-1,38,24,25,-1,40,34,35,-1,38,27,29,-1,38,29,24,-1,42,25,28,-1,42,39,38,-1,42,38,25,-1,43,10,34,-1,44,28,33,-1,1,34,40,-1,44,39,42,-1,44,42,28,-1,45,46,39,-1,1,43,34,-1,45,33,36,-1,45,44,33,-1,45,39,44,-1,47,40,41,-1,48,41,49,-1,50,36,37,-1,50,46,45,-1,50,45,36,-1,51,37,52,-1,48,47,41,-1,51,46,50,-1,51,50,37,-1,53,31,46,-1,2,40,47,-1,53,51,52,-1,53,46,51,-1,2,1,40,-1,54,52,32,-1,54,31,53,-1,54,32,31,-1,54,53,52,-1,6,48,49,-1,14,47,48,-1,14,2,47,-1,11,10,43,-1,3,11,43,-1,3,43,1,-1,7,49,55,-1,7,6,49,-1,5,48,6,-1,5,14,48,-1,19,55,18,-1,19,7,55,-1]
coord Coordinate { point [-0.16317 1.60881 0.488264,-0.164428 1.60706 0.479828,-0.166854 1.6034 0.484776,-0.162286 1.61021 0.481856,-0.168684 1.59621 0.492906,-0.168435 1.59848 0.490512,-0.169978 1.59511 0.486347,-0.170417 1.59242 0.488232,-0.160155 1.61251 0.480991,-0.159083 1.61365 0.481808,-0.159781 1.61097 0.473438,-0.162054 1.61038 0.480789,-0.16012 1.61265 0.482087,-0.163269 1.6082 0.490382,-0.167446 1.60206 0.486428,-0.168613 1.59306 0.495998,-0.16828 1.59093 0.497929,-0.163779 1.594 0.505407,-0.170535 1.58813 0.491103,-0.170577 1.58876 0.490697,-0.163085 1.60634 0.495575,-0.159444 1.613 0.488661,-0.157024 1.61491 0.490288,-0.159045 1.61295 0.490832,-0.162681 1.60503 0.498588,-0.161804 1.60306 0.502442,-0.157677 1.61242 0.496151,-0.153708 1.61467 0.498453,-0.161026 1.60165 0.504843,-0.156612 1.61185 0.499235,-0.131942 1.60016 0.520428,-0.138137 1.60552 0.517163,-0.141123 1.59974 0.519398,-0.160552 1.60087 0.506063,-0.164475 1.60643 0.477549,-0.164677 1.60545 0.475702,-0.159672 1.59952 0.508014,-0.157509 1.59658 0.511697,-0.154921 1.6108 0.503175,-0.1493 1.61296 0.505893,-0.165047 1.60571 0.47816,-0.168315 1.59916 0.478286,-0.153655 1.60994 0.505628,-0.163932 1.60762 0.479011,-0.152941 1.60943 0.506874,-0.151687 1.6085 0.508865,-0.144021 1.60986 0.512236,-0.167918 1.60107 0.481908,-0.168652 1.59942 0.483175,-0.170556 1.59232 0.481089,-0.148865 1.60631 0.512621,-0.148217 1.60578 0.513366,-0.149802 1.59852 0.516428,-0.145291 1.60336 0.516295,-0.142678 1.60111 0.518386,-0.171312 1.58522 0.484004]
}}
appearance Appearance{material Material{diffuseColor 1 0.807843 0.498039
transparency 0}}}
Shape { geometry IndexedFaceSet 
{ creaseAngle 0.50 coordIndex [0,1,2,-1,3,1,0,-1]
coord Coordinate { point [-0.131942 1.61417 0.450849,-0.0727816 1.62164 0.469061,-0.0727817 1.61417 0.450849,-0.131942 1.62164 0.469061]
}}
appearance Appearance{material Material{diffuseColor 1 0.807843 0.498039
transparency 0}}}
Shape { geometry IndexedFaceSet 
{ creaseAngle 0.50 coordIndex [0,1,2,-1,1,3,2,-1,2,4,5,-1,3,4,2,-1,5,6,7,-1,4,6,5,-1,7,8,9,-1,6,8,7,-1,9,10,11,-1,8,10,9,-1,11,12,13,-1,10,12,11,-1,13,14,15,-1,12,14,13,-1]
coord Coordinate { point [-2.18504 2.99212 0.51181,-2.18504 3.05117 0.51181,-2.20256 2.99212 0.513784,-2.20256 3.05118 0.513784,-2.2192 3.05118 0.519608,-2.2192 2.99212 0.519608,-2.23413 3.05118 0.528989,-2.23413 2.99212 0.528989,-2.2466 3.05118 0.541456,-2.2466 2.99212 0.541456,-2.25598 3.05118 0.556386,-2.25598 2.99212 0.556386,-2.2618 3.05118 0.573029,-2.2618 2.99212 0.573029,-2.26378 3.05117 0.59055,-2.26378 2.99212 0.59055]
}}
appearance Appearance{material Material{diffuseColor 1 1 1
transparency 0}}}
Shape { geometry IndexedFaceSet 
{ creaseAngle 0.50 coordIndex [0,1,2,-1,0,2,3,-1]
coord Coordinate { point [2.67716 0.90551 0.019685,2.67716 0.90551 0.244094,2.79527 0.90551 0.244094,2.79527 0.90551 0.019685]
}}
appearance Appearance{material Material{diffuseColor 0.411765 0.411765 0.411765
transparency 0}}}
Shape { geometry IndexedFaceSet 
{ creaseAngle 0.50 coordIndex [0,1,2,-1,3,1,0,-1]
coord Coordinate { point [-1.00394 2.89369 0.19685,-0.649605 2.95275 0.19685,-1.00394 2.95275 0.19685,-0.649605 2.89369 0.19685]
}}
appearance Appearance{material Material{diffuseColor 1 1 1
transparency 0}}}
Shape { geometry IndexedFaceSet 
{ creaseAngle 0.50 coordIndex [0,1,2,-1,0,3,1,-1]
coord Coordinate { point [-1.90359 1.4018 0.492375,-1.76569 1.27258 0.424554,-1.90359 1.27258 0.424554,-1.76569 1.4018 0.492375]
}}
appearance Appearance{material Material{diffuseColor 1 0.807843 0.498039
transparency 0}}}
Shape { geometry IndexedFaceSet 
{ creaseAngle 0.50 coordIndex [0,1,2,-1,3,4,0,-1,0,4,1,-1,5,6,3,-1,3,6,4,-1,5,7,6,-1,5,8,7,-1,8,9,7,-1,9,10,11,-1,8,10,9,-1,11,12,13,-1,10,12,11,-1,13,14,15,-1,15,14,16,-1,12,14,13,-1,14,17,16,-1,17,18,16,-1,17,19,18,-1]
coord Coordinate { point [-2.63779 -2.63779 0.74803,-2.59842 -2.63779 0.688975,-2.59842 -2.63779 0.74803,-2.66407 -2.63779 0.745069,-2.63779 -2.63779 0.688975,-2.68904 -2.63779 0.736333,-2.65093 -2.63779 0.687494,-2.66341 -2.63779 0.683127,-2.71143 -2.63779 0.722262,-2.67461 -2.63779 0.676091,-2.73013 -2.63779 0.70356,-2.68396 -2.63779 0.66674,-2.7442 -2.63779 0.681166,-2.691 -2.63779 0.655543,-2.75294 -2.63779 0.656202,-2.69536 -2.63779 0.643061,-2.69685 -2.63779 0.62992,-2.7559 -2.63779 0.62992,-2.69685 -2.63779 0.55118,-2.7559 -2.63779 0.55118]
}}
appearance Appearance{material Material{diffuseColor 1 1 1
transparency 0}}}
Shape { geometry IndexedFaceSet 
{ creaseAngle 0.50 coordIndex [0,1,2,-1,1,3,2,-1]
coord Coordinate { point [0.685038 -0.94488 0.210629,0.842518 -0.94488 0.210629,0.685038 -0.807085 0.210629,0.842518 -0.807085 0.210629]
}}
appearance Appearance{material Material{diffuseColor 1 0.807843 0.498039
transparency 0}}}
Shape { geometry IndexedFaceSet 
{ creaseAngle 0.50 coordIndex [0,1,2,-1,3,4,5,-1,5,4,6,-1,7,1,8,-1,9,4,10,-1,8,1,0,-1,10,4,11,-1,11,4,3,-1,12,13,14,-1,15,13,16,-1,17,13,12,-1,18,19,7,-1,8,0,20,-1,14,13,15,-1,7,19,1,-1,2,21,22,-1,22,21,23,-1,16,24,25,-1,1,21,2,-1,25,24,26,-1,26,27,9,-1,6,27,28,-1,4,27,6,-1,29,30,18,-1,9,27,4,-1,17,31,13,-1,13,31,16,-1,18,30,19,-1,32,31,17,-1,33,31,32,-1,1,34,21,-1,16,31,24,-1,19,34,1,-1,23,35,36,-1,36,35,37,-1,26,38,27,-1,21,35,23,-1,24,38,26,-1,37,35,39,-1,27,38,28,-1,38,40,28,-1,41,40,42,-1,28,40,41,-1,43,40,33,-1,44,45,29,-1,42,40,43,-1,31,40,24,-1,33,40,31,-1,29,45,30,-1,24,40,38,-1,46,47,48,-1,19,49,34,-1,10,47,9,-1,48,47,10,-1,30,49,19,-1,9,50,51,-1,47,50,9,-1,52,50,46,-1,39,53,54,-1,37,39,55,-1,51,50,52,-1,46,50,47,-1,35,53,39,-1,34,53,21,-1,21,53,35,-1,56,57,44,-1,44,57,45,-1,45,58,30,-1,30,58,49,-1,54,59,60,-1,34,59,53,-1,53,59,54,-1,49,59,34,-1,56,61,57,-1,46,61,56,-1,45,62,58,-1,57,62,45,-1,60,63,64,-1,58,63,49,-1,59,63,60,-1,49,63,59,-1,46,48,61,-1,61,65,57,-1,57,65,62,-1,64,66,67,-1,63,66,64,-1,58,66,63,-1,62,66,58,-1,48,10,61,-1,61,10,65,-1,67,68,69,-1,65,68,62,-1,62,68,66,-1,66,68,67,-1,70,12,14,-1,69,11,71,-1,71,11,3,-1,10,11,65,-1,65,11,68,-1,68,11,69,-1,52,25,51,-1,72,25,52,-1,15,16,72,-1,72,16,25,-1,51,26,9,-1,25,26,51,-1,42,73,41,-1]
coord Coordinate { point [1.73879 2.73375 0.392605,1.73814 2.73375 0.439522,1.71811 2.72647 0.394826,1.51542 2.63779 0.52766,1.48429 2.68049 0.525762,1.48894 2.63779 0.517195,1.46573 2.63779 0.500697,1.75683 2.73621 0.459559,1.76181 2.73621 0.413385,1.47127 2.71474 0.549767,1.54314 2.71474 0.568538,1.54352 2.68049 0.54123,1.35175 2.73375 0.434165,1.36235 2.73375 0.479874,1.33775 2.73621 0.475198,1.3502 2.73621 0.507378,1.38358 2.73375 0.521718,1.37244 2.72647 0.431944,1.74081 2.73621 0.506392,1.72628 2.73375 0.484919,1.76057 2.73621 0.390267,1.69903 2.71474 0.434222,1.69955 2.71474 0.396819,1.68406 2.69916 0.398482,1.41636 2.71474 0.499752,1.41321 2.73375 0.556357,1.43999 2.71474 0.527367,1.45852 2.68049 0.507305,1.44715 2.63779 0.479125,1.71352 2.73621 0.549689,1.7039 2.73375 0.526159,1.39944 2.71474 0.466392,1.39099 2.71474 0.429951,1.40649 2.69916 0.428288,1.68958 2.71474 0.470414,1.67197 2.68049 0.430555,1.6724 2.68049 0.399734,1.66516 2.65969 0.400512,1.43905 2.68049 0.484551,1.66231 2.63779 0.429245,1.42511 2.68049 0.457063,1.43427 2.63779 0.453733,1.42538 2.65969 0.426258,1.41815 2.68049 0.427036,1.67681 2.73621 0.585388,1.67231 2.73375 0.560845,1.58483 2.73621 0.626274,1.51606 2.73562 0.61703,1.5426 2.73375 0.607999,1.67174 2.71474 0.503292,1.47582 2.73595 0.610905,1.45244 2.73375 0.584454,1.39835 2.73621 0.572445,1.66418 2.68049 0.460377,1.65512 2.63779 0.456794,1.66271 2.63779 0.400775,1.63424 2.73621 0.610796,1.63332 2.73375 0.586963,1.64655 2.71474 0.530945,1.64948 2.68049 0.487468,1.64154 2.63779 0.48182,1.5892 2.73375 0.602995,1.61547 2.71474 0.551768,1.62872 2.68049 0.510254,1.62236 2.63779 0.502869,1.5803 2.71474 0.564548,1.60311 2.68049 0.527411,1.59871 2.63779 0.518717,1.57413 2.68049 0.537943,1.57195 2.63779 0.528444,1.32998 2.73621 0.436503,1.54364 2.63779 0.531484,1.36998 2.73621 0.54051,1.42784 2.63779 0.425995]
}}
appearance Appearance{material Material{diffuseColor 0.411765 0.411765 0.411765
transparency 0}}}
Shape { geometry IndexedFaceSet 
{ creaseAngle 0.50 coordIndex [0,1,2,-1,3,1,0,-1]
coord Coordinate { point [2.69685 2.89369 0.03937,2.7559 0.994092 0.03937,2.69685 0.994092 0.03937,2.7559 2.89369 0.03937]
}}
appearance Appearance{material Material{diffuseColor 1 1 1
transparency 0}}}
Shape { geometry IndexedFaceSet 
{ creaseAngle 0.50 coordIndex [0,1,2,-1,3,4,5,-1,5,4,6,-1,6,4,0,-1,0,4,1,-1,7,4,3,-1]
coord Coordinate { point [2.30343 -1.97915 0.492125,2.28346 -1.85039 0.492125,2.28346 -1.96464 0.492125,2.33993 -2.04237 0.492125,2.47047 -1.85039 0.492125,2.3323 -2.01888 0.492125,2.31996 -1.9975 0.492125,2.34252 -2.06693 0.492125]
}}
appearance Appearance{material Material{diffuseColor 0.411765 0.411765 0.411765
transparency 0}}}
Shape { geometry IndexedFaceSet 
{ creaseAngle 0.50 coordIndex [0,1,2,-1,0,2,3,-1]
coord Coordinate { point [0.862172 0.11811 0.151574,0.862194 -0.137795 0.151574,0.665353 -0.137795 0.151574,0.665353 0.11811 0.151574]
}}
appearance Appearance{material Material{diffuseColor 1 0.807843 0.498039
transparency 0}}}
Shape { geometry IndexedFaceSet 
{ creaseAngle 0.50 coordIndex [0,1,2,-1,1,3,4,-1,5,3,1,-1,0,5,1,-1]
coord Coordinate { point [1.85039 1.77165 0.19685,1.85039 2.10629 0.11811,1.85039 1.77165 0.11811,1.85039 2.65747 0.019685,1.85039 2.10629 0.019685,1.85039 2.65747 0.19685]
}}
appearance Appearance{material Material{diffuseColor 0.411765 0.411765 0.411765
transparency 0}}}
Shape { geometry IndexedFaceSet 
{ creaseAngle 0.50 coordIndex [0,1,2,-1,2,1,3,-1]
coord Coordinate { point [0.793358 1.37436 0.544665,0.734198 1.37436 0.544665,0.793358 1.24514 0.476845,0.734198 1.24514 0.476845]
}}
appearance Appearance{material Material{diffuseColor 1 0.807843 0.498039
transparency 0}}}
Shape { geometry IndexedFaceSet 
{ creaseAngle 0.50 coordIndex [0,1,2,-1,2,1,3,-1,3,1,4,-1,4,5,6,-1,1,5,4,-1,6,7,8,-1,5,7,6,-1,8,9,10,-1,7,9,8,-1,10,11,12,-1,9,11,10,-1,12,13,14,-1,11,13,12,-1,13,15,14,-1]
coord Coordinate { point [1.63386 2.89369 0.255905,1.63534 2.89369 0.242764,1.63386 2.95275 0.255905,1.63534 2.95275 0.242764,1.6397 2.95275 0.230282,1.6397 2.89369 0.230282,1.64674 2.95275 0.219085,1.64674 2.89369 0.219085,1.65609 2.95275 0.209734,1.65609 2.89369 0.209734,1.66729 2.95275 0.202698,1.66729 2.89369 0.202698,1.67977 2.95275 0.198331,1.67977 2.89369 0.198331,1.69291 2.95275 0.19685,1.69291 2.89369 0.19685]
}}
appearance Appearance{material Material{diffuseColor 1 1 1
transparency 0}}}
Shape { geometry IndexedFaceSet 
{ creaseAngle 0.50 coordIndex [0,1,2,-1,3,0,2,-1,4,0,3,-1,5,4,3,-1]
coord Coordinate { point [-2.17217 0.19648 0.219936,-2.16932 0.11811 0.210629,-2.16932 0.11811 0.151574,-2.17267 0.21031 0.162523,-2.18534 0.558782 0.30721,-2.18561 0.572603 0.249796]
}}
appearance Appearance{material Material{diffuseColor 1 0.807843 0.498039
transparency 0}}}
Shape { geometry IndexedFaceSet 
{ creaseAngle 0.50 coordIndex [0,1,2,-1,2,1,3,-1,3,4,5,-1,1,4,3,-1,5,6,7,-1,4,6,5,-1,7,8,9,-1,6,8,7,-1,9,10,11,-1,8,10,9,-1,11,12,13,-1,10,12,11,-1,13,14,15,-1,12,14,13,-1,15,16,17,-1,14,16,15,-1,17,18,19,-1,16,18,17,-1,19,20,21,-1,18,20,19,-1,21,22,23,-1,20,22,21,-1,23,24,25,-1,25,24,26,-1,22,24,23,-1,24,27,26,-1]
coord Coordinate { point [-1.75196 0.74803 0.74803,-1.75025 0.733897 0.74803,-1.75196 0.74803 0.688975,-1.75025 0.733897 0.688975,-1.7452 0.720586 0.74803,-1.7452 0.720586 0.688975,-1.73711 0.708869 0.74803,-1.73711 0.708869 0.688975,-1.72646 0.699429 0.74803,-1.72646 0.699429 0.688975,-1.71385 0.692813 0.74803,-1.71385 0.692813 0.688975,-1.70003 0.689406 0.74803,-1.70003 0.689406 0.688975,-1.68579 0.689406 0.74803,-1.68579 0.689406 0.688975,-1.67197 0.692813 0.74803,-1.67197 0.692813 0.688975,-1.65936 0.699429 0.74803,-1.65936 0.699429 0.688975,-1.64871 0.708869 0.74803,-1.64871 0.708869 0.688975,-1.64062 0.720586 0.74803,-1.64062 0.720586 0.688975,-1.63557 0.733897 0.74803,-1.63557 0.733897 0.688975,-1.63386 0.74803 0.688975,-1.63386 0.74803 0.74803]
}}
appearance Appearance{material Material{diffuseColor 1 1 1
transparency 0}}}
Shape { geometry IndexedFaceSet 
{ creaseAngle 0.50 coordIndex [0,1,2,-1,0,3,1,-1,0,4,3,-1]
coord Coordinate { point [2.69684 -0.03937 0.728345,2.70103 -0.03937 0.729675,2.70308 -0.03937 0.728345,2.69895 -0.03937 0.730962,2.69684 -0.03937 0.732206]
}}
appearance Appearance{material Material{diffuseColor 0.792157 0.819608 0.933333
transparency 0}}}
Shape { geometry IndexedFaceSet 
{ creaseAngle 0.50 coordIndex [0,1,2,-1,3,1,0,-1]
coord Coordinate { point [2.12598 2.87401 0.216535,2.12598 2.95275 0.300933,2.12598 2.87401 0.413385,2.12598 2.95275 0.216535]
}}
appearance Appearance{material Material{diffuseColor 0.411765 0.411765 0.411765
transparency 0}}}
Shape { geometry IndexedFaceSet 
{ creaseAngle 0.50 coordIndex [0,1,2,-1,3,1,0,-1]
coord Coordinate { point [-0.0098425 2.95275 0.62992,-0.0688975 2.55905 0.688975,-0.0098425 2.55905 0.62992,-0.0688975 2.95275 0.688975]
}}
appearance Appearance{material Material{diffuseColor 0.411765 0.411765 0.411765
transparency 0}}}
Shape { geometry IndexedFaceSet 
{ creaseAngle 0.50 coordIndex [0,1,2,-1,3,1,0,-1,1,4,5,-1,3,4,1,-1,1,6,2,-1]
coord Coordinate { point [0.600392 2.59842 0.62992,0.600393 2.77558 0.263779,0.600393 2.59842 0.342519,0.600392 2.95275 0.62992,0.600393 2.95275 0.098425,0.600393 2.77558 0.098425,0.600393 2.44094 0.263779]
}}
appearance Appearance{material Material{diffuseColor 0.411765 0.411765 0.411765
transparency 0}}}
Shape { geometry IndexedFaceSet 
{ creaseAngle 0.50 coordIndex [0,1,2,-1,3,4,5,-1,0,2,6,-1,0,7,8,-1,3,9,4,-1,0,6,7,-1,10,11,1,-1,12,13,14,-1,15,3,5,-1,10,8,16,-1,15,5,17,-1,10,1,0,-1,18,19,20,-1,10,0,8,-1,21,22,11,-1,23,12,14,-1,21,11,10,-1,21,24,25,-1,21,26,24,-1,18,20,27,-1,21,16,26,-1,21,10,16,-1,21,25,22,-1,28,17,29,-1,28,15,17,-1,30,27,9,-1,30,18,27,-1,31,32,33,-1,31,29,34,-1,31,28,29,-1,31,34,32,-1,35,30,9,-1,35,9,3,-1,36,35,3,-1,36,3,15,-1,37,38,19,-1,37,19,18,-1,39,36,15,-1,39,15,28,-1,40,37,18,-1,40,18,30,-1,41,39,28,-1,41,33,42,-1,41,31,33,-1,41,28,31,-1,43,40,30,-1,43,30,35,-1,44,43,35,-1,44,35,36,-1,45,38,37,-1,45,46,38,-1,47,36,39,-1,47,44,36,-1,48,45,37,-1,48,37,40,-1,49,47,39,-1,49,41,42,-1,50,22,25,-1,49,42,51,-1,52,53,54,-1,49,39,41,-1,52,54,12,-1,7,48,40,-1,7,40,43,-1,8,43,44,-1,4,12,23,-1,4,52,12,-1,8,7,43,-1,55,56,57,-1,5,23,58,-1,55,57,46,-1,5,4,23,-1,17,58,59,-1,55,46,45,-1,16,44,47,-1,17,5,58,-1,27,20,53,-1,16,8,44,-1,60,61,56,-1,27,53,52,-1,60,45,48,-1,29,59,62,-1,60,56,55,-1,29,17,59,-1,60,55,45,-1,26,51,24,-1,9,52,4,-1,26,47,49,-1,9,27,52,-1,26,49,51,-1,26,16,47,-1,6,2,61,-1,6,48,7,-1,34,63,64,-1,34,62,63,-1,6,61,60,-1,34,64,32,-1,6,60,48,-1,34,29,62,-1]
coord Coordinate { point [-2.68468 -2.26228 0.360795,-2.68457 -2.24409 0.358625,-2.68145 -2.24409 0.361742,-2.68139 -2.30908 0.403876,-2.67899 -2.30994 0.418979,-2.68139 -2.31376 0.418162,-2.68139 -2.26148 0.363977,-2.68139 -2.27724 0.370004,-2.68468 -2.27877 0.3671,-2.67899 -2.30552 0.405476,-2.68858 -2.26286 0.358476,-2.6883 -2.24409 0.356279,-2.67716 -2.30283 0.426973,-2.67716 -2.30314 0.43307,-2.67765 -2.30753 0.43307,-2.68468 -2.31207 0.402532,-2.68858 -2.27988 0.364983,-2.68468 -2.31697 0.417475,-2.67759 -2.29468 0.395243,-2.67716 -2.28238 0.388107,-2.67716 -2.29139 0.397706,-2.69275 -2.2632 0.357129,-2.69246 -2.24409 0.354824,-2.67911 -2.31169 0.43307,-2.69684 -2.27825 0.362128,-2.69684 -2.26161 0.356304,-2.69275 -2.28053 0.363754,-2.67759 -2.30171 0.407188,-2.68858 -2.31426 0.401552,-2.68858 -2.31931 0.416975,-2.67899 -2.29802 0.392742,-2.69275 -2.31552 0.400983,-2.69684 -2.32086 0.415549,-2.69684 -2.31503 0.398906,-2.69275 -2.32067 0.416684,-2.68139 -2.30115 0.390404,-2.68468 -2.30378 0.38844,-2.67759 -2.28504 0.384976,-2.67716 -2.27157 0.380797,-2.68858 -2.30569 0.387007,-2.67899 -2.28775 0.381795,-2.69275 -2.30681 0.386176,-2.69684 -2.30565 0.383976,-2.68139 -2.29028 0.378823,-2.68468 -2.29241 0.376326,-2.67759 -2.27348 0.377157,-2.67716 -2.2585 0.375801,-2.68858 -2.29396 0.374505,-2.67899 -2.27542 0.373459,-2.69275 -2.29486 0.373447,-2.69685 -2.24409 0.35433,-2.69684 -2.29318 0.371509,-2.67759 -2.30586 0.419853,-2.67716 -2.29796 0.408872,-2.67716 -2.30184 0.420713,-2.67759 -2.25951 0.371813,-2.67765 -2.24409 0.369635,-2.67716 -2.24409 0.374015,-2.68145 -2.31542 0.43307,-2.68457 -2.31854 0.43307,-2.67899 -2.26053 0.367762,-2.67911 -2.24409 0.365474,-2.6883 -2.32088 0.43307,-2.69246 -2.32234 0.43307,-2.69685 -2.32283 0.43307]
}}
appearance Appearance{material Material{diffuseColor 1 1 1
transparency 0}}}
Shape { geometry IndexedFaceSet 
{ creaseAngle 0.50 coordIndex [0,1,2,-1,3,1,0,-1]
coord Coordinate { point [-0.614172 -1.57874 0.07874,-0.456692 -1.08255 0.07874,-0.614172 -1.08255 0.07874,-0.456692 -1.57874 0.07874]
}}
appearance Appearance{material Material{diffuseColor 1 0.807843 0.498039
transparency 0}}}
Shape { geometry IndexedFaceSet 
{ creaseAngle 0.50 coordIndex [0,1,2,-1,3,0,2,-1]
coord Coordinate { point [2.2244 2.89369 0.03937,1.59448 2.89369 0.03937,1.59448 2.95275 0.03937,2.2244 2.95275 0.03937]
}}
appearance Appearance{material Material{diffuseColor 1 1 1
transparency 0}}}
Shape { geometry IndexedFaceSet 
{ creaseAngle 0.50 coordIndex [0,1,2,-1,0,3,1,-1,4,5,6,-1,7,6,0,-1,7,0,2,-1,7,4,6,-1]
coord Coordinate { point [-1.88566 2.73056 0.531766,-1.85463 2.7242 0.532383,-1.8407 2.71653 0.533115,-1.86982 2.72894 0.531926,-2.043 2.7242 0.532383,-2.02781 2.72894 0.531926,-2.01197 2.73056 0.531766,-2.05693 2.71653 0.533115]
}}
appearance Appearance{material Material{diffuseColor 0.792157 0.819608 0.933333
transparency 0}}}
Shape { geometry IndexedFaceSet 
{ creaseAngle 0.50 coordIndex [0,1,2,-1,3,4,5,-1,3,6,4,-1,7,8,9,-1,10,11,12,-1,10,12,13,-1,7,9,0,-1,14,5,15,-1,14,3,5,-1,16,17,8,-1,16,8,7,-1,18,14,15,-1,18,17,16,-1,18,15,17,-1,19,20,21,-1,19,22,20,-1,23,24,25,-1,26,27,24,-1,26,24,23,-1,28,25,29,-1,28,23,25,-1,30,31,27,-1,30,27,26,-1,32,29,33,-1,32,28,29,-1,34,31,30,-1,2,1,35,-1,2,35,11,-1,2,11,10,-1,36,20,31,-1,36,31,34,-1,6,33,4,-1,6,32,33,-1,21,20,36,-1,0,9,37,-1,0,37,1,-1]
coord Coordinate { point [-0.889762 -1.06123 0.0220204,-0.889762 -1.07835 0.0789663,-0.889762 -1.08255 0.019685,-0.889762 -0.987461 0.0926979,-0.889762 -1.04321 0.116423,-0.889762 -1.04485 0.106775,-0.889762 -0.984214 0.113892,-0.889762 -1.04093 0.0289157,-0.889762 -1.05946 0.0862191,-0.889762 -1.06655 0.082134,-0.889762 -1.39764 0.019685,-0.889762 -1.39764 0.07874,-0.889762 -1.41732 0.059055,-0.889762 -1.41732 0.03937,-0.889762 -0.99522 0.07271,-0.889762 -1.04838 0.0985549,-0.889762 -1.02261 0.0400438,-0.889762 -1.05321 0.09186,-0.889762 -1.00712 0.0548765,-0.889762 -0.807085 0.151574,-0.889762 -0.94488 0.210629,-0.889762 -0.94488 0.151574,-0.889762 -0.807085 0.210629,-0.889762 -0.974222 0.138454,-0.889762 -1.00482 0.190271,-0.889762 -1.02031 0.175438,-0.889762 -0.96797 0.144095,-0.889762 -0.986496 0.201399,-0.889762 -0.97905 0.13176,-0.889762 -1.03221 0.157605,-0.889762 -0.960876 0.14818,-0.889762 -0.966194 0.208294,-0.889762 -0.98258 0.123539,-0.889762 -1.03997 0.137617,-0.889762 -0.95325 0.150673,-0.889762 -1.08255 0.07874,-0.889762 -0.94908 0.151348,-0.889762 -1.07418 0.0796418]
}}
appearance Appearance{material Material{diffuseColor 1 0.807843 0.498039
transparency 0}}}
Shape { geometry IndexedFaceSet 
{ creaseAngle 0.50 coordIndex [0,1,2,-1,0,3,1,-1,4,5,6,-1,7,4,6,-1,8,9,10,-1,11,12,13,-1,11,13,14,-1,15,12,11,-1,16,14,17,-1,16,11,14,-1,18,16,17,-1,19,20,12,-1,19,21,20,-1,19,12,15,-1,22,15,11,-1,22,11,16,-1,23,17,24,-1,23,18,17,-1,25,22,16,-1,25,16,18,-1,26,9,21,-1,26,21,19,-1,26,19,15,-1,26,15,22,-1,1,24,2,-1,1,3,27,-1,1,23,24,-1,28,27,29,-1,28,29,25,-1,28,25,18,-1,28,18,23,-1,28,1,27,-1,28,23,1,-1,30,29,31,-1,30,31,10,-1,30,25,29,-1,30,22,25,-1,30,9,26,-1,30,26,22,-1,30,10,9,-1,0,2,6,-1,0,5,3,-1,0,6,5,-1]
coord Coordinate { point [0.730029 1.61445 0.51005,0.725523 1.6166 0.506142,0.722119 1.60986 0.512236,0.734366 1.61762 0.506366,0.734335 1.60709 0.516569,0.7344 1.61172 0.513143,0.728003 1.60552 0.517163,0.734198 1.60016 0.520428,0.734198 1.62164 0.469061,0.728044 1.62118 0.46925,0.734262 1.62348 0.475863,0.708768 1.61515 0.481331,0.706359 1.61097 0.473438,0.707057 1.61365 0.481808,0.709116 1.61491 0.490288,0.711143 1.61672 0.478887,0.712585 1.61768 0.48938,0.712432 1.61467 0.498453,0.716815 1.61842 0.496054,0.712875 1.61721 0.475511,0.713638 1.61625 0.471272,0.722045 1.61983 0.469805,0.717207 1.62073 0.484624,0.72107 1.61797 0.501463,0.71684 1.61296 0.505893,0.723161 1.6226 0.489523,0.720576 1.62167 0.478055,0.734178 1.62231 0.497239,0.728708 1.623 0.493603,0.734231 1.62443 0.48817,0.727788 1.6239 0.480502,0.734276 1.62455 0.482748]
}}
appearance Appearance{material Material{diffuseColor 1 0.807843 0.498039
transparency 0}}}
Shape { geometry IndexedFaceSet 
{ creaseAngle 0.50 coordIndex [0,1,2,-1,0,2,3,-1]
coord Coordinate { point [-2.19876 0.927924 0.335388,-2.19876 0.927917 0.355375,-2.19636 0.866457 0.340294,-2.19646 0.870939 0.321662]
}}
appearance Appearance{material Material{diffuseColor 1 0.807843 0.498039
transparency 0}}}
Shape { geometry IndexedFaceSet 
{ creaseAngle 0.50 coordIndex [0,1,2,-1,0,2,3,-1,4,5,6,-1,4,7,5,-1,8,9,1,-1,8,1,0,-1,10,4,6,-1,10,9,8,-1,10,6,9,-1,11,12,13,-1,11,13,14,-1,15,16,17,-1,18,19,20,-1,21,22,19,-1,21,19,18,-1,23,20,24,-1,23,18,20,-1,25,26,22,-1,25,22,21,-1,27,24,28,-1,27,23,24,-1,29,26,25,-1,30,31,15,-1,30,15,17,-1,32,13,26,-1,32,26,29,-1,33,28,34,-1,33,27,28,-1,14,13,32,-1,3,2,35,-1,3,35,31,-1,3,31,30,-1,7,34,5,-1,7,33,34,-1]
coord Coordinate { point [-0.456692 -1.04093 0.0289157,-0.456692 -1.05946 0.0862191,-0.456692 -1.06655 0.082134,-0.456692 -1.06123 0.0220204,-0.456692 -0.99522 0.07271,-0.456692 -1.04485 0.106775,-0.456692 -1.04838 0.0985549,-0.456692 -0.987461 0.0926979,-0.456692 -1.02261 0.0400438,-0.456692 -1.05321 0.09186,-0.456692 -1.00712 0.0548765,-0.456692 -0.807085 0.151574,-0.456692 -0.807085 0.210629,-0.456692 -0.94488 0.210629,-0.456692 -0.94488 0.151574,-0.456692 -1.08255 0.07874,-0.456692 -1.57874 0.07874,-0.456692 -1.57874 0.019685,-0.456692 -0.974222 0.138454,-0.456692 -1.00482 0.190271,-0.456692 -1.02031 0.175438,-0.456692 -0.96797 0.144095,-0.456692 -0.986496 0.201399,-0.456692 -0.97905 0.13176,-0.456692 -1.03221 0.157605,-0.456692 -0.960876 0.14818,-0.456692 -0.966194 0.208294,-0.456692 -0.98258 0.123539,-0.456692 -1.03997 0.137617,-0.456692 -0.95325 0.150673,-0.456692 -1.08255 0.019685,-0.456692 -1.07835 0.0789663,-0.456692 -0.94908 0.151348,-0.456692 -0.984214 0.113892,-0.456692 -1.04321 0.116423,-0.456692 -1.07418 0.0796418]
}}
appearance Appearance{material Material{diffuseColor 1 0.807843 0.498039
transparency 0}}}
Shape { geometry IndexedFaceSet 
{ creaseAngle 0.50 coordIndex [0,1,2,-1,0,3,1,-1,4,2,5,-1,4,0,2,-1]
coord Coordinate { point [-1.03745 1.27258 0.424554,-0.899552 1.25794 0.417623,-0.899552 1.24278 0.411918,-0.899552 1.27258 0.424554,-1.03745 1.2272 0.407479,-0.899552 1.2272 0.407479]
}}
appearance Appearance{material Material{diffuseColor 1 0.807843 0.498039
transparency 0}}}
Shape { geometry IndexedFaceSet 
{ creaseAngle 0.50 coordIndex [0,1,2,-1,3,1,0,-1,2,4,5,-1,1,4,2,-1,5,6,7,-1,4,6,5,-1,7,8,9,-1,6,8,7,-1,9,10,11,-1,8,10,9,-1,11,12,13,-1,10,12,11,-1,13,14,15,-1,12,14,13,-1,16,17,15,-1,16,15,14,-1]
coord Coordinate { point [-1.26378 -0.137795 0.120078,-1.1063 1.75196 0.120078,-1.26378 1.75196 0.120078,-1.1063 -0.137795 0.120078,-1.10432 1.76949 0.120078,-1.26575 1.76949 0.120078,-1.0985 1.78613 0.120078,-1.27157 1.78613 0.120078,-1.08912 1.80106 0.120078,-1.28096 1.80106 0.120078,-1.07665 1.81353 0.120078,-1.29342 1.81353 0.120078,-1.06172 1.82291 0.120078,-1.30835 1.82291 0.120078,-1.04508 1.82873 0.120078,-1.325 1.82873 0.120078,-1.02756 1.8307 0.120078,-1.34252 1.8307 0.120078]
}}
appearance Appearance{material Material{diffuseColor 0.411765 0.411765 0.411765
transparency 0}}}
Shape { geometry IndexedFaceSet 
{ creaseAngle 0.50 coordIndex [0,1,2,-1,2,1,3,-1,3,4,5,-1,1,4,3,-1,5,6,7,-1,4,6,5,-1,7,8,9,-1,6,8,7,-1,9,10,11,-1,8,10,9,-1,11,12,13,-1,10,12,11,-1,13,14,15,-1,12,14,13,-1]
coord Coordinate { point [2.69685 -2.00787 0.19685,2.69685 -2.02101 0.198331,2.7559 -2.00787 0.19685,2.7559 -2.02101 0.198331,2.69685 -2.03349 0.202698,2.7559 -2.03349 0.202698,2.69685 -2.04469 0.209734,2.7559 -2.04469 0.209734,2.69685 -2.05404 0.219085,2.7559 -2.05404 0.219085,2.69685 -2.06108 0.230282,2.7559 -2.06108 0.230282,2.69685 -2.06544 0.242764,2.7559 -2.06544 0.242764,2.69685 -2.06693 0.255905,2.7559 -2.06693 0.255905]
}}
appearance Appearance{material Material{diffuseColor 1 1 1
transparency 0}}}
Shape { geometry IndexedFaceSet 
{ creaseAngle 0.50 coordIndex [0,1,2,-1,0,2,3,-1,4,3,5,-1,4,0,3,-1,6,5,7,-1,6,4,5,-1,8,7,9,-1,8,6,7,-1,10,9,11,-1,10,8,9,-1,12,11,13,-1,12,10,11,-1,14,13,15,-1,14,12,13,-1]
coord Coordinate { point [-2.75343 -2.63779 0.0843974,-2.7559 -2.63779 0.106299,-2.7559 -2.12598 0.106299,-2.75343 -2.12598 0.0843974,-2.74615 -2.63779 0.063594,-2.74615 -2.12598 0.063594,-2.73443 -2.63779 0.044932,-2.73443 -2.12598 0.044932,-2.71884 -2.63779 0.0293472,-2.71884 -2.12598 0.0293472,-2.70018 -2.63779 0.0176211,-2.70018 -2.12598 0.0176211,-2.67938 -2.63779 0.0103417,-2.67938 -2.12598 0.0103417,-2.65748 -2.63779 0.007874,-2.65748 -2.12598 0.007874]
}}
appearance Appearance{material Material{diffuseColor 1 1 1
transparency 0}}}
Shape { geometry IndexedFaceSet 
{ creaseAngle 0.50 coordIndex [0,1,2,-1,0,2,3,-1]
coord Coordinate { point [-0.870108 0.11811 0.151574,-0.87011 0.11811 0.210629,-0.870086 -0.137795 0.210629,-0.870086 -0.137795 0.151574]
}}
appearance Appearance{material Material{diffuseColor 0.792157 0.819608 0.933333
transparency 0}}}
Shape { geometry IndexedFaceSet 
{ creaseAngle 0.50 coordIndex [0,1,2,-1,3,4,5,-1,6,7,8,-1,6,9,7,-1,3,5,10,-1,11,8,12,-1,11,13,6,-1,14,3,15,-1,14,16,4,-1,14,4,3,-1,11,6,8,-1,17,18,19,-1,20,12,21,-1,19,18,22,-1,22,18,23,-1,24,25,26,-1,20,11,12,-1,27,28,26,-1,26,28,24,-1,29,2,1,-1,30,20,21,-1,29,1,3,-1,29,3,31,-1,31,3,10,-1,21,32,23,-1,33,34,35,-1,36,37,34,-1,36,34,33,-1,38,35,39,-1,38,33,35,-1,40,41,37,-1,40,37,36,-1,42,39,43,-1,42,38,39,-1,44,45,41,-1,44,41,40,-1,18,42,43,-1,46,45,44,-1,47,45,46,-1,48,49,50,-1,51,50,52,-1,53,50,51,-1,53,48,50,-1,53,54,48,-1,55,56,57,-1,58,47,56,-1,58,56,55,-1,59,57,60,-1,59,55,57,-1,61,47,58,-1,61,45,47,-1,62,60,63,-1,62,59,60,-1,64,45,61,-1,65,63,66,-1,65,62,63,-1,67,45,64,-1,68,45,67,-1,69,45,68,-1,70,66,71,-1,70,65,66,-1,72,73,74,-1,75,53,51,-1,75,51,76,-1,75,77,53,-1,23,43,30,-1,23,30,21,-1,23,18,43,-1,32,78,23,-1,79,19,78,-1,79,78,32,-1,17,19,79,-1,80,81,45,-1,80,82,83,-1,80,69,82,-1,80,45,69,-1,84,83,82,-1,84,82,85,-1,86,81,80,-1,87,85,88,-1,87,84,85,-1,89,81,86,-1,28,88,24,-1,28,87,88,-1,90,81,89,-1,91,81,90,-1,92,93,94,-1,95,93,92,-1,95,96,93,-1,97,94,98,-1,97,92,94,-1,99,96,95,-1,99,91,96,-1,99,81,91,-1,100,97,98,-1,100,98,101,-1,102,81,99,-1,103,100,101,-1,104,81,102,-1,105,106,81,-1,105,81,104,-1,107,106,105,-1,108,103,101,-1,108,101,109,-1,110,76,111,-1,110,111,73,-1,110,72,112,-1,110,75,76,-1,110,73,72,-1,110,113,75,-1,114,110,112,-1,115,110,114,-1,115,116,110,-1,115,117,116,-1,115,118,117,-1,119,112,120,-1,119,114,112,-1,121,119,120,-1,122,120,123,-1,122,121,120,-1,124,123,106,-1,124,106,107,-1,124,122,123,-1,124,107,125,-1,126,124,125,-1,126,125,127,-1,126,127,128,-1,129,126,128,-1,129,128,29,-1,130,129,29,-1,131,130,29,-1,31,131,29,-1,27,26,132,-1]
coord Coordinate { point [0.659448 2.95275 0.688975,0.659448 2.59842 0.688975,0.610235 2.95275 0.688975,1.14173 2.59842 0.688975,1.90944 0.59055 0.688975,1.88316 0.587589 0.688975,-2.44452 -2.56367 0.688975,-2.51301 -2.6183 0.688975,-2.55462 -2.63285 0.688975,-2.47569 -2.59484 0.688975,1.8582 0.578853 0.688975,-2.40651 -2.48474 0.688975,-2.59842 -2.63779 0.688975,-2.42106 -2.52635 0.688975,2.57874 2.73621 0.688975,1.14173 2.73621 0.688975,2.57874 0.59055 0.688975,-2.26378 2.95275 0.688975,-2.26378 0.74803 0.688975,-2.31299 2.7559 0.688975,-2.40157 -2.44094 0.688975,-2.63779 -2.63779 0.688975,-2.31299 2.59842 0.688975,-2.6181 2.59842 0.688975,-1.63386 0.74803 0.688975,-1.63386 2.55905 0.688975,-0.0688975 2.55905 0.688975,-0.019685 2.95275 0.688975,-0.019685 0.74803 0.688975,0.610235 0.74803 0.688975,-2.40157 -1.02362 0.688975,1.8358 0.564782 0.688975,-2.63779 2.95275 0.688975,-2.24892 0.708869 0.688975,-2.32745 -0.869716 0.688975,-2.35862 -0.900886 0.688975,-2.23827 0.699429 0.688975,-2.29013 -0.846264 0.688975,-2.25701 0.720586 0.688975,-2.38208 -0.93821 0.688975,-2.22566 0.692813 0.688975,-2.24852 -0.831705 0.688975,-2.26206 0.733897 0.688975,-2.39663 -0.979817 0.688975,-2.21184 0.689406 0.688975,-2.20472 -0.82677 0.688975,-2.1976 0.689406 0.688975,-2.18378 0.692813 0.688975,1.44467 -2.61967 0.688975,1.40825 -2.59782 0.688975,1.37736 -2.56866 0.688975,1.33763 -2.49413 0.688975,1.35345 -2.53355 0.688975,1.52716 -2.63779 0.688975,1.48493 -2.63321 0.688975,-1.73711 0.708869 0.688975,-2.17117 0.699429 0.688975,-2.16052 0.708869 0.688975,-1.72646 0.699429 0.688975,-1.7452 0.720586 0.688975,-2.15243 0.720586 0.688975,-1.71385 0.692813 0.688975,-1.75025 0.733897 0.688975,-2.14738 0.733897 0.688975,-1.70003 0.689406 0.688975,-1.75196 0.74803 0.688975,-2.14567 0.74803 0.688975,-1.68579 0.689406 0.688975,-1.67197 0.692813 0.688975,-1.65936 0.699429 0.688975,-1.75196 1.00393 0.688975,-2.14567 1.00393 0.688975,0.88551 -0.937168 0.688975,0.913905 -1.00346 0.688975,0.90026 -0.978463 0.688975,1.83071 -1.85039 0.688975,0.934164 -1.05662 0.688975,1.83071 -2.63779 0.688975,-2.61811 2.7559 0.688975,-2.5 2.95275 0.688975,0.00582294 0.699429 0.688975,0.70866 -0.82677 0.688975,-1.64871 0.708869 0.688975,-0.0048333 0.708869 0.688975,-0.0129206 0.720586 0.688975,-1.64062 0.720586 0.688975,0.0184288 0.692813 0.688975,-0.017969 0.733897 0.688975,-1.63557 0.733897 0.688975,0.0322517 0.689406 0.688975,0.0464883 0.689406 0.688975,0.0603112 0.692813 0.688975,0.506977 0.708869 0.688975,0.0835733 0.708869 0.688975,0.0916606 0.720586 0.688975,0.517633 0.699429 0.688975,0.0729171 0.699429 0.688975,0.498889 0.720586 0.688975,0.096709 0.733897 0.688975,0.530239 0.692813 0.688975,0.493841 0.733897 0.688975,0.098425 0.74803 0.688975,0.544062 0.689406 0.688975,0.492125 0.74803 0.688975,0.558298 0.689406 0.688975,0.572121 0.692813 0.688975,0.752237 -0.831654 0.688975,0.584727 0.699429 0.688975,0.492125 1.00393 0.688975,0.098425 1.00393 0.688975,1.87007 -0.213158 0.688975,0.925237 -1.02958 0.688975,0.861984 -0.900163 0.688975,1.87007 -1.85039 0.688975,1.80287 -0.129641 0.688975,1.85854 -0.185319 0.688975,1.86932 -0.205477 0.688975,1.86708 -0.198091 0.688975,1.86344 -0.191285 0.688975,1.79797 -0.123675 0.688975,0.83085 -0.869284 0.688975,1.79433 -0.116869 0.688975,1.79209 -0.109483 0.688975,0.793652 -0.846064 0.688975,1.79133 -0.101802 0.688975,0.595383 0.708869 0.688975,1.79133 0.47244 0.688975,0.603471 0.720586 0.688975,0.608519 0.733897 0.688975,1.7943 0.498722 0.688975,1.80303 0.523686 0.688975,1.8171 0.54608 0.688975,-0.0688975 2.95275 0.688975]
}}
appearance Appearance{material Material{diffuseColor 1 1 1
transparency 0}}}
Shape { geometry IndexedFaceSet 
{ creaseAngle 0.50 coordIndex [0,1,2,-1,2,1,3,-1]
coord Coordinate { point [-1.04331 -0.3937 0.263779,-1.04331 -0.3937 0.210629,-0.885825 -0.3937 0.263779,-0.885825 -0.3937 0.210629]
}}
appearance Appearance{material Material{diffuseColor 0.411765 0.411765 0.411765
transparency 0}}}
Shape { geometry IndexedFaceSet 
{ creaseAngle 0.50 coordIndex [0,1,2,-1,3,0,2,-1,4,2,5,-1,4,3,2,-1,6,5,7,-1,6,4,5,-1,8,7,9,-1,8,6,7,-1,10,9,11,-1,10,8,9,-1,12,11,13,-1,12,10,11,-1,14,13,15,-1,14,12,13,-1]
coord Coordinate { point [1.31889 3.05117 0.649605,0.610235 3.05117 0.649605,0.610235 3.04871 0.671507,1.3189 3.04871 0.671507,1.3189 3.04143 0.69231,0.610235 3.04143 0.69231,1.3189 3.0297 0.710972,0.610235 3.0297 0.710972,1.3189 3.01412 0.726557,0.610235 3.01412 0.726557,1.3189 2.99546 0.738283,0.610235 2.99546 0.738283,1.3189 2.97465 0.745562,0.610235 2.97465 0.745562,1.31889 2.95275 0.74803,0.610235 2.95275 0.74803]
}}
appearance Appearance{material Material{diffuseColor 1 1 1
transparency 0}}}
Shape { geometry IndexedFaceSet 
{ creaseAngle 0.50 coordIndex [0,1,2,-1,3,2,4,-1,3,0,2,-1,5,4,6,-1,5,3,4,-1,7,6,8,-1,7,5,6,-1,9,8,10,-1,9,7,8,-1,11,10,12,-1,11,9,10,-1,13,11,12,-1,14,12,15,-1,14,13,12,-1]
coord Coordinate { point [-1.80506 1.21337 0.464892,-1.80506 0.91799 0.393739,-1.79736 0.91835 0.39302,-1.7963 1.2136 0.463933,-1.78996 0.919049 0.390849,-1.78798 1.21428 0.461102,-1.78185 0.920284 0.386481,-1.78051 1.21538 0.456542,-1.77504 0.921891 0.380372,-1.77428 1.21684 0.450481,-1.76994 0.923778 0.372845,-1.76959 1.21859 0.443224,-1.76676 0.925826 0.36436,-1.76668 1.22054 0.435134,-1.76569 1.22259 0.426617,-1.76569 0.927917 0.355375]
}}
appearance Appearance{material Material{diffuseColor 1 0.807843 0.498039
transparency 0}}}
Shape { geometry IndexedFaceSet 
{ creaseAngle 0.50 coordIndex [0,1,2,-1,3,1,0,-1]
coord Coordinate { point [0.389763 1.94881 0.263779,0.271653 1.94881 0.019685,0.389763 1.94881 0.019685,0.271653 1.94881 0.263779]
}}
appearance Appearance{material Material{diffuseColor 0.411765 0.411765 0.411765
transparency 0}}}
Shape { geometry IndexedFaceSet 
{ creaseAngle 0.50 coordIndex [0,1,2,-1,2,1,3,-1]
coord Coordinate { point [1.9685 -2.32283 0.098425,1.9685 -2.32283 0.019685,2.67716 -2.32283 0.098425,2.67716 -2.32283 0.019685]
}}
appearance Appearance{material Material{diffuseColor 0.411765 0.411765 0.411765
transparency 0}}}
Shape { geometry IndexedFaceSet 
{ creaseAngle 0.50 coordIndex [0,1,2,-1,2,1,3,-1,3,1,4,-1,4,1,5,-1,5,1,6,-1,6,1,7,-1,7,1,8,-1,8,1,9,-1,9,1,10,-1,11,1,12,-1,12,1,13,-1,13,1,14,-1,14,1,15,-1,15,1,16,-1,16,1,17,-1,17,1,18,-1,18,1,19,-1,19,1,20,-1,20,1,21,-1,21,1,22,-1,22,1,23,-1,23,1,24,-1,24,1,25,-1,25,1,0,-1]
coord Coordinate { point [1.60433 2.14566 0.413385,1.50107 2.14566 0.374224,1.60261 2.14566 0.399252,1.59756 2.14566 0.385941,1.58948 2.14566 0.374224,1.57882 2.14566 0.364784,1.56621 2.14566 0.358168,1.55239 2.14566 0.354761,1.53815 2.14566 0.354761,1.52433 2.14566 0.358168,1.51173 2.14566 0.364784,1.49298 2.14566 0.385941,1.48793 2.14566 0.399252,1.48622 2.14566 0.413385,1.48793 2.14566 0.427518,1.49298 2.14566 0.440829,1.50107 2.14566 0.452546,1.51173 2.14566 0.461986,1.52433 2.14566 0.468602,1.53815 2.14566 0.472009,1.55239 2.14566 0.472009,1.56621 2.14566 0.468602,1.57882 2.14566 0.461986,1.58948 2.14566 0.452546,1.59756 2.14566 0.440829,1.60261 2.14566 0.427518]
}}
appearance Appearance{material Material{diffuseColor 0.411765 0.411765 0.411765
transparency 0}}}
Shape { geometry IndexedFaceSet 
{ creaseAngle 0.50 coordIndex [0,1,2,-1,0,3,1,-1,4,2,5,-1,4,0,2,-1,6,5,7,-1,6,4,5,-1,8,7,9,-1,8,6,7,-1,10,9,11,-1,10,8,9,-1,12,11,13,-1,12,10,11,-1,14,13,15,-1,14,12,13,-1]
coord Coordinate { point [2.7559 0.554478 0.0408506,2.69685 0.541337 0.03937,2.69685 0.554478 0.0408506,2.7559 0.541337 0.03937,2.7559 0.566961 0.0452183,2.69685 0.566961 0.0452183,2.7559 0.578158 0.0522539,2.69685 0.578158 0.0522539,2.7559 0.587509 0.0616048,2.69685 0.587509 0.0616048,2.7559 0.594544 0.072802,2.69685 0.594544 0.072802,2.7559 0.598912 0.085284,2.69685 0.598912 0.085284,2.7559 0.600392 0.098425,2.69685 0.600392 0.098425]
}}
appearance Appearance{material Material{diffuseColor 1 1 1
transparency 0}}}
Shape { geometry IndexedFaceSet 
{ creaseAngle 0.50 coordIndex [0,1,2,-1,2,1,3,-1,4,1,0,-1,5,1,4,-1,6,1,5,-1,7,8,9,-1,10,11,12,-1,9,8,13,-1,14,15,16,-1,16,15,17,-1,17,15,18,-1,19,20,14,-1,21,20,19,-1,22,23,7,-1,14,20,15,-1,7,23,8,-1,18,24,25,-1,25,24,26,-1,8,27,13,-1,15,24,18,-1,13,27,28,-1,3,29,30,-1,21,31,20,-1,32,31,21,-1,1,29,3,-1,6,29,1,-1,28,29,6,-1,33,34,35,-1,36,34,33,-1,22,34,23,-1,20,37,15,-1,38,39,40,-1,35,34,22,-1,15,37,24,-1,26,41,42,-1,42,41,38,-1,38,41,43,-1,24,41,26,-1,23,44,8,-1,8,44,27,-1,45,46,32,-1,30,47,48,-1,38,49,39,-1,32,46,31,-1,29,47,30,-1,27,47,28,-1,28,47,29,-1,34,50,23,-1,31,51,20,-1,38,43,49,-1,36,50,34,-1,52,50,36,-1,53,50,52,-1,20,51,37,-1,43,54,55,-1,23,50,44,-1,48,56,57,-1,37,54,24,-1,41,54,43,-1,47,56,48,-1,24,54,41,-1,44,56,27,-1,27,56,47,-1,58,59,45,-1,57,60,12,-1,61,60,53,-1,10,60,61,-1,45,59,46,-1,12,60,10,-1,56,60,57,-1,44,60,56,-1,53,60,50,-1,50,60,44,-1,46,62,31,-1,63,64,6,-1,31,62,51,-1,55,65,66,-1,6,64,28,-1,28,64,13,-1,54,65,55,-1,63,67,64,-1,51,65,37,-1,37,65,54,-1,68,67,63,-1,58,69,59,-1,64,70,13,-1,67,71,64,-1,68,71,67,-1,59,72,46,-1,70,73,13,-1,46,72,62,-1,66,74,75,-1,51,74,65,-1,62,74,51,-1,71,76,64,-1,65,74,66,-1,68,76,71,-1,73,77,13,-1,68,78,58,-1,68,79,76,-1,58,78,69,-1,76,79,64,-1,59,80,72,-1,69,80,59,-1,77,81,13,-1,75,82,83,-1,70,84,73,-1,68,84,79,-1,62,82,74,-1,79,84,64,-1,77,84,81,-1,74,82,75,-1,72,82,62,-1,64,84,70,-1,73,84,77,-1,68,85,84,-1,81,85,13,-1,84,85,81,-1,9,85,68,-1,68,63,78,-1,13,85,9,-1,69,5,80,-1,78,5,69,-1,83,86,87,-1,72,86,82,-1,80,86,72,-1,88,33,35,-1,82,86,83,-1,87,4,0,-1,86,4,87,-1,5,4,80,-1,80,4,86,-1,63,6,78,-1,78,6,5,-1]
coord Coordinate { point [1.52527 2.63779 0.296982,1.55335 2.68049 0.285783,1.55274 2.63779 0.295511,1.5798 2.63779 0.300434,1.52196 2.68049 0.287671,1.51698 2.71474 0.260818,1.55508 2.71474 0.258527,1.72056 2.73621 0.28626,1.67986 2.73375 0.272782,1.6922 2.73621 0.254325,1.66516 2.65969 0.400512,1.66271 2.63779 0.400775,1.65661 2.63779 0.373952,1.64368 2.73375 0.245464,1.32874 2.73621 0.413385,1.35077 2.73375 0.420418,1.32998 2.73621 0.436503,1.35175 2.73375 0.434165,1.37244 2.72647 0.431944,1.33372 2.73621 0.367211,1.35512 2.73375 0.371881,1.34973 2.73621 0.320378,1.74034 2.73621 0.319392,1.70873 2.73375 0.307727,1.39021 2.71474 0.418992,1.39099 2.71474 0.429951,1.40649 2.69916 0.428288,1.65257 2.71474 0.301292,1.62373 2.71474 0.279513,1.60992 2.68049 0.303075,1.60499 2.63779 0.311485,1.36951 2.73375 0.329785,1.37702 2.73621 0.277081,1.73879 2.73375 0.392605,1.72874 2.73375 0.348403,1.7528 2.73621 0.351572,1.71811 2.72647 0.394826,1.39367 2.71474 0.380297,1.42538 2.65969 0.426258,1.42746 2.63779 0.421801,1.42784 2.63779 0.425995,1.4175 2.68049 0.418005,1.41815 2.68049 0.427036,1.42716 2.63779 0.413385,1.67559 2.71474 0.329151,1.41374 2.73621 0.241382,1.39404 2.73375 0.290867,1.63368 2.68049 0.321021,1.62694 2.63779 0.328062,1.42724 2.63779 0.417595,1.69154 2.71474 0.36158,1.40515 2.71474 0.346736,1.69955 2.71474 0.396819,1.68406 2.69916 0.398482,1.42036 2.68049 0.386121,1.43037 2.63779 0.386064,1.65265 2.68049 0.343977,1.64446 2.63779 0.349268,1.4563 2.73621 0.215974,1.42704 2.73375 0.258781,1.66579 2.68049 0.370698,1.6724 2.68049 0.399734,1.4247 2.71474 0.31571,1.55757 2.73375 0.219141,1.62469 2.73562 0.223601,1.42981 2.68049 0.358467,1.4398 2.63779 0.360225,1.56536 2.73607 0.203162,1.50571 2.73621 0.200496,1.46531 2.73375 0.235937,1.63121 2.73618 0.217542,1.56746 2.73621 0.199327,1.45101 2.71474 0.290129,1.63287 2.73621 0.216086,1.44593 2.68049 0.332901,1.45496 2.63779 0.33727,1.568 2.73621 0.198381,1.63328 2.73621 0.215726,1.50978 2.73375 0.222015,1.56814 2.73621 0.198145,1.48152 2.71474 0.271917,1.63339 2.73621 0.215636,1.4676 2.68049 0.311823,1.47502 2.63779 0.318443,1.56817 2.73621 0.198086,1.63341 2.73621 0.215614,1.49274 2.68049 0.296817,1.49888 2.63779 0.304766,1.76057 2.73621 0.390267]
}}
appearance Appearance{material Material{diffuseColor 0.411765 0.411765 0.411765
transparency 0}}}
Shape { geometry IndexedFaceSet 
{ creaseAngle 0.50 coordIndex [0,1,2,-1,3,2,4,-1,3,0,2,-1,5,4,6,-1,5,3,4,-1,7,6,8,-1,7,5,6,-1,9,8,10,-1,9,7,8,-1,11,10,12,-1,11,9,10,-1,13,12,14,-1,13,11,12,-1,15,13,14,-1]
coord Coordinate { point [-0.998082 1.24514 0.476845,-0.998082 1.37436 0.544665,-1.00684 1.37481 0.543791,-1.00684 1.2456 0.475971,-1.01516 1.37617 0.541213,-1.01516 1.24695 0.473392,-1.02263 1.37835 0.53706,-1.02263 1.24913 0.469239,-1.02886 1.38124 0.53154,-1.02886 1.25203 0.46372,-1.03355 1.38471 0.52493,-1.03355 1.2555 0.45711,-1.03647 1.38858 0.517562,-1.03647 1.25936 0.449742,-1.03745 1.39265 0.509805,-1.03745 1.26343 0.441985]
}}
appearance Appearance{material Material{diffuseColor 1 0.807843 0.498039
transparency 0}}}
Shape { geometry IndexedFaceSet 
{ creaseAngle 0.50 coordIndex [0,1,2,-1,0,2,3,-1,4,3,5,-1,4,0,3,-1,6,4,7,-1,6,0,4,-1]
coord Coordinate { point [-0.31496 2.95275 0.62992,-0.255905 2.95275 0.688975,-0.0688975 2.95275 0.688975,-0.0098425 2.95275 0.62992,-0.206692 2.95275 0.098425,-0.0098425 2.95275 0.098425,-0.31496 2.95275 0.019685,-0.206692 2.95275 0.019685]
}}
appearance Appearance{material Material{diffuseColor 0.411765 0.411765 0.411765
transparency 0}}}
Shape { geometry IndexedFaceSet 
{ creaseAngle 0.50 coordIndex [0,1,2,-1,2,1,3,-1,3,4,5,-1,1,4,3,-1,5,6,7,-1,4,6,5,-1,7,8,9,-1,6,8,7,-1,9,10,11,-1,8,10,9,-1,11,12,13,-1,10,12,11,-1,13,14,15,-1,12,14,13,-1]
coord Coordinate { point [-0.830707 1.75196 0.120078,-0.832681 1.76949 0.120078,-0.830707 1.75196 0.019685,-0.832681 1.76949 0.019685,-0.838505 1.78613 0.120078,-0.838505 1.78613 0.019685,-0.847886 1.80106 0.120078,-0.847886 1.80106 0.019685,-0.860353 1.81353 0.120078,-0.860353 1.81353 0.019685,-0.875283 1.82291 0.120078,-0.875283 1.82291 0.019685,-0.891926 1.82873 0.120078,-0.891926 1.82873 0.019685,-0.909447 1.8307 0.120078,-0.909447 1.8307 0.019685]
}}
appearance Appearance{material Material{diffuseColor 0.411765 0.411765 0.411765
transparency 0}}}
Shape { geometry IndexedFaceSet 
{ creaseAngle 0.50 coordIndex [0,1,2,-1,0,3,1,-1,4,0,2,-1]
coord Coordinate { point [0.835131 0.866419 0.340446,0.846149 0.558782 0.30721,0.845884 0.572603 0.249796,0.835303 0.857113 0.379074,0.835035 0.870939 0.321662]
}}
appearance Appearance{material Material{diffuseColor 1 0.807843 0.498039
transparency 0}}}
Shape { geometry IndexedFaceSet 
{ creaseAngle 0.50 coordIndex [0,1,2,-1,1,3,2,-1]
coord Coordinate { point [-2.18504 2.77558 0.059055,-1.7126 2.77558 0.059055,-2.18504 2.99212 0.059055,-1.7126 2.99212 0.059055]
}}
appearance Appearance{material Material{diffuseColor 1 1 1
transparency 0}}}
Shape { geometry IndexedFaceSet 
{ creaseAngle 0.50 coordIndex [0,1,2,-1,3,0,2,-1]
coord Coordinate { point [0.255905 -0.55118 0.263779,0.413385 -0.55118 0.263779,0.413385 -0.55118 0.210629,0.255905 -0.55118 0.210629]
}}
appearance Appearance{material Material{diffuseColor 0.792157 0.819608 0.933333
transparency 0}}}
Shape { geometry IndexedFaceSet 
{ creaseAngle 0.50 coordIndex [0,1,2,-1,1,3,2,-1]
coord Coordinate { point [1.85039 1.77165 0.11811,1.94882 1.87007 0.11811,1.85039 1.77165 0.19685,1.94882 1.87007 0.19685]
}}
appearance Appearance{material Material{diffuseColor 0.411765 0.411765 0.411765
transparency 0}}}
Shape { geometry IndexedFaceSet 
{ creaseAngle 0.50 coordIndex [0,1,2,-1,1,3,2,-1]
coord Coordinate { point [2.00787 -3.03149 0.74803,2.00787 -2.71653 0.74803,2.00787 -3.03149 0.688975,2.00787 -2.71653 0.688975]
}}
appearance Appearance{material Material{diffuseColor 1 1 1
transparency 0}}}
Shape { geometry IndexedFaceSet 
{ creaseAngle 0.50 coordIndex [0,1,2,-1,3,4,5,-1,3,6,4,-1,3,2,6,-1,3,0,2,-1,7,8,9,-1,7,5,8,-1,7,3,5,-1,10,11,12,-1,10,9,11,-1,10,7,9,-1,13,14,15,-1,13,12,14,-1,13,10,12,-1,16,15,17,-1,16,13,15,-1,18,17,19,-1,18,16,17,-1,20,19,21,-1,20,18,19,-1]
coord Coordinate { point [0.360288 1.07547 0.393739,0.362504 1.01459 0.379074,0.367231 1.01465 0.378838,0.367991 1.07583 0.39302,0.371723 1.01482 0.378132,0.375965 1.0151 0.376962,0.369498 1.01472 0.378545,0.375395 1.07653 0.390849,0.378794 1.01537 0.375867,0.38334 1.01594 0.373483,0.3835 1.07776 0.386481,0.38586 1.01635 0.371773,0.390558 1.01734 0.36767,0.390306 1.07937 0.380372,0.392758 1.01792 0.365272,0.394724 1.01851 0.362802,0.39541 1.08126 0.372845,0.397957 1.01975 0.357645,0.398592 1.08331 0.36436,0.401059 1.02175 0.34937,0.399658 1.0854 0.355375,0.402063 1.0239 0.340446]
}}
appearance Appearance{material Material{diffuseColor 1 0.807843 0.498039
transparency 0}}}
Shape { geometry IndexedFaceSet 
{ creaseAngle 0.50 coordIndex [0,1,2,-1,0,3,1,-1]
coord Coordinate { point [-0.171312 1.4018 0.492375,-0.0334117 1.27258 0.424554,-0.171312 1.27258 0.424554,-0.0334117 1.4018 0.492375]
}}
appearance Appearance{material Material{diffuseColor 1 0.807843 0.498039
transparency 0}}}
Shape { geometry IndexedFaceSet 
{ creaseAngle 0.50 coordIndex [0,1,2,-1,3,0,2,-1,4,0,3,-1,5,6,4,-1,7,3,8,-1,7,4,3,-1,7,5,4,-1,9,8,10,-1,9,7,8,-1,11,10,12,-1,11,9,10,-1,13,12,14,-1,13,11,12,-1,15,14,16,-1,15,13,14,-1,17,15,16,-1]
coord Coordinate { point [-1.4311 1.15615 0.471992,-1.4311 1.1664 0.476845,-1.43986 1.16686 0.475971,-1.44818 1.16821 0.473392,-1.4311 1.14554 0.467999,-1.43986 1.13486 0.463933,-1.4311 1.13463 0.464892,-1.44818 1.13554 0.461102,-1.45565 1.17039 0.469239,-1.45565 1.13664 0.456542,-1.46188 1.17329 0.46372,-1.46188 1.1381 0.450481,-1.46657 1.17676 0.45711,-1.46657 1.13985 0.443224,-1.46948 1.18062 0.449742,-1.46948 1.1418 0.435134,-1.47047 1.18469 0.441985,-1.47047 1.14385 0.426617]
}}
appearance Appearance{material Material{diffuseColor 1 0.807843 0.498039
transparency 0}}}
Shape { geometry IndexedFaceSet 
{ creaseAngle 0.50 coordIndex [0,1,2,-1,3,1,0,-1]
coord Coordinate { point [-0.255905 2.95275 0.688975,-0.31496 2.87401 0.62992,-0.255905 2.81495 0.688975,-0.31496 2.95275 0.62992]
}}
appearance Appearance{material Material{diffuseColor 0.792157 0.819608 0.933333
transparency 0}}}
Shape { geometry IndexedFaceSet 
{ creaseAngle 0.50 coordIndex [0,1,2,-1,0,2,3,-1]
coord Coordinate { point [2.67716 0.059055 0.216535,2.67716 0.059055 0.413385,2.79527 0.059055 0.279527,2.79527 0.059055 0.216535]
}}
appearance Appearance{material Material{diffuseColor 0.411765 0.411765 0.411765
transparency 0}}}
Shape { geometry IndexedFaceSet 
{ creaseAngle 0.50 coordIndex [0,1,2,-1,0,2,3,-1]
coord Coordinate { point [-0.177165 -0.55118 0.019685,-0.177165 -0.55118 0.151574,-0.019685 -0.55118 0.151574,-0.019685 -0.55118 0.019685]
}}
appearance Appearance{material Material{diffuseColor 0.411765 0.411765 0.411765
transparency 0}}}
Shape { geometry IndexedFaceSet 
{ creaseAngle 0.50 coordIndex [0,1,2,-1,3,1,0,-1]
coord Coordinate { point [2.79527 1.55511 0.279527,2.67716 1.55511 0.216535,2.79527 1.55511 0.216535,2.67716 1.55511 0.413385]
}}
appearance Appearance{material Material{diffuseColor 0.411765 0.411765 0.411765
transparency 0}}}
Shape { geometry IndexedFaceSet 
{ creaseAngle 0.50 coordIndex [0,1,2,-1,0,3,1,-1,4,2,5,-1,4,0,2,-1,6,5,7,-1,6,4,5,-1,8,7,9,-1,8,6,7,-1,10,9,11,-1,10,8,9,-1,12,11,13,-1,12,10,11,-1,14,13,15,-1,14,12,13,-1]
coord Coordinate { point [-1.12864 2.95275 0.0423313,-1.10236 2.89369 0.03937,-1.12864 2.8937 0.0423313,-1.10236 2.95275 0.03937,-1.15361 2.95275 0.0510666,-1.15361 2.8937 0.0510666,-1.176 2.95275 0.0651379,-1.176 2.8937 0.0651379,-1.1947 2.95275 0.0838396,-1.1947 2.8937 0.0838396,-1.20877 2.95275 0.106234,-1.20877 2.8937 0.106234,-1.21751 2.95275 0.131198,-1.21751 2.8937 0.131198,-1.22047 2.95275 0.15748,-1.22047 2.89369 0.15748]
}}
appearance Appearance{material Material{diffuseColor 1 1 1
transparency 0}}}
Shape { geometry IndexedFaceSet 
{ creaseAngle 0.50 coordIndex [0,1,2,-1,2,1,3,-1,3,4,5,-1,1,4,3,-1,5,6,7,-1,4,6,5,-1,7,8,9,-1,6,8,7,-1,9,10,11,-1,8,10,9,-1,11,12,13,-1,13,12,14,-1,10,12,11,-1,14,15,16,-1,12,15,14,-1]
coord Coordinate { point [-1.04724 -1.04321 0.116423,-1.04724 -1.04451 0.107945,-0.889762 -1.04321 0.116423,-0.889762 -1.04485 0.106775,-1.04724 -1.04762 0.09995,-0.889762 -1.04838 0.0985549,-1.04724 -1.05238 0.0928166,-0.889762 -1.05321 0.09186,-1.04724 -1.05857 0.0868835,-0.889762 -1.05946 0.0862191,-1.04724 -1.0659 0.0824323,-0.889762 -1.06655 0.082134,-1.04724 -1.07402 0.0796742,-0.889762 -1.07418 0.0796418,-0.889762 -1.07835 0.0789663,-1.04724 -1.08255 0.07874,-0.889762 -1.08255 0.07874]
}}
appearance Appearance{material Material{diffuseColor 1 0.807843 0.498039
transparency 0}}}
Shape { geometry IndexedFaceSet 
{ creaseAngle 0.50 coordIndex [0,1,2,-1,3,4,5,-1,3,5,6,-1,7,8,9,-1,3,10,11,-1,7,9,12,-1,3,6,10,-1,13,14,15,-1,16,17,18,-1,13,15,19,-1,16,18,20,-1,13,4,3,-1,13,21,14,-1,13,11,21,-1,16,22,17,-1,13,3,11,-1,13,19,4,-1,23,0,24,-1,25,26,27,-1,23,24,28,-1,29,7,12,-1,29,12,1,-1,30,23,28,-1,30,28,22,-1,31,1,0,-1,31,29,1,-1,32,33,8,-1,32,8,7,-1,34,20,35,-1,34,16,20,-1,34,22,16,-1,34,30,22,-1,36,0,23,-1,36,31,0,-1,37,7,29,-1,37,32,7,-1,38,23,30,-1,38,36,23,-1,39,37,29,-1,39,29,31,-1,40,41,33,-1,40,33,32,-1,42,30,34,-1,42,38,30,-1,42,35,43,-1,42,34,35,-1,44,31,36,-1,44,39,31,-1,45,32,37,-1,45,40,32,-1,46,44,36,-1,46,36,38,-1,47,45,37,-1,47,37,39,-1,48,4,19,-1,49,27,50,-1,51,41,40,-1,51,52,53,-1,51,54,52,-1,49,55,25,-1,49,25,27,-1,51,53,41,-1,2,50,56,-1,57,46,38,-1,57,43,58,-1,57,42,43,-1,2,49,50,-1,57,38,42,-1,24,56,59,-1,10,39,44,-1,10,47,39,-1,24,2,56,-1,60,40,45,-1,60,61,54,-1,12,9,55,-1,60,54,51,-1,12,55,49,-1,60,51,40,-1,28,59,62,-1,11,10,44,-1,11,44,46,-1,28,24,59,-1,63,61,60,-1,63,64,61,-1,1,12,49,-1,63,60,45,-1,63,45,47,-1,1,49,2,-1,21,58,14,-1,22,62,17,-1,21,46,57,-1,21,57,58,-1,22,28,62,-1,21,11,46,-1,6,5,64,-1,6,64,63,-1,0,2,24,-1,6,47,10,-1,6,63,47,-1]
coord Coordinate { point [-2.74838 -2.28405 0.374808,-2.74448 -2.28294 0.376925,-2.74448 -2.27383 0.373441,-2.75407 -2.31342 0.402763,-2.75541 -2.31845 0.413385,-2.75395 -2.31429 0.413385,-2.75167 -2.3096 0.403579,-2.74031 -2.28958 0.383081,-2.73621 -2.29456 0.388838,-2.73621 -2.28832 0.382604,-2.75167 -2.30652 0.394184,-2.75407 -2.31008 0.392584,-2.74031 -2.28229 0.378154,-2.75547 -2.3175 0.401889,-2.7559 -2.31764 0.389188,-2.7559 -2.32152 0.401028,-2.75547 -2.27718 0.360104,-2.75541 -2.26377 0.358711,-2.7559 -2.26378 0.354331,-2.7559 -2.32251 0.407288,-2.7559 -2.27819 0.356117,-2.75547 -2.31389 0.390873,-2.75407 -2.27616 0.364155,-2.75167 -2.28558 0.371904,-2.74838 -2.27441 0.371121,-2.73621 -2.27254 0.375002,-2.73622 -2.26378 0.374015,-2.7406 -2.26377 0.373521,-2.75167 -2.27521 0.36794,-2.74448 -2.29048 0.382024,-2.75407 -2.28739 0.368449,-2.74838 -2.29203 0.380203,-2.74031 -2.29565 0.38955,-2.73621 -2.29925 0.396303,-2.75547 -2.28934 0.364752,-2.7559 -2.29125 0.361112,-2.75167 -2.29416 0.377705,-2.74448 -2.29676 0.388719,-2.75407 -2.29669 0.374733,-2.74838 -2.29868 0.387287,-2.74031 -2.30008 0.397077,-2.73621 -2.30216 0.404624,-2.75547 -2.29939 0.371553,-2.7559 -2.30206 0.368422,-2.75167 -2.30131 0.385322,-2.74448 -2.30135 0.396508,-2.75407 -2.30443 0.382985,-2.74838 -2.30353 0.395528,-2.7559 -2.32283 0.413385,-2.74031 -2.27349 0.374787,-2.74476 -2.26377 0.372066,-2.74031 -2.3027 0.405057,-2.7406 -2.30364 0.413385,-2.73622 -2.30315 0.413385,-2.74476 -2.30509 0.413385,-2.73621 -2.28086 0.377914,-2.74849 -2.26377 0.369721,-2.75547 -2.30778 0.380483,-2.7559 -2.31107 0.378021,-2.75161 -2.26377 0.366604,-2.74448 -2.30405 0.404766,-2.74849 -2.30744 0.413385,-2.75395 -2.26377 0.362872,-2.74838 -2.30639 0.404266,-2.75161 -2.31056 0.413385]
}}
appearance Appearance{material Material{diffuseColor 1 1 1
transparency 0}}}
Shape { geometry IndexedFaceSet 
{ creaseAngle 0.50 coordIndex [0,1,2,-1,0,3,1,-1,4,2,5,-1,4,0,2,-1,6,5,7,-1,6,4,5,-1,8,7,9,-1,8,6,7,-1,10,9,11,-1,10,8,9,-1,12,13,14,-1,12,11,13,-1,12,10,11,-1,15,12,14,-1]
coord Coordinate { point [0.529521 2.65748 0.47815,0.531495 2.71653 0.460629,0.529521 2.71653 0.47815,0.531495 2.65747 0.460629,0.523697 2.65748 0.494793,0.523697 2.71653 0.494793,0.514316 2.65748 0.509723,0.514316 2.71653 0.509723,0.501849 2.65748 0.52219,0.501849 2.71653 0.52219,0.486919 2.65748 0.531571,0.486919 2.71653 0.531571,0.470276 2.65748 0.537395,0.470276 2.71653 0.537395,0.452755 2.71653 0.539369,0.452755 2.65747 0.539369]
}}
appearance Appearance{material Material{diffuseColor 1 1 1
transparency 0}}}
Shape { geometry IndexedFaceSet 
{ creaseAngle 0.50 coordIndex [0,1,2,-1,3,1,0,-1]
coord Coordinate { point [-0.610235 -0.3937 0.151574,-0.452755 -0.55118 0.151574,-0.610235 -0.55118 0.151574,-0.452755 -0.3937 0.151574]
}}
appearance Appearance{material Material{diffuseColor 0.411765 0.411765 0.411765
transparency 0}}}
Shape { geometry IndexedFaceSet 
{ creaseAngle 0.50 coordIndex [0,1,2,-1,3,1,0,-1,3,4,1,-1,4,5,1,-1,6,7,4,-1,8,7,6,-1,4,7,5,-1,9,10,8,-1,8,10,7,-1,9,11,10,-1,9,12,11,-1,12,13,11,-1,12,14,13,-1,14,15,13,-1,16,17,14,-1,14,17,15,-1]
coord Coordinate { point [0.261757 1.08538 0.355543,0.261758 1.38468 0.407479,0.261758 1.0854 0.335387,0.261758 1.38007 0.426617,0.261758 1.42091 0.441985,0.261758 1.43006 0.424554,0.261758 1.55013 0.509805,0.261758 1.55928 0.492375,0.261758 1.57539 0.52002,0.261758 1.60282 0.525121,0.261758 1.58322 0.501776,0.261758 1.60862 0.505774,0.261758 1.63561 0.523911,0.261758 1.63429 0.504179,0.261758 1.66647 0.515277,0.261758 1.659 0.497066,0.261758 1.7427 0.484004,0.261758 1.73523 0.465792]
}}
appearance Appearance{material Material{diffuseColor 1 0.807843 0.498039
transparency 0}}}
Shape { geometry IndexedFaceSet 
{ creaseAngle 0.50 coordIndex [0,1,2,-1,3,4,1,-1,1,4,2,-1,5,6,3,-1,3,6,4,-1,6,7,4,-1,5,8,6,-1]
coord Coordinate { point [1.83071 -2.71653 0.767715,1.83071 -2.71653 0.688975,1.83071 -2.85433 0.767715,1.83071 -2.63779 0.688975,1.83071 -2.85433 0.019685,1.83071 -1.85039 0.688975,1.83071 -2.02756 0.11811,1.83071 -2.02756 0.019685,1.83071 -1.85039 0.11811]
}}
appearance Appearance{material Material{diffuseColor 0.411765 0.411765 0.411765
transparency 0}}}
Shape { geometry IndexedFaceSet 
{ creaseAngle 0.50 coordIndex [0,1,2,-1,2,1,3,-1]
coord Coordinate { point [-2.69685 -0.846455 0.165354,-2.69685 -0.137795 0.165354,-2.7559 -0.846455 0.165354,-2.7559 -0.137795 0.165354]
}}
appearance Appearance{material Material{diffuseColor 1 1 1
transparency 0}}}
Shape { geometry IndexedFaceSet 
{ creaseAngle 0.50 coordIndex [0,1,2,-1,0,3,4,-1,0,4,1,-1,5,6,7,-1,5,7,8,-1,9,10,11,-1,9,2,10,-1,12,11,6,-1,12,9,11,-1,13,8,14,-1,13,5,8,-1,15,16,3,-1,15,3,0,-1,15,0,2,-1,15,2,9,-1,17,16,15,-1,17,9,12,-1,17,15,9,-1,18,19,20,-1,18,14,19,-1,18,13,14,-1,21,6,5,-1,21,12,6,-1,22,18,20,-1,23,21,5,-1,23,5,13,-1,24,20,25,-1,24,22,20,-1,26,27,16,-1,26,12,21,-1,26,16,17,-1,26,17,12,-1,28,13,18,-1,28,23,13,-1,29,30,31,-1,32,26,21,-1,32,21,23,-1,32,27,26,-1,33,34,35,-1,36,18,22,-1,36,28,18,-1,37,35,38,-1,39,22,24,-1,37,33,35,-1,39,36,22,-1,40,41,27,-1,40,27,32,-1,40,32,23,-1,42,37,38,-1,40,23,28,-1,7,38,43,-1,44,41,40,-1,44,28,36,-1,7,42,38,-1,44,40,28,-1,45,24,25,-1,45,25,46,-1,47,34,33,-1,45,39,24,-1,48,36,39,-1,10,33,37,-1,48,41,44,-1,48,44,36,-1,10,47,33,-1,49,45,46,-1,50,51,41,-1,50,41,48,-1,50,39,45,-1,8,7,43,-1,50,48,39,-1,52,46,53,-1,52,49,46,-1,1,34,47,-1,54,51,50,-1,54,45,49,-1,54,50,45,-1,11,37,42,-1,11,10,37,-1,55,51,54,-1,14,43,56,-1,55,49,52,-1,55,54,49,-1,14,8,43,-1,57,30,51,-1,57,53,58,-1,57,51,55,-1,57,52,53,-1,2,1,47,-1,57,55,52,-1,2,47,10,-1,59,30,57,-1,59,57,58,-1,60,58,31,-1,60,31,30,-1,6,42,7,-1,60,59,58,-1,6,11,42,-1,60,30,59,-1,4,3,34,-1,4,34,1,-1,19,56,61,-1,19,61,20,-1,19,14,56,-1]
coord Coordinate { point [-1.34606 1.53593 0.481225,-1.34676 1.53631 0.479474,-1.3472 1.5368 0.480356,-1.3449 1.53491 0.481808,-1.34576 1.53554 0.480236,-1.35921 1.54362 0.486381,-1.35502 1.54197 0.483202,-1.35826 1.54243 0.475769,-1.36337 1.54421 0.476863,-1.35028 1.53924 0.485685,-1.34904 1.53789 0.478173,-1.35343 1.54111 0.481931,-1.35144 1.53985 0.487458,-1.36186 1.54427 0.48827,-1.36652 1.54493 0.477589,-1.34832 1.53773 0.487178,-1.34696 1.53617 0.490288,-1.34922 1.53814 0.489151,-1.36549 1.54471 0.49074,-1.37078 1.54546 0.478626,-1.37211 1.54572 0.487282,-1.35464 1.54091 0.491831,-1.36665 1.54475 0.491501,-1.35672 1.54123 0.494387,-1.3692 1.54467 0.493124,-1.37204 1.54431 0.494851,-1.35179 1.53872 0.493999,-1.35028 1.53593 0.498453,-1.35966 1.54126 0.497677,-1.37204 1.52142 0.520428,-1.36585 1.52678 0.517163,-1.37226 1.52999 0.51513,-1.35353 1.53877 0.49682,-1.34982 1.53747 0.474218,-1.34421 1.53223 0.473438,-1.35017 1.53676 0.471579,-1.36062 1.54118 0.498678,-1.3507 1.53812 0.474361,-1.35698 1.54013 0.470198,-1.36276 1.54086 0.500795,-1.35604 1.53848 0.500436,-1.35469 1.53422 0.505893,-1.35629 1.54151 0.475375,-1.36436 1.5422 0.469348,-1.35688 1.5383 0.501533,-1.36519 1.54026 0.503017,-1.37209 1.5415 0.502052,-1.34836 1.53726 0.47756,-1.35876 1.53778 0.503846,-1.36849 1.5391 0.505754,-1.36093 1.53699 0.506264,-1.35997 1.53112 0.512236,-1.36927 1.53877 0.506361,-1.37226 1.53731 0.508532,-1.36393 1.5356 0.509224,-1.36466 1.53522 0.509876,-1.37204 1.5429 0.469061,-1.36745 1.53359 0.512181,-1.3723 1.53408 0.511895,-1.3697 1.5321 0.513805,-1.37093 1.53122 0.51461,-1.37213 1.54554 0.478965]
}}
appearance Appearance{material Material{diffuseColor 1 0.807843 0.498039
transparency 0}}}
Shape { geometry IndexedFaceSet 
{ creaseAngle 0.50 coordIndex [0,1,2,-1,3,1,0,-1,3,4,1,-1,4,5,1,-1,6,7,8,-1,9,7,6,-1,10,7,9,-1,11,7,10,-1,12,7,11,-1,5,13,1,-1,12,14,7,-1,13,15,1,-1,15,16,1,-1,16,17,1,-1,17,18,1,-1,18,19,1,-1,20,21,14,-1,22,21,20,-1,23,21,22,-1,24,21,23,-1,25,21,24,-1,14,21,7,-1,7,26,2,-1,27,28,29,-1,21,26,7,-1,28,30,29,-1,7,31,32,-1,7,32,8,-1,33,21,34,-1,34,21,25,-1,26,27,35,-1,26,35,36,-1,26,36,2,-1,35,27,29,-1,28,37,38,-1,28,38,30,-1,36,39,40,-1,36,40,41,-1,36,41,42,-1,43,44,2,-1,36,42,45,-1,36,45,46,-1,36,46,47,-1,44,48,2,-1,2,49,43,-1,2,50,49,-1,48,0,2,-1,50,36,51,-1,2,36,50,-1,36,52,51,-1,36,47,52,-1]
coord Coordinate { point [1.26181 2.08877 0.11811,1.14173 2.73621 0.11811,1.14173 -1.39764 0.11811,1.25984 2.10629 0.11811,1.25984 2.65747 0.11811,1.26181 2.675 0.11811,1.37974 -1.96619 0.11811,1.35826 -1.61417 0.11811,1.36801 -1.98485 0.11811,1.39532 -1.9506 0.11811,1.41398 -1.93888 0.11811,1.43479 -1.9316 0.11811,1.45669 -1.92913 0.11811,1.26764 2.69164 0.11811,1.73228 -1.92913 0.11811,1.27702 2.70657 0.11811,1.28949 2.71904 0.11811,1.30442 2.72842 0.11811,1.32106 2.73424 0.11811,1.33858 2.73621 0.11811,1.75418 -1.9316 0.11811,1.83071 -1.85039 0.11811,1.77499 -1.93888 0.11811,1.79365 -1.9506 0.11811,1.80923 -1.96619 0.11811,1.82096 -1.98485 0.11811,2.08661 -1.85039 0.11811,2.08661 2.55905 0.11811,2.32283 2.55905 0.11811,1.94882 2.73621 0.11811,2.57874 2.73621 0.11811,1.35826 -2.02756 0.11811,1.36073 -2.00565 0.11811,1.83071 -2.02756 0.11811,1.82824 -2.00565 0.11811,1.94882 1.87007 0.11811,1.85039 1.77165 0.11811,2.32283 -1.85039 0.11811,2.57874 -1.85039 0.11811,1.85039 2.10629 0.11811,1.84842 2.08877 0.11811,1.84259 2.07213 0.11811,1.83321 2.0572 0.11811,1.28949 2.04473 0.11811,1.27702 2.0572 0.11811,1.82074 2.04473 0.11811,1.80581 2.03535 0.11811,1.78917 2.02953 0.11811,1.26764 2.07213 0.11811,1.30442 2.03535 0.11811,1.32106 2.02953 0.11811,1.33858 2.02755 0.11811,1.77165 2.02755 0.11811]
}}
appearance Appearance{material Material{diffuseColor 0.411765 0.411765 0.411765
transparency 0}}}
Shape { geometry IndexedFaceSet 
{ creaseAngle 0.50 coordIndex [0,1,2,-1,0,3,1,-1]
coord Coordinate { point [-0.456692 -0.807085 0.151574,-0.614172 -0.94488 0.151574,-0.614172 -0.807085 0.151574,-0.456692 -0.94488 0.151574]
}}
appearance Appearance{material Material{diffuseColor 1 0.807843 0.498039
transparency 0}}}
Shape { geometry IndexedFaceSet 
{ creaseAngle 0.50 coordIndex [0,1,2,-1,3,1,0,-1]
coord Coordinate { point [-2.67716 -0.19685 0.303149,-2.79527 -0.7874 0.244094,-2.67716 -0.7874 0.303149,-2.79527 -0.19685 0.244094]
}}
appearance Appearance{material Material{diffuseColor 0.411765 0.411765 0.411765
transparency 0}}}
Shape { geometry IndexedFaceSet 
{ creaseAngle 0.50 coordIndex [0,1,2,-1,0,2,3,-1,4,0,5,-1,4,1,0,-1,6,0,3,-1]
coord Coordinate { point [-2.25393 2.77558 0.263779,-2.25393 2.95275 0.62992,-2.25393 2.59842 0.62992,-2.25393 2.59842 0.342519,-2.25393 2.95275 0.098425,-2.25393 2.77558 0.098425,-2.25393 2.44094 0.263779]
}}
appearance Appearance{material Material{diffuseColor 0.411765 0.411765 0.411765
transparency 0}}}
Shape { geometry IndexedFaceSet 
{ creaseAngle 0.50 coordIndex [0,1,2,-1,1,3,2,-1,2,4,5,-1,3,4,2,-1,5,6,7,-1,4,6,5,-1,7,8,9,-1,6,8,7,-1,9,10,11,-1,8,10,9,-1,11,12,13,-1,10,12,11,-1,13,14,15,-1,12,14,13,-1]
coord Coordinate { point [-0.594487 1.8307 0.019685,-0.594487 1.8307 0.120078,-0.612008 1.82873 0.019685,-0.612008 1.82873 0.120078,-0.628651 1.82291 0.120078,-0.628651 1.82291 0.019685,-0.643581 1.81353 0.120078,-0.643581 1.81353 0.019685,-0.656048 1.80106 0.120078,-0.656048 1.80106 0.019685,-0.665429 1.78613 0.120078,-0.665429 1.78613 0.019685,-0.671253 1.76949 0.120078,-0.671253 1.76949 0.019685,-0.673227 1.75196 0.120078,-0.673227 1.75196 0.019685]
}}
appearance Appearance{material Material{diffuseColor 0.411765 0.411765 0.411765
transparency 0}}}
Shape { geometry IndexedFaceSet 
{ creaseAngle 0.50 coordIndex [0,1,2,-1,0,3,1,-1,4,2,5,-1,4,0,2,-1]
coord Coordinate { point [-1.47047 1.19384 0.424554,-1.33267 1.1792 0.417623,-1.33267 1.16404 0.411918,-1.33267 1.19384 0.424554,-1.47047 1.14846 0.407479,-1.33267 1.14846 0.407479]
}}
appearance Appearance{material Material{diffuseColor 1 0.807843 0.498039
transparency 0}}}
Shape { geometry IndexedFaceSet 
{ creaseAngle 0.50 coordIndex [0,1,2,-1,3,1,0,-1]
coord Coordinate { point [-2.67716 2.3622 0.303149,-2.79527 1.77165 0.244094,-2.67716 1.77165 0.303149,-2.79527 2.3622 0.244094]
}}
appearance Appearance{material Material{diffuseColor 0.411765 0.411765 0.411765
transparency 0}}}
Shape { geometry IndexedFaceSet 
{ creaseAngle 0.50 coordIndex [0,1,2,-1,0,3,1,-1,4,2,5,-1,4,0,2,-1,6,5,7,-1,6,4,5,-1,8,7,9,-1,8,6,7,-1,10,9,11,-1,10,8,9,-1,12,11,13,-1,12,10,11,-1,14,13,15,-1,14,12,13,-1]
coord Coordinate { point [-0.498231 1.52113 0.519709,-0.505904 1.4452 0.551701,-0.497144 1.44482 0.550788,-0.505904 1.52142 0.520428,-0.490853 1.52027 0.517622,-0.488822 1.44372 0.548094,-0.48277 1.51856 0.513458,-0.481358 1.44194 0.543755,-0.475972 1.51618 0.507658,-0.475124 1.43957 0.537987,-0.470858 1.51326 0.500527,-0.470433 1.43674 0.531081,-0.467648 1.50996 0.492498,-0.467522 1.43358 0.523382,-0.466535 1.50648 0.484004,-0.466535 1.43025 0.515277]
}}
appearance Appearance{material Material{diffuseColor 0.792157 0.819608 0.933333
transparency 0}}}
Shape { geometry IndexedFaceSet 
{ creaseAngle 0.50 coordIndex [0,1,2,-1,3,0,2,-1]
coord Coordinate { point [-0.43307 2.81495 0.688975,-1.22047 2.81495 0.688975,-1.22047 2.83464 0.688975,-0.43307 2.83464 0.688975]
}}
appearance Appearance{material Material{diffuseColor 0.792157 0.819608 0.933333
transparency 0}}}
Shape { geometry IndexedFaceSet 
{ creaseAngle 0.50 coordIndex [0,1,2,-1,2,3,4,-1,1,3,2,-1,4,5,6,-1,3,5,4,-1,6,7,8,-1,5,7,6,-1,8,9,10,-1,7,9,8,-1,10,11,12,-1,9,11,10,-1,12,13,14,-1,11,13,12,-1,13,15,14,-1]
coord Coordinate { point [1.25984 2.10629 0.019685,1.25984 2.10629 0.11811,1.26181 2.08877 0.019685,1.26181 2.08877 0.11811,1.26764 2.07213 0.019685,1.26764 2.07213 0.11811,1.27702 2.0572 0.019685,1.27702 2.0572 0.11811,1.28949 2.04473 0.019685,1.28949 2.04473 0.11811,1.30442 2.03535 0.019685,1.30442 2.03535 0.11811,1.32106 2.02953 0.019685,1.32106 2.02953 0.11811,1.33858 2.02755 0.019685,1.33858 2.02755 0.11811]
}}
appearance Appearance{material Material{diffuseColor 0.411765 0.411765 0.411765
transparency 0}}}
Shape { geometry IndexedFaceSet 
{ creaseAngle 0.50 coordIndex [0,1,2,-1,1,3,2,-1,4,5,1,-1,1,5,3,-1,5,6,3,-1,6,7,3,-1,8,9,5,-1,5,9,6,-1,10,11,8,-1,8,11,9,-1]
coord Coordinate { point [-1.30603 0.11774 0.219936,-1.31923 0.480042 0.30721,-1.49711 0.11774 0.219936,-1.48391 0.480042 0.30721,-1.3301 0.778373 0.379074,-1.36983 0.778373 0.379074,-1.43332 0.778373 0.379074,-1.47305 0.778374 0.379074,-1.37204 0.839249 0.393738,-1.4311 0.839249 0.393738,-1.37204 1.13463 0.464892,-1.4311 1.13463 0.464892]
}}
appearance Appearance{material Material{diffuseColor 1 0.807843 0.498039
transparency 0}}}
Shape { geometry IndexedFaceSet 
{ creaseAngle 0.50 coordIndex [0,1,2,-1,3,1,0,-1]
coord Coordinate { point [2.7559 -2.06693 0.255905,2.69685 -2.06693 0.452755,2.7559 -2.06693 0.452755,2.69685 -2.06693 0.255905]
}}
appearance Appearance{material Material{diffuseColor 1 1 1
transparency 0}}}
Shape { geometry IndexedFaceSet 
{ creaseAngle 0.50 coordIndex [0,1,2,-1,3,1,0,-1,3,4,1,-1,4,5,1,-1,6,7,4,-1,8,7,6,-1,4,7,5,-1,9,10,8,-1,8,10,7,-1,9,11,10,-1,9,12,11,-1,12,13,11,-1,12,14,13,-1,14,15,13,-1,16,17,14,-1,14,17,15,-1]
coord Coordinate { point [0.694827 0.927896 0.355543,0.694828 1.2272 0.407479,0.694828 0.927921 0.335387,0.694828 1.22259 0.426617,0.694828 1.26343 0.441985,0.694828 1.27258 0.424554,0.694828 1.39265 0.509805,0.694828 1.4018 0.492375,0.694828 1.41791 0.52002,0.694828 1.44534 0.525121,0.694828 1.42574 0.501776,0.694828 1.45114 0.505774,0.694828 1.47813 0.523911,0.694828 1.47681 0.504179,0.694828 1.50899 0.515277,0.694828 1.50152 0.497066,0.694828 1.58522 0.484004,0.694828 1.57775 0.465792]
}}
appearance Appearance{material Material{diffuseColor 1 0.807843 0.498039
transparency 0}}}
Shape { geometry IndexedFaceSet 
{ creaseAngle 0.50 coordIndex [0,1,2,-1,0,2,3,-1]
coord Coordinate { point [-0.466534 0.849184 0.335388,-0.466535 0.849177 0.355375,-0.464124 0.787717 0.340294,-0.464224 0.792199 0.321662]
}}
appearance Appearance{material Material{diffuseColor 1 0.807843 0.498039
transparency 0}}}
Shape { geometry IndexedFaceSet 
{ creaseAngle 0.50 coordIndex [0,1,2,-1,0,3,1,-1,4,5,6,-1,7,4,6,-1,8,9,10,-1,11,12,13,-1,11,13,14,-1,15,12,11,-1,16,14,17,-1,16,11,14,-1,18,16,17,-1,19,20,12,-1,19,21,20,-1,19,12,15,-1,22,15,11,-1,22,11,16,-1,23,17,24,-1,23,18,17,-1,25,22,16,-1,25,16,18,-1,26,9,21,-1,26,21,19,-1,26,19,15,-1,26,15,22,-1,1,24,2,-1,1,3,27,-1,1,23,24,-1,28,27,29,-1,28,29,25,-1,28,25,18,-1,28,18,23,-1,28,1,27,-1,28,23,1,-1,30,29,31,-1,30,31,10,-1,30,25,29,-1,30,22,25,-1,30,9,26,-1,30,26,22,-1,30,10,9,-1,0,2,6,-1,0,5,3,-1,0,6,5,-1]
coord Coordinate { point [-0.136111 1.61445 0.51005,-0.140617 1.6166 0.506142,-0.144021 1.60986 0.512236,-0.131774 1.61762 0.506366,-0.131805 1.60709 0.516569,-0.13174 1.61172 0.513143,-0.138137 1.60552 0.517163,-0.131942 1.60016 0.520428,-0.131942 1.62164 0.469061,-0.138096 1.62118 0.46925,-0.131878 1.62348 0.475863,-0.157372 1.61515 0.481331,-0.159781 1.61097 0.473438,-0.159083 1.61365 0.481808,-0.157024 1.61491 0.490288,-0.154997 1.61672 0.478887,-0.153555 1.61768 0.48938,-0.153708 1.61467 0.498453,-0.149325 1.61842 0.496054,-0.153265 1.61721 0.475511,-0.152502 1.61625 0.471272,-0.144095 1.61983 0.469805,-0.148933 1.62073 0.484624,-0.14507 1.61797 0.501463,-0.1493 1.61296 0.505893,-0.142979 1.6226 0.489523,-0.145564 1.62167 0.478055,-0.131962 1.62231 0.497239,-0.137432 1.623 0.493603,-0.131909 1.62443 0.48817,-0.138352 1.6239 0.480502,-0.131864 1.62455 0.482748]
}}
appearance Appearance{material Material{diffuseColor 1 0.807843 0.498039
transparency 0}}}
Shape { geometry IndexedFaceSet 
{ creaseAngle 0.50 coordIndex [0,1,2,-1,0,3,1,-1,4,2,5,-1,4,0,2,-1,6,5,7,-1,6,4,5,-1,8,7,9,-1,8,6,7,-1,10,11,12,-1,10,12,13,-1,14,9,11,-1,14,8,9,-1,15,14,11,-1,15,11,10,-1,16,14,15,-1,17,16,15,-1]
coord Coordinate { point [-1.33366 1.1418 0.435134,-1.33267 1.18469 0.441985,-1.33366 1.18062 0.449742,-1.33267 1.14385 0.426617,-1.33657 1.13985 0.443224,-1.33657 1.17676 0.45711,-1.34126 1.1381 0.450481,-1.34126 1.17329 0.46372,-1.3475 1.13664 0.456542,-1.3475 1.17039 0.469239,-1.37204 1.15615 0.471992,-1.35496 1.16821 0.473392,-1.36328 1.16686 0.475971,-1.37204 1.1664 0.476845,-1.35496 1.13554 0.461102,-1.37204 1.14554 0.467999,-1.36328 1.13486 0.463933,-1.37204 1.13463 0.464892]
}}
appearance Appearance{material Material{diffuseColor 1 0.807843 0.498039
transparency 0}}}
Shape { geometry IndexedFaceSet 
{ creaseAngle 0.50 coordIndex [0,1,2,-1,3,0,2,-1]
coord Coordinate { point [1.83071 -2.71653 0.767715,1.98819 -2.71653 0.767715,1.98819 -2.71653 0.688975,1.83071 -2.71653 0.688975]
}}
appearance Appearance{material Material{diffuseColor 0.411765 0.411765 0.411765
transparency 0}}}
Shape { geometry IndexedFaceSet 
{ creaseAngle 0.50 coordIndex [0,1,2,-1,1,3,2,-1]
coord Coordinate { point [0.232465 0.27559 0.151574,0.232318 -0.137795 0.151574,0.232453 0.27559 0.210629,0.232318 -0.137795 0.210629]
}}
appearance Appearance{material Material{diffuseColor 0.792157 0.819608 0.933333
transparency 0}}}
Shape { geometry IndexedFaceSet 
{ creaseAngle 0.50 coordIndex [0,1,2,-1,0,2,3,-1]
coord Coordinate { point [-1.33267 0.849184 0.335388,-1.33267 0.849177 0.355375,-1.33026 0.787717 0.340294,-1.33036 0.792199 0.321662]
}}
appearance Appearance{material Material{diffuseColor 1 0.807843 0.498039
transparency 0}}}
Shape { geometry IndexedFaceSet 
{ creaseAngle 0.50 coordIndex [0,1,2,-1,2,1,3,-1,3,4,5,-1,1,4,3,-1,5,6,7,-1,4,6,5,-1,7,8,9,-1,6,8,7,-1,9,10,11,-1,8,10,9,-1,11,12,13,-1,10,12,11,-1,13,14,15,-1,12,14,13,-1]
coord Coordinate { point [2.69685 1.53543 0.19685,2.69685 1.52229 0.198331,2.7559 1.53543 0.19685,2.7559 1.52229 0.198331,2.69685 1.50981 0.202698,2.7559 1.50981 0.202698,2.69685 1.49861 0.209734,2.7559 1.49861 0.209734,2.69685 1.48926 0.219085,2.7559 1.48926 0.219085,2.69685 1.48222 0.230282,2.7559 1.48222 0.230282,2.69685 1.47786 0.242764,2.7559 1.47786 0.242764,2.69685 1.47637 0.255905,2.7559 1.47637 0.255905]
}}
appearance Appearance{material Material{diffuseColor 1 1 1
transparency 0}}}
Shape { geometry IndexedFaceSet 
{ creaseAngle 0.50 coordIndex [0,1,2,-1,3,4,5,-1,6,3,5,-1,7,8,9,-1,10,7,9,-1,11,12,13,-1,11,13,14,-1,15,14,16,-1,15,11,14,-1,17,16,18,-1,17,15,16,-1,19,18,20,-1,19,17,18,-1,21,20,22,-1,21,19,20,-1,23,5,24,-1,23,24,12,-1,23,12,11,-1,25,22,1,-1,25,0,26,-1,25,21,22,-1,25,1,0,-1,27,23,11,-1,27,11,15,-1,27,5,23,-1,28,15,17,-1,28,27,15,-1,29,17,19,-1,29,28,17,-1,30,29,19,-1,30,19,21,-1,31,26,9,-1,31,25,26,-1,31,21,25,-1,31,9,30,-1,31,30,21,-1,32,33,6,-1,32,34,33,-1,32,8,34,-1,32,5,27,-1,32,29,30,-1,32,27,28,-1,32,6,5,-1,32,9,8,-1,32,28,29,-1,32,30,9,-1]
coord Coordinate { point [0.832728 1.4182 0.519947,0.831741 1.38858 0.517562,0.832728 1.39265 0.509805,0.802119 1.52356 0.550788,0.793358 1.52394 0.551701,0.793358 1.48687 0.562371,0.81044 1.52246 0.548094,0.831741 1.51232 0.523382,0.828829 1.51548 0.531081,0.832728 1.47787 0.523761,0.832728 1.50899 0.515277,0.802119 1.41052 0.557815,0.793358 1.41026 0.558767,0.793358 1.37436 0.544665,0.802119 1.37481 0.543791,0.81044 1.41128 0.555005,0.81044 1.37617 0.541213,0.817905 1.41251 0.550478,0.817905 1.37835 0.53706,0.824139 1.41414 0.544462,0.824139 1.38124 0.53154,0.82883 1.4161 0.537258,0.82883 1.38471 0.52493,0.802119 1.44841 0.563778,0.793358 1.44837 0.564764,0.831741 1.41828 0.529228,0.832728 1.44542 0.524825,0.81044 1.44855 0.560869,0.817905 1.44877 0.556184,0.824139 1.44906 0.549957,0.82883 1.44941 0.5425,0.831741 1.4498 0.534188,0.821197 1.48369 0.551214,0.817905 1.52068 0.543755,0.824139 1.51831 0.537987]
}}
appearance Appearance{material Material{diffuseColor 1 0.807843 0.498039
transparency 0}}}
Shape { geometry IndexedFaceSet 
{ creaseAngle 0.50 coordIndex [0,1,2,-1,0,3,1,-1,4,2,5,-1,4,0,2,-1]
coord Coordinate { point [-0.171312 1.27258 0.424554,-0.0334117 1.25794 0.417623,-0.0334117 1.24278 0.411918,-0.0334117 1.27258 0.424554,-0.171312 1.2272 0.407479,-0.0334117 1.2272 0.407479]
}}
appearance Appearance{material Material{diffuseColor 1 0.807843 0.498039
transparency 0}}}
Shape { geometry IndexedFaceSet 
{ creaseAngle 0.50 coordIndex [0,1,2,-1,1,3,2,-1,1,4,3,-1,4,5,3,-1]
coord Coordinate { point [-1.48365 0.493863 0.249796,-1.49661 0.13157 0.162523,-1.48391 0.480042 0.30721,-1.49711 0.11774 0.219936,-1.49996 0.0393699 0.151574,-1.49997 0.0393699 0.210629]
}}
appearance Appearance{material Material{diffuseColor 1 0.807843 0.498039
transparency 0}}}
Shape { geometry IndexedFaceSet 
{ creaseAngle 0.50 coordIndex [0,1,2,-1,3,1,0,-1]
coord Coordinate { point [2.12598 2.87401 0.413385,1.69291 2.95275 0.300933,1.69291 2.87401 0.413385,2.12598 2.95275 0.300933]
}}
appearance Appearance{material Material{diffuseColor 0.411765 0.411765 0.411765
transparency 0}}}
Shape { geometry IndexedFaceSet 
{ creaseAngle 0.50 coordIndex [0,1,2,-1,0,3,1,-1,4,0,2,-1]
coord Coordinate { point [-1.76329 0.866419 0.340446,-1.75227 0.558782 0.30721,-1.75254 0.572603 0.249796,-1.76312 0.857113 0.379074,-1.76339 0.870939 0.321662]
}}
appearance Appearance{material Material{diffuseColor 1 0.807843 0.498039
transparency 0}}}
Shape { geometry IndexedFaceSet 
{ creaseAngle 0.50 coordIndex [0,1,2,-1,3,4,1,-1,1,4,2,-1]
coord Coordinate { point [1.14173 2.59842 0.688975,0.659448 2.59842 0.688975,1.14173 2.59842 0.342519,0.600392 2.59842 0.62992,0.600393 2.59842 0.342519]
}}
appearance Appearance{material Material{diffuseColor 0.411765 0.411765 0.411765
transparency 0}}}
Shape { geometry IndexedFaceSet 
{ creaseAngle 0.50 coordIndex [0,1,2,-1,3,2,4,-1,3,0,2,-1,5,4,6,-1,5,3,4,-1,7,6,8,-1,7,5,6,-1,9,8,10,-1,9,7,8,-1,11,10,12,-1,11,9,10,-1,13,12,14,-1,13,11,12,-1,15,14,16,-1,15,13,14,-1]
coord Coordinate { point [2.44094 -3.03149 0.66929,2.44094 -2.51968 0.66929,2.43905 -2.51968 0.686449,2.43897 -3.03149 0.686811,2.43346 -2.51968 0.702784,2.43314 -3.03149 0.703454,2.42445 -2.51968 0.717508,2.42376 -3.03149 0.718384,2.41245 -2.51968 0.729915,2.41129 -3.03149 0.730851,2.39803 -2.51968 0.739408,2.39636 -3.03149 0.740232,2.38189 -2.51968 0.74553,2.37972 -3.03149 0.746056,2.37198 -2.51885 0.747421,2.3622 -3.03149 0.74803,2.3622 -2.5163 0.74803]
}}
appearance Appearance{material Material{diffuseColor 1 1 1
transparency 0}}}
Shape { geometry IndexedFaceSet 
{ creaseAngle 0.50 coordIndex [0,1,2,-1,3,4,5,-1,3,5,6,-1,7,8,9,-1,3,10,11,-1,7,9,12,-1,3,6,10,-1,13,14,15,-1,16,17,18,-1,13,15,19,-1,16,18,20,-1,13,4,3,-1,13,21,14,-1,13,11,21,-1,16,22,17,-1,13,3,11,-1,13,19,4,-1,23,0,24,-1,25,26,27,-1,23,24,28,-1,29,7,12,-1,29,12,1,-1,30,23,28,-1,30,28,22,-1,31,1,0,-1,31,29,1,-1,32,33,8,-1,32,8,7,-1,34,20,35,-1,34,16,20,-1,34,22,16,-1,34,30,22,-1,36,0,23,-1,36,31,0,-1,37,7,29,-1,37,32,7,-1,38,23,30,-1,38,36,23,-1,39,37,29,-1,39,29,31,-1,40,41,33,-1,40,33,32,-1,42,30,34,-1,42,38,30,-1,42,35,43,-1,42,34,35,-1,44,31,36,-1,44,39,31,-1,45,32,37,-1,45,40,32,-1,46,44,36,-1,46,36,38,-1,47,45,37,-1,47,37,39,-1,48,4,19,-1,49,27,50,-1,51,41,40,-1,51,52,53,-1,51,54,52,-1,49,55,25,-1,49,25,27,-1,51,53,41,-1,2,50,56,-1,57,46,38,-1,57,43,58,-1,57,42,43,-1,2,49,50,-1,57,38,42,-1,24,56,59,-1,10,39,44,-1,10,47,39,-1,24,2,56,-1,60,40,45,-1,60,61,54,-1,12,9,55,-1,60,54,51,-1,12,55,49,-1,60,51,40,-1,28,59,62,-1,11,10,44,-1,11,44,46,-1,28,24,59,-1,63,61,60,-1,63,64,61,-1,1,12,49,-1,63,60,45,-1,63,45,47,-1,1,49,2,-1,21,58,14,-1,22,62,17,-1,21,46,57,-1,21,57,58,-1,22,28,62,-1,21,11,46,-1,6,5,64,-1,6,64,63,-1,0,2,24,-1,6,47,10,-1,6,63,47,-1]
coord Coordinate { point [-2.74838 -1.35906 0.393108,-2.74448 -1.36118 0.39422,-2.74448 -1.35769 0.403333,-2.75407 -1.38701 0.363744,-2.75541 -1.39764 0.358711,-2.75395 -1.39764 0.362871,-2.75167 -1.38783 0.367561,-2.74031 -1.36733 0.387582,-2.73621 -1.37309 0.382604,-2.73621 -1.36685 0.388838,-2.75167 -1.37843 0.370638,-2.75407 -1.37683 0.367077,-2.74031 -1.3624 0.394866,-2.75547 -1.38614 0.359659,-2.7559 -1.37344 0.359516,-2.7559 -1.38528 0.355638,-2.75547 -1.34435 0.399976,-2.75541 -1.34296 0.413385,-2.7559 -1.33858 0.413385,-2.7559 -1.39154 0.354646,-2.7559 -1.34037 0.398973,-2.75547 -1.37512 0.363267,-2.75407 -1.3484 0.400996,-2.75167 -1.35615 0.391581,-2.74838 -1.35537 0.402749,-2.73621 -1.35925 0.404624,-2.73622 -1.35827 0.413385,-2.7406 -1.35777 0.413385,-2.75167 -1.35219 0.401948,-2.74448 -1.36627 0.386681,-2.75407 -1.3527 0.389765,-2.74838 -1.36445 0.385131,-2.74031 -1.3738 0.381509,-2.73621 -1.38055 0.377914,-2.75547 -1.349 0.387822,-2.7559 -1.34536 0.385909,-2.75167 -1.36196 0.383004,-2.74448 -1.37297 0.380397,-2.75407 -1.35898 0.380474,-2.74838 -1.37154 0.378482,-2.74031 -1.38133 0.377078,-2.73621 -1.38887 0.375002,-2.75547 -1.3558 0.377765,-2.7559 -1.35267 0.3751,-2.75167 -1.36957 0.375855,-2.74448 -1.38076 0.375812,-2.75407 -1.36723 0.372729,-2.74838 -1.37978 0.37363,-2.7559 -1.39764 0.354331,-2.74031 -1.35904 0.403671,-2.74476 -1.35632 0.413385,-2.74031 -1.38931 0.374465,-2.7406 -1.39764 0.373521,-2.73622 -1.39764 0.374015,-2.74476 -1.39764 0.372066,-2.73621 -1.36216 0.396303,-2.74849 -1.35397 0.413385,-2.75547 -1.36473 0.369383,-2.7559 -1.36227 0.36609,-2.75161 -1.35085 0.413385,-2.74448 -1.38902 0.373107,-2.74849 -1.39764 0.369721,-2.75395 -1.34712 0.413385,-2.74838 -1.38852 0.370768,-2.75161 -1.39764 0.366604]
}}
appearance Appearance{material Material{diffuseColor 1 1 1
transparency 0}}}
Shape { geometry IndexedFaceSet 
{ creaseAngle 0.50 coordIndex [0,1,2,-1,1,3,2,-1]
coord Coordinate { point [0.793358 1.52394 0.551701,0.793358 1.60016 0.520428,0.734198 1.52394 0.551701,0.734198 1.60016 0.520428]
}}
appearance Appearance{material Material{diffuseColor 1 0.807843 0.498039
transparency 0}}}
Shape { geometry IndexedFaceSet 
{ creaseAngle 0.50 coordIndex [0,1,2,-1,0,2,3,-1,4,3,5,-1,4,0,3,-1,6,5,7,-1,6,4,5,-1,8,7,9,-1,8,6,7,-1,10,9,11,-1,10,8,9,-1,12,11,13,-1,12,10,11,-1,14,13,15,-1,14,12,13,-1]
coord Coordinate { point [-1.43986 1.44482 0.550788,-1.4311 1.4452 0.551701,-1.4311 1.52142 0.520428,-1.44028 1.521 0.519398,-1.44818 1.44372 0.548094,-1.44896 1.51978 0.516428,-1.45565 1.44194 0.543755,-1.45667 1.51784 0.511697,-1.46188 1.43957 0.537987,-1.46294 1.51526 0.505407,-1.46657 1.43674 0.531081,-1.46744 1.51219 0.497929,-1.46948 1.43358 0.523382,-1.46969 1.50939 0.491103,-1.47047 1.43025 0.515277,-1.47047 1.50648 0.484004]
}}
appearance Appearance{material Material{diffuseColor 1 0.807843 0.498039
transparency 0}}}
Shape { geometry IndexedFaceSet 
{ creaseAngle 0.50 coordIndex [0,1,2,-1,0,3,1,-1]
coord Coordinate { point [-0.610235 -0.3937 0.210629,-0.610235 -0.55118 0.263779,-0.610235 -0.55118 0.210629,-0.610235 -0.3937 0.263779]
}}
appearance Appearance{material Material{diffuseColor 0.411765 0.411765 0.411765
transparency 0}}}
Shape { geometry IndexedFaceSet 
{ creaseAngle 0.50 coordIndex [0,1,2,-1,3,2,4,-1,3,0,2,-1,5,4,6,-1,5,3,4,-1,7,5,6,-1,8,6,9,-1,8,7,6,-1]
coord Coordinate { point [1.87007 -0.213158 0.74803,1.87007 -0.213158 0.688975,1.86932 -0.205477 0.688975,1.86932 -0.205477 0.74803,1.86708 -0.198091 0.688975,1.86708 -0.198091 0.74803,1.86344 -0.191285 0.688975,1.86344 -0.191285 0.74803,1.85854 -0.185319 0.74803,1.85854 -0.185319 0.688975]
}}
appearance Appearance{material Material{diffuseColor 1 1 1
transparency 0}}}
Shape { geometry IndexedFaceSet 
{ creaseAngle 0.50 coordIndex [0,1,2,-1,1,3,2,-1,4,5,1,-1,1,5,3,-1,5,6,3,-1,5,7,6,-1,6,8,3,-1,7,9,6,-1,7,10,9,-1,10,11,9,-1]
coord Coordinate { point [0.426281 0.35396 0.219936,0.413094 0.716262 0.30721,0.2353 0.35396 0.219936,0.248405 0.716262 0.30721,0.402236 1.01459 0.379074,0.362504 1.01459 0.379074,0.298926 1.01459 0.379074,0.360288 1.07547 0.393739,0.259196 1.01459 0.379074,0.301128 1.07547 0.39374,0.360288 1.37085 0.464892,0.301128 1.37085 0.464892]
}}
appearance Appearance{material Material{diffuseColor 1 0.807843 0.498039
transparency 0}}}
Shape { geometry IndexedFaceSet 
{ creaseAngle 0.50 coordIndex [0,1,2,-1,3,1,0,-1]
coord Coordinate { point [0.797243 2.95275 0.35433,1.39764 3.05117 0.35433,0.797243 3.05117 0.35433,1.39764 2.95275 0.35433]
}}
appearance Appearance{material Material{diffuseColor 0.411765 0.411765 0.411765
transparency 0}}}
Shape { geometry IndexedFaceSet 
{ creaseAngle 0.50 coordIndex [0,1,2,-1,3,1,0,-1]
coord Coordinate { point [2.44094 -3.03149 0.145669,2.44094 -2.51968 0.66929,2.44094 -3.03149 0.66929,2.44094 -2.51968 0.145669]
}}
appearance Appearance{material Material{diffuseColor 1 1 1
transparency 0}}}
Shape { geometry IndexedFaceSet 
{ creaseAngle 0.50 coordIndex [0,1,2,-1,3,0,2,-1]
coord Coordinate { point [2.30414 -0.24321 0.550794,2.39947 -1.93132 0.74378,2.39909 -1.93132 0.68434,2.30414 -0.249917 0.492121]
}}
appearance Appearance{material Material{diffuseColor 1 1 1
transparency 0}}}
Shape { geometry IndexedFaceSet 
{ creaseAngle 0.50 coordIndex [0,1,2,-1,3,4,5,-1,6,7,8,-1,6,9,7,-1,3,0,10,-1,3,10,11,-1,3,5,0,-1,12,6,8,-1,13,14,15,-1,16,17,4,-1,12,8,18,-1,16,11,19,-1,20,21,22,-1,16,4,3,-1,23,13,15,-1,16,3,11,-1,24,25,17,-1,24,26,27,-1,24,28,26,-1,20,22,29,-1,24,17,16,-1,24,19,28,-1,24,16,19,-1,24,27,25,-1,30,18,31,-1,30,12,18,-1,32,20,29,-1,32,29,9,-1,33,34,35,-1,33,31,36,-1,33,30,31,-1,33,36,34,-1,37,32,9,-1,37,9,6,-1,38,37,6,-1,38,6,12,-1,39,40,21,-1,39,21,20,-1,41,38,12,-1,41,12,30,-1,42,20,32,-1,42,39,20,-1,43,41,30,-1,43,35,44,-1,43,33,35,-1,43,30,33,-1,45,42,32,-1,45,32,37,-1,46,45,37,-1,47,48,49,-1,46,37,38,-1,50,51,40,-1,50,40,39,-1,52,46,38,-1,52,38,41,-1,2,39,42,-1,2,50,39,-1,53,25,27,-1,54,41,43,-1,54,43,44,-1,55,56,13,-1,54,52,41,-1,54,44,57,-1,10,42,45,-1,10,2,42,-1,7,13,23,-1,11,45,46,-1,7,55,13,-1,11,10,45,-1,8,23,58,-1,8,7,23,-1,59,49,51,-1,18,58,60,-1,59,51,50,-1,59,47,49,-1,18,8,58,-1,29,22,56,-1,19,46,52,-1,19,11,46,-1,29,56,55,-1,31,60,61,-1,1,62,47,-1,1,50,2,-1,31,18,60,-1,1,59,50,-1,1,47,59,-1,9,55,7,-1,9,29,55,-1,28,57,26,-1,28,52,54,-1,28,54,57,-1,28,19,52,-1,36,63,64,-1,36,61,63,-1,0,2,10,-1,0,5,62,-1,36,64,34,-1,0,62,1,-1,36,31,61,-1]
coord Coordinate { point [-2.68137 -1.39994 0.588754,-2.67898 -1.40089 0.58497,-2.67898 -1.386 0.579275,-2.68465 -1.39914 0.59194,-2.68457 -1.41732 0.594129,-2.68145 -1.41732 0.591012,-2.68137 -1.35235 0.548868,-2.67898 -1.35149 0.533771,-2.68137 -1.34767 0.534587,-2.67898 -1.35591 0.547269,-2.68137 -1.38418 0.582729,-2.68465 -1.38265 0.585637,-2.68465 -1.34935 0.550214,-2.67716 -1.35858 0.525781,-2.67716 -1.35827 0.519684,-2.67765 -1.35388 0.519684,-2.68856 -1.39855 0.594268,-2.6883 -1.41732 0.596475,-2.68465 -1.34446 0.535275,-2.68856 -1.38154 0.587762,-2.67759 -1.36674 0.557502,-2.67716 -1.37002 0.555048,-2.67716 -1.36345 0.543882,-2.67911 -1.34972 0.519684,-2.69273 -1.39821 0.595622,-2.69246 -1.41732 0.59793,-2.69684 -1.38316 0.590626,-2.69684 -1.3998 0.59645,-2.69273 -1.38089 0.588998,-2.67759 -1.35971 0.545561,-2.68856 -1.34716 0.551197,-2.68856 -1.34211 0.535777,-2.67898 -1.3634 0.559999,-2.69273 -1.34589 0.551769,-2.69684 -1.34055 0.537205,-2.69684 -1.34638 0.553848,-2.69273 -1.34075 0.536069,-2.68137 -1.36028 0.562335,-2.68465 -1.35765 0.564303,-2.67759 -1.37638 0.567767,-2.67716 -1.37903 0.564647,-2.68856 -1.35573 0.56574,-2.67898 -1.37367 0.570941,-2.69273 -1.35461 0.566576,-2.69684 -1.35576 0.568778,-2.68137 -1.37115 0.573912,-2.68465 -1.36902 0.576414,-2.67765 -1.41732 0.583119,-2.67716 -1.41732 0.578739,-2.67716 -1.40291 0.576953,-2.67759 -1.38794 0.575585,-2.67716 -1.38984 0.571957,-2.68856 -1.36746 0.578241,-2.69685 -1.41732 0.598424,-2.69273 -1.36655 0.579304,-2.67759 -1.35557 0.532898,-2.67716 -1.35957 0.532041,-2.69684 -1.36823 0.581245,-2.68145 -1.34599 0.519684,-2.67759 -1.40191 0.580927,-2.68457 -1.34287 0.519684,-2.6883 -1.34053 0.519684,-2.67911 -1.41732 0.58728,-2.69246 -1.33907 0.519684,-2.69685 -1.33858 0.519684]
}}
appearance Appearance{material Material{diffuseColor 1 1 1
transparency 0}}}
Shape { geometry IndexedFaceSet 
{ creaseAngle 0.50 coordIndex [0,1,2,-1,0,3,1,-1,4,2,5,-1,4,0,2,-1]
coord Coordinate { point [0.694828 1.27258 0.424554,0.832728 1.25794 0.417623,0.832728 1.24278 0.411918,0.832728 1.27258 0.424554,0.694828 1.2272 0.407479,0.832728 1.2272 0.407479]
}}
appearance Appearance{material Material{diffuseColor 1 0.807843 0.498039
transparency 0}}}
Shape { geometry IndexedFaceSet 
{ creaseAngle 0.50 coordIndex [0,1,2,-1,3,0,2,-1]
coord Coordinate { point [-1.31889 2.81495 0.688975,-1.63386 2.81495 0.688975,-1.63386 2.95275 0.688975,-1.31889 2.95275 0.688975]
}}
appearance Appearance{material Material{diffuseColor 1 1 1
transparency 0}}}
Shape { geometry IndexedFaceSet 
{ creaseAngle 0.50 coordIndex [0,1,2,-1,0,2,3,-1]
coord Coordinate { point [-1.47638 -0.55118 0.019685,-1.47638 -0.55118 0.151574,-1.3189 -0.55118 0.151574,-1.3189 -0.55118 0.019685]
}}
appearance Appearance{material Material{diffuseColor 0.411765 0.411765 0.411765
transparency 0}}}
Shape { geometry IndexedFaceSet 
{ creaseAngle 0.50 coordIndex [0,1,2,-1,3,0,2,-1]
coord Coordinate { point [2.34252 2.81495 0.688975,1.47637 2.81495 0.688975,1.47637 2.83464 0.688975,2.34252 2.83464 0.688975]
}}
appearance Appearance{material Material{diffuseColor 0.792157 0.819608 0.933333
transparency 0}}}
Shape { geometry IndexedFaceSet 
{ creaseAngle 0.50 coordIndex [0,1,2,-1,2,1,3,-1]
coord Coordinate { point [2.69685 0.137795 0.452755,2.69685 0.137795 0.255905,2.7559 0.137795 0.452755,2.7559 0.137795 0.255905]
}}
appearance Appearance{material Material{diffuseColor 1 1 1
transparency 0}}}
Shape { geometry IndexedFaceSet 
{ creaseAngle 0.50 coordIndex [0,1,2,-1,2,3,4,-1,1,3,2,-1,4,5,6,-1,3,5,4,-1,6,7,8,-1,5,7,6,-1,8,9,10,-1,7,9,8,-1,10,11,12,-1,9,11,10,-1,12,13,14,-1,11,13,12,-1,13,15,14,-1]
coord Coordinate { point [0.704723 1.8307 0.019685,0.704723 1.8307 0.120078,0.687202 1.82873 0.019685,0.687202 1.82873 0.120078,0.670559 1.82291 0.019685,0.670559 1.82291 0.120078,0.655629 1.81353 0.019685,0.655629 1.81353 0.120078,0.643162 1.80106 0.019685,0.643162 1.80106 0.120078,0.633781 1.78613 0.019685,0.633781 1.78613 0.120078,0.627957 1.76949 0.019685,0.627957 1.76949 0.120078,0.625983 1.75196 0.019685,0.625983 1.75196 0.120078]
}}
appearance Appearance{material Material{diffuseColor 0.411765 0.411765 0.411765
transparency 0}}}
Shape { geometry IndexedFaceSet 
{ creaseAngle 0.50 coordIndex [0,1,2,-1,1,3,2,-1,2,4,5,-1,3,4,2,-1,5,6,7,-1,4,6,5,-1,7,8,9,-1,6,8,7,-1,9,10,11,-1,8,10,9,-1,11,12,13,-1,10,12,11,-1,13,14,15,-1,12,14,13,-1,15,16,17,-1,14,16,15,-1,17,18,19,-1,16,18,17,-1,19,20,21,-1,18,20,19,-1,21,22,23,-1,20,22,21,-1,23,24,25,-1,22,24,23,-1,25,26,27,-1,24,26,25,-1]
coord Coordinate { point [-1.22047 2.80511 0.74803,-1.22047 2.80511 0.688975,-1.2219 2.79334 0.74803,-1.2219 2.79334 0.688975,-1.22611 2.78224 0.688975,-1.22611 2.78224 0.74803,-1.23285 2.77248 0.688975,-1.23285 2.77248 0.74803,-1.24173 2.76461 0.688975,-1.24173 2.76461 0.74803,-1.25223 2.7591 0.688975,-1.25223 2.7591 0.74803,-1.26375 2.75626 0.688975,-1.26375 2.75626 0.74803,-1.27561 2.75626 0.688975,-1.27561 2.75626 0.74803,-1.28713 2.7591 0.688975,-1.28713 2.7591 0.74803,-1.29764 2.76461 0.688975,-1.29764 2.76461 0.74803,-1.30652 2.77248 0.688975,-1.30652 2.77248 0.74803,-1.31326 2.78224 0.688975,-1.31326 2.78224 0.74803,-1.31746 2.79334 0.688975,-1.31746 2.79334 0.74803,-1.31889 2.80511 0.688975,-1.31889 2.80511 0.74803]
}}
appearance Appearance{material Material{diffuseColor 1 1 1
transparency 0}}}
Shape { geometry IndexedFaceSet 
{ creaseAngle 0.50 coordIndex [0,1,2,-1,0,2,3,-1,4,5,6,-1,4,3,5,-1,4,0,3,-1,7,6,8,-1,7,4,6,-1,9,8,10,-1,9,7,8,-1,11,10,12,-1,11,9,10,-1,13,12,14,-1,13,11,12,-1,15,14,16,-1,15,13,14,-1,17,15,16,-1]
coord Coordinate { point [0.734335 1.60709 0.516569,0.734198 1.60016 0.520428,0.793358 1.60016 0.520428,0.793139 1.60873 0.51513,0.7344 1.61172 0.513143,0.793098 1.61282 0.511895,0.793139 1.61605 0.508532,0.734366 1.61762 0.506366,0.793311 1.62024 0.502052,0.734178 1.62231 0.497239,0.79336 1.62305 0.494851,0.734231 1.62443 0.48817,0.793288 1.62446 0.487282,0.734276 1.62455 0.482748,0.793277 1.62428 0.478965,0.734262 1.62348 0.475863,0.793358 1.62164 0.469061,0.734198 1.62164 0.469061]
}}
appearance Appearance{material Material{diffuseColor 1 0.807843 0.498039
transparency 0}}}
Shape { geometry IndexedFaceSet 
{ creaseAngle 0.50 coordIndex [0,1,2,-1,2,3,4,-1,1,3,2,-1,4,5,6,-1,3,5,4,-1,6,7,8,-1,8,7,9,-1,5,7,6,-1,9,10,11,-1,7,10,9,-1]
coord Coordinate { point [0.399658 1.55928 0.492375,0.261758 1.55928 0.492375,0.399658 1.57679 0.499832,0.261758 1.58322 0.501776,0.399658 1.5952 0.50437,0.261758 1.60862 0.505774,0.399658 1.61417 0.505904,0.261758 1.63429 0.504179,0.399658 1.63451 0.504141,0.399658 1.64693 0.501271,0.261758 1.659 0.497066,0.399658 1.659 0.497066]
}}
appearance Appearance{material Material{diffuseColor 1 0.807843 0.498039
transparency 0}}}
Shape { geometry IndexedFaceSet 
{ creaseAngle 0.50 coordIndex [0,1,2,-1,3,2,4,-1,3,0,2,-1,5,4,6,-1,5,3,4,-1,7,6,8,-1,7,5,6,-1,9,8,10,-1,9,7,8,-1,11,10,12,-1,11,9,10,-1,13,12,14,-1,13,11,12,-1,15,13,14,-1]
coord Coordinate { point [0.301128 1.40262 0.476845,0.301128 1.53184 0.544665,0.292367 1.53229 0.543791,0.292367 1.40308 0.475971,0.284046 1.53365 0.541213,0.284046 1.40443 0.473392,0.276581 1.53583 0.53706,0.276581 1.40661 0.469239,0.270347 1.53872 0.53154,0.270347 1.40951 0.46372,0.265657 1.54219 0.52493,0.265657 1.41298 0.45711,0.262745 1.54606 0.517562,0.262745 1.41684 0.449742,0.261758 1.55013 0.509805,0.261758 1.42091 0.441985]
}}
appearance Appearance{material Material{diffuseColor 1 0.807843 0.498039
transparency 0}}}
Shape { geometry IndexedFaceSet 
{ creaseAngle 0.50 coordIndex [0,1,2,-1,3,1,0,-1]
coord Coordinate { point [0.301128 1.77165 0.450849,0.360288 1.77912 0.469061,0.360288 1.77165 0.450849,0.301128 1.77912 0.469061]
}}
appearance Appearance{material Material{diffuseColor 1 0.807843 0.498039
transparency 0}}}
Shape { geometry IndexedFaceSet 
{ creaseAngle 0.50 coordIndex [0,1,2,-1,3,1,0,-1,4,3,0,-1,5,6,3,-1,5,3,4,-1,7,8,6,-1,7,6,5,-1,9,10,8,-1,9,8,7,-1,11,10,9,-1,12,10,11,-1,13,12,11,-1,14,13,15,-1,14,12,13,-1,16,15,17,-1,16,14,15,-1,18,16,17,-1,19,18,17,-1,20,18,19,-1]
coord Coordinate { point [-1.31889 2.81495 0.688975,-1.31889 2.80511 0.74803,-1.31889 2.80511 0.688975,-1.31889 2.95275 0.74803,-1.31889 2.95275 0.688975,-1.31889 2.96151 0.687988,-1.31889 2.97465 0.745562,-1.31889 2.96983 0.685076,-1.31889 2.99546 0.738283,-1.31889 2.9773 0.680386,-1.31889 3.01412 0.726557,-1.31889 2.98353 0.674152,-1.31889 3.0297 0.710972,-1.31889 2.98822 0.666687,-1.31889 3.04143 0.69231,-1.31889 2.99113 0.658366,-1.31889 3.04871 0.671507,-1.31889 2.99212 0.649605,-1.31889 3.05117 0.649605,-1.31889 2.99212 0.452755,-1.31889 3.05117 0.452755]
}}
appearance Appearance{material Material{diffuseColor 1 1 1
transparency 0}}}
Shape { geometry IndexedFaceSet 
{ creaseAngle 0.50 coordIndex [0,1,2,-1,2,1,3,-1,3,4,5,-1,1,4,3,-1,5,6,7,-1,4,6,5,-1,7,8,9,-1,6,8,7,-1,9,10,11,-1,8,10,9,-1,11,12,13,-1,13,12,14,-1,10,12,11,-1,14,15,16,-1,12,15,14,-1]
coord Coordinate { point [-1.91338 -0.984214 0.113892,-1.91338 -0.982915 0.122369,-1.7559 -0.984214 0.113892,-1.7559 -0.98258 0.123539,-1.91338 -0.979812 0.130365,-1.7559 -0.97905 0.13176,-1.91338 -0.97505 0.137498,-1.7559 -0.974222 0.138454,-1.91338 -0.968857 0.143431,-1.7559 -0.96797 0.144095,-1.91338 -0.961526 0.147882,-1.7559 -0.960876 0.14818,-1.91338 -0.953405 0.15064,-1.7559 -0.95325 0.150673,-1.7559 -0.94908 0.151348,-1.91338 -0.94488 0.151574,-1.7559 -0.94488 0.151574]
}}
appearance Appearance{material Material{diffuseColor 1 0.807843 0.498039
transparency 0}}}
Shape { geometry IndexedFaceSet 
{ creaseAngle 0.50 coordIndex [0,1,2,-1,3,1,0,-1,0,4,3,-1,1,5,2,-1,4,6,5,-1,0,6,4,-1,6,7,5,-1,5,7,2,-1,7,8,2,-1,9,10,8,-1,10,11,8,-1,12,13,14,-1,13,15,14,-1,16,17,18,-1,17,19,18,-1,20,21,22,-1,21,23,22,-1,24,25,26,-1,25,27,26,-1,28,29,30,-1,29,31,30,-1,32,33,34,-1,29,33,32,-1,28,33,29,-1,33,35,34,-1,31,35,30,-1,34,35,31,-1,30,35,27,-1,27,35,26,-1,35,2,26,-1,26,2,23,-1,23,2,22,-1,22,2,19,-1,19,2,18,-1,18,2,15,-1,15,2,14,-1,14,2,11,-1,11,2,8,-1,0,33,28,-1,0,28,25,-1,0,25,24,-1,0,24,21,-1,0,21,20,-1,0,20,17,-1,0,17,16,-1,0,16,13,-1,0,13,12,-1,0,12,10,-1,0,10,9,-1,0,9,6,-1]
coord Coordinate { point [1.00394 -0.807085 0.263779,0.842518 -0.807085 0.151574,1.00394 -0.807085 0.019685,0.842518 -0.807085 0.210629,0.685038 -0.807085 0.210629,0.685038 -0.807085 0.151574,0.409448 -0.807085 0.210629,0.409448 -0.807085 0.151574,0.251968 -0.807085 0.151574,0.251968 -0.807085 0.210629,-0.023622 -0.807085 0.210629,-0.023622 -0.807085 0.151574,-0.181102 -0.807085 0.210629,-0.456692 -0.807085 0.210629,-0.181102 -0.807085 0.151574,-0.456692 -0.807085 0.151574,-0.614172 -0.807085 0.210629,-0.889762 -0.807085 0.210629,-0.614172 -0.807085 0.151574,-0.889762 -0.807085 0.151574,-1.04724 -0.807085 0.210629,-1.32283 -0.807085 0.210629,-1.04724 -0.807085 0.151574,-1.32283 -0.807085 0.151574,-1.48031 -0.807085 0.210629,-1.7559 -0.807085 0.210629,-1.48031 -0.807085 0.151574,-1.7559 -0.807085 0.151574,-1.91338 -0.807085 0.210629,-2.18897 -0.807085 0.210629,-1.91338 -0.807085 0.151574,-2.18897 -0.807085 0.151574,-2.34645 -0.807085 0.210629,-2.48031 -0.807085 0.263779,-2.34645 -0.807085 0.151574,-2.48031 -0.807085 0.019685]
}}
appearance Appearance{material Material{diffuseColor 0.411765 0.411765 0.411765
transparency 0}}}
Shape { geometry IndexedFaceSet 
{ creaseAngle 0.50 coordIndex [0,1,2,-1,3,4,5,-1,6,3,5,-1,7,8,9,-1,10,7,9,-1,11,12,13,-1,11,13,14,-1,15,14,16,-1,15,11,14,-1,17,16,18,-1,17,15,16,-1,19,18,20,-1,19,17,18,-1,21,20,22,-1,21,19,20,-1,23,5,24,-1,23,24,12,-1,23,12,11,-1,25,22,1,-1,25,0,26,-1,25,21,22,-1,25,1,0,-1,27,23,11,-1,27,11,15,-1,27,5,23,-1,28,15,17,-1,28,27,15,-1,29,17,19,-1,29,28,17,-1,30,29,19,-1,30,19,21,-1,31,26,9,-1,31,25,26,-1,31,21,25,-1,31,9,30,-1,31,30,21,-1,32,33,6,-1,32,34,33,-1,32,8,34,-1,32,5,27,-1,32,29,30,-1,32,27,28,-1,32,6,5,-1,32,9,8,-1,32,28,29,-1,32,30,9,-1]
coord Coordinate { point [0.399658 1.57568 0.519947,0.398671 1.54606 0.517562,0.399658 1.55013 0.509805,0.369049 1.68104 0.550788,0.360288 1.68142 0.551701,0.360288 1.64435 0.562371,0.37737 1.67994 0.548094,0.398671 1.6698 0.523382,0.395759 1.67296 0.531081,0.399658 1.63535 0.523761,0.399658 1.66647 0.515277,0.369049 1.568 0.557815,0.360288 1.56774 0.558767,0.360288 1.53184 0.544665,0.369049 1.53229 0.543791,0.37737 1.56876 0.555005,0.37737 1.53365 0.541213,0.384835 1.56999 0.550478,0.384835 1.53583 0.53706,0.391069 1.57162 0.544462,0.391069 1.53872 0.53154,0.39576 1.57358 0.537258,0.39576 1.54219 0.52493,0.369049 1.60589 0.563778,0.360288 1.60585 0.564764,0.398671 1.57576 0.529228,0.399658 1.6029 0.524825,0.37737 1.60603 0.560869,0.384835 1.60625 0.556184,0.391069 1.60654 0.549957,0.39576 1.60689 0.5425,0.398671 1.60728 0.534188,0.388127 1.64117 0.551214,0.384835 1.67816 0.543755,0.391069 1.67579 0.537987]
}}
appearance Appearance{material Material{diffuseColor 1 0.807843 0.498039
transparency 0}}}
Shape { geometry IndexedFaceSet 
{ creaseAngle 0.50 coordIndex [0,1,2,-1,3,0,2,-1]
coord Coordinate { point [-2.40157 -1.02362 0.74803,-2.40157 -2.44094 0.74803,-2.40157 -2.44094 0.688975,-2.40157 -1.02362 0.688975]
}}
appearance Appearance{material Material{diffuseColor 1 1 1
transparency 0}}}
Shape { geometry IndexedFaceSet 
{ creaseAngle 0.50 coordIndex [0,1,2,-1,3,0,2,-1]
coord Coordinate { point [-2.25393 2.77558 0.263779,-1.6437 2.77558 0.263779,-1.6437 2.77558 0.098425,-2.25393 2.77558 0.098425]
}}
appearance Appearance{material Material{diffuseColor 0.411765 0.411765 0.411765
transparency 0}}}
Shape { geometry IndexedFaceSet 
{ creaseAngle 0.50 coordIndex [0,1,2,-1,3,4,5,-1,6,5,1,-1,6,3,5,-1,6,1,0,-1]
coord Coordinate { point [2.10629 -2.06693 0.492125,2.0483 -1.96879 0.6888,2.10629 -2.06692 0.688975,1.97834 -1.85039 0.688975,2.01168 -1.90682 0.688975,2.01173 -1.90689 0.681547,1.97834 -1.85039 0.492125]
}}
appearance Appearance{material Material{diffuseColor 0.411765 0.411765 0.411765
transparency 0}}}
Shape { geometry IndexedFaceSet 
{ creaseAngle 0.50 coordIndex [0,1,2,-1,0,2,3,-1]
coord Coordinate { point [0.832728 0.927924 0.335388,0.832728 0.927917 0.355375,0.835131 0.866419 0.340446,0.835035 0.870939 0.321662]
}}
appearance Appearance{material Material{diffuseColor 1 0.807843 0.498039
transparency 0}}}
Shape { geometry IndexedFaceSet 
{ creaseAngle 0.50 coordIndex [0,1,2,-1,0,3,1,-1,4,2,5,-1,4,0,2,-1,6,7,8,-1,6,5,7,-1,6,4,5,-1,9,6,8,-1]
coord Coordinate { point [-0.564959 1.33152 0.558767,-0.505905 1.29562 0.544665,-0.505904 1.33152 0.558767,-0.56496 1.29562 0.544665,-0.564959 1.36963 0.564764,-0.505904 1.36963 0.564764,-0.564959 1.40813 0.562371,-0.505904 1.40813 0.562371,-0.505904 1.4452 0.551701,-0.56496 1.4452 0.551701]
}}
appearance Appearance{material Material{diffuseColor 1 0.807843 0.498039
transparency 0}}}
Shape { geometry IndexedFaceSet 
{ creaseAngle 0.50 coordIndex [0,1,2,-1,0,3,1,-1]
coord Coordinate { point [-2.79527 0.62992 0.244094,-2.67716 0.62992 0.019685,-2.67716 0.62992 0.244094,-2.79527 0.62992 0.019685]
}}
appearance Appearance{material Material{diffuseColor 0.411765 0.411765 0.411765
transparency 0}}}
Shape { geometry IndexedFaceSet 
{ creaseAngle 0.50 coordIndex [0,1,2,-1,3,2,4,-1,3,0,2,-1,5,4,6,-1,5,3,4,-1,7,6,8,-1,7,5,6,-1,9,8,10,-1,9,7,8,-1,11,10,12,-1,11,9,10,-1,13,12,14,-1,13,11,12,-1,15,13,14,-1]
coord Coordinate { point [2.38189 -3.03149 0.145669,2.38189 -2.51968 0.145669,2.38534 -2.51968 0.115007,2.38534 -3.03149 0.115007,2.39553 -2.51968 0.085882,2.39553 -3.03149 0.085882,2.41195 -2.51968 0.0597552,2.41195 -3.03149 0.0597552,2.43377 -2.51968 0.0379365,2.43377 -3.03149 0.0379365,2.45989 -2.51968 0.02152,2.45989 -3.03149 0.02152,2.48902 -2.51968 0.0113288,2.48902 -3.03149 0.0113288,2.51968 -2.51968 0.007874,2.51968 -3.03149 0.007874]
}}
appearance Appearance{material Material{diffuseColor 1 1 1
transparency 0}}}
Shape { geometry IndexedFaceSet 
{ creaseAngle 0.50 coordIndex [0,1,2,-1,2,1,3,-1,3,4,5,-1,1,4,3,-1,5,6,7,-1,4,6,5,-1,7,8,9,-1,6,8,7,-1,9,10,11,-1,8,10,9,-1,11,12,13,-1,10,12,11,-1,13,14,15,-1,12,14,13,-1]
coord Coordinate { point [-1.69685 1.75196 0.120078,-1.69882 1.76949 0.120078,-1.69685 1.75196 0.019685,-1.69882 1.76949 0.019685,-1.70464 1.78613 0.120078,-1.70464 1.78613 0.019685,-1.71403 1.80106 0.120078,-1.71403 1.80106 0.019685,-1.72649 1.81353 0.120078,-1.72649 1.81353 0.019685,-1.74142 1.82291 0.120078,-1.74142 1.82291 0.019685,-1.75807 1.82873 0.120078,-1.75807 1.82873 0.019685,-1.77559 1.8307 0.120078,-1.77559 1.8307 0.019685]
}}
appearance Appearance{material Material{diffuseColor 0.411765 0.411765 0.411765
transparency 0}}}
Shape { geometry IndexedFaceSet 
{ creaseAngle 0.50 coordIndex [0,1,2,-1,0,2,3,-1]
coord Coordinate { point [-0.181102 -1.39764 0.019685,-0.023622 -1.39764 0.019685,-0.023622 -1.41732 0.03937,-0.181102 -1.41732 0.03937]
}}
appearance Appearance{material Material{diffuseColor 1 0.807843 0.498039
transparency 0}}}
Shape { geometry IndexedFaceSet 
{ creaseAngle 0.50 coordIndex [0,1,2,-1,0,3,1,-1,0,4,3,-1,0,5,4,-1,0,6,5,-1,0,7,6,-1,8,2,9,-1,8,9,10,-1,8,0,2,-1,11,12,13,-1,11,13,14,-1,15,10,16,-1,15,8,10,-1,17,18,12,-1,17,12,11,-1,19,16,20,-1,19,15,16,-1,21,22,18,-1,21,18,17,-1,23,20,24,-1,23,19,20,-1,25,24,22,-1,25,22,21,-1,25,23,24,-1]
coord Coordinate { point [2.38189 -2.51968 0.66929,2.43905 -2.51968 0.686449,2.44094 -2.51968 0.66929,2.43346 -2.51968 0.702784,2.42445 -2.51968 0.717508,2.41245 -2.51968 0.729915,2.39803 -2.51968 0.739408,2.38189 -2.51968 0.74553,2.38189 -2.51968 0.145669,2.44094 -2.51968 0.145669,2.44291 -2.51968 0.128148,2.51968 -2.51968 0.007874,2.51968 -2.51968 0.066929,2.63779 -2.51968 0.066929,2.63779 -2.51968 0.007874,2.38534 -2.51968 0.115007,2.44874 -2.51968 0.111505,2.48902 -2.51968 0.0113288,2.50216 -2.51968 0.0689032,2.39553 -2.51968 0.085882,2.45812 -2.51968 0.0965754,2.45989 -2.51968 0.02152,2.48552 -2.51968 0.0747267,2.41195 -2.51968 0.0597552,2.47059 -2.51968 0.0841076,2.43377 -2.51968 0.0379365]
}}
appearance Appearance{material Material{diffuseColor 1 1 1
transparency 0}}}
Shape { geometry IndexedFaceSet 
{ creaseAngle 0.50 coordIndex [0,1,2,-1,3,4,5,-1,6,3,5,-1,7,8,9,-1,10,7,9,-1,11,12,13,-1,11,13,14,-1,15,14,16,-1,15,11,14,-1,17,16,18,-1,17,15,16,-1,19,18,20,-1,19,17,18,-1,21,20,22,-1,21,19,20,-1,23,5,24,-1,23,24,12,-1,23,12,11,-1,25,22,1,-1,25,0,26,-1,25,21,22,-1,25,1,0,-1,27,23,11,-1,27,11,15,-1,27,5,23,-1,28,15,17,-1,28,27,15,-1,29,17,19,-1,29,28,17,-1,30,29,19,-1,30,19,21,-1,31,26,9,-1,31,25,26,-1,31,21,25,-1,31,9,30,-1,31,30,21,-1,32,33,6,-1,32,34,33,-1,32,8,34,-1,32,5,27,-1,32,29,30,-1,32,27,28,-1,32,6,5,-1,32,9,8,-1,32,28,29,-1,32,30,9,-1]
coord Coordinate { point [-0.0334117 1.4182 0.519947,-0.0343987 1.38858 0.517562,-0.0334117 1.39265 0.509805,-0.064021 1.52356 0.550788,-0.0727817 1.52394 0.551701,-0.0727817 1.48687 0.562371,-0.0556997 1.52246 0.548094,-0.0343988 1.51232 0.523382,-0.0373105 1.51548 0.531081,-0.0334117 1.47787 0.523761,-0.0334117 1.50899 0.515277,-0.064021 1.41052 0.557815,-0.0727817 1.41026 0.558767,-0.0727817 1.37436 0.544665,-0.064021 1.37481 0.543791,-0.0556996 1.41128 0.555005,-0.0556996 1.37617 0.541213,-0.0482348 1.41251 0.550478,-0.0482348 1.37835 0.53706,-0.0420009 1.41414 0.544462,-0.0420009 1.38124 0.53154,-0.0373105 1.4161 0.537258,-0.0373105 1.38471 0.52493,-0.064021 1.44841 0.563778,-0.0727817 1.44837 0.564764,-0.0343987 1.41828 0.529228,-0.0334117 1.44542 0.524825,-0.0556996 1.44855 0.560869,-0.0482348 1.44877 0.556184,-0.0420009 1.44906 0.549957,-0.0373105 1.44941 0.5425,-0.0343987 1.4498 0.534188,-0.0449429 1.48369 0.551214,-0.0482349 1.52068 0.543755,-0.042001 1.51831 0.537987]
}}
appearance Appearance{material Material{diffuseColor 1 0.807843 0.498039
transparency 0}}}
Shape { geometry IndexedFaceSet 
{ creaseAngle 0.50 coordIndex [0,1,2,-1,3,1,0,-1,3,4,1,-1,4,5,1,-1,6,7,4,-1,8,7,6,-1,4,7,5,-1,9,10,8,-1,8,10,7,-1,9,11,10,-1,9,12,11,-1,12,13,11,-1,12,14,13,-1,14,15,13,-1,16,17,14,-1,14,17,15,-1]
coord Coordinate { point [-1.90359 0.927896 0.355543,-1.90359 1.2272 0.407479,-1.90359 0.927921 0.335387,-1.90359 1.22259 0.426617,-1.90359 1.26343 0.441985,-1.90359 1.27258 0.424554,-1.90359 1.39265 0.509805,-1.90359 1.4018 0.492375,-1.90359 1.41791 0.52002,-1.90359 1.44534 0.525121,-1.90359 1.42574 0.501776,-1.90359 1.45114 0.505774,-1.90359 1.47813 0.523911,-1.90359 1.47681 0.504179,-1.90359 1.50899 0.515277,-1.90359 1.50152 0.497066,-1.90359 1.58522 0.484004,-1.90359 1.57775 0.465792]
}}
appearance Appearance{material Material{diffuseColor 1 0.807843 0.498039
transparency 0}}}
Shape { geometry IndexedFaceSet 
{ creaseAngle 0.50 coordIndex [0,1,2,-1,0,3,1,-1,4,5,6,-1,7,4,6,-1,8,9,10,-1,11,12,13,-1,11,13,14,-1,15,12,11,-1,16,14,17,-1,16,11,14,-1,18,16,17,-1,19,20,12,-1,19,21,20,-1,19,12,15,-1,22,15,11,-1,22,11,16,-1,23,17,24,-1,23,18,17,-1,25,22,16,-1,25,16,18,-1,26,9,21,-1,26,21,19,-1,26,19,15,-1,26,15,22,-1,1,24,2,-1,1,3,27,-1,1,23,24,-1,28,27,29,-1,28,29,25,-1,28,25,18,-1,28,18,23,-1,28,1,27,-1,28,23,1,-1,30,29,31,-1,30,31,10,-1,30,25,29,-1,30,22,25,-1,30,9,26,-1,30,26,22,-1,30,10,9,-1,0,2,6,-1,0,5,3,-1,0,6,5,-1]
coord Coordinate { point [-1.43527 1.53571 0.51005,-1.43977 1.53786 0.506142,-1.44318 1.53112 0.512236,-1.43093 1.53888 0.506366,-1.43096 1.52835 0.516569,-1.4309 1.53298 0.513143,-1.43729 1.52678 0.517163,-1.4311 1.52142 0.520428,-1.4311 1.5429 0.469061,-1.43725 1.54244 0.46925,-1.43104 1.54474 0.475863,-1.45653 1.53641 0.481331,-1.45894 1.53223 0.473438,-1.45824 1.53491 0.481808,-1.45618 1.53617 0.490288,-1.45415 1.53798 0.478887,-1.45271 1.53894 0.48938,-1.45286 1.53593 0.498453,-1.44848 1.53968 0.496054,-1.45242 1.53847 0.475511,-1.45166 1.53751 0.471272,-1.44325 1.54109 0.469805,-1.44809 1.54199 0.484624,-1.44423 1.53923 0.501463,-1.44846 1.53422 0.505893,-1.44214 1.54386 0.489523,-1.44472 1.54293 0.478055,-1.43112 1.54357 0.497239,-1.43659 1.54426 0.493603,-1.43107 1.54569 0.48817,-1.43751 1.54516 0.480502,-1.43102 1.54581 0.482748]
}}
appearance Appearance{material Material{diffuseColor 1 0.807843 0.498039
transparency 0}}}
Shape { geometry IndexedFaceSet 
{ creaseAngle 0.50 coordIndex [0,1,2,-1,3,2,4,-1,3,0,2,-1,5,4,6,-1,5,3,4,-1,7,6,8,-1,7,5,6,-1,9,8,10,-1,9,7,8,-1,11,10,12,-1,11,9,10,-1,13,11,12,-1,14,12,15,-1,14,13,12,-1]
coord Coordinate { point [2.34252 2.95275 0.15748,2.34252 2.89369 0.15748,2.33955 2.89369 0.131198,2.33955 2.95275 0.131198,2.33082 2.89369 0.106234,2.33082 2.95275 0.106234,2.31675 2.89369 0.0838396,2.31675 2.95275 0.0838396,2.29805 2.89369 0.0651379,2.29805 2.95275 0.0651379,2.27565 2.89369 0.0510666,2.27565 2.95275 0.0510666,2.25069 2.89369 0.0423313,2.25069 2.95275 0.0423313,2.2244 2.95275 0.03937,2.2244 2.89369 0.03937]
}}
appearance Appearance{material Material{diffuseColor 1 1 1
transparency 0}}}
Shape { geometry IndexedFaceSet 
{ creaseAngle 0.50 coordIndex [0,1,2,-1,3,4,5,-1,6,3,5,-1,7,8,9,-1,10,7,9,-1,11,12,13,-1,11,13,14,-1,15,14,16,-1,15,11,14,-1,17,16,18,-1,17,15,16,-1,19,18,20,-1,19,17,18,-1,21,20,22,-1,21,19,20,-1,23,5,24,-1,23,24,12,-1,23,12,11,-1,25,22,1,-1,25,0,26,-1,25,21,22,-1,25,1,0,-1,27,23,11,-1,27,11,15,-1,27,5,23,-1,28,15,17,-1,28,27,15,-1,29,17,19,-1,29,28,17,-1,30,29,19,-1,30,19,21,-1,31,26,9,-1,31,25,26,-1,31,21,25,-1,31,9,30,-1,31,30,21,-1,32,33,6,-1,32,34,33,-1,32,8,34,-1,32,5,27,-1,32,29,30,-1,32,27,28,-1,32,6,5,-1,32,9,8,-1,32,28,29,-1,32,30,9,-1]
coord Coordinate { point [-1.33267 1.33946 0.519947,-1.33366 1.30984 0.517562,-1.33267 1.31391 0.509805,-1.36328 1.44482 0.550788,-1.37204 1.4452 0.551701,-1.37204 1.40813 0.562371,-1.35496 1.44372 0.548094,-1.33366 1.43358 0.523382,-1.33657 1.43674 0.531081,-1.33267 1.39913 0.523761,-1.33267 1.43025 0.515277,-1.36328 1.33178 0.557815,-1.37204 1.33152 0.558767,-1.37204 1.29562 0.544665,-1.36328 1.29607 0.543791,-1.35496 1.33254 0.555005,-1.35496 1.29743 0.541213,-1.3475 1.33377 0.550478,-1.3475 1.29961 0.53706,-1.34126 1.3354 0.544462,-1.34126 1.3025 0.53154,-1.33657 1.33736 0.537258,-1.33657 1.30597 0.52493,-1.36328 1.36967 0.563778,-1.37204 1.36963 0.564764,-1.33366 1.33954 0.529228,-1.33267 1.36668 0.524825,-1.35496 1.36981 0.560869,-1.3475 1.37003 0.556184,-1.34126 1.37032 0.549957,-1.33657 1.37067 0.5425,-1.33366 1.37106 0.534188,-1.34421 1.40495 0.551214,-1.3475 1.44194 0.543755,-1.34126 1.43957 0.537987]
}}
appearance Appearance{material Material{diffuseColor 1 0.807843 0.498039
transparency 0}}}
Shape { geometry IndexedFaceSet 
{ creaseAngle 0.50 coordIndex [0,1,2,-1,1,3,2,-1]
coord Coordinate { point [-0.505904 1.4452 0.551701,-0.505904 1.52142 0.520428,-0.56496 1.4452 0.551701,-0.56496 1.52142 0.520428]
}}
appearance Appearance{material Material{diffuseColor 0.792157 0.819608 0.933333
transparency 0}}}
Shape { geometry IndexedFaceSet 
{ creaseAngle 0.50 coordIndex [0,1,2,-1,2,1,3,-1,3,4,5,-1,5,4,6,-1,1,4,3,-1,4,7,6,-1]
coord Coordinate { point [0.301128 1.40262 0.476845,0.301128 1.39237 0.471992,0.360288 1.40262 0.476845,0.360288 1.39237 0.471992,0.301128 1.38176 0.467999,0.360288 1.38176 0.467999,0.360288 1.37085 0.464892,0.301128 1.37085 0.464892]
}}
appearance Appearance{material Material{diffuseColor 1 0.807843 0.498039
transparency 0}}}
Shape { geometry IndexedFaceSet 
{ creaseAngle 0.50 coordIndex [0,1,2,-1,2,1,3,-1]
coord Coordinate { point [2.69685 0.935037 0.255905,2.69685 0.935037 0.098425,2.7559 0.935037 0.255905,2.7559 0.935037 0.098425]
}}
appearance Appearance{material Material{diffuseColor 1 1 1
transparency 0}}}
Shape { geometry IndexedFaceSet 
{ creaseAngle 0.50 coordIndex [0,1,2,-1,0,3,1,-1,4,2,5,-1,4,0,2,-1,6,5,7,-1,6,4,5,-1,8,7,9,-1,8,6,7,-1,10,9,11,-1,10,8,9,-1,12,11,13,-1,12,10,11,-1,14,13,15,-1,14,12,13,-1]
coord Coordinate { point [-0.436031 2.95275 0.131198,-0.43307 2.89369 0.15748,-0.436031 2.8937 0.131198,-0.43307 2.95275 0.15748,-0.444767 2.95275 0.106234,-0.444767 2.8937 0.106234,-0.458838 2.95275 0.0838396,-0.458838 2.8937 0.0838396,-0.47754 2.95275 0.0651379,-0.47754 2.8937 0.0651379,-0.499934 2.95275 0.0510666,-0.499934 2.8937 0.0510666,-0.524898 2.95275 0.0423313,-0.524898 2.8937 0.0423313,-0.55118 2.95275 0.03937,-0.55118 2.89369 0.03937]
}}
appearance Appearance{material Material{diffuseColor 1 1 1
transparency 0}}}
Shape { geometry IndexedFaceSet 
{ creaseAngle 0.50 coordIndex [0,1,2,-1,1,3,2,-1]
coord Coordinate { point [-2.23813 1.52394 0.551701,-2.23813 1.60016 0.520428,-2.29729 1.52394 0.551701,-2.29729 1.60016 0.520428]
}}
appearance Appearance{material Material{diffuseColor 1 0.807843 0.498039
transparency 0}}}
Shape { geometry IndexedFaceSet 
{ creaseAngle 0.50 coordIndex [0,1,2,-1,0,2,3,-1]
coord Coordinate { point [-2.34252 -0.55118 0.019685,-2.34252 -0.55118 0.151574,-2.18504 -0.55118 0.151574,-2.18504 -0.55118 0.019685]
}}
appearance Appearance{material Material{diffuseColor 0.411765 0.411765 0.411765
transparency 0}}}
Shape { geometry IndexedFaceSet 
{ creaseAngle 0.50 coordIndex [0,1,2,-1,0,3,1,-1]
coord Coordinate { point [2.18504 2.95275 0.492125,1.63386 2.89369 0.492125,1.63386 2.95275 0.492125,2.18504 2.89369 0.492125]
}}
appearance Appearance{material Material{diffuseColor 1 1 1
transparency 0}}}
Shape { geometry IndexedFaceSet 
{ creaseAngle 0.50 coordIndex [0,1,2,-1,0,2,3,-1]
coord Coordinate { point [-2.16932 0.11811 0.151574,-2.16932 0.11811 0.210629,-2.1693 -0.137795 0.210629,-2.1693 -0.137795 0.151574]
}}
appearance Appearance{material Material{diffuseColor 1 0.807843 0.498039
transparency 0}}}
Shape { geometry IndexedFaceSet 
{ creaseAngle 0.50 coordIndex [0,1,2,-1,0,3,1,-1,4,2,5,-1,4,0,2,-1]
coord Coordinate { point [-0.60433 1.19384 0.424554,-0.466535 1.1792 0.417623,-0.466535 1.16404 0.411918,-0.466535 1.19384 0.424554,-0.60433 1.14846 0.407479,-0.466535 1.14846 0.407479]
}}
appearance Appearance{material Material{diffuseColor 1 0.807843 0.498039
transparency 0}}}
Shape { geometry IndexedFaceSet 
{ creaseAngle 0.50 coordIndex [0,1,2,-1,2,1,3,-1,3,4,5,-1,1,4,3,-1,5,6,7,-1,4,6,5,-1,7,8,9,-1,6,8,7,-1,9,10,11,-1,8,10,9,-1,11,12,13,-1,13,12,14,-1,10,12,11,-1,14,15,16,-1,12,15,14,-1]
coord Coordinate { point [-1.48031 -0.984214 0.113892,-1.48031 -0.982915 0.122369,-1.32283 -0.984214 0.113892,-1.32283 -0.98258 0.123539,-1.48031 -0.979812 0.130365,-1.32283 -0.97905 0.13176,-1.48031 -0.97505 0.137498,-1.32283 -0.974222 0.138454,-1.48031 -0.968857 0.143431,-1.32283 -0.96797 0.144095,-1.48031 -0.961526 0.147882,-1.32283 -0.960876 0.14818,-1.48031 -0.953405 0.15064,-1.32283 -0.95325 0.150673,-1.32283 -0.94908 0.151348,-1.48031 -0.94488 0.151574,-1.32283 -0.94488 0.151574]
}}
appearance Appearance{material Material{diffuseColor 1 0.807843 0.498039
transparency 0}}}
Shape { geometry IndexedFaceSet 
{ creaseAngle 0.50 coordIndex [0,1,2,-1,3,4,5,-1,6,4,3,-1,7,8,9,-1,10,8,7,-1,0,8,1,-1,1,8,11,-1,11,8,6,-1,6,8,4,-1,4,8,10,-1]
coord Coordinate { point [-2.48031 -1.49606 0.303149,-2.67716 -0.7874 0.303149,-2.67716 -1.49606 0.303149,-2.79527 0.688975 0.303149,-2.67716 0.846455 0.303149,-2.79527 0.846455 0.303149,-2.67716 0.688975 0.303149,-2.67716 2.3622 0.303149,-2.48031 2.51968 0.303149,-2.67716 2.51968 0.303149,-2.67716 1.77165 0.303149,-2.67716 -0.19685 0.303149]
}}
appearance Appearance{material Material{diffuseColor 0.411765 0.411765 0.411765
transparency 0}}}
Shape { geometry IndexedFaceSet 
{ creaseAngle 0.50 coordIndex [0,1,2,-1,3,0,2,-1]
coord Coordinate { point [0.413385 -0.55118 0.151574,0.255905 -0.55118 0.151574,0.255905 -0.3937 0.151574,0.413385 -0.3937 0.151574]
}}
appearance Appearance{material Material{diffuseColor 0.411765 0.411765 0.411765
transparency 0}}}
Shape { geometry IndexedFaceSet 
{ creaseAngle 0.50 coordIndex [0,1,2,-1,0,2,3,-1,4,5,6,-1,4,3,5,-1,4,0,3,-1,7,6,8,-1,7,4,6,-1,9,8,10,-1,9,7,8,-1,11,10,12,-1,11,9,10,-1,13,12,14,-1,13,11,12,-1,15,14,16,-1,15,13,14,-1,17,15,16,-1]
coord Coordinate { point [-2.29715 1.60709 0.516569,-2.29729 1.60016 0.520428,-2.23813 1.60016 0.520428,-2.23835 1.60873 0.51513,-2.29709 1.61172 0.513143,-2.23839 1.61282 0.511895,-2.23835 1.61605 0.508532,-2.29712 1.61762 0.506366,-2.23818 1.62024 0.502052,-2.29731 1.62231 0.497239,-2.23813 1.62305 0.494851,-2.29726 1.62443 0.48817,-2.2382 1.62446 0.487282,-2.29721 1.62455 0.482748,-2.23821 1.62428 0.478965,-2.29723 1.62348 0.475863,-2.23813 1.62164 0.469061,-2.29729 1.62164 0.469061]
}}
appearance Appearance{material Material{diffuseColor 1 0.807843 0.498039
transparency 0}}}
Shape { geometry IndexedFaceSet 
{ creaseAngle 0.50 coordIndex [0,1,2,-1,0,2,3,-1,4,5,0,-1,4,3,6,-1,4,0,3,-1,7,4,6,-1,8,6,9,-1,8,9,10,-1,8,7,6,-1,11,7,8,-1,12,13,11,-1,12,11,8,-1,14,12,15,-1,14,16,17,-1,14,17,13,-1,14,13,12,-1]
coord Coordinate { point [0.385752 1.76301 0.454395,0.392276 1.75647 0.457078,0.396772 1.74892 0.460174,0.398935 1.74217 0.462945,0.369268 1.77069 0.451244,0.377895 1.7678 0.452426,0.399658 1.73523 0.465792,0.360288 1.77165 0.450849,0.261758 1.73523 0.465792,0.399658 1.659 0.497066,0.261758 1.659 0.497066,0.301128 1.77165 0.450849,0.262799 1.74353 0.462384,0.293627 1.77098 0.451123,0.2711 1.75878 0.456127,0.265914 1.75152 0.45911,0.27817 1.76482 0.453651,0.286327 1.76898 0.451944]
}}
appearance Appearance{material Material{diffuseColor 1 0.807843 0.498039
transparency 0}}}
Shape { geometry IndexedFaceSet 
{ creaseAngle 0.50 coordIndex [0,1,2,-1,3,1,0,-1,4,5,3,-1,3,5,1,-1,6,7,4,-1,8,7,6,-1,4,7,5,-1,9,10,8,-1,8,10,7,-1,9,11,10,-1,9,12,11,-1,12,13,11,-1,12,14,13,-1,14,15,13,-1,16,17,14,-1,14,17,15,-1]
coord Coordinate { point [-0.60433 0.849156 0.355542,-0.60433 1.14846 0.407479,-0.60433 0.849181 0.335387,-0.604329 1.14385 0.426617,-0.60433 1.18469 0.441985,-0.60433 1.19384 0.424554,-0.604329 1.31391 0.509805,-0.60433 1.32306 0.492375,-0.604329 1.33917 0.52002,-0.604329 1.3666 0.525121,-0.60433 1.347 0.501776,-0.60433 1.3724 0.505774,-0.604329 1.39939 0.523911,-0.60433 1.39807 0.504179,-0.60433 1.43025 0.515277,-0.60433 1.42278 0.497066,-0.604329 1.50648 0.484004,-0.604329 1.49901 0.465792]
}}
appearance Appearance{material Material{diffuseColor 1 0.807843 0.498039
transparency 0}}}
Shape { geometry IndexedFaceSet 
{ creaseAngle 0.50 coordIndex [0,1,2,-1,3,1,0,-1,4,5,3,-1,3,6,1,-1,5,6,3,-1,6,7,1,-1,8,9,5,-1,5,9,6,-1,10,11,8,-1,8,11,9,-1]
coord Coordinate { point [-1.7391 0.19648 0.219936,-1.91703 0.558782 0.30721,-1.93021 0.19648 0.219936,-1.75227 0.558782 0.30721,-1.76312 0.857113 0.379074,-1.80285 0.857113 0.379074,-1.86644 0.857113 0.379074,-1.90617 0.857114 0.379074,-1.80506 0.91799 0.393739,-1.86422 0.917989 0.393739,-1.80506 1.21337 0.464892,-1.86422 1.21337 0.464892]
}}
appearance Appearance{material Material{diffuseColor 1 0.807843 0.498039
transparency 0}}}
Shape { geometry IndexedFaceSet 
{ creaseAngle 0.50 coordIndex [0,1,2,-1,3,1,0,-1]
coord Coordinate { point [-0.610235 -0.55118 0.210629,-0.452755 -0.3937 0.210629,-0.610235 -0.3937 0.210629,-0.452755 -0.55118 0.210629]
}}
appearance Appearance{material Material{diffuseColor 1 0.807843 0.498039
transparency 0}}}
Shape { geometry IndexedFaceSet 
{ creaseAngle 0.50 coordIndex [0,1,2,-1,1,3,2,-1,2,4,5,-1,3,4,2,-1,5,6,7,-1,4,6,5,-1,7,8,9,-1,6,8,7,-1,9,10,11,-1,8,10,9,-1,11,12,13,-1,10,12,11,-1,13,14,15,-1,12,14,13,-1]
coord Coordinate { point [-2.7559 -1.53543 0.177165,-2.69685 -1.53543 0.177165,-2.7559 -1.53691 0.190306,-2.69684 -1.53691 0.190306,-2.69684 -1.54128 0.202788,-2.7559 -1.54128 0.202788,-2.69684 -1.54831 0.213985,-2.7559 -1.54831 0.213985,-2.69684 -1.55766 0.223336,-2.7559 -1.55766 0.223336,-2.69684 -1.56886 0.230372,-2.7559 -1.56886 0.230372,-2.69684 -1.58134 0.234739,-2.7559 -1.58134 0.234739,-2.69685 -1.59449 0.23622,-2.7559 -1.59449 0.23622]
}}
appearance Appearance{material Material{diffuseColor 1 1 1
transparency 0}}}
Shape { geometry IndexedFaceSet 
{ creaseAngle 0.50 coordIndex [0,1,2,-1,3,2,4,-1,3,0,2,-1,5,4,6,-1,5,3,4,-1,7,6,8,-1,7,5,6,-1,9,8,10,-1,9,7,8,-1,11,10,12,-1,11,9,10,-1,13,12,14,-1,13,11,12,-1,15,13,14,-1]
coord Coordinate { point [0.298926 1.01459 0.379074,0.301128 1.07547 0.39374,0.293444 1.07574 0.393002,0.291207 1.01487 0.378333,0.286057 1.07635 0.390823,0.283788 1.01549 0.376135,0.277966 1.07751 0.386461,0.27567 1.01663 0.371729,0.271165 1.07908 0.380374,0.268856 1.01815 0.365576,0.266055 1.08099 0.372888,0.263754 1.01994 0.358004,0.262855 1.08312 0.364459,0.260581 1.02189 0.349473,0.261757 1.08538 0.355543,0.259368 1.0239 0.340447]
}}
appearance Appearance{material Material{diffuseColor 1 0.807843 0.498039
transparency 0}}}
Shape { geometry IndexedFaceSet 
{ creaseAngle 0.50 coordIndex [0,1,2,-1,3,2,4,-1,3,0,2,-1,5,4,6,-1,5,3,4,-1,7,6,8,-1,7,5,6,-1,9,10,11,-1,9,8,10,-1,9,7,8,-1,12,11,13,-1,12,9,11,-1,14,13,15,-1,14,12,13,-1,16,14,15,-1]
coord Coordinate { point [-2.23813 1.61417 0.450849,-2.23813 1.62164 0.469061,-2.23045 1.62094 0.469348,-2.22915 1.61321 0.451244,-2.22307 1.61887 0.470198,-2.22053 1.61032 0.452426,-2.21626 1.6155 0.471579,-2.21267 1.60553 0.454395,-2.21029 1.61097 0.473438,-2.20614 1.59899 0.457078,-2.20633 1.60668 0.475197,-2.20307 1.60179 0.477207,-2.20165 1.59144 0.460174,-2.19983 1.59366 0.480541,-2.19949 1.58469 0.462945,-2.19876 1.58522 0.484004,-2.19876 1.57775 0.465792]
}}
appearance Appearance{material Material{diffuseColor 1 0.807843 0.498039
transparency 0}}}
Shape { geometry IndexedFaceSet 
{ creaseAngle 0.50 coordIndex [0,1,2,-1,0,2,3,-1]
coord Coordinate { point [-2.16932 0.11811 0.151574,-2.1693 -0.137795 0.151574,-2.36614 -0.137795 0.151574,-2.36614 0.11811 0.151574]
}}
appearance Appearance{material Material{diffuseColor 1 0.807843 0.498039
transparency 0}}}
Shape { geometry IndexedFaceSet 
{ creaseAngle 0.50 coordIndex [0,1,2,-1,3,1,0,-1]
coord Coordinate { point [-0.60433 0.849181 0.335387,-0.606736 0.787678 0.340446,-0.60433 0.849156 0.355542,-0.606673 0.792206 0.321663]
}}
appearance Appearance{material Material{diffuseColor 1 0.807843 0.498039
transparency 0}}}
Shape { geometry IndexedFaceSet 
{ creaseAngle 0.50 coordIndex [0,1,2,-1,3,4,1,-1,2,5,6,-1,1,5,2,-1,5,7,8,-1,4,7,1,-1,1,7,5,-1,9,10,7,-1,7,10,8,-1]
coord Coordinate { point [2.2887 -3.03149 0.683733,1.98819 -3.03149 0.683733,2.3622 -3.03149 0.610235,1.98819 -3.03149 0.767715,1.79133 -3.03149 0.767715,1.9685 -3.03149 0.098425,2.3622 -3.03149 0.098425,1.79134 -3.03149 0.185039,1.9685 -3.03149 0.019685,1.00394 -3.03149 0.185039,1.00394 -3.03149 0.019685]
}}
appearance Appearance{material Material{diffuseColor 0.411765 0.411765 0.411765
transparency 0}}}
Shape { geometry IndexedFaceSet 
{ creaseAngle 0.50 coordIndex [0,1,2,-1,1,3,2,-1,2,4,5,-1,3,4,2,-1,5,6,7,-1,4,6,5,-1,7,8,9,-1,6,8,7,-1,9,10,11,-1,8,10,9,-1,11,12,13,-1,10,12,11,-1,13,14,15,-1,12,14,13,-1]
coord Coordinate { point [1.90944 -1.9685 0.74803,1.90944 -1.9685 0.688975,1.90068 -1.96751 0.74803,1.90068 -1.96751 0.688975,1.89236 -1.9646 0.688975,1.89236 -1.9646 0.74803,1.8849 -1.95991 0.688975,1.8849 -1.95991 0.74803,1.87866 -1.95368 0.688975,1.87866 -1.95368 0.74803,1.87397 -1.94621 0.688975,1.87397 -1.94621 0.74803,1.87106 -1.93789 0.688975,1.87106 -1.93789 0.74803,1.87007 -1.92913 0.688975,1.87007 -1.92913 0.74803]
}}
appearance Appearance{material Material{diffuseColor 1 1 1
transparency 0}}}
Shape { geometry IndexedFaceSet 
{ creaseAngle 0.50 coordIndex [0,1,2,-1,3,1,0,-1]
coord Coordinate { point [0.31496 2.65985 0.578117,0.27559 2.66173 0.597711,0.27559 2.65985 0.578117,0.31496 2.66173 0.597711]
}}
appearance Appearance{material Material{diffuseColor 1 1 1
transparency 0}}}
Shape { geometry IndexedFaceSet 
{ creaseAngle 0.50 coordIndex [0,1,2,-1,0,3,1,-1,4,2,5,-1,4,0,2,-1,6,5,7,-1,6,4,5,-1,8,7,9,-1,8,6,7,-1,10,11,12,-1,10,12,13,-1,14,9,11,-1,14,8,9,-1,15,14,11,-1,15,11,10,-1,16,14,15,-1,17,16,15,-1]
coord Coordinate { point [-0.467522 1.1418 0.435134,-0.466535 1.18469 0.441985,-0.467522 1.18062 0.449742,-0.466535 1.14385 0.426617,-0.470433 1.13985 0.443224,-0.470433 1.17676 0.45711,-0.475124 1.1381 0.450481,-0.475124 1.17329 0.46372,-0.481358 1.13664 0.456542,-0.481358 1.17039 0.469239,-0.505904 1.15615 0.471992,-0.488822 1.16821 0.473392,-0.497144 1.16686 0.475971,-0.505905 1.1664 0.476845,-0.488822 1.13554 0.461102,-0.505904 1.14554 0.467999,-0.497144 1.13486 0.463933,-0.505905 1.13463 0.464892]
}}
appearance Appearance{material Material{diffuseColor 1 0.807843 0.498039
transparency 0}}}
Shape { geometry IndexedFaceSet 
{ creaseAngle 0.50 coordIndex [0,1,2,-1,0,2,3,-1]
coord Coordinate { point [0.399658 1.0854 0.335388,0.399658 1.0854 0.355375,0.402063 1.0239 0.340446,0.401967 1.02842 0.321662]
}}
appearance Appearance{material Material{diffuseColor 1 0.807843 0.498039
transparency 0}}}
Shape { geometry IndexedFaceSet 
{ creaseAngle 0.50 coordIndex [0,1,2,-1,0,3,1,-1]
coord Coordinate { point [-0.31496 2.95275 0.62992,-0.31496 2.87401 0.019685,-0.31496 2.87401 0.62992,-0.31496 2.95275 0.019685]
}}
appearance Appearance{material Material{diffuseColor 0.411765 0.411765 0.411765
transparency 0}}}
Shape { geometry IndexedFaceSet 
{ creaseAngle 0.50 coordIndex [0,1,2,-1,2,1,3,-1,3,4,5,-1,1,4,3,-1,5,6,7,-1,4,6,5,-1,7,8,9,-1,6,8,7,-1,9,10,11,-1,8,10,9,-1,11,12,13,-1,10,12,11,-1,13,14,15,-1,12,14,13,-1]
coord Coordinate { point [0.901573 1.75196 0.120078,0.899599 1.76949 0.120078,0.901573 1.75196 0.019685,0.899599 1.76949 0.019685,0.893775 1.78613 0.120078,0.893775 1.78613 0.019685,0.884394 1.80106 0.120078,0.884394 1.80106 0.019685,0.871927 1.81353 0.120078,0.871927 1.81353 0.019685,0.856997 1.82291 0.120078,0.856997 1.82291 0.019685,0.840354 1.82873 0.120078,0.840354 1.82873 0.019685,0.822833 1.8307 0.120078,0.822833 1.8307 0.019685]
}}
appearance Appearance{material Material{diffuseColor 0.411765 0.411765 0.411765
transparency 0}}}
Shape { geometry IndexedFaceSet 
{ creaseAngle 0.50 coordIndex [0,1,2,-1,3,2,1,-1,4,0,2,-1,5,2,3,-1,6,4,2,-1,7,2,5,-1,2,8,6,-1]
coord Coordinate { point [-0.157414 0.859153 0.371729,-0.164228 0.860667 0.365576,-0.17389 0.857114 0.379074,-0.16933 0.862461 0.358004,-0.149295 0.858012 0.376135,-0.172503 0.864416 0.349473,-0.141877 0.857393 0.378333,-0.173717 0.866418 0.340446,-0.134158 0.857113 0.379074]
}}
appearance Appearance{material Material{diffuseColor 0.792157 0.819608 0.933333
transparency 0}}}
Shape { geometry IndexedFaceSet 
{ creaseAngle 0.50 coordIndex [0,1,2,-1,3,4,0,-1,5,4,3,-1,0,4,1,-1]
coord Coordinate { point [-0.0688975 2.55905 0.688975,-0.0098425 2.55905 0.322834,-0.0098425 2.55905 0.62992,-1.63386 2.55905 0.688975,-1.6437 2.55905 0.322834,-1.6437 2.55905 0.688975]
}}
appearance Appearance{material Material{diffuseColor 0.411765 0.411765 0.411765
transparency 0}}}
Shape { geometry IndexedFaceSet 
{ creaseAngle 0.50 coordIndex [0,1,2,-1,3,4,5,-1,6,7,8,-1,6,9,7,-1,3,0,10,-1,3,10,11,-1,3,5,0,-1,12,6,8,-1,13,14,15,-1,16,17,4,-1,12,8,18,-1,16,11,19,-1,20,21,22,-1,16,4,3,-1,23,13,15,-1,16,3,11,-1,24,25,17,-1,24,26,27,-1,24,28,26,-1,20,22,29,-1,24,17,16,-1,24,19,28,-1,24,16,19,-1,24,27,25,-1,30,18,31,-1,30,12,18,-1,32,20,29,-1,32,29,9,-1,33,34,35,-1,33,31,36,-1,33,30,31,-1,33,36,34,-1,37,32,9,-1,37,9,6,-1,38,37,6,-1,38,6,12,-1,39,40,21,-1,39,21,20,-1,41,38,12,-1,41,12,30,-1,42,20,32,-1,42,39,20,-1,43,41,30,-1,43,35,44,-1,43,33,35,-1,43,30,33,-1,45,42,32,-1,45,32,37,-1,46,45,37,-1,47,48,49,-1,46,37,38,-1,50,51,40,-1,50,40,39,-1,52,46,38,-1,52,38,41,-1,2,39,42,-1,2,50,39,-1,53,25,27,-1,54,41,43,-1,54,43,44,-1,55,56,13,-1,54,52,41,-1,54,44,57,-1,10,42,45,-1,10,2,42,-1,7,13,23,-1,11,45,46,-1,7,55,13,-1,11,10,45,-1,8,23,58,-1,8,7,23,-1,59,49,51,-1,18,58,60,-1,59,51,50,-1,59,47,49,-1,18,8,58,-1,29,22,56,-1,19,46,52,-1,19,11,46,-1,29,56,55,-1,31,60,61,-1,1,62,47,-1,1,50,2,-1,31,18,60,-1,1,59,50,-1,1,47,59,-1,9,55,7,-1,9,29,55,-1,28,57,26,-1,28,52,54,-1,28,54,57,-1,28,19,52,-1,36,63,64,-1,36,61,63,-1,0,2,10,-1,0,5,62,-1,36,64,34,-1,0,62,1,-1,36,31,61,-1]
coord Coordinate { point [-2.68137 -1.34825 0.415688,-2.67898 -1.35203 0.41664,-2.67898 -1.35773 0.401747,-2.68465 -1.34506 0.414886,-2.68457 -1.34287 0.43307,-2.68145 -1.34599 0.43307,-2.68137 -1.38814 0.3681,-2.67898 -1.40323 0.367239,-2.68137 -1.40242 0.363423,-2.67898 -1.38974 0.371659,-2.68137 -1.35428 0.399931,-2.68465 -1.35137 0.398403,-2.68465 -1.38679 0.365103,-2.67716 -1.41122 0.374331,-2.67716 -1.41732 0.374015,-2.67765 -1.41732 0.369635,-2.68856 -1.34274 0.4143,-2.6883 -1.34053 0.43307,-2.68465 -1.40173 0.36021,-2.68856 -1.34924 0.397286,-2.67759 -1.3795 0.382493,-2.67716 -1.38196 0.385775,-2.67716 -1.39312 0.3792,-2.67911 -1.41732 0.365474,-2.69273 -1.34138 0.413959,-2.69246 -1.33907 0.43307,-2.69684 -1.34638 0.398906,-2.69684 -1.34055 0.415549,-2.69273 -1.34801 0.396636,-2.67759 -1.39144 0.375462,-2.68856 -1.38581 0.362913,-2.68856 -1.40123 0.357863,-2.67898 -1.37701 0.379154,-2.69273 -1.38523 0.36164,-2.69684 -1.3998 0.356304,-2.69684 -1.38316 0.362128,-2.69273 -1.40093 0.356498,-2.68137 -1.37467 0.376029,-2.68465 -1.3727 0.373398,-2.67759 -1.36924 0.392127,-2.67716 -1.37236 0.394784,-2.68856 -1.37126 0.371475,-2.67898 -1.36606 0.389425,-2.69273 -1.37043 0.370357,-2.69684 -1.36823 0.371509,-2.68137 -1.36309 0.386895,-2.68465 -1.36059 0.384765,-2.67765 -1.35388 0.43307,-2.67716 -1.35827 0.43307,-2.67716 -1.36005 0.418658,-2.67759 -1.36142 0.403686,-2.67716 -1.36505 0.405593,-2.68856 -1.35876 0.383209,-2.69685 -1.33858 0.43307,-2.69273 -1.3577 0.382304,-2.67759 -1.40411 0.371315,-2.67716 -1.40496 0.375322,-2.69684 -1.35576 0.383976,-2.68145 -1.41732 0.361742,-2.67759 -1.35608 0.417657,-2.68457 -1.41732 0.358625,-2.6883 -1.41732 0.356279,-2.67911 -1.34972 0.43307,-2.69246 -1.41732 0.354824,-2.69685 -1.41732 0.35433]
}}
appearance Appearance{material Material{diffuseColor 1 1 1
transparency 0}}}
Shape { geometry IndexedFaceSet 
{ creaseAngle 0.50 coordIndex [0,1,2,-1,3,0,2,-1]
coord Coordinate { point [-0.610235 -0.3937 0.151574,-0.610235 -0.55118 0.151574,-0.610235 -0.55118 0.019685,-0.610235 -0.3937 0.019685]
}}
appearance Appearance{material Material{diffuseColor 0.411765 0.411765 0.411765
transparency 0}}}
Shape { geometry IndexedFaceSet 
{ creaseAngle 0.50 coordIndex [0,1,2,-1,2,1,3,-1,3,4,5,-1,1,4,3,-1,5,6,7,-1,4,6,5,-1,7,8,9,-1,6,8,7,-1,9,10,11,-1,8,10,9,-1,11,12,13,-1,10,12,11,-1,13,14,15,-1,12,14,13,-1]
coord Coordinate { point [0.035433 1.75196 0.120078,0.0334588 1.76949 0.120078,0.035433 1.75196 0.019685,0.0334588 1.76949 0.019685,0.0276353 1.78613 0.120078,0.0276353 1.78613 0.019685,0.0182544 1.80106 0.120078,0.0182544 1.80106 0.019685,0.00578659 1.81353 0.120078,0.00578659 1.81353 0.019685,-0.00914299 1.82291 0.120078,-0.00914299 1.82291 0.019685,-0.0257857 1.82873 0.120078,-0.0257857 1.82873 0.019685,-0.043307 1.8307 0.120078,-0.043307 1.8307 0.019685]
}}
appearance Appearance{material Material{diffuseColor 0.411765 0.411765 0.411765
transparency 0}}}
Shape { geometry IndexedFaceSet 
{ creaseAngle 0.50 coordIndex [0,1,2,-1,1,3,2,-1]
coord Coordinate { point [2.09374 -0.21327 0.547371,1.92107 -0.0428208 0.527885,2.09374 -0.219978 0.488698,1.92107 -0.0495284 0.469212]
}}
appearance Appearance{material Material{diffuseColor 1 1 1
transparency 0}}}
Shape { geometry IndexedFaceSet 
{ creaseAngle 0.50 coordIndex [0,1,2,-1,3,0,2,-1,4,2,5,-1,4,3,2,-1,6,5,7,-1,6,4,5,-1,8,7,9,-1,8,6,7,-1,10,9,11,-1,10,8,9,-1,12,11,13,-1,12,10,11,-1,14,13,15,-1,14,12,13,-1]
coord Coordinate { point [0.251968 -1.04321 0.116423,0.409448 -1.04321 0.116423,0.409448 -1.03997 0.137617,0.251968 -1.03997 0.137617,0.251968 -1.03221 0.157605,0.409448 -1.03221 0.157605,0.251968 -1.02031 0.175438,0.409448 -1.02031 0.175438,0.251968 -1.00482 0.190271,0.409448 -1.00482 0.190271,0.251968 -0.986496 0.201399,0.409448 -0.986496 0.201399,0.251968 -0.966194 0.208294,0.409448 -0.966194 0.208294,0.251968 -0.94488 0.210629,0.409448 -0.94488 0.210629]
}}
appearance Appearance{material Material{diffuseColor 1 0.807843 0.498039
transparency 0}}}
Shape { geometry IndexedFaceSet 
{ creaseAngle 0.50 coordIndex [0,1,2,-1,3,0,2,-1,4,0,3,-1,5,4,3,-1]
coord Coordinate { point [0.859321 0.19648 0.219936,0.86217 0.11811 0.210629,0.862172 0.11811 0.151574,0.858818 0.21031 0.162523,0.846149 0.558782 0.30721,0.845884 0.572603 0.249796]
}}
appearance Appearance{material Material{diffuseColor 1 0.807843 0.498039
transparency 0}}}
Shape { geometry IndexedFaceSet 
{ creaseAngle 0.50 coordIndex [0,1,2,-1,2,1,3,-1,3,4,5,-1,5,4,6,-1,1,4,3,-1,4,7,6,-1]
coord Coordinate { point [-1.4311 1.1664 0.476845,-1.4311 1.15615 0.471992,-1.37204 1.1664 0.476845,-1.37204 1.15615 0.471992,-1.4311 1.14554 0.467999,-1.37204 1.14554 0.467999,-1.37204 1.13463 0.464892,-1.4311 1.13463 0.464892]
}}
appearance Appearance{material Material{diffuseColor 1 0.807843 0.498039
transparency 0}}}
Shape { geometry IndexedFaceSet 
{ creaseAngle 0.50 coordIndex [0,1,2,-1,0,3,1,-1,4,5,0,-1,0,5,3,-1,6,7,4,-1,4,7,5,-1,8,9,6,-1,6,9,7,-1,8,10,9,-1,8,11,10,-1,11,12,10,-1,12,13,14,-1,11,13,12,-1,14,15,16,-1,13,15,14,-1,15,17,16,-1,16,18,19,-1,17,18,16,-1]
coord Coordinate { point [1.47637 2.83464 0.74803,1.47637 2.81495 0.688975,1.47637 2.81495 0.74803,1.47637 2.83464 0.688975,1.47638 2.86092 0.745069,1.47638 2.84778 0.687494,1.47638 2.88589 0.736333,1.47638 2.86026 0.683127,1.47638 2.90828 0.722262,1.47638 2.87146 0.676091,1.47638 2.88081 0.66674,1.47638 2.92698 0.70356,1.47638 2.88785 0.655543,1.47638 2.94105 0.681166,1.47638 2.89221 0.643061,1.47638 2.94979 0.656202,1.47637 2.89369 0.62992,1.47637 2.95275 0.62992,1.47637 2.95275 0.15748,1.47637 2.89369 0.15748]
}}
appearance Appearance{material Material{diffuseColor 1 1 1
transparency 0}}}
Shape { geometry IndexedFaceSet 
{ creaseAngle 0.50 coordIndex [0,1,2,-1,0,2,3,-1]
coord Coordinate { point [-1.97244 1.75196 0.019685,-1.97244 1.75196 0.120078,-1.97244 -0.137795 0.120078,-1.97244 -0.137795 0.019685]
}}
appearance Appearance{material Material{diffuseColor 0.411765 0.411765 0.411765
transparency 0}}}
Shape { geometry IndexedFaceSet 
{ creaseAngle 0.50 coordIndex [0,1,2,-1,0,2,3,-1,4,3,5,-1,4,0,3,-1,6,5,7,-1,6,4,5,-1,8,7,9,-1,8,6,7,-1,10,9,11,-1,10,8,9,-1,12,11,13,-1,12,10,11,-1]
coord Coordinate { point [0.531495 2.66686 0.0719701,0.531495 2.65913 0.098425,0.059055 2.65913 0.098425,0.059055 2.66686 0.0719701,0.531495 2.68051 0.0480279,0.059055 2.68051 0.0480279,0.531495 2.69935 0.027902,0.059055 2.69935 0.027902,0.531495 2.72233 0.0126885,0.059055 2.72233 0.0126885,0.531495 2.74821 0.00321591,0.059055 2.74821 0.00321591,0.531495 2.77558 -1.97156e-12,0.059055 2.77558 -1.9713e-12]
}}
appearance Appearance{material Material{diffuseColor 1 1 1
transparency 0}}}
Shape { geometry IndexedFaceSet 
{ creaseAngle 0.50 coordIndex [0,1,2,-1,3,0,2,-1,4,0,3,-1,5,4,3,-1]
coord Coordinate { point [-0.872959 0.19648 0.219936,-0.87011 0.11811 0.210629,-0.870108 0.11811 0.151574,-0.873462 0.21031 0.162523,-0.886131 0.558782 0.30721,-0.886396 0.572603 0.249796]
}}
appearance Appearance{material Material{diffuseColor 1 0.807843 0.498039
transparency 0}}}
Shape { geometry IndexedFaceSet 
{ creaseAngle 0.50 coordIndex [0,1,2,-1,0,3,1,-1,4,3,0,-1,5,0,2,-1,6,1,3,-1,7,1,6,-1,8,6,9,-1,8,7,6,-1,10,8,11,-1,10,7,8,-1,0,8,4,-1,4,8,9,-1]
coord Coordinate { point [-2.25393 2.77558 0.098425,-2.45078 2.40157 0.098425,-2.45078 2.95275 0.098425,-2.18504 2.65913 0.098425,-2.18504 2.71991 0.098425,-2.25393 2.95275 0.098425,-1.7126 2.65913 0.098425,-1.44685 2.40157 0.098425,-1.6437 2.77558 0.098425,-1.7126 2.71991 0.098425,-1.44685 2.87401 0.098425,-1.6437 2.87401 0.098425]
}}
appearance Appearance{material Material{diffuseColor 0.411765 0.411765 0.411765
transparency 0}}}
Shape { geometry IndexedFaceSet 
{ creaseAngle 0.50 coordIndex [0,1,2,-1,1,3,2,-1]
coord Coordinate { point [0.842518 -1.41732 0.059055,0.685038 -1.41732 0.059055,0.842518 -1.41732 0.03937,0.685038 -1.41732 0.03937]
}}
appearance Appearance{material Material{diffuseColor 1 0.807843 0.498039
transparency 0}}}
Shape { geometry IndexedFaceSet 
{ creaseAngle 0.50 coordIndex [0,1,2,-1,3,2,1,-1,4,0,2,-1,5,2,3,-1,6,4,2,-1,7,2,5,-1,2,8,6,-1]
coord Coordinate { point [-1.45657 0.780413 0.371729,-1.46339 0.781927 0.365576,-1.47305 0.778374 0.379074,-1.46849 0.783721 0.358004,-1.44845 0.779272 0.376135,-1.47166 0.785676 0.349473,-1.44104 0.778653 0.378333,-1.47288 0.787678 0.340446,-1.43332 0.778373 0.379074]
}}
appearance Appearance{material Material{diffuseColor 0.792157 0.819608 0.933333
transparency 0}}}
Shape { geometry IndexedFaceSet 
{ creaseAngle 0.50 coordIndex [0,1,2,-1,0,2,3,-1,0,3,4,-1,0,4,5,-1,0,5,6,-1,0,6,7,-1,8,1,0,-1,9,8,0,-1,10,9,0,-1,11,10,0,-1,12,11,0,-1,0,13,12,-1,14,0,7,-1]
coord Coordinate { point [0.402236 1.01459 0.379074,0.38586 1.01635 0.371773,0.38334 1.01594 0.373483,0.378794 1.01537 0.375867,0.375965 1.0151 0.376962,0.371723 1.01482 0.378132,0.369498 1.01472 0.378545,0.367231 1.01465 0.378838,0.390558 1.01734 0.36767,0.392758 1.01792 0.365272,0.394724 1.01851 0.362802,0.397957 1.01975 0.357645,0.401059 1.02175 0.34937,0.402063 1.0239 0.340446,0.362504 1.01459 0.379074]
}}
appearance Appearance{material Material{diffuseColor 0.792157 0.819608 0.933333
transparency 0}}}
Shape { geometry IndexedFaceSet 
{ creaseAngle 0.50 coordIndex [0,1,2,-1,2,1,3,-1,3,4,5,-1,1,4,3,-1,5,6,7,-1,4,6,5,-1,7,8,9,-1,6,8,7,-1,9,10,11,-1,8,10,9,-1,11,12,13,-1,10,12,11,-1,13,14,15,-1,12,14,13,-1]
coord Coordinate { point [0.468503 1.87007 0.263779,0.466529 1.8876 0.263779,0.468503 1.87007 0.019685,0.466529 1.8876 0.019685,0.460705 1.90424 0.263779,0.460705 1.90424 0.019685,0.451324 1.91917 0.263779,0.451324 1.91917 0.019685,0.438857 1.93164 0.263779,0.438857 1.93164 0.019685,0.423927 1.94102 0.263779,0.423927 1.94102 0.019685,0.407284 1.94684 0.263779,0.407284 1.94684 0.019685,0.389763 1.94881 0.263779,0.389763 1.94881 0.019685]
}}
appearance Appearance{material Material{diffuseColor 0.411765 0.411765 0.411765
transparency 0}}}
Shape { geometry IndexedFaceSet 
{ creaseAngle 0.50 coordIndex [0,1,2,-1,2,1,3,-1]
coord Coordinate { point [-1.80506 1.37436 0.544665,-1.86422 1.37436 0.544665,-1.80506 1.24514 0.476845,-1.86422 1.24514 0.476845]
}}
appearance Appearance{material Material{diffuseColor 1 0.807843 0.498039
transparency 0}}}
Shape { geometry IndexedFaceSet 
{ creaseAngle 0.50 coordIndex [0,1,2,-1,3,1,0,-1,4,5,1,-1,1,5,2,-1]
coord Coordinate { point [1.98819 -3.03149 0.683733,2.2887 -2.44094 0.683733,1.98819 -2.24409 0.683733,2.2887 -3.03149 0.683733,2.3622 -2.44094 0.683733,2.3622 -2.24409 0.683733]
}}
appearance Appearance{material Material{diffuseColor 0.411765 0.411765 0.411765
transparency 0}}}
Shape { geometry IndexedFaceSet 
{ creaseAngle 0.50 coordIndex [0,1,2,-1,2,1,3,-1,3,4,5,-1,1,4,3,-1,5,6,7,-1,4,6,5,-1,7,8,9,-1,6,8,7,-1,9,10,11,-1,8,10,9,-1,11,12,13,-1,13,12,14,-1,10,12,11,-1,12,15,14,-1]
coord Coordinate { point [-1.22047 2.83464 0.688975,-1.22047 2.84778 0.687494,-0.43307 2.83464 0.688975,-0.43307 2.84778 0.687494,-1.22047 2.86026 0.683127,-0.43307 2.86026 0.683127,-1.22047 2.87146 0.676091,-0.43307 2.87146 0.676091,-1.22047 2.88081 0.66674,-0.43307 2.88081 0.66674,-1.22047 2.88785 0.655543,-0.43307 2.88785 0.655543,-1.22047 2.89221 0.643061,-0.43307 2.89221 0.643061,-0.43307 2.89369 0.62992,-1.22047 2.89369 0.62992]
}}
appearance Appearance{material Material{diffuseColor 0.792157 0.819608 0.933333
transparency 0}}}
Shape { geometry IndexedFaceSet 
{ creaseAngle 0.50 coordIndex [0,1,2,-1,2,1,3,-1,3,1,4,-1,4,5,6,-1,1,5,4,-1,6,7,8,-1,5,7,6,-1,8,9,10,-1,7,9,8,-1,10,11,12,-1,9,11,10,-1,12,13,14,-1,11,13,12,-1,13,15,14,-1]
coord Coordinate { point [0.27559 2.66173 0.597711,0.266829 2.66075 0.597806,0.27559 2.65985 0.578117,0.266829 2.65887 0.578211,0.258508 2.65597 0.57849,0.258508 2.65785 0.598085,0.251043 2.6513 0.578939,0.251043 2.65318 0.598534,0.244809 2.64509 0.579536,0.244809 2.64698 0.59913,0.240119 2.63766 0.58025,0.240119 2.63955 0.599845,0.237207 2.62938 0.581046,0.237207 2.63126 0.600641,0.23622 2.62066 0.581885,0.23622 2.62254 0.60148]
}}
appearance Appearance{material Material{diffuseColor 1 1 1
transparency 0}}}
Shape { geometry IndexedFaceSet 
{ creaseAngle 0.50 coordIndex [0,1,2,-1,0,2,3,-1]
coord Coordinate { point [0.232465 0.27559 0.151574,0.2358 0.36779 0.162523,0.425777 0.36779 0.162523,0.429133 0.27559 0.151574]
}}
appearance Appearance{material Material{diffuseColor 1 0.807843 0.498039
transparency 0}}}
Shape { geometry IndexedFaceSet 
{ creaseAngle 0.50 coordIndex [0,1,2,-1,3,1,0,-1]
coord Coordinate { point [0.232117 2.73056 0.531766,0.358151 2.73621 0.59055,0.358433 2.73056 0.531766,0.232399 2.73621 0.59055]
}}
appearance Appearance{material Material{diffuseColor 1 1 1
transparency 0}}}
Shape { geometry IndexedFaceSet 
{ creaseAngle 0.50 coordIndex [0,1,2,-1,3,2,4,-1,3,0,2,-1,5,4,6,-1,5,3,4,-1,7,6,8,-1,7,5,6,-1,9,8,10,-1,9,7,8,-1,11,10,12,-1,11,9,10,-1,13,12,14,-1,13,11,12,-1,15,13,14,-1]
coord Coordinate { point [-0.131942 1.24514 0.476845,-0.131942 1.37436 0.544665,-0.140703 1.37481 0.543791,-0.140703 1.2456 0.475971,-0.149024 1.37617 0.541213,-0.149024 1.24695 0.473392,-0.156489 1.37835 0.53706,-0.156489 1.24913 0.469239,-0.162723 1.38124 0.53154,-0.162723 1.25203 0.46372,-0.167413 1.38471 0.52493,-0.167413 1.2555 0.45711,-0.170325 1.38858 0.517562,-0.170325 1.25936 0.449742,-0.171312 1.39265 0.509805,-0.171312 1.26343 0.441985]
}}
appearance Appearance{material Material{diffuseColor 1 0.807843 0.498039
transparency 0}}}
Shape { geometry IndexedFaceSet 
{ creaseAngle 0.50 coordIndex [0,1,2,-1,3,0,2,-1]
coord Coordinate { point [-1.90945 -0.55118 0.263779,-1.75197 -0.55118 0.263779,-1.75197 -0.55118 0.210629,-1.90945 -0.55118 0.210629]
}}
appearance Appearance{material Material{diffuseColor 1 0.807843 0.498039
transparency 0}}}
Shape { geometry IndexedFaceSet 
{ creaseAngle 0.50 coordIndex [0,1,2,-1,1,3,2,-1]
coord Coordinate { point [-0.181102 -0.94488 0.210629,-0.023622 -0.94488 0.210629,-0.181102 -0.807085 0.210629,-0.023622 -0.807085 0.210629]
}}
appearance Appearance{material Material{diffuseColor 1 0.807843 0.498039
transparency 0}}}
Shape { geometry IndexedFaceSet 
{ creaseAngle 0.50 coordIndex [0,1,2,-1,0,3,1,-1,4,0,2,-1]
coord Coordinate { point [-1.33026 0.787717 0.340294,-1.31923 0.480042 0.30721,-1.3195 0.493869 0.249798,-1.3301 0.778373 0.379074,-1.33036 0.792199 0.321662]
}}
appearance Appearance{material Material{diffuseColor 1 0.807843 0.498039
transparency 0}}}
Shape { geometry IndexedFaceSet 
{ creaseAngle 0.50 coordIndex [0,1,2,-1,3,2,4,-1,3,4,5,-1,3,5,6,-1,7,0,2,-1,7,2,3,-1,8,9,10,-1,8,10,11,-1,8,11,12,-1,8,12,7,-1,8,7,3,-1,13,3,14,-1,13,8,3,-1,15,13,14,-1]
coord Coordinate { point [2.21017 -2.18417 0.688975,2.18252 -2.17736 0.688975,2.15731 -2.16413 0.688975,2.10629 -2.06692 0.688975,2.136 -2.14525 0.688975,2.11982 -2.12181 0.688975,2.10973 -2.09519 0.688975,2.23864 -2.18417 0.688975,2.33908 -2.09519 0.688975,2.32899 -2.12181 0.688975,2.31281 -2.14525 0.688975,2.2915 -2.16413 0.688975,2.26629 -2.17736 0.688975,2.34251 -2.06693 0.688975,2.0483 -1.96879 0.6888,2.40051 -1.96879 0.6888]
}}
appearance Appearance{material Material{diffuseColor 0.792157 0.819608 0.933333
transparency 0}}}
Shape { geometry IndexedFaceSet 
{ creaseAngle 0.50 coordIndex [0,1,2,-1,0,3,1,-1]
coord Coordinate { point [2.28346 -2.11901 0.55118,2.28346 -2.12598 0.386732,2.28346 -2.12598 0.55118,2.28346 -2.11901 0.386732]
}}
appearance Appearance{material Material{diffuseColor 0.792157 0.819608 0.933333
transparency 0}}}
Shape { geometry IndexedFaceSet 
{ creaseAngle 0.50 coordIndex [0,1,2,-1,3,1,0,-1,4,1,3,-1,5,1,4,-1,6,1,5,-1,7,1,6,-1,8,9,10,-1,11,9,8,-1,12,9,11,-1,13,9,12,-1,14,9,13,-1,15,9,14,-1,2,9,15,-1,1,9,2,-1,16,17,18,-1,19,17,16,-1,20,17,19,-1,21,17,20,-1,22,17,21,-1,23,17,22,-1,18,24,1,-1,1,24,9,-1,17,24,18,-1,17,25,24,-1,25,26,24,-1,27,28,26,-1,29,28,27,-1,30,28,31,-1,24,28,30,-1,26,28,24,-1]
coord Coordinate { point [0.323721 2.32867 0.60996,0.35433 2.36687 0.606286,0.31496 2.32768 0.610054,0.332042 2.33157 0.609681,0.339507 2.33623 0.609232,0.345741 2.34244 0.608636,0.350431 2.34987 0.607921,0.353343 2.35815 0.607125,0.240119 2.34987 0.607921,0.23622 2.36687 0.606286,0.237207 2.35815 0.607125,0.244809 2.34244 0.608636,0.251043 2.33623 0.609232,0.258508 2.33157 0.609681,0.266829 2.32867 0.60996,0.27559 2.32768 0.610054,0.353343 2.62938 0.581046,0.31496 2.65985 0.578117,0.35433 2.62066 0.581885,0.350431 2.63766 0.58025,0.345741 2.64509 0.579536,0.339507 2.6513 0.578939,0.332042 2.65597 0.57849,0.323721 2.65887 0.578211,0.23622 2.62066 0.581885,0.27559 2.65985 0.578117,0.266829 2.65887 0.578211,0.258508 2.65597 0.57849,0.244809 2.64509 0.579536,0.251043 2.6513 0.578939,0.237207 2.62938 0.581046,0.240119 2.63766 0.58025]
}}
appearance Appearance{material Material{diffuseColor 1 1 1
transparency 0}}}
Shape { geometry IndexedFaceSet 
{ creaseAngle 0.50 coordIndex [0,1,2,-1,0,3,1,-1]
coord Coordinate { point [-2.69685 -2.95275 0.55118,-2.7559 -2.63779 0.55118,-2.7559 -2.95275 0.55118,-2.69685 -2.63779 0.55118]
}}
appearance Appearance{material Material{diffuseColor 1 1 1
transparency 0}}}
Shape { geometry IndexedFaceSet 
{ creaseAngle 0.50 coordIndex [0,1,2,-1,0,3,1,-1,4,2,5,-1,4,0,2,-1,6,5,7,-1,6,4,5,-1,8,7,9,-1,8,6,7,-1,10,9,11,-1,10,8,9,-1,12,13,14,-1,12,11,13,-1,12,10,11,-1,15,12,14,-1]
coord Coordinate { point [-2.7559 0.980952 0.0408506,-2.69685 0.994092 0.03937,-2.69684 0.980952 0.0408506,-2.7559 0.994092 0.03937,-2.7559 0.968469 0.0452183,-2.69684 0.968469 0.0452183,-2.7559 0.957272 0.0522539,-2.69684 0.957272 0.0522539,-2.7559 0.947921 0.0616048,-2.69684 0.947921 0.0616048,-2.7559 0.940886 0.072802,-2.69684 0.940886 0.072802,-2.7559 0.936518 0.085284,-2.69684 0.936518 0.085284,-2.69685 0.935037 0.098425,-2.7559 0.935037 0.098425]
}}
appearance Appearance{material Material{diffuseColor 1 1 1
transparency 0}}}
Shape { geometry IndexedFaceSet 
{ creaseAngle 0.50 coordIndex [0,1,2,-1,3,1,0,-1]
coord Coordinate { point [2.69685 0.541337 0.03937,2.7559 -2.29921 0.03937,2.69685 -2.29921 0.03937,2.7559 0.541337 0.03937]
}}
appearance Appearance{material Material{diffuseColor 1 1 1
transparency 0}}}
Shape { geometry IndexedFaceSet 
{ creaseAngle 0.50 coordIndex [0,1,2,-1,0,3,1,-1]
coord Coordinate { point [-0.023622 -1.39764 0.07874,-0.181102 -1.08255 0.07874,-0.181102 -1.39764 0.07874,-0.023622 -1.08255 0.07874]
}}
appearance Appearance{material Material{diffuseColor 1 0.807843 0.498039
transparency 0}}}
Shape { geometry IndexedFaceSet 
{ creaseAngle 0.50 coordIndex [0,1,2,-1,2,1,3,-1]
coord Coordinate { point [-1.49999 -0.137795 0.151574,-1.49999 -0.137795 0.210629,-1.49996 0.0393699 0.151574,-1.49997 0.0393699 0.210629]
}}
appearance Appearance{material Material{diffuseColor 0.792157 0.819608 0.933333
transparency 0}}}
Shape { geometry IndexedFaceSet 
{ creaseAngle 0.50 coordIndex [0,1,2,-1,3,0,2,-1,4,3,2,-1,5,4,2,-1,6,4,5,-1,7,4,6,-1,8,9,10,-1,8,11,9,-1,8,12,11,-1,13,7,6,-1,14,15,16,-1,14,16,7,-1,14,7,13,-1,17,18,15,-1,17,15,14,-1,19,20,18,-1,19,18,17,-1,21,10,20,-1,21,20,19,-1,22,10,21,-1,23,22,24,-1,25,22,23,-1,26,27,8,-1,26,8,10,-1,26,10,22,-1,26,22,25,-1,28,27,26,-1]
coord Coordinate { point [2.40379 -1.94787 0.686232,2.40869 -1.95494 0.68704,2.40051 -1.96879 0.6888,2.40051 -1.9398 0.68531,2.39909 -1.93132 0.68434,2.0483 -1.96879 0.6888,2.01173 -1.90689 0.681547,2.30414 -0.249917 0.492121,2.5 -0.0217801 0.46604,2.49331 -0.0435905 0.468533,2.48837 -0.0495284 0.469212,2.49697 -0.0368075 0.467758,2.49923 -0.0294422 0.466916,2.1053 -0.249917 0.492121,2.10489 -0.241683 0.491179,2.30669 -0.233717 0.490269,2.30455 -0.241683 0.491179,2.10275 -0.233717 0.490269,2.31046 -0.226373 0.489429,2.09898 -0.226373 0.489429,2.3157 -0.219978 0.488698,2.09374 -0.219978 0.488698,1.92107 -0.0495284 0.469212,1.91247 -0.0368075 0.467758,1.91613 -0.0435905 0.468533,1.91021 -0.0294422 0.466916,1.90944 -0.0217801 0.46604,2.5 0.257703 0.434089,1.90944 0.257703 0.434089]
}}
appearance Appearance{material Material{diffuseColor 1 1 1
transparency 0}}}
Shape { geometry IndexedFaceSet 
{ creaseAngle 0.50 coordIndex [0,1,2,-1,3,1,0,-1]
coord Coordinate { point [2.79527 -1.98819 0.279527,2.67716 -1.98819 0.216535,2.79527 -1.98819 0.216535,2.67716 -1.98819 0.413385]
}}
appearance Appearance{material Material{diffuseColor 0.411765 0.411765 0.411765
transparency 0}}}
Shape { geometry IndexedFaceSet 
{ creaseAngle 0.50 coordIndex [0,1,2,-1,3,0,2,-1,4,5,0,-1,4,0,3,-1,6,7,5,-1,6,5,4,-1,8,9,7,-1,8,7,6,-1,10,9,8,-1,11,9,10,-1,12,11,10,-1,13,12,14,-1,13,11,12,-1,15,14,16,-1,15,13,14,-1,17,15,16,-1,18,16,19,-1,18,17,16,-1]
coord Coordinate { point [-0.019685 2.95275 0.74803,-0.019685 0.74803 0.74803,-0.019685 0.74803 0.688975,-0.019685 2.95275 0.688975,-0.019685 2.96151 0.687988,-0.019685 2.97465 0.745562,-0.019685 2.96983 0.685076,-0.019685 2.99546 0.738283,-0.019685 2.9773 0.680386,-0.019685 3.01412 0.726557,-0.019685 2.98353 0.674152,-0.019685 3.0297 0.710972,-0.019685 2.98822 0.666687,-0.019685 3.04143 0.69231,-0.019685 2.99113 0.658366,-0.019685 3.04871 0.671507,-0.019685 2.99212 0.649605,-0.019685 3.05117 0.649605,-0.019685 3.05117 0.59055,-0.019685 2.99212 0.59055]
}}
appearance Appearance{material Material{diffuseColor 1 1 1
transparency 0}}}
Shape { geometry IndexedFaceSet 
{ creaseAngle 0.50 coordIndex [0,1,2,-1,2,1,3,-1,3,4,5,-1,1,4,3,-1,5,6,7,-1,4,6,5,-1,7,8,9,-1,6,8,7,-1,9,10,11,-1,8,10,9,-1,11,12,13,-1,10,12,11,-1,13,14,15,-1,12,14,13,-1]
coord Coordinate { point [1.41732 2.7559 0.74803,1.43046 2.75738 0.74803,1.41732 2.7559 0.688975,1.43046 2.75738 0.688975,1.44294 2.76175 0.74803,1.44294 2.76175 0.688975,1.45414 2.76878 0.74803,1.45414 2.76878 0.688975,1.46349 2.77813 0.74803,1.46349 2.77813 0.688975,1.47053 2.78933 0.74803,1.47053 2.78933 0.688975,1.47489 2.80181 0.74803,1.47489 2.80181 0.688975,1.47637 2.81495 0.74803,1.47637 2.81495 0.688975]
}}
appearance Appearance{material Material{diffuseColor 1 1 1
transparency 0}}}
Shape { geometry IndexedFaceSet 
{ creaseAngle 0.50 coordIndex [0,1,2,-1,0,2,3,-1,0,3,4,-1,0,4,5,-1,0,5,6,-1,7,6,8,-1,7,0,6,-1,9,8,10,-1,9,7,8,-1,11,9,10,-1,12,9,11,-1,13,14,9,-1,13,15,14,-1,13,16,15,-1,13,12,17,-1,13,9,12,-1]
coord Coordinate { point [-2.42422 -2.54596 0.007874,-2.43295 -2.57093 0.007874,-2.44702 -2.59332 0.007874,-2.46572 -2.61202 0.007874,-2.48812 -2.62609 0.007874,-2.51308 -2.63483 0.007874,-2.53937 -2.63779 0.007874,-2.42126 -2.51968 0.007874,-2.65748 -2.63779 0.007874,-2.42126 -2.24409 0.007874,-2.65748 -2.12598 0.007874,-2.53937 -2.12598 0.007874,-2.51308 -2.12894 0.007874,-2.46572 -2.15175 0.007874,-2.42422 -2.21781 0.007874,-2.43295 -2.19284 0.007874,-2.44702 -2.17045 0.007874,-2.48812 -2.13768 0.007874]
}}
appearance Appearance{material Material{diffuseColor 1 1 1
transparency 0}}}
Shape { geometry IndexedFaceSet 
{ creaseAngle 0.50 coordIndex [0,1,2,-1,0,3,1,-1,4,2,5,-1,4,0,2,-1,6,5,7,-1,6,4,5,-1,8,7,9,-1,8,6,7,-1,10,9,11,-1,10,8,9,-1,12,11,13,-1,12,10,11,-1]
coord Coordinate { point [-2.18504 2.74821 0.00321591,-1.7126 2.77558 -1.97051e-12,-1.7126 2.74821 0.00321591,-2.18504 2.77558 -1.97034e-12,-2.18504 2.72233 0.0126885,-1.7126 2.72233 0.0126885,-2.18504 2.69935 0.027902,-1.7126 2.69935 0.027902,-2.18504 2.68051 0.0480279,-1.7126 2.68051 0.0480279,-2.18504 2.66686 0.0719701,-1.7126 2.66686 0.0719701,-2.18504 2.65913 0.098425,-1.7126 2.65913 0.098425]
}}
appearance Appearance{material Material{diffuseColor 1 1 1
transparency 0}}}
Shape { geometry IndexedFaceSet 
{ creaseAngle 0.50 coordIndex [0,1,2,-1,0,3,1,-1,4,2,5,-1,4,0,2,-1,6,5,7,-1,6,4,5,-1,8,7,9,-1,8,6,7,-1,10,9,11,-1,10,8,9,-1,12,11,13,-1,12,10,11,-1,14,13,15,-1,14,12,13,-1]
coord Coordinate { point [-2.34645 -0.987461 0.0926979,-2.18897 -0.984214 0.113892,-2.18897 -0.987461 0.0926979,-2.34645 -0.984214 0.113892,-2.34645 -0.99522 0.07271,-2.18897 -0.99522 0.07271,-2.34645 -1.00712 0.0548765,-2.18897 -1.00712 0.0548765,-2.34645 -1.02261 0.0400438,-2.18897 -1.02261 0.0400438,-2.34645 -1.04093 0.0289157,-2.18897 -1.04093 0.0289157,-2.34645 -1.06123 0.0220204,-2.18897 -1.06123 0.0220204,-2.34645 -1.08255 0.019685,-2.18897 -1.08255 0.019685]
}}
appearance Appearance{material Material{diffuseColor 1 0.807843 0.498039
transparency 0}}}
Shape { geometry IndexedFaceSet 
{ creaseAngle 0.50 coordIndex [0,1,2,-1,3,1,0,-1]
coord Coordinate { point [-2.34252 -0.3937 0.151574,-2.18504 -0.55118 0.151574,-2.34252 -0.55118 0.151574,-2.18504 -0.3937 0.151574]
}}
appearance Appearance{material Material{diffuseColor 0.411765 0.411765 0.411765
transparency 0}}}
Shape { geometry IndexedFaceSet 
{ creaseAngle 0.50 coordIndex [0,1,2,-1,0,3,1,-1,4,5,6,-1,4,6,7,-1,8,9,10,-1,8,10,11,-1,12,9,8,-1,12,11,3,-1,12,8,11,-1,13,2,14,-1,13,0,2,-1,15,16,17,-1,15,18,16,-1,15,19,18,-1,15,7,19,-1,15,4,7,-1,20,14,5,-1,20,13,14,-1,21,22,9,-1,21,3,0,-1,21,9,12,-1,21,12,3,-1,23,22,21,-1,23,21,0,-1,23,0,13,-1,24,5,4,-1,24,20,5,-1,25,24,4,-1,25,15,17,-1,25,4,15,-1,26,22,23,-1,26,27,22,-1,26,23,13,-1,26,13,20,-1,28,25,17,-1,29,27,26,-1,29,20,24,-1,30,31,32,-1,29,26,20,-1,33,28,17,-1,34,10,35,-1,36,17,37,-1,36,33,17,-1,38,39,27,-1,40,35,41,-1,38,24,25,-1,40,34,35,-1,38,27,29,-1,38,29,24,-1,42,25,28,-1,42,39,38,-1,42,38,25,-1,43,10,34,-1,44,28,33,-1,1,34,40,-1,44,39,42,-1,44,42,28,-1,45,46,39,-1,1,43,34,-1,45,33,36,-1,45,44,33,-1,45,39,44,-1,47,40,41,-1,48,41,49,-1,50,36,37,-1,50,46,45,-1,50,45,36,-1,51,37,52,-1,48,47,41,-1,51,46,50,-1,51,50,37,-1,53,31,46,-1,2,40,47,-1,53,51,52,-1,53,46,51,-1,2,1,40,-1,54,52,32,-1,54,31,53,-1,54,32,31,-1,54,53,52,-1,6,48,49,-1,14,47,48,-1,14,2,47,-1,11,10,43,-1,3,11,43,-1,3,43,1,-1,7,49,55,-1,7,6,49,-1,5,48,6,-1,5,14,48,-1,19,55,18,-1,19,7,55,-1]
coord Coordinate { point [-2.32852 1.60881 0.488264,-2.32978 1.60706 0.479828,-2.3322 1.6034 0.484776,-2.32764 1.61021 0.481856,-2.33403 1.59621 0.492906,-2.33378 1.59848 0.490512,-2.33533 1.59511 0.486347,-2.33577 1.59242 0.488232,-2.3255 1.61251 0.480991,-2.32443 1.61365 0.481808,-2.32513 1.61097 0.473438,-2.3274 1.61038 0.480789,-2.32547 1.61265 0.482087,-2.32862 1.6082 0.490382,-2.3328 1.60206 0.486428,-2.33396 1.59306 0.495998,-2.33363 1.59093 0.497929,-2.32913 1.594 0.505407,-2.33589 1.58813 0.491103,-2.33593 1.58876 0.490697,-2.32844 1.60634 0.495575,-2.32479 1.613 0.488661,-2.32237 1.61491 0.490288,-2.3244 1.61295 0.490832,-2.32803 1.60503 0.498588,-2.32715 1.60306 0.502442,-2.32303 1.61242 0.496151,-2.31906 1.61467 0.498453,-2.32638 1.60165 0.504843,-2.32196 1.61185 0.499235,-2.29729 1.60016 0.520428,-2.30349 1.60552 0.517163,-2.30647 1.59974 0.519398,-2.3259 1.60087 0.506063,-2.32982 1.60643 0.477549,-2.33003 1.60545 0.475702,-2.32502 1.59952 0.508014,-2.32286 1.59658 0.511697,-2.32027 1.6108 0.503175,-2.31465 1.61296 0.505893,-2.3304 1.60571 0.47816,-2.33367 1.59916 0.478286,-2.31901 1.60994 0.505628,-2.32928 1.60762 0.479011,-2.31829 1.60943 0.506874,-2.31704 1.6085 0.508865,-2.30937 1.60986 0.512236,-2.33327 1.60107 0.481908,-2.334 1.59942 0.483175,-2.33591 1.59232 0.481089,-2.31421 1.60631 0.512621,-2.31357 1.60578 0.513366,-2.31515 1.59852 0.516428,-2.31064 1.60336 0.516295,-2.30803 1.60111 0.518386,-2.33666 1.58522 0.484004]
}}
appearance Appearance{material Material{diffuseColor 1 0.807843 0.498039
transparency 0}}}
Shape { geometry IndexedFaceSet 
{ creaseAngle 0.50 coordIndex [0,1,2,-1,3,1,0,-1,4,1,3,-1,5,1,4,-1,6,1,5,-1,7,1,6,-1,7,8,1,-1,8,9,10,-1,8,11,9,-1,8,12,11,-1,8,13,12,-1,8,14,13,-1,7,15,8,-1,8,15,14,-1,16,17,18,-1,17,19,18,-1,19,20,18,-1,20,21,18,-1,21,22,18,-1,22,23,18,-1,18,24,7,-1,7,24,15,-1,23,24,18,-1,23,25,24,-1,25,26,24,-1,24,27,28,-1,29,30,26,-1,27,30,31,-1,26,30,24,-1,24,30,27,-1]
coord Coordinate { point [-2.71653 -2.29925 0.556451,-2.71653 -2.30315 0.539369,-2.71653 -2.30216 0.54813,-2.71653 -2.29456 0.563916,-2.71653 -2.28832 0.57015,-2.71653 -2.28086 0.57484,-2.71653 -2.27254 0.577752,-2.71653 -2.26378 0.578739,-2.71653 -2.30315 0.413385,-2.71653 -2.29925 0.396303,-2.71653 -2.30216 0.404624,-2.71653 -2.29456 0.388838,-2.71653 -2.28832 0.382604,-2.71653 -2.28086 0.377914,-2.71653 -2.27254 0.375002,-2.71653 -2.26378 0.374015,-2.71653 -1.38887 0.577752,-2.71653 -1.38055 0.57484,-2.71653 -1.39764 0.578739,-2.71653 -1.37309 0.57015,-2.71653 -1.36685 0.563916,-2.71653 -1.36216 0.556451,-2.71653 -1.35925 0.54813,-2.71653 -1.35827 0.539369,-2.71653 -1.39764 0.374015,-2.71653 -1.35827 0.413385,-2.71653 -1.35925 0.404624,-2.71653 -1.38055 0.377914,-2.71653 -1.38887 0.375002,-2.71653 -1.36216 0.396303,-2.71653 -1.36685 0.388838,-2.71653 -1.37309 0.382604]
}}
appearance Appearance{material Material{diffuseColor 1 1 1
transparency 0}}}
Shape { geometry IndexedFaceSet 
{ creaseAngle 0.50 coordIndex [0,1,2,-1,3,1,0,-1,4,5,6,-1,6,5,7,-1,8,9,10,-1,11,9,8,-1,2,12,13,-1,1,12,2,-1,14,15,4,-1,4,15,5,-1,12,16,13,-1,14,16,15,-1,13,16,14,-1,17,18,19,-1,18,20,19,-1,21,22,23,-1,24,25,21,-1,21,25,22,-1,23,26,27,-1,22,26,23,-1,28,29,24,-1,24,29,25,-1,27,30,31,-1,26,30,27,-1,17,32,28,-1,28,32,29,-1,33,34,11,-1,11,34,9,-1,31,3,0,-1,30,3,31,-1,17,19,32,-1,6,7,35,-1,35,7,33,-1,33,7,34,-1]
coord Coordinate { point [-0.181102 -1.04321 0.116423,-0.181102 -0.987461 0.0926979,-0.181102 -1.04451 0.107945,-0.181102 -0.984214 0.113892,-0.181102 -1.05857 0.0868835,-0.181102 -1.04093 0.0289157,-0.181102 -1.0659 0.0824323,-0.181102 -1.06123 0.0220204,-0.181102 -1.41732 0.059055,-0.181102 -1.39764 0.019685,-0.181102 -1.41732 0.03937,-0.181102 -1.39764 0.07874,-0.181102 -0.99522 0.07271,-0.181102 -1.04762 0.09995,-0.181102 -1.05238 0.0928166,-0.181102 -1.02261 0.0400438,-0.181102 -1.00712 0.0548765,-0.181102 -0.94488 0.210629,-0.181102 -0.807085 0.210629,-0.181102 -0.94488 0.151574,-0.181102 -0.807085 0.151574,-0.181102 -1.00482 0.190271,-0.181102 -0.97505 0.137498,-0.181102 -1.02031 0.175438,-0.181102 -0.986496 0.201399,-0.181102 -0.968857 0.143431,-0.181102 -0.979812 0.130365,-0.181102 -1.03221 0.157605,-0.181102 -0.966194 0.208294,-0.181102 -0.961526 0.147882,-0.181102 -0.982915 0.122369,-0.181102 -1.03997 0.137617,-0.181102 -0.953405 0.15064,-0.181102 -1.08255 0.07874,-0.181102 -1.08255 0.019685,-0.181102 -1.07402 0.0796742]
}}
appearance Appearance{material Material{diffuseColor 1 0.807843 0.498039
transparency 0}}}
Shape { geometry IndexedFaceSet 
{ creaseAngle 0.50 coordIndex [0,1,2,-1,3,2,4,-1,3,0,2,-1,5,4,6,-1,5,3,4,-1,7,6,8,-1,7,5,6,-1,9,8,10,-1,9,7,8,-1,11,10,12,-1,11,9,10,-1,13,12,14,-1,13,11,12,-1,15,13,14,-1]
coord Coordinate { point [-1.0003 0.857113 0.379074,-0.998082 0.917989 0.393739,-1.00577 0.918255 0.393001,-1.00802 0.857393 0.378333,-1.01315 0.918868 0.390822,-1.01544 0.858012 0.376135,-1.02124 0.920025 0.38646,-1.02355 0.859153 0.371729,-1.02804 0.921597 0.380373,-1.03037 0.860667 0.365576,-1.03315 0.923506 0.372888,-1.03547 0.862461 0.358004,-1.03636 0.925642 0.364458,-1.03864 0.864416 0.349473,-1.03745 0.927896 0.355543,-1.03986 0.866418 0.340446]
}}
appearance Appearance{material Material{diffuseColor 1 0.807843 0.498039
transparency 0}}}
Shape { geometry IndexedFaceSet 
{ creaseAngle 0.50 coordIndex [0,1,2,-1,0,3,1,-1]
coord Coordinate { point [1.9685 -2.32283 0.019685,1.9685 -3.03149 0.098425,1.9685 -3.03149 0.019685,1.9685 -2.32283 0.098425]
}}
appearance Appearance{material Material{diffuseColor 0.411765 0.411765 0.411765
transparency 0}}}
Shape { geometry IndexedFaceSet 
{ creaseAngle 0.50 coordIndex [0,1,2,-1,3,0,2,-1,4,0,3,-1,5,4,3,-1]
coord Coordinate { point [-0.00681946 0.19648 0.219936,-0.00397025 0.11811 0.210629,-0.00396751 0.11811 0.151574,-0.00732226 0.21031 0.162523,-0.0199912 0.558782 0.30721,-0.0202562 0.572603 0.249796]
}}
appearance Appearance{material Material{diffuseColor 1 0.807843 0.498039
transparency 0}}}
Shape { geometry IndexedFaceSet 
{ creaseAngle 0.50 coordIndex [0,1,2,-1,2,1,3,-1,3,4,5,-1,1,4,3,-1,5,6,7,-1,4,6,5,-1,7,8,9,-1,6,8,7,-1,9,10,11,-1,8,10,9,-1,11,12,13,-1,10,12,11,-1,13,14,15,-1,12,14,13,-1]
coord Coordinate { point [2.69685 -2.06693 0.452755,2.69685 -2.06544 0.465896,2.7559 -2.06693 0.452755,2.7559 -2.06544 0.465896,2.69685 -2.06108 0.478378,2.7559 -2.06108 0.478378,2.69685 -2.05404 0.489575,2.7559 -2.05404 0.489575,2.69685 -2.04469 0.498926,2.7559 -2.04469 0.498926,2.69685 -2.03349 0.505962,2.7559 -2.03349 0.505962,2.69685 -2.02101 0.510329,2.7559 -2.02101 0.510329,2.69685 -2.00787 0.51181,2.7559 -2.00787 0.51181]
}}
appearance Appearance{material Material{diffuseColor 1 1 1
transparency 0}}}
Shape { geometry IndexedFaceSet 
{ creaseAngle 0.50 coordIndex [0,1,2,-1,3,0,2,-1,4,5,6,-1,7,8,9,-1,7,9,10,-1,7,10,11,-1,7,11,12,-1,7,12,13,-1,7,13,4,-1,7,4,6,-1,14,6,0,-1,14,0,3,-1,14,7,6,-1]
coord Coordinate { point [-1.8407 2.71653 0.533115,-1.83988 2.71653 0.539369,-1.6437 2.71653 0.539369,-1.6437 2.71653 0.263779,-2.1063 2.71653 0.539369,-2.05775 2.71653 0.539369,-2.05693 2.71653 0.533115,-2.18504 2.71653 0.460629,-2.18306 2.71653 0.47815,-2.17724 2.71653 0.494793,-2.16786 2.71653 0.509723,-2.15539 2.71653 0.52219,-2.14046 2.71653 0.531571,-2.12382 2.71653 0.537395,-2.18504 2.71653 0.263779]
}}
appearance Appearance{material Material{diffuseColor 1 1 1
transparency 0}}}
Shape { geometry IndexedFaceSet 
{ creaseAngle 0.50 coordIndex [0,1,2,-1,3,1,0,-1]
coord Coordinate { point [-1.9685 2.6542 0.519333,-1.92913 2.65608 0.538928,-1.92913 2.6542 0.519333,-1.9685 2.65608 0.538928]
}}
appearance Appearance{material Material{diffuseColor 0.792157 0.819608 0.933333
transparency 0}}}
Shape { geometry IndexedFaceSet 
{ creaseAngle 0.50 coordIndex [0,1,2,-1,3,0,2,-1]
coord Coordinate { point [1.25984 2.65747 0.11811,1.25984 2.10629 0.11811,1.25984 2.10629 0.019685,1.25984 2.65747 0.019685]
}}
appearance Appearance{material Material{diffuseColor 0.411765 0.411765 0.411765
transparency 0}}}
Shape { geometry IndexedFaceSet 
{ creaseAngle 0.50 coordIndex [0,1,2,-1,0,2,3,-1,4,3,5,-1,4,0,3,-1,6,5,7,-1,6,4,5,-1,8,7,9,-1,8,6,7,-1,10,9,11,-1,10,8,9,-1,12,11,13,-1,12,10,11,-1,14,13,15,-1,14,12,13,-1]
coord Coordinate { point [-1.00684 1.52356 0.550788,-0.998082 1.52394 0.551701,-0.998082 1.60016 0.520428,-1.00726 1.59974 0.519398,-1.01516 1.52246 0.548094,-1.01594 1.59852 0.516428,-1.02263 1.52068 0.543755,-1.02365 1.59658 0.511697,-1.02886 1.51831 0.537987,-1.02992 1.594 0.505407,-1.03355 1.51548 0.531081,-1.03442 1.59093 0.497929,-1.03647 1.51232 0.523382,-1.03668 1.58813 0.491103,-1.03745 1.50899 0.515277,-1.03745 1.58522 0.484004]
}}
appearance Appearance{material Material{diffuseColor 0.792157 0.819608 0.933333
transparency 0}}}
Shape { geometry IndexedFaceSet 
{ creaseAngle 0.50 coordIndex [0,1,2,-1,0,3,1,-1,4,2,5,-1,4,0,2,-1,6,5,7,-1,6,4,5,-1,8,7,9,-1,8,6,7,-1,10,9,11,-1,10,8,9,-1,12,13,14,-1,12,11,13,-1,12,10,11,-1,15,12,14,-1]
coord Coordinate { point [-2.49802 2.99212 0.435234,-2.5 3.05117 0.452755,-2.49802 3.05118 0.435234,-2.5 2.99212 0.452755,-2.4922 2.99212 0.418591,-2.4922 3.05118 0.418591,-2.48282 2.99212 0.403661,-2.48282 3.05118 0.403661,-2.47035 2.99212 0.391194,-2.47035 3.05118 0.391194,-2.45542 2.99212 0.381813,-2.45542 3.05118 0.381813,-2.43878 2.99212 0.375989,-2.43878 3.05118 0.375989,-2.42125 3.05117 0.374015,-2.42125 2.99212 0.374015]
}}
appearance Appearance{material Material{diffuseColor 1 1 1
transparency 0}}}
Shape { geometry IndexedFaceSet 
{ creaseAngle 0.50 coordIndex [0,1,2,-1,0,3,1,-1,4,0,2,-1]
coord Coordinate { point [-0.897149 0.866419 0.340446,-0.886131 0.558782 0.30721,-0.886396 0.572603 0.249796,-0.896977 0.857113 0.379074,-0.897245 0.870939 0.321662]
}}
appearance Appearance{material Material{diffuseColor 1 0.807843 0.498039
transparency 0}}}
Shape { geometry IndexedFaceSet 
{ creaseAngle 0.50 coordIndex [0,1,2,-1,0,2,3,-1]
coord Coordinate { point [-0.633824 0.0393699 0.151574,-0.630466 0.13157 0.162523,-0.440398 0.13157 0.162523,-0.437038 0.03937 0.151574]
}}
appearance Appearance{material Material{diffuseColor 1 0.807843 0.498039
transparency 0}}}
Shape { geometry IndexedFaceSet 
{ creaseAngle 0.50 coordIndex [0,1,2,-1,0,3,1,-1,4,2,5,-1,4,0,2,-1,6,5,7,-1,6,4,5,-1,8,7,9,-1,8,6,7,-1,10,9,11,-1,10,8,9,-1,12,11,13,-1,12,10,11,-1,14,13,15,-1,14,12,13,-1]
coord Coordinate { point [-2.69684 0.554478 0.0408506,-2.7559 0.541337 0.03937,-2.7559 0.554478 0.0408506,-2.69685 0.541337 0.03937,-2.69684 0.566961 0.0452183,-2.7559 0.566961 0.0452183,-2.69684 0.578158 0.0522539,-2.7559 0.578158 0.0522539,-2.69684 0.587509 0.0616048,-2.7559 0.587509 0.0616048,-2.69684 0.594544 0.072802,-2.7559 0.594544 0.072802,-2.69684 0.598912 0.085284,-2.7559 0.598912 0.085284,-2.69685 0.600392 0.098425,-2.7559 0.600392 0.098425]
}}
appearance Appearance{material Material{diffuseColor 1 1 1
transparency 0}}}
Shape { geometry IndexedFaceSet 
{ creaseAngle 0.50 coordIndex [0,1,2,-1,3,0,2,-1]
coord Coordinate { point [-2.00787 2.62254 0.60148,-2.00787 2.36876 0.625881,-2.00787 2.36687 0.606286,-2.00787 2.62066 0.581885]
}}
appearance Appearance{material Material{diffuseColor 1 1 1
transparency 0}}}
Shape { geometry IndexedFaceSet 
{ creaseAngle 0.50 coordIndex [0,1,2,-1,3,4,5,-1,4,2,5,-1,5,2,1,-1]
coord Coordinate { point [2.57874 -1.85039 0.688975,2.57873 -0.15748 0.688975,2.57874 -1.85039 0.11811,2.57874 2.73621 0.688975,2.57874 2.73621 0.11811,2.57874 0.59055 0.688975]
}}
appearance Appearance{material Material{diffuseColor 1 1 1
transparency 0}}}
Shape { geometry IndexedFaceSet 
{ creaseAngle 0.50 coordIndex [0,1,2,-1,3,1,0,-1]
coord Coordinate { point [-1.92913 2.65985 0.578117,-1.9685 2.66173 0.597711,-1.9685 2.65985 0.578117,-1.92913 2.66173 0.597711]
}}
appearance Appearance{material Material{diffuseColor 1 1 1
transparency 0}}}
Shape { geometry IndexedFaceSet 
{ creaseAngle 0.50 coordIndex [0,1,2,-1,1,3,2,-1]
coord Coordinate { point [-0.439895 0.11774 0.219936,-0.630969 0.11774 0.219936,-0.43704 0.03937 0.210629,-0.633826 0.0393699 0.210629]
}}
appearance Appearance{material Material{diffuseColor 1 0.807843 0.498039
transparency 0}}}
Shape { geometry IndexedFaceSet 
{ creaseAngle 0.50 coordIndex [0,1,2,-1,0,3,1,-1,4,2,5,-1,4,0,2,-1,6,5,7,-1,6,4,5,-1,8,7,9,-1,8,6,7,-1,10,9,11,-1,10,8,9,-1,12,11,13,-1,12,10,11,-1,14,13,15,-1,14,12,13,-1]
coord Coordinate { point [-0.931248 1.59987 0.519709,-0.938922 1.52394 0.551701,-0.930161 1.52356 0.550788,-0.938922 1.60016 0.520428,-0.92387 1.59901 0.517622,-0.92184 1.52246 0.548094,-0.915787 1.5973 0.513458,-0.914375 1.52068 0.543755,-0.908989 1.59492 0.507658,-0.908141 1.51831 0.537987,-0.903875 1.592 0.500527,-0.903451 1.51548 0.531081,-0.900665 1.5887 0.492498,-0.900539 1.51232 0.523382,-0.899552 1.58522 0.484004,-0.899552 1.50899 0.515277]
}}
appearance Appearance{material Material{diffuseColor 1 0.807843 0.498039
transparency 0}}}
Shape { geometry IndexedFaceSet 
{ creaseAngle 0.50 coordIndex [0,1,2,-1,0,2,3,-1]
coord Coordinate { point [-2.73622 -2.30315 0.413385,-2.73622 -2.30315 0.539369,-2.71653 -2.30315 0.539369,-2.71653 -2.30315 0.413385]
}}
appearance Appearance{material Material{diffuseColor 1 1 1
transparency 0}}}
Shape { geometry IndexedFaceSet 
{ creaseAngle 0.50 coordIndex [0,1,2,-1,3,4,5,-1,3,6,7,-1,8,9,10,-1,8,10,11,-1,3,5,12,-1,3,12,6,-1,13,14,15,-1,16,17,18,-1,13,15,19,-1,16,18,20,-1,13,21,14,-1,13,4,3,-1,13,7,21,-1,16,22,17,-1,13,3,7,-1,13,19,4,-1,23,0,24,-1,25,26,27,-1,23,24,28,-1,29,8,11,-1,29,11,1,-1,30,23,28,-1,30,28,22,-1,31,1,0,-1,31,29,1,-1,32,33,9,-1,32,9,8,-1,34,20,35,-1,34,16,20,-1,34,22,16,-1,34,30,22,-1,36,0,23,-1,36,31,0,-1,37,8,29,-1,37,32,8,-1,38,23,30,-1,38,36,23,-1,39,37,29,-1,39,29,31,-1,40,41,33,-1,40,33,32,-1,42,30,34,-1,42,38,30,-1,42,35,43,-1,42,34,35,-1,44,31,36,-1,44,39,31,-1,45,32,37,-1,45,40,32,-1,46,44,36,-1,46,36,38,-1,47,45,37,-1,47,37,39,-1,48,4,19,-1,49,27,50,-1,51,41,40,-1,49,52,25,-1,51,53,54,-1,49,25,27,-1,51,54,55,-1,51,55,41,-1,2,50,56,-1,57,46,38,-1,57,43,58,-1,57,42,43,-1,2,49,50,-1,57,38,42,-1,24,56,59,-1,6,39,44,-1,6,47,39,-1,24,2,56,-1,60,40,45,-1,60,61,53,-1,11,10,52,-1,60,51,40,-1,11,52,49,-1,60,53,51,-1,28,59,62,-1,7,6,44,-1,7,44,46,-1,28,24,59,-1,63,61,60,-1,63,64,61,-1,63,45,47,-1,1,11,49,-1,63,60,45,-1,1,49,2,-1,21,58,14,-1,22,62,17,-1,21,46,57,-1,21,57,58,-1,22,28,62,-1,21,7,46,-1,12,5,64,-1,12,64,63,-1,0,2,24,-1,12,63,47,-1,12,47,6,-1]
coord Coordinate { point [-2.74838 -2.30235 0.559646,-2.74448 -2.30023 0.558534,-2.74448 -2.30372 0.549421,-2.75407 -2.2744 0.589011,-2.75541 -2.26377 0.594043,-2.75395 -2.26377 0.589883,-2.75167 -2.28298 0.582116,-2.75407 -2.28458 0.585677,-2.74031 -2.29408 0.565172,-2.73621 -2.28832 0.57015,-2.73621 -2.29456 0.563916,-2.74031 -2.29901 0.557888,-2.75167 -2.27358 0.585194,-2.75547 -2.27527 0.593095,-2.7559 -2.28797 0.593238,-2.7559 -2.27613 0.597116,-2.75547 -2.31706 0.552778,-2.75541 -2.31845 0.539369,-2.7559 -2.32283 0.539369,-2.7559 -2.26987 0.598108,-2.7559 -2.32104 0.553781,-2.75547 -2.28629 0.589488,-2.75407 -2.31301 0.551758,-2.75167 -2.30526 0.561173,-2.74838 -2.30604 0.550005,-2.73621 -2.30216 0.54813,-2.73622 -2.30315 0.539369,-2.7406 -2.30364 0.539369,-2.75167 -2.30922 0.550806,-2.74448 -2.29514 0.566073,-2.75407 -2.30871 0.562989,-2.74838 -2.29696 0.567623,-2.74031 -2.28761 0.571245,-2.73621 -2.28086 0.57484,-2.75547 -2.31241 0.564932,-2.7559 -2.31605 0.566845,-2.75167 -2.29945 0.56975,-2.74448 -2.28844 0.572357,-2.75407 -2.30243 0.572281,-2.74838 -2.28987 0.574272,-2.74031 -2.28008 0.575676,-2.73621 -2.27254 0.577752,-2.75547 -2.30561 0.574989,-2.7559 -2.30874 0.577654,-2.75167 -2.29184 0.576899,-2.74448 -2.28065 0.576942,-2.75407 -2.29418 0.580025,-2.74838 -2.28163 0.579124,-2.7559 -2.26378 0.598424,-2.74031 -2.30237 0.549083,-2.74476 -2.30509 0.539369,-2.74031 -2.2721 0.578289,-2.73621 -2.29925 0.556451,-2.74476 -2.26377 0.580688,-2.7406 -2.26377 0.579233,-2.73622 -2.26378 0.578739,-2.74849 -2.30744 0.539369,-2.75547 -2.29668 0.583371,-2.7559 -2.29914 0.586664,-2.75161 -2.31056 0.539369,-2.74448 -2.27239 0.579647,-2.74849 -2.26377 0.583034,-2.75395 -2.31429 0.539369,-2.74838 -2.27289 0.581986,-2.75161 -2.26377 0.58615]
}}
appearance Appearance{material Material{diffuseColor 1 1 1
transparency 0}}}
Shape { geometry IndexedFaceSet 
{ creaseAngle 0.50 coordIndex [0,1,2,-1,3,1,4,-1,3,5,1,-1,1,5,2,-1]
coord Coordinate { point [0.468503 -0.137795 0.120078,0.468503 1.8307 0.120078,0.468503 -0.137795 0.019685,0.468503 1.87007 0.263779,0.468503 1.8307 0.263779,0.468503 1.87007 0.019685]
}}
appearance Appearance{material Material{diffuseColor 0.411765 0.411765 0.411765
transparency 0}}}
Shape { geometry IndexedFaceSet 
{ creaseAngle 0.50 coordIndex [0,1,2,-1,0,3,1,-1,4,5,6,-1,2,4,0,-1,0,4,6,-1]
coord Coordinate { point [1.98819 -2.71653 0.688975,1.98819 -3.03149 0.767715,1.98819 -3.03149 0.683733,1.98819 -2.71653 0.767715,1.98819 -2.24409 0.683733,1.98819 -2.24409 0.688975,1.98819 -2.66445 0.688975]
}}
appearance Appearance{material Material{diffuseColor 0.411765 0.411765 0.411765
transparency 0}}}
Shape { geometry IndexedFaceSet 
{ creaseAngle 0.50 coordIndex [0,1,2,-1,0,2,3,-1,4,5,6,-1,6,5,7,-1,7,5,8,-1,8,5,9,-1,10,5,11,-1,12,5,10,-1,13,10,0,-1,13,12,10,-1,9,5,12,-1,3,13,0,-1,8,9,3,-1,2,8,3,-1,14,7,15,-1,16,15,7,-1,17,7,14,-1,18,7,19,-1,18,16,7,-1,20,7,17,-1,21,18,19,-1,22,7,20,-1,23,7,22,-1,1,19,2,-1,1,21,19,-1,6,23,24,-1,6,24,25,-1,6,25,26,-1,6,26,27,-1,6,27,28,-1,6,28,29,-1,6,7,23,-1,30,29,31,-1,30,31,32,-1,30,6,29,-1,33,30,32,-1,4,6,34,-1,35,33,32,-1,35,4,34,-1,35,34,33,-1]
coord Coordinate { point [2.67716 -2.32283 0.019685,2.67716 0.62992 0.019685,2.67716 -0.413385 0.216535,2.67716 -1.51575 0.216535,2.67716 2.95275 0.62992,2.67716 -2.44094 0.62992,2.67716 1.55511 0.413385,2.67716 0.059055 0.413385,2.67716 -0.413385 0.413385,2.67716 -1.51575 0.413385,2.67716 -2.32283 0.098425,2.67716 -2.44094 0.098425,2.67716 -1.98819 0.413385,2.67716 -1.98819 0.216535,2.67716 0.652155 0.290265,2.67716 0.642804 0.280914,2.67716 0.635768 0.269717,2.67716 0.663352 0.297301,2.67716 0.631401 0.257235,2.67716 0.059055 0.216535,2.67716 0.675834 0.301668,2.67716 0.62992 0.244094,2.67716 0.688975 0.303149,2.67716 0.846455 0.303149,2.67716 0.859596 0.301668,2.67716 0.872078 0.297301,2.67716 0.883275 0.290265,2.67716 0.892626 0.280914,2.67716 0.899662 0.269717,2.67716 0.904029 0.257235,2.67716 1.55511 0.216535,2.67716 0.90551 0.244094,2.67716 0.90551 0.019685,2.67716 2.02755 0.216535,2.67716 2.02755 0.413385,2.67716 2.95275 0.019685]
}}
appearance Appearance{material Material{diffuseColor 0.411765 0.411765 0.411765
transparency 0}}}
Shape { geometry IndexedFaceSet 
{ creaseAngle 0.50 coordIndex [0,1,2,-1,0,2,3,-1,4,5,6,-1,4,6,7,-1,4,8,5,-1,9,3,10,-1,9,0,3,-1,11,12,8,-1,11,8,4,-1,13,10,14,-1,13,9,10,-1,15,16,12,-1,15,12,11,-1,17,18,16,-1,17,16,15,-1,19,14,18,-1,19,13,14,-1,19,18,17,-1]
coord Coordinate { point [-2.7559 -2.12598 0.106299,-2.7559 -2.12598 0.177165,-2.69685 -2.12598 0.177165,-2.69685 -2.12598 0.106299,-2.65748 -2.12598 0.007874,-2.65748 -2.12598 0.066929,-2.53937 -2.12598 0.066929,-2.53937 -2.12598 0.007874,-2.66498 -2.12598 0.0676523,-2.75343 -2.12598 0.0843974,-2.6958 -2.12598 0.0973198,-2.67938 -2.12598 0.0103417,-2.67228 -2.12598 0.0698156,-2.74615 -2.12598 0.063594,-2.69269 -2.12598 0.0886927,-2.70018 -2.12598 0.0176211,-2.68043 -2.12598 0.0743117,-2.71884 -2.12598 0.0293472,-2.6875 -2.12598 0.0808358,-2.73443 -2.12598 0.044932]
}}
appearance Appearance{material Material{diffuseColor 1 1 1
transparency 0}}}
Shape { geometry IndexedFaceSet 
{ creaseAngle 0.50 coordIndex [0,1,2,-1,3,0,2,-1]
coord Coordinate { point [-2.34252 -0.55118 0.263779,-2.18504 -0.55118 0.263779,-2.18504 -0.55118 0.210629,-2.34252 -0.55118 0.210629]
}}
appearance Appearance{material Material{diffuseColor 1 0.807843 0.498039
transparency 0}}}
Shape { geometry IndexedFaceSet 
{ creaseAngle 0.50 coordIndex [0,1,2,-1,0,3,1,-1,4,2,5,-1,4,0,2,-1,6,5,7,-1,6,4,5,-1,8,7,9,-1,8,6,7,-1,10,9,11,-1,10,8,9,-1,12,11,13,-1,12,10,11,-1,14,13,15,-1,14,12,13,-1]
coord Coordinate { point [0.685038 -0.987461 0.0926979,0.842518 -0.984214 0.113892,0.842518 -0.987461 0.0926979,0.685038 -0.984214 0.113892,0.685038 -0.99522 0.07271,0.842518 -0.99522 0.07271,0.685038 -1.00712 0.0548765,0.842518 -1.00712 0.0548765,0.685038 -1.02261 0.0400438,0.842518 -1.02261 0.0400438,0.685038 -1.04093 0.0289157,0.842518 -1.04093 0.0289157,0.685038 -1.06123 0.0220204,0.842518 -1.06123 0.0220204,0.685038 -1.08255 0.019685,0.842518 -1.08255 0.019685]
}}
appearance Appearance{material Material{diffuseColor 1 0.807843 0.498039
transparency 0}}}
Shape { geometry IndexedFaceSet 
{ creaseAngle 0.50 coordIndex [0,1,2,-1,1,3,2,-1,1,4,3,-1]
coord Coordinate { point [2.27649 -2.12598 0.386732,2.28346 -2.12598 0.386732,2.27891 -2.12375 0.386732,2.28123 -2.12143 0.386732,2.28346 -2.11901 0.386732]
}}
appearance Appearance{material Material{diffuseColor 0.792157 0.819608 0.933333
transparency 0}}}
Shape { geometry IndexedFaceSet 
{ creaseAngle 0.50 coordIndex [0,1,2,-1,1,3,2,-1]
coord Coordinate { point [-2.12992 -0.137795 0.120078,-2.12992 1.75196 0.120078,-2.12992 -0.137795 0.019685,-2.12992 1.75196 0.019685]
}}
appearance Appearance{material Material{diffuseColor 0.411765 0.411765 0.411765
transparency 0}}}
Shape { geometry IndexedFaceSet 
{ creaseAngle 0.50 coordIndex [0,1,2,-1,3,1,0,-1]
coord Coordinate { point [2.32283 -2.46063 0.688975,2.32283 -2.41732 0.74803,2.32283 -2.46063 0.74803,2.32283 -2.41732 0.688975]
}}
appearance Appearance{material Material{diffuseColor 1 1 1
transparency 0}}}
Shape { geometry IndexedFaceSet 
{ creaseAngle 0.50 coordIndex [0,1,2,-1,0,2,3,-1]
coord Coordinate { point [1.14173 -1.39764 0.11811,1.14173 -1.39764 0.263779,1.35826 -1.61417 0.263779,1.35826 -1.61417 0.11811]
}}
appearance Appearance{material Material{diffuseColor 0.411765 0.411765 0.411765
transparency 0}}}
Shape { geometry IndexedFaceSet 
{ creaseAngle 0.50 coordIndex [0,1,2,-1,3,1,0,-1]
coord Coordinate { point [-0.452755 -0.55118 0.151574,-0.452755 -0.3937 0.019685,-0.452755 -0.55118 0.019685,-0.452755 -0.3937 0.151574]
}}
appearance Appearance{material Material{diffuseColor 0.411765 0.411765 0.411765
transparency 0}}}
Shape { geometry IndexedFaceSet 
{ creaseAngle 0.50 coordIndex [0,1,2,-1,3,0,2,-1,4,5,6,-1,7,6,0,-1,7,0,3,-1,7,4,6,-1,8,3,9,-1,8,7,3,-1,10,9,11,-1,10,8,9,-1,12,11,13,-1,12,10,11,-1,14,13,15,-1,14,12,13,-1,16,15,17,-1,16,14,15,-1]
coord Coordinate { point [0.734198 1.23489 0.471992,0.734198 1.24514 0.476845,0.725437 1.2456 0.475971,0.717116 1.24695 0.473392,0.725437 1.2136 0.463933,0.734198 1.21337 0.464892,0.734198 1.22428 0.467999,0.717116 1.21428 0.461102,0.709651 1.21538 0.456542,0.709651 1.24913 0.469239,0.703417 1.21684 0.450481,0.703417 1.25203 0.46372,0.698727 1.21859 0.443224,0.698727 1.2555 0.45711,0.695815 1.22054 0.435134,0.695815 1.25936 0.449742,0.694828 1.22259 0.426617,0.694828 1.26343 0.441985]
}}
appearance Appearance{material Material{diffuseColor 1 0.807843 0.498039
transparency 0}}}
Shape { geometry IndexedFaceSet 
{ creaseAngle 0.50 coordIndex [0,1,2,-1,0,3,1,-1,4,5,6,-1,7,2,5,-1,7,0,2,-1,8,7,5,-1,8,5,4,-1,9,8,4,-1,10,4,11,-1,10,9,4,-1,12,11,13,-1,12,10,11,-1,14,13,15,-1,14,12,13,-1,16,15,17,-1,16,17,18,-1,16,14,15,-1]
coord Coordinate { point [-2.01961 2.73582 0.590588,-2.01197 2.73056 0.531766,-2.02781 2.72894 0.531926,-2.01169 2.73621 0.59055,-2.05775 2.71653 0.539369,-2.043 2.7242 0.532383,-2.05693 2.71653 0.533115,-2.02772 2.73457 0.590708,-2.04306 2.72973 0.591174,-2.05758 2.72153 0.591962,-2.07021 2.71028 0.593044,-2.07152 2.70377 0.539006,-2.08005 2.69673 0.594347,-2.08194 2.68814 0.538904,-2.08716 2.6802 0.595935,-2.08779 2.67323 0.538955,-2.09033 2.66173 0.597711,-2.09053 2.65747 0.539073,-2.09062 2.65608 0.538928]
}}
appearance Appearance{material Material{diffuseColor 1 1 1
transparency 0}}}
Shape { geometry IndexedFaceSet 
{ creaseAngle 0.50 coordIndex [0,1,2,-1,0,3,1,-1,0,4,3,-1,0,5,4,-1,0,6,5,-1,7,8,0,-1,7,0,2,-1,9,8,7,-1,10,11,8,-1,10,12,11,-1,10,9,13,-1,10,8,9,-1]
coord Coordinate { point [2.42125 0.436455 0.531091,2.49447 0.402119 0.495054,2.49925 0.389604 0.481919,2.48554 0.4135 0.506999,2.47297 0.423101 0.517075,2.45745 0.430376 0.524711,2.43988 0.434914 0.529473,1.91019 0.389604 0.481919,1.98819 0.436455 0.531091,1.91497 0.402119 0.495054,1.93647 0.423101 0.517075,1.96956 0.434914 0.529473,1.95199 0.430376 0.524711,1.9239 0.4135 0.506999]
}}
appearance Appearance{material Material{diffuseColor 1 1 1
transparency 0}}}
Shape { geometry IndexedFaceSet 
{ creaseAngle 0.50 coordIndex [0,1,2,-1,0,3,1,-1,4,0,2,-1]
coord Coordinate { point [-0.464124 0.787717 0.340294,-0.45309 0.480042 0.30721,-0.453356 0.493869 0.249798,-0.463955 0.778373 0.379074,-0.464224 0.792199 0.321662]
}}
appearance Appearance{material Material{diffuseColor 1 0.807843 0.498039
transparency 0}}}
Shape { geometry IndexedFaceSet 
{ creaseAngle 0.50 coordIndex [0,1,2,-1,0,2,3,-1]
coord Coordinate { point [0.862172 0.11811 0.151574,0.86217 0.11811 0.210629,0.862194 -0.137795 0.210629,0.862194 -0.137795 0.151574]
}}
appearance Appearance{material Material{diffuseColor 0.792157 0.819608 0.933333
transparency 0}}}
Shape { geometry IndexedFaceSet 
{ creaseAngle 0.50 coordIndex [0,1,2,-1,3,2,4,-1,3,0,2,-1,5,4,6,-1,5,3,4,-1,7,6,8,-1,7,5,6,-1,9,8,10,-1,9,7,8,-1,11,10,12,-1,11,9,10,-1,13,11,12,-1,14,12,15,-1,14,13,12,-1]
coord Coordinate { point [0.23622 2.61501 0.523101,0.23622 2.61689 0.542696,0.237207 2.62561 0.541857,0.237207 2.62373 0.522263,0.240119 2.63389 0.541061,0.240119 2.63201 0.521466,0.244809 2.64133 0.540346,0.244809 2.63944 0.520752,0.251043 2.64753 0.53975,0.251043 2.64565 0.520155,0.258508 2.6522 0.539301,0.258508 2.65032 0.519706,0.266829 2.6551 0.539022,0.266829 2.65321 0.519427,0.27559 2.6542 0.519333,0.27559 2.65608 0.538928]
}}
appearance Appearance{material Material{diffuseColor 0.792157 0.819608 0.933333
transparency 0}}}
Shape { geometry IndexedFaceSet 
{ creaseAngle 0.50 coordIndex [0,1,2,-1,2,1,3,-1,3,1,4,-1,0,5,1,-1]
coord Coordinate { point [2.12598 -2.00163 0.492125,1.97834 -1.85039 0.492125,2.11521 -2.02198 0.492126,2.10857 -2.04402 0.492125,2.10629 -2.06693 0.492125,2.12598 -1.85039 0.492125]
}}
appearance Appearance{material Material{diffuseColor 0.411765 0.411765 0.411765
transparency 0}}}
Shape { geometry IndexedFaceSet 
{ creaseAngle 0.50 coordIndex [0,1,2,-1,0,2,3,-1]
coord Coordinate { point [-0.023622 -1.08255 0.019685,-0.023622 -1.39764 0.019685,-0.181102 -1.39764 0.019685,-0.181102 -1.08255 0.019685]
}}
appearance Appearance{material Material{diffuseColor 1 0.807843 0.498039
transparency 0}}}
Shape { geometry IndexedFaceSet 
{ creaseAngle 0.50 coordIndex [0,1,2,-1,2,1,3,-1,3,4,5,-1,1,4,3,-1,5,6,7,-1,4,6,5,-1,7,8,9,-1,6,8,7,-1,9,10,11,-1,8,10,9,-1,11,12,13,-1,10,12,11,-1,13,14,15,-1,12,14,13,-1]
coord Coordinate { point [0.531495 2.99212 0.51181,0.549016 2.99212 0.513784,0.531495 3.05117 0.51181,0.549016 3.05118 0.513784,0.565659 2.99212 0.519608,0.565659 3.05118 0.519608,0.580589 2.99212 0.528989,0.580589 3.05118 0.528989,0.593056 2.99212 0.541456,0.593056 3.05118 0.541456,0.602437 2.99212 0.556386,0.602437 3.05118 0.556386,0.608261 2.99212 0.573029,0.608261 3.05118 0.573029,0.610235 2.99212 0.59055,0.610235 3.05117 0.59055]
}}
appearance Appearance{material Material{diffuseColor 1 1 1
transparency 0}}}
Shape { geometry IndexedFaceSet 
{ creaseAngle 0.50 coordIndex [0,1,2,-1,0,3,1,-1]
coord Coordinate { point [2.7559 -2.00787 0.19685,2.69685 -1.49606 0.19685,2.69685 -2.00787 0.19685,2.7559 -1.49606 0.19685]
}}
appearance Appearance{material Material{diffuseColor 1 1 1
transparency 0}}}
Shape { geometry IndexedFaceSet 
{ creaseAngle 0.50 coordIndex [0,1,2,-1,3,1,0,-1]
coord Coordinate { point [-1.03745 0.927921 0.335387,-1.03986 0.866418 0.340446,-1.03745 0.927896 0.355543,-1.03979 0.870946 0.321663]
}}
appearance Appearance{material Material{diffuseColor 1 0.807843 0.498039
transparency 0}}}
Shape { geometry IndexedFaceSet 
{ creaseAngle 0.50 coordIndex [0,1,2,-1,3,0,2,-1]
coord Coordinate { point [1.94882 2.73621 0.19685,1.94882 1.87007 0.19685,1.94882 1.87007 0.11811,1.94882 2.73621 0.11811]
}}
appearance Appearance{material Material{diffuseColor 0.792157 0.819608 0.933333
transparency 0}}}
Shape { geometry IndexedFaceSet 
{ creaseAngle 0.50 coordIndex [0,1,2,-1,2,1,3,-1]
coord Coordinate { point [-0.610235 -0.3937 0.263779,-0.610235 -0.3937 0.210629,-0.452755 -0.3937 0.263779,-0.452755 -0.3937 0.210629]
}}
appearance Appearance{material Material{diffuseColor 0.411765 0.411765 0.411765
transparency 0}}}
Shape { geometry IndexedFaceSet 
{ creaseAngle 0.50 coordIndex [0,1,2,-1,3,4,5,-1,6,3,5,-1,7,8,9,-1,10,7,9,-1,11,12,13,-1,11,13,14,-1,15,14,16,-1,15,11,14,-1,17,16,18,-1,17,15,16,-1,19,18,20,-1,19,17,18,-1,21,20,22,-1,21,19,20,-1,23,5,24,-1,23,24,12,-1,23,12,11,-1,25,22,1,-1,25,0,26,-1,25,21,22,-1,25,1,0,-1,27,23,11,-1,27,11,15,-1,27,5,23,-1,28,15,17,-1,28,27,15,-1,29,17,19,-1,29,28,17,-1,30,29,19,-1,30,19,21,-1,31,26,9,-1,31,25,26,-1,31,21,25,-1,31,9,30,-1,31,30,21,-1,32,33,6,-1,32,34,33,-1,32,8,34,-1,32,5,27,-1,32,29,30,-1,32,27,28,-1,32,6,5,-1,32,9,8,-1,32,28,29,-1,32,30,9,-1]
coord Coordinate { point [-1.76569 1.4182 0.519947,-1.76668 1.38858 0.517562,-1.76569 1.39265 0.509805,-1.7963 1.52356 0.550788,-1.80506 1.52394 0.551701,-1.80506 1.48687 0.562371,-1.78798 1.52246 0.548094,-1.76668 1.51232 0.523382,-1.76959 1.51548 0.531081,-1.76569 1.47787 0.523761,-1.76569 1.50899 0.515277,-1.7963 1.41052 0.557815,-1.80506 1.41026 0.558767,-1.80506 1.37436 0.544665,-1.7963 1.37481 0.543791,-1.78798 1.41128 0.555005,-1.78798 1.37617 0.541213,-1.78051 1.41251 0.550478,-1.78051 1.37835 0.53706,-1.77428 1.41414 0.544462,-1.77428 1.38124 0.53154,-1.76959 1.4161 0.537258,-1.76959 1.38471 0.52493,-1.7963 1.44841 0.563778,-1.80506 1.44837 0.564764,-1.76668 1.41828 0.529228,-1.76569 1.44542 0.524825,-1.78798 1.44855 0.560869,-1.78051 1.44877 0.556184,-1.77428 1.44906 0.549957,-1.76959 1.44941 0.5425,-1.76668 1.4498 0.534188,-1.77722 1.48369 0.551214,-1.78051 1.52068 0.543755,-1.77428 1.51831 0.537987]
}}
appearance Appearance{material Material{diffuseColor 1 0.807843 0.498039
transparency 0}}}
Shape { geometry IndexedFaceSet 
{ creaseAngle 0.50 coordIndex [0,1,2,-1,3,4,5,-1,3,6,4,-1,7,8,9,-1,10,11,12,-1,10,12,13,-1,7,9,0,-1,14,5,15,-1,14,3,5,-1,16,17,8,-1,16,8,7,-1,18,14,15,-1,18,17,16,-1,18,15,17,-1,19,20,21,-1,19,22,20,-1,23,24,25,-1,26,27,24,-1,26,24,23,-1,28,25,29,-1,28,23,25,-1,30,31,27,-1,30,27,26,-1,32,29,33,-1,32,28,29,-1,34,31,30,-1,2,1,35,-1,2,35,11,-1,2,11,10,-1,36,20,31,-1,36,31,34,-1,6,33,4,-1,6,32,33,-1,21,20,36,-1,0,9,37,-1,0,37,1,-1]
coord Coordinate { point [-2.18897 -1.06123 0.0220204,-2.18897 -1.07835 0.0789663,-2.18897 -1.08255 0.019685,-2.18897 -0.987461 0.0926979,-2.18897 -1.04321 0.116423,-2.18897 -1.04485 0.106775,-2.18897 -0.984214 0.113892,-2.18897 -1.04093 0.0289157,-2.18897 -1.05946 0.0862191,-2.18897 -1.06655 0.082134,-2.18897 -1.39764 0.019685,-2.18897 -1.39764 0.07874,-2.18897 -1.41732 0.059055,-2.18897 -1.41732 0.03937,-2.18897 -0.99522 0.07271,-2.18897 -1.04838 0.0985549,-2.18897 -1.02261 0.0400438,-2.18897 -1.05321 0.09186,-2.18897 -1.00712 0.0548765,-2.18897 -0.807085 0.151574,-2.18897 -0.94488 0.210629,-2.18897 -0.94488 0.151574,-2.18897 -0.807085 0.210629,-2.18897 -0.974222 0.138454,-2.18897 -1.00482 0.190271,-2.18897 -1.02031 0.175438,-2.18897 -0.96797 0.144095,-2.18897 -0.986496 0.201399,-2.18897 -0.97905 0.13176,-2.18897 -1.03221 0.157605,-2.18897 -0.960876 0.14818,-2.18897 -0.966194 0.208294,-2.18897 -0.98258 0.123539,-2.18897 -1.03997 0.137617,-2.18897 -0.95325 0.150673,-2.18897 -1.08255 0.07874,-2.18897 -0.94908 0.151348,-2.18897 -1.07418 0.0796418]
}}
appearance Appearance{material Material{diffuseColor 1 0.807843 0.498039
transparency 0}}}
Shape { geometry IndexedFaceSet 
{ creaseAngle 0.50 coordIndex [0,1,2,-1,0,2,3,-1,4,5,0,-1,4,3,6,-1,4,0,3,-1,7,4,6,-1,8,6,9,-1,8,9,10,-1,8,7,6,-1,11,7,8,-1,12,13,11,-1,12,11,8,-1,14,12,15,-1,14,16,17,-1,14,17,13,-1,14,13,12,-1]
coord Coordinate { point [-0.480441 1.52679 0.454395,-0.473917 1.52025 0.457078,-0.469421 1.5127 0.460174,-0.467258 1.50595 0.462945,-0.496925 1.53447 0.451244,-0.488298 1.53158 0.452426,-0.466535 1.49901 0.465792,-0.505904 1.53543 0.450849,-0.604329 1.49901 0.465792,-0.466535 1.42278 0.497066,-0.60433 1.42278 0.497066,-0.56496 1.53543 0.450849,-0.603288 1.50731 0.462384,-0.572461 1.53476 0.451123,-0.594987 1.52256 0.456127,-0.600173 1.5153 0.45911,-0.587917 1.5286 0.453651,-0.57976 1.53276 0.451944]
}}
appearance Appearance{material Material{diffuseColor 1 0.807843 0.498039
transparency 0}}}
Shape { geometry IndexedFaceSet 
{ creaseAngle 0.50 coordIndex [0,1,2,-1,1,3,2,-1,2,4,5,-1,3,4,2,-1,5,6,7,-1,4,6,5,-1,7,8,9,-1,6,8,7,-1,9,10,11,-1,8,10,9,-1,11,12,13,-1,10,12,11,-1,13,14,15,-1,12,14,13,-1]
coord Coordinate { point [-2.7559 1.71259 0.381889,-2.69685 1.71259 0.381889,-2.7559 1.69945 0.380408,-2.69684 1.69945 0.380408,-2.69684 1.68697 0.376041,-2.7559 1.68697 0.376041,-2.69684 1.67577 0.369005,-2.7559 1.67577 0.369005,-2.69684 1.66642 0.359654,-2.7559 1.66642 0.359654,-2.69684 1.65939 0.348457,-2.7559 1.65939 0.348457,-2.69684 1.65502 0.335975,-2.7559 1.65502 0.335975,-2.69685 1.65354 0.322834,-2.7559 1.65354 0.322834]
}}
appearance Appearance{material Material{diffuseColor 1 1 1
transparency 0}}}
Shape { geometry IndexedFaceSet 
{ creaseAngle 0.50 coordIndex [0,1,2,-1,2,3,4,-1,1,3,2,-1]
coord Coordinate { point [0.25943 1.02843 0.321663,0.248669 0.730089 0.249798,0.259368 1.0239 0.340447,0.248405 0.716262 0.30721,0.259196 1.01459 0.379074]
}}
appearance Appearance{material Material{diffuseColor 1 0.807843 0.498039
transparency 0}}}
Shape { geometry IndexedFaceSet 
{ creaseAngle 0.50 coordIndex [0,1,2,-1,0,2,3,-1,4,1,0,-1,5,6,1,-1,5,1,4,-1,7,6,5,-1,8,6,7,-1,9,8,7,-1,10,11,8,-1,10,8,9,-1,12,13,11,-1,12,11,10,-1,14,13,12,-1,15,13,14,-1,16,15,14,-1,17,15,16,-1,18,15,17,-1,19,18,17,-1,20,18,19,-1,21,20,19,-1]
coord Coordinate { point [-1.76569 1.2272 0.407479,-1.76569 1.22259 0.426617,-1.76569 0.927917 0.355375,-1.76569 0.927924 0.335388,-1.76569 1.24278 0.411918,-1.76569 1.25794 0.417623,-1.76569 1.26343 0.441985,-1.76569 1.27258 0.424554,-1.76569 1.39265 0.509805,-1.76569 1.4018 0.492375,-1.76569 1.41931 0.499832,-1.76569 1.4182 0.519947,-1.76569 1.43772 0.50437,-1.76569 1.44542 0.524825,-1.76569 1.45669 0.505904,-1.76569 1.47787 0.523761,-1.76569 1.47703 0.504141,-1.76569 1.48945 0.501271,-1.76569 1.50899 0.515277,-1.76569 1.50152 0.497066,-1.76569 1.58522 0.484004,-1.76569 1.57775 0.465792]
}}
appearance Appearance{material Material{diffuseColor 1 0.807843 0.498039
transparency 0}}}
Shape { geometry IndexedFaceSet 
{ creaseAngle 0.50 coordIndex [0,1,2,-1,3,2,1,-1,4,0,2,-1,5,2,3,-1,6,4,2,-1,7,2,5,-1,2,8,6,-1]
coord Coordinate { point [-1.02355 0.859153 0.371729,-1.03037 0.860667 0.365576,-1.04003 0.857114 0.379074,-1.03547 0.862461 0.358004,-1.01544 0.858012 0.376135,-1.03864 0.864416 0.349473,-1.00802 0.857393 0.378333,-1.03986 0.866418 0.340446,-1.0003 0.857113 0.379074]
}}
appearance Appearance{material Material{diffuseColor 0.792157 0.819608 0.933333
transparency 0}}}
Shape { geometry IndexedFaceSet 
{ creaseAngle 0.50 coordIndex [0,1,2,-1,2,3,4,-1,1,3,2,-1]
coord Coordinate { point [-0.606673 0.792206 0.321663,-0.617509 0.493863 0.249796,-0.606736 0.787678 0.340446,-0.617774 0.480042 0.30721,-0.606909 0.778374 0.379074]
}}
appearance Appearance{material Material{diffuseColor 1 0.807843 0.498039
transparency 0}}}
Shape { geometry IndexedFaceSet 
{ creaseAngle 0.50 coordIndex [0,1,2,-1,3,2,1,-1,4,5,6,-1,4,6,7,-1,4,7,8,-1,4,8,9,-1,4,9,10,-1,11,1,0,-1,4,10,12,-1,4,12,13,-1,14,3,1,-1,15,1,11,-1,16,14,1,-1,17,18,4,-1,17,19,20,-1,17,21,22,-1,17,22,23,-1,17,23,24,-1,17,24,25,-1,26,1,15,-1,17,25,27,-1,17,27,28,-1,17,28,19,-1,17,4,13,-1,17,13,21,-1,29,16,1,-1,30,18,17,-1,30,17,31,-1,30,31,32,-1,30,33,34,-1,30,34,18,-1,35,30,32,-1,4,1,36,-1,4,36,37,-1,4,37,38,-1,38,37,39,-1,4,38,40,-1,4,40,41,-1,4,41,42,-1,42,41,43,-1,4,42,5,-1,44,45,46,-1,46,45,47,-1,47,45,48,-1,47,48,49,-1,44,50,51,-1,44,52,50,-1,44,53,52,-1,44,54,53,-1,44,55,54,-1,44,29,55,-1,56,16,29,-1,57,56,29,-1,58,29,44,-1,58,57,29,-1,59,58,44,-1,60,59,44,-1,61,60,44,-1,62,61,44,-1,63,62,44,-1,36,1,26,-1,46,63,44,-1,64,65,66,-1,64,67,65,-1,68,66,65,-1,68,65,69,-1,68,69,70,-1,71,67,64,-1,71,72,67,-1,73,68,70,-1,73,70,74,-1,39,72,71,-1,39,37,72,-1,75,73,74,-1,76,75,74,-1,76,74,77,-1,78,76,77,-1,78,77,79,-1,80,78,79,-1,80,79,81,-1,82,80,81,-1,82,81,83,-1,84,82,83,-1,84,83,85,-1,86,84,85,-1,86,85,87,-1,49,86,87,-1,49,87,47,-1,88,89,90,-1,91,92,89,-1,91,89,88,-1,93,88,90,-1,94,95,92,-1,94,92,91,-1,96,90,97,-1,96,93,90,-1,98,99,95,-1,98,95,94,-1,100,97,101,-1,100,96,97,-1,102,99,98,-1,45,101,103,-1,45,103,104,-1,45,104,105,-1,45,105,106,-1,45,106,107,-1,45,107,108,-1,45,108,48,-1,45,100,101,-1,109,100,45,-1,110,45,111,-1,112,113,114,-1,112,114,109,-1,115,109,45,-1,115,112,109,-1,115,45,110,-1,116,117,99,-1,116,99,102,-1,118,119,120,-1,118,120,121,-1,122,119,118,-1,122,118,123,-1,20,124,119,-1,20,122,125,-1,20,119,122,-1,126,127,128,-1,129,116,127,-1,129,127,126,-1,130,128,131,-1,130,126,128,-1,132,116,129,-1,132,117,116,-1,133,131,134,-1,133,130,131,-1,43,117,132,-1,43,41,117,-1,135,134,136,-1,135,133,134,-1,135,136,137,-1,138,137,124,-1,138,135,137,-1,139,124,20,-1,139,138,124,-1,140,139,20,-1,141,140,20,-1,142,141,20,-1,143,142,20,-1,144,143,20,-1,145,144,20,-1,19,145,20,-1]
coord Coordinate { point [2.7559 -2.04469 0.498926,2.7559 -2.35826 0.62992,2.7559 -2.05404 0.489575,2.7559 -2.06108 0.478378,2.7559 2.95275 0.62992,2.7559 2.04724 0.51181,2.7559 2.06038 0.510329,2.7559 2.07286 0.505962,2.7559 2.08406 0.498926,2.7559 2.09341 0.489575,2.7559 2.10045 0.478378,2.7559 -2.03349 0.505962,2.7559 2.10481 0.465896,2.7559 2.10629 0.452755,2.7559 -2.06544 0.465896,2.7559 -2.02101 0.510329,2.7559 -2.06693 0.452755,2.7559 2.89369 0.03937,2.7559 2.95275 0.098425,2.7559 2.04724 0.19685,2.7559 0.994092 0.03937,2.7559 2.10629 0.255905,2.7559 2.10481 0.242764,2.7559 2.10045 0.230282,2.7559 2.09341 0.219085,2.7559 2.08406 0.209734,2.7559 -2.00787 0.51181,2.7559 2.07286 0.202698,2.7559 2.06038 0.198331,2.7559 -2.35826 0.098425,2.7559 2.93987 0.0616048,2.7559 2.90684 0.0408506,2.7559 2.91932 0.0452183,2.7559 2.9469 0.072802,2.7559 2.95127 0.085284,2.7559 2.93052 0.0522539,2.7559 -1.49606 0.51181,2.7559 -1.48292 0.510329,2.7559 -0.43307 0.51181,2.7559 -0.446211 0.510329,2.7559 0.07874 0.51181,2.7559 0.091881 0.510329,2.7559 1.53543 0.51181,2.7559 1.52229 0.510329,2.7559 -2.29921 0.03937,2.7559 0.541337 0.03937,2.7559 -1.49606 0.19685,2.7559 -1.48292 0.198331,2.7559 -0.43307 0.19685,2.7559 -0.446211 0.198331,2.7559 -2.32483 0.0452183,2.7559 -2.31235 0.0408506,2.7559 -2.33603 0.0522539,2.7559 -2.34538 0.0616048,2.7559 -2.35241 0.072802,2.7559 -2.35678 0.085284,2.7559 -2.06693 0.255905,2.7559 -2.06544 0.242764,2.7559 -2.06108 0.230282,2.7559 -2.05404 0.219085,2.7559 -2.04469 0.209734,2.7559 -2.03349 0.202698,2.7559 -2.02101 0.198331,2.7559 -2.00787 0.19685,2.7559 -0.46989 0.498926,2.7559 -1.44989 0.489575,2.7559 -0.479241 0.489575,2.7559 -1.45924 0.498926,2.7559 -0.486277 0.478378,2.7559 -1.44285 0.478378,2.7559 -1.43849 0.465896,2.7559 -0.458693 0.505962,2.7559 -1.47044 0.505962,2.7559 -0.490644 0.465896,2.7559 -1.43701 0.452755,2.7559 -0.492125 0.452755,2.7559 -0.492125 0.255905,2.7559 -1.43701 0.255905,2.7559 -0.490644 0.242764,2.7559 -1.43849 0.242764,2.7559 -0.486277 0.230282,2.7559 -1.44285 0.230282,2.7559 -0.479241 0.219085,2.7559 -1.44989 0.219085,2.7559 -0.46989 0.209734,2.7559 -1.45924 0.209734,2.7559 -0.458693 0.202698,2.7559 -1.47044 0.202698,2.7559 0.613276 0.292725,2.7559 0.136314 0.465896,2.7559 0.137795 0.452755,2.7559 0.622627 0.302076,2.7559 0.131947 0.478378,2.7559 0.606241 0.281528,2.7559 0.633824 0.309112,2.7559 0.124911 0.489575,2.7559 0.601873 0.269046,2.7559 0.137795 0.255905,2.7559 0.646307 0.313479,2.7559 0.11556 0.498926,2.7559 0.600392 0.255905,2.7559 0.136314 0.242764,2.7559 0.659447 0.31496,2.7559 0.131947 0.230282,2.7559 0.124911 0.219085,2.7559 0.11556 0.209734,2.7559 0.104363 0.202698,2.7559 0.091881 0.198331,2.7559 0.07874 0.19685,2.7559 0.600392 0.098425,2.7559 0.566961 0.0452183,2.7559 0.554478 0.0408506,2.7559 0.587509 0.0616048,2.7559 0.594544 0.072802,2.7559 0.598912 0.085284,2.7559 0.578158 0.0522539,2.7559 0.875982 0.31496,2.7559 0.104363 0.505962,2.7559 0.947921 0.0616048,2.7559 0.935037 0.098425,2.7559 0.936518 0.085284,2.7559 0.940886 0.072802,2.7559 0.968469 0.0452183,2.7559 0.957272 0.0522539,2.7559 0.935037 0.255905,2.7559 0.980952 0.0408506,2.7559 1.48926 0.489575,2.7559 0.889123 0.313479,2.7559 0.901606 0.309112,2.7559 1.49861 0.498926,2.7559 1.48222 0.478378,2.7559 0.912803 0.302076,2.7559 1.50981 0.505962,2.7559 1.47786 0.465896,2.7559 0.922154 0.292725,2.7559 1.47637 0.452755,2.7559 0.929189 0.281528,2.7559 0.933557 0.269046,2.7559 1.47637 0.255905,2.7559 1.47786 0.242764,2.7559 1.48222 0.230282,2.7559 1.48926 0.219085,2.7559 1.49861 0.209734,2.7559 1.50981 0.202698,2.7559 1.52229 0.198331,2.7559 1.53543 0.19685]
}}
appearance Appearance{material Material{diffuseColor 1 1 1
transparency 0}}}
Shape { geometry IndexedFaceSet 
{ creaseAngle 0.50 coordIndex [0,1,2,-1,3,1,0,-1]
coord Coordinate { point [2.7559 1.47637 0.255905,2.69685 1.47637 0.452755,2.7559 1.47637 0.452755,2.69685 1.47637 0.255905]
}}
appearance Appearance{material Material{diffuseColor 1 1 1
transparency 0}}}
Shape { geometry IndexedFaceSet 
{ creaseAngle 0.50 coordIndex [0,1,2,-1,3,1,0,-1]
coord Coordinate { point [-2.36614 -0.137795 0.210629,-2.36614 0.11811 0.151574,-2.36614 -0.137795 0.151574,-2.36614 0.11811 0.210629]
}}
appearance Appearance{material Material{diffuseColor 0.792157 0.819608 0.933333
transparency 0}}}
Shape { geometry IndexedFaceSet 
{ creaseAngle 0.50 coordIndex [0,1,2,-1,3,1,0,-1]
coord Coordinate { point [1.41732 2.7559 0.688975,1.37795 2.7559 0.74803,1.41732 2.7559 0.74803,1.37795 2.7559 0.688975]
}}
appearance Appearance{material Material{diffuseColor 1 1 1
transparency 0}}}
Shape { geometry IndexedFaceSet 
{ creaseAngle 0.50 coordIndex [0,1,2,-1,3,0,2,-1]
coord Coordinate { point [2.43881 -1.9685 0.74803,2.5 -1.9685 0.74803,2.5 -1.9685 0.688975,2.43845 -1.9685 0.688975]
}}
appearance Appearance{material Material{diffuseColor 1 1 1
transparency 0}}}
Shape { geometry IndexedFaceSet 
{ creaseAngle 0.50 coordIndex [0,1,2,-1,3,0,2,-1,4,5,0,-1,4,0,3,-1,6,7,5,-1,6,5,4,-1,8,9,7,-1,8,7,6,-1,10,9,8,-1,11,9,10,-1,12,11,10,-1,13,12,14,-1,13,11,12,-1,15,14,16,-1,15,13,14,-1,17,15,16,-1,18,17,16,-1,19,17,18,-1]
coord Coordinate { point [1.31889 2.95275 0.74803,1.31889 2.81495 0.74803,1.31889 2.81495 0.688975,1.31889 2.95275 0.688975,1.3189 2.96151 0.687988,1.3189 2.97465 0.745562,1.3189 2.96983 0.685076,1.3189 2.99546 0.738283,1.3189 2.9773 0.680386,1.3189 3.01412 0.726557,1.3189 2.98353 0.674152,1.3189 3.0297 0.710972,1.3189 2.98822 0.666687,1.3189 3.04143 0.69231,1.3189 2.99113 0.658366,1.3189 3.04871 0.671507,1.31889 2.99212 0.649605,1.31889 3.05117 0.649605,1.3189 2.99212 0.452755,1.3189 3.05117 0.452755]
}}
appearance Appearance{material Material{diffuseColor 1 1 1
transparency 0}}}
Shape { geometry IndexedFaceSet 
{ creaseAngle 0.50 coordIndex [0,1,2,-1,2,1,3,-1,3,4,5,-1,1,4,3,-1,5,6,7,-1,4,6,5,-1,7,8,9,-1,6,8,7,-1,9,10,11,-1,8,10,9,-1,11,12,13,-1,10,12,11,-1,13,14,15,-1,12,14,13,-1]
coord Coordinate { point [2.69685 -0.492125 0.452755,2.69685 -0.490644 0.465896,2.7559 -0.492125 0.452755,2.7559 -0.490644 0.465896,2.69685 -0.486277 0.478378,2.7559 -0.486277 0.478378,2.69685 -0.479241 0.489575,2.7559 -0.479241 0.489575,2.69685 -0.46989 0.498926,2.7559 -0.46989 0.498926,2.69685 -0.458693 0.505962,2.7559 -0.458693 0.505962,2.69685 -0.446211 0.510329,2.7559 -0.446211 0.510329,2.69685 -0.43307 0.51181,2.7559 -0.43307 0.51181]
}}
appearance Appearance{material Material{diffuseColor 1 1 1
transparency 0}}}
Shape { geometry IndexedFaceSet 
{ creaseAngle 0.50 coordIndex [0,1,2,-1,0,2,3,-1]
coord Coordinate { point [0.409448 -1.08255 0.019685,0.409448 -1.24016 0.019685,0.251968 -1.24016 0.019685,0.251968 -1.08255 0.019685]
}}
appearance Appearance{material Material{diffuseColor 1 0.807843 0.498039
transparency 0}}}
Shape { geometry IndexedFaceSet 
{ creaseAngle 0.50 coordIndex [0,1,2,-1,0,2,3,-1]
coord Coordinate { point [-2.7559 -0.90551 0.224409,-2.7559 -0.90551 0.322834,-2.69685 -0.90551 0.322834,-2.69685 -0.90551 0.224409]
}}
appearance Appearance{material Material{diffuseColor 1 1 1
transparency 0}}}
Shape { geometry IndexedFaceSet 
{ creaseAngle 0.50 coordIndex [0,1,2,-1,0,2,3,-1]
coord Coordinate { point [-1.73625 0.11811 0.151574,-1.73625 0.11811 0.210629,-1.73623 -0.137795 0.210629,-1.73623 -0.137795 0.151574]
}}
appearance Appearance{material Material{diffuseColor 1 0.807843 0.498039
transparency 0}}}
Shape { geometry IndexedFaceSet 
{ creaseAngle 0.50 coordIndex [0,1,2,-1,3,1,0,-1]
coord Coordinate { point [-1.90359 0.927921 0.335387,-1.906 0.866418 0.340446,-1.90359 0.927896 0.355543,-1.90593 0.870946 0.321663]
}}
appearance Appearance{material Material{diffuseColor 0.792157 0.819608 0.933333
transparency 0}}}
Shape { geometry IndexedFaceSet 
{ creaseAngle 0.50 coordIndex [0,1,2,-1,0,2,3,-1]
coord Coordinate { point [-0.673227 1.75196 0.019685,-0.673227 1.75196 0.120078,-0.673227 -0.137795 0.120078,-0.673227 -0.137795 0.019685]
}}
appearance Appearance{material Material{diffuseColor 0.411765 0.411765 0.411765
transparency 0}}}
Shape { geometry IndexedFaceSet 
{ creaseAngle 0.50 coordIndex [0,1,2,-1,2,1,3,-1,3,1,4,-1,4,1,5,-1,5,1,6,-1,6,1,7,-1,7,1,8,-1,9,10,11,-1,9,11,12,-1,9,12,13,-1,9,13,14,-1,9,14,15,-1,9,15,16,-1,9,16,17,-1,9,17,18,-1,14,0,2,-1,9,19,20,-1,9,18,21,-1,9,21,22,-1,23,1,20,-1,10,24,25,-1,24,26,27,-1,24,27,28,-1,29,30,25,-1,20,1,9,-1,29,25,24,-1,25,31,32,-1,25,32,10,-1,32,31,33,-1,23,34,1,-1,13,12,35,-1,9,36,19,-1,19,36,34,-1,9,37,36,-1,34,38,1,-1,36,38,34,-1,38,8,1,-1,12,39,35,-1,9,22,37,-1,37,22,8,-1,11,40,41,-1,22,7,8,-1,42,43,44,-1,21,18,6,-1,11,10,40,-1,40,45,41,-1,46,47,24,-1,10,48,40,-1,49,50,51,-1,18,5,6,-1,51,50,52,-1,53,50,54,-1,54,50,55,-1,55,50,56,-1,56,50,57,-1,24,58,46,-1,57,50,59,-1,59,50,60,-1,60,50,49,-1,47,61,24,-1,62,63,64,-1,61,65,24,-1,24,28,58,-1,42,52,43,-1,65,29,24,-1,43,52,62,-1,48,32,66,-1,66,32,45,-1,41,32,39,-1,45,32,41,-1,67,33,68,-1,10,32,48,-1,68,33,69,-1,70,33,67,-1,52,71,62,-1,72,73,53,-1,69,73,74,-1,74,73,75,-1,75,73,76,-1,63,77,64,-1,76,73,78,-1,78,73,72,-1,79,77,63,-1,53,73,50,-1,17,16,4,-1,80,81,26,-1,33,73,69,-1,26,81,27,-1,16,3,4,-1,50,82,83,-1,73,82,50,-1,84,85,86,-1,82,87,85,-1,85,87,86,-1,73,87,82,-1,33,31,73,-1,15,14,2,-1,64,43,62,-1,42,51,52,-1,32,1,39,-1,39,1,35,-1,35,1,0,-1]
coord Coordinate { point [-0.177165 -0.3937 0.263779,-2.48031 -0.137795 0.263779,-0.452755 -0.3937 0.263779,-0.610235 -0.3937 0.263779,-0.885825 -0.3937 0.263779,-1.04331 -0.3937 0.263779,-1.3189 -0.3937 0.263779,-1.47638 -0.3937 0.263779,-1.75197 -0.3937 0.263779,-2.48031 -0.807085 0.263779,1.00394 -0.807085 0.263779,0.413385 -0.55118 0.263779,0.255905 -0.55118 0.263779,-0.019685 -0.55118 0.263779,-0.177165 -0.55118 0.263779,-0.452755 -0.55118 0.263779,-0.610235 -0.55118 0.263779,-0.885825 -0.55118 0.263779,-1.04331 -0.55118 0.263779,-2.18504 -0.55118 0.263779,-2.34252 -0.55118 0.263779,-1.3189 -0.55118 0.263779,-1.47638 -0.55118 0.263779,-2.34252 -0.3937 0.263779,1.00394 -2.91338 0.263779,1.14173 -1.39764 0.263779,1.7126 -2.91338 0.263779,1.45669 -2.85433 0.263779,1.43479 -2.85186 0.263779,1.35826 -2.7559 0.263779,1.35826 -1.61417 0.263779,1.14173 2.44094 0.263779,1.01968 -0.137795 0.263779,1.01968 1.8307 0.263779,-2.18504 -0.3937 0.263779,-0.019685 -0.3937 0.263779,-1.90945 -0.55118 0.263779,-1.75197 -0.55118 0.263779,-1.90945 -0.3937 0.263779,0.255905 -0.3937 0.263779,0.688975 -0.55118 0.263779,0.413385 -0.3937 0.263779,-2.48031 1.8307 0.263779,-2.25393 2.44094 0.263779,-2.48031 2.44094 0.263779,0.688975 -0.3937 0.263779,1.39532 -2.83285 0.263779,1.37974 -2.81727 0.263779,0.846455 -0.55118 0.263779,0.192913 1.87007 0.263779,-0.0098425 2.44094 0.263779,0.192913 1.8307 0.263779,-1.6437 2.44094 0.263779,0.271653 1.94881 0.263779,0.254132 1.94684 0.263779,0.237489 1.94102 0.263779,0.222559 1.93164 0.263779,0.210092 1.91917 0.263779,1.41398 -2.84458 0.263779,0.200711 1.90424 0.263779,0.194887 1.8876 0.263779,1.36801 -2.79861 0.263779,-2.18504 2.65747 0.263779,-2.18504 2.71653 0.263779,-2.25393 2.77558 0.263779,1.36073 -2.7778 0.263779,0.846455 -0.3937 0.263779,0.468503 1.87007 0.263779,0.466529 1.8876 0.263779,0.460705 1.90424 0.263779,0.468503 1.8307 0.263779,-1.6437 2.65747 0.263779,0.389763 1.94881 0.263779,0.600393 2.44094 0.263779,0.451324 1.91917 0.263779,0.438857 1.93164 0.263779,0.423927 1.94102 0.263779,-1.6437 2.77558 0.263779,0.407284 1.94684 0.263779,-1.6437 2.71653 0.263779,1.75196 -2.97244 0.263779,1.75196 -2.85433 0.263779,0.531495 2.65747 0.263779,-0.0098425 2.65747 0.263779,-0.0098425 2.71653 0.263779,0.531495 2.71653 0.263779,-0.0098425 2.77558 0.263779,0.600393 2.77558 0.263779]
}}
appearance Appearance{material Material{diffuseColor 0.411765 0.411765 0.411765
transparency 0}}}
Shape { geometry IndexedFaceSet 
{ creaseAngle 0.50 coordIndex [0,1,2,-1,0,2,3,-1,4,3,5,-1,4,0,3,-1,6,5,7,-1,6,4,5,-1,8,7,9,-1,8,6,7,-1,10,9,11,-1,10,8,9,-1,12,11,13,-1,12,10,11,-1,14,13,15,-1,14,12,13,-1,16,14,15,-1]
coord Coordinate { point [-2.30345 1.62118 0.46925,-2.29729 1.62164 0.469061,-2.29729 1.61417 0.450849,-2.30479 1.6135 0.451123,-2.30945 1.61983 0.469805,-2.31209 1.6115 0.451944,-2.31785 1.61625 0.471272,-2.32025 1.60734 0.453651,-2.32513 1.61097 0.473438,-2.32732 1.6013 0.456127,-2.33003 1.60545 0.475702,-2.33251 1.59404 0.45911,-2.33367 1.59916 0.478286,-2.33562 1.58605 0.462384,-2.33591 1.59232 0.481089,-2.33666 1.57775 0.465792,-2.33666 1.58522 0.484004]
}}
appearance Appearance{material Material{diffuseColor 1 0.807843 0.498039
transparency 0}}}
Shape { geometry IndexedFaceSet 
{ creaseAngle 0.50 coordIndex [0,1,2,-1,0,3,1,-1]
coord Coordinate { point [-2.7559 -3.03149 0.47244,-2.69685 -3.03149 0.23622,-2.69685 -3.03149 0.47244,-2.7559 -3.03149 0.23622]
}}
appearance Appearance{material Material{diffuseColor 1 1 1
transparency 0}}}
Shape { geometry IndexedFaceSet 
{ creaseAngle 0.50 coordIndex [0,1,2,-1,3,0,2,-1,4,5,6,-1,7,6,0,-1,7,0,3,-1,7,4,6,-1,8,3,9,-1,8,7,3,-1,10,9,11,-1,10,8,9,-1,12,11,13,-1,12,10,11,-1,14,13,15,-1,14,12,13,-1,16,15,17,-1,16,14,15,-1]
coord Coordinate { point [-0.998082 1.23489 0.471992,-0.998082 1.24514 0.476845,-1.00684 1.2456 0.475971,-1.01516 1.24695 0.473392,-1.00684 1.2136 0.463933,-0.998082 1.21337 0.464892,-0.998082 1.22428 0.467999,-1.01516 1.21428 0.461102,-1.02263 1.21538 0.456542,-1.02263 1.24913 0.469239,-1.02886 1.21684 0.450481,-1.02886 1.25203 0.46372,-1.03355 1.21859 0.443224,-1.03355 1.2555 0.45711,-1.03647 1.22054 0.435134,-1.03647 1.25936 0.449742,-1.03745 1.22259 0.426617,-1.03745 1.26343 0.441985]
}}
appearance Appearance{material Material{diffuseColor 1 0.807843 0.498039
transparency 0}}}
Shape { geometry IndexedFaceSet 
{ creaseAngle 0.50 coordIndex [0,1,2,-1,2,1,3,-1,3,4,5,-1,1,4,3,-1,5,6,7,-1,4,6,5,-1,7,8,9,-1,6,8,7,-1,9,10,11,-1,8,10,9,-1,11,12,13,-1,13,12,14,-1,10,12,11,-1,14,15,16,-1,12,15,14,-1]
coord Coordinate { point [-0.614172 -1.04321 0.116423,-0.614172 -1.04451 0.107945,-0.456692 -1.04321 0.116423,-0.456692 -1.04485 0.106775,-0.614172 -1.04762 0.09995,-0.456692 -1.04838 0.0985549,-0.614172 -1.05238 0.0928166,-0.456692 -1.05321 0.09186,-0.614172 -1.05857 0.0868835,-0.456692 -1.05946 0.0862191,-0.614172 -1.0659 0.0824323,-0.456692 -1.06655 0.082134,-0.614172 -1.07402 0.0796742,-0.456692 -1.07418 0.0796418,-0.456692 -1.07835 0.0789663,-0.614172 -1.08255 0.07874,-0.456692 -1.08255 0.07874]
}}
appearance Appearance{material Material{diffuseColor 1 0.807843 0.498039
transparency 0}}}
Shape { geometry IndexedFaceSet 
{ creaseAngle 0.50 coordIndex [0,1,2,-1,1,3,2,-1,1,4,3,-1]
coord Coordinate { point [1.75196 -2.97244 0.767715,1.75196 -2.97244 0.263779,1.79133 -3.03149 0.767715,1.79134 -3.03149 0.185039,1.7126 -2.91338 0.263779]
}}
appearance Appearance{material Material{diffuseColor 0.411765 0.411765 0.411765
transparency 0}}}
Shape { geometry IndexedFaceSet 
{ creaseAngle 0.50 coordIndex [0,1,2,-1,0,3,1,-1]
coord Coordinate { point [0.261758 1.55928 0.492375,0.399658 1.43006 0.424554,0.261758 1.43006 0.424554,0.399658 1.55928 0.492375]
}}
appearance Appearance{material Material{diffuseColor 1 0.807843 0.498039
transparency 0}}}
Shape { geometry IndexedFaceSet 
{ creaseAngle 0.50 coordIndex [0,1,2,-1,3,0,2,-1,4,5,6,-1,7,6,0,-1,7,0,3,-1,7,4,6,-1,8,3,9,-1,8,7,3,-1,10,9,11,-1,10,8,9,-1,12,11,13,-1,12,10,11,-1,14,13,15,-1,14,12,13,-1,16,15,17,-1,16,14,15,-1]
coord Coordinate { point [-1.86422 1.23489 0.471992,-1.86422 1.24514 0.476845,-1.87298 1.2456 0.475971,-1.8813 1.24695 0.473392,-1.87298 1.2136 0.463933,-1.86422 1.21337 0.464892,-1.86422 1.22428 0.467999,-1.8813 1.21428 0.461102,-1.88877 1.21538 0.456542,-1.88877 1.24913 0.469239,-1.895 1.21684 0.450481,-1.895 1.25203 0.46372,-1.89969 1.21859 0.443224,-1.89969 1.2555 0.45711,-1.90261 1.22054 0.435134,-1.90261 1.25936 0.449742,-1.90359 1.22259 0.426617,-1.90359 1.26343 0.441985]
}}
appearance Appearance{material Material{diffuseColor 1 0.807843 0.498039
transparency 0}}}
Shape { geometry IndexedFaceSet 
{ creaseAngle 0.50 coordIndex [0,1,2,-1,3,1,0,-1]
coord Coordinate { point [-1.7559 -1.41732 0.059055,-1.91338 -1.39764 0.07874,-1.91338 -1.41732 0.059055,-1.7559 -1.39764 0.07874]
}}
appearance Appearance{material Material{diffuseColor 1 0.807843 0.498039
transparency 0}}}
Shape { geometry IndexedFaceSet 
{ creaseAngle 0.50 coordIndex [0,1,2,-1,3,2,4,-1,3,0,2,-1,5,4,6,-1,5,3,4,-1,7,6,8,-1,7,5,6,-1,9,10,11,-1,9,8,10,-1,9,7,8,-1,12,11,13,-1,12,9,11,-1,14,13,15,-1,14,12,13,-1,16,14,15,-1]
coord Coordinate { point [-1.80506 1.61417 0.450849,-1.80506 1.62164 0.469061,-1.79738 1.62094 0.469348,-1.79608 1.61321 0.451244,-1.79 1.61887 0.470198,-1.78746 1.61032 0.452426,-1.78319 1.6155 0.471579,-1.7796 1.60553 0.454395,-1.77722 1.61097 0.473438,-1.77307 1.59899 0.457078,-1.77326 1.60668 0.475197,-1.77 1.60179 0.477207,-1.76858 1.59144 0.460174,-1.76676 1.59366 0.480541,-1.76642 1.58469 0.462945,-1.76569 1.58522 0.484004,-1.76569 1.57775 0.465792]
}}
appearance Appearance{material Material{diffuseColor 1 0.807843 0.498039
transparency 0}}}
Shape { geometry IndexedFaceSet 
{ creaseAngle 0.50 coordIndex [0,1,2,-1,0,2,3,-1]
coord Coordinate { point [-2.79527 0.90551 0.019685,-2.79527 0.90551 0.244094,-2.67716 0.90551 0.244094,-2.67716 0.90551 0.019685]
}}
appearance Appearance{material Material{diffuseColor 0.411765 0.411765 0.411765
transparency 0}}}
Shape { geometry IndexedFaceSet 
{ creaseAngle 0.50 coordIndex [0,1,2,-1,0,2,3,-1]
coord Coordinate { point [2.7559 -1.49606 0.51181,2.7559 -2.00787 0.51181,2.69685 -2.00787 0.51181,2.69685 -1.49606 0.51181]
}}
appearance Appearance{material Material{diffuseColor 1 1 1
transparency 0}}}
Shape { geometry IndexedFaceSet 
{ creaseAngle 0.50 coordIndex [0,1,2,-1,1,3,2,-1]
coord Coordinate { point [-1.04724 -0.94488 0.210629,-0.889762 -0.94488 0.210629,-1.04724 -0.807085 0.210629,-0.889762 -0.807085 0.210629]
}}
appearance Appearance{material Material{diffuseColor 1 0.807843 0.498039
transparency 0}}}
Shape { geometry IndexedFaceSet 
{ creaseAngle 0.50 coordIndex [0,1,2,-1,3,0,2,-1]
coord Coordinate { point [-2.34252 -0.3937 0.151574,-2.34252 -0.55118 0.151574,-2.34252 -0.55118 0.019685,-2.34252 -0.3937 0.019685]
}}
appearance Appearance{material Material{diffuseColor 0.411765 0.411765 0.411765
transparency 0}}}
Shape { geometry IndexedFaceSet 
{ creaseAngle 0.50 coordIndex [0,1,2,-1,3,1,0,-1]
coord Coordinate { point [-2.01197 2.73056 0.531766,-1.88594 2.73621 0.59055,-1.88566 2.73056 0.531766,-2.01169 2.73621 0.59055]
}}
appearance Appearance{material Material{diffuseColor 1 1 1
transparency 0}}}
Shape { geometry IndexedFaceSet 
{ creaseAngle 0.50 coordIndex [0,1,2,-1,1,3,2,-1,1,4,3,-1,4,5,3,-1]
coord Coordinate { point [-0.184482 0.572609 0.249798,-0.197431 0.21031 0.162523,-0.184748 0.558782 0.30721,-0.197935 0.19648 0.219936,-0.200787 0.11811 0.151574,-0.200787 0.11811 0.210629]
}}
appearance Appearance{material Material{diffuseColor 1 0.807843 0.498039
transparency 0}}}
Shape { geometry IndexedFaceSet 
{ creaseAngle 0.50 coordIndex [0,1,2,-1,0,2,3,-1,0,3,4,-1,5,4,6,-1,5,0,4,-1,7,6,8,-1,7,5,6,-1,9,8,10,-1,9,7,8,-1,11,10,12,-1,11,9,10,-1,13,11,12,-1,14,12,15,-1,14,13,12,-1]
coord Coordinate { point [2.54591 2.95127 0.74803,2.55905 2.95275 0.74803,2.55905 2.95275 0.688975,2.54591 2.95127 0.688975,2.53343 2.9469 0.688975,2.53343 2.9469 0.74803,2.52223 2.93987 0.688975,2.52223 2.93987 0.74803,2.51288 2.93052 0.688975,2.51288 2.93052 0.74803,2.50584 2.91932 0.688975,2.50584 2.91932 0.74803,2.50148 2.90684 0.688975,2.50148 2.90684 0.74803,2.5 2.89369 0.74803,2.5 2.89369 0.688975]
}}
appearance Appearance{material Material{diffuseColor 1 1 1
transparency 0}}}
Shape { geometry IndexedFaceSet 
{ creaseAngle 0.50 coordIndex [0,1,2,-1,3,1,0,-1,4,5,1,-1,4,1,3,-1,6,7,5,-1,6,5,4,-1,8,9,7,-1,8,7,6,-1,10,9,8,-1,11,9,10,-1,12,11,10,-1,13,12,14,-1,13,11,12,-1,15,14,16,-1,15,13,14,-1,17,15,16,-1,18,17,16,-1,19,17,18,-1]
coord Coordinate { point [2.34252 2.81495 0.688975,2.34252 2.83464 0.74803,2.34252 2.81495 0.74803,2.34252 2.83464 0.688975,2.34252 2.84778 0.687494,2.34252 2.86092 0.745069,2.34252 2.86026 0.683127,2.34252 2.88589 0.736333,2.34252 2.87146 0.676091,2.34252 2.90828 0.722262,2.34252 2.88081 0.66674,2.34252 2.92698 0.70356,2.34252 2.88785 0.655543,2.34252 2.94105 0.681166,2.34252 2.89221 0.643061,2.34252 2.94979 0.656202,2.34252 2.89369 0.62992,2.34252 2.95275 0.62992,2.34252 2.89369 0.15748,2.34252 2.95275 0.15748]
}}
appearance Appearance{material Material{diffuseColor 1 1 1
transparency 0}}}
Shape { geometry IndexedFaceSet 
{ creaseAngle 0.50 coordIndex [0,1,2,-1,0,2,3,-1,4,1,0,-1,5,6,1,-1,5,1,4,-1,7,6,5,-1,8,6,7,-1,9,8,7,-1,10,11,8,-1,10,8,9,-1,12,13,11,-1,12,11,10,-1,14,13,12,-1,15,13,14,-1,16,15,14,-1,17,15,16,-1,18,15,17,-1,19,18,17,-1,20,18,19,-1,21,20,19,-1]
coord Coordinate { point [0.399658 1.38468 0.407479,0.399658 1.38007 0.426617,0.399658 1.0854 0.355375,0.399658 1.0854 0.335388,0.399658 1.40026 0.411918,0.399658 1.41542 0.417623,0.399658 1.42091 0.441985,0.399658 1.43006 0.424554,0.399658 1.55013 0.509805,0.399658 1.55928 0.492375,0.399658 1.57679 0.499832,0.399658 1.57568 0.519947,0.399658 1.5952 0.50437,0.399658 1.6029 0.524825,0.399658 1.61417 0.505904,0.399658 1.63535 0.523761,0.399658 1.63451 0.504141,0.399658 1.64693 0.501271,0.399658 1.66647 0.515277,0.399658 1.659 0.497066,0.399658 1.7427 0.484004,0.399658 1.73523 0.465792]
}}
appearance Appearance{material Material{diffuseColor 1 0.807843 0.498039
transparency 0}}}
Shape { geometry IndexedFaceSet 
{ creaseAngle 0.50 coordIndex [0,1,2,-1,1,3,2,-1]
coord Coordinate { point [0.846455 -0.3937 0.151574,0.688975 -0.3937 0.151574,0.846455 -0.3937 0.019685,0.688975 -0.3937 0.019685]
}}
appearance Appearance{material Material{diffuseColor 0.411765 0.411765 0.411765
transparency 0}}}
Shape { geometry IndexedFaceSet 
{ creaseAngle 0.50 coordIndex [0,1,2,-1,2,1,3,-1]
coord Coordinate { point [-1.37204 1.29562 0.544665,-1.4311 1.29562 0.544665,-1.37204 1.1664 0.476845,-1.4311 1.1664 0.476845]
}}
appearance Appearance{material Material{diffuseColor 1 0.807843 0.498039
transparency 0}}}
Shape { geometry IndexedFaceSet 
{ creaseAngle 0.50 coordIndex [0,1,2,-1,0,3,1,-1]
coord Coordinate { point [-2.45078 2.95275 0.019685,-2.45078 2.40157 0.098425,-2.45078 2.40157 0.019685,-2.45078 2.95275 0.098425]
}}
appearance Appearance{material Material{diffuseColor 0.411765 0.411765 0.411765
transparency 0}}}
Shape { geometry IndexedFaceSet 
{ creaseAngle 0.50 coordIndex [0,1,2,-1,3,1,0,-1]
coord Coordinate { point [2.7559 0.600392 0.098425,2.69685 0.600392 0.255905,2.7559 0.600392 0.255905,2.69685 0.600392 0.098425]
}}
appearance Appearance{material Material{diffuseColor 1 1 1
transparency 0}}}
Shape { geometry IndexedFaceSet 
{ creaseAngle 0.50 coordIndex [0,1,2,-1,3,1,0,-1]
coord Coordinate { point [0.251968 -1.25984 0.03937,0.409448 -1.24016 0.019685,0.409448 -1.25984 0.03937,0.251968 -1.24016 0.019685]
}}
appearance Appearance{material Material{diffuseColor 1 0.807843 0.498039
transparency 0}}}
Shape { geometry IndexedFaceSet 
{ creaseAngle 0.50 coordIndex [0,1,2,-1,3,1,4,-1,1,5,4,-1,0,5,1,-1]
coord Coordinate { point [0.797243 3.05117 0.35433,0.797243 2.95275 0.098425,0.797243 2.95275 0.35433,0.797243 2.40157 0.098425,0.797243 2.40157 0.019685,0.797243 3.05117 0.019685]
}}
appearance Appearance{material Material{diffuseColor 0.411765 0.411765 0.411765
transparency 0}}}
Shape { geometry IndexedFaceSet 
{ creaseAngle 0.50 coordIndex [0,1,2,-1,2,1,3,-1,3,4,5,-1,1,4,3,-1,5,6,7,-1,4,6,5,-1,7,8,9,-1,6,8,7,-1,9,10,11,-1,8,10,9,-1,11,12,13,-1,13,12,14,-1,10,12,11,-1,14,15,16,-1,12,15,14,-1]
coord Coordinate { point [-0.181102 -1.04321 0.116423,-0.181102 -1.04451 0.107945,-0.023622 -1.04321 0.116423,-0.023622 -1.04485 0.106775,-0.181102 -1.04762 0.09995,-0.023622 -1.04838 0.0985549,-0.181102 -1.05238 0.0928166,-0.023622 -1.05321 0.09186,-0.181102 -1.05857 0.0868835,-0.023622 -1.05946 0.0862191,-0.181102 -1.0659 0.0824323,-0.023622 -1.06655 0.082134,-0.181102 -1.07402 0.0796742,-0.023622 -1.07418 0.0796418,-0.023622 -1.07835 0.0789663,-0.181102 -1.08255 0.07874,-0.023622 -1.08255 0.07874]
}}
appearance Appearance{material Material{diffuseColor 1 0.807843 0.498039
transparency 0}}}
Shape { geometry IndexedFaceSet 
{ creaseAngle 0.50 coordIndex [0,1,2,-1,3,2,4,-1,3,0,2,-1,5,4,6,-1,5,3,4,-1,7,6,8,-1,7,5,6,-1,9,8,10,-1,9,7,8,-1,11,10,12,-1,11,9,10,-1,13,12,14,-1,13,11,12,-1,15,13,14,-1]
coord Coordinate { point [-2.29729 1.24514 0.476845,-2.29729 1.37436 0.544665,-2.30605 1.37481 0.543791,-2.30605 1.2456 0.475971,-2.31437 1.37617 0.541213,-2.31437 1.24695 0.473392,-2.32184 1.37835 0.53706,-2.32184 1.24913 0.469239,-2.32807 1.38124 0.53154,-2.32807 1.25203 0.46372,-2.33276 1.38471 0.52493,-2.33276 1.2555 0.45711,-2.33568 1.38858 0.517562,-2.33568 1.25936 0.449742,-2.33666 1.39265 0.509805,-2.33666 1.26343 0.441985]
}}
appearance Appearance{material Material{diffuseColor 1 0.807843 0.498039
transparency 0}}}
Shape { geometry IndexedFaceSet 
{ creaseAngle 0.50 coordIndex [0,1,2,-1,0,3,1,-1,4,2,5,-1,4,0,2,-1,6,7,8,-1,6,5,7,-1,6,4,5,-1,9,6,8,-1]
coord Coordinate { point [-0.998082 1.41026 0.558767,-0.938922 1.37436 0.544665,-0.938922 1.41026 0.558767,-0.998082 1.37436 0.544665,-0.998082 1.44837 0.564764,-0.938922 1.44837 0.564764,-0.998082 1.48687 0.562371,-0.938922 1.48687 0.562371,-0.938922 1.52394 0.551701,-0.998082 1.52394 0.551701]
}}
appearance Appearance{material Material{diffuseColor 1 0.807843 0.498039
transparency 0}}}
Shape { geometry IndexedFaceSet 
{ creaseAngle 0.50 coordIndex [0,1,2,-1,3,1,0,-1]
coord Coordinate { point [-0.171312 0.927921 0.335387,-0.173717 0.866418 0.340446,-0.171313 0.927896 0.355543,-0.173655 0.870946 0.321663]
}}
appearance Appearance{material Material{diffuseColor 1 0.807843 0.498039
transparency 0}}}
Shape { geometry IndexedFaceSet 
{ creaseAngle 0.50 coordIndex [0,1,2,-1,2,1,3,-1,3,4,5,-1,1,4,3,-1,5,6,7,-1,4,6,5,-1,7,8,9,-1,6,8,7,-1,9,10,11,-1,8,10,9,-1,11,12,13,-1,10,12,11,-1,13,14,15,-1,12,14,13,-1]
coord Coordinate { point [-2.12992 1.75196 0.120078,-2.13189 1.76949 0.120078,-2.12992 1.75196 0.019685,-2.13189 1.76949 0.019685,-2.13771 1.78613 0.120078,-2.13771 1.78613 0.019685,-2.1471 1.80106 0.120078,-2.1471 1.80106 0.019685,-2.15956 1.81353 0.120078,-2.15956 1.81353 0.019685,-2.17449 1.82291 0.120078,-2.17449 1.82291 0.019685,-2.19114 1.82873 0.120078,-2.19114 1.82873 0.019685,-2.20866 1.8307 0.120078,-2.20866 1.8307 0.019685]
}}
appearance Appearance{material Material{diffuseColor 0.411765 0.411765 0.411765
transparency 0}}}
Shape { geometry IndexedFaceSet 
{ creaseAngle 0.50 coordIndex [0,1,2,-1,1,3,2,-1]
coord Coordinate { point [-2.18504 -0.55118 0.263779,-2.18504 -0.3937 0.263779,-2.18504 -0.55118 0.210629,-2.18504 -0.3937 0.210629]
}}
appearance Appearance{material Material{diffuseColor 0.792157 0.819608 0.933333
transparency 0}}}
Shape { geometry IndexedFaceSet 
{ creaseAngle 0.50 coordIndex [0,1,2,-1,0,3,1,-1,4,2,5,-1,4,0,2,-1,6,5,7,-1,6,4,5,-1,8,7,9,-1,8,6,7,-1,10,9,11,-1,10,8,9,-1,12,11,13,-1,12,13,14,-1,12,10,11,-1,15,12,14,-1]
coord Coordinate { point [-2.69684 -2.97027 0.549206,-2.7559 -2.95275 0.55118,-2.7559 -2.97027 0.549206,-2.69685 -2.95275 0.55118,-2.69684 -2.98691 0.543382,-2.7559 -2.98691 0.543382,-2.69684 -3.00184 0.534001,-2.7559 -3.00184 0.534001,-2.69684 -3.01431 0.521534,-2.7559 -3.01431 0.521534,-2.69684 -3.02369 0.506604,-2.7559 -3.02369 0.506604,-2.69684 -3.02952 0.489961,-2.7559 -3.02952 0.489961,-2.7559 -3.03149 0.47244,-2.69685 -3.03149 0.47244]
}}
appearance Appearance{material Material{diffuseColor 1 1 1
transparency 0}}}
Shape { geometry IndexedFaceSet 
{ creaseAngle 0.50 coordIndex [0,1,2,-1,2,1,3,-1]
coord Coordinate { point [-0.938922 1.37436 0.544665,-0.998082 1.37436 0.544665,-0.938922 1.24514 0.476845,-0.998082 1.24514 0.476845]
}}
appearance Appearance{material Material{diffuseColor 1 0.807843 0.498039
transparency 0}}}
Shape { geometry IndexedFaceSet 
{ creaseAngle 0.50 coordIndex [0,1,2,-1,0,3,1,-1,4,2,5,-1,4,0,2,-1]
coord Coordinate { point [0.261758 1.43006 0.424554,0.399658 1.41542 0.417623,0.399658 1.40026 0.411918,0.399658 1.43006 0.424554,0.261758 1.38468 0.407479,0.399658 1.38468 0.407479]
}}
appearance Appearance{material Material{diffuseColor 1 0.807843 0.498039
transparency 0}}}
Shape { geometry IndexedFaceSet 
{ creaseAngle 0.50 coordIndex [0,1,2,-1,2,1,3,-1,3,4,5,-1,5,4,6,-1,1,4,3,-1,4,7,6,-1]
coord Coordinate { point [-1.86422 1.24514 0.476845,-1.86422 1.23489 0.471992,-1.80506 1.24514 0.476845,-1.80506 1.23489 0.471992,-1.86422 1.22428 0.467999,-1.80506 1.22428 0.467999,-1.80506 1.21337 0.464892,-1.86422 1.21337 0.464892]
}}
appearance Appearance{material Material{diffuseColor 1 0.807843 0.498039
transparency 0}}}
Shape { geometry IndexedFaceSet 
{ creaseAngle 0.50 coordIndex [0,1,2,-1,0,3,1,-1,4,5,6,-1,4,6,7,-1,8,9,5,-1,8,5,4,-1,8,7,3,-1,8,4,7,-1,10,11,12,-1,10,13,11,-1,14,15,16,-1,14,17,15,-1,18,10,12,-1,19,0,2,-1,19,2,17,-1,20,3,0,-1,20,9,8,-1,20,8,3,-1,21,18,12,-1,22,16,13,-1,22,14,16,-1,23,19,17,-1,24,25,26,-1,23,17,14,-1,27,28,9,-1,27,0,19,-1,27,9,20,-1,27,20,0,-1,29,12,25,-1,29,30,31,-1,32,24,26,-1,29,21,12,-1,33,22,13,-1,33,13,10,-1,34,33,10,-1,34,10,18,-1,35,32,26,-1,36,14,22,-1,36,23,14,-1,37,19,23,-1,37,27,19,-1,38,6,39,-1,37,28,27,-1,40,30,29,-1,40,29,25,-1,41,29,31,-1,41,21,29,-1,42,38,39,-1,41,43,34,-1,41,34,18,-1,41,31,43,-1,41,18,21,-1,44,24,30,-1,45,39,46,-1,44,40,25,-1,44,30,40,-1,44,25,24,-1,45,42,39,-1,47,36,22,-1,47,22,33,-1,48,33,34,-1,48,34,43,-1,48,43,50,-1,49,6,38,-1,48,47,33,-1,51,52,28,-1,51,28,37,-1,51,23,36,-1,15,45,46,-1,51,37,23,-1,53,50,52,-1,53,36,47,-1,53,48,50,-1,53,47,48,-1,1,38,42,-1,53,51,36,-1,1,49,38,-1,53,52,51,-1,7,6,49,-1,2,1,42,-1,2,42,45,-1,16,46,11,-1,16,15,46,-1,3,7,49,-1,3,49,1,-1,13,16,11,-1,17,2,45,-1,17,45,15,-1]
coord Coordinate { point [-0.472462 1.52724 0.483153,-0.474813 1.53049 0.481445,-0.473951 1.52947 0.484671,-0.473738 1.52888 0.480349,-0.474327 1.5289 0.476919,-0.474099 1.52794 0.475197,-0.478066 1.53223 0.473438,-0.47491 1.53005 0.478179,-0.472898 1.52723 0.478534,-0.470843 1.52305 0.477207,-0.480686 1.52971 0.50335,-0.484139 1.53593 0.498453,-0.488547 1.53422 0.505893,-0.47926 1.53104 0.499389,-0.472891 1.52584 0.493235,-0.477427 1.53276 0.490939,-0.478093 1.53214 0.494876,-0.47312 1.52755 0.489581,-0.481081 1.52934 0.504277,-0.471023 1.52441 0.487443,-0.471298 1.52495 0.480641,-0.482429 1.52809 0.507067,-0.473071 1.52355 0.497437,-0.470359 1.52204 0.490654,-0.490853 1.52027 0.517622,-0.493826 1.53112 0.512236,-0.49971 1.52678 0.517163,-0.469385 1.52118 0.483905,-0.467607 1.51492 0.480541,-0.484339 1.52631 0.5103,-0.48277 1.51856 0.513458,-0.475972 1.51618 0.507658,-0.498231 1.52113 0.519709,-0.473666 1.52122 0.501136,-0.473873 1.52062 0.502004,-0.505904 1.52142 0.520428,-0.470058 1.51903 0.494365,-0.46838 1.51815 0.48638,-0.477191 1.53302 0.479424,-0.478764 1.53491 0.481808,-0.486776 1.52405 0.513589,-0.474668 1.5187 0.50462,-0.477022 1.53317 0.482142,-0.470858 1.51326 0.500527,-0.487216 1.52364 0.514106,-0.477009 1.53317 0.485636,-0.480823 1.53617 0.490288,-0.47025 1.51609 0.497652,-0.470364 1.51536 0.498426,-0.475657 1.53117 0.478941,-0.467648 1.50996 0.492498,-0.467703 1.5144 0.48928,-0.466535 1.50648 0.484004,-0.467579 1.51084 0.491885]
}}
appearance Appearance{material Material{diffuseColor 1 0.807843 0.498039
transparency 0}}}
Shape { geometry IndexedFaceSet 
{ creaseAngle 0.50 coordIndex [0,1,2,-1,0,2,3,-1,4,3,5,-1,4,0,3,-1,6,5,7,-1,6,4,5,-1,8,7,9,-1,8,6,7,-1,10,9,11,-1,10,8,9,-1,12,11,13,-1,12,10,11,-1,14,13,15,-1,14,12,13,-1]
coord Coordinate { point [0.292367 1.68104 0.550788,0.301128 1.68142 0.551701,0.301128 1.75764 0.520428,0.291947 1.75722 0.519398,0.284046 1.67994 0.548094,0.283268 1.756 0.516428,0.276581 1.67816 0.543755,0.275561 1.75406 0.511697,0.270347 1.67579 0.537987,0.269291 1.75148 0.505407,0.265657 1.67296 0.531081,0.26479 1.74841 0.497929,0.262745 1.6698 0.523382,0.262535 1.74561 0.491103,0.261758 1.66647 0.515277,0.261758 1.7427 0.484004]
}}
appearance Appearance{material Material{diffuseColor 1 0.807843 0.498039
transparency 0}}}
Shape { geometry IndexedFaceSet 
{ creaseAngle 0.50 coordIndex [0,1,2,-1,1,3,2,-1]
coord Coordinate { point [-2.18504 -0.3937 0.151574,-2.34252 -0.3937 0.151574,-2.18504 -0.3937 0.019685,-2.34252 -0.3937 0.019685]
}}
appearance Appearance{material Material{diffuseColor 0.411765 0.411765 0.411765
transparency 0}}}
Shape { geometry IndexedFaceSet 
{ creaseAngle 0.50 coordIndex [0,1,2,-1,2,3,4,-1,1,3,2,-1,4,5,6,-1,3,5,4,-1]
coord Coordinate { point [2.12598 -2.00163 0.492125,2.11521 -2.02198 0.492126,2.12598 -2.02753 0.480163,2.10857 -2.04402 0.492125,2.12598 -2.05198 0.473711,2.10629 -2.06693 0.492125,2.12598 -2.07497 0.472769]
}}
appearance Appearance{material Material{diffuseColor 0.792157 0.819608 0.933333
transparency 0}}}
Shape { geometry IndexedFaceSet 
{ creaseAngle 0.50 coordIndex [0,1,2,-1,1,3,2,-1,4,5,1,-1,1,5,3,-1]
coord Coordinate { point [-2.31102 2.95275 0.687006,-2.31102 2.7559 0.687006,-2.25393 2.95275 0.62992,-2.25393 2.59842 0.62992,-2.31299 2.7559 0.688975,-2.31299 2.59842 0.688975]
}}
appearance Appearance{material Material{diffuseColor 0.411765 0.411765 0.411765
transparency 0}}}
Shape { geometry IndexedFaceSet 
{ creaseAngle 0.50 coordIndex [0,1,2,-1,1,3,2,-1,2,4,5,-1,3,4,2,-1,5,6,7,-1,4,6,5,-1,7,8,9,-1,6,8,7,-1,9,10,11,-1,8,10,9,-1,11,12,13,-1,10,12,11,-1,13,14,15,-1,12,14,13,-1,15,16,17,-1,14,16,15,-1,17,18,19,-1,16,18,17,-1,19,20,21,-1,18,20,19,-1,21,22,23,-1,20,22,21,-1,23,24,25,-1,22,24,23,-1,25,26,27,-1,24,26,25,-1]
coord Coordinate { point [0.098425 0.74803 0.74803,0.098425 0.74803 0.688975,0.096709 0.733897 0.74803,0.096709 0.733897 0.688975,0.0916606 0.720586 0.688975,0.0916606 0.720586 0.74803,0.0835733 0.708869 0.688975,0.0835733 0.708869 0.74803,0.0729171 0.699429 0.688975,0.0729171 0.699429 0.74803,0.0603112 0.692813 0.688975,0.0603112 0.692813 0.74803,0.0464883 0.689406 0.688975,0.0464883 0.689406 0.74803,0.0322517 0.689406 0.688975,0.0322517 0.689406 0.74803,0.0184288 0.692813 0.688975,0.0184288 0.692813 0.74803,0.00582294 0.699429 0.688975,0.00582294 0.699429 0.74803,-0.0048333 0.708869 0.688975,-0.0048333 0.708869 0.74803,-0.0129206 0.720586 0.688975,-0.0129206 0.720586 0.74803,-0.017969 0.733897 0.688975,-0.017969 0.733897 0.74803,-0.019685 0.74803 0.688975,-0.019685 0.74803 0.74803]
}}
appearance Appearance{material Material{diffuseColor 1 1 1
transparency 0}}}
Shape { geometry IndexedFaceSet 
{ creaseAngle 0.50 coordIndex [0,1,2,-1,0,2,3,-1]
coord Coordinate { point [-2.31102 2.95275 0.687006,-2.62007 2.95275 0.687006,-2.62007 2.7559 0.687006,-2.31102 2.7559 0.687006]
}}
appearance Appearance{material Material{diffuseColor 0.792157 0.819608 0.933333
transparency 0}}}
Shape { geometry IndexedFaceSet 
{ creaseAngle 0.50 coordIndex [0,1,2,-1,0,2,3,-1,4,0,3,-1,5,6,0,-1,5,0,4,-1,7,8,9,-1,7,10,11,-1,7,11,12,-1,13,5,4,-1,14,9,5,-1,14,5,13,-1,15,13,16,-1,15,14,13,-1,17,7,9,-1,17,10,7,-1,17,9,14,-1]
coord Coordinate { point [2.47047 -1.85039 0.492125,2.47047 -1.85039 0.688975,2.53937 -1.85039 0.688975,2.57874 -1.85039 0.688975,2.57874 -1.85039 0.11811,2.28346 -1.85039 0.386732,2.28346 -1.85039 0.492125,1.97834 -1.85039 0.492125,2.12598 -1.85039 0.492125,2.12598 -1.85039 0.386732,1.83071 -1.85039 0.688975,1.87007 -1.85039 0.688975,1.97834 -1.85039 0.688975,2.32283 -1.85039 0.11811,2.08661 -1.85039 0.11811,2.08661 -1.85039 0.019685,2.32283 -1.85039 0.019685,1.83071 -1.85039 0.11811]
}}
appearance Appearance{material Material{diffuseColor 0.411765 0.411765 0.411765
transparency 0}}}
Shape { geometry IndexedFaceSet 
{ creaseAngle 0.50 coordIndex [0,1,2,-1,0,2,3,-1,0,3,4,-1,5,4,6,-1,5,0,4,-1,7,1,0,-1,8,6,9,-1,8,5,6,-1,10,9,11,-1,10,8,9,-1]
coord Coordinate { point [2.12598 -2.07497 0.55118,2.10629 -2.06693 0.492125,2.10629 -2.06692 0.688975,2.12389 -2.07379 0.671779,2.13896 -2.08436 0.657919,2.13759 -2.08316 0.55118,2.14551 -2.0909 0.653314,2.12598 -2.07497 0.472769,2.14754 -2.09329 0.55118,2.15081 -2.09762 0.650928,2.15551 -2.10504 0.55118,2.15551 -2.10504 0.649605]
}}
appearance Appearance{material Material{diffuseColor 0.792157 0.819608 0.933333
transparency 0}}}
Shape { geometry IndexedFaceSet 
{ creaseAngle 0.50 coordIndex [0,1,2,-1,3,4,5,-1,6,2,4,-1,6,4,3,-1,7,5,8,-1,7,3,5,-1,9,0,2,-1,9,2,6,-1,10,7,8,-1,11,8,12,-1,11,10,8,-1,13,11,12,-1,14,13,12,-1,15,14,12,-1,16,17,15,-1,16,18,17,-1,16,19,18,-1,16,15,12,-1]
coord Coordinate { point [2.3622 -3.03149 0.688975,2.00787 -3.03149 0.688975,2.00787 -2.71653 0.688975,2.33822 -2.50038 0.688975,2.0056 -2.69774 0.688975,1.99891 -2.68004 0.688975,2.34922 -2.50983 0.688975,2.32985 -2.48854 0.688975,1.98819 -2.66445 0.688975,2.3622 -2.5163 0.688975,2.32461 -2.47502 0.688975,2.32283 -2.46063 0.688975,1.98819 -2.24409 0.688975,2.32283 -2.41732 0.688975,2.32461 -2.40293 0.688975,2.32985 -2.3894 0.688975,2.3622 -2.24409 0.688975,2.33822 -2.37756 0.688975,2.34922 -2.36812 0.688975,2.3622 -2.36164 0.688975]
}}
appearance Appearance{material Material{diffuseColor 1 1 1
transparency 0}}}
Shape { geometry IndexedFaceSet 
{ creaseAngle 0.50 coordIndex [0,1,2,-1,3,1,0,-1]
coord Coordinate { point [-1.9685 2.32768 0.610054,-1.92913 2.32957 0.629649,-1.92913 2.32768 0.610054,-1.9685 2.32957 0.629649]
}}
appearance Appearance{material Material{diffuseColor 1 1 1
transparency 0}}}
Shape { geometry IndexedFaceSet 
{ creaseAngle 0.50 coordIndex [0,1,2,-1,0,3,1,-1,4,5,0,-1,4,0,2,-1]
coord Coordinate { point [2.3622 -2.44094 0.098425,1.9685 -3.03149 0.098425,1.9685 -2.32283 0.098425,2.3622 -3.03149 0.098425,2.67716 -2.32283 0.098425,2.67716 -2.44094 0.098425]
}}
appearance Appearance{material Material{diffuseColor 0.411765 0.411765 0.411765
transparency 0}}}
Shape { geometry IndexedFaceSet 
{ creaseAngle 0.50 coordIndex [0,1,2,-1,3,1,0,-1,4,5,3,-1,3,6,1,-1,5,6,3,-1,6,7,1,-1,8,9,5,-1,5,9,6,-1,10,11,8,-1,8,11,9,-1]
coord Coordinate { point [-0.00681946 0.19648 0.219936,-0.184748 0.558782 0.30721,-0.197935 0.19648 0.219936,-0.0199912 0.558782 0.30721,-0.0308373 0.857113 0.379074,-0.0705685 0.857113 0.379074,-0.134158 0.857113 0.379074,-0.17389 0.857114 0.379074,-0.0727817 0.91799 0.393739,-0.131942 0.917989 0.393739,-0.0727817 1.21337 0.464892,-0.131942 1.21337 0.464892]
}}
appearance Appearance{material Material{diffuseColor 1 0.807843 0.498039
transparency 0}}}
Shape { geometry IndexedFaceSet 
{ creaseAngle 0.50 coordIndex [0,1,2,-1,3,1,4,-1,4,1,5,-1,5,1,6,-1,6,1,7,-1,7,1,8,-1,8,1,0,-1,9,10,11,-1,2,10,9,-1,1,10,2,-1,11,12,13,-1,13,12,14,-1,14,12,15,-1,16,12,17,-1,17,12,10,-1,10,12,11,-1]
coord Coordinate { point [2.63779 -3.03149 0.066929,2.7559 -2.91338 0.066929,2.51968 -3.03149 0.066929,2.75294 -2.93966 0.066929,2.7442 -2.96463 0.066929,2.73013 -2.98702 0.066929,2.71143 -3.00572 0.066929,2.68904 -3.01979 0.066929,2.66407 -3.02853 0.066929,2.51968 -2.51968 0.066929,2.7559 -2.63779 0.066929,2.63779 -2.51968 0.066929,2.73013 -2.56415 0.066929,2.66407 -2.52264 0.066929,2.68904 -2.53138 0.066929,2.71143 -2.54545 0.066929,2.7442 -2.58654 0.066929,2.75294 -2.61151 0.066929]
}}
appearance Appearance{material Material{diffuseColor 1 1 1
transparency 0}}}
Shape { geometry IndexedFaceSet 
{ creaseAngle 0.50 coordIndex [0,1,2,-1,3,2,4,-1,3,0,2,-1,5,4,6,-1,5,3,4,-1,7,6,8,-1,7,5,6,-1,9,8,10,-1,9,7,8,-1,11,10,12,-1,11,9,10,-1,13,12,14,-1,13,11,12,-1,15,13,14,-1]
coord Coordinate { point [-2.79527 0.846455 0.303149,-2.67716 0.846455 0.303149,-2.67716 0.859596 0.301668,-2.79527 0.859596 0.301668,-2.67716 0.872078 0.297301,-2.79527 0.872078 0.297301,-2.67716 0.883275 0.290265,-2.79527 0.883275 0.290265,-2.67716 0.892626 0.280914,-2.79527 0.892626 0.280914,-2.67716 0.899662 0.269717,-2.79527 0.899662 0.269717,-2.67716 0.904029 0.257235,-2.79527 0.904029 0.257235,-2.67716 0.90551 0.244094,-2.79527 0.90551 0.244094]
}}
appearance Appearance{material Material{diffuseColor 0.411765 0.411765 0.411765
transparency 0}}}
Shape { geometry IndexedFaceSet 
{ creaseAngle 0.50 coordIndex [0,1,2,-1,2,3,4,-1,1,3,2,-1,4,5,6,-1,3,5,4,-1,6,7,8,-1,8,7,9,-1,5,7,6,-1,9,10,11,-1,7,10,9,-1]
coord Coordinate { point [-0.466535 1.32306 0.492375,-0.60433 1.32306 0.492375,-0.466534 1.34057 0.499832,-0.60433 1.347 0.501776,-0.466534 1.35898 0.50437,-0.60433 1.3724 0.505774,-0.466535 1.37795 0.505904,-0.60433 1.39807 0.504179,-0.466534 1.39829 0.504141,-0.466534 1.41071 0.501271,-0.60433 1.42278 0.497066,-0.466535 1.42278 0.497066]
}}
appearance Appearance{material Material{diffuseColor 1 0.807843 0.498039
transparency 0}}}
Shape { geometry IndexedFaceSet 
{ creaseAngle 0.50 coordIndex [0,1,2,-1,0,2,3,-1]
coord Coordinate { point [2.67716 2.02755 0.216535,2.67716 2.02755 0.413385,2.79527 2.02755 0.279527,2.79527 2.02755 0.216535]
}}
appearance Appearance{material Material{diffuseColor 0.411765 0.411765 0.411765
transparency 0}}}
Shape { geometry IndexedFaceSet 
{ creaseAngle 0.50 coordIndex [0,1,2,-1,3,1,0,-1,4,1,3,-1,1,5,6,-1,4,5,1,-1]
coord Coordinate { point [1.75196 -2.97244 0.767715,1.83071 -2.85433 0.767715,1.75196 -2.85433 0.767715,1.79133 -3.03149 0.767715,1.98819 -3.03149 0.767715,1.98819 -2.71653 0.767715,1.83071 -2.71653 0.767715]
}}
appearance Appearance{material Material{diffuseColor 0.411765 0.411765 0.411765
transparency 0}}}
Shape { geometry IndexedFaceSet 
{ creaseAngle 0.50 coordIndex [0,1,2,-1,1,3,2,-1,2,4,5,-1,3,4,2,-1,5,6,7,-1,4,6,5,-1,7,8,9,-1,6,8,7,-1,9,10,11,-1,8,10,9,-1,11,12,13,-1,10,12,11,-1,13,14,15,-1,12,14,13,-1]
coord Coordinate { point [0.059055 2.99212 0.51181,0.059055 3.05117 0.51181,0.0415337 2.99212 0.513784,0.0415337 3.05118 0.513784,0.024891 3.05118 0.519608,0.024891 2.99212 0.519608,0.00996141 3.05118 0.528989,0.00996141 2.99212 0.528989,-0.00250641 3.05118 0.541456,-0.00250641 2.99212 0.541456,-0.0118873 3.05118 0.556386,-0.0118873 2.99212 0.556386,-0.0177108 3.05118 0.573029,-0.0177108 2.99212 0.573029,-0.019685 3.05117 0.59055,-0.019685 2.99212 0.59055]
}}
appearance Appearance{material Material{diffuseColor 1 1 1
transparency 0}}}
Shape { geometry IndexedFaceSet 
{ creaseAngle 0.50 coordIndex [0,1,2,-1,3,4,0,-1,5,4,3,-1,0,4,1,-1]
coord Coordinate { point [-2.31299 2.59842 0.688975,-2.25393 2.59842 0.342519,-2.25393 2.59842 0.62992,-2.6181 2.59842 0.688975,-2.67716 2.59842 0.342519,-2.67716 2.59842 0.62992]
}}
appearance Appearance{material Material{diffuseColor 0.411765 0.411765 0.411765
transparency 0}}}
Shape { geometry IndexedFaceSet 
{ creaseAngle 0.50 coordIndex [0,1,2,-1,2,1,3,-1,3,4,5,-1,1,4,3,-1,5,6,7,-1,4,6,5,-1,7,8,9,-1,6,8,7,-1,9,10,11,-1,8,10,9,-1,12,13,14,-1,11,13,12,-1,10,13,11,-1,13,15,14,-1]
coord Coordinate { point [-1.9685 2.32768 0.610054,-1.97726 2.32867 0.60996,-1.9685 2.32957 0.629649,-1.97726 2.33055 0.629554,-1.98558 2.33157 0.609681,-1.98558 2.33345 0.629276,-1.99305 2.33623 0.609232,-1.99305 2.33812 0.628827,-1.99928 2.34244 0.608636,-1.99928 2.34432 0.62823,-2.00397 2.34987 0.607921,-2.00397 2.35175 0.627516,-2.00688 2.36004 0.626719,-2.00688 2.35815 0.607125,-2.00787 2.36876 0.625881,-2.00787 2.36687 0.606286]
}}
appearance Appearance{material Material{diffuseColor 1 1 1
transparency 0}}}
Shape { geometry IndexedFaceSet 
{ creaseAngle 0.50 coordIndex [0,1,2,-1,0,2,3,-1,4,1,0,-1,5,4,0,-1,6,7,4,-1,6,4,5,-1,8,9,7,-1,8,7,6,-1]
coord Coordinate { point [-1.05062 0.572609 0.249798,-0.886396 0.572603 0.249796,-0.873462 0.21031 0.162523,-1.06357 0.21031 0.162523,-0.897245 0.870939 0.321662,-1.03979 0.870946 0.321663,-1.03745 0.927921 0.335387,-0.899552 0.927924 0.335388,-1.03745 1.2272 0.407479,-0.899552 1.2272 0.407479]
}}
appearance Appearance{material Material{diffuseColor 1 0.807843 0.498039
transparency 0}}}
Shape { geometry IndexedFaceSet 
{ creaseAngle 0.50 coordIndex [0,1,2,-1,3,2,4,-1,3,0,2,-1,5,4,6,-1,5,3,4,-1,7,6,8,-1,7,5,6,-1,9,8,10,-1,9,7,8,-1,11,10,12,-1,11,12,13,-1,14,9,10,-1,14,10,11,-1,15,14,11,-1,16,14,15,-1,17,16,15,-1]
coord Coordinate { point [-1.76569 1.22259 0.426617,-1.76569 1.26343 0.441985,-1.76668 1.25936 0.449742,-1.76668 1.22054 0.435134,-1.76959 1.2555 0.45711,-1.76959 1.21859 0.443224,-1.77428 1.25203 0.46372,-1.77428 1.21684 0.450481,-1.78051 1.24913 0.469239,-1.78051 1.21538 0.456542,-1.78798 1.24695 0.473392,-1.80506 1.23489 0.471992,-1.7963 1.2456 0.475971,-1.80506 1.24514 0.476845,-1.78798 1.21428 0.461102,-1.80506 1.22428 0.467999,-1.7963 1.2136 0.463933,-1.80506 1.21337 0.464892]
}}
appearance Appearance{material Material{diffuseColor 1 0.807843 0.498039
transparency 0}}}
Shape { geometry IndexedFaceSet 
{ creaseAngle 0.50 coordIndex [0,1,2,-1,3,2,1,-1,4,0,2,-1,5,2,3,-1,6,4,2,-1,7,2,5,-1,2,8,6,-1]
coord Coordinate { point [-0.590433 0.780413 0.371729,-0.597246 0.781927 0.365576,-0.606909 0.778374 0.379074,-0.602349 0.783721 0.358004,-0.582314 0.779272 0.376135,-0.605521 0.785676 0.349473,-0.574895 0.778653 0.378333,-0.606736 0.787678 0.340446,-0.567177 0.778373 0.379074]
}}
appearance Appearance{material Material{diffuseColor 0.792157 0.819608 0.933333
transparency 0}}}
Shape { geometry IndexedFaceSet 
{ creaseAngle 0.50 coordIndex [0,1,2,-1,0,2,3,-1]
coord Coordinate { point [-1.04724 -1.39764 0.019685,-0.889762 -1.39764 0.019685,-0.889762 -1.41732 0.03937,-1.04724 -1.41732 0.03937]
}}
appearance Appearance{material Material{diffuseColor 1 0.807843 0.498039
transparency 0}}}
Shape { geometry IndexedFaceSet 
{ creaseAngle 0.50 coordIndex [0,1,2,-1,2,1,3,-1]
coord Coordinate { point [-2.18504 2.71653 0.460629,-2.18504 2.71653 0.263779,-2.18504 2.65747 0.460629,-2.18504 2.65747 0.263779]
}}
appearance Appearance{material Material{diffuseColor 1 1 1
transparency 0}}}
Shape { geometry IndexedFaceSet 
{ creaseAngle 0.50 coordIndex [0,1,2,-1,0,3,1,-1]
coord Coordinate { point [-0.59055 2.95275 0.492125,-1.06299 2.89369 0.492125,-1.06299 2.95275 0.492125,-0.59055 2.89369 0.492125]
}}
appearance Appearance{material Material{diffuseColor 1 1 1
transparency 0}}}
Shape { geometry IndexedFaceSet 
{ creaseAngle 0.50 coordIndex [0,1,2,-1,3,1,0,-1]
coord Coordinate { point [-0.200787 -0.137795 0.210629,-0.00397025 0.11811 0.210629,-0.200787 0.11811 0.210629,-0.00394624 -0.137795 0.210629]
}}
appearance Appearance{material Material{diffuseColor 1 0.807843 0.498039
transparency 0}}}
Shape { geometry IndexedFaceSet 
{ creaseAngle 0.50 coordIndex [0,1,2,-1,3,1,0,-1]
coord Coordinate { point [-1.49999 -0.137795 0.210629,-1.30318 0.03937 0.210629,-1.49997 0.0393699 0.210629,-1.30316 -0.137795 0.210629]
}}
appearance Appearance{material Material{diffuseColor 1 0.807843 0.498039
transparency 0}}}
Shape { geometry IndexedFaceSet 
{ creaseAngle 0.50 coordIndex [0,1,2,-1,1,3,2,-1]
coord Coordinate { point [2.32283 2.55905 0.11811,2.08661 2.55905 0.11811,2.32283 2.55905 0.019685,2.08661 2.55905 0.019685]
}}
appearance Appearance{material Material{diffuseColor 0.411765 0.411765 0.411765
transparency 0}}}
Shape { geometry IndexedFaceSet 
{ creaseAngle 0.50 coordIndex [0,1,2,-1,3,4,1,-1,3,1,0,-1,5,2,6,-1,5,0,2,-1,7,8,4,-1,7,4,3,-1,9,6,10,-1,9,5,6,-1,11,8,7,-1,12,10,13,-1,12,9,10,-1,14,15,8,-1,14,8,11,-1,16,15,14,-1,17,16,14,-1,18,12,13,-1,19,12,18,-1]
coord Coordinate { point [2.68396 2.95275 0.66674,2.71143 2.95275 0.722262,2.73013 2.95275 0.70356,2.67461 2.95275 0.676091,2.68904 2.95275 0.736333,2.691 2.95275 0.655543,2.7442 2.95275 0.681166,2.66341 2.95275 0.683127,2.66407 2.95275 0.745069,2.69536 2.95275 0.643061,2.75294 2.95275 0.656202,2.65093 2.95275 0.687494,2.69685 2.95275 0.62992,2.7559 2.95275 0.62992,2.63779 2.95275 0.688975,2.63779 2.95275 0.74803,2.55905 2.95275 0.74803,2.55905 2.95275 0.688975,2.7559 2.95275 0.098425,2.69685 2.95275 0.098425]
}}
appearance Appearance{material Material{diffuseColor 1 1 1
transparency 0}}}
Shape { geometry IndexedFaceSet 
{ creaseAngle 0.50 coordIndex [0,1,2,-1,0,2,3,-1,0,3,4,-1,0,4,5,-1,0,6,7,-1,8,0,9,-1,8,9,10,-1,8,11,12,-1,8,12,13,-1,8,13,6,-1,8,6,0,-1,5,14,15,-1,5,15,16,-1,5,16,17,-1,5,17,18,-1,5,18,19,-1,5,19,20,-1,21,22,23,-1,24,23,14,-1,24,14,5,-1,24,21,23,-1,25,24,5,-1,26,25,5,-1,27,26,5,-1,28,27,5,-1,29,28,5,-1,4,29,5,-1,30,31,32,-1,30,32,33,-1,6,33,7,-1,6,30,33,-1,0,7,34,-1,0,34,35,-1,0,35,1,-1]
coord Coordinate { point [-2.42125 3.05117 0.374015,-2.2192 3.05118 0.519608,-2.20256 3.05118 0.513784,-2.18504 3.05117 0.51181,-1.7126 3.05117 0.51181,-1.39764 3.05117 0.374015,-2.5 3.05117 0.452755,-2.25598 3.05118 0.556386,-2.47035 3.05118 0.391194,-2.43878 3.05118 0.375989,-2.45542 3.05118 0.381813,-2.48282 3.05118 0.403661,-2.4922 3.05118 0.418591,-2.49802 3.05118 0.435234,-1.31889 3.05117 0.452755,-1.32087 3.05118 0.435234,-1.32669 3.05118 0.418591,-1.33607 3.05118 0.403661,-1.34854 3.05118 0.391194,-1.36347 3.05118 0.381813,-1.38011 3.05118 0.375989,-1.63386 3.05117 0.59055,-1.63386 3.05117 0.649605,-1.31889 3.05117 0.649605,-1.63583 3.05118 0.573029,-1.64165 3.05118 0.556386,-1.65103 3.05118 0.541456,-1.6635 3.05118 0.528989,-1.67843 3.05118 0.519608,-1.69507 3.05118 0.513784,-2.5 3.05117 0.649605,-2.26378 3.05117 0.649605,-2.26378 3.05117 0.59055,-2.2618 3.05118 0.573029,-2.2466 3.05118 0.541456,-2.23413 3.05118 0.528989]
}}
appearance Appearance{material Material{diffuseColor 1 1 1
transparency 0}}}
Shape { geometry IndexedFaceSet 
{ creaseAngle 0.50 coordIndex [0,1,2,-1,0,2,3,-1]
coord Coordinate { point [0.429133 0.27559 0.151574,0.429133 0.27559 0.210629,0.429133 -0.137795 0.210629,0.429133 -0.137795 0.151574]
}}
appearance Appearance{material Material{diffuseColor 1 0.807843 0.498039
transparency 0}}}
Shape { geometry IndexedFaceSet 
{ creaseAngle 0.50 coordIndex [0,1,2,-1,3,4,5,-1,6,7,8,-1,9,6,8,-1,10,11,12,-1,13,10,12,-1,14,15,16,-1,14,2,15,-1,14,17,0,-1,14,0,2,-1,18,19,20,-1,18,16,19,-1,18,14,16,-1,21,20,4,-1,21,4,3,-1,21,18,20,-1,22,8,17,-1,22,17,14,-1,23,14,18,-1,23,22,14,-1,24,3,25,-1,24,25,12,-1,24,21,3,-1,24,18,21,-1,24,23,18,-1,26,11,27,-1,26,27,28,-1,26,28,9,-1,26,22,23,-1,26,24,12,-1,26,8,22,-1,26,9,8,-1,26,12,11,-1,26,23,24,-1]
coord Coordinate { point [-1.03745 1.41791 0.52002,-1.03745 1.39265 0.509805,-1.03647 1.38858 0.517562,-0.998082 1.41026 0.558767,-1.00684 1.37481 0.543791,-0.998082 1.37436 0.544665,-1.03647 1.51232 0.523382,-1.03745 1.50899 0.515277,-1.03745 1.47813 0.523911,-1.03355 1.51548 0.531081,-1.00684 1.52356 0.550788,-1.01516 1.52246 0.548094,-0.998082 1.48687 0.562371,-0.998082 1.52394 0.551701,-1.03355 1.4161 0.537258,-1.03355 1.38471 0.52493,-1.02886 1.38124 0.53154,-1.03745 1.44534 0.525121,-1.02263 1.41251 0.550478,-1.02263 1.37835 0.53706,-1.01516 1.37617 0.541213,-1.00684 1.41052 0.557815,-1.03355 1.44941 0.5425,-1.02263 1.44877 0.556184,-1.00684 1.44841 0.563778,-0.998082 1.44837 0.564764,-1.02592 1.48369 0.551214,-1.02263 1.52068 0.543755,-1.02886 1.51831 0.537987]
}}
appearance Appearance{material Material{diffuseColor 1 0.807843 0.498039
transparency 0}}}
Shape { geometry IndexedFaceSet 
{ creaseAngle 0.50 coordIndex [0,1,2,-1,3,0,2,-1,4,0,3,-1,5,4,3,-1,6,7,4,-1,6,4,5,-1,8,9,7,-1,8,7,6,-1]
coord Coordinate { point [0.412829 0.730083 0.249796,0.425777 0.36779 0.162523,0.2358 0.36779 0.162523,0.248669 0.730089 0.249798,0.401967 1.02842 0.321662,0.25943 1.02843 0.321663,0.261758 1.0854 0.335387,0.399658 1.0854 0.335388,0.261758 1.38468 0.407479,0.399658 1.38468 0.407479]
}}
appearance Appearance{material Material{diffuseColor 1 0.807843 0.498039
transparency 0}}}
Shape { geometry IndexedFaceSet 
{ creaseAngle 0.50 coordIndex [0,1,2,-1,3,2,4,-1,3,0,2,-1,5,4,6,-1,5,3,4,-1,7,6,8,-1,7,5,6,-1,9,7,8,-1]
coord Coordinate { point [1.90944 -0.0150726 0.524713,1.90944 -0.0217801 0.46604,1.91021 -0.0294422 0.466916,1.91021 -0.0227347 0.525589,1.91247 -0.0368075 0.467758,1.91247 -0.0300999 0.526431,1.91613 -0.0435905 0.468533,1.91613 -0.0368829 0.527206,1.92107 -0.0495284 0.469212,1.92107 -0.0428208 0.527885]
}}
appearance Appearance{material Material{diffuseColor 1 1 1
transparency 0}}}
Shape { geometry IndexedFaceSet 
{ creaseAngle 0.50 coordIndex [0,1,2,-1,0,3,1,-1,4,2,5,-1,4,0,2,-1,6,5,7,-1,6,4,5,-1,8,7,9,-1,8,6,7,-1,10,9,11,-1,10,8,9,-1,12,11,13,-1,12,10,11,-1,14,13,15,-1,14,12,13,-1]
coord Coordinate { point [-0.0651085 1.59987 0.519709,-0.0727817 1.52394 0.551701,-0.064021 1.52356 0.550788,-0.0727817 1.60016 0.520428,-0.0577302 1.59901 0.517622,-0.0556997 1.52246 0.548094,-0.0496473 1.5973 0.513458,-0.0482349 1.52068 0.543755,-0.042849 1.59492 0.507658,-0.042001 1.51831 0.537987,-0.0377354 1.592 0.500527,-0.0373105 1.51548 0.531081,-0.034525 1.5887 0.492498,-0.0343988 1.51232 0.523382,-0.0334117 1.58522 0.484004,-0.0334117 1.50899 0.515277]
}}
appearance Appearance{material Material{diffuseColor 1 0.807843 0.498039
transparency 0}}}
Shape { geometry IndexedFaceSet 
{ creaseAngle 0.50 coordIndex [0,1,2,-1,2,1,3,-1,3,4,5,-1,1,4,3,-1,5,6,7,-1,4,6,5,-1,7,8,9,-1,6,8,7,-1,9,10,11,-1,8,10,9,-1,11,12,13,-1,10,12,11,-1,13,14,15,-1,12,14,13,-1]
coord Coordinate { point [2.69685 2.04724 0.51181,2.69685 2.06038 0.510329,2.7559 2.04724 0.51181,2.7559 2.06038 0.510329,2.69685 2.07286 0.505962,2.7559 2.07286 0.505962,2.69685 2.08406 0.498926,2.7559 2.08406 0.498926,2.69685 2.09341 0.489575,2.7559 2.09341 0.489575,2.69685 2.10045 0.478378,2.7559 2.10045 0.478378,2.69685 2.10481 0.465896,2.7559 2.10481 0.465896,2.69685 2.10629 0.452755,2.7559 2.10629 0.452755]
}}
appearance Appearance{material Material{diffuseColor 0.792157 0.819608 0.933333
transparency 0}}}
Shape { geometry IndexedFaceSet 
{ creaseAngle 0.50 coordIndex [0,1,2,-1,2,3,4,-1,1,3,2,-1,4,5,6,-1,3,5,4,-1,6,7,8,-1,5,7,6,-1,8,9,10,-1,7,9,8,-1,10,11,12,-1,9,11,10,-1]
coord Coordinate { point [-1.7126 2.77558 0.059055,-2.18504 2.77558 0.059055,-1.71259 2.76372 0.0602623,-2.18504 2.76119 0.0608357,-1.71259 2.75222 0.0638756,-2.18504 2.74767 0.0660702,-1.71259 2.74149 0.0698918,-2.18504 2.73583 0.0744431,-1.71259 2.73224 0.0779979,-2.18504 2.72638 0.0854492,-1.71259 2.725 0.0876336,-2.18504 2.71991 0.098425,-1.7126 2.71991 0.098425]
}}
appearance Appearance{material Material{diffuseColor 1 1 1
transparency 0}}}
Shape { geometry IndexedFaceSet 
{ creaseAngle 0.50 coordIndex [0,1,2,-1,0,2,3,-1,0,3,4,-1,0,4,5,-1,0,5,6,-1,0,6,7,-1,8,1,0,-1,9,8,0,-1,10,9,0,-1,11,10,0,-1,12,11,0,-1,0,13,12,-1,14,0,7,-1]
coord Coordinate { point [-2.19619 0.857113 0.379074,-2.21248 0.858887 0.371709,-2.21501 0.858472 0.373434,-2.21957 0.857892 0.375839,-2.22241 0.857626 0.376944,-2.22666 0.857342 0.378124,-2.2289 0.857242 0.37854,-2.23117 0.85717 0.378836,-2.20776 0.859884 0.36757,-2.20558 0.860462 0.365171,-2.20362 0.861057 0.3627,-2.20041 0.862301 0.357537,-2.19734 0.864299 0.349245,-2.19636 0.866457 0.340294,-2.23592 0.857113 0.379074]
}}
appearance Appearance{material Material{diffuseColor 1 0.807843 0.498039
transparency 0}}}
Shape { geometry IndexedFaceSet 
{ creaseAngle 0.50 coordIndex [0,1,2,-1,2,3,4,-1,1,3,2,-1,4,5,6,-1,3,5,4,-1,6,7,8,-1,5,7,6,-1,8,9,10,-1,7,9,8,-1,10,11,12,-1,9,11,10,-1,11,13,12,-1,12,14,15,-1,13,14,12,-1]
coord Coordinate { point [2.5 2.81495 0.74803,2.5 2.81495 0.688975,2.49851 2.80181 0.74803,2.49851 2.80181 0.688975,2.49415 2.78933 0.74803,2.49415 2.78933 0.688975,2.48711 2.77813 0.74803,2.48711 2.77813 0.688975,2.47776 2.76878 0.74803,2.47776 2.76878 0.688975,2.46656 2.76175 0.74803,2.46656 2.76175 0.688975,2.45408 2.75738 0.74803,2.45408 2.75738 0.688975,2.44094 2.7559 0.688975,2.44094 2.7559 0.74803]
}}
appearance Appearance{material Material{diffuseColor 1 1 1
transparency 0}}}
Shape { geometry IndexedFaceSet 
{ creaseAngle 0.50 coordIndex [0,1,2,-1,0,3,1,-1,4,5,0,-1,0,5,3,-1,6,7,8,-1,8,9,6,-1,7,10,8,-1,8,11,9,-1,10,12,8,-1,8,13,14,-1,12,13,8,-1,13,15,14,-1,8,16,11,-1,15,3,14,-1,14,3,5,-1]
coord Coordinate { point [-2.67716 -1.49606 0.303149,-2.67716 -1.55512 0.177165,-2.67716 -1.74803 0.177165,-2.67716 -1.55512 0.019685,-2.67716 -0.7874 0.303149,-2.67716 -0.7874 0.185039,-2.67716 0.652155 0.290265,-2.67716 0.642804 0.280914,-2.67716 -0.19685 0.303149,-2.67716 0.663352 0.297301,-2.67716 0.635768 0.269717,-2.67716 0.675834 0.301668,-2.67716 0.631401 0.257235,-2.67716 0.62992 0.244094,-2.67716 -0.19685 0.185039,-2.67716 0.62992 0.019685,-2.67716 0.688975 0.303149]
}}
appearance Appearance{material Material{diffuseColor 0.411765 0.411765 0.411765
transparency 0}}}
Shape { geometry IndexedFaceSet 
{ creaseAngle 0.50 coordIndex [0,1,2,-1,0,3,1,-1]
coord Coordinate { point [2.3622 -2.44094 0.098425,2.3622 -3.03149 0.610235,2.3622 -3.03149 0.098425,2.3622 -2.44094 0.610235]
}}
appearance Appearance{material Material{diffuseColor 0.411765 0.411765 0.411765
transparency 0}}}
Shape { geometry IndexedFaceSet 
{ creaseAngle 0.50 coordIndex [0,1,2,-1,2,1,3,-1,3,4,5,-1,1,4,3,-1,5,6,7,-1,4,6,5,-1,7,8,9,-1,6,8,7,-1,9,10,11,-1,8,10,9,-1,11,12,13,-1,10,12,11,-1,13,14,15,-1,12,14,13,-1]
coord Coordinate { point [2.69685 0.07874 0.51181,2.69685 0.091881 0.510329,2.7559 0.07874 0.51181,2.7559 0.091881 0.510329,2.69685 0.104363 0.505962,2.7559 0.104363 0.505962,2.69685 0.11556 0.498926,2.7559 0.11556 0.498926,2.69685 0.124911 0.489575,2.7559 0.124911 0.489575,2.69685 0.131947 0.478378,2.7559 0.131947 0.478378,2.69685 0.136314 0.465896,2.7559 0.136314 0.465896,2.69685 0.137795 0.452755,2.7559 0.137795 0.452755]
}}
appearance Appearance{material Material{diffuseColor 1 1 1
transparency 0}}}
Shape { geometry IndexedFaceSet 
{ creaseAngle 0.50 coordIndex [0,1,2,-1,2,1,3,-1,3,4,5,-1,1,4,3,-1,5,6,7,-1,4,6,5,-1,7,8,9,-1,6,8,7,-1,9,10,11,-1,8,10,9,-1,11,12,13,-1,13,12,14,-1,10,12,11,-1,14,15,16,-1,12,15,14,-1]
coord Coordinate { point [0.251968 -0.984214 0.113892,0.251968 -0.982915 0.122369,0.409448 -0.984214 0.113892,0.409448 -0.98258 0.123539,0.251968 -0.979812 0.130365,0.409448 -0.97905 0.13176,0.251968 -0.97505 0.137498,0.409448 -0.974222 0.138454,0.251968 -0.968857 0.143431,0.409448 -0.96797 0.144095,0.251968 -0.961526 0.147882,0.409448 -0.960876 0.14818,0.251968 -0.953405 0.15064,0.409448 -0.95325 0.150673,0.409448 -0.94908 0.151348,0.251968 -0.94488 0.151574,0.409448 -0.94488 0.151574]
}}
appearance Appearance{material Material{diffuseColor 1 0.807843 0.498039
transparency 0}}}
Shape { geometry IndexedFaceSet 
{ creaseAngle 0.50 coordIndex [0,1,2,-1,3,2,4,-1,3,0,2,-1,5,4,6,-1,5,3,4,-1,7,6,8,-1,7,5,6,-1,9,8,10,-1,9,7,8,-1,11,10,12,-1,11,9,10,-1,13,11,12,-1]
coord Coordinate { point [1.33763 -2.49413 0.74803,1.33763 -2.49413 0.688975,1.35345 -2.53355 0.688975,1.35345 -2.53355 0.74803,1.37736 -2.56866 0.688975,1.37736 -2.56866 0.74803,1.40825 -2.59782 0.688975,1.40825 -2.59782 0.74803,1.44467 -2.61967 0.688975,1.44467 -2.61967 0.74803,1.48493 -2.63321 0.688975,1.48493 -2.63321 0.74803,1.52716 -2.63779 0.688975,1.52716 -2.63779 0.74803]
}}
appearance Appearance{material Material{diffuseColor 1 1 1
transparency 0}}}
Shape { geometry IndexedFaceSet 
{ creaseAngle 0.50 coordIndex [0,1,2,-1,2,1,3,-1,3,1,4,-1,5,1,0,-1,2,6,7,-1,8,9,10,-1,11,12,8,-1,9,12,13,-1,13,12,14,-1,8,12,9,-1,15,6,11,-1,11,6,12,-1,16,17,15,-1,15,17,6,-1,17,18,6,-1,18,19,6,-1,19,20,6,-1,20,21,6,-1,21,22,6,-1,22,23,6,-1,23,7,6,-1,24,25,26,-1,26,25,27,-1,25,28,27,-1,29,2,7,-1,27,2,30,-1,30,2,31,-1,31,2,32,-1,32,2,33,-1,33,2,34,-1,34,2,29,-1,28,2,27,-1,28,0,2,-1,35,0,28,-1]
coord Coordinate { point [-0.326847 2.99212 0.418591,-0.304999 2.99212 0.391194,-0.255905 2.99212 0.374015,-0.273426 2.99212 0.375989,-0.290069 2.99212 0.381813,-0.317466 2.99212 0.403661,1.24016 2.99212 0.374015,0.531495 2.99212 0.51181,1.31692 2.99212 0.435234,1.30172 2.99212 0.403661,1.3111 2.99212 0.418591,1.3189 2.99212 0.452755,1.25768 2.99212 0.375989,1.28925 2.99212 0.391194,1.27432 2.99212 0.381813,1.31889 2.99212 0.649605,0.610235 2.99212 0.649605,0.610235 2.99212 0.59055,0.608261 2.99212 0.573029,0.602437 2.99212 0.556386,0.593056 2.99212 0.541456,0.580589 2.99212 0.528989,0.565659 2.99212 0.519608,0.549016 2.99212 0.513784,-0.019685 2.99212 0.649605,-0.334645 2.99212 0.649605,-0.019685 2.99212 0.59055,-0.0177108 2.99212 0.573029,-0.334645 2.99212 0.452755,0.059055 2.99212 0.51181,-0.0118873 2.99212 0.556386,-0.00250641 2.99212 0.541456,0.00996141 2.99212 0.528989,0.024891 2.99212 0.519608,0.0415337 2.99212 0.513784,-0.332671 2.99212 0.435234]
}}
appearance Appearance{material Material{diffuseColor 1 1 1
transparency 0}}}
Shape { geometry IndexedFaceSet 
{ creaseAngle 0.50 coordIndex [0,1,2,-1,3,0,2,-1,4,2,5,-1,4,3,2,-1,6,5,7,-1,6,4,5,-1,8,7,9,-1,8,6,7,-1,10,9,11,-1,10,8,9,-1,12,11,13,-1,12,10,11,-1,14,13,15,-1,14,12,13,-1]
coord Coordinate { point [-0.614172 -1.04321 0.116423,-0.456692 -1.04321 0.116423,-0.456692 -1.03997 0.137617,-0.614172 -1.03997 0.137617,-0.614172 -1.03221 0.157605,-0.456692 -1.03221 0.157605,-0.614172 -1.02031 0.175438,-0.456692 -1.02031 0.175438,-0.614172 -1.00482 0.190271,-0.456692 -1.00482 0.190271,-0.614172 -0.986496 0.201399,-0.456692 -0.986496 0.201399,-0.614172 -0.966194 0.208294,-0.456692 -0.966194 0.208294,-0.614172 -0.94488 0.210629,-0.456692 -0.94488 0.210629]
}}
appearance Appearance{material Material{diffuseColor 1 0.807843 0.498039
transparency 0}}}
Shape { geometry IndexedFaceSet 
{ creaseAngle 0.50 coordIndex [0,1,2,-1,3,1,0,-1]
coord Coordinate { point [-2.7559 0.875982 0.31496,-2.69685 0.659447 0.31496,-2.7559 0.659447 0.31496,-2.69685 0.875982 0.31496]
}}
appearance Appearance{material Material{diffuseColor 1 1 1
transparency 0}}}
Shape { geometry IndexedFaceSet 
{ creaseAngle 0.50 coordIndex [0,1,2,-1,3,0,2,-1]
coord Coordinate { point [0.35433 2.61689 0.542696,0.35433 2.36311 0.567097,0.35433 2.36122 0.547502,0.35433 2.61501 0.523101]
}}
appearance Appearance{material Material{diffuseColor 0.792157 0.819608 0.933333
transparency 0}}}
Shape { geometry IndexedFaceSet 
{ creaseAngle 0.50 coordIndex [0,1,2,-1,0,2,3,-1]
coord Coordinate { point [2.67716 -1.51575 0.216535,2.67716 -1.51575 0.413385,2.79527 -1.51575 0.279527,2.79527 -1.51575 0.216535]
}}
appearance Appearance{material Material{diffuseColor 0.411765 0.411765 0.411765
transparency 0}}}
Shape { geometry IndexedFaceSet 
{ creaseAngle 0.50 coordIndex [0,1,2,-1,0,3,1,-1]
coord Coordinate { point [-2.18897 -0.807085 0.151574,-2.34645 -0.94488 0.151574,-2.34645 -0.807085 0.151574,-2.18897 -0.94488 0.151574]
}}
appearance Appearance{material Material{diffuseColor 1 0.807843 0.498039
transparency 0}}}
Shape { geometry IndexedFaceSet 
{ creaseAngle 0.50 coordIndex [0,1,2,-1,0,3,1,-1,4,2,5,-1,4,0,2,-1,6,5,7,-1,6,4,5,-1,8,7,9,-1,8,6,7,-1,10,9,11,-1,10,8,9,-1,12,11,13,-1,12,10,11,-1,14,13,15,-1,14,12,13,-1]
coord Coordinate { point [1.31692 3.05118 0.435234,1.3189 2.99212 0.452755,1.31692 2.99212 0.435234,1.3189 3.05117 0.452755,1.3111 3.05118 0.418591,1.3111 2.99212 0.418591,1.30172 3.05118 0.403661,1.30172 2.99212 0.403661,1.28925 3.05118 0.391194,1.28925 2.99212 0.391194,1.27432 3.05118 0.381813,1.27432 2.99212 0.381813,1.25768 3.05118 0.375989,1.25768 2.99212 0.375989,1.24016 3.05117 0.374015,1.24016 2.99212 0.374015]
}}
appearance Appearance{material Material{diffuseColor 1 1 1
transparency 0}}}
Shape { geometry IndexedFaceSet 
{ creaseAngle 0.50 coordIndex [0,1,2,-1,1,3,4,-1,1,5,3,-1,0,5,1,-1]
coord Coordinate { point [-2.67716 2.95275 0.62992,-2.62007 2.7559 0.687006,-2.62007 2.95275 0.687006,-2.6181 2.59842 0.688975,-2.61811 2.7559 0.688975,-2.67716 2.59842 0.62992]
}}
appearance Appearance{material Material{diffuseColor 0.411765 0.411765 0.411765
transparency 0}}}
Shape { geometry IndexedFaceSet 
{ creaseAngle 0.50 coordIndex [0,1,2,-1,0,2,3,-1,0,3,4,-1,0,4,5,-1,0,5,6,-1,0,6,7,-1,8,1,0,-1,9,8,0,-1,10,9,0,-1,11,10,0,-1,12,11,0,-1,0,13,12,-1,14,0,7,-1]
coord Coordinate { point [-1.76312 0.857113 0.379074,-1.77949 0.858872 0.371773,-1.78201 0.85846 0.373483,-1.78656 0.857885 0.375867,-1.78939 0.857622 0.376962,-1.79363 0.85734 0.378132,-1.79585 0.857241 0.378545,-1.79812 0.85717 0.378838,-1.77479 0.85986 0.36767,-1.77259 0.860438 0.365272,-1.77063 0.861033 0.362802,-1.7674 0.862275 0.357646,-1.76429 0.864268 0.34937,-1.76329 0.866419 0.340446,-1.80285 0.857113 0.379074]
}}
appearance Appearance{material Material{diffuseColor 1 0.807843 0.498039
transparency 0}}}
Shape { geometry IndexedFaceSet 
{ creaseAngle 0.50 coordIndex [0,1,2,-1,0,2,3,-1,4,5,6,-1,4,3,5,-1,4,0,3,-1,7,6,8,-1,7,4,6,-1,9,8,10,-1,9,7,8,-1,11,10,12,-1,11,9,10,-1,13,12,14,-1,13,11,12,-1,15,14,16,-1,15,13,14,-1,17,15,16,-1]
coord Coordinate { point [-0.131805 1.60709 0.516569,-0.131942 1.60016 0.520428,-0.0727817 1.60016 0.520428,-0.073001 1.60873 0.51513,-0.13174 1.61172 0.513143,-0.0730422 1.61282 0.511895,-0.0730012 1.61605 0.508532,-0.131774 1.61762 0.506366,-0.0728295 1.62024 0.502052,-0.131962 1.62231 0.497239,-0.0727804 1.62305 0.494851,-0.131909 1.62443 0.48817,-0.0728521 1.62446 0.487282,-0.131864 1.62455 0.482748,-0.0728625 1.62428 0.478965,-0.131878 1.62348 0.475863,-0.0727816 1.62164 0.469061,-0.131942 1.62164 0.469061]
}}
appearance Appearance{material Material{diffuseColor 1 0.807843 0.498039
transparency 0}}}
Shape { geometry IndexedFaceSet 
{ creaseAngle 0.50 coordIndex [0,1,2,-1,0,3,1,-1]
coord Coordinate { point [2.70308 -0.03937 0.728345,2.69685 0.59055 0.728345,2.69684 -0.03937 0.728345,2.70308 0.59055 0.728345]
}}
appearance Appearance{material Material{diffuseColor 1 1 1
transparency 0}}}
Shape { geometry IndexedFaceSet 
{ creaseAngle 0.50 coordIndex [0,1,2,-1,3,2,4,-1,3,0,2,-1,5,4,6,-1,5,3,4,-1,7,6,8,-1,7,5,6,-1,9,8,10,-1,9,7,8,-1,11,10,12,-1,11,9,10,-1,13,12,14,-1,13,11,12,-1,15,13,14,-1]
coord Coordinate { point [0.360288 1.53184 0.544665,0.360288 1.40262 0.476845,0.369049 1.40308 0.475971,0.369049 1.53229 0.543791,0.37737 1.40443 0.473392,0.37737 1.53365 0.541213,0.384835 1.40661 0.469239,0.384835 1.53583 0.53706,0.391069 1.40951 0.46372,0.391069 1.53872 0.53154,0.395759 1.41298 0.45711,0.39576 1.54219 0.52493,0.398671 1.41684 0.449742,0.398671 1.54606 0.517562,0.399658 1.42091 0.441985,0.399658 1.55013 0.509805]
}}
appearance Appearance{material Material{diffuseColor 1 0.807843 0.498039
transparency 0}}}
Shape { geometry IndexedFaceSet 
{ creaseAngle 0.50 coordIndex [0,1,2,-1,0,2,3,-1,4,0,3,-1,4,3,5,-1,6,4,5,-1,6,5,7,-1,8,9,10,-1,8,10,11,-1,12,7,13,-1,14,11,15,-1,12,6,7,-1,14,8,11,-1,16,13,17,-1,18,15,19,-1,16,12,13,-1,18,14,15,-1,20,17,21,-1,22,19,23,-1,20,16,17,-1,22,18,19,-1,24,21,25,-1,24,20,21,-1,26,23,27,-1,26,22,23,-1,28,25,29,-1,28,24,25,-1,30,27,31,-1,32,29,33,-1,30,26,27,-1,32,28,29,-1,34,32,33,-1,34,33,35,-1,36,31,37,-1,9,35,10,-1,36,30,31,-1,9,34,35,-1,38,37,39,-1,38,36,37,-1,40,39,41,-1,40,38,39,-1,42,41,43,-1,42,40,41,-1,44,42,43,-1,44,43,45,-1,46,44,45,-1,46,45,47,-1,48,46,47,-1,48,47,49,-1,50,48,49,-1,50,49,51,-1,1,50,51,-1,1,51,2,-1]
coord Coordinate { point [1.45687 2.20472 0.491706,1.44069 2.20472 0.468273,1.49298 2.14566 0.440829,1.50107 2.14566 0.452546,1.47818 2.20472 0.510588,1.51173 2.14566 0.461986,1.50339 2.20472 0.52382,1.52433 2.14566 0.468602,1.65995 2.20472 0.385119,1.66338 2.20472 0.413385,1.60433 2.14566 0.413385,1.60261 2.14566 0.399252,1.53104 2.20472 0.530634,1.53815 2.14566 0.472009,1.64985 2.20472 0.358497,1.59756 2.14566 0.385941,1.55951 2.20472 0.530634,1.55239 2.14566 0.472009,1.63368 2.20472 0.335064,1.58948 2.14566 0.374224,1.58715 2.20472 0.52382,1.56621 2.14566 0.468602,1.61237 2.20472 0.316182,1.57882 2.14566 0.364784,1.61237 2.20472 0.510588,1.57882 2.14566 0.461986,1.58715 2.20472 0.30295,1.56621 2.14566 0.358168,1.63368 2.20472 0.491706,1.58948 2.14566 0.452546,1.55951 2.20472 0.296136,1.55239 2.14566 0.354761,1.64985 2.20472 0.468273,1.59756 2.14566 0.440829,1.65995 2.20472 0.441651,1.60261 2.14566 0.427518,1.53104 2.20472 0.296136,1.53815 2.14566 0.354761,1.50339 2.20472 0.30295,1.52433 2.14566 0.358168,1.47818 2.20472 0.316182,1.51173 2.14566 0.364784,1.45687 2.20472 0.335064,1.50107 2.14566 0.374224,1.44069 2.20472 0.358497,1.49298 2.14566 0.385941,1.43059 2.20472 0.385119,1.48793 2.14566 0.399252,1.42716 2.20472 0.413385,1.48622 2.14566 0.413385,1.43059 2.20472 0.441651,1.48793 2.14566 0.427518]
}}
appearance Appearance{material Material{diffuseColor 0.411765 0.411765 0.411765
transparency 0}}}
Shape { geometry IndexedFaceSet 
{ creaseAngle 0.50 coordIndex [0,1,2,-1,0,2,3,-1]
coord Coordinate { point [0.059055 2.99212 -1.9713e-12,0.059055 2.99212 0.059055,0.531495 2.99212 0.059055,0.531495 2.99212 -1.97156e-12]
}}
appearance Appearance{material Material{diffuseColor 1 1 1
transparency 0}}}
Shape { geometry IndexedFaceSet 
{ creaseAngle 0.50 coordIndex [0,1,2,-1,2,3,4,-1,1,3,2,-1,4,5,6,-1,3,5,4,-1,6,7,8,-1,5,7,6,-1,8,9,10,-1,7,9,8,-1,10,11,12,-1,9,11,10,-1,12,13,14,-1,11,13,12,-1,13,15,14,-1]
coord Coordinate { point [-2.71653 -1.39764 0.578739,-2.73622 -1.39764 0.578739,-2.71653 -1.38887 0.577752,-2.73621 -1.38887 0.577752,-2.71653 -1.38055 0.57484,-2.73621 -1.38055 0.57484,-2.71653 -1.37309 0.57015,-2.73621 -1.37309 0.57015,-2.71653 -1.36685 0.563916,-2.73621 -1.36685 0.563916,-2.71653 -1.36216 0.556451,-2.73621 -1.36216 0.556451,-2.71653 -1.35925 0.54813,-2.73621 -1.35925 0.54813,-2.71653 -1.35827 0.539369,-2.73622 -1.35827 0.539369]
}}
appearance Appearance{material Material{diffuseColor 1 1 1
transparency 0}}}
Shape { geometry IndexedFaceSet 
{ creaseAngle 0.50 coordIndex [0,1,2,-1,3,2,4,-1,3,0,2,-1,5,4,6,-1,5,3,4,-1,7,6,8,-1,7,5,6,-1,9,8,10,-1,9,7,8,-1,11,10,12,-1,11,9,10,-1,13,11,12,-1,14,12,15,-1,14,13,12,-1]
coord Coordinate { point [-2.23813 1.21337 0.464892,-2.23813 0.91799 0.393739,-2.23043 0.91835 0.39302,-2.22937 1.2136 0.463933,-2.22303 0.919049 0.390849,-2.22105 1.21428 0.461102,-2.21492 0.920284 0.386481,-2.21358 1.21538 0.456542,-2.20811 0.921891 0.380372,-2.20735 1.21684 0.450481,-2.20301 0.923778 0.372845,-2.20266 1.21859 0.443224,-2.19983 0.925826 0.36436,-2.19975 1.22054 0.435134,-2.19876 1.22259 0.426617,-2.19876 0.927917 0.355375]
}}
appearance Appearance{material Material{diffuseColor 1 0.807843 0.498039
transparency 0}}}
Shape { geometry IndexedFaceSet 
{ creaseAngle 0.50 coordIndex [0,1,2,-1,0,2,3,-1,4,5,6,-1,4,3,5,-1,4,0,3,-1,7,6,8,-1,7,4,6,-1,9,8,10,-1,9,7,8,-1,11,10,12,-1,11,9,10,-1,13,12,14,-1,13,11,12,-1,15,14,16,-1,15,13,14,-1,17,15,16,-1]
coord Coordinate { point [0.301265 1.76457 0.516569,0.301128 1.75764 0.520428,0.360288 1.75764 0.520428,0.360069 1.76621 0.51513,0.30133 1.7692 0.513143,0.360028 1.7703 0.511895,0.360069 1.77353 0.508532,0.301296 1.7751 0.506366,0.360241 1.77772 0.502052,0.301108 1.77979 0.497239,0.36029 1.78053 0.494851,0.301161 1.78191 0.48817,0.360218 1.78194 0.487282,0.301206 1.78203 0.482748,0.360207 1.78176 0.478965,0.301192 1.78096 0.475863,0.360288 1.77912 0.469061,0.301128 1.77912 0.469061]
}}
appearance Appearance{material Material{diffuseColor 1 0.807843 0.498039
transparency 0}}}
Shape { geometry IndexedFaceSet 
{ creaseAngle 0.50 coordIndex [0,1,2,-1,1,3,2,-1,2,4,5,-1,3,4,2,-1,5,6,7,-1,4,6,5,-1,7,8,9,-1,6,8,7,-1,9,10,11,-1,8,10,9,-1,11,12,13,-1,10,12,11,-1,13,14,15,-1,12,14,13,-1,15,16,17,-1,14,16,15,-1,17,18,19,-1,16,18,17,-1,19,20,21,-1,18,20,19,-1,21,22,23,-1,20,22,21,-1,23,24,25,-1,22,24,23,-1,25,26,27,-1,24,26,25,-1]
coord Coordinate { point [0.610235 0.74803 0.74803,0.610235 0.74803 0.688975,0.608519 0.733897 0.74803,0.608519 0.733897 0.688975,0.603471 0.720586 0.688975,0.603471 0.720586 0.74803,0.595383 0.708869 0.688975,0.595383 0.708869 0.74803,0.584727 0.699429 0.688975,0.584727 0.699429 0.74803,0.572121 0.692813 0.688975,0.572121 0.692813 0.74803,0.558298 0.689406 0.688975,0.558298 0.689406 0.74803,0.544062 0.689406 0.688975,0.544062 0.689406 0.74803,0.530239 0.692813 0.688975,0.530239 0.692813 0.74803,0.517633 0.699429 0.688975,0.517633 0.699429 0.74803,0.506977 0.708869 0.688975,0.506977 0.708869 0.74803,0.498889 0.720586 0.688975,0.498889 0.720586 0.74803,0.493841 0.733897 0.688975,0.493841 0.733897 0.74803,0.492125 0.74803 0.688975,0.492125 0.74803 0.74803]
}}
appearance Appearance{material Material{diffuseColor 1 1 1
transparency 0}}}
Shape { geometry IndexedFaceSet 
{ creaseAngle 0.50 coordIndex [0,1,2,-1,0,3,1,-1,4,2,5,-1,4,0,2,-1,6,5,7,-1,6,4,5,-1,8,7,9,-1,8,6,7,-1]
coord Coordinate { point [2.49923 -0.0294422 0.466916,2.5 -0.0150726 0.524713,2.49923 -0.0227347 0.525589,2.5 -0.0217801 0.46604,2.49697 -0.0368075 0.467758,2.49697 -0.0300999 0.526431,2.49331 -0.0435905 0.468533,2.49331 -0.0368829 0.527206,2.48837 -0.0495284 0.469212,2.48837 -0.0428208 0.527885]
}}
appearance Appearance{material Material{diffuseColor 1 1 1
transparency 0}}}
Shape { geometry IndexedFaceSet 
{ creaseAngle 0.50 coordIndex [0,1,2,-1,2,1,3,-1,3,1,4,-1,4,1,5,-1,5,1,6,-1,6,1,7,-1,7,8,9,-1,1,8,7,-1,10,11,12,-1,13,14,15,-1,15,16,11,-1,14,16,15,-1,11,16,12,-1,16,9,12,-1,12,9,8,-1,17,1,0,-1]
coord Coordinate { point [-2.67716 0.859596 0.301668,-2.67716 1.77165 0.303149,-2.67716 0.872078 0.297301,-2.67716 0.883275 0.290265,-2.67716 0.892626 0.280914,-2.67716 0.899662 0.269717,-2.67716 0.904029 0.257235,-2.67716 0.90551 0.244094,-2.67716 1.77165 0.185039,-2.67716 0.90551 0.019685,-2.67716 2.3622 0.303149,-2.67716 2.51968 0.303149,-2.67716 2.3622 0.185039,-2.67716 2.59842 0.62992,-2.67716 2.95275 0.62992,-2.67716 2.59842 0.342519,-2.67716 2.95275 0.019685,-2.67716 0.846455 0.303149]
}}
appearance Appearance{material Material{diffuseColor 0.411765 0.411765 0.411765
transparency 0}}}
Shape { geometry IndexedFaceSet 
{ creaseAngle 0.50 coordIndex [0,1,2,-1,0,3,1,-1]
coord Coordinate { point [0.842518 -1.39764 0.07874,0.685038 -1.08255 0.07874,0.685038 -1.39764 0.07874,0.842518 -1.08255 0.07874]
}}
appearance Appearance{material Material{diffuseColor 1 0.807843 0.498039
transparency 0}}}
Shape { geometry IndexedFaceSet 
{ creaseAngle 0.50 coordIndex [0,1,2,-1,0,3,1,-1,4,2,5,-1,4,0,2,-1,6,5,7,-1,6,4,5,-1,8,7,9,-1,8,6,7,-1,10,9,11,-1,10,8,9,-1,12,11,13,-1,12,10,11,-1,14,13,15,-1,14,12,13,-1]
coord Coordinate { point [0.367962 1.75735 0.519709,0.360288 1.68142 0.551701,0.369049 1.68104 0.550788,0.360288 1.75764 0.520428,0.37534 1.75649 0.517622,0.37737 1.67994 0.548094,0.383423 1.75478 0.513458,0.384835 1.67816 0.543755,0.390221 1.7524 0.507658,0.391069 1.67579 0.537987,0.395335 1.74948 0.500527,0.395759 1.67296 0.531081,0.398545 1.74618 0.492498,0.398671 1.6698 0.523382,0.399658 1.7427 0.484004,0.399658 1.66647 0.515277]
}}
appearance Appearance{material Material{diffuseColor 1 0.807843 0.498039
transparency 0}}}
Shape { geometry IndexedFaceSet 
{ creaseAngle 0.50 coordIndex [0,1,2,-1,3,1,0,-1]
coord Coordinate { point [-2.33666 0.927921 0.335387,-2.33907 0.866418 0.340446,-2.33666 0.927896 0.355543,-2.339 0.870946 0.321663]
}}
appearance Appearance{material Material{diffuseColor 1 0.807843 0.498039
transparency 0}}}
Shape { geometry IndexedFaceSet 
{ creaseAngle 0.50 coordIndex [0,1,2,-1,3,1,0,-1,4,5,6,-1,6,5,7,-1,8,9,10,-1,11,9,8,-1,2,12,13,-1,1,12,2,-1,14,15,4,-1,4,15,5,-1,12,16,13,-1,14,16,15,-1,13,16,14,-1,17,18,19,-1,18,20,19,-1,21,22,23,-1,24,25,21,-1,21,25,22,-1,23,26,27,-1,22,26,23,-1,28,29,24,-1,24,29,25,-1,27,30,31,-1,26,30,27,-1,17,32,28,-1,28,32,29,-1,33,34,11,-1,11,34,9,-1,31,3,0,-1,30,3,31,-1,17,19,32,-1,6,7,35,-1,35,7,33,-1,33,7,34,-1]
coord Coordinate { point [-1.91338 -1.04321 0.116423,-1.91338 -0.987461 0.0926979,-1.91338 -1.04451 0.107945,-1.91338 -0.984214 0.113892,-1.91338 -1.05857 0.0868835,-1.91338 -1.04093 0.0289157,-1.91338 -1.0659 0.0824323,-1.91338 -1.06123 0.0220204,-1.91338 -1.41732 0.059055,-1.91338 -1.39764 0.019685,-1.91338 -1.41732 0.03937,-1.91338 -1.39764 0.07874,-1.91338 -0.99522 0.07271,-1.91338 -1.04762 0.09995,-1.91338 -1.05238 0.0928166,-1.91338 -1.02261 0.0400438,-1.91338 -1.00712 0.0548765,-1.91338 -0.94488 0.210629,-1.91338 -0.807085 0.210629,-1.91338 -0.94488 0.151574,-1.91338 -0.807085 0.151574,-1.91338 -1.00482 0.190271,-1.91338 -0.97505 0.137498,-1.91338 -1.02031 0.175438,-1.91338 -0.986496 0.201399,-1.91338 -0.968857 0.143431,-1.91338 -0.979812 0.130365,-1.91338 -1.03221 0.157605,-1.91338 -0.966194 0.208294,-1.91338 -0.961526 0.147882,-1.91338 -0.982915 0.122369,-1.91338 -1.03997 0.137617,-1.91338 -0.953405 0.15064,-1.91338 -1.08255 0.07874,-1.91338 -1.08255 0.019685,-1.91338 -1.07402 0.0796742]
}}
appearance Appearance{material Material{diffuseColor 1 0.807843 0.498039
transparency 0}}}
Shape { geometry IndexedFaceSet 
{ creaseAngle 0.50 coordIndex [0,1,2,-1,0,3,1,-1,4,2,5,-1,4,0,2,-1,6,5,7,-1,6,4,5,-1,8,7,9,-1,8,6,7,-1,10,9,11,-1,10,8,9,-1,12,13,14,-1,12,11,13,-1,12,10,11,-1,15,12,14,-1]
coord Coordinate { point [-0.181102 -1.03997 0.137617,-0.023622 -1.04321 0.116423,-0.023622 -1.03997 0.137617,-0.181102 -1.04321 0.116423,-0.181102 -1.03221 0.157605,-0.023622 -1.03221 0.157605,-0.181102 -1.02031 0.175438,-0.023622 -1.02031 0.175438,-0.181102 -1.00482 0.190271,-0.023622 -1.00482 0.190271,-0.181102 -0.986496 0.201399,-0.023622 -0.986496 0.201399,-0.181102 -0.966194 0.208294,-0.023622 -0.966194 0.208294,-0.023622 -0.94488 0.210629,-0.181102 -0.94488 0.210629]
}}
appearance Appearance{material Material{diffuseColor 1 0.807843 0.498039
transparency 0}}}
Shape { geometry IndexedFaceSet 
{ creaseAngle 0.50 coordIndex [0,1,2,-1,1,3,2,-1,4,5,3,-1,3,5,2,-1]
coord Coordinate { point [2.1053 -0.249917 0.492121,2.01173 -1.90689 0.681547,2.1053 -0.24321 0.550794,2.01168 -1.90682 0.688975,2.01032 -1.93132 0.688975,2.00997 -1.93132 0.74378]
}}
appearance Appearance{material Material{diffuseColor 1 1 1
transparency 0}}}
Shape { geometry IndexedFaceSet 
{ creaseAngle 0.50 coordIndex [0,1,2,-1,2,3,4,-1,1,3,2,-1,4,5,6,-1,3,5,4,-1,6,7,8,-1,8,7,9,-1,5,7,6,-1,9,10,11,-1,7,10,9,-1]
coord Coordinate { point [-2.19876 1.4018 0.492375,-2.33666 1.4018 0.492375,-2.19876 1.41931 0.499832,-2.33666 1.42574 0.501776,-2.19876 1.43772 0.50437,-2.33666 1.45114 0.505774,-2.19876 1.45669 0.505904,-2.33666 1.47681 0.504179,-2.19876 1.47703 0.504141,-2.19876 1.48945 0.501271,-2.33666 1.50152 0.497066,-2.19876 1.50152 0.497066]
}}
appearance Appearance{material Material{diffuseColor 1 0.807843 0.498039
transparency 0}}}
Shape { geometry IndexedFaceSet 
{ creaseAngle 0.50 coordIndex [0,1,2,-1,0,3,1,-1]
coord Coordinate { point [-1.7559 -1.39764 0.07874,-1.91338 -1.08255 0.07874,-1.91338 -1.39764 0.07874,-1.7559 -1.08255 0.07874]
}}
appearance Appearance{material Material{diffuseColor 1 0.807843 0.498039
transparency 0}}}
Shape { geometry IndexedFaceSet 
{ creaseAngle 0.50 coordIndex [0,1,2,-1,2,1,3,-1]
coord Coordinate { point [-0.59055 2.95275 0.492125,-0.59055 2.95275 0.255905,-0.59055 2.89369 0.492125,-0.59055 2.89369 0.255905]
}}
appearance Appearance{material Material{diffuseColor 1 1 1
transparency 0}}}
Shape { geometry IndexedFaceSet 
{ creaseAngle 0.50 coordIndex [0,1,2,-1,1,3,2,-1]
coord Coordinate { point [-0.885825 -0.3937 0.151574,-1.04331 -0.3937 0.151574,-0.885825 -0.3937 0.019685,-1.04331 -0.3937 0.019685]
}}
appearance Appearance{material Material{diffuseColor 0.411765 0.411765 0.411765
transparency 0}}}
Shape { geometry IndexedFaceSet 
{ creaseAngle 0.50 coordIndex [0,1,2,-1,2,3,4,-1,4,3,5,-1,5,3,6,-1,1,3,2,-1]
coord Coordinate { point [0.436995 2.65746 0.539078,0.452755 2.65747 0.539369,0.433452 2.6759 0.538931,0.452755 2.71653 0.539369,0.425693 2.69301 0.538907,0.41614 2.70586 0.539039,0.404212 2.71653 0.539369]
}}
appearance Appearance{material Material{diffuseColor 1 1 1
transparency 0}}}
Shape { geometry IndexedFaceSet 
{ creaseAngle 0.50 coordIndex [0,1,2,-1,3,2,4,-1,3,0,2,-1,5,4,6,-1,5,3,4,-1,7,6,8,-1,7,5,6,-1,9,10,11,-1,9,8,10,-1,9,7,8,-1,12,11,13,-1,12,9,11,-1,14,13,15,-1,14,12,13,-1,16,14,15,-1]
coord Coordinate { point [-1.37204 1.53543 0.450849,-1.37204 1.5429 0.469061,-1.36436 1.5422 0.469348,-1.36307 1.53447 0.451244,-1.35698 1.54013 0.470198,-1.35444 1.53158 0.452426,-1.35017 1.53676 0.471579,-1.34658 1.52679 0.454395,-1.34421 1.53223 0.473438,-1.34006 1.52025 0.457078,-1.34024 1.52794 0.475197,-1.33698 1.52305 0.477207,-1.33556 1.5127 0.460174,-1.33375 1.51492 0.480541,-1.3334 1.50595 0.462945,-1.33267 1.50648 0.484004,-1.33267 1.49901 0.465792]
}}
appearance Appearance{material Material{diffuseColor 1 0.807843 0.498039
transparency 0}}}
Shape { geometry IndexedFaceSet 
{ creaseAngle 0.50 coordIndex [0,1,2,-1,3,2,4,-1,3,0,2,-1,5,4,6,-1,5,3,4,-1,7,6,8,-1,7,5,6,-1,9,10,11,-1,9,8,10,-1,9,7,8,-1,12,11,13,-1,12,9,11,-1,14,13,15,-1,14,12,13,-1,16,14,15,-1]
coord Coordinate { point [-0.938922 1.61417 0.450849,-0.938922 1.62164 0.469061,-0.931241 1.62094 0.469348,-0.929942 1.61321 0.451244,-0.923855 1.61887 0.470198,-0.921315 1.61032 0.452426,-0.917049 1.6155 0.471579,-0.913458 1.60553 0.454395,-0.911083 1.61097 0.473438,-0.906934 1.59899 0.457078,-0.907116 1.60668 0.475197,-0.90386 1.60179 0.477207,-0.902438 1.59144 0.460174,-0.900624 1.59366 0.480541,-0.900275 1.58469 0.462945,-0.899552 1.58522 0.484004,-0.899552 1.57775 0.465792]
}}
appearance Appearance{material Material{diffuseColor 1 0.807843 0.498039
transparency 0}}}
Shape { geometry IndexedFaceSet 
{ creaseAngle 0.50 coordIndex [0,1,2,-1,3,2,4,-1,3,0,2,-1,5,4,6,-1,5,3,4,-1,7,6,8,-1,7,5,6,-1,9,8,10,-1,9,7,8,-1,11,10,12,-1,11,9,10,-1,13,12,14,-1,13,11,12,-1,15,13,14,-1]
coord Coordinate { point [-0.0727817 1.37436 0.544665,-0.0727817 1.24514 0.476845,-0.064021 1.2456 0.475971,-0.064021 1.37481 0.543791,-0.0556997 1.24695 0.473392,-0.0556996 1.37617 0.541213,-0.0482349 1.24913 0.469239,-0.0482348 1.37835 0.53706,-0.042001 1.25203 0.46372,-0.0420009 1.38124 0.53154,-0.0373105 1.2555 0.45711,-0.0373105 1.38471 0.52493,-0.0343988 1.25936 0.449742,-0.0343987 1.38858 0.517562,-0.0334117 1.26343 0.441985,-0.0334117 1.39265 0.509805]
}}
appearance Appearance{material Material{diffuseColor 1 0.807843 0.498039
transparency 0}}}
Shape { geometry IndexedFaceSet 
{ creaseAngle 0.50 coordIndex [0,1,2,-1,0,3,1,-1,4,2,5,-1,4,0,2,-1,6,5,7,-1,6,4,5,-1,8,7,9,-1,8,6,7,-1,10,9,11,-1,10,8,9,-1,12,11,13,-1,12,10,11,-1,14,13,15,-1,14,12,13,-1]
coord Coordinate { point [0.726514 0.918255 0.393001,0.734198 1.21337 0.464892,0.725437 1.2136 0.463933,0.734198 0.917989 0.393739,0.719127 0.918868 0.390822,0.717116 1.21428 0.461102,0.711036 0.920025 0.38646,0.709651 1.21538 0.456542,0.704235 0.921597 0.380373,0.703417 1.21684 0.450481,0.699125 0.923506 0.372888,0.698727 1.21859 0.443224,0.695925 0.925642 0.364458,0.695815 1.22054 0.435134,0.694827 0.927896 0.355543,0.694828 1.22259 0.426617]
}}
appearance Appearance{material Material{diffuseColor 1 0.807843 0.498039
transparency 0}}}
Shape { geometry IndexedFaceSet 
{ creaseAngle 0.50 coordIndex [0,1,2,-1,3,1,0,-1]
coord Coordinate { point [-1.88976 2.36876 0.625881,-1.88976 2.62066 0.581885,-1.88976 2.36687 0.606286,-1.88976 2.62254 0.60148]
}}
appearance Appearance{material Material{diffuseColor 1 1 1
transparency 0}}}
Shape { geometry IndexedFaceSet 
{ creaseAngle 0.50 coordIndex [0,1,2,-1,2,1,3,-1]
coord Coordinate { point [2.69685 2.10629 0.452755,2.69685 2.10629 0.255905,2.7559 2.10629 0.452755,2.7559 2.10629 0.255905]
}}
appearance Appearance{material Material{diffuseColor 1 1 1
transparency 0}}}
Shape { geometry IndexedFaceSet 
{ creaseAngle 0.50 coordIndex [0,1,2,-1,0,3,1,-1]
coord Coordinate { point [0.842518 -0.807085 0.151574,0.685038 -0.94488 0.151574,0.685038 -0.807085 0.151574,0.842518 -0.94488 0.151574]
}}
appearance Appearance{material Material{diffuseColor 1 0.807843 0.498039
transparency 0}}}
Shape { geometry IndexedFaceSet 
{ creaseAngle 0.50 coordIndex [0,1,2,-1,3,0,2,-1,4,2,5,-1,4,3,2,-1,6,5,7,-1,6,4,5,-1,8,7,9,-1,8,6,7,-1,10,9,11,-1,10,8,9,-1,12,11,13,-1,12,10,11,-1,14,13,15,-1,14,12,13,-1]
coord Coordinate { point [-1.31889 3.05117 0.649605,-1.63386 3.05117 0.649605,-1.63385 3.04871 0.671507,-1.31889 3.04871 0.671507,-1.31889 3.04143 0.69231,-1.63385 3.04143 0.69231,-1.31889 3.0297 0.710972,-1.63385 3.0297 0.710972,-1.31889 3.01412 0.726557,-1.63385 3.01412 0.726557,-1.31889 2.99546 0.738283,-1.63385 2.99546 0.738283,-1.31889 2.97465 0.745562,-1.63385 2.97465 0.745562,-1.31889 2.95275 0.74803,-1.63386 2.95275 0.74803]
}}
appearance Appearance{material Material{diffuseColor 1 1 1
transparency 0}}}
Shape { geometry IndexedFaceSet 
{ creaseAngle 0.50 coordIndex [0,1,2,-1,0,3,4,-1,0,4,1,-1,5,6,7,-1,5,7,8,-1,9,10,11,-1,9,2,10,-1,12,11,6,-1,12,9,11,-1,13,8,14,-1,13,5,8,-1,15,16,3,-1,15,3,0,-1,15,0,2,-1,15,2,9,-1,17,16,15,-1,17,9,12,-1,17,15,9,-1,18,19,20,-1,18,14,19,-1,18,13,14,-1,21,6,5,-1,21,12,6,-1,22,18,20,-1,23,21,5,-1,23,5,13,-1,24,20,25,-1,24,22,20,-1,26,27,16,-1,26,12,21,-1,26,16,17,-1,26,17,12,-1,28,13,18,-1,28,23,13,-1,29,30,31,-1,32,26,21,-1,32,21,23,-1,32,27,26,-1,33,34,35,-1,36,18,22,-1,36,28,18,-1,37,35,38,-1,39,22,24,-1,37,33,35,-1,39,36,22,-1,40,41,27,-1,40,27,32,-1,40,32,23,-1,42,37,38,-1,40,23,28,-1,7,38,43,-1,44,41,40,-1,44,28,36,-1,7,42,38,-1,44,40,28,-1,45,24,25,-1,45,25,46,-1,47,34,33,-1,45,39,24,-1,48,36,39,-1,10,33,37,-1,48,41,44,-1,48,44,36,-1,10,47,33,-1,49,45,46,-1,50,51,41,-1,50,41,48,-1,50,39,45,-1,8,7,43,-1,50,48,39,-1,52,46,53,-1,52,49,46,-1,1,34,47,-1,54,51,50,-1,54,45,49,-1,54,50,45,-1,11,37,42,-1,11,10,37,-1,55,51,54,-1,14,43,56,-1,55,49,52,-1,55,54,49,-1,14,8,43,-1,57,30,51,-1,57,53,58,-1,57,51,55,-1,57,52,53,-1,2,1,47,-1,57,55,52,-1,2,47,10,-1,59,30,57,-1,59,57,58,-1,60,58,31,-1,60,31,30,-1,6,42,7,-1,60,59,58,-1,6,11,42,-1,60,30,59,-1,4,3,34,-1,4,34,1,-1,19,56,61,-1,19,61,20,-1,19,14,56,-1]
coord Coordinate { point [-0.0467995 1.61467 0.481225,-0.0474931 1.61505 0.479474,-0.0479395 1.61554 0.480356,-0.0456409 1.61365 0.481808,-0.0464936 1.61428 0.480236,-0.0599499 1.62236 0.486381,-0.0557558 1.62071 0.483202,-0.0590021 1.62117 0.475769,-0.0641067 1.62295 0.476863,-0.0510151 1.61798 0.485685,-0.0497724 1.61663 0.478173,-0.0541673 1.61985 0.481931,-0.0521818 1.61859 0.487458,-0.0625928 1.62301 0.48827,-0.0672579 1.62367 0.477589,-0.0490545 1.61647 0.487178,-0.0476998 1.61491 0.490288,-0.0499589 1.61688 0.489151,-0.0662256 1.62345 0.49074,-0.0715163 1.6242 0.478626,-0.0728521 1.62446 0.487282,-0.0553736 1.61965 0.491831,-0.0673883 1.62349 0.491501,-0.0574571 1.61997 0.494387,-0.0699408 1.62341 0.493124,-0.0727804 1.62305 0.494851,-0.0525273 1.61746 0.493999,-0.0510164 1.61467 0.498453,-0.0604011 1.62 0.497677,-0.0727817 1.60016 0.520428,-0.066587 1.60552 0.517163,-0.073001 1.60873 0.51513,-0.0542628 1.61751 0.49682,-0.0505598 1.61621 0.474218,-0.0449429 1.61097 0.473438,-0.0509089 1.6155 0.471579,-0.0613618 1.61992 0.498678,-0.0514374 1.61686 0.474361,-0.0577154 1.61887 0.470198,-0.0635008 1.6196 0.500795,-0.0567784 1.61722 0.500436,-0.0554245 1.61296 0.505893,-0.0570306 1.62025 0.475375,-0.065101 1.62094 0.469348,-0.0576134 1.61704 0.501533,-0.0659278 1.619 0.503017,-0.0728295 1.62024 0.502052,-0.0491001 1.616 0.47756,-0.0594953 1.61652 0.503846,-0.0692244 1.61784 0.505754,-0.0616657 1.61573 0.506264,-0.0607029 1.60986 0.512236,-0.0700099 1.61751 0.506361,-0.0730012 1.61605 0.508532,-0.0646693 1.61434 0.509224,-0.065394 1.61396 0.509876,-0.0727816 1.62164 0.469061,-0.0681848 1.61233 0.512181,-0.0730422 1.61282 0.511895,-0.0704325 1.61084 0.513805,-0.0716632 1.60996 0.51461,-0.0728625 1.62428 0.478965]
}}
appearance Appearance{material Material{diffuseColor 1 0.807843 0.498039
transparency 0}}}
Shape { geometry IndexedFaceSet 
{ creaseAngle 0.50 coordIndex [0,1,2,-1,1,3,2,-1]
coord Coordinate { point [0.153473 2.65608 0.538928,0.098425 1.55511 0.644785,0.153756 2.66173 0.597711,0.098425 1.55511 0.704112]
}}
appearance Appearance{material Material{diffuseColor 1 1 1
transparency 0}}}
Shape { geometry IndexedFaceSet 
{ creaseAngle 0.50 coordIndex [0,1,2,-1,1,3,2,-1,2,4,5,-1,3,4,2,-1,5,6,7,-1,4,6,5,-1,7,8,9,-1,6,8,7,-1,9,10,11,-1,8,10,9,-1,11,12,13,-1,10,12,11,-1,13,14,15,-1,12,14,13,-1]
coord Coordinate { point [-2.7559 0.935037 0.255905,-2.69685 0.935037 0.255905,-2.7559 0.933557 0.269046,-2.69684 0.933557 0.269046,-2.69684 0.929189 0.281528,-2.7559 0.929189 0.281528,-2.69684 0.922154 0.292725,-2.7559 0.922154 0.292725,-2.69684 0.912803 0.302076,-2.7559 0.912803 0.302076,-2.69684 0.901606 0.309112,-2.7559 0.901606 0.309112,-2.69684 0.889123 0.313479,-2.7559 0.889123 0.313479,-2.69685 0.875982 0.31496,-2.7559 0.875982 0.31496]
}}
appearance Appearance{material Material{diffuseColor 1 1 1
transparency 0}}}
Shape { geometry IndexedFaceSet 
{ creaseAngle 0.50 coordIndex [0,1,2,-1,0,2,3,-1]
coord Coordinate { point [-2.40551 1.75196 0.019685,-2.40551 1.75196 0.120078,-2.40551 -0.137795 0.120078,-2.40551 -0.137795 0.019685]
}}
appearance Appearance{material Material{diffuseColor 0.411765 0.411765 0.411765
transparency 0}}}
Shape { geometry IndexedFaceSet 
{ creaseAngle 0.50 coordIndex [0,1,2,-1,1,3,2,-1,3,4,2,-1,4,5,2,-1,6,7,8,-1,8,7,9,-1,9,7,10,-1,10,7,11,-1,11,7,12,-1,12,7,5,-1,5,7,2,-1,13,14,15,-1,15,14,16,-1,16,14,17,-1,17,14,6,-1,6,14,7,-1]
coord Coordinate { point [2.17232 -2.12598 0.386732,2.16008 -2.11234 0.386732,2.12598 -2.12598 0.386732,2.15132 -2.09623 0.386732,2.14653 -2.07854 0.386732,2.14595 -2.06021 0.386732,2.21769 -1.98847 0.386732,2.12598 -1.85039 0.386732,2.19973 -1.99215 0.386732,2.18311 -1.99988 0.386732,2.16873 -2.01125 0.386732,2.15736 -2.02563 0.386732,2.14963 -2.04225 0.386732,2.28346 -2.01484 0.386732,2.28346 -1.85039 0.386732,2.26982 -2.0026 0.386732,2.25371 -1.99384 0.386732,2.23602 -1.98905 0.386732]
}}
appearance Appearance{material Material{diffuseColor 0.792157 0.819608 0.933333
transparency 0}}}
Shape { geometry IndexedFaceSet 
{ creaseAngle 0.50 coordIndex [0,1,2,-1,3,0,2,-1]
coord Coordinate { point [-0.206692 2.40157 0.098425,0.797243 2.40157 0.098425,0.797243 2.40157 0.019685,-0.206692 2.40157 0.019685]
}}
appearance Appearance{material Material{diffuseColor 0.411765 0.411765 0.411765
transparency 0}}}
Shape { geometry IndexedFaceSet 
{ creaseAngle 0.50 coordIndex [0,1,2,-1,2,3,4,-1,1,3,2,-1,4,5,6,-1,3,5,4,-1,6,7,8,-1,8,7,9,-1,5,7,6,-1,9,10,11,-1,7,10,9,-1]
coord Coordinate { point [-0.0334117 1.4018 0.492375,-0.171312 1.4018 0.492375,-0.0334117 1.41931 0.499832,-0.171312 1.42574 0.501776,-0.0334117 1.43772 0.50437,-0.171312 1.45114 0.505774,-0.0334117 1.45669 0.505904,-0.171312 1.47681 0.504179,-0.0334117 1.47703 0.504141,-0.0334117 1.48945 0.501271,-0.171312 1.50152 0.497066,-0.0334117 1.50152 0.497066]
}}
appearance Appearance{material Material{diffuseColor 1 0.807843 0.498039
transparency 0}}}
Shape { geometry IndexedFaceSet 
{ creaseAngle 0.50 coordIndex [0,1,2,-1,3,4,5,-1,3,5,6,-1,5,0,6,-1,6,0,2,-1]
coord Coordinate { point [1.39763 2.95275 0.688975,1.39763 2.81495 0.688975,1.39763 2.87401 0.62992,1.39764 3.05117 0.019685,1.39764 3.05117 0.35433,1.39764 2.95275 0.35433,1.39764 2.87401 0.019685]
}}
appearance Appearance{material Material{diffuseColor 0.411765 0.411765 0.411765
transparency 0}}}
Shape { geometry IndexedFaceSet 
{ creaseAngle 0.50 coordIndex [0,1,2,-1,3,1,0,-1]
coord Coordinate { point [1.73228 -1.92913 0.11811,1.45669 -1.92913 0.019685,1.73228 -1.92913 0.019685,1.45669 -1.92913 0.11811]
}}
appearance Appearance{material Material{diffuseColor 0.411765 0.411765 0.411765
transparency 0}}}
Shape { geometry IndexedFaceSet 
{ creaseAngle 0.50 coordIndex [0,1,2,-1,3,1,0,-1]
coord Coordinate { point [-0.019685 -0.55118 0.151574,-0.019685 -0.3937 0.019685,-0.019685 -0.55118 0.019685,-0.019685 -0.3937 0.151574]
}}
appearance Appearance{material Material{diffuseColor 0.411765 0.411765 0.411765
transparency 0}}}
Shape { geometry IndexedFaceSet 
{ creaseAngle 0.50 coordIndex [0,1,2,-1,0,3,1,-1,4,2,5,-1,4,0,2,-1,6,5,7,-1,6,4,5,-1,8,7,9,-1,8,6,7,-1,10,9,11,-1,10,8,9,-1,12,13,14,-1,12,11,13,-1,12,10,11,-1,15,12,14,-1]
coord Coordinate { point [-1.91338 -1.03997 0.137617,-1.7559 -1.04321 0.116423,-1.7559 -1.03997 0.137617,-1.91338 -1.04321 0.116423,-1.91338 -1.03221 0.157605,-1.7559 -1.03221 0.157605,-1.91338 -1.02031 0.175438,-1.7559 -1.02031 0.175438,-1.91338 -1.00482 0.190271,-1.7559 -1.00482 0.190271,-1.91338 -0.986496 0.201399,-1.7559 -0.986496 0.201399,-1.91338 -0.966194 0.208294,-1.7559 -0.966194 0.208294,-1.7559 -0.94488 0.210629,-1.91338 -0.94488 0.210629]
}}
appearance Appearance{material Material{diffuseColor 1 0.807843 0.498039
transparency 0}}}
Shape { geometry IndexedFaceSet 
{ creaseAngle 0.50 coordIndex [0,1,2,-1,2,3,4,-1,1,3,2,-1,4,5,6,-1,3,5,4,-1,6,7,8,-1,5,7,6,-1,8,9,10,-1,7,9,8,-1,10,11,12,-1,9,11,10,-1,11,13,12,-1,12,14,15,-1,13,14,12,-1,14,16,15,-1]
coord Coordinate { point [2.32283 -2.41732 0.74803,2.32283 -2.41732 0.688975,2.32431 -2.40418 0.74803,2.32461 -2.40293 0.688975,2.32868 -2.39169 0.74803,2.32985 -2.3894 0.688975,2.33571 -2.3805 0.74803,2.33822 -2.37756 0.688975,2.34506 -2.37115 0.74803,2.34922 -2.36812 0.688975,2.35626 -2.36411 0.74803,2.3622 -2.36164 0.688975,2.36874 -2.35974 0.74803,2.36862 -2.35977 0.688975,2.37521 -2.35864 0.688975,2.38189 -2.35826 0.74803,2.38189 -2.35826 0.688975]
}}
appearance Appearance{material Material{diffuseColor 1 1 1
transparency 0}}}
Shape { geometry IndexedFaceSet 
{ creaseAngle 0.50 coordIndex [0,1,2,-1,3,2,4,-1,3,0,2,-1,5,4,6,-1,5,3,4,-1,7,6,8,-1,7,5,6,-1,9,8,10,-1,9,7,8,-1,11,10,12,-1,11,12,13,-1,14,9,10,-1,15,10,11,-1,15,14,10,-1,16,14,15,-1,17,16,15,-1]
coord Coordinate { point [0.399658 1.38007 0.426617,0.399658 1.42091 0.441985,0.398671 1.41684 0.449742,0.398671 1.37802 0.435134,0.395759 1.41298 0.45711,0.395759 1.37607 0.443224,0.391069 1.40951 0.46372,0.391069 1.37432 0.450481,0.384835 1.40661 0.469239,0.384835 1.37286 0.456542,0.37737 1.40443 0.473392,0.360288 1.39237 0.471992,0.369049 1.40308 0.475971,0.360288 1.40262 0.476845,0.37737 1.37176 0.461102,0.360288 1.38176 0.467999,0.369049 1.37108 0.463933,0.360288 1.37085 0.464892]
}}
appearance Appearance{material Material{diffuseColor 1 0.807843 0.498039
transparency 0}}}
Shape { geometry IndexedFaceSet 
{ creaseAngle 0.50 coordIndex [0,1,2,-1,3,0,2,-1]
coord Coordinate { point [0.688975 -0.55118 0.263779,0.846455 -0.55118 0.263779,0.846455 -0.55118 0.210629,0.688975 -0.55118 0.210629]
}}
appearance Appearance{material Material{diffuseColor 0.792157 0.819608 0.933333
transparency 0}}}
Shape { geometry IndexedFaceSet 
{ creaseAngle 0.50 coordIndex [0,1,2,-1,0,2,3,-1,0,3,4,-1,0,4,5,-1,0,5,6,-1,0,6,7,-1,8,1,0,-1,9,8,0,-1,10,9,0,-1,11,10,0,-1,12,11,0,-1,0,13,12,-1,14,0,7,-1]
coord Coordinate { point [-0.463955 0.778373 0.379074,-0.480245 0.780147 0.371709,-0.482774 0.779732 0.373434,-0.487336 0.779152 0.375839,-0.490174 0.778886 0.376944,-0.494433 0.778602 0.378124,-0.496666 0.778502 0.37854,-0.498942 0.77843 0.378836,-0.475532 0.781144 0.36757,-0.473345 0.781722 0.365171,-0.471391 0.782317 0.3627,-0.46818 0.783561 0.357537,-0.465107 0.785559 0.349244,-0.464124 0.787717 0.340294,-0.503687 0.778373 0.379074]
}}
appearance Appearance{material Material{diffuseColor 1 0.807843 0.498039
transparency 0}}}
Shape { geometry IndexedFaceSet 
{ creaseAngle 0.50 coordIndex [0,1,2,-1,3,2,4,-1,3,0,2,-1,5,4,6,-1,5,3,4,-1,7,6,8,-1,7,5,6,-1,9,10,11,-1,9,8,10,-1,9,7,8,-1,12,11,13,-1,12,9,11,-1,14,13,15,-1,14,12,13,-1,16,14,15,-1]
coord Coordinate { point [0.360288 1.77165 0.450849,0.360288 1.77912 0.469061,0.367969 1.77842 0.469348,0.369268 1.77069 0.451244,0.375355 1.77635 0.470198,0.377895 1.7678 0.452426,0.382161 1.77298 0.471579,0.385752 1.76301 0.454395,0.388127 1.76845 0.473438,0.392276 1.75647 0.457078,0.392094 1.76416 0.475197,0.39535 1.75927 0.477207,0.396772 1.74892 0.460174,0.398586 1.75114 0.480541,0.398935 1.74217 0.462945,0.399658 1.7427 0.484004,0.399658 1.73523 0.465792]
}}
appearance Appearance{material Material{diffuseColor 0.792157 0.819608 0.933333
transparency 0}}}
Shape { geometry IndexedFaceSet 
{ creaseAngle 0.50 coordIndex [0,1,2,-1,3,0,2,-1]
coord Coordinate { point [-1.8073 2.66173 0.597711,-1.75196 1.55511 0.704112,-1.75196 1.55511 0.644785,-1.80701 2.65608 0.538928]
}}
appearance Appearance{material Material{diffuseColor 1 1 1
transparency 0}}}
Shape { geometry IndexedFaceSet 
{ creaseAngle 0.50 coordIndex [0,1,2,-1,3,4,5,-1,3,2,4,-1,3,0,2,-1,6,7,8,-1,6,9,7,-1,6,5,9,-1,6,3,5,-1,10,11,12,-1,10,8,11,-1,10,6,8,-1,13,14,15,-1,13,12,14,-1,13,10,12,-1,16,15,17,-1,16,13,15,-1,18,17,19,-1,18,16,17,-1,20,19,21,-1,20,18,19,-1]
coord Coordinate { point [-0.505904 0.839249 0.393738,-0.503687 0.778373 0.379074,-0.498942 0.77843 0.378836,-0.498202 0.839609 0.393019,-0.496666 0.778502 0.37854,-0.494433 0.778602 0.378124,-0.490798 0.840308 0.390849,-0.487336 0.779152 0.375839,-0.482774 0.779732 0.373434,-0.490174 0.778886 0.376944,-0.482693 0.841543 0.386481,-0.480245 0.780147 0.371709,-0.475532 0.781144 0.36757,-0.475887 0.843151 0.380372,-0.473345 0.781722 0.365171,-0.471391 0.782317 0.3627,-0.470783 0.845038 0.372845,-0.46818 0.783561 0.357537,-0.467601 0.847086 0.364359,-0.465107 0.785559 0.349244,-0.466535 0.849177 0.355375,-0.464124 0.787717 0.340294]
}}
appearance Appearance{material Material{diffuseColor 1 0.807843 0.498039
transparency 0}}}
Shape { geometry IndexedFaceSet 
{ creaseAngle 0.50 coordIndex [0,1,2,-1,3,1,0,-1,4,5,3,-1,3,5,1,-1,6,7,4,-1,8,7,6,-1,4,7,5,-1,9,10,8,-1,8,10,7,-1,9,11,10,-1,9,12,11,-1,12,13,11,-1,12,14,13,-1,14,15,13,-1,16,17,14,-1,14,17,15,-1]
coord Coordinate { point [-1.47047 0.849156 0.355542,-1.47047 1.14846 0.407479,-1.47047 0.849181 0.335387,-1.47047 1.14385 0.426617,-1.47047 1.18469 0.441985,-1.47047 1.19384 0.424554,-1.47047 1.31391 0.509805,-1.47047 1.32306 0.492375,-1.47047 1.33917 0.52002,-1.47047 1.3666 0.525121,-1.47047 1.347 0.501776,-1.47047 1.3724 0.505774,-1.47047 1.39939 0.523911,-1.47047 1.39807 0.504179,-1.47047 1.43025 0.515277,-1.47047 1.42278 0.497066,-1.47047 1.50648 0.484004,-1.47047 1.49901 0.465792]
}}
appearance Appearance{material Material{diffuseColor 1 0.807843 0.498039
transparency 0}}}
Shape { geometry IndexedFaceSet 
{ creaseAngle 0.50 coordIndex [0,1,2,-1,3,1,0,-1]
coord Coordinate { point [-1.06299 2.89369 0.255905,-1.06299 2.95275 0.492125,-1.06299 2.89369 0.492125,-1.06299 2.95275 0.255905]
}}
appearance Appearance{material Material{diffuseColor 1 1 1
transparency 0}}}
Shape { geometry IndexedFaceSet 
{ creaseAngle 0.50 coordIndex [0,1,2,-1,3,1,0,-1]
coord Coordinate { point [-1.04331 -0.55118 0.210629,-0.885825 -0.3937 0.210629,-1.04331 -0.3937 0.210629,-0.885825 -0.55118 0.210629]
}}
appearance Appearance{material Material{diffuseColor 1 0.807843 0.498039
transparency 0}}}
Shape { geometry IndexedFaceSet 
{ creaseAngle 0.50 coordIndex [0,1,2,-1,0,2,3,-1,4,3,5,-1,4,0,3,-1,6,5,7,-1,6,4,5,-1,8,7,9,-1,8,6,7,-1,10,9,11,-1,10,8,9,-1,12,11,13,-1,12,10,11,-1,14,13,15,-1,14,12,13,-1]
coord Coordinate { point [-2.67765 -2.24409 0.583119,-2.67716 -2.24409 0.578739,-2.67716 -1.41732 0.578739,-2.67765 -1.41732 0.583119,-2.67911 -2.24409 0.58728,-2.67911 -1.41732 0.58728,-2.68145 -2.24409 0.591012,-2.68145 -1.41732 0.591012,-2.68457 -2.24409 0.594129,-2.68457 -1.41732 0.594129,-2.6883 -2.24409 0.596475,-2.6883 -1.41732 0.596475,-2.69246 -2.24409 0.59793,-2.69246 -1.41732 0.59793,-2.69685 -2.24409 0.598424,-2.69685 -1.41732 0.598424]
}}
appearance Appearance{material Material{diffuseColor 1 1 1
transparency 0}}}
Shape { geometry IndexedFaceSet 
{ creaseAngle 0.50 coordIndex [0,1,2,-1,2,3,4,-1,1,3,2,-1]
coord Coordinate { point [-1.03979 0.870946 0.321663,-1.05062 0.572609 0.249798,-1.03986 0.866418 0.340446,-1.05089 0.558782 0.30721,-1.04003 0.857114 0.379074]
}}
appearance Appearance{material Material{diffuseColor 1 0.807843 0.498039
transparency 0}}}
Shape { geometry IndexedFaceSet 
{ creaseAngle 0.50 coordIndex [0,1,2,-1,0,3,1,-1,4,2,5,-1,4,0,2,-1,6,5,7,-1,6,4,5,-1,8,7,9,-1,8,6,7,-1,10,9,11,-1,10,8,9,-1,12,11,13,-1,12,13,14,-1,12,10,11,-1,15,12,14,-1]
coord Coordinate { point [-2.18306 2.71653 0.47815,-2.18504 2.65747 0.460629,-2.18306 2.65748 0.47815,-2.18504 2.71653 0.460629,-2.17724 2.71653 0.494793,-2.17724 2.65748 0.494793,-2.16786 2.71653 0.509723,-2.16786 2.65748 0.509723,-2.15539 2.71653 0.52219,-2.15539 2.65748 0.52219,-2.14046 2.71653 0.531571,-2.14046 2.65748 0.531571,-2.12382 2.71653 0.537395,-2.12382 2.65748 0.537395,-2.1063 2.65748 0.539369,-2.1063 2.71653 0.539369]
}}
appearance Appearance{material Material{diffuseColor 1 1 1
transparency 0}}}
Shape { geometry IndexedFaceSet 
{ creaseAngle 0.50 coordIndex [0,1,2,-1,3,1,0,-1]
coord Coordinate { point [-1.3189 -0.55118 0.151574,-1.3189 -0.3937 0.019685,-1.3189 -0.55118 0.019685,-1.3189 -0.3937 0.151574]
}}
appearance Appearance{material Material{diffuseColor 0.411765 0.411765 0.411765
transparency 0}}}
Shape { geometry IndexedFaceSet 
{ creaseAngle 0.50 coordIndex [0,1,2,-1,0,3,1,-1,4,2,5,-1,4,0,2,-1,6,5,7,-1,6,4,5,-1,8,7,9,-1,8,6,7,-1,10,9,11,-1,10,8,9,-1,12,11,13,-1,12,10,11,-1,14,13,15,-1,14,12,13,-1]
coord Coordinate { point [0.293444 1.07574 0.393002,0.301128 1.37085 0.464892,0.292367 1.37108 0.463933,0.301128 1.07547 0.39374,0.286057 1.07635 0.390823,0.284046 1.37176 0.461102,0.277966 1.07751 0.386461,0.276581 1.37286 0.456542,0.271165 1.07908 0.380374,0.270347 1.37432 0.450481,0.266055 1.08099 0.372888,0.265657 1.37607 0.443224,0.262855 1.08312 0.364459,0.262745 1.37802 0.435134,0.261757 1.08538 0.355543,0.261758 1.38007 0.426617]
}}
appearance Appearance{material Material{diffuseColor 1 0.807843 0.498039
transparency 0}}}
Shape { geometry IndexedFaceSet 
{ creaseAngle 0.50 coordIndex [0,1,2,-1,3,4,5,-1,3,2,4,-1,3,0,2,-1,6,7,8,-1,6,9,7,-1,6,5,9,-1,6,3,5,-1,10,11,12,-1,10,8,11,-1,10,6,8,-1,13,14,15,-1,13,12,14,-1,13,10,12,-1,16,15,17,-1,16,13,15,-1,18,17,19,-1,18,16,17,-1,20,19,21,-1,20,18,19,-1]
coord Coordinate { point [-1.37204 0.839249 0.393738,-1.36983 0.778373 0.379074,-1.36508 0.77843 0.378836,-1.36434 0.839609 0.393019,-1.36281 0.778502 0.37854,-1.36057 0.778602 0.378124,-1.35694 0.840308 0.390849,-1.35348 0.779152 0.375839,-1.34891 0.779732 0.373434,-1.35631 0.778886 0.376944,-1.34883 0.841543 0.386481,-1.34639 0.780147 0.371709,-1.34167 0.781144 0.36757,-1.34203 0.843151 0.380372,-1.33949 0.781722 0.365171,-1.33753 0.782317 0.3627,-1.33692 0.845038 0.372845,-1.33432 0.783561 0.357537,-1.33374 0.847086 0.364359,-1.33125 0.785559 0.349244,-1.33267 0.849177 0.355375,-1.33026 0.787717 0.340294]
}}
appearance Appearance{material Material{diffuseColor 1 0.807843 0.498039
transparency 0}}}
Shape { geometry IndexedFaceSet 
{ creaseAngle 0.50 coordIndex [0,1,2,-1,0,3,1,-1]
coord Coordinate { point [0.688975 -0.3937 0.210629,0.688975 -0.55118 0.263779,0.688975 -0.55118 0.210629,0.688975 -0.3937 0.263779]
}}
appearance Appearance{material Material{diffuseColor 0.411765 0.411765 0.411765
transparency 0}}}
Shape { geometry IndexedFaceSet 
{ creaseAngle 0.50 coordIndex [0,1,2,-1,3,0,2,-1,4,2,5,-1,4,3,2,-1,6,5,7,-1,6,4,5,-1,8,7,9,-1,8,9,10,-1,8,6,7,-1,11,6,8,-1,12,11,13,-1,12,6,11,-1,14,10,15,-1,14,8,10,-1,16,15,17,-1,16,14,15,-1,18,13,19,-1,18,19,20,-1,18,20,21,-1,18,12,13,-1,22,16,17,-1,23,21,24,-1,23,18,21,-1,25,24,26,-1,25,23,24,-1]
coord Coordinate { point [2.7559 -2.35826 0.62992,2.7559 2.95275 0.62992,2.75294 2.95275 0.656202,2.75294 -2.35826 0.656202,2.7442 -2.35826 0.681166,2.7442 2.95275 0.681166,2.73013 -2.35826 0.70356,2.73013 2.95275 0.70356,2.70308 0.59055 0.728345,2.71143 2.95275 0.722262,2.68904 2.95275 0.736333,2.70308 -0.03937 0.728345,2.71143 -2.35826 0.722262,2.70103 -0.03937 0.729675,2.68274 0.59055 0.73914,2.66407 2.95275 0.745069,2.6607 0.59055 0.745786,2.63779 2.95275 0.74803,2.68904 -2.35826 0.736333,2.69895 -0.03937 0.730962,2.69684 -0.03937 0.732206,2.67168 -0.064532 0.743063,2.63779 0.59055 0.74803,2.66407 -2.35826 0.745069,2.65485 -0.0813697 0.746792,2.63779 -2.35826 0.74803,2.63779 -0.098425 0.74803]
}}
appearance Appearance{material Material{diffuseColor 1 1 1
transparency 0}}}
Shape { geometry IndexedFaceSet 
{ creaseAngle 0.50 coordIndex [0,1,2,-1,3,2,4,-1,3,0,2,-1,5,4,6,-1,5,3,4,-1,7,6,8,-1,7,5,6,-1,9,8,10,-1,9,7,8,-1,11,10,12,-1,11,9,10,-1,13,11,12,-1,14,12,15,-1,14,13,12,-1]
coord Coordinate { point [2.34252 2.95275 0.62992,1.47637 2.95275 0.62992,1.47638 2.94979 0.656202,2.34252 2.94979 0.656202,1.47638 2.94105 0.681166,2.34252 2.94105 0.681166,1.47638 2.92698 0.70356,2.34252 2.92698 0.70356,1.47638 2.90828 0.722262,2.34252 2.90828 0.722262,1.47638 2.88589 0.736333,2.34252 2.88589 0.736333,1.47638 2.86092 0.745069,2.34252 2.86092 0.745069,2.34252 2.83464 0.74803,1.47637 2.83464 0.74803]
}}
appearance Appearance{material Material{diffuseColor 1 1 1
transparency 0}}}
Shape { geometry IndexedFaceSet 
{ creaseAngle 0.50 coordIndex [0,1,2,-1,0,2,3,-1,4,3,5,-1,4,0,3,-1,6,5,7,-1,6,4,5,-1,8,7,9,-1,8,6,7,-1,10,9,11,-1,10,8,9,-1,12,11,13,-1,12,10,11,-1,14,13,15,-1,14,12,13,-1]
coord Coordinate { point [-0.614172 -0.987461 0.0926979,-0.614172 -0.984214 0.113892,-0.456692 -0.984214 0.113892,-0.456692 -0.987461 0.0926979,-0.614172 -0.99522 0.07271,-0.456692 -0.99522 0.07271,-0.614172 -1.00712 0.0548765,-0.456692 -1.00712 0.0548765,-0.614172 -1.02261 0.0400438,-0.456692 -1.02261 0.0400438,-0.614172 -1.04093 0.0289157,-0.456692 -1.04093 0.0289157,-0.614172 -1.06123 0.0220204,-0.456692 -1.06123 0.0220204,-0.614172 -1.08255 0.019685,-0.456692 -1.08255 0.019685]
}}
appearance Appearance{material Material{diffuseColor 1 0.807843 0.498039
transparency 0}}}
Shape { geometry IndexedFaceSet 
{ creaseAngle 0.50 coordIndex [0,1,2,-1,3,1,0,-1]
coord Coordinate { point [-0.56496 1.53543 0.450849,-0.505904 1.5429 0.469061,-0.505904 1.53543 0.450849,-0.56496 1.5429 0.469061]
}}
appearance Appearance{material Material{diffuseColor 1 0.807843 0.498039
transparency 0}}}
Shape { geometry IndexedFaceSet 
{ creaseAngle 0.50 coordIndex [0,1,2,-1,2,1,3,-1,3,4,5,-1,1,4,3,-1,5,6,7,-1,4,6,5,-1,7,8,9,-1,6,8,7,-1,9,10,11,-1,11,10,12,-1,8,10,9,-1,12,13,14,-1,10,13,12,-1,13,15,14,-1]
coord Coordinate { point [-2.73622 -1.35827 0.413385,-2.73621 -1.35925 0.404624,-2.71653 -1.35827 0.413385,-2.71653 -1.35925 0.404624,-2.73621 -1.36216 0.396303,-2.71653 -1.36216 0.396303,-2.73621 -1.36685 0.388838,-2.71653 -1.36685 0.388838,-2.73621 -1.37309 0.382604,-2.71653 -1.37309 0.382604,-2.73621 -1.38055 0.377914,-2.71653 -1.38055 0.377914,-2.71653 -1.38887 0.375002,-2.73621 -1.38887 0.375002,-2.71653 -1.39764 0.374015,-2.73622 -1.39764 0.374015]
}}
appearance Appearance{material Material{diffuseColor 1 1 1
transparency 0}}}
Shape { geometry IndexedFaceSet 
{ creaseAngle 0.50 coordIndex [0,1,2,-1,1,3,2,-1,2,4,5,-1,3,4,2,-1,5,6,7,-1,4,6,5,-1,7,8,9,-1,6,8,7,-1,9,10,11,-1,8,10,9,-1,11,12,13,-1,10,12,11,-1,13,14,15,-1,12,14,13,-1]
coord Coordinate { point [1.35826 -2.7559 0.019685,1.35826 -2.7559 0.263779,1.36073 -2.7778 0.019685,1.36073 -2.7778 0.263779,1.36801 -2.79861 0.263779,1.36801 -2.79861 0.019685,1.37974 -2.81727 0.263779,1.37974 -2.81727 0.019685,1.39532 -2.83285 0.263779,1.39532 -2.83285 0.019685,1.41398 -2.84458 0.263779,1.41398 -2.84458 0.019685,1.43479 -2.85186 0.263779,1.43479 -2.85186 0.019685,1.45669 -2.85433 0.263779,1.45669 -2.85433 0.019685]
}}
appearance Appearance{material Material{diffuseColor 0.411765 0.411765 0.411765
transparency 0}}}
Shape { geometry IndexedFaceSet 
{ creaseAngle 0.50 coordIndex [0,1,2,-1,0,3,1,-1,4,2,5,-1,4,0,2,-1,6,5,7,-1,6,4,5,-1,8,7,9,-1,8,6,7,-1,10,9,11,-1,10,8,9,-1,12,11,13,-1,12,10,11,-1,14,13,15,-1,14,12,13,-1]
coord Coordinate { point [-2.55462 -2.63285 0.74803,-2.59842 -2.63779 0.688975,-2.55462 -2.63285 0.688975,-2.59842 -2.63779 0.74803,-2.51301 -2.6183 0.74803,-2.51301 -2.6183 0.688975,-2.47569 -2.59484 0.74803,-2.47569 -2.59484 0.688975,-2.44452 -2.56367 0.74803,-2.44452 -2.56367 0.688975,-2.42106 -2.52635 0.74803,-2.42106 -2.52635 0.688975,-2.40651 -2.48474 0.74803,-2.40651 -2.48474 0.688975,-2.40157 -2.44094 0.74803,-2.40157 -2.44094 0.688975]
}}
appearance Appearance{material Material{diffuseColor 1 1 1
transparency 0}}}
Shape { geometry IndexedFaceSet 
{ creaseAngle 0.50 coordIndex [0,1,2,-1,2,1,3,-1,3,4,5,-1,1,4,3,-1,5,6,7,-1,4,6,5,-1,7,8,9,-1,6,8,7,-1,9,10,11,-1,8,10,9,-1,11,12,13,-1,10,12,11,-1,13,14,15,-1,12,14,13,-1,15,16,17,-1,14,16,15,-1,17,18,19,-1,16,18,17,-1,19,20,21,-1,18,20,19,-1,21,22,23,-1,20,22,21,-1,23,24,25,-1,25,24,26,-1,22,24,23,-1,24,27,26,-1]
coord Coordinate { point [-2.26378 0.74803 0.74803,-2.26206 0.733897 0.74803,-2.26378 0.74803 0.688975,-2.26206 0.733897 0.688975,-2.25701 0.720586 0.74803,-2.25701 0.720586 0.688975,-2.24892 0.708869 0.74803,-2.24892 0.708869 0.688975,-2.23827 0.699429 0.74803,-2.23827 0.699429 0.688975,-2.22566 0.692813 0.74803,-2.22566 0.692813 0.688975,-2.21184 0.689406 0.74803,-2.21184 0.689406 0.688975,-2.1976 0.689406 0.74803,-2.1976 0.689406 0.688975,-2.18378 0.692813 0.74803,-2.18378 0.692813 0.688975,-2.17117 0.699429 0.74803,-2.17117 0.699429 0.688975,-2.16052 0.708869 0.74803,-2.16052 0.708869 0.688975,-2.15243 0.720586 0.74803,-2.15243 0.720586 0.688975,-2.14738 0.733897 0.74803,-2.14738 0.733897 0.688975,-2.14567 0.74803 0.688975,-2.14567 0.74803 0.74803]
}}
appearance Appearance{material Material{diffuseColor 1 1 1
transparency 0}}}
Shape { geometry IndexedFaceSet 
{ creaseAngle 0.50 coordIndex [0,1,2,-1,3,4,5,-1,6,3,5,-1,7,8,9,-1,10,7,9,-1,11,12,13,-1,11,13,14,-1,15,14,16,-1,15,11,14,-1,17,16,18,-1,17,15,16,-1,19,18,20,-1,19,17,18,-1,21,20,22,-1,21,19,20,-1,23,5,24,-1,23,24,12,-1,23,12,11,-1,25,22,1,-1,25,0,26,-1,25,21,22,-1,25,1,0,-1,27,23,11,-1,27,11,15,-1,27,5,23,-1,28,15,17,-1,28,27,15,-1,29,17,19,-1,29,28,17,-1,30,29,19,-1,30,19,21,-1,31,26,9,-1,31,25,26,-1,31,21,25,-1,31,9,30,-1,31,30,21,-1,32,33,6,-1,32,34,33,-1,32,8,34,-1,32,5,27,-1,32,29,30,-1,32,27,28,-1,32,6,5,-1,32,9,8,-1,32,28,29,-1,32,30,9,-1]
coord Coordinate { point [-0.899552 1.4182 0.519947,-0.900539 1.38858 0.517562,-0.899552 1.39265 0.509805,-0.930161 1.52356 0.550788,-0.938922 1.52394 0.551701,-0.938922 1.48687 0.562371,-0.92184 1.52246 0.548094,-0.900539 1.51232 0.523382,-0.903451 1.51548 0.531081,-0.899552 1.47787 0.523761,-0.899552 1.50899 0.515277,-0.930161 1.41052 0.557815,-0.938922 1.41026 0.558767,-0.938922 1.37436 0.544665,-0.930161 1.37481 0.543791,-0.92184 1.41128 0.555005,-0.92184 1.37617 0.541213,-0.914375 1.41251 0.550478,-0.914375 1.37835 0.53706,-0.908141 1.41414 0.544462,-0.908141 1.38124 0.53154,-0.90345 1.4161 0.537258,-0.90345 1.38471 0.52493,-0.930161 1.44841 0.563778,-0.938922 1.44837 0.564764,-0.900539 1.41828 0.529228,-0.899552 1.44542 0.524825,-0.92184 1.44855 0.560869,-0.914375 1.44877 0.556184,-0.908141 1.44906 0.549957,-0.90345 1.44941 0.5425,-0.900539 1.4498 0.534188,-0.911083 1.48369 0.551214,-0.914375 1.52068 0.543755,-0.908141 1.51831 0.537987]
}}
appearance Appearance{material Material{diffuseColor 1 0.807843 0.498039
transparency 0}}}
Shape { geometry IndexedFaceSet 
{ creaseAngle 0.50 coordIndex [0,1,2,-1,0,3,1,-1]
coord Coordinate { point [-1.47047 1.32306 0.492375,-1.33267 1.19384 0.424554,-1.47047 1.19384 0.424554,-1.33267 1.32306 0.492375]
}}
appearance Appearance{material Material{diffuseColor 1 0.807843 0.498039
transparency 0}}}
Shape { geometry IndexedFaceSet 
{ creaseAngle 0.50 coordIndex [0,1,2,-1,3,1,0,-1]
coord Coordinate { point [2.7559 -0.492125 0.255905,2.69685 -0.492125 0.452755,2.7559 -0.492125 0.452755,2.69685 -0.492125 0.255905]
}}
appearance Appearance{material Material{diffuseColor 1 1 1
transparency 0}}}
Shape { geometry IndexedFaceSet 
{ creaseAngle 0.50 coordIndex [0,1,2,-1,3,0,2,-1,4,5,0,-1,4,0,3,-1,6,7,5,-1,6,5,4,-1,8,9,7,-1,8,7,6,-1,10,9,8,-1,11,9,10,-1,12,11,10,-1,13,12,14,-1,13,11,12,-1,15,14,16,-1,15,13,14,-1,17,15,16,-1,18,16,19,-1,18,17,16,-1]
coord Coordinate { point [-2.26378 2.95275 0.74803,-2.26378 0.74803 0.74803,-2.26378 0.74803 0.688975,-2.26378 2.95275 0.688975,-2.26377 2.96151 0.687988,-2.26377 2.97465 0.745562,-2.26377 2.96983 0.685076,-2.26377 2.99546 0.738283,-2.26377 2.9773 0.680386,-2.26377 3.01412 0.726557,-2.26377 2.98353 0.674152,-2.26377 3.0297 0.710972,-2.26377 2.98822 0.666687,-2.26377 3.04143 0.69231,-2.26377 2.99113 0.658366,-2.26377 3.04871 0.671507,-2.26378 2.99212 0.649605,-2.26378 3.05117 0.649605,-2.26378 3.05117 0.59055,-2.26378 2.99212 0.59055]
}}
appearance Appearance{material Material{diffuseColor 1 1 1
transparency 0}}}
Shape { geometry IndexedFaceSet 
{ creaseAngle 0.50 coordIndex [0,1,2,-1,3,2,4,-1,3,0,2,-1,5,4,6,-1,5,3,4,-1,7,6,8,-1,7,5,6,-1,9,8,10,-1,9,7,8,-1,11,10,12,-1,11,9,10,-1,13,11,12,-1,14,12,15,-1,14,13,12,-1]
coord Coordinate { point [-0.505905 1.13463 0.464892,-0.505904 0.839249 0.393738,-0.498202 0.839609 0.393019,-0.497144 1.13486 0.463933,-0.490798 0.840308 0.390849,-0.488822 1.13554 0.461102,-0.482693 0.841543 0.386481,-0.481358 1.13664 0.456542,-0.475887 0.843151 0.380372,-0.475124 1.1381 0.450481,-0.470783 0.845038 0.372845,-0.470433 1.13985 0.443224,-0.467601 0.847086 0.364359,-0.467522 1.1418 0.435134,-0.466535 1.14385 0.426617,-0.466535 0.849177 0.355375]
}}
appearance Appearance{material Material{diffuseColor 1 0.807843 0.498039
transparency 0}}}
Shape { geometry IndexedFaceSet 
{ creaseAngle 0.50 coordIndex [0,1,2,-1,0,3,1,-1]
coord Coordinate { point [-1.04331 -0.3937 0.210629,-1.04331 -0.55118 0.263779,-1.04331 -0.55118 0.210629,-1.04331 -0.3937 0.263779]
}}
appearance Appearance{material Material{diffuseColor 0.411765 0.411765 0.411765
transparency 0}}}
Shape { geometry IndexedFaceSet 
{ creaseAngle 0.50 coordIndex [0,1,2,-1,3,1,0,-1]
coord Coordinate { point [-2.79527 -0.19685 0.185039,-2.67716 -0.7874 0.185039,-2.79527 -0.7874 0.185039,-2.67716 -0.19685 0.185039]
}}
appearance Appearance{material Material{diffuseColor 0.411765 0.411765 0.411765
transparency 0}}}
Shape { geometry IndexedFaceSet 
{ creaseAngle 0.50 coordIndex [0,1,2,-1,3,1,0,-1]
coord Coordinate { point [-0.998082 1.61417 0.450849,-0.938922 1.62164 0.469061,-0.938922 1.61417 0.450849,-0.998082 1.62164 0.469061]
}}
appearance Appearance{material Material{diffuseColor 1 0.807843 0.498039
transparency 0}}}
Shape { geometry IndexedFaceSet 
{ creaseAngle 0.50 coordIndex [0,1,2,-1,3,1,0,-1]
coord Coordinate { point [-0.0098425 2.44094 0.263779,-1.6437 2.55905 0.322834,-1.6437 2.44094 0.263779,-0.0098425 2.55905 0.322834]
}}
appearance Appearance{material Material{diffuseColor 0.411765 0.411765 0.411765
transparency 0}}}
Shape { geometry IndexedFaceSet 
{ creaseAngle 0.50 coordIndex [0,1,2,-1,3,1,0,-1]
coord Coordinate { point [2.69685 0.875982 0.31496,2.7559 0.659447 0.31496,2.69685 0.659447 0.31496,2.7559 0.875982 0.31496]
}}
appearance Appearance{material Material{diffuseColor 0.792157 0.819608 0.933333
transparency 0}}}
Shape { geometry IndexedFaceSet 
{ creaseAngle 0.50 coordIndex [0,1,2,-1,3,0,2,-1,3,4,0,-1,5,6,7,-1,8,5,7,-1,9,5,10,-1,9,0,5,-1,5,0,6,-1,6,0,4,-1]
coord Coordinate { point [-2.48031 -1.49606 0.303149,-2.48031 -1.88976 0.106299,-2.48031 -1.88976 0.019685,-2.48031 -0.807085 0.019685,-2.48031 -0.807085 0.263779,-2.48031 1.8307 0.263779,-2.48031 -0.137795 0.263779,-2.48031 -0.137795 0.120078,-2.48031 1.8307 0.120078,-2.48031 2.51968 0.303149,-2.48031 2.44094 0.263779]
}}
appearance Appearance{material Material{diffuseColor 0.411765 0.411765 0.411765
transparency 0}}}
Shape { geometry IndexedFaceSet 
{ creaseAngle 0.50 coordIndex [0,1,2,-1,3,4,1,-1,1,4,2,-1,5,6,4,-1,4,6,2,-1,5,7,6,-1,7,8,6,-1]
coord Coordinate { point [2.62007 2.95275 0.687006,2.62007 2.81692 0.687006,2.67716 2.95275 0.62992,2.6181 2.81495 0.688975,2.6181 0.59055 0.688975,2.6181 -0.11811 0.688975,2.67716 -2.44094 0.62992,2.6181 -2.35826 0.688975,2.6181 -2.44094 0.688975]
}}
appearance Appearance{material Material{diffuseColor 0.411765 0.411765 0.411765
transparency 0}}}
Shape { geometry IndexedFaceSet 
{ creaseAngle 0.50 coordIndex [0,1,2,-1,3,1,0,-1]
coord Coordinate { point [2.44094 2.7559 0.688975,2.40157 2.7559 0.74803,2.44094 2.7559 0.74803,2.40157 2.7559 0.688975]
}}
appearance Appearance{material Material{diffuseColor 1 1 1
transparency 0}}}
Shape { geometry IndexedFaceSet 
{ creaseAngle 0.50 coordIndex [0,1,2,-1,0,2,3,-1]
coord Coordinate { point [2.7559 2.04724 0.51181,2.7559 1.53543 0.51181,2.69685 1.53543 0.51181,2.69685 2.04724 0.51181]
}}
appearance Appearance{material Material{diffuseColor 1 1 1
transparency 0}}}
Shape { geometry IndexedFaceSet 
{ creaseAngle 0.50 coordIndex [0,1,2,-1,0,3,1,-1,4,2,5,-1,4,0,2,-1,6,5,7,-1,6,4,5,-1,8,7,9,-1,8,6,7,-1,10,9,11,-1,10,8,9,-1,12,13,14,-1,12,11,13,-1,12,10,11,-1,15,12,14,-1]
coord Coordinate { point [2.69685 0.980952 0.0408506,2.7559 0.994092 0.03937,2.7559 0.980952 0.0408506,2.69685 0.994092 0.03937,2.69685 0.968469 0.0452183,2.7559 0.968469 0.0452183,2.69685 0.957272 0.0522539,2.7559 0.957272 0.0522539,2.69685 0.947921 0.0616048,2.7559 0.947921 0.0616048,2.69685 0.940886 0.072802,2.7559 0.940886 0.072802,2.69685 0.936518 0.085284,2.7559 0.936518 0.085284,2.7559 0.935037 0.098425,2.69685 0.935037 0.098425]
}}
appearance Appearance{material Material{diffuseColor 1 1 1
transparency 0}}}
Shape { geometry IndexedFaceSet 
{ creaseAngle 0.50 coordIndex [0,1,2,-1,1,3,2,-1,2,4,5,-1,3,4,2,-1,5,6,7,-1,4,6,5,-1,7,8,9,-1,6,8,7,-1,9,10,11,-1,8,10,9,-1,11,12,13,-1,10,12,11,-1,13,14,15,-1,12,14,13,-1]
coord Coordinate { point [-2.7559 -0.07874 0.322834,-2.69685 -0.07874 0.322834,-2.7559 -0.0802206 0.335975,-2.69684 -0.0802206 0.335975,-2.69684 -0.0845883 0.348457,-2.7559 -0.0845883 0.348457,-2.69684 -0.0916239 0.359654,-2.7559 -0.0916239 0.359654,-2.69684 -0.100975 0.369005,-2.7559 -0.100975 0.369005,-2.69684 -0.112172 0.376041,-2.7559 -0.112172 0.376041,-2.69684 -0.124654 0.380408,-2.7559 -0.124654 0.380408,-2.69685 -0.137795 0.381889,-2.7559 -0.137795 0.381889]
}}
appearance Appearance{material Material{diffuseColor 1 1 1
transparency 0}}}
Shape { geometry IndexedFaceSet 
{ creaseAngle 0.50 coordIndex [0,1,2,-1,1,3,2,-1]
coord Coordinate { point [-0.889762 -1.41732 0.059055,-1.04724 -1.41732 0.059055,-0.889762 -1.41732 0.03937,-1.04724 -1.41732 0.03937]
}}
appearance Appearance{material Material{diffuseColor 1 0.807843 0.498039
transparency 0}}}
Shape { geometry IndexedFaceSet 
{ creaseAngle 0.50 coordIndex [0,1,2,-1,0,2,3,-1,4,1,0,-1,5,4,0,-1,6,7,4,-1,6,4,5,-1,8,9,7,-1,8,7,6,-1]
coord Coordinate { point [-0.184482 0.572609 0.249798,-0.0202562 0.572603 0.249796,-0.00732226 0.21031 0.162523,-0.197431 0.21031 0.162523,-0.0311053 0.870939 0.321662,-0.173655 0.870946 0.321663,-0.171312 0.927921 0.335387,-0.0334117 0.927924 0.335388,-0.171312 1.2272 0.407479,-0.0334117 1.2272 0.407479]
}}
appearance Appearance{material Material{diffuseColor 1 0.807843 0.498039
transparency 0}}}
Shape { geometry IndexedFaceSet 
{ creaseAngle 0.50 coordIndex [0,1,2,-1,0,3,1,-1,4,5,6,-1,7,4,6,-1,8,9,10,-1,11,12,13,-1,11,13,14,-1,15,12,11,-1,16,14,17,-1,16,11,14,-1,18,16,17,-1,19,20,12,-1,19,21,20,-1,19,12,15,-1,22,15,11,-1,22,11,16,-1,23,17,24,-1,23,18,17,-1,25,22,16,-1,25,16,18,-1,26,9,21,-1,26,21,19,-1,26,19,15,-1,26,15,22,-1,1,24,2,-1,1,3,27,-1,1,23,24,-1,28,27,29,-1,28,29,25,-1,28,25,18,-1,28,18,23,-1,28,1,27,-1,28,23,1,-1,30,29,31,-1,30,31,10,-1,30,25,29,-1,30,22,25,-1,30,9,26,-1,30,26,22,-1,30,10,9,-1,0,2,6,-1,0,5,3,-1,0,6,5,-1]
coord Coordinate { point [-1.86839 1.61445 0.51005,-1.8729 1.6166 0.506142,-1.8763 1.60986 0.512236,-1.86405 1.61762 0.506366,-1.86408 1.60709 0.516569,-1.86402 1.61172 0.513143,-1.87042 1.60552 0.517163,-1.86422 1.60016 0.520428,-1.86422 1.62164 0.469061,-1.87038 1.62118 0.46925,-1.86416 1.62348 0.475863,-1.88965 1.61515 0.481331,-1.89206 1.61097 0.473438,-1.89136 1.61365 0.481808,-1.8893 1.61491 0.490288,-1.88728 1.61672 0.478887,-1.88583 1.61768 0.48938,-1.88599 1.61467 0.498453,-1.88161 1.61842 0.496054,-1.88555 1.61721 0.475511,-1.88478 1.61625 0.471272,-1.87638 1.61983 0.469805,-1.88121 1.62073 0.484624,-1.87735 1.61797 0.501463,-1.88158 1.61296 0.505893,-1.87526 1.6226 0.489523,-1.87784 1.62167 0.478055,-1.86424 1.62231 0.497239,-1.86971 1.623 0.493603,-1.86419 1.62443 0.48817,-1.87063 1.6239 0.480502,-1.86414 1.62455 0.482748]
}}
appearance Appearance{material Material{diffuseColor 1 0.807843 0.498039
transparency 0}}}
Shape { geometry IndexedFaceSet 
{ creaseAngle 0.50 coordIndex [0,1,2,-1,0,3,1,-1]
coord Coordinate { point [2.7559 1.53543 0.19685,2.69685 2.04724 0.19685,2.69685 1.53543 0.19685,2.7559 2.04724 0.19685]
}}
appearance Appearance{material Material{diffuseColor 1 1 1
transparency 0}}}
Shape { geometry IndexedFaceSet 
{ creaseAngle 0.50 coordIndex [0,1,2,-1,0,3,1,-1,4,2,5,-1,4,0,2,-1,6,7,8,-1,6,5,7,-1,6,4,5,-1,9,6,8,-1]
coord Coordinate { point [0.301128 1.56774 0.558767,0.360288 1.53184 0.544665,0.360288 1.56774 0.558767,0.301128 1.53184 0.544665,0.301128 1.60585 0.564764,0.360288 1.60585 0.564764,0.301128 1.64435 0.562371,0.360288 1.64435 0.562371,0.360288 1.68142 0.551701,0.301128 1.68142 0.551701]
}}
appearance Appearance{material Material{diffuseColor 1 0.807843 0.498039
transparency 0}}}
Shape { geometry IndexedFaceSet 
{ creaseAngle 0.50 coordIndex [0,1,2,-1,0,3,1,-1]
coord Coordinate { point [0.531495 2.99212 -1.97156e-12,0.059055 2.77558 -1.9713e-12,0.059055 2.99212 -1.9713e-12,0.531495 2.77558 -1.97156e-12]
}}
appearance Appearance{material Material{diffuseColor 1 1 1
transparency 0}}}
Shape { geometry IndexedFaceSet 
{ creaseAngle 0.50 coordIndex [0,1,2,-1,0,3,1,-1]
coord Coordinate { point [2.79527 2.02755 0.216535,2.79527 1.55511 0.279527,2.79527 1.55511 0.216535,2.79527 2.02755 0.279527]
}}
appearance Appearance{material Material{diffuseColor 0.411765 0.411765 0.411765
transparency 0}}}
Shape { geometry IndexedFaceSet 
{ creaseAngle 0.50 coordIndex [0,1,2,-1,3,4,5,-1,3,6,4,-1,7,8,9,-1,10,11,12,-1,10,12,13,-1,7,9,0,-1,14,5,15,-1,14,3,5,-1,16,17,8,-1,16,8,7,-1,18,14,15,-1,18,17,16,-1,18,15,17,-1,19,20,21,-1,19,22,20,-1,23,24,25,-1,26,27,24,-1,26,24,23,-1,28,25,29,-1,28,23,25,-1,30,31,27,-1,30,27,26,-1,32,29,33,-1,32,28,29,-1,34,31,30,-1,2,1,35,-1,2,35,11,-1,2,11,10,-1,36,20,31,-1,36,31,34,-1,6,33,4,-1,6,32,33,-1,21,20,36,-1,0,9,37,-1,0,37,1,-1]
coord Coordinate { point [-1.7559 -1.06123 0.0220204,-1.7559 -1.07835 0.0789663,-1.7559 -1.08255 0.019685,-1.7559 -0.987461 0.0926979,-1.7559 -1.04321 0.116423,-1.7559 -1.04485 0.106775,-1.7559 -0.984214 0.113892,-1.7559 -1.04093 0.0289157,-1.7559 -1.05946 0.0862191,-1.7559 -1.06655 0.082134,-1.7559 -1.39764 0.019685,-1.7559 -1.39764 0.07874,-1.7559 -1.41732 0.059055,-1.7559 -1.41732 0.03937,-1.7559 -0.99522 0.07271,-1.7559 -1.04838 0.0985549,-1.7559 -1.02261 0.0400438,-1.7559 -1.05321 0.09186,-1.7559 -1.00712 0.0548765,-1.7559 -0.807085 0.151574,-1.7559 -0.94488 0.210629,-1.7559 -0.94488 0.151574,-1.7559 -0.807085 0.210629,-1.7559 -0.974222 0.138454,-1.7559 -1.00482 0.190271,-1.7559 -1.02031 0.175438,-1.7559 -0.96797 0.144095,-1.7559 -0.986496 0.201399,-1.7559 -0.97905 0.13176,-1.7559 -1.03221 0.157605,-1.7559 -0.960876 0.14818,-1.7559 -0.966194 0.208294,-1.7559 -0.98258 0.123539,-1.7559 -1.03997 0.137617,-1.7559 -0.95325 0.150673,-1.7559 -1.08255 0.07874,-1.7559 -0.94908 0.151348,-1.7559 -1.07418 0.0796418]
}}
appearance Appearance{material Material{diffuseColor 1 0.807843 0.498039
transparency 0}}}
Shape { geometry IndexedFaceSet 
{ creaseAngle 0.50 coordIndex [0,1,2,-1,3,1,0,-1]
coord Coordinate { point [2.42125 0.3937 0.571828,1.98819 0.436455 0.531091,1.98819 0.3937 0.571828,2.42125 0.436455 0.531091]
}}
appearance Appearance{material Material{diffuseColor 1 1 1
transparency 0}}}
Shape { geometry IndexedFaceSet 
{ creaseAngle 0.50 coordIndex [0,1,2,-1,0,2,3,-1,4,3,5,-1,4,0,3,-1,6,4,7,-1,6,0,4,-1]
coord Coordinate { point [-2.67716 2.95275 0.62992,-2.62007 2.95275 0.687006,-2.31102 2.95275 0.687006,-2.25393 2.95275 0.62992,-2.45078 2.95275 0.098425,-2.25393 2.95275 0.098425,-2.67716 2.95275 0.019685,-2.45078 2.95275 0.019685]
}}
appearance Appearance{material Material{diffuseColor 0.411765 0.411765 0.411765
transparency 0}}}
Shape { geometry IndexedFaceSet 
{ creaseAngle 0.50 coordIndex [0,1,2,-1,3,4,5,-1,6,7,8,-1,9,6,8,-1,10,11,12,-1,13,10,12,-1,14,15,16,-1,14,2,15,-1,14,17,0,-1,14,0,2,-1,18,19,20,-1,18,16,19,-1,18,14,16,-1,21,20,4,-1,21,4,3,-1,21,18,20,-1,22,8,17,-1,22,17,14,-1,23,14,18,-1,23,22,14,-1,24,3,25,-1,24,25,12,-1,24,21,3,-1,24,18,21,-1,24,23,18,-1,26,11,27,-1,26,27,28,-1,26,28,9,-1,26,22,23,-1,26,24,12,-1,26,8,22,-1,26,9,8,-1,26,12,11,-1,26,23,24,-1]
coord Coordinate { point [0.261758 1.57539 0.52002,0.261758 1.55013 0.509805,0.262745 1.54606 0.517562,0.301128 1.56774 0.558767,0.292367 1.53229 0.543791,0.301128 1.53184 0.544665,0.262745 1.6698 0.523382,0.261758 1.66647 0.515277,0.261758 1.63561 0.523911,0.265657 1.67296 0.531081,0.292367 1.68104 0.550788,0.284046 1.67994 0.548094,0.301128 1.64435 0.562371,0.301128 1.68142 0.551701,0.265657 1.57358 0.537258,0.265657 1.54219 0.52493,0.270347 1.53872 0.53154,0.261758 1.60282 0.525121,0.276581 1.56999 0.550478,0.276581 1.53583 0.53706,0.284046 1.53365 0.541213,0.292367 1.568 0.557815,0.265657 1.60689 0.5425,0.276581 1.60625 0.556184,0.292367 1.60589 0.563778,0.301128 1.60585 0.564764,0.273289 1.64117 0.551214,0.276581 1.67816 0.543755,0.270347 1.67579 0.537987]
}}
appearance Appearance{material Material{diffuseColor 1 0.807843 0.498039
transparency 0}}}
Shape { geometry IndexedFaceSet 
{ creaseAngle 0.50 coordIndex [0,1,2,-1,3,4,5,-1,6,7,8,-1,9,6,8,-1,10,11,12,-1,13,10,12,-1,14,15,16,-1,14,2,15,-1,14,17,0,-1,14,0,2,-1,18,19,20,-1,18,16,19,-1,18,14,16,-1,21,20,4,-1,21,4,3,-1,21,18,20,-1,22,8,17,-1,22,17,14,-1,23,14,18,-1,23,22,14,-1,24,3,25,-1,24,25,12,-1,24,21,3,-1,24,18,21,-1,24,23,18,-1,26,11,27,-1,26,27,28,-1,26,28,9,-1,26,22,23,-1,26,24,12,-1,26,8,22,-1,26,9,8,-1,26,12,11,-1,26,23,24,-1]
coord Coordinate { point [-1.90359 1.41791 0.52002,-1.90359 1.39265 0.509805,-1.90261 1.38858 0.517562,-1.86422 1.41026 0.558767,-1.87298 1.37481 0.543791,-1.86422 1.37436 0.544665,-1.90261 1.51232 0.523382,-1.90359 1.50899 0.515277,-1.90359 1.47813 0.523911,-1.89969 1.51548 0.531081,-1.87298 1.52356 0.550788,-1.8813 1.52246 0.548094,-1.86422 1.48687 0.562371,-1.86422 1.52394 0.551701,-1.89969 1.4161 0.537258,-1.89969 1.38471 0.52493,-1.895 1.38124 0.53154,-1.90359 1.44534 0.525121,-1.88877 1.41251 0.550478,-1.88877 1.37835 0.53706,-1.8813 1.37617 0.541213,-1.87298 1.41052 0.557815,-1.89969 1.44941 0.5425,-1.88877 1.44877 0.556184,-1.87298 1.44841 0.563778,-1.86422 1.44837 0.564764,-1.89206 1.48369 0.551214,-1.88877 1.52068 0.543755,-1.895 1.51831 0.537987]
}}
appearance Appearance{material Material{diffuseColor 1 0.807843 0.498039
transparency 0}}}
Shape { geometry IndexedFaceSet 
{ creaseAngle 0.50 coordIndex [0,1,2,-1,2,1,3,-1,3,4,5,-1,1,4,3,-1,5,6,7,-1,4,6,5,-1,7,8,9,-1,6,8,7,-1,9,10,11,-1,8,10,9,-1,11,12,13,-1,13,12,14,-1,10,12,11,-1,12,15,14,-1]
coord Coordinate { point [2.44094 -3.03149 0.145669,2.44291 -3.03149 0.128148,2.44094 -2.51968 0.145669,2.44291 -2.51968 0.128148,2.44874 -3.03149 0.111505,2.44874 -2.51968 0.111505,2.45812 -3.03149 0.0965754,2.45812 -2.51968 0.0965754,2.47059 -3.03149 0.0841076,2.47059 -2.51968 0.0841076,2.48552 -3.03149 0.0747267,2.48552 -2.51968 0.0747267,2.50216 -3.03149 0.0689032,2.50216 -2.51968 0.0689032,2.51968 -2.51968 0.066929,2.51968 -3.03149 0.066929]
}}
appearance Appearance{material Material{diffuseColor 1 1 1
transparency 0}}}
Shape { geometry IndexedFaceSet 
{ creaseAngle 0.50 coordIndex [0,1,2,-1,0,2,3,-1,4,5,6,-1,4,3,5,-1,4,0,3,-1,7,6,8,-1,7,4,6,-1,9,8,10,-1,9,7,8,-1,11,10,12,-1,11,9,10,-1,13,12,14,-1,13,11,12,-1,15,14,16,-1,15,13,14,-1,17,15,16,-1]
coord Coordinate { point [-1.43096 1.52835 0.516569,-1.4311 1.52142 0.520428,-1.37204 1.52142 0.520428,-1.37226 1.52999 0.51513,-1.4309 1.53298 0.513143,-1.3723 1.53408 0.511895,-1.37226 1.53731 0.508532,-1.43093 1.53888 0.506366,-1.37209 1.5415 0.502052,-1.43112 1.54357 0.497239,-1.37204 1.54431 0.494851,-1.43107 1.54569 0.48817,-1.37211 1.54572 0.487282,-1.43102 1.54581 0.482748,-1.37213 1.54554 0.478965,-1.43104 1.54474 0.475863,-1.37204 1.5429 0.469061,-1.4311 1.5429 0.469061]
}}
appearance Appearance{material Material{diffuseColor 1 0.807843 0.498039
transparency 0}}}
Shape { geometry IndexedFaceSet 
{ creaseAngle 0.50 coordIndex [0,1,2,-1,1,3,2,-1]
coord Coordinate { point [-0.872959 0.19648 0.219936,-1.06407 0.19648 0.219936,-0.87011 0.11811 0.210629,-1.06693 0.11811 0.210629]
}}
appearance Appearance{material Material{diffuseColor 1 0.807843 0.498039
transparency 0}}}
Shape { geometry IndexedFaceSet 
{ creaseAngle 0.50 coordIndex [0,1,2,-1,1,3,2,-1]
coord Coordinate { point [-0.614172 -0.94488 0.210629,-0.456692 -0.94488 0.210629,-0.614172 -0.807085 0.210629,-0.456692 -0.807085 0.210629]
}}
appearance Appearance{material Material{diffuseColor 1 0.807843 0.498039
transparency 0}}}
Shape { geometry IndexedFaceSet 
{ creaseAngle 0.50 coordIndex [0,1,2,-1,2,3,4,-1,1,3,2,-1,4,5,6,-1,3,5,4,-1,6,7,8,-1,5,7,6,-1,8,9,10,-1,7,9,8,-1,10,11,12,-1,9,11,10,-1,12,13,14,-1,11,13,12,-1,13,15,14,-1]
coord Coordinate { point [-1.02756 1.8307 0.019685,-1.02756 1.8307 0.120078,-1.04508 1.82873 0.019685,-1.04508 1.82873 0.120078,-1.06172 1.82291 0.019685,-1.06172 1.82291 0.120078,-1.07665 1.81353 0.019685,-1.07665 1.81353 0.120078,-1.08912 1.80106 0.019685,-1.08912 1.80106 0.120078,-1.0985 1.78613 0.019685,-1.0985 1.78613 0.120078,-1.10432 1.76949 0.019685,-1.10432 1.76949 0.120078,-1.1063 1.75196 0.019685,-1.1063 1.75196 0.120078]
}}
appearance Appearance{material Material{diffuseColor 0.411765 0.411765 0.411765
transparency 0}}}
Shape { geometry IndexedFaceSet 
{ creaseAngle 0.50 coordIndex [0,1,2,-1,3,4,0,-1,0,4,1,-1]
coord Coordinate { point [2.28346 -1.96464 0.492125,2.28346 -2.01484 0.386732,2.28346 -2.01484 0.452755,2.28346 -1.85039 0.492125,2.28346 -1.85039 0.386732]
}}
appearance Appearance{material Material{diffuseColor 0.792157 0.819608 0.933333
transparency 0}}}
Shape { geometry IndexedFaceSet 
{ creaseAngle 0.50 coordIndex [0,1,2,-1,3,4,0,-1,0,4,1,-1]
coord Coordinate { point [-2.79527 -1.74803 0.177165,-2.79527 -1.88976 0.019685,-2.79527 -1.88976 0.106299,-2.79527 -1.55512 0.177165,-2.79527 -1.55512 0.019685]
}}
appearance Appearance{material Material{diffuseColor 0.411765 0.411765 0.411765
transparency 0}}}
Shape { geometry IndexedFaceSet 
{ creaseAngle 0.50 coordIndex [0,1,2,-1,3,1,0,-1]
coord Coordinate { point [-2.69685 0.600392 0.098425,-2.7559 0.600392 0.255905,-2.69685 0.600392 0.255905,-2.7559 0.600392 0.098425]
}}
appearance Appearance{material Material{diffuseColor 1 1 1
transparency 0}}}
Shape { geometry IndexedFaceSet 
{ creaseAngle 0.50 coordIndex [0,1,2,-1,0,3,1,-1]
coord Coordinate { point [1.7126 -2.91338 0.263779,1.00394 -3.03149 0.185039,1.79134 -3.03149 0.185039,1.00394 -2.91338 0.263779]
}}
appearance Appearance{material Material{diffuseColor 0.411765 0.411765 0.411765
transparency 0}}}
Shape { geometry IndexedFaceSet 
{ creaseAngle 0.50 coordIndex [0,1,2,-1,0,3,1,-1,4,2,5,-1,4,0,2,-1,6,5,7,-1,6,4,5,-1,8,7,9,-1,8,6,7,-1,10,9,11,-1,10,8,9,-1,12,11,13,-1,12,10,11,-1,14,13,15,-1,14,12,13,-1]
coord Coordinate { point [2.66407 -2.52264 0.007874,2.63779 -2.51968 0.066929,2.66407 -2.52264 0.066929,2.63779 -2.51968 0.007874,2.68904 -2.53138 0.007874,2.68904 -2.53138 0.066929,2.71143 -2.54545 0.007874,2.71143 -2.54545 0.066929,2.73013 -2.56415 0.007874,2.73013 -2.56415 0.066929,2.7442 -2.58654 0.007874,2.7442 -2.58654 0.066929,2.75294 -2.61151 0.007874,2.75294 -2.61151 0.066929,2.7559 -2.63779 0.007874,2.7559 -2.63779 0.066929]
}}
appearance Appearance{material Material{diffuseColor 1 1 1
transparency 0}}}
Shape { geometry IndexedFaceSet 
{ creaseAngle 0.50 coordIndex [0,1,2,-1,2,3,4,-1,1,3,2,-1,5,6,7,-1,5,8,6,-1,8,9,6,-1,9,10,6,-1,6,11,12,-1,12,11,13,-1,13,11,14,-1,10,11,6,-1,11,15,14,-1,15,16,14,-1,15,17,16,-1,15,18,17,-1,19,20,21,-1,21,20,22,-1,22,20,15,-1,15,20,18,-1,7,23,5,-1,7,24,23,-1,19,25,20,-1,23,26,27,-1,27,26,28,-1,28,26,29,-1,29,26,0,-1,24,26,23,-1,2,30,31,-1,31,30,32,-1,32,30,25,-1,25,30,20,-1,2,33,30,-1,26,34,0,-1,34,35,0,-1,2,4,33,-1,35,1,0,-1]
coord Coordinate { point [1.64674 2.89369 0.219085,1.50214 2.89369 0.0838396,1.65609 2.89369 0.209734,1.52084 2.89369 0.0651379,1.54324 2.89369 0.0510666,2.18504 2.89369 0.492125,2.34252 2.89369 0.15748,2.34252 2.89369 0.62992,2.18504 2.89369 0.255905,2.18355 2.89369 0.242764,2.17919 2.89369 0.230282,2.17215 2.89369 0.219085,2.33955 2.89369 0.131198,2.33082 2.89369 0.106234,2.31675 2.89369 0.0838396,2.1628 2.89369 0.209734,2.29805 2.89369 0.0651379,2.27565 2.89369 0.0510666,2.25069 2.89369 0.0423313,2.12598 2.89369 0.19685,2.2244 2.89369 0.03937,2.13912 2.89369 0.198331,2.1516 2.89369 0.202698,1.63386 2.89369 0.492125,1.47637 2.89369 0.62992,1.69291 2.89369 0.19685,1.47637 2.89369 0.15748,1.63386 2.89369 0.255905,1.63534 2.89369 0.242764,1.6397 2.89369 0.230282,1.59448 2.89369 0.03937,1.66729 2.89369 0.202698,1.67977 2.89369 0.198331,1.5682 2.89369 0.0423313,1.47934 2.89369 0.131198,1.48807 2.89369 0.106234]
}}
appearance Appearance{material Material{diffuseColor 0.792157 0.819608 0.933333
transparency 0}}}
Shape { geometry IndexedFaceSet 
{ creaseAngle 0.50 coordIndex [0,1,2,-1,0,3,1,-1,4,2,5,-1,4,0,2,-1,6,5,7,-1,6,4,5,-1,8,7,9,-1,8,6,7,-1,10,9,11,-1,10,8,9,-1,12,11,13,-1,12,10,11,-1,14,13,15,-1,14,12,13,-1]
coord Coordinate { point [-1.87191 0.918255 0.393001,-1.86422 1.21337 0.464892,-1.87298 1.2136 0.463933,-1.86422 0.917989 0.393739,-1.87929 0.918868 0.390822,-1.8813 1.21428 0.461102,-1.88738 0.920025 0.38646,-1.88877 1.21538 0.456542,-1.89418 0.921597 0.380373,-1.895 1.21684 0.450481,-1.89929 0.923506 0.372888,-1.89969 1.21859 0.443224,-1.9025 0.925642 0.364458,-1.90261 1.22054 0.435134,-1.90359 0.927896 0.355543,-1.90359 1.22259 0.426617]
}}
appearance Appearance{material Material{diffuseColor 1 0.807843 0.498039
transparency 0}}}
Shape { geometry IndexedFaceSet 
{ creaseAngle 0.50 coordIndex [0,1,2,-1,0,3,1,-1]
coord Coordinate { point [-1.90945 -0.3937 0.210629,-1.90945 -0.55118 0.263779,-1.90945 -0.55118 0.210629,-1.90945 -0.3937 0.263779]
}}
appearance Appearance{material Material{diffuseColor 0.411765 0.411765 0.411765
transparency 0}}}
Shape { geometry IndexedFaceSet 
{ creaseAngle 0.50 coordIndex [0,1,2,-1,0,2,3,-1,4,1,0,-1,5,6,1,-1,5,1,4,-1,7,6,5,-1,8,6,7,-1,9,8,7,-1,10,11,8,-1,10,8,9,-1,12,13,11,-1,12,11,10,-1,14,13,12,-1,15,13,14,-1,16,15,14,-1,17,15,16,-1,18,15,17,-1,19,18,17,-1,20,18,19,-1,21,20,19,-1]
coord Coordinate { point [0.832728 1.2272 0.407479,0.832728 1.22259 0.426617,0.832728 0.927917 0.355375,0.832728 0.927924 0.335388,0.832728 1.24278 0.411918,0.832728 1.25794 0.417623,0.832728 1.26343 0.441985,0.832728 1.27258 0.424554,0.832728 1.39265 0.509805,0.832728 1.4018 0.492375,0.832728 1.41931 0.499832,0.832728 1.4182 0.519947,0.832728 1.43772 0.50437,0.832728 1.44542 0.524825,0.832728 1.45669 0.505904,0.832728 1.47787 0.523761,0.832728 1.47703 0.504141,0.832728 1.48945 0.501271,0.832728 1.50899 0.515277,0.832728 1.50152 0.497066,0.832728 1.58522 0.484004,0.832728 1.57775 0.465792]
}}
appearance Appearance{material Material{diffuseColor 1 0.807843 0.498039
transparency 0}}}
Shape { geometry IndexedFaceSet 
{ creaseAngle 0.50 coordIndex [0,1,2,-1,1,3,2,-1,2,4,0,-1,1,5,3,-1,4,6,7,-1,2,6,4,-1,3,8,9,-1,5,8,3,-1,8,10,11,-1,5,10,8,-1]
coord Coordinate { point [-1.6437 2.55905 0.688975,-1.6437 2.81495 0.688975,-1.6437 2.65747 0.539369,-1.6437 2.71653 0.539369,-1.6437 2.55905 0.322834,-1.6437 2.87401 0.62992,-1.6437 2.65747 0.263779,-1.6437 2.44094 0.263779,-1.6437 2.77558 0.263779,-1.6437 2.71653 0.263779,-1.6437 2.87401 0.098425,-1.6437 2.77558 0.098425]
}}
appearance Appearance{material Material{diffuseColor 0.411765 0.411765 0.411765
transparency 0}}}
Shape { geometry IndexedFaceSet 
{ creaseAngle 0.50 coordIndex [0,1,2,-1,0,2,3,-1,4,1,0,-1,5,4,0,-1,6,7,4,-1,6,4,5,-1,8,9,7,-1,8,7,6,-1]
coord Coordinate { point [0.681658 0.572609 0.249798,0.845884 0.572603 0.249796,0.858818 0.21031 0.162523,0.668709 0.21031 0.162523,0.835035 0.870939 0.321662,0.692485 0.870946 0.321663,0.694828 0.927921 0.335387,0.832728 0.927924 0.335388,0.694828 1.2272 0.407479,0.832728 1.2272 0.407479]
}}
appearance Appearance{material Material{diffuseColor 1 0.807843 0.498039
transparency 0}}}
Shape { geometry IndexedFaceSet 
{ creaseAngle 0.50 coordIndex [0,1,2,-1,3,4,5,-1,6,3,5,-1,7,8,9,-1,10,7,9,-1,11,12,13,-1,11,13,14,-1,15,14,16,-1,15,11,14,-1,17,16,18,-1,17,15,16,-1,19,18,20,-1,19,17,18,-1,21,20,22,-1,21,19,20,-1,23,5,24,-1,23,24,12,-1,23,12,11,-1,25,22,1,-1,25,0,26,-1,25,21,22,-1,25,1,0,-1,27,23,11,-1,27,11,15,-1,27,5,23,-1,28,15,17,-1,28,27,15,-1,29,17,19,-1,29,28,17,-1,30,29,19,-1,30,19,21,-1,31,26,9,-1,31,25,26,-1,31,21,25,-1,31,9,30,-1,31,30,21,-1,32,33,6,-1,32,34,33,-1,32,8,34,-1,32,5,27,-1,32,29,30,-1,32,27,28,-1,32,6,5,-1,32,9,8,-1,32,28,29,-1,32,30,9,-1]
coord Coordinate { point [-2.19876 1.4182 0.519947,-2.19975 1.38858 0.517562,-2.19876 1.39265 0.509805,-2.22937 1.52356 0.550788,-2.23813 1.52394 0.551701,-2.23813 1.48687 0.562371,-2.22105 1.52246 0.548094,-2.19975 1.51232 0.523382,-2.20266 1.51548 0.531081,-2.19876 1.47787 0.523761,-2.19876 1.50899 0.515277,-2.22937 1.41052 0.557815,-2.23813 1.41026 0.558767,-2.23813 1.37436 0.544665,-2.22937 1.37481 0.543791,-2.22105 1.41128 0.555005,-2.22105 1.37617 0.541213,-2.21358 1.41251 0.550478,-2.21358 1.37835 0.53706,-2.20735 1.41414 0.544462,-2.20735 1.38124 0.53154,-2.20266 1.4161 0.537258,-2.20266 1.38471 0.52493,-2.22937 1.44841 0.563778,-2.23813 1.44837 0.564764,-2.19975 1.41828 0.529228,-2.19876 1.44542 0.524825,-2.22105 1.44855 0.560869,-2.21358 1.44877 0.556184,-2.20735 1.44906 0.549957,-2.20266 1.44941 0.5425,-2.19975 1.4498 0.534188,-2.21029 1.48369 0.551214,-2.21358 1.52068 0.543755,-2.20735 1.51831 0.537987]
}}
appearance Appearance{material Material{diffuseColor 1 0.807843 0.498039
transparency 0}}}
Shape { geometry IndexedFaceSet 
{ creaseAngle 0.50 coordIndex [0,1,2,-1,1,3,2,-1]
coord Coordinate { point [0.251968 -0.94488 0.210629,0.409448 -0.94488 0.210629,0.251968 -0.807085 0.210629,0.409448 -0.807085 0.210629]
}}
appearance Appearance{material Material{diffuseColor 1 0.807843 0.498039
transparency 0}}}
Shape { geometry IndexedFaceSet 
{ creaseAngle 0.50 coordIndex [0,1,2,-1,2,1,3,-1,4,5,6,-1,6,5,0,-1,1,5,7,-1,0,5,1,-1,5,8,7,-1,9,10,11,-1,12,13,14,-1,13,15,16,-1,5,17,8,-1,12,17,13,-1,13,17,15,-1,8,17,12,-1,15,17,18,-1,19,20,21,-1,22,23,24,-1,25,26,9,-1,10,26,19,-1,27,26,25,-1,24,28,22,-1,19,26,20,-1,9,26,10,-1,22,29,23,-1,22,30,31,-1,32,33,34,-1,28,30,22,-1,22,35,29,-1,36,37,32,-1,32,37,33,-1,22,38,35,-1,34,39,40,-1,33,39,34,-1,22,41,38,-1,42,43,36,-1,30,44,31,-1,36,43,37,-1,40,45,46,-1,39,45,40,-1,5,47,17,-1,48,49,42,-1,31,47,5,-1,42,49,43,-1,46,50,27,-1,44,51,31,-1,45,50,46,-1,51,52,31,-1,27,53,26,-1,50,53,27,-1,52,54,31,-1,31,54,47,-1,53,55,26,-1,54,56,47,-1,55,57,26,-1,56,58,47,-1,57,59,26,-1,59,60,26,-1,60,61,26,-1,58,62,47,-1,61,63,26,-1,62,64,47,-1,47,64,65,-1,63,66,26,-1,67,68,69,-1,69,70,67,-1,68,71,69,-1,69,72,70,-1,71,73,69,-1,69,74,75,-1,73,74,69,-1,69,76,72,-1,75,77,64,-1,64,77,65,-1,74,77,75,-1,78,79,80,-1,80,79,81,-1,81,79,82,-1,82,79,83,-1,83,79,84,-1,84,79,85,-1,85,79,86,-1,87,79,78,-1,79,88,86,-1,86,88,89,-1,66,90,26,-1,88,90,89,-1,91,90,66,-1,89,90,92,-1,92,90,93,-1,93,90,94,-1,94,90,95,-1,95,90,96,-1,96,90,97,-1,97,90,91,-1,98,99,88,-1,88,99,90,-1,99,100,101,-1,101,100,102,-1,103,100,98,-1,98,100,99,-1,22,79,104,-1,22,104,41,-1,104,79,105,-1,105,79,106,-1,106,79,107,-1,107,79,108,-1,108,79,48,-1,48,79,49,-1,49,79,87,-1,69,109,110,-1,69,110,76,-1,110,109,111,-1,111,109,112,-1,112,109,113,-1,113,109,114,-1,109,115,114,-1,109,116,115,-1,117,116,109,-1,117,118,116,-1,119,118,117,-1,120,121,122,-1,120,123,121,-1,119,123,118,-1,124,123,120,-1,121,123,125,-1,125,123,126,-1,126,123,127,-1,118,123,124,-1,128,123,129,-1,129,123,119,-1,130,131,132,-1,132,131,133,-1,133,131,134,-1,133,135,136,-1,134,135,133,-1,137,138,130,-1,130,138,131,-1,135,139,136,-1,136,139,140,-1,141,142,137,-1,137,142,138,-1,143,144,145,-1,145,144,141,-1,141,144,142,-1,139,146,140,-1,140,146,147,-1,147,148,149,-1,146,148,147,-1,128,150,123,-1,149,150,128,-1,148,150,149,-1,150,151,123,-1,151,152,123,-1,152,153,123,-1,153,154,123,-1,154,155,123,-1,155,156,123,-1,143,106,144,-1,105,106,143,-1,156,157,123,-1,158,159,160,-1,161,162,158,-1,158,162,159,-1,160,163,164,-1,159,163,160,-1,165,166,161,-1,161,166,162,-1,107,167,165,-1,165,167,166,-1,163,168,164,-1,164,168,169,-1,168,170,169,-1,169,170,171,-1,107,108,167,-1,171,172,173,-1,173,172,174,-1,174,172,175,-1,175,172,176,-1,176,172,177,-1,177,172,178,-1,178,172,157,-1,179,172,170,-1,157,172,123,-1,170,172,171,-1,180,181,179,-1,179,182,172,-1,172,182,183,-1,181,182,179,-1,184,185,181,-1,181,185,182,-1]
coord Coordinate { point [-2.7559 -3.00184 0.534001,-2.7559 -3.02952 0.489961,-2.7559 -3.01431 0.521534,-2.7559 -3.02369 0.506604,-2.7559 -2.97027 0.549206,-2.7559 -2.95275 0.55118,-2.7559 -2.98691 0.543382,-2.7559 -3.03149 0.47244,-2.7559 -3.03149 0.23622,-2.7559 0.936518 0.085284,-2.7559 0.947921 0.0616048,-2.7559 0.940886 0.072802,-2.7559 -3.02952 0.218699,-2.7559 -3.01431 0.187126,-2.7559 -3.02369 0.202056,-2.7559 -2.98691 0.165278,-2.7559 -3.00184 0.174659,-2.7559 -2.95275 0.15748,-2.7559 -2.97027 0.159454,-2.7559 0.957272 0.0522539,-2.7559 0.980952 0.0408506,-2.7559 0.968469 0.0452183,-2.7559 -2.63779 0.62992,-2.7559 -2.29914 0.586664,-2.7559 -2.30874 0.577654,-2.7559 0.935037 0.098425,-2.7559 0.994092 0.03937,-2.7559 0.935037 0.255905,-2.7559 -2.31605 0.566845,-2.7559 -2.28797 0.593238,-2.7559 -2.32104 0.553781,-2.7559 -2.63779 0.55118,-2.7559 0.912803 0.302076,-2.7559 1.66642 0.359654,-2.7559 0.922154 0.292725,-2.7559 -2.27613 0.597116,-2.7559 0.901606 0.309112,-2.7559 1.67577 0.369005,-2.7559 -2.26987 0.598108,-2.7559 1.65939 0.348457,-2.7559 0.929189 0.281528,-2.7559 -2.26378 0.598424,-2.7559 0.889123 0.313479,-2.7559 1.68697 0.376041,-2.7559 -2.32283 0.539369,-2.7559 1.65502 0.335975,-2.7559 0.933557 0.269046,-2.7559 -2.63779 0.15748,-2.7559 0.875982 0.31496,-2.7559 1.69945 0.380408,-2.7559 1.65354 0.322834,-2.7559 -2.32283 0.413385,-2.7559 -2.32251 0.407288,-2.7559 1.65354 0.224409,-2.7559 -2.32152 0.401028,-2.7559 1.65502 0.211268,-2.7559 -2.31764 0.389188,-2.7559 1.65939 0.198786,-2.7559 -2.31107 0.378021,-2.7559 1.66642 0.187589,-2.7559 1.67577 0.178238,-2.7559 1.68697 0.171202,-2.7559 -2.30206 0.368422,-2.7559 1.69945 0.166835,-2.7559 -2.29125 0.361112,-2.7559 -2.63779 0.106299,-2.7559 1.71259 0.165354,-2.7559 -2.10375 0.223336,-2.7559 -2.1131 0.213985,-2.7559 -2.26378 0.354331,-2.7559 -2.09255 0.230372,-2.7559 -2.12013 0.202788,-2.7559 -2.08007 0.234739,-2.7559 -2.1245 0.190306,-2.7559 -2.12598 0.177165,-2.7559 -2.27819 0.356117,-2.7559 -2.06693 0.23622,-2.7559 -2.12598 0.106299,-2.7559 2.42125 0.381889,-2.7559 2.95275 0.62992,-2.7559 2.4344 0.380408,-2.7559 2.44688 0.376041,-2.7559 2.45808 0.369005,-2.7559 2.46743 0.359654,-2.7559 2.47446 0.348457,-2.7559 2.47883 0.335975,-2.7559 2.48031 0.322834,-2.7559 1.71259 0.381889,-2.7559 2.95275 0.098425,-2.7559 2.48031 0.224409,-2.7559 2.89369 0.03937,-2.7559 2.42125 0.165354,-2.7559 2.47883 0.211268,-2.7559 2.47446 0.198786,-2.7559 2.46743 0.187589,-2.7559 2.45808 0.178238,-2.7559 2.44688 0.171202,-2.7559 2.4344 0.166835,-2.7559 2.95127 0.085284,-2.7559 2.90684 0.0408506,-2.7559 2.93987 0.0616048,-2.7559 2.91932 0.0452183,-2.7559 2.93052 0.0522539,-2.7559 2.9469 0.072802,-2.7559 -1.39764 0.598424,-2.7559 -1.38322 0.596638,-2.7559 -0.137795 0.381889,-2.7559 -0.124654 0.380408,-2.7559 0.659447 0.31496,-2.7559 -1.39764 0.354331,-2.7559 -1.59449 0.23622,-2.7559 -1.58134 0.234739,-2.7559 -1.56886 0.230372,-2.7559 -1.55766 0.223336,-2.7559 -1.54831 0.213985,-2.7559 -1.54128 0.202788,-2.7559 -1.53691 0.190306,-2.7559 -1.39154 0.354646,-2.7559 -1.53543 0.177165,-2.7559 -1.38528 0.355638,-2.7559 -1.53395 0.085284,-2.7559 -1.52255 0.0616048,-2.7559 -1.52958 0.072802,-2.7559 -1.47638 0.03937,-2.7559 -1.53543 0.098425,-2.7559 -1.5132 0.0522539,-2.7559 -1.502 0.0452183,-2.7559 -1.48952 0.0408506,-2.7559 -1.36227 0.36609,-2.7559 -1.37344 0.359516,-2.7559 -1.33989 0.551726,-2.7559 -0.883275 0.369005,-2.7559 -1.3389 0.545466,-2.7559 -1.33858 0.539369,-2.7559 -0.892626 0.359654,-2.7559 -0.899662 0.348457,-2.7559 -1.33858 0.413385,-2.7559 -1.34377 0.563566,-2.7559 -0.872078 0.376041,-2.7559 -0.904029 0.335975,-2.7559 -1.34037 0.398973,-2.7559 -1.35034 0.574733,-2.7559 -0.859596 0.380408,-2.7559 -1.37016 0.591642,-2.7559 -0.846455 0.381889,-2.7559 -1.35935 0.584332,-2.7559 -0.90551 0.322834,-2.7559 -1.34536 0.385909,-2.7559 -0.90551 0.224409,-2.7559 -1.35267 0.3751,-2.7559 -0.904029 0.211268,-2.7559 -0.899662 0.198786,-2.7559 -0.892626 0.187589,-2.7559 -0.883275 0.178238,-2.7559 -0.872078 0.171202,-2.7559 -0.859596 0.166835,-2.7559 -0.846455 0.165354,-2.7559 -0.137795 0.165354,-2.7559 -0.0916239 0.359654,-2.7559 0.613276 0.292725,-2.7559 -0.0845883 0.348457,-2.7559 -0.100975 0.369005,-2.7559 0.622627 0.302076,-2.7559 0.606241 0.281528,-2.7559 -0.0802206 0.335975,-2.7559 -0.112172 0.376041,-2.7559 0.633824 0.309112,-2.7559 0.646307 0.313479,-2.7559 0.601873 0.269046,-2.7559 -0.07874 0.322834,-2.7559 0.600392 0.255905,-2.7559 -0.07874 0.224409,-2.7559 0.541337 0.03937,-2.7559 -0.0802206 0.211268,-2.7559 -0.0845883 0.198786,-2.7559 -0.0916239 0.187589,-2.7559 -0.100975 0.178238,-2.7559 -0.112172 0.171202,-2.7559 -0.124654 0.166835,-2.7559 0.600392 0.098425,-2.7559 0.598912 0.085284,-2.7559 0.594544 0.072802,-2.7559 0.566961 0.0452183,-2.7559 0.554478 0.0408506,-2.7559 0.587509 0.0616048,-2.7559 0.578158 0.0522539]
}}
appearance Appearance{material Material{diffuseColor 1 1 1
transparency 0}}}
Shape { geometry IndexedFaceSet 
{ creaseAngle 0.50 coordIndex [0,1,2,-1,1,3,2,-1,1,4,3,-1,4,5,3,-1]
coord Coordinate { point [-1.05062 0.572609 0.249798,-1.06357 0.21031 0.162523,-1.05089 0.558782 0.30721,-1.06407 0.19648 0.219936,-1.06693 0.11811 0.151574,-1.06693 0.11811 0.210629]
}}
appearance Appearance{material Material{diffuseColor 1 0.807843 0.498039
transparency 0}}}
Shape { geometry IndexedFaceSet 
{ creaseAngle 0.50 coordIndex [0,1,2,-1,0,2,3,-1,4,0,3,-1,5,3,6,-1,5,4,3,-1,7,6,8,-1,7,5,6,-1,9,8,10,-1,9,7,8,-1,11,10,12,-1,11,9,10,-1]
coord Coordinate { point [2.3327 -2.07029 0.679395,2.34251 -2.06693 0.688975,2.34252 -2.06693 0.492125,2.32492 -2.07379 0.474929,2.32315 -2.07476 0.670027,2.31408 -2.08085 0.66162,2.30985 -2.08436 0.461069,2.30734 -2.08668 0.656329,2.3033 -2.0909 0.456464,2.30022 -2.09459 0.651974,2.298 -2.09762 0.454078,2.2933 -2.10504 0.649605,2.2933 -2.10504 0.452755]
}}
appearance Appearance{material Material{diffuseColor 0.792157 0.819608 0.933333
transparency 0}}}
Shape { geometry IndexedFaceSet 
{ creaseAngle 0.50 coordIndex [0,1,2,-1,2,1,3,-1]
coord Coordinate { point [0.2353 0.35396 0.219936,0.232453 0.27559 0.210629,0.426281 0.35396 0.219936,0.429133 0.27559 0.210629]
}}
appearance Appearance{material Material{diffuseColor 1 0.807843 0.498039
transparency 0}}}
Shape { geometry IndexedFaceSet 
{ creaseAngle 0.50 coordIndex [0,1,2,-1,0,2,3,-1]
coord Coordinate { point [-0.889762 -1.08255 0.019685,-0.889762 -1.39764 0.019685,-1.04724 -1.39764 0.019685,-1.04724 -1.08255 0.019685]
}}
appearance Appearance{material Material{diffuseColor 1 0.807843 0.498039
transparency 0}}}
Shape { geometry IndexedFaceSet 
{ creaseAngle 0.50 coordIndex [0,1,2,-1,0,3,1,-1,4,5,6,-1,4,6,7,-1,8,9,10,-1,8,10,11,-1,12,9,8,-1,12,11,3,-1,12,8,11,-1,13,2,14,-1,13,0,2,-1,15,16,17,-1,15,18,16,-1,15,19,18,-1,15,7,19,-1,15,4,7,-1,20,14,5,-1,20,13,14,-1,21,22,9,-1,21,3,0,-1,21,9,12,-1,21,12,3,-1,23,22,21,-1,23,21,0,-1,23,0,13,-1,24,5,4,-1,24,20,5,-1,25,24,4,-1,25,15,17,-1,25,4,15,-1,26,22,23,-1,26,27,22,-1,26,23,13,-1,26,13,20,-1,28,25,17,-1,29,27,26,-1,29,20,24,-1,30,31,32,-1,29,26,20,-1,33,28,17,-1,34,10,35,-1,36,17,37,-1,36,33,17,-1,38,39,27,-1,40,35,41,-1,38,24,25,-1,40,34,35,-1,38,27,29,-1,38,29,24,-1,42,25,28,-1,42,39,38,-1,42,38,25,-1,43,10,34,-1,44,28,33,-1,1,34,40,-1,44,39,42,-1,44,42,28,-1,45,46,39,-1,1,43,34,-1,45,33,36,-1,45,44,33,-1,45,39,44,-1,47,40,41,-1,48,41,49,-1,50,36,37,-1,50,46,45,-1,50,45,36,-1,51,37,52,-1,48,47,41,-1,51,46,50,-1,51,50,37,-1,53,31,46,-1,2,40,47,-1,53,51,52,-1,53,46,51,-1,2,1,40,-1,54,52,32,-1,54,31,53,-1,54,32,31,-1,54,53,52,-1,6,48,49,-1,14,47,48,-1,14,2,47,-1,11,10,43,-1,3,11,43,-1,3,43,1,-1,7,49,55,-1,7,6,49,-1,5,48,6,-1,5,14,48,-1,19,55,18,-1,19,7,55,-1]
coord Coordinate { point [-0.596187 1.53007 0.488264,-0.597445 1.52832 0.479828,-0.599872 1.52466 0.484776,-0.595303 1.53147 0.481856,-0.601702 1.51747 0.492906,-0.601452 1.51974 0.490512,-0.602996 1.51637 0.486347,-0.603434 1.51368 0.488232,-0.593172 1.53377 0.480991,-0.5921 1.53491 0.481808,-0.592798 1.53223 0.473438,-0.595071 1.53164 0.480789,-0.593137 1.53391 0.482087,-0.596286 1.52946 0.490382,-0.600464 1.52332 0.486428,-0.60163 1.51432 0.495998,-0.601297 1.51219 0.497929,-0.596796 1.51526 0.505407,-0.603553 1.50939 0.491103,-0.603595 1.51002 0.490697,-0.596103 1.5276 0.495575,-0.592462 1.53426 0.488661,-0.590041 1.53617 0.490288,-0.592062 1.53421 0.490832,-0.595698 1.52629 0.498588,-0.594821 1.52432 0.502442,-0.590694 1.53368 0.496151,-0.586725 1.53593 0.498453,-0.594043 1.52291 0.504843,-0.589629 1.53311 0.499235,-0.56496 1.52142 0.520428,-0.571154 1.52678 0.517163,-0.574141 1.521 0.519398,-0.593569 1.52213 0.506063,-0.597492 1.52769 0.477549,-0.597694 1.52671 0.475702,-0.592689 1.52078 0.508014,-0.590526 1.51784 0.511697,-0.587938 1.53206 0.503175,-0.582317 1.53422 0.505893,-0.598064 1.52697 0.47816,-0.601333 1.52042 0.478286,-0.586672 1.5312 0.505628,-0.59695 1.52888 0.479011,-0.585958 1.53069 0.506874,-0.584704 1.52976 0.508865,-0.577038 1.53112 0.512236,-0.600935 1.52233 0.481908,-0.601669 1.52068 0.483175,-0.603573 1.51358 0.481089,-0.581882 1.52757 0.512621,-0.581235 1.52704 0.513366,-0.582819 1.51978 0.516428,-0.578308 1.52462 0.516295,-0.575695 1.52237 0.518386,-0.604329 1.50648 0.484004]
}}
appearance Appearance{material Material{diffuseColor 1 0.807843 0.498039
transparency 0}}}
Shape { geometry IndexedFaceSet 
{ creaseAngle 0.50 coordIndex [0,1,2,-1,1,3,2,-1]
coord Coordinate { point [-1.7391 0.19648 0.219936,-1.93021 0.19648 0.219936,-1.73625 0.11811 0.210629,-1.93307 0.11811 0.210629]
}}
appearance Appearance{material Material{diffuseColor 1 0.807843 0.498039
transparency 0}}}
Shape { geometry IndexedFaceSet 
{ creaseAngle 0.50 coordIndex [0,1,2,-1,3,0,2,-1]
coord Coordinate { point [0.255905 -0.3937 0.151574,0.255905 -0.55118 0.151574,0.255905 -0.55118 0.019685,0.255905 -0.3937 0.019685]
}}
appearance Appearance{material Material{diffuseColor 0.411765 0.411765 0.411765
transparency 0}}}
Shape { geometry IndexedFaceSet 
{ creaseAngle 0.50 coordIndex [0,1,2,-1,1,3,2,-1]
coord Coordinate { point [-1.37204 1.4452 0.551701,-1.37204 1.52142 0.520428,-1.4311 1.4452 0.551701,-1.4311 1.52142 0.520428]
}}
appearance Appearance{material Material{diffuseColor 0.792157 0.819608 0.933333
transparency 0}}}
Shape { geometry IndexedFaceSet 
{ creaseAngle 0.50 coordIndex [0,1,2,-1,0,2,3,-1]
coord Coordinate { point [-0.0334117 0.927924 0.335388,-0.033412 0.927917 0.355375,-0.0310095 0.866419 0.340446,-0.0311053 0.870939 0.321662]
}}
appearance Appearance{material Material{diffuseColor 1 0.807843 0.498039
transparency 0}}}
Shape { geometry IndexedFaceSet 
{ creaseAngle 0.50 coordIndex [0,1,2,-1,0,2,3,-1,4,3,5,-1,4,0,3,-1,6,5,7,-1,6,4,5,-1,8,7,9,-1,8,6,7,-1,10,9,11,-1,10,8,9,-1,12,11,13,-1,12,10,11,-1,14,13,15,-1,14,12,13,-1,16,14,15,-1]
coord Coordinate { point [-1.00424 1.62118 0.46925,-0.998082 1.62164 0.469061,-0.998082 1.61417 0.450849,-1.00558 1.6135 0.451123,-1.01024 1.61983 0.469805,-1.01288 1.6115 0.451944,-1.01864 1.61625 0.471272,-1.02104 1.60734 0.453651,-1.02592 1.61097 0.473438,-1.02811 1.6013 0.456127,-1.03082 1.60545 0.475702,-1.0333 1.59404 0.45911,-1.03446 1.59916 0.478286,-1.03641 1.58605 0.462384,-1.0367 1.59232 0.481089,-1.03745 1.57775 0.465792,-1.03745 1.58522 0.484004]
}}
appearance Appearance{material Material{diffuseColor 1 0.807843 0.498039
transparency 0}}}
Shape { geometry IndexedFaceSet 
{ creaseAngle 0.50 coordIndex [0,1,2,-1,2,1,3,-1,3,4,5,-1,1,4,3,-1,5,6,7,-1,4,6,5,-1,7,8,9,-1,6,8,7,-1,9,10,11,-1,8,10,9,-1,11,12,13,-1,13,12,14,-1,10,12,11,-1,12,15,14,-1]
coord Coordinate { point [1.90944 0.59055 0.74803,1.88316 0.587589 0.74803,1.90944 0.59055 0.688975,1.88316 0.587589 0.688975,1.8582 0.578853 0.74803,1.8582 0.578853 0.688975,1.8358 0.564782 0.74803,1.8358 0.564782 0.688975,1.8171 0.54608 0.74803,1.8171 0.54608 0.688975,1.80303 0.523686 0.74803,1.80303 0.523686 0.688975,1.7943 0.498722 0.74803,1.7943 0.498722 0.688975,1.79133 0.47244 0.688975,1.79133 0.47244 0.74803]
}}
appearance Appearance{material Material{diffuseColor 1 1 1
transparency 0}}}
Shape { geometry IndexedFaceSet 
{ creaseAngle 0.50 coordIndex [0,1,2,-1,3,1,0,-1]
coord Coordinate { point [-0.885825 -0.55118 0.151574,-0.885825 -0.3937 0.019685,-0.885825 -0.55118 0.019685,-0.885825 -0.3937 0.151574]
}}
appearance Appearance{material Material{diffuseColor 0.411765 0.411765 0.411765
transparency 0}}}
Shape { geometry IndexedFaceSet 
{ creaseAngle 0.50 coordIndex [0,1,2,-1,2,3,4,-1,1,3,2,-1]
coord Coordinate { point [-1.47281 0.792206 0.321663,-1.48365 0.493863 0.249796,-1.47288 0.787678 0.340446,-1.48391 0.480042 0.30721,-1.47305 0.778374 0.379074]
}}
appearance Appearance{material Material{diffuseColor 1 0.807843 0.498039
transparency 0}}}
Shape { geometry IndexedFaceSet 
{ creaseAngle 0.50 coordIndex [0,1,2,-1,0,2,3,-1,4,5,1,-1,4,1,0,-1,6,5,4,-1,7,5,6,-1,8,5,7,-1,9,8,7,-1,10,11,8,-1,10,8,9,-1,12,13,11,-1,12,11,10,-1,14,13,12,-1,15,13,14,-1,16,15,14,-1,17,15,16,-1,18,15,17,-1,19,18,17,-1,20,18,19,-1,21,20,19,-1]
coord Coordinate { point [-0.466535 1.14846 0.407479,-0.466535 1.14385 0.426617,-0.466535 0.849177 0.355375,-0.466534 0.849184 0.335388,-0.466535 1.16404 0.411918,-0.466535 1.18469 0.441985,-0.466535 1.1792 0.417623,-0.466535 1.19384 0.424554,-0.466535 1.31391 0.509805,-0.466535 1.32306 0.492375,-0.466534 1.34057 0.499832,-0.466534 1.33946 0.519947,-0.466534 1.35898 0.50437,-0.466534 1.36668 0.524825,-0.466535 1.37795 0.505904,-0.466534 1.39913 0.523761,-0.466534 1.39829 0.504141,-0.466534 1.41071 0.501271,-0.466535 1.43025 0.515277,-0.466535 1.42278 0.497066,-0.466535 1.50648 0.484004,-0.466535 1.49901 0.465792]
}}
appearance Appearance{material Material{diffuseColor 1 0.807843 0.498039
transparency 0}}}
Shape { geometry IndexedFaceSet 
{ creaseAngle 0.50 coordIndex [0,1,2,-1,0,3,1,-1,4,5,6,-1,4,6,7,-1,8,9,5,-1,8,5,4,-1,8,7,3,-1,8,4,7,-1,10,11,12,-1,10,13,11,-1,14,15,16,-1,14,17,15,-1,18,10,12,-1,19,0,2,-1,19,2,17,-1,20,3,0,-1,20,9,8,-1,20,8,3,-1,21,18,12,-1,22,16,13,-1,22,14,16,-1,23,19,17,-1,24,25,26,-1,23,17,14,-1,27,28,9,-1,27,0,19,-1,27,9,20,-1,27,20,0,-1,29,12,25,-1,29,30,31,-1,32,24,26,-1,29,21,12,-1,33,22,13,-1,33,13,10,-1,34,33,10,-1,34,10,18,-1,35,32,26,-1,36,14,22,-1,36,23,14,-1,37,19,23,-1,37,27,19,-1,38,6,39,-1,37,28,27,-1,40,30,29,-1,40,29,25,-1,41,29,31,-1,41,21,29,-1,42,38,39,-1,41,43,34,-1,41,34,18,-1,41,31,43,-1,41,18,21,-1,44,24,30,-1,45,39,46,-1,44,40,25,-1,44,30,40,-1,44,25,24,-1,45,42,39,-1,47,36,22,-1,47,22,33,-1,48,33,34,-1,48,34,43,-1,48,43,50,-1,49,6,38,-1,48,47,33,-1,51,52,28,-1,51,28,37,-1,51,23,36,-1,15,45,46,-1,51,37,23,-1,53,50,52,-1,53,36,47,-1,53,48,50,-1,53,47,48,-1,1,38,42,-1,53,51,36,-1,1,49,38,-1,53,52,51,-1,7,6,49,-1,2,1,42,-1,2,42,45,-1,16,46,11,-1,16,15,46,-1,3,7,49,-1,3,49,1,-1,13,16,11,-1,17,2,45,-1,17,45,15,-1]
coord Coordinate { point [-1.3386 1.52724 0.483153,-1.34095 1.53049 0.481445,-1.34009 1.52947 0.484671,-1.33988 1.52888 0.480349,-1.34047 1.5289 0.476919,-1.34024 1.52794 0.475197,-1.34421 1.53223 0.473438,-1.34105 1.53005 0.478179,-1.33904 1.52723 0.478534,-1.33698 1.52305 0.477207,-1.34683 1.52971 0.50335,-1.35028 1.53593 0.498453,-1.35469 1.53422 0.505893,-1.3454 1.53104 0.499389,-1.33903 1.52584 0.493235,-1.34357 1.53276 0.490939,-1.34423 1.53214 0.494876,-1.33926 1.52755 0.489581,-1.34722 1.52934 0.504277,-1.33716 1.52441 0.487443,-1.33744 1.52495 0.480641,-1.34857 1.52809 0.507067,-1.33921 1.52355 0.497437,-1.3365 1.52204 0.490654,-1.35699 1.52027 0.517622,-1.35997 1.53112 0.512236,-1.36585 1.52678 0.517163,-1.33552 1.52118 0.483905,-1.33375 1.51492 0.480541,-1.35048 1.52631 0.5103,-1.34891 1.51856 0.513458,-1.34211 1.51618 0.507658,-1.36437 1.52113 0.519709,-1.33981 1.52122 0.501136,-1.34001 1.52062 0.502004,-1.37204 1.52142 0.520428,-1.3362 1.51903 0.494365,-1.33452 1.51815 0.48638,-1.34333 1.53302 0.479424,-1.3449 1.53491 0.481808,-1.35292 1.52405 0.513589,-1.34081 1.5187 0.50462,-1.34316 1.53317 0.482142,-1.337 1.51326 0.500527,-1.35336 1.52364 0.514106,-1.34315 1.53317 0.485636,-1.34696 1.53617 0.490288,-1.33639 1.51609 0.497652,-1.3365 1.51536 0.498426,-1.3418 1.53117 0.478941,-1.33379 1.50996 0.492498,-1.33384 1.5144 0.48928,-1.33267 1.50648 0.484004,-1.33372 1.51084 0.491885]
}}
appearance Appearance{material Material{diffuseColor 1 0.807843 0.498039
transparency 0}}}
Shape { geometry IndexedFaceSet 
{ creaseAngle 0.50 coordIndex [0,1,2,-1,2,3,4,-1,1,3,2,-1,1,5,3,-1,3,6,4,-1,3,7,6,-1]
coord Coordinate { point [2.3622 -2.44094 0.688975,2.3622 -2.44094 0.683733,2.6181 -2.44094 0.688975,2.3622 -2.44094 0.610235,2.67716 -2.44094 0.62992,2.2887 -2.44094 0.683733,2.67716 -2.44094 0.098425,2.3622 -2.44094 0.098425]
}}
appearance Appearance{material Material{diffuseColor 0.411765 0.411765 0.411765
transparency 0}}}
Shape { geometry IndexedFaceSet 
{ creaseAngle 0.50 coordIndex [0,1,2,-1,0,2,3,-1,4,5,0,-1,4,3,6,-1,4,0,3,-1,7,4,6,-1,8,6,9,-1,8,9,10,-1,8,7,6,-1,11,7,8,-1,12,13,11,-1,12,11,8,-1,14,12,15,-1,14,16,17,-1,14,17,13,-1,14,13,12,-1]
coord Coordinate { point [-2.21267 1.60553 0.454395,-2.20614 1.59899 0.457078,-2.20165 1.59144 0.460174,-2.19949 1.58469 0.462945,-2.22915 1.61321 0.451244,-2.22053 1.61032 0.452426,-2.19876 1.57775 0.465792,-2.23813 1.61417 0.450849,-2.33666 1.57775 0.465792,-2.19876 1.50152 0.497066,-2.33666 1.50152 0.497066,-2.29729 1.61417 0.450849,-2.33562 1.58605 0.462384,-2.30479 1.6135 0.451123,-2.32732 1.6013 0.456127,-2.33251 1.59404 0.45911,-2.32025 1.60734 0.453651,-2.31209 1.6115 0.451944]
}}
appearance Appearance{material Material{diffuseColor 1 0.807843 0.498039
transparency 0}}}
Shape { geometry IndexedFaceSet 
{ creaseAngle 0.50 coordIndex [0,1,2,-1,3,1,0,-1]
coord Coordinate { point [-1.92913 2.32203 0.55127,-1.9685 2.32392 0.570865,-1.9685 2.32203 0.55127,-1.92913 2.32392 0.570865]
}}
appearance Appearance{material Material{diffuseColor 1 1 1
transparency 0}}}
Shape { geometry IndexedFaceSet 
{ creaseAngle 0.50 coordIndex [0,1,2,-1,3,2,4,-1,3,0,2,-1,5,4,6,-1,5,3,4,-1,7,6,8,-1,7,5,6,-1,9,8,10,-1,9,7,8,-1,11,10,12,-1,11,9,10,-1,13,12,14,-1,13,11,12,-1,15,13,14,-1]
coord Coordinate { point [-1.37204 1.29562 0.544665,-1.37204 1.1664 0.476845,-1.36328 1.16686 0.475971,-1.36328 1.29607 0.543791,-1.35496 1.16821 0.473392,-1.35496 1.29743 0.541213,-1.3475 1.17039 0.469239,-1.3475 1.29961 0.53706,-1.34126 1.17329 0.46372,-1.34126 1.3025 0.53154,-1.33657 1.17676 0.45711,-1.33657 1.30597 0.52493,-1.33366 1.18062 0.449742,-1.33366 1.30984 0.517562,-1.33267 1.18469 0.441985,-1.33267 1.31391 0.509805]
}}
appearance Appearance{material Material{diffuseColor 1 0.807843 0.498039
transparency 0}}}
Shape { geometry IndexedFaceSet 
{ creaseAngle 0.50 coordIndex [0,1,2,-1,0,3,1,-1]
coord Coordinate { point [0.600392 2.95275 0.62992,0.659448 2.59842 0.688975,0.659448 2.95275 0.688975,0.600392 2.59842 0.62992]
}}
appearance Appearance{material Material{diffuseColor 0.411765 0.411765 0.411765
transparency 0}}}
Shape { geometry IndexedFaceSet 
{ creaseAngle 0.50 coordIndex [0,1,2,-1,1,3,2,-1,2,4,5,-1,3,4,2,-1,5,6,7,-1,4,6,5,-1,7,8,9,-1,6,8,7,-1,9,10,11,-1,8,10,9,-1,12,13,14,-1,11,15,12,-1,10,15,11,-1,12,15,13,-1,15,16,13,-1,15,17,16,-1]
coord Coordinate { point [-0.334645 2.99212 0.649605,-0.019685 2.99212 0.649605,-0.334645 2.99113 0.658366,-0.019685 2.99113 0.658366,-0.019685 2.98822 0.666687,-0.334645 2.98822 0.666687,-0.019685 2.98353 0.674152,-0.334645 2.98353 0.674152,-0.019685 2.9773 0.680386,-0.334645 2.9773 0.680386,-0.019685 2.96983 0.685076,-0.334645 2.96983 0.685076,-0.334645 2.96151 0.687988,-0.255905 2.95275 0.688975,-0.334645 2.95275 0.688975,-0.019685 2.96151 0.687988,-0.0688975 2.95275 0.688975,-0.019685 2.95275 0.688975]
}}
appearance Appearance{material Material{diffuseColor 1 1 1
transparency 0}}}
Shape { geometry IndexedFaceSet 
{ creaseAngle 0.50 coordIndex [0,1,2,-1,1,3,2,-1,1,4,3,-1,4,5,3,-1,5,6,3,-1,6,7,3,-1,7,8,3,-1,8,9,3,-1,9,10,3,-1]
coord Coordinate { point [-2.40551 -0.137795 0.120078,-2.40551 1.75196 0.120078,-2.48031 -0.137795 0.120078,-2.48031 1.8307 0.120078,-2.40353 1.76949 0.120078,-2.39771 1.78613 0.120078,-2.38833 1.80106 0.120078,-2.37586 1.81353 0.120078,-2.36093 1.82291 0.120078,-2.34429 1.82873 0.120078,-2.32677 1.8307 0.120078]
}}
appearance Appearance{material Material{diffuseColor 0.411765 0.411765 0.411765
transparency 0}}}
Shape { geometry IndexedFaceSet 
{ creaseAngle 0.50 coordIndex [0,1,2,-1,0,2,3,-1]
coord Coordinate { point [-2.18897 -1.08255 0.019685,-2.18897 -1.39764 0.019685,-2.34645 -1.39764 0.019685,-2.34645 -1.08255 0.019685]
}}
appearance Appearance{material Material{diffuseColor 1 0.807843 0.498039
transparency 0}}}
Shape { geometry IndexedFaceSet 
{ creaseAngle 0.50 coordIndex [0,1,2,-1,3,0,2,-1]
coord Coordinate { point [-0.610235 -0.55118 0.263779,-0.452755 -0.55118 0.263779,-0.452755 -0.55118 0.210629,-0.610235 -0.55118 0.210629]
}}
appearance Appearance{material Material{diffuseColor 0.792157 0.819608 0.933333
transparency 0}}}
Shape { geometry IndexedFaceSet 
{ creaseAngle 0.50 coordIndex [0,1,2,-1,3,0,2,-1,4,5,6,-1,7,6,0,-1,7,0,3,-1,7,4,6,-1,8,3,9,-1,8,7,3,-1,10,9,11,-1,10,8,9,-1,12,11,13,-1,12,10,11,-1,14,13,15,-1,14,12,13,-1,16,15,17,-1,16,14,15,-1]
coord Coordinate { point [0.301128 1.39237 0.471992,0.301128 1.40262 0.476845,0.292367 1.40308 0.475971,0.284046 1.40443 0.473392,0.292367 1.37108 0.463933,0.301128 1.37085 0.464892,0.301128 1.38176 0.467999,0.284046 1.37176 0.461102,0.276581 1.37286 0.456542,0.276581 1.40661 0.469239,0.270347 1.37432 0.450481,0.270347 1.40951 0.46372,0.265657 1.37607 0.443224,0.265657 1.41298 0.45711,0.262745 1.37802 0.435134,0.262745 1.41684 0.449742,0.261758 1.38007 0.426617,0.261758 1.42091 0.441985]
}}
appearance Appearance{material Material{diffuseColor 1 0.807843 0.498039
transparency 0}}}
Shape { geometry IndexedFaceSet 
{ creaseAngle 0.50 coordIndex [0,1,2,-1,0,3,1,-1,4,5,6,-1,4,6,7,-1,8,9,5,-1,8,5,4,-1,8,7,3,-1,8,4,7,-1,10,11,12,-1,10,13,11,-1,14,15,16,-1,14,17,15,-1,18,10,12,-1,19,0,2,-1,19,2,17,-1,20,3,0,-1,20,9,8,-1,20,8,3,-1,21,18,12,-1,22,16,13,-1,22,14,16,-1,23,19,17,-1,24,25,26,-1,23,17,14,-1,27,28,9,-1,27,0,19,-1,27,9,20,-1,27,20,0,-1,29,12,25,-1,29,30,31,-1,32,24,26,-1,29,21,12,-1,33,22,13,-1,33,13,10,-1,34,33,10,-1,34,10,18,-1,35,32,26,-1,36,14,22,-1,36,23,14,-1,37,19,23,-1,37,27,19,-1,38,6,39,-1,37,28,27,-1,40,30,29,-1,40,29,25,-1,41,29,31,-1,41,21,29,-1,42,38,39,-1,41,43,34,-1,41,34,18,-1,41,31,43,-1,41,18,21,-1,44,24,30,-1,45,39,46,-1,44,40,25,-1,44,30,40,-1,44,25,24,-1,45,42,39,-1,47,36,22,-1,47,22,33,-1,48,33,34,-1,48,34,43,-1,48,43,50,-1,49,6,38,-1,48,47,33,-1,51,52,28,-1,51,28,37,-1,51,23,36,-1,15,45,46,-1,51,37,23,-1,53,50,52,-1,53,36,47,-1,53,48,50,-1,53,47,48,-1,1,38,42,-1,53,51,36,-1,1,49,38,-1,53,52,51,-1,7,6,49,-1,2,1,42,-1,2,42,45,-1,16,46,11,-1,16,15,46,-1,3,7,49,-1,3,49,1,-1,13,16,11,-1,17,2,45,-1,17,45,15,-1]
coord Coordinate { point [-1.77162 1.60598 0.483153,-1.77397 1.60923 0.481445,-1.77311 1.60821 0.484671,-1.7729 1.60762 0.480349,-1.77348 1.60764 0.476919,-1.77326 1.60668 0.475197,-1.77722 1.61097 0.473438,-1.77407 1.60879 0.478179,-1.77205 1.60597 0.478534,-1.77 1.60179 0.477207,-1.77984 1.60845 0.50335,-1.7833 1.61467 0.498453,-1.7877 1.61296 0.505893,-1.77842 1.60978 0.499389,-1.77205 1.60458 0.493235,-1.77658 1.6115 0.490939,-1.77725 1.61088 0.494876,-1.77228 1.60629 0.489581,-1.78024 1.60808 0.504277,-1.77018 1.60315 0.487443,-1.77046 1.60369 0.480641,-1.78159 1.60683 0.507067,-1.77223 1.60229 0.497437,-1.76952 1.60078 0.490654,-1.79001 1.59901 0.517622,-1.79298 1.60986 0.512236,-1.79887 1.60552 0.517163,-1.76854 1.59992 0.483905,-1.76676 1.59366 0.480541,-1.7835 1.60505 0.5103,-1.78193 1.5973 0.513458,-1.77513 1.59492 0.507658,-1.79739 1.59987 0.519709,-1.77282 1.59996 0.501136,-1.77303 1.59936 0.502004,-1.80506 1.60016 0.520428,-1.76922 1.59777 0.494365,-1.76754 1.59689 0.48638,-1.77635 1.61176 0.479424,-1.77792 1.61365 0.481808,-1.78593 1.60279 0.513589,-1.77382 1.59744 0.50462,-1.77618 1.61191 0.482142,-1.77002 1.592 0.500527,-1.78637 1.60238 0.514106,-1.77617 1.61191 0.485636,-1.77998 1.61491 0.490288,-1.76941 1.59483 0.497652,-1.76952 1.5941 0.498426,-1.77481 1.60991 0.478941,-1.7668 1.5887 0.492498,-1.76686 1.59314 0.48928,-1.76569 1.58522 0.484004,-1.76674 1.58958 0.491885]
}}
appearance Appearance{material Material{diffuseColor 1 0.807843 0.498039
transparency 0}}}
Shape { geometry IndexedFaceSet 
{ creaseAngle 0.50 coordIndex [0,1,2,-1,0,2,3,-1,4,1,0,-1,5,4,0,-1,6,7,4,-1,6,4,5,-1,8,9,7,-1,8,7,6,-1]
coord Coordinate { point [-2.34983 0.572609 0.249798,-2.18561 0.572603 0.249796,-2.17267 0.21031 0.162523,-2.36278 0.21031 0.162523,-2.19646 0.870939 0.321662,-2.339 0.870946 0.321663,-2.33666 0.927921 0.335387,-2.19876 0.927924 0.335388,-2.33666 1.2272 0.407479,-2.19876 1.2272 0.407479]
}}
appearance Appearance{material Material{diffuseColor 1 0.807843 0.498039
transparency 0}}}
Shape { geometry IndexedFaceSet 
{ creaseAngle 0.50 coordIndex [0,1,2,-1,3,1,0,-1]
coord Coordinate { point [0.059055 2.99212 0.51181,0.531495 3.05117 0.51181,0.059055 3.05117 0.51181,0.531495 2.99212 0.51181]
}}
appearance Appearance{material Material{diffuseColor 1 1 1
transparency 0}}}
Shape { geometry IndexedFaceSet 
{ creaseAngle 0.50 coordIndex [0,1,2,-1,1,3,2,-1]
coord Coordinate { point [-2.09062 2.65608 0.538928,-2.14567 1.55511 0.644785,-2.09033 2.66173 0.597711,-2.14567 1.55511 0.704112]
}}
appearance Appearance{material Material{diffuseColor 1 1 1
transparency 0}}}
Shape { geometry IndexedFaceSet 
{ creaseAngle 0.50 coordIndex [0,1,2,-1,2,1,3,-1,3,4,5,-1,1,4,3,-1,5,6,7,-1,4,6,5,-1,7,8,9,-1,6,8,7,-1,9,10,11,-1,8,10,9,-1,11,12,13,-1,10,12,11,-1,13,14,15,-1,12,14,13,-1]
coord Coordinate { point [2.69685 -1.43701 0.255905,2.69685 -1.43849 0.242764,2.7559 -1.43701 0.255905,2.7559 -1.43849 0.242764,2.69685 -1.44285 0.230282,2.7559 -1.44285 0.230282,2.69685 -1.44989 0.219085,2.7559 -1.44989 0.219085,2.69685 -1.45924 0.209734,2.7559 -1.45924 0.209734,2.69685 -1.47044 0.202698,2.7559 -1.47044 0.202698,2.69685 -1.48292 0.198331,2.7559 -1.48292 0.198331,2.69685 -1.49606 0.19685,2.7559 -1.49606 0.19685]
}}
appearance Appearance{material Material{diffuseColor 0.792157 0.819608 0.933333
transparency 0}}}
Shape { geometry IndexedFaceSet 
{ creaseAngle 0.50 coordIndex [0,1,2,-1,2,1,3,-1]
coord Coordinate { point [-0.177165 -0.3937 0.263779,-0.177165 -0.3937 0.210629,-0.019685 -0.3937 0.263779,-0.019685 -0.3937 0.210629]
}}
appearance Appearance{material Material{diffuseColor 0.411765 0.411765 0.411765
transparency 0}}}
Shape { geometry IndexedFaceSet 
{ creaseAngle 0.50 coordIndex [0,1,2,-1,3,2,4,-1,3,0,2,-1,5,4,6,-1,5,3,4,-1,7,6,8,-1,7,5,6,-1,9,8,10,-1,9,7,8,-1,11,10,12,-1,11,9,10,-1,13,12,14,-1,13,11,12,-1,15,13,14,-1]
coord Coordinate { point [0.731982 0.857113 0.379074,0.734198 0.917989 0.393739,0.726514 0.918255 0.393001,0.724263 0.857393 0.378333,0.719127 0.918868 0.390822,0.716845 0.858012 0.376135,0.711036 0.920025 0.38646,0.708726 0.859153 0.371729,0.704235 0.921597 0.380373,0.701912 0.860667 0.365576,0.699125 0.923506 0.372888,0.69681 0.862461 0.358004,0.695925 0.925642 0.364458,0.693637 0.864416 0.349473,0.694827 0.927896 0.355543,0.692423 0.866418 0.340446]
}}
appearance Appearance{material Material{diffuseColor 1 0.807843 0.498039
transparency 0}}}
Shape { geometry IndexedFaceSet 
{ creaseAngle 0.50 coordIndex [0,1,2,-1,0,2,3,-1,4,3,5,-1,4,0,3,-1,6,5,7,-1,6,4,5,-1,8,7,9,-1,8,6,7,-1,10,9,11,-1,10,8,9,-1,12,11,13,-1,12,10,11,-1,14,13,15,-1,14,12,13,-1]
coord Coordinate { point [-0.57372 1.44482 0.550788,-0.56496 1.4452 0.551701,-0.56496 1.52142 0.520428,-0.574141 1.521 0.519398,-0.582042 1.44372 0.548094,-0.582819 1.51978 0.516428,-0.589506 1.44194 0.543755,-0.590526 1.51784 0.511697,-0.59574 1.43957 0.537987,-0.596796 1.51526 0.505407,-0.600431 1.43674 0.531081,-0.601297 1.51219 0.497929,-0.603342 1.43358 0.523382,-0.603553 1.50939 0.491103,-0.60433 1.43025 0.515277,-0.604329 1.50648 0.484004]
}}
appearance Appearance{material Material{diffuseColor 1 0.807843 0.498039
transparency 0}}}
Shape { geometry IndexedFaceSet 
{ creaseAngle 0.50 coordIndex [0,1,2,-1,0,3,1,-1]
coord Coordinate { point [-2.34252 -0.3937 0.210629,-2.34252 -0.55118 0.263779,-2.34252 -0.55118 0.210629,-2.34252 -0.3937 0.263779]
}}
appearance Appearance{material Material{diffuseColor 0.411765 0.411765 0.411765
transparency 0}}}
Shape { geometry IndexedFaceSet 
{ creaseAngle 0.50 coordIndex [0,1,2,-1,2,1,3,-1,3,4,5,-1,1,4,3,-1,5,6,7,-1,4,6,5,-1,7,8,9,-1,6,8,7,-1,9,10,11,-1,8,10,9,-1,11,12,13,-1,13,12,14,-1,10,12,11,-1,14,15,16,-1,12,15,14,-1]
coord Coordinate { point [-1.48031 -1.04321 0.116423,-1.48031 -1.04451 0.107945,-1.32283 -1.04321 0.116423,-1.32283 -1.04485 0.106775,-1.48031 -1.04762 0.09995,-1.32283 -1.04838 0.0985549,-1.48031 -1.05238 0.0928166,-1.32283 -1.05321 0.09186,-1.48031 -1.05857 0.0868835,-1.32283 -1.05946 0.0862191,-1.48031 -1.0659 0.0824323,-1.32283 -1.06655 0.082134,-1.48031 -1.07402 0.0796742,-1.32283 -1.07418 0.0796418,-1.32283 -1.07835 0.0789663,-1.48031 -1.08255 0.07874,-1.32283 -1.08255 0.07874]
}}
appearance Appearance{material Material{diffuseColor 1 0.807843 0.498039
transparency 0}}}
Shape { geometry IndexedFaceSet 
{ creaseAngle 0.50 coordIndex [0,1,2,-1,1,3,2,-1]
coord Coordinate { point [-0.885825 -0.55118 0.263779,-0.885825 -0.3937 0.263779,-0.885825 -0.55118 0.210629,-0.885825 -0.3937 0.210629]
}}
appearance Appearance{material Material{diffuseColor 0.411765 0.411765 0.411765
transparency 0}}}
Shape { geometry IndexedFaceSet 
{ creaseAngle 0.50 coordIndex [0,1,2,-1,0,3,1,-1,4,2,5,-1,4,0,2,-1,6,7,8,-1,6,5,7,-1,6,4,5,-1,9,6,8,-1]
coord Coordinate { point [-1.86422 1.41026 0.558767,-1.80506 1.37436 0.544665,-1.80506 1.41026 0.558767,-1.86422 1.37436 0.544665,-1.86422 1.44837 0.564764,-1.80506 1.44837 0.564764,-1.86422 1.48687 0.562371,-1.80506 1.48687 0.562371,-1.80506 1.52394 0.551701,-1.86422 1.52394 0.551701]
}}
appearance Appearance{material Material{diffuseColor 1 0.807843 0.498039
transparency 0}}}
Shape { geometry IndexedFaceSet 
{ creaseAngle 0.50 coordIndex [0,1,2,-1,3,1,0,-1]
coord Coordinate { point [1.69291 2.89369 0.19685,2.12598 2.95275 0.19685,1.69291 2.95275 0.19685,2.12598 2.89369 0.19685]
}}
appearance Appearance{material Material{diffuseColor 1 1 1
transparency 0}}}
Shape { geometry IndexedFaceSet 
{ creaseAngle 0.50 coordIndex [0,1,2,-1,0,3,1,-1]
coord Coordinate { point [0.409448 -0.807085 0.151574,0.251968 -0.94488 0.151574,0.251968 -0.807085 0.151574,0.409448 -0.94488 0.151574]
}}
appearance Appearance{material Material{diffuseColor 1 0.807843 0.498039
transparency 0}}}
Shape { geometry IndexedFaceSet 
{ creaseAngle 0.50 coordIndex [0,1,2,-1,0,3,1,-1]
coord Coordinate { point [2.67716 0.62992 0.244094,2.79527 0.62992 0.019685,2.79527 0.62992 0.244094,2.67716 0.62992 0.019685]
}}
appearance Appearance{material Material{diffuseColor 0.411765 0.411765 0.411765
transparency 0}}}
Shape { geometry IndexedFaceSet 
{ creaseAngle 0.50 coordIndex [0,1,2,-1,0,3,1,-1,4,2,5,-1,4,0,2,-1,6,5,7,-1,6,4,5,-1,8,7,9,-1,8,6,7,-1,10,9,11,-1,10,8,9,-1,12,11,13,-1,12,10,11,-1,14,13,15,-1,14,12,13,-1]
coord Coordinate { point [-0.139626 0.918255 0.393001,-0.131942 1.21337 0.464892,-0.140703 1.2136 0.463933,-0.131942 0.917989 0.393739,-0.147013 0.918868 0.390822,-0.149024 1.21428 0.461102,-0.155104 0.920025 0.38646,-0.156489 1.21538 0.456542,-0.161905 0.921597 0.380373,-0.162723 1.21684 0.450481,-0.167015 0.923506 0.372888,-0.167413 1.21859 0.443224,-0.170215 0.925642 0.364458,-0.170325 1.22054 0.435134,-0.171313 0.927896 0.355543,-0.171312 1.22259 0.426617]
}}
appearance Appearance{material Material{diffuseColor 1 0.807843 0.498039
transparency 0}}}
Shape { geometry IndexedFaceSet 
{ creaseAngle 0.50 coordIndex [0,1,2,-1,0,3,1,-1,0,4,3,-1,0,5,4,-1,5,6,4,-1]
coord Coordinate { point [2.3622 -2.44094 0.688975,2.36862 -2.35977 0.688975,2.3622 -2.36164 0.688975,2.37521 -2.35864 0.688975,2.38189 -2.35826 0.688975,2.6181 -2.44094 0.688975,2.6181 -2.35826 0.688975]
}}
appearance Appearance{material Material{diffuseColor 0.411765 0.411765 0.411765
transparency 0}}}
Shape { geometry IndexedFaceSet 
{ creaseAngle 0.50 coordIndex [0,1,2,-1,0,2,3,-1,4,1,0,-1,5,4,0,-1,6,7,4,-1,6,4,5,-1,8,9,7,-1,8,7,6,-1]
coord Coordinate { point [-0.617509 0.493863 0.249796,-0.453356 0.493869 0.249798,-0.440398 0.13157 0.162523,-0.630466 0.13157 0.162523,-0.464224 0.792199 0.321662,-0.606673 0.792206 0.321663,-0.60433 0.849181 0.335387,-0.466534 0.849184 0.335388,-0.60433 1.14846 0.407479,-0.466535 1.14846 0.407479]
}}
appearance Appearance{material Material{diffuseColor 1 0.807843 0.498039
transparency 0}}}
Shape { geometry IndexedFaceSet 
{ creaseAngle 0.50 coordIndex [0,1,2,-1,2,1,3,-1,3,4,5,-1,1,4,3,-1,5,6,7,-1,4,6,5,-1,7,8,9,-1,6,8,7,-1]
coord Coordinate { point [2.09374 -0.219978 0.488698,2.09898 -0.226373 0.489429,2.09374 -0.21327 0.547371,2.09898 -0.219665 0.548102,2.10275 -0.233717 0.490269,2.10275 -0.227009 0.548941,2.10489 -0.241683 0.491179,2.10489 -0.234975 0.549852,2.1053 -0.249917 0.492121,2.1053 -0.24321 0.550794]
}}
appearance Appearance{material Material{diffuseColor 1 1 1
transparency 0}}}
Shape { geometry IndexedFaceSet 
{ creaseAngle 0.50 coordIndex [0,1,2,-1,1,3,2,-1]
coord Coordinate { point [-2.67716 -0.7874 0.303149,-2.79527 -0.7874 0.244094,-2.67716 -0.7874 0.185039,-2.79527 -0.7874 0.185039]
}}
appearance Appearance{material Material{diffuseColor 0.411765 0.411765 0.411765
transparency 0}}}
Shape { geometry IndexedFaceSet 
{ creaseAngle 0.50 coordIndex [0,1,2,-1,3,2,4,-1,3,0,2,-1,5,4,6,-1,5,3,4,-1,7,6,8,-1,7,5,6,-1,9,8,10,-1,9,7,8,-1,11,10,12,-1,11,9,10,-1,13,11,12,-1,14,12,15,-1,14,13,12,-1]
coord Coordinate { point [0.793358 1.21337 0.464892,0.793358 0.91799 0.393739,0.801061 0.91835 0.39302,0.802119 1.2136 0.463933,0.808465 0.919049 0.390849,0.81044 1.21428 0.461102,0.81657 0.920284 0.386481,0.817905 1.21538 0.456542,0.823376 0.921891 0.380372,0.824139 1.21684 0.450481,0.82848 0.923778 0.372845,0.828829 1.21859 0.443224,0.831662 0.925826 0.36436,0.831741 1.22054 0.435134,0.832728 1.22259 0.426617,0.832728 0.927917 0.355375]
}}
appearance Appearance{material Material{diffuseColor 1 0.807843 0.498039
transparency 0}}}
Shape { geometry IndexedFaceSet 
{ creaseAngle 0.50 coordIndex [0,1,2,-1,0,2,3,-1]
coord Coordinate { point [-1.91338 -1.39764 0.019685,-1.7559 -1.39764 0.019685,-1.7559 -1.41732 0.03937,-1.91338 -1.41732 0.03937]
}}
appearance Appearance{material Material{diffuseColor 1 0.807843 0.498039
transparency 0}}}
Shape { geometry IndexedFaceSet 
{ creaseAngle 0.50 coordIndex [0,1,2,-1,0,3,1,-1,0,4,3,-1,1,5,6,-1,3,5,1,-1,4,7,3,-1]
coord Coordinate { point [1.01968 1.8307 0.263779,0.822833 1.8307 0.120078,1.01968 1.8307 0.120078,0.704723 1.8307 0.120078,0.468503 1.8307 0.263779,0.704723 1.8307 0.019685,0.822833 1.8307 0.019685,0.468503 1.8307 0.120078]
}}
appearance Appearance{material Material{diffuseColor 0.411765 0.411765 0.411765
transparency 0}}}
Shape { geometry IndexedFaceSet 
{ creaseAngle 0.50 coordIndex [0,1,2,-1,3,1,0,-1]
coord Coordinate { point [-1.4311 1.53543 0.450849,-1.37204 1.5429 0.469061,-1.37204 1.53543 0.450849,-1.4311 1.5429 0.469061]
}}
appearance Appearance{material Material{diffuseColor 1 0.807843 0.498039
transparency 0}}}
Shape { geometry IndexedFaceSet 
{ creaseAngle 0.50 coordIndex [0,1,2,-1,3,1,0,-1]
coord Coordinate { point [2.38189 -3.03149 0.66929,2.38189 -2.51968 0.145669,2.38189 -3.03149 0.145669,2.38189 -2.51968 0.66929]
}}
appearance Appearance{material Material{diffuseColor 1 1 1
transparency 0}}}
Shape { geometry IndexedFaceSet 
{ creaseAngle 0.50 coordIndex [0,1,2,-1,2,3,4,-1,3,5,6,-1,7,5,1,-1,1,5,2,-1,2,5,3,-1,8,9,10,-1,11,9,8,-1,12,9,11,-1,13,9,12,-1,14,9,13,-1,15,9,14,-1,16,9,15,-1,9,17,10,-1,10,18,5,-1,6,18,19,-1,5,18,6,-1,17,18,10,-1]
coord Coordinate { point [1.8849 -1.95991 0.688975,1.89236 -1.9646 0.688975,1.87866 -1.95368 0.688975,1.87106 -1.93789 0.688975,1.87397 -1.94621 0.688975,1.90944 -1.9685 0.688975,1.87007 -1.92913 0.688975,1.90068 -1.96751 0.688975,1.98031 -1.96739 0.688975,2.01032 -1.93132 0.688975,1.97099 -1.9685 0.688975,1.98875 -1.96428 0.688975,1.99578 -1.95973 0.688975,2.00173 -1.95375 0.688975,2.00622 -1.94675 0.688975,2.00906 -1.93925 0.688975,2.0099 -1.93525 0.688975,2.01168 -1.90682 0.688975,1.97834 -1.85039 0.688975,1.87007 -1.85039 0.688975]
}}
appearance Appearance{material Material{diffuseColor 0.411765 0.411765 0.411765
transparency 0}}}
Shape { geometry IndexedFaceSet 
{ creaseAngle 0.50 coordIndex [0,1,2,-1,0,3,4,-1,0,4,1,-1,5,6,7,-1,5,7,8,-1,9,10,11,-1,9,2,10,-1,12,11,6,-1,12,9,11,-1,13,8,14,-1,13,5,8,-1,15,16,3,-1,15,3,0,-1,15,0,2,-1,15,2,9,-1,17,16,15,-1,17,9,12,-1,17,15,9,-1,18,19,20,-1,18,14,19,-1,18,13,14,-1,21,6,5,-1,21,12,6,-1,22,18,20,-1,23,21,5,-1,23,5,13,-1,24,20,25,-1,24,22,20,-1,26,27,16,-1,26,12,21,-1,26,16,17,-1,26,17,12,-1,28,13,18,-1,28,23,13,-1,29,30,31,-1,32,26,21,-1,32,21,23,-1,32,27,26,-1,33,34,35,-1,36,18,22,-1,36,28,18,-1,37,35,38,-1,39,22,24,-1,37,33,35,-1,39,36,22,-1,40,41,27,-1,40,27,32,-1,40,32,23,-1,42,37,38,-1,40,23,28,-1,7,38,43,-1,44,41,40,-1,44,28,36,-1,7,42,38,-1,44,40,28,-1,45,24,25,-1,45,25,46,-1,47,34,33,-1,45,39,24,-1,48,36,39,-1,10,33,37,-1,48,41,44,-1,48,44,36,-1,10,47,33,-1,49,45,46,-1,50,51,41,-1,50,41,48,-1,50,39,45,-1,8,7,43,-1,50,48,39,-1,52,46,53,-1,52,49,46,-1,1,34,47,-1,54,51,50,-1,54,45,49,-1,54,50,45,-1,11,37,42,-1,11,10,37,-1,55,51,54,-1,14,43,56,-1,55,49,52,-1,55,54,49,-1,14,8,43,-1,57,30,51,-1,57,53,58,-1,57,51,55,-1,57,52,53,-1,2,1,47,-1,57,55,52,-1,2,47,10,-1,59,30,57,-1,59,57,58,-1,60,58,31,-1,60,31,30,-1,6,42,7,-1,60,59,58,-1,6,11,42,-1,60,30,59,-1,4,3,34,-1,4,34,1,-1,19,56,61,-1,19,61,20,-1,19,14,56,-1]
coord Coordinate { point [0.386271 1.77215 0.481225,0.385577 1.77253 0.479474,0.38513 1.77302 0.480356,0.387429 1.77113 0.481808,0.386576 1.77176 0.480236,0.37312 1.77984 0.486381,0.377314 1.77819 0.483202,0.374068 1.77865 0.475769,0.368963 1.78043 0.476863,0.382055 1.77546 0.485685,0.383298 1.77411 0.478173,0.378903 1.77733 0.481931,0.380888 1.77607 0.487458,0.370477 1.78049 0.48827,0.365812 1.78115 0.477589,0.384015 1.77395 0.487178,0.38537 1.77239 0.490288,0.383111 1.77436 0.489151,0.366844 1.78093 0.49074,0.361554 1.78168 0.478626,0.360218 1.78194 0.487282,0.377696 1.77713 0.491831,0.365682 1.78097 0.491501,0.375613 1.77745 0.494387,0.363129 1.78089 0.493124,0.36029 1.78053 0.494851,0.380543 1.77494 0.493999,0.382054 1.77215 0.498453,0.372669 1.77748 0.497677,0.360288 1.75764 0.520428,0.366483 1.763 0.517163,0.360069 1.76621 0.51513,0.378807 1.77499 0.49682,0.38251 1.77369 0.474218,0.388127 1.76845 0.473438,0.382161 1.77298 0.471579,0.371708 1.7774 0.498678,0.381633 1.77434 0.474361,0.375355 1.77635 0.470198,0.369569 1.77708 0.500795,0.376292 1.7747 0.500436,0.377646 1.77044 0.505893,0.376039 1.77773 0.475375,0.367969 1.77842 0.469348,0.375457 1.77452 0.501533,0.367142 1.77648 0.503017,0.360241 1.77772 0.502052,0.38397 1.77348 0.47756,0.373575 1.774 0.503846,0.363846 1.77532 0.505754,0.371404 1.77321 0.506264,0.372367 1.76734 0.512236,0.36306 1.77499 0.506361,0.360069 1.77353 0.508532,0.368401 1.77182 0.509224,0.367676 1.77144 0.509876,0.360288 1.77912 0.469061,0.364885 1.76981 0.512181,0.360028 1.7703 0.511895,0.362637 1.76832 0.513805,0.361407 1.76744 0.51461,0.360207 1.78176 0.478965]
}}
appearance Appearance{material Material{diffuseColor 1 0.807843 0.498039
transparency 0}}}
Shape { geometry IndexedFaceSet 
{ creaseAngle 0.50 coordIndex [0,1,2,-1,3,1,0,-1]
coord Coordinate { point [-1.48031 -1.08255 0.019685,-1.32283 -1.57874 0.019685,-1.48031 -1.57874 0.019685,-1.32283 -1.08255 0.019685]
}}
appearance Appearance{material Material{diffuseColor 1 0.807843 0.498039
transparency 0}}}
Shape { geometry IndexedFaceSet 
{ creaseAngle 0.50 coordIndex [0,1,2,-1,0,2,3,-1]
coord Coordinate { point [-0.899552 0.927924 0.335388,-0.899552 0.927917 0.355375,-0.897149 0.866419 0.340446,-0.897245 0.870939 0.321662]
}}
appearance Appearance{material Material{diffuseColor 1 0.807843 0.498039
transparency 0}}}
Shape { geometry IndexedFaceSet 
{ creaseAngle 0.50 coordIndex [0,1,2,-1,2,1,3,-1,3,4,5,-1,1,4,3,-1,5,6,7,-1,4,6,5,-1,7,8,9,-1,6,8,7,-1,9,10,11,-1,8,10,9,-1,11,12,13,-1,10,12,11,-1,13,14,15,-1,12,14,13,-1]
coord Coordinate { point [-0.649605 2.89369 0.19685,-0.636464 2.8937 0.198331,-0.649605 2.95275 0.19685,-0.636464 2.95275 0.198331,-0.623982 2.8937 0.202698,-0.623982 2.95275 0.202698,-0.612785 2.8937 0.209734,-0.612785 2.95275 0.209734,-0.603434 2.8937 0.219085,-0.603434 2.95275 0.219085,-0.596398 2.8937 0.230282,-0.596398 2.95275 0.230282,-0.592031 2.8937 0.242764,-0.592031 2.95275 0.242764,-0.59055 2.89369 0.255905,-0.59055 2.95275 0.255905]
}}
appearance Appearance{material Material{diffuseColor 1 1 1
transparency 0}}}
Shape { geometry IndexedFaceSet 
{ creaseAngle 0.50 coordIndex [0,1,2,-1,0,2,3,-1]
coord Coordinate { point [-2.69685 -2.63779 0.15748,-2.69685 -2.95275 0.15748,-2.7559 -2.95275 0.15748,-2.7559 -2.63779 0.15748]
}}
appearance Appearance{material Material{diffuseColor 1 1 1
transparency 0}}}
Shape { geometry IndexedFaceSet 
{ creaseAngle 0.50 coordIndex [0,1,2,-1,3,2,4,-1,3,0,2,-1,5,4,6,-1,5,3,4,-1,7,6,8,-1,7,5,6,-1,9,10,11,-1,9,8,10,-1,9,7,8,-1,12,11,13,-1,12,9,11,-1,14,13,15,-1,14,12,13,-1,16,14,15,-1]
coord Coordinate { point [-0.505904 1.53543 0.450849,-0.505904 1.5429 0.469061,-0.498224 1.5422 0.469348,-0.496925 1.53447 0.451244,-0.490838 1.54013 0.470198,-0.488298 1.53158 0.452426,-0.484032 1.53676 0.471579,-0.480441 1.52679 0.454395,-0.478066 1.53223 0.473438,-0.473917 1.52025 0.457078,-0.474099 1.52794 0.475197,-0.470843 1.52305 0.477207,-0.469421 1.5127 0.460174,-0.467607 1.51492 0.480541,-0.467258 1.50595 0.462945,-0.466535 1.50648 0.484004,-0.466535 1.49901 0.465792]
}}
appearance Appearance{material Material{diffuseColor 1 0.807843 0.498039
transparency 0}}}
Shape { geometry IndexedFaceSet 
{ creaseAngle 0.50 coordIndex [0,1,2,-1,0,3,1,-1,4,5,6,-1,4,6,7,-1,8,9,10,-1,8,10,11,-1,12,9,8,-1,12,11,3,-1,12,8,11,-1,13,2,14,-1,13,0,2,-1,15,16,17,-1,15,18,16,-1,15,19,18,-1,15,7,19,-1,15,4,7,-1,20,14,5,-1,20,13,14,-1,21,22,9,-1,21,3,0,-1,21,9,12,-1,21,12,3,-1,23,22,21,-1,23,21,0,-1,23,0,13,-1,24,5,4,-1,24,20,5,-1,25,24,4,-1,25,15,17,-1,25,4,15,-1,26,22,23,-1,26,27,22,-1,26,23,13,-1,26,13,20,-1,28,25,17,-1,29,27,26,-1,29,20,24,-1,30,31,32,-1,29,26,20,-1,33,28,17,-1,34,10,35,-1,36,17,37,-1,36,33,17,-1,38,39,27,-1,40,35,41,-1,38,24,25,-1,40,34,35,-1,38,27,29,-1,38,29,24,-1,42,25,28,-1,42,39,38,-1,42,38,25,-1,43,10,34,-1,44,28,33,-1,1,34,40,-1,44,39,42,-1,44,42,28,-1,45,46,39,-1,1,43,34,-1,45,33,36,-1,45,44,33,-1,45,39,44,-1,47,40,41,-1,48,41,49,-1,50,36,37,-1,50,46,45,-1,50,45,36,-1,51,37,52,-1,48,47,41,-1,51,46,50,-1,51,50,37,-1,53,31,46,-1,2,40,47,-1,53,51,52,-1,53,46,51,-1,2,1,40,-1,54,52,32,-1,54,31,53,-1,54,32,31,-1,54,53,52,-1,6,48,49,-1,14,47,48,-1,14,2,47,-1,11,10,43,-1,3,11,43,-1,3,43,1,-1,7,49,55,-1,7,6,49,-1,5,48,6,-1,5,14,48,-1,19,55,18,-1,19,7,55,-1]
coord Coordinate { point [-1.89545 1.60881 0.488264,-1.89671 1.60706 0.479828,-1.89913 1.6034 0.484776,-1.89457 1.61021 0.481856,-1.90096 1.59621 0.492906,-1.90071 1.59848 0.490512,-1.90226 1.59511 0.486347,-1.9027 1.59242 0.488232,-1.89243 1.61251 0.480991,-1.89136 1.61365 0.481808,-1.89206 1.61097 0.473438,-1.89433 1.61038 0.480789,-1.8924 1.61265 0.482087,-1.89555 1.6082 0.490382,-1.89973 1.60206 0.486428,-1.90089 1.59306 0.495998,-1.90056 1.59093 0.497929,-1.89606 1.594 0.505407,-1.90282 1.58813 0.491103,-1.90286 1.58876 0.490697,-1.89537 1.60634 0.495575,-1.89172 1.613 0.488661,-1.8893 1.61491 0.490288,-1.89133 1.61295 0.490832,-1.89496 1.60503 0.498588,-1.89408 1.60306 0.502442,-1.88996 1.61242 0.496151,-1.88599 1.61467 0.498453,-1.89331 1.60165 0.504843,-1.88889 1.61185 0.499235,-1.86422 1.60016 0.520428,-1.87042 1.60552 0.517163,-1.8734 1.59974 0.519398,-1.89283 1.60087 0.506063,-1.89675 1.60643 0.477549,-1.89696 1.60545 0.475702,-1.89195 1.59952 0.508014,-1.88979 1.59658 0.511697,-1.8872 1.6108 0.503175,-1.88158 1.61296 0.505893,-1.89733 1.60571 0.47816,-1.9006 1.59916 0.478286,-1.88594 1.60994 0.505628,-1.89621 1.60762 0.479011,-1.88522 1.60943 0.506874,-1.88397 1.6085 0.508865,-1.8763 1.60986 0.512236,-1.9002 1.60107 0.481908,-1.90093 1.59942 0.483175,-1.90284 1.59232 0.481089,-1.88114 1.60631 0.512621,-1.8805 1.60578 0.513366,-1.88208 1.59852 0.516428,-1.87757 1.60336 0.516295,-1.87496 1.60111 0.518386,-1.90359 1.58522 0.484004]
}}
appearance Appearance{material Material{diffuseColor 1 0.807843 0.498039
transparency 0}}}
Shape { geometry IndexedFaceSet 
{ creaseAngle 0.50 coordIndex [0,1,2,-1,3,4,1,-1,4,2,1,-1]
coord Coordinate { point [2.3622 -2.44094 0.688975,2.3622 -2.36164 0.688975,2.3622 -2.44094 0.683733,2.3622 -2.24409 0.688975,2.3622 -2.24409 0.683733]
}}
appearance Appearance{material Material{diffuseColor 0.792157 0.819608 0.933333
transparency 0}}}
Shape { geometry IndexedFaceSet 
{ creaseAngle 0.50 coordIndex [0,1,2,-1,0,2,3,-1,4,3,5,-1,4,0,3,-1,6,5,7,-1,6,4,5,-1,8,4,6,-1,9,7,10,-1,9,6,7,-1,11,10,12,-1,11,9,10,-1,13,12,14,-1,13,14,15,-1,13,11,12,-1,16,15,17,-1,16,13,15,-1,18,16,17,-1]
coord Coordinate { point [0.374269 2.72894 0.531926,0.358433 2.73056 0.531766,0.358151 2.73621 0.59055,0.376843 2.73397 0.590765,0.389462 2.7242 0.532383,0.393774 2.72773 0.591365,0.404212 2.71653 0.539369,0.407864 2.71862 0.592242,0.403393 2.71653 0.533115,0.41614 2.70586 0.539039,0.419776 2.70663 0.593395,0.425693 2.69301 0.538907,0.428725 2.6926 0.594744,0.433452 2.6759 0.538931,0.434351 2.67759 0.596187,0.436002 2.66958 0.596957,0.436995 2.65746 0.539078,0.436794 2.66173 0.597711,0.437077 2.65608 0.538928]
}}
appearance Appearance{material Material{diffuseColor 1 1 1
transparency 0}}}
Shape { geometry IndexedFaceSet 
{ creaseAngle 0.50 coordIndex [0,1,2,-1,0,2,3,-1,4,3,5,-1,4,0,3,-1,6,5,7,-1,6,4,5,-1,8,7,9,-1,8,6,7,-1,10,9,11,-1,10,8,9,-1,12,11,13,-1,12,10,11,-1,14,13,15,-1,14,12,13,-1]
coord Coordinate { point [0.251968 -0.987461 0.0926979,0.251968 -0.984214 0.113892,0.409448 -0.984214 0.113892,0.409448 -0.987461 0.0926979,0.251968 -0.99522 0.07271,0.409448 -0.99522 0.07271,0.251968 -1.00712 0.0548765,0.409448 -1.00712 0.0548765,0.251968 -1.02261 0.0400438,0.409448 -1.02261 0.0400438,0.251968 -1.04093 0.0289157,0.409448 -1.04093 0.0289157,0.251968 -1.06123 0.0220204,0.409448 -1.06123 0.0220204,0.251968 -1.08255 0.019685,0.409448 -1.08255 0.019685]
}}
appearance Appearance{material Material{diffuseColor 1 0.807843 0.498039
transparency 0}}}
Shape { geometry IndexedFaceSet 
{ creaseAngle 0.50 coordIndex [0,1,2,-1,2,1,3,-1,3,4,5,-1,1,4,3,-1,5,6,7,-1,4,6,5,-1,7,8,9,-1,6,8,7,-1,9,10,11,-1,8,10,9,-1,11,12,13,-1,10,12,11,-1,13,14,15,-1,12,14,13,-1,15,16,17,-1,14,16,15,-1]
coord Coordinate { point [2.01032 -1.93132 0.688975,2.0099 -1.93525 0.688975,2.00997 -1.93132 0.74378,2.00955 -1.93525 0.744229,2.00906 -1.93925 0.688975,2.0087 -1.93925 0.744686,2.00622 -1.94675 0.688975,2.00586 -1.94675 0.745543,2.00173 -1.95375 0.688975,2.00137 -1.95375 0.746343,1.99578 -1.95973 0.688975,1.99542 -1.95973 0.747027,1.98875 -1.96428 0.688975,1.98839 -1.96427 0.747547,1.98031 -1.96739 0.688975,1.97995 -1.96738 0.747902,1.97099 -1.9685 0.688975,1.97063 -1.9685 0.74803]
}}
appearance Appearance{material Material{diffuseColor 1 1 1
transparency 0}}}
Shape { geometry IndexedFaceSet 
{ creaseAngle 0.50 coordIndex [0,1,2,-1,0,3,1,-1,4,5,6,-1,7,4,6,-1,8,9,10,-1,11,12,13,-1,11,13,14,-1,15,12,11,-1,16,14,17,-1,16,11,14,-1,18,16,17,-1,19,20,12,-1,19,21,20,-1,19,12,15,-1,22,15,11,-1,22,11,16,-1,23,17,24,-1,23,18,17,-1,25,22,16,-1,25,16,18,-1,26,9,21,-1,26,21,19,-1,26,19,15,-1,26,15,22,-1,1,24,2,-1,1,3,27,-1,1,23,24,-1,28,27,29,-1,28,29,25,-1,28,25,18,-1,28,18,23,-1,28,1,27,-1,28,23,1,-1,30,29,31,-1,30,31,10,-1,30,25,29,-1,30,22,25,-1,30,9,26,-1,30,26,22,-1,30,10,9,-1,0,2,6,-1,0,5,3,-1,0,6,5,-1]
coord Coordinate { point [-0.569128 1.53571 0.51005,-0.573634 1.53786 0.506142,-0.577038 1.53112 0.512236,-0.564791 1.53888 0.506366,-0.564822 1.52835 0.516569,-0.564758 1.53298 0.513143,-0.571154 1.52678 0.517163,-0.56496 1.52142 0.520428,-0.56496 1.5429 0.469061,-0.571113 1.54244 0.46925,-0.564895 1.54474 0.475863,-0.590389 1.53641 0.481331,-0.592798 1.53223 0.473438,-0.5921 1.53491 0.481808,-0.590041 1.53617 0.490288,-0.588014 1.53798 0.478887,-0.586572 1.53894 0.48938,-0.586725 1.53593 0.498453,-0.582342 1.53968 0.496054,-0.586282 1.53847 0.475511,-0.585519 1.53751 0.471272,-0.577112 1.54109 0.469805,-0.58195 1.54199 0.484624,-0.578087 1.53923 0.501463,-0.582317 1.53422 0.505893,-0.575996 1.54386 0.489523,-0.578581 1.54293 0.478055,-0.564979 1.54357 0.497239,-0.57045 1.54426 0.493603,-0.564927 1.54569 0.48817,-0.571369 1.54516 0.480502,-0.564881 1.54581 0.482748]
}}
appearance Appearance{material Material{diffuseColor 1 0.807843 0.498039
transparency 0}}}
Shape { geometry IndexedFaceSet 
{ creaseAngle 0.50 coordIndex [0,1,2,-1,0,2,3,-1]
coord Coordinate { point [-2.69685 2.89369 0.03937,-2.69685 0.994092 0.03937,-2.7559 0.994092 0.03937,-2.7559 2.89369 0.03937]
}}
appearance Appearance{material Material{diffuseColor 1 1 1
transparency 0}}}
Shape { geometry IndexedFaceSet 
{ creaseAngle 0.50 coordIndex [0,1,2,-1,3,0,2,-1]
coord Coordinate { point [2.79527 0.059055 0.279527,2.79527 -0.413385 0.279527,2.79527 -0.413385 0.216535,2.79527 0.059055 0.216535]
}}
appearance Appearance{material Material{diffuseColor 0.411765 0.411765 0.411765
transparency 0}}}
Shape { geometry IndexedFaceSet 
{ creaseAngle 0.50 coordIndex [0,1,2,-1,3,2,4,-1,3,0,2,-1,5,4,6,-1,5,3,4,-1,7,6,8,-1,7,5,6,-1,9,8,10,-1,9,7,8,-1,11,10,12,-1,11,9,10,-1,13,12,14,-1,13,11,12,-1,15,13,14,-1]
coord Coordinate { point [-2.23813 1.37436 0.544665,-2.23813 1.24514 0.476845,-2.22937 1.2456 0.475971,-2.22937 1.37481 0.543791,-2.22105 1.24695 0.473392,-2.22105 1.37617 0.541213,-2.21358 1.24913 0.469239,-2.21358 1.37835 0.53706,-2.20735 1.25203 0.46372,-2.20735 1.38124 0.53154,-2.20266 1.2555 0.45711,-2.20266 1.38471 0.52493,-2.19975 1.25936 0.449742,-2.19975 1.38858 0.517562,-2.19876 1.26343 0.441985,-2.19876 1.39265 0.509805]
}}
appearance Appearance{material Material{diffuseColor 1 0.807843 0.498039
transparency 0}}}
Shape { geometry IndexedFaceSet 
{ creaseAngle 0.50 coordIndex [0,1,2,-1,0,2,3,-1,4,5,6,-1,4,3,5,-1,4,0,3,-1,7,6,8,-1,7,4,6,-1,9,8,10,-1,9,7,8,-1,11,10,12,-1,11,9,10,-1,13,12,14,-1,13,11,12,-1,15,14,16,-1,15,13,14,-1,17,15,16,-1]
coord Coordinate { point [-1.86408 1.60709 0.516569,-1.86422 1.60016 0.520428,-1.80506 1.60016 0.520428,-1.80528 1.60873 0.51513,-1.86402 1.61172 0.513143,-1.80532 1.61282 0.511895,-1.80528 1.61605 0.508532,-1.86405 1.61762 0.506366,-1.80511 1.62024 0.502052,-1.86424 1.62231 0.497239,-1.80506 1.62305 0.494851,-1.86419 1.62443 0.48817,-1.80513 1.62446 0.487282,-1.86414 1.62455 0.482748,-1.80514 1.62428 0.478965,-1.86416 1.62348 0.475863,-1.80506 1.62164 0.469061,-1.86422 1.62164 0.469061]
}}
appearance Appearance{material Material{diffuseColor 1 0.807843 0.498039
transparency 0}}}
Shape { geometry IndexedFaceSet 
{ creaseAngle 0.50 coordIndex [0,1,2,-1,1,3,2,-1]
coord Coordinate { point [-2.34645 -0.94488 0.210629,-2.18897 -0.94488 0.210629,-2.34645 -0.807085 0.210629,-2.18897 -0.807085 0.210629]
}}
appearance Appearance{material Material{diffuseColor 1 0.807843 0.498039
transparency 0}}}
Shape { geometry IndexedFaceSet 
{ creaseAngle 0.50 coordIndex [0,1,2,-1,0,3,4,-1,5,6,7,-1,5,8,6,-1,5,9,8,-1,5,10,9,-1,11,4,10,-1,11,10,5,-1,11,0,4,-1,12,0,11,-1,12,1,0,-1]
coord Coordinate { point [2.6181 2.81495 0.688975,2.63779 0.59055 0.688975,2.6181 0.59055 0.688975,2.5 2.81495 0.688975,2.5 2.89369 0.688975,2.54591 2.95127 0.688975,2.52223 2.93987 0.688975,2.53343 2.9469 0.688975,2.51288 2.93052 0.688975,2.50584 2.91932 0.688975,2.50148 2.90684 0.688975,2.55905 2.95275 0.688975,2.63779 2.95275 0.688975]
}}
appearance Appearance{material Material{diffuseColor 0.792157 0.819608 0.933333
transparency 0}}}
Shape { geometry IndexedFaceSet 
{ creaseAngle 0.50 coordIndex [0,1,2,-1,2,1,3,-1]
coord Coordinate { point [-2.34252 -0.3937 0.263779,-2.34252 -0.3937 0.210629,-2.18504 -0.3937 0.263779,-2.18504 -0.3937 0.210629]
}}
appearance Appearance{material Material{diffuseColor 0.411765 0.411765 0.411765
transparency 0}}}
Shape { geometry IndexedFaceSet 
{ creaseAngle 0.50 coordIndex [0,1,2,-1,3,1,0,-1,4,5,6,-1,6,5,7,-1,8,9,10,-1,11,9,8,-1,2,12,13,-1,1,12,2,-1,14,15,4,-1,4,15,5,-1,12,16,13,-1,14,16,15,-1,13,16,14,-1,17,18,19,-1,18,20,19,-1,21,22,23,-1,24,25,21,-1,21,25,22,-1,23,26,27,-1,22,26,23,-1,28,29,24,-1,24,29,25,-1,27,30,31,-1,26,30,27,-1,17,32,28,-1,28,32,29,-1,33,34,11,-1,11,34,9,-1,31,3,0,-1,30,3,31,-1,17,19,32,-1,6,7,35,-1,35,7,33,-1,33,7,34,-1]
coord Coordinate { point [-2.34645 -1.04321 0.116423,-2.34645 -0.987461 0.0926979,-2.34645 -1.04451 0.107945,-2.34645 -0.984214 0.113892,-2.34645 -1.05857 0.0868835,-2.34645 -1.04093 0.0289157,-2.34645 -1.0659 0.0824323,-2.34645 -1.06123 0.0220204,-2.34645 -1.41732 0.059055,-2.34645 -1.39764 0.019685,-2.34645 -1.41732 0.03937,-2.34645 -1.39764 0.07874,-2.34645 -0.99522 0.07271,-2.34645 -1.04762 0.09995,-2.34645 -1.05238 0.0928166,-2.34645 -1.02261 0.0400438,-2.34645 -1.00712 0.0548765,-2.34645 -0.94488 0.210629,-2.34645 -0.807085 0.210629,-2.34645 -0.94488 0.151574,-2.34645 -0.807085 0.151574,-2.34645 -1.00482 0.190271,-2.34645 -0.97505 0.137498,-2.34645 -1.02031 0.175438,-2.34645 -0.986496 0.201399,-2.34645 -0.968857 0.143431,-2.34645 -0.979812 0.130365,-2.34645 -1.03221 0.157605,-2.34645 -0.966194 0.208294,-2.34645 -0.961526 0.147882,-2.34645 -0.982915 0.122369,-2.34645 -1.03997 0.137617,-2.34645 -0.953405 0.15064,-2.34645 -1.08255 0.07874,-2.34645 -1.08255 0.019685,-2.34645 -1.07402 0.0796742]
}}
appearance Appearance{material Material{diffuseColor 1 0.807843 0.498039
transparency 0}}}
Shape { geometry IndexedFaceSet 
{ creaseAngle 0.50 coordIndex [0,1,2,-1,0,3,1,-1]
coord Coordinate { point [2.2887 -2.44094 0.683733,2.3622 -3.03149 0.610235,2.3622 -2.44094 0.610235,2.2887 -3.03149 0.683733]
}}
appearance Appearance{material Material{diffuseColor 0.411765 0.411765 0.411765
transparency 0}}}
Shape { geometry IndexedFaceSet 
{ creaseAngle 0.50 coordIndex [0,1,2,-1,1,3,2,-1]
coord Coordinate { point [-0.938922 1.52394 0.551701,-0.938922 1.60016 0.520428,-0.998082 1.52394 0.551701,-0.998082 1.60016 0.520428]
}}
appearance Appearance{material Material{diffuseColor 0.792157 0.819608 0.933333
transparency 0}}}
Shape { geometry IndexedFaceSet 
{ creaseAngle 0.50 coordIndex [0,1,2,-1,2,1,3,-1,3,1,4,-1,4,1,5,-1,5,1,6,-1,1,7,8,-1,9,7,0,-1,0,7,1,-1,10,11,9,-1,9,11,7,-1,12,13,10,-1,10,13,11,-1,12,14,13,-1,15,16,14,-1,14,16,13,-1]
coord Coordinate { point [2.67178 -0.0644368 0.678214,2.69684 -0.03937 0.728345,2.68348 -0.0527396 0.667341,2.69048 -0.0457398 0.656599,2.69465 -0.0415683 0.645883,2.69632 -0.039897 0.637792,2.69684 -0.03937 0.62992,2.67168 -0.064532 0.743063,2.69684 -0.03937 0.732206,2.65679 -0.0794285 0.685836,2.63779 -0.098425 0.688975,2.65485 -0.0813697 0.746792,2.6181 -0.11811 0.688975,2.63779 -0.098425 0.74803,2.57873 -0.15748 0.688975,2.5509 -0.185319 0.688975,2.5509 -0.185319 0.74803]
}}
appearance Appearance{material Material{diffuseColor 1 1 1
transparency 0}}}
Shape { geometry IndexedFaceSet 
{ creaseAngle 0.50 coordIndex [0,1,2,-1,2,1,3,-1,4,5,0,-1,0,5,1,-1,4,6,5,-1,7,8,4,-1,4,8,6,-1,9,10,7,-1,7,10,8,-1,9,11,10,-1,9,12,11,-1,12,13,11,-1,13,14,15,-1,12,14,13,-1,15,16,17,-1,14,16,15,-1,16,18,17,-1,17,19,20,-1,18,19,17,-1]
coord Coordinate { point [-1.22047 2.83464 0.74803,-1.22047 2.81495 0.688975,-1.22047 2.80511 0.74803,-1.22047 2.80511 0.688975,-1.22047 2.86092 0.745069,-1.22047 2.83464 0.688975,-1.22047 2.84778 0.687494,-1.22047 2.88589 0.736333,-1.22047 2.86026 0.683127,-1.22047 2.90828 0.722262,-1.22047 2.87146 0.676091,-1.22047 2.88081 0.66674,-1.22047 2.92698 0.70356,-1.22047 2.88785 0.655543,-1.22047 2.94105 0.681166,-1.22047 2.89221 0.643061,-1.22047 2.94979 0.656202,-1.22047 2.89369 0.62992,-1.22047 2.95275 0.62992,-1.22047 2.95275 0.15748,-1.22047 2.89369 0.15748]
}}
appearance Appearance{material Material{diffuseColor 1 1 1
transparency 0}}}
Shape { geometry IndexedFaceSet 
{ creaseAngle 0.50 coordIndex [0,1,2,-1,3,4,5,-1,3,6,4,-1,3,0,6,-1,7,0,3,-1,7,1,0,-1]
coord Coordinate { point [2.53936 -0.213158 0.688975,2.57874 -1.85039 0.688975,2.53937 -1.85039 0.688975,2.5509 -0.185319 0.688975,2.54236 -0.198091 0.688975,2.546 -0.191285 0.688975,2.54012 -0.205477 0.688975,2.57873 -0.15748 0.688975]
}}
appearance Appearance{material Material{diffuseColor 0.792157 0.819608 0.933333
transparency 0}}}
Shape { geometry IndexedFaceSet 
{ creaseAngle 0.50 coordIndex [0,1,2,-1,3,2,4,-1,3,0,2,-1,5,3,4,-1,6,5,4,-1,7,5,6,-1,8,9,7,-1,8,7,6,-1,10,11,9,-1,10,9,8,-1,12,13,11,-1,12,11,10,-1,14,15,13,-1,14,13,12,-1]
coord Coordinate { point [-1.7126 2.71991 0.098425,-1.7126 2.65913 0.098425,-1.7126 2.66686 0.0719701,-1.71259 2.725 0.0876336,-1.7126 2.68051 0.0480279,-1.71259 2.73224 0.0779979,-1.7126 2.69935 0.027902,-1.71259 2.74149 0.0698918,-1.7126 2.72233 0.0126885,-1.71259 2.75222 0.0638756,-1.7126 2.74821 0.00321591,-1.71259 2.76372 0.0602623,-1.7126 2.77558 -1.97051e-12,-1.7126 2.77558 0.059055,-1.7126 2.99212 -1.97051e-12,-1.7126 2.99212 0.059055]
}}
appearance Appearance{material Material{diffuseColor 1 1 1
transparency 0}}}
Shape { geometry IndexedFaceSet 
{ creaseAngle 0.50 coordIndex [0,1,2,-1,3,1,0,-1,2,4,5,-1,1,4,2,-1,5,6,7,-1,4,6,5,-1,7,8,9,-1,6,8,7,-1,9,10,11,-1,8,10,9,-1,11,12,13,-1,10,12,11,-1,13,14,15,-1,12,14,13,-1]
coord Coordinate { point [-2.5 2.99212 0.649605,-2.26377 2.99113 0.658366,-2.49999 2.99113 0.658366,-2.26378 2.99212 0.649605,-2.26377 2.98822 0.666687,-2.49999 2.98822 0.666687,-2.26377 2.98353 0.674152,-2.49999 2.98353 0.674152,-2.26377 2.9773 0.680386,-2.49999 2.9773 0.680386,-2.26377 2.96983 0.685076,-2.49999 2.96983 0.685076,-2.26377 2.96151 0.687988,-2.49999 2.96151 0.687988,-2.26378 2.95275 0.688975,-2.5 2.95275 0.688975]
}}
appearance Appearance{material Material{diffuseColor 0.792157 0.819608 0.933333
transparency 0}}}
Shape { geometry IndexedFaceSet 
{ creaseAngle 0.50 coordIndex [0,1,2,-1,0,2,3,-1]
coord Coordinate { point [-2.69685 -1.59449 0.23622,-2.69685 -2.06693 0.23622,-2.7559 -2.06693 0.23622,-2.7559 -1.59449 0.23622]
}}
appearance Appearance{material Material{diffuseColor 1 1 1
transparency 0}}}
Shape { geometry IndexedFaceSet 
{ creaseAngle 0.50 coordIndex [0,1,2,-1,3,1,0,-1]
coord Coordinate { point [1.75196 -2.97244 0.767715,1.75196 -2.85433 0.263779,1.75196 -2.97244 0.263779,1.75196 -2.85433 0.767715]
}}
appearance Appearance{material Material{diffuseColor 0.411765 0.411765 0.411765
transparency 0}}}
Shape { geometry IndexedFaceSet 
{ creaseAngle 0.50 coordIndex [0,1,2,-1,0,3,1,-1,4,2,5,-1,4,0,2,-1,6,5,7,-1,6,4,5,-1,8,7,9,-1,8,6,7,-1,10,9,11,-1,10,8,9,-1,12,11,13,-1,12,10,11,-1,14,13,15,-1,14,12,13,-1]
coord Coordinate { point [-0.181102 -0.987461 0.0926979,-0.023622 -0.984214 0.113892,-0.023622 -0.987461 0.0926979,-0.181102 -0.984214 0.113892,-0.181102 -0.99522 0.07271,-0.023622 -0.99522 0.07271,-0.181102 -1.00712 0.0548765,-0.023622 -1.00712 0.0548765,-0.181102 -1.02261 0.0400438,-0.023622 -1.02261 0.0400438,-0.181102 -1.04093 0.0289157,-0.023622 -1.04093 0.0289157,-0.181102 -1.06123 0.0220204,-0.023622 -1.06123 0.0220204,-0.181102 -1.08255 0.019685,-0.023622 -1.08255 0.019685]
}}
appearance Appearance{material Material{diffuseColor 1 0.807843 0.498039
transparency 0}}}
Shape { geometry IndexedFaceSet 
{ creaseAngle 0.50 coordIndex [0,1,2,-1,3,4,5,-1,3,6,4,-1,7,8,9,-1,10,11,12,-1,10,12,13,-1,7,9,0,-1,14,5,15,-1,14,3,5,-1,16,17,8,-1,16,8,7,-1,18,14,15,-1,18,17,16,-1,18,15,17,-1,19,20,21,-1,19,22,20,-1,23,24,25,-1,26,27,24,-1,26,24,23,-1,28,25,29,-1,28,23,25,-1,30,31,27,-1,30,27,26,-1,32,29,33,-1,32,28,29,-1,34,31,30,-1,2,1,35,-1,2,35,11,-1,2,11,10,-1,36,20,31,-1,36,31,34,-1,6,33,4,-1,6,32,33,-1,21,20,36,-1,0,9,37,-1,0,37,1,-1]
coord Coordinate { point [0.409448 -1.06123 0.0220204,0.409448 -1.07835 0.0789663,0.409448 -1.08255 0.019685,0.409448 -0.987461 0.0926979,0.409448 -1.04321 0.116423,0.409448 -1.04485 0.106775,0.409448 -0.984214 0.113892,0.409448 -1.04093 0.0289157,0.409448 -1.05946 0.0862191,0.409448 -1.06655 0.082134,0.409448 -1.24016 0.019685,0.409448 -1.24016 0.07874,0.409448 -1.25984 0.059055,0.409448 -1.25984 0.03937,0.409448 -0.99522 0.07271,0.409448 -1.04838 0.0985549,0.409448 -1.02261 0.0400438,0.409448 -1.05321 0.09186,0.409448 -1.00712 0.0548765,0.409448 -0.807085 0.151574,0.409448 -0.94488 0.210629,0.409448 -0.94488 0.151574,0.409448 -0.807085 0.210629,0.409448 -0.974222 0.138454,0.409448 -1.00482 0.190271,0.409448 -1.02031 0.175438,0.409448 -0.96797 0.144095,0.409448 -0.986496 0.201399,0.409448 -0.97905 0.13176,0.409448 -1.03221 0.157605,0.409448 -0.960876 0.14818,0.409448 -0.966194 0.208294,0.409448 -0.98258 0.123539,0.409448 -1.03997 0.137617,0.409448 -0.95325 0.150673,0.409448 -1.08255 0.07874,0.409448 -0.94908 0.151348,0.409448 -1.07418 0.0796418]
}}
appearance Appearance{material Material{diffuseColor 1 0.807843 0.498039
transparency 0}}}
Shape { geometry IndexedFaceSet 
{ creaseAngle 0.50 coordIndex [0,1,2,-1,3,0,2,-1]
coord Coordinate { point [-1.47638 -0.3937 0.151574,-1.47638 -0.55118 0.151574,-1.47638 -0.55118 0.019685,-1.47638 -0.3937 0.019685]
}}
appearance Appearance{material Material{diffuseColor 0.411765 0.411765 0.411765
transparency 0}}}
Shape { geometry IndexedFaceSet 
{ creaseAngle 0.50 coordIndex [0,1,2,-1,3,1,0,-1,4,5,6,-1,5,7,6,-1,6,7,8,-1,8,7,9,-1,9,7,10,-1,11,12,3,-1,3,13,11,-1,12,14,3,-1,3,15,13,-1,14,16,3,-1,3,17,1,-1,18,19,20,-1,7,19,10,-1,16,17,3,-1,20,19,21,-1,21,19,22,-1,17,23,1,-1,10,19,18,-1,23,24,1,-1,25,26,27,-1,28,26,25,-1,29,26,30,-1,30,26,28,-1,24,31,1,-1,27,26,1,-1,19,32,22,-1,31,33,1,-1,32,34,22,-1,29,35,26,-1,36,35,29,-1,33,37,1,-1,34,38,22,-1,37,39,1,-1,36,40,35,-1,22,41,36,-1,39,27,1,-1,38,41,22,-1,41,42,36,-1,36,42,40,-1,15,43,44,-1,3,43,15,-1,43,45,44,-1,43,46,45,-1,43,47,46,-1,48,47,49,-1,49,47,43,-1,48,50,47,-1,51,50,52,-1,52,50,48,-1,51,53,50,-1,53,6,50,-1,53,4,6,-1]
coord Coordinate { point [-1.75196 1.19234 0.738993,-2.14567 1.55511 0.704112,-2.14567 1.19234 0.738993,-1.75196 1.55511 0.704112,-1.85032 2.72773 0.591365,-1.86725 2.73397 0.590765,-1.90458 2.65318 0.598534,-1.88594 2.73621 0.59055,-1.91205 2.65785 0.598085,-1.92037 2.66075 0.597806,-1.92913 2.66173 0.597711,-1.89835 2.34432 0.62823,-1.90458 2.33812 0.628827,-1.89366 2.35175 0.627516,-1.91205 2.33345 0.629276,-1.89075 2.36004 0.626719,-1.92037 2.33055 0.629554,-1.92913 2.32957 0.629649,-1.9685 2.66173 0.597711,-2.01169 2.73621 0.59055,-1.97726 2.66075 0.597806,-1.98558 2.65785 0.598085,-1.99305 2.65318 0.598534,-1.9685 2.32957 0.629649,-1.97726 2.33055 0.629554,-2.00787 2.36876 0.625881,-2.09033 2.66173 0.597711,-2.00688 2.36004 0.626719,-2.00787 2.62254 0.60148,-2.00397 2.63955 0.599845,-2.00688 2.63126 0.600641,-1.98558 2.33345 0.629276,-2.01961 2.73582 0.590588,-1.99305 2.33812 0.628827,-2.02772 2.73457 0.590708,-2.08716 2.6802 0.595935,-1.99928 2.64698 0.59913,-1.99928 2.34432 0.62823,-2.04306 2.72973 0.591174,-2.00397 2.35175 0.627516,-2.08005 2.69673 0.594347,-2.05758 2.72153 0.591962,-2.07021 2.71028 0.593044,-1.8073 2.66173 0.597711,-1.88976 2.36876 0.625881,-1.88976 2.62254 0.60148,-1.89075 2.63126 0.600641,-1.89366 2.63955 0.599845,-1.80974 2.67759 0.596187,-1.80809 2.66958 0.596957,-1.89835 2.64698 0.59913,-1.82431 2.70663 0.593395,-1.81537 2.6926 0.594744,-1.83623 2.71862 0.592242]
}}
appearance Appearance{material Material{diffuseColor 1 1 1
transparency 0}}}
Shape { geometry IndexedFaceSet 
{ creaseAngle 0.50 coordIndex [0,1,2,-1,1,3,2,-1]
coord Coordinate { point [-2.17217 0.19648 0.219936,-2.36328 0.19648 0.219936,-2.16932 0.11811 0.210629,-2.36614 0.11811 0.210629]
}}
appearance Appearance{material Material{diffuseColor 1 0.807843 0.498039
transparency 0}}}
Shape { geometry IndexedFaceSet 
{ creaseAngle 0.50 coordIndex [0,1,2,-1,0,2,3,-1]
coord Coordinate { point [-0.55118 2.95275 0.03937,-0.55118 2.89369 0.03937,-1.10236 2.89369 0.03937,-1.10236 2.95275 0.03937]
}}
appearance Appearance{material Material{diffuseColor 1 1 1
transparency 0}}}
Shape { geometry IndexedFaceSet 
{ creaseAngle 0.50 coordIndex [0,1,2,-1,2,1,3,-1,4,1,0,-1,5,6,7,-1,7,6,8,-1,3,9,10,-1,1,9,3,-1,11,12,5,-1,5,12,6,-1,10,13,14,-1,9,13,10,-1,11,15,12,-1,13,15,14,-1,14,15,11,-1,16,17,18,-1,19,20,16,-1,16,20,17,-1,18,21,22,-1,17,21,18,-1,23,24,19,-1,19,24,20,-1,22,25,26,-1,21,25,22,-1,27,28,23,-1,23,28,24,-1,26,29,30,-1,25,29,26,-1,27,31,28,-1,32,33,27,-1,27,33,31,-1,34,7,35,-1,30,4,0,-1,29,4,30,-1,7,8,35,-1]
coord Coordinate { point [2.44094 -3.03149 0.145669,2.38534 -3.03149 0.115007,2.44291 -3.03149 0.128148,2.44874 -3.03149 0.111505,2.38189 -3.03149 0.145669,2.50216 -3.03149 0.0689032,2.48902 -3.03149 0.0113288,2.51968 -3.03149 0.066929,2.51968 -3.03149 0.007874,2.39553 -3.03149 0.085882,2.45812 -3.03149 0.0965754,2.48552 -3.03149 0.0747267,2.45989 -3.03149 0.02152,2.41195 -3.03149 0.0597552,2.47059 -3.03149 0.0841076,2.43377 -3.03149 0.0379365,2.41129 -3.03149 0.730851,2.37759 -3.03149 0.681563,2.42376 -3.03149 0.718384,2.39636 -3.03149 0.740232,2.37447 -3.03149 0.68468,2.37994 -3.03149 0.677831,2.43314 -3.03149 0.703454,2.37972 -3.03149 0.746056,2.37074 -3.03149 0.687026,2.38139 -3.03149 0.67367,2.43897 -3.03149 0.686811,2.3622 -3.03149 0.74803,2.36658 -3.03149 0.688481,2.38189 -3.03149 0.66929,2.44094 -3.03149 0.66929,2.3622 -3.03149 0.688975,2.00787 -3.03149 0.74803,2.00787 -3.03149 0.688975,2.63779 -3.03149 0.066929,2.63779 -3.03149 0.007874]
}}
appearance Appearance{material Material{diffuseColor 1 1 1
transparency 0}}}
Shape { geometry IndexedFaceSet 
{ creaseAngle 0.50 coordIndex [0,1,2,-1,2,3,4,-1,1,3,2,-1,4,5,6,-1,3,5,4,-1,6,7,8,-1,5,7,6,-1,8,9,10,-1,7,9,8,-1,10,11,12,-1,9,11,10,-1,12,13,14,-1,11,13,12,-1,13,15,14,-1]
coord Coordinate { point [-0.161417 1.8307 0.019685,-0.161417 1.8307 0.120078,-0.178938 1.82873 0.019685,-0.178938 1.82873 0.120078,-0.195581 1.82291 0.019685,-0.195581 1.82291 0.120078,-0.210511 1.81353 0.019685,-0.210511 1.81353 0.120078,-0.222978 1.80106 0.019685,-0.222978 1.80106 0.120078,-0.232359 1.78613 0.019685,-0.232359 1.78613 0.120078,-0.238183 1.76949 0.019685,-0.238183 1.76949 0.120078,-0.240157 1.75196 0.019685,-0.240157 1.75196 0.120078]
}}
appearance Appearance{material Material{diffuseColor 0.411765 0.411765 0.411765
transparency 0}}}
Shape { geometry IndexedFaceSet 
{ creaseAngle 0.50 coordIndex [0,1,2,-1,1,3,2,-1]
coord Coordinate { point [-2.67716 1.77165 0.303149,-2.79527 1.77165 0.244094,-2.67716 1.77165 0.185039,-2.79527 1.77165 0.185039]
}}
appearance Appearance{material Material{diffuseColor 0.411765 0.411765 0.411765
transparency 0}}}
Shape { geometry IndexedFaceSet 
{ creaseAngle 0.50 coordIndex [0,1,2,-1,3,0,2,-1]
coord Coordinate { point [0.797243 3.05117 0.35433,1.39764 3.05117 0.35433,1.39764 3.05117 0.019685,0.797243 3.05117 0.019685]
}}
appearance Appearance{material Material{diffuseColor 0.411765 0.411765 0.411765
transparency 0}}}
Shape { geometry IndexedFaceSet 
{ creaseAngle 0.50 coordIndex [0,1,2,-1,3,0,2,-1]
coord Coordinate { point [-0.885825 -0.55118 0.151574,-1.04331 -0.55118 0.151574,-1.04331 -0.3937 0.151574,-0.885825 -0.3937 0.151574]
}}
appearance Appearance{material Material{diffuseColor 0.411765 0.411765 0.411765
transparency 0}}}
Shape { geometry IndexedFaceSet 
{ creaseAngle 0.50 coordIndex [0,1,2,-1,0,2,3,-1]
coord Coordinate { point [-1.53937 1.75196 0.019685,-1.53937 1.75196 0.120078,-1.53937 -0.137795 0.120078,-1.53937 -0.137795 0.019685]
}}
appearance Appearance{material Material{diffuseColor 0.411765 0.411765 0.411765
transparency 0}}}
Shape { geometry IndexedFaceSet 
{ creaseAngle 0.50 coordIndex [0,1,2,-1,3,4,5,-1,3,2,4,-1,3,0,2,-1,6,7,8,-1,6,9,7,-1,6,5,9,-1,6,3,5,-1,10,11,12,-1,10,8,11,-1,10,6,8,-1,13,14,15,-1,13,12,14,-1,13,10,12,-1,16,15,17,-1,16,13,15,-1,18,17,19,-1,18,16,17,-1,20,19,21,-1,20,18,19,-1]
coord Coordinate { point [-2.23813 0.91799 0.393739,-2.23592 0.857113 0.379074,-2.23117 0.85717 0.378836,-2.23043 0.91835 0.39302,-2.2289 0.857242 0.37854,-2.22666 0.857342 0.378124,-2.22303 0.919049 0.390849,-2.21957 0.857892 0.375839,-2.21501 0.858472 0.373434,-2.22241 0.857626 0.376944,-2.21492 0.920284 0.386481,-2.21248 0.858887 0.371709,-2.20776 0.859884 0.36757,-2.20811 0.921891 0.380372,-2.20558 0.860462 0.365171,-2.20362 0.861057 0.3627,-2.20301 0.923778 0.372845,-2.20041 0.862301 0.357537,-2.19983 0.925826 0.36436,-2.19734 0.864299 0.349245,-2.19876 0.927917 0.355375,-2.19636 0.866457 0.340294]
}}
appearance Appearance{material Material{diffuseColor 1 0.807843 0.498039
transparency 0}}}
Shape { geometry IndexedFaceSet 
{ creaseAngle 0.50 coordIndex [0,1,2,-1,3,2,4,-1,3,0,2,-1,5,4,6,-1,5,3,4,-1,7,6,8,-1,7,5,6,-1,9,8,10,-1,9,7,8,-1,11,10,12,-1,11,9,10,-1,13,12,14,-1,13,11,12,-1,15,13,14,-1]
coord Coordinate { point [-1.86644 0.857113 0.379074,-1.86422 0.917989 0.393739,-1.87191 0.918255 0.393001,-1.87416 0.857393 0.378333,-1.87929 0.918868 0.390822,-1.88158 0.858012 0.376135,-1.88738 0.920025 0.38646,-1.88969 0.859153 0.371729,-1.89418 0.921597 0.380373,-1.89651 0.860667 0.365576,-1.89929 0.923506 0.372888,-1.90161 0.862461 0.358004,-1.9025 0.925642 0.364458,-1.90478 0.864416 0.349473,-1.90359 0.927896 0.355543,-1.906 0.866418 0.340446]
}}
appearance Appearance{material Material{diffuseColor 1 0.807843 0.498039
transparency 0}}}
Shape { geometry IndexedFaceSet 
{ creaseAngle 0.50 coordIndex [0,1,2,-1,1,3,2,-1]
coord Coordinate { point [-1.69685 -0.137795 0.120078,-1.69685 1.75196 0.120078,-1.69685 -0.137795 0.019685,-1.69685 1.75196 0.019685]
}}
appearance Appearance{material Material{diffuseColor 0.411765 0.411765 0.411765
transparency 0}}}
Shape { geometry IndexedFaceSet 
{ creaseAngle 0.50 coordIndex [0,1,2,-1,3,2,4,-1,3,0,2,-1,5,4,6,-1,5,3,4,-1,7,6,8,-1,7,5,6,-1,9,8,10,-1,9,7,8,-1,11,10,12,-1,11,9,10,-1,13,11,12,-1,14,12,15,-1,14,13,12,-1]
coord Coordinate { point [2.42125 0.436455 0.531091,2.42125 0.3937 0.571828,2.43988 0.392158 0.57021,2.43988 0.434914 0.529473,2.45745 0.387621 0.565448,2.45745 0.430376 0.524711,2.47297 0.380345 0.557812,2.47297 0.423101 0.517075,2.48554 0.370745 0.547735,2.48554 0.4135 0.506999,2.49447 0.359364 0.535791,2.49447 0.402119 0.495054,2.49925 0.346849 0.522655,2.49925 0.389604 0.481919,2.5 0.38187 0.474341,2.5 0.338952 0.515233]
}}
appearance Appearance{material Material{diffuseColor 1 1 1
transparency 0}}}
Shape { geometry IndexedFaceSet 
{ creaseAngle 0.50 coordIndex [0,1,2,-1,3,0,2,-1]
coord Coordinate { point [-1.47638 -0.55118 0.263779,-1.3189 -0.55118 0.263779,-1.3189 -0.55118 0.210629,-1.47638 -0.55118 0.210629]
}}
appearance Appearance{material Material{diffuseColor 0.792157 0.819608 0.933333
transparency 0}}}
Shape { geometry IndexedFaceSet 
{ creaseAngle 0.50 coordIndex [0,1,2,-1,0,3,1,-1]
coord Coordinate { point [-2.18897 -1.39764 0.07874,-2.34645 -1.08255 0.07874,-2.34645 -1.39764 0.07874,-2.18897 -1.08255 0.07874]
}}
appearance Appearance{material Material{diffuseColor 1 0.807843 0.498039
transparency 0}}}
Shape { geometry IndexedFaceSet 
{ creaseAngle 0.50 coordIndex [0,1,2,-1,0,2,3,-1]
coord Coordinate { point [1.33858 2.02755 0.019685,1.33858 2.02755 0.11811,1.77165 2.02755 0.11811,1.77165 2.02755 0.019685]
}}
appearance Appearance{material Material{diffuseColor 0.411765 0.411765 0.411765
transparency 0}}}
Shape { geometry IndexedFaceSet 
{ creaseAngle 0.50 coordIndex [0,1,2,-1,1,3,2,-1,3,4,2,-1,5,6,7,-1,8,9,6,-1,6,9,7,-1,10,11,9,-1,9,12,7,-1,11,12,9,-1,7,13,4,-1,4,13,2,-1,12,13,7,-1,12,14,13,-1]
coord Coordinate { point [2.41424 -1.96019 0.688975,2.42086 -1.96436 0.688975,2.40869 -1.95493 0.688975,2.42952 -1.96748 0.688975,2.43845 -1.9685 0.688975,2.50876 -1.96751 0.688975,2.51708 -1.9646 0.688975,2.5 -1.9685 0.688975,2.52454 -1.95991 0.688975,2.53078 -1.95368 0.688975,2.53547 -1.94621 0.688975,2.53838 -1.93789 0.688975,2.53937 -1.92913 0.688975,2.47047 -1.85039 0.688975,2.53937 -1.85039 0.688975]
}}
appearance Appearance{material Material{diffuseColor 0.411765 0.411765 0.411765
transparency 0}}}
Shape { geometry IndexedFaceSet 
{ creaseAngle 0.50 coordIndex [0,1,2,-1,0,3,1,-1,4,2,5,-1,4,0,2,-1,6,5,7,-1,6,4,5,-1,8,7,9,-1,8,6,7,-1,10,9,11,-1,10,8,9,-1,12,11,13,-1,12,10,11,-1,14,13,15,-1,14,12,13,-1]
coord Coordinate { point [-1.36437 1.52113 0.519709,-1.37204 1.4452 0.551701,-1.36328 1.44482 0.550788,-1.37204 1.52142 0.520428,-1.35699 1.52027 0.517622,-1.35496 1.44372 0.548094,-1.34891 1.51856 0.513458,-1.3475 1.44194 0.543755,-1.34211 1.51618 0.507658,-1.34126 1.43957 0.537987,-1.337 1.51326 0.500527,-1.33657 1.43674 0.531081,-1.33379 1.50996 0.492498,-1.33366 1.43358 0.523382,-1.33267 1.50648 0.484004,-1.33267 1.43025 0.515277]
}}
appearance Appearance{material Material{diffuseColor 1 0.807843 0.498039
transparency 0}}}
Shape { geometry IndexedFaceSet 
{ creaseAngle 0.50 coordIndex [0,1,2,-1,1,3,2,-1,2,4,5,-1,3,4,2,-1,5,6,7,-1,4,6,5,-1,7,8,9,-1,6,8,7,-1,9,10,11,-1,8,10,9,-1,11,12,13,-1,10,12,11,-1,13,14,15,-1,12,14,13,-1]
coord Coordinate { point [-2.7559 -0.137795 0.165354,-2.69685 -0.137795 0.165354,-2.7559 -0.124654 0.166835,-2.69684 -0.124654 0.166835,-2.69684 -0.112172 0.171202,-2.7559 -0.112172 0.171202,-2.69684 -0.100975 0.178238,-2.7559 -0.100975 0.178238,-2.69684 -0.0916239 0.187589,-2.7559 -0.0916239 0.187589,-2.69684 -0.0845883 0.198786,-2.7559 -0.0845883 0.198786,-2.69684 -0.0802206 0.211268,-2.7559 -0.0802206 0.211268,-2.69685 -0.07874 0.224409,-2.7559 -0.07874 0.224409]
}}
appearance Appearance{material Material{diffuseColor 1 1 1
transparency 0}}}
Shape { geometry IndexedFaceSet 
{ creaseAngle 0.50 coordIndex [0,1,2,-1,3,2,4,-1,3,0,2,-1,5,4,6,-1,5,3,4,-1,7,6,8,-1,7,5,6,-1,9,8,10,-1,9,7,8,-1,11,10,12,-1,11,9,10,-1,13,12,14,-1,13,14,15,-1,13,11,12,-1,16,15,17,-1,16,13,15,-1]
coord Coordinate { point [1.90944 0.38187 0.474341,1.90944 0.338952 0.515233,1.91019 0.346849 0.522655,1.91019 0.389604 0.481919,1.91435 0.358247 0.534618,1.91497 0.402119 0.495054,1.92196 0.368762 0.545654,1.9239 0.4135 0.506999,1.93267 0.377901 0.555246,1.93647 0.423101 0.517075,1.94598 0.385237 0.562946,1.95199 0.430376 0.524711,1.96126 0.390427 0.568393,1.96956 0.434914 0.529473,1.97302 0.392681 0.570758,1.98057 0.393444 0.571559,1.98819 0.436455 0.531091,1.98819 0.3937 0.571828]
}}
appearance Appearance{material Material{diffuseColor 1 1 1
transparency 0}}}
Shape { geometry IndexedFaceSet 
{ creaseAngle 0.50 coordIndex [0,1,2,-1,3,1,0,-1]
coord Coordinate { point [-2.73622 -1.39764 0.578739,-2.71653 -2.26378 0.578739,-2.73622 -2.26378 0.578739,-2.71653 -1.39764 0.578739]
}}
appearance Appearance{material Material{diffuseColor 1 1 1
transparency 0}}}
Shape { geometry IndexedFaceSet 
{ creaseAngle 0.50 coordIndex [0,1,2,-1,2,1,3,-1]
coord Coordinate { point [-2.7559 -0.07874 0.322834,-2.7559 -0.07874 0.224409,-2.69685 -0.07874 0.322834,-2.69685 -0.07874 0.224409]
}}
appearance Appearance{material Material{diffuseColor 1 1 1
transparency 0}}}
Shape { geometry IndexedFaceSet 
{ creaseAngle 0.50 coordIndex [0,1,2,-1,0,2,3,-1]
coord Coordinate { point [-1.49996 0.0393699 0.151574,-1.49661 0.13157 0.162523,-1.30654 0.13157 0.162523,-1.30318 0.03937 0.151574]
}}
appearance Appearance{material Material{diffuseColor 1 0.807843 0.498039
transparency 0}}}
Shape { geometry IndexedFaceSet 
{ creaseAngle 0.50 coordIndex [0,1,2,-1,2,1,3,-1,0,4,1,-1,0,5,4,-1,0,6,5,-1,0,7,6,-1]
coord Coordinate { point [1.98819 -2.71653 0.688975,1.92913 -2.63779 0.688975,1.83071 -2.71653 0.688975,1.83071 -2.63779 0.688975,1.9457 -2.63955 0.688975,1.96153 -2.64476 0.688975,1.9759 -2.65319 0.688975,1.98819 -2.66445 0.688975]
}}
appearance Appearance{material Material{diffuseColor 0.411765 0.411765 0.411765
transparency 0}}}
Shape { geometry IndexedFaceSet 
{ creaseAngle 0.50 coordIndex [0,1,2,-1,3,1,0,-1]
coord Coordinate { point [-2.73622 -2.26378 0.374015,-2.71653 -1.39764 0.374015,-2.73622 -1.39764 0.374015,-2.71653 -2.26378 0.374015]
}}
appearance Appearance{material Material{diffuseColor 1 1 1
transparency 0}}}
Shape { geometry IndexedFaceSet 
{ creaseAngle 0.50 coordIndex [0,1,2,-1,3,0,2,-1]
coord Coordinate { point [-1.06357 0.21031 0.162523,-0.873462 0.21031 0.162523,-0.870108 0.11811 0.151574,-1.06693 0.11811 0.151574]
}}
appearance Appearance{material Material{diffuseColor 1 0.807843 0.498039
transparency 0}}}
Shape { geometry IndexedFaceSet 
{ creaseAngle 0.50 coordIndex [0,1,2,-1,2,1,3,-1,3,4,5,-1,1,4,3,-1,5,6,7,-1,4,6,5,-1,7,8,9,-1,6,8,7,-1,9,10,11,-1,8,10,9,-1,11,12,13,-1,13,12,14,-1,10,12,11,-1,14,15,16,-1,12,15,14,-1]
coord Coordinate { point [-0.181102 -0.984214 0.113892,-0.181102 -0.982915 0.122369,-0.023622 -0.984214 0.113892,-0.023622 -0.98258 0.123539,-0.181102 -0.979812 0.130365,-0.023622 -0.97905 0.13176,-0.181102 -0.97505 0.137498,-0.023622 -0.974222 0.138454,-0.181102 -0.968857 0.143431,-0.023622 -0.96797 0.144095,-0.181102 -0.961526 0.147882,-0.023622 -0.960876 0.14818,-0.181102 -0.953405 0.15064,-0.023622 -0.95325 0.150673,-0.023622 -0.94908 0.151348,-0.181102 -0.94488 0.151574,-0.023622 -0.94488 0.151574]
}}
appearance Appearance{material Material{diffuseColor 1 0.807843 0.498039
transparency 0}}}
Shape { geometry IndexedFaceSet 
{ creaseAngle 0.50 coordIndex [0,1,2,-1,0,2,3,-1,4,0,3,-1,5,1,0,-1]
coord Coordinate { point [-1.44685 2.87401 0.098425,-1.6437 2.87401 0.62992,-0.31496 2.87401 0.62992,-0.31496 2.87401 0.019685,-1.44685 2.87401 0.019685,-1.6437 2.87401 0.098425]
}}
appearance Appearance{material Material{diffuseColor 0.411765 0.411765 0.411765
transparency 0}}}
Shape { geometry IndexedFaceSet 
{ creaseAngle 0.50 coordIndex [0,1,2,-1,0,3,1,-1,4,2,5,-1,4,0,2,-1,6,5,7,-1,6,4,5,-1,8,7,9,-1,8,6,7,-1,10,9,11,-1,10,8,9,-1,12,11,13,-1,12,10,11,-1,14,13,15,-1,14,12,13,-1]
coord Coordinate { point [-1.43878 0.839515 0.393001,-1.4311 1.13463 0.464892,-1.43986 1.13486 0.463933,-1.4311 0.839249 0.393738,-1.44617 0.840128 0.390822,-1.44818 1.13554 0.461102,-1.45426 0.841285 0.38646,-1.45565 1.13664 0.456542,-1.46106 0.842857 0.380373,-1.46188 1.1381 0.450481,-1.46617 0.844766 0.372888,-1.46657 1.13985 0.443224,-1.46937 0.846902 0.364458,-1.46948 1.1418 0.435134,-1.47047 0.849156 0.355542,-1.47047 1.14385 0.426617]
}}
appearance Appearance{material Material{diffuseColor 1 0.807843 0.498039
transparency 0}}}
Shape { geometry IndexedFaceSet 
{ creaseAngle 0.50 coordIndex [0,1,2,-1,3,1,0,-1]
coord Coordinate { point [-1.47638 -0.3937 0.151574,-1.3189 -0.55118 0.151574,-1.47638 -0.55118 0.151574,-1.3189 -0.3937 0.151574]
}}
appearance Appearance{material Material{diffuseColor 0.411765 0.411765 0.411765
transparency 0}}}
Shape { geometry IndexedFaceSet 
{ creaseAngle 0.50 coordIndex [0,1,2,-1,0,2,3,-1]
coord Coordinate { point [0.842518 -1.08255 0.019685,0.842518 -1.39764 0.019685,0.685038 -1.39764 0.019685,0.685038 -1.08255 0.019685]
}}
appearance Appearance{material Material{diffuseColor 1 0.807843 0.498039
transparency 0}}}
Shape { geometry IndexedFaceSet 
{ creaseAngle 0.50 coordIndex [0,1,2,-1,0,3,1,-1,4,2,5,-1,4,0,2,-1,6,5,7,-1,6,4,5,-1,8,7,9,-1,8,6,7,-1,10,9,11,-1,10,8,9,-1,12,11,13,-1,12,10,11,-1,14,13,15,-1,14,12,13,-1]
coord Coordinate { point [-2.69684 -3.02952 0.218699,-2.7559 -3.03149 0.23622,-2.7559 -3.02952 0.218699,-2.69685 -3.03149 0.23622,-2.69684 -3.02369 0.202056,-2.7559 -3.02369 0.202056,-2.69684 -3.01431 0.187126,-2.7559 -3.01431 0.187126,-2.69684 -3.00184 0.174659,-2.7559 -3.00184 0.174659,-2.69684 -2.98691 0.165278,-2.7559 -2.98691 0.165278,-2.69684 -2.97027 0.159454,-2.7559 -2.97027 0.159454,-2.69685 -2.95275 0.15748,-2.7559 -2.95275 0.15748]
}}
appearance Appearance{material Material{diffuseColor 1 1 1
transparency 0}}}
Shape { geometry IndexedFaceSet 
{ creaseAngle 0.50 coordIndex [0,1,2,-1,0,2,3,-1,4,1,0,-1,5,4,0,-1,6,7,4,-1,6,4,5,-1,8,9,7,-1,8,7,6,-1]
coord Coordinate { point [-1.48365 0.493863 0.249796,-1.3195 0.493869 0.249798,-1.30654 0.13157 0.162523,-1.49661 0.13157 0.162523,-1.33036 0.792199 0.321662,-1.47281 0.792206 0.321663,-1.47047 0.849181 0.335387,-1.33267 0.849184 0.335388,-1.47047 1.14846 0.407479,-1.33267 1.14846 0.407479]
}}
appearance Appearance{material Material{diffuseColor 1 0.807843 0.498039
transparency 0}}}
Shape { geometry IndexedFaceSet 
{ creaseAngle 0.50 coordIndex [0,1,2,-1,3,2,4,-1,3,0,2,-1,5,4,6,-1,5,3,4,-1,7,6,8,-1,7,5,6,-1,9,8,10,-1,9,7,8,-1,11,10,12,-1,11,12,13,-1,14,9,10,-1,14,10,11,-1,15,14,11,-1,16,14,15,-1,17,16,15,-1]
coord Coordinate { point [-2.19876 1.22259 0.426617,-2.19876 1.26343 0.441985,-2.19975 1.25936 0.449742,-2.19975 1.22054 0.435134,-2.20266 1.2555 0.45711,-2.20266 1.21859 0.443224,-2.20735 1.25203 0.46372,-2.20735 1.21684 0.450481,-2.21358 1.24913 0.469239,-2.21358 1.21538 0.456542,-2.22105 1.24695 0.473392,-2.23813 1.23489 0.471992,-2.22937 1.2456 0.475971,-2.23813 1.24514 0.476845,-2.22105 1.21428 0.461102,-2.23813 1.22428 0.467999,-2.22937 1.2136 0.463933,-2.23813 1.21337 0.464892]
}}
appearance Appearance{material Material{diffuseColor 1 0.807843 0.498039
transparency 0}}}
Shape { geometry IndexedFaceSet 
{ creaseAngle 0.50 coordIndex [0,1,2,-1,3,1,0,-1]
coord Coordinate { point [2.79527 -0.413385 0.279527,2.67716 -0.413385 0.216535,2.79527 -0.413385 0.216535,2.67716 -0.413385 0.413385]
}}
appearance Appearance{material Material{diffuseColor 0.411765 0.411765 0.411765
transparency 0}}}
Shape { geometry IndexedFaceSet 
{ creaseAngle 0.50 coordIndex [0,1,2,-1,3,1,0,-1]
coord Coordinate { point [-0.889762 -1.41732 0.059055,-1.04724 -1.39764 0.07874,-1.04724 -1.41732 0.059055,-0.889762 -1.39764 0.07874]
}}
appearance Appearance{material Material{diffuseColor 1 0.807843 0.498039
transparency 0}}}
Shape { geometry IndexedFaceSet 
{ creaseAngle 0.50 coordIndex [0,1,2,-1,0,3,1,-1]
coord Coordinate { point [-1.47638 -0.3937 0.210629,-1.47638 -0.55118 0.263779,-1.47638 -0.55118 0.210629,-1.47638 -0.3937 0.263779]
}}
appearance Appearance{material Material{diffuseColor 0.411765 0.411765 0.411765
transparency 0}}}
Shape { geometry IndexedFaceSet 
{ creaseAngle 0.50 coordIndex [0,1,2,-1,3,1,0,-1,4,1,3,-1,5,6,7,-1,8,6,5,-1,9,6,8,-1,10,6,9,-1,11,6,10,-1,12,6,11,-1,13,14,15,-1,16,14,13,-1,17,14,16,-1,18,14,17,-1,19,14,18,-1,20,14,19,-1,6,14,20,-1,12,14,6,-1,12,21,14,-1,22,23,21,-1,24,23,22,-1,25,23,24,-1,26,23,25,-1,27,23,26,-1,28,23,27,-1,21,3,14,-1,23,3,21,-1,23,29,3,-1,29,4,3,-1,30,1,4,-1,2,1,31,-1]
coord Coordinate { point [-2.00688 2.62938 0.581046,-1.99305 2.6513 0.578939,-2.00397 2.63766 0.58025,-2.00787 2.62066 0.581885,-1.97726 2.65887 0.578211,-1.91205 2.33157 0.609681,-1.92913 2.32768 0.610054,-1.92037 2.32867 0.60996,-1.90458 2.33623 0.609232,-1.89835 2.34244 0.608636,-1.89366 2.34987 0.607921,-1.89075 2.35815 0.607125,-1.88976 2.36687 0.606286,-2.00397 2.34987 0.607921,-2.00787 2.36687 0.606286,-2.00688 2.35815 0.607125,-1.99928 2.34244 0.608636,-1.99305 2.33623 0.609232,-1.98558 2.33157 0.609681,-1.97726 2.32867 0.60996,-1.9685 2.32768 0.610054,-1.88976 2.62066 0.581885,-1.89075 2.62938 0.581046,-1.92913 2.65985 0.578117,-1.89366 2.63766 0.58025,-1.89835 2.64509 0.579536,-1.90458 2.6513 0.578939,-1.91205 2.65597 0.57849,-1.92037 2.65887 0.578211,-1.9685 2.65985 0.578117,-1.98558 2.65597 0.57849,-1.99928 2.64509 0.579536]
}}
appearance Appearance{material Material{diffuseColor 1 1 1
transparency 0}}}
Shape { geometry IndexedFaceSet 
{ creaseAngle 0.50 coordIndex [0,1,2,-1,0,2,3,-1,0,3,4,-1,0,4,5,-1,0,5,6,-1,0,6,7,-1,8,1,0,-1,9,8,0,-1,10,9,0,-1,11,10,0,-1,12,11,0,-1,0,13,12,-1,14,0,7,-1]
coord Coordinate { point [-1.3301 0.778373 0.379074,-1.34639 0.780147 0.371709,-1.34891 0.779732 0.373434,-1.35348 0.779152 0.375839,-1.35631 0.778886 0.376944,-1.36057 0.778602 0.378124,-1.36281 0.778502 0.37854,-1.36508 0.77843 0.378836,-1.34167 0.781144 0.36757,-1.33949 0.781722 0.365171,-1.33753 0.782317 0.3627,-1.33432 0.783561 0.357537,-1.33125 0.785559 0.349244,-1.33026 0.787717 0.340294,-1.36983 0.778373 0.379074]
}}
appearance Appearance{material Material{diffuseColor 0.792157 0.819608 0.933333
transparency 0}}}
Shape { geometry IndexedFaceSet 
{ creaseAngle 0.50 coordIndex [0,1,2,-1,0,3,1,-1,4,5,6,-1,4,6,7,-1,8,9,5,-1,8,5,4,-1,8,7,3,-1,8,4,7,-1,10,11,12,-1,10,13,11,-1,14,15,16,-1,14,17,15,-1,18,10,12,-1,19,0,2,-1,19,2,17,-1,20,3,0,-1,20,9,8,-1,20,8,3,-1,21,18,12,-1,22,16,13,-1,22,14,16,-1,23,19,17,-1,24,25,26,-1,23,17,14,-1,27,28,9,-1,27,0,19,-1,27,9,20,-1,27,20,0,-1,29,12,25,-1,29,30,31,-1,32,24,26,-1,29,21,12,-1,33,22,13,-1,33,13,10,-1,34,33,10,-1,34,10,18,-1,35,32,26,-1,36,14,22,-1,36,23,14,-1,37,19,23,-1,37,27,19,-1,38,6,39,-1,37,28,27,-1,40,30,29,-1,40,29,25,-1,41,29,31,-1,41,21,29,-1,42,38,39,-1,41,43,34,-1,41,34,18,-1,41,31,43,-1,41,18,21,-1,44,24,30,-1,45,39,46,-1,44,40,25,-1,44,30,40,-1,44,25,24,-1,45,42,39,-1,47,36,22,-1,47,22,33,-1,48,33,34,-1,48,34,43,-1,48,43,50,-1,49,6,38,-1,48,47,33,-1,51,52,28,-1,51,28,37,-1,51,23,36,-1,15,45,46,-1,51,37,23,-1,53,50,52,-1,53,36,47,-1,53,48,50,-1,53,47,48,-1,1,38,42,-1,53,51,36,-1,1,49,38,-1,53,52,51,-1,7,6,49,-1,2,1,42,-1,2,42,45,-1,16,46,11,-1,16,15,46,-1,3,7,49,-1,3,49,1,-1,13,16,11,-1,17,2,45,-1,17,45,15,-1]
coord Coordinate { point [0.826801 1.60598 0.483153,0.824449 1.60923 0.481445,0.825312 1.60821 0.484671,0.825525 1.60762 0.480349,0.824936 1.60764 0.476919,0.825164 1.60668 0.475197,0.821197 1.61097 0.473438,0.824352 1.60879 0.478179,0.826365 1.60597 0.478534,0.82842 1.60179 0.477207,0.818576 1.60845 0.50335,0.815124 1.61467 0.498453,0.810716 1.61296 0.505893,0.820002 1.60978 0.499389,0.826371 1.60458 0.493235,0.821835 1.6115 0.490939,0.82117 1.61088 0.494876,0.826143 1.60629 0.489581,0.818182 1.60808 0.504277,0.828239 1.60315 0.487443,0.827965 1.60369 0.480641,0.816833 1.60683 0.507067,0.826192 1.60229 0.497437,0.828903 1.60078 0.490654,0.80841 1.59901 0.517622,0.805437 1.60986 0.512236,0.799553 1.60552 0.517163,0.829878 1.59992 0.483905,0.831656 1.59366 0.480541,0.814924 1.60505 0.5103,0.816493 1.5973 0.513458,0.823291 1.59492 0.507658,0.801032 1.59987 0.519709,0.825596 1.59996 0.501136,0.82539 1.59936 0.502004,0.793358 1.60016 0.520428,0.829205 1.59777 0.494365,0.830882 1.59689 0.48638,0.822072 1.61176 0.479424,0.820499 1.61365 0.481808,0.812487 1.60279 0.513589,0.824595 1.59744 0.50462,0.82224 1.61191 0.482142,0.828405 1.592 0.500527,0.812047 1.60238 0.514106,0.822254 1.61191 0.485636,0.81844 1.61491 0.490288,0.829013 1.59483 0.497652,0.828899 1.5941 0.498426,0.823606 1.60991 0.478941,0.831615 1.5887 0.492498,0.83156 1.59314 0.48928,0.832728 1.58522 0.484004,0.831684 1.58958 0.491885]
}}
appearance Appearance{material Material{diffuseColor 1 0.807843 0.498039
transparency 0}}}
Shape { geometry IndexedFaceSet 
{ creaseAngle 0.50 coordIndex [0,1,2,-1,0,3,1,-1]
coord Coordinate { point [0.409448 -1.24016 0.07874,0.251968 -1.08255 0.07874,0.251968 -1.24016 0.07874,0.409448 -1.08255 0.07874]
}}
appearance Appearance{material Material{diffuseColor 1 0.807843 0.498039
transparency 0}}}
Shape { geometry IndexedFaceSet 
{ creaseAngle 0.50 coordIndex [0,1,2,-1,3,4,5,-1,5,4,1,-1,2,4,6,-1,6,4,7,-1,1,4,2,-1,3,8,4,-1,8,9,4,-1,8,10,9,-1,11,12,10,-1,10,12,9,-1]
coord Coordinate { point [0.501849 2.65748 0.52219,0.486919 2.65748 0.531571,0.514316 2.65748 0.509723,0.452755 2.65747 0.539369,0.531495 2.65747 0.460629,0.470276 2.65748 0.537395,0.523697 2.65748 0.494793,0.529521 2.65748 0.47815,0.436995 2.65746 0.539078,0.531495 2.65747 0.263779,0.153555 2.65747 0.539073,-0.0098425 2.65748 0.539369,-0.0098425 2.65747 0.263779]
}}
appearance Appearance{material Material{diffuseColor 1 1 1
transparency 0}}}
Shape { geometry IndexedFaceSet 
{ creaseAngle 0.50 coordIndex [0,1,2,-1,3,2,4,-1,3,0,2,-1,5,4,6,-1,5,3,4,-1,7,6,8,-1,7,5,6,-1,9,8,10,-1,9,7,8,-1,11,10,12,-1,11,9,10,-1,13,12,14,-1,13,11,12,-1,15,13,14,-1]
coord Coordinate { point [-0.938922 1.37436 0.544665,-0.938922 1.24514 0.476845,-0.930161 1.2456 0.475971,-0.930161 1.37481 0.543791,-0.92184 1.24695 0.473392,-0.92184 1.37617 0.541213,-0.914375 1.24913 0.469239,-0.914375 1.37835 0.53706,-0.908141 1.25203 0.46372,-0.908141 1.38124 0.53154,-0.903451 1.2555 0.45711,-0.90345 1.38471 0.52493,-0.900539 1.25936 0.449742,-0.900539 1.38858 0.517562,-0.899552 1.26343 0.441985,-0.899552 1.39265 0.509805]
}}
appearance Appearance{material Material{diffuseColor 1 0.807843 0.498039
transparency 0}}}
Shape { geometry IndexedFaceSet 
{ creaseAngle 0.50 coordIndex [0,1,2,-1,1,3,2,-1,2,4,5,-1,3,4,2,-1,5,6,7,-1,4,6,5,-1,7,8,9,-1,6,8,7,-1,9,10,11,-1,8,10,9,-1,11,12,13,-1,10,12,11,-1,13,14,15,-1,12,14,13,-1]
coord Coordinate { point [1.33858 2.73621 0.019685,1.33858 2.73621 0.11811,1.32106 2.73424 0.019685,1.32106 2.73424 0.11811,1.30442 2.72842 0.11811,1.30442 2.72842 0.019685,1.28949 2.71904 0.11811,1.28949 2.71904 0.019685,1.27702 2.70657 0.11811,1.27702 2.70657 0.019685,1.26764 2.69164 0.11811,1.26764 2.69164 0.019685,1.26181 2.675 0.11811,1.26181 2.675 0.019685,1.25984 2.65747 0.11811,1.25984 2.65747 0.019685]
}}
appearance Appearance{material Material{diffuseColor 0.411765 0.411765 0.411765
transparency 0}}}
Shape { geometry IndexedFaceSet 
{ creaseAngle 0.50 coordIndex [0,1,2,-1,3,0,2,-1]
coord Coordinate { point [-1.88976 2.61689 0.542696,-1.88976 2.36311 0.567097,-1.88976 2.36122 0.547502,-1.88976 2.61501 0.523101]
}}
appearance Appearance{material Material{diffuseColor 1 1 1
transparency 0}}}
Shape { geometry IndexedFaceSet 
{ creaseAngle 0.50 coordIndex [0,1,2,-1,1,3,2,-1,2,4,5,-1,3,4,2,-1,5,6,7,-1,4,6,5,-1,7,8,9,-1,6,8,7,-1,9,10,11,-1,8,10,9,-1,11,12,13,-1,10,12,11,-1,13,14,15,-1,12,14,13,-1,15,16,17,-1,14,16,15,-1,17,18,19,-1,16,18,17,-1,19,20,21,-1,18,20,19,-1,21,22,23,-1,20,22,21,-1,23,24,25,-1,22,24,23,-1,25,26,27,-1,24,26,25,-1]
coord Coordinate { point [-0.334645 2.80511 0.74803,-0.334645 2.80511 0.688975,-0.336075 2.79334 0.74803,-0.336075 2.79334 0.688975,-0.340282 2.78224 0.688975,-0.340282 2.78224 0.74803,-0.347021 2.77248 0.688975,-0.347021 2.77248 0.74803,-0.355902 2.76461 0.688975,-0.355902 2.76461 0.74803,-0.366407 2.7591 0.688975,-0.366407 2.7591 0.74803,-0.377926 2.75626 0.688975,-0.377926 2.75626 0.74803,-0.389789 2.75626 0.688975,-0.389789 2.75626 0.74803,-0.401308 2.7591 0.688975,-0.401308 2.7591 0.74803,-0.411813 2.76461 0.688975,-0.411813 2.76461 0.74803,-0.420694 2.77248 0.688975,-0.420694 2.77248 0.74803,-0.427433 2.78224 0.688975,-0.427433 2.78224 0.74803,-0.43164 2.79334 0.688975,-0.43164 2.79334 0.74803,-0.43307 2.80511 0.688975,-0.43307 2.80511 0.74803]
}}
appearance Appearance{material Material{diffuseColor 1 1 1
transparency 0}}}
Shape { geometry IndexedFaceSet 
{ creaseAngle 0.50 coordIndex [0,1,2,-1,0,3,1,-1,4,0,2,-1]
coord Coordinate { point [0.402063 1.0239 0.340446,0.413094 0.716262 0.30721,0.412829 0.730083 0.249796,0.402236 1.01459 0.379074,0.401967 1.02842 0.321662]
}}
appearance Appearance{material Material{diffuseColor 1 0.807843 0.498039
transparency 0}}}
Shape { geometry IndexedFaceSet 
{ creaseAngle 0.50 coordIndex [0,1,2,-1,3,1,0,-1]
coord Coordinate { point [-0.177165 -0.3937 0.151574,-0.019685 -0.55118 0.151574,-0.177165 -0.55118 0.151574,-0.019685 -0.3937 0.151574]
}}
appearance Appearance{material Material{diffuseColor 0.411765 0.411765 0.411765
transparency 0}}}
Shape { geometry IndexedFaceSet 
{ creaseAngle 0.50 coordIndex [0,1,2,-1,0,2,3,-1]
coord Coordinate { point [-0.00396751 0.11811 0.151574,-0.00397025 0.11811 0.210629,-0.00394624 -0.137795 0.210629,-0.00394624 -0.137795 0.151574]
}}
appearance Appearance{material Material{diffuseColor 1 0.807843 0.498039
transparency 0}}}
Shape { geometry IndexedFaceSet 
{ creaseAngle 0.50 coordIndex [0,1,2,-1,0,2,3,-1]
coord Coordinate { point [-1.90945 -0.55118 0.019685,-1.90945 -0.55118 0.151574,-1.75197 -0.55118 0.151574,-1.75197 -0.55118 0.019685]
}}
appearance Appearance{material Material{diffuseColor 0.411765 0.411765 0.411765
transparency 0}}}
Shape { geometry IndexedFaceSet 
{ creaseAngle 0.50 coordIndex [0,1,2,-1,3,1,0,-1]
coord Coordinate { point [0.261758 1.0854 0.335387,0.259368 1.0239 0.340447,0.261757 1.08538 0.355543,0.25943 1.02843 0.321663]
}}
appearance Appearance{material Material{diffuseColor 1 0.807843 0.498039
transparency 0}}}
Shape { geometry IndexedFaceSet 
{ creaseAngle 0.50 coordIndex [0,1,2,-1,1,3,2,-1,2,4,5,-1,3,4,2,-1,5,6,7,-1,4,6,5,-1,7,8,9,-1,6,8,7,-1,9,10,11,-1,8,10,9,-1,11,12,13,-1,10,12,11,-1,13,14,15,-1,12,14,13,-1]
coord Coordinate { point [2.40157 2.7559 0.74803,2.40157 2.7559 0.688975,2.38843 2.75738 0.74803,2.38843 2.75738 0.688975,2.37595 2.76175 0.688975,2.37595 2.76175 0.74803,2.36475 2.76878 0.688975,2.36475 2.76878 0.74803,2.3554 2.77813 0.688975,2.3554 2.77813 0.74803,2.34836 2.78933 0.688975,2.34836 2.78933 0.74803,2.344 2.80181 0.688975,2.344 2.80181 0.74803,2.34252 2.81495 0.688975,2.34252 2.81495 0.74803]
}}
appearance Appearance{material Material{diffuseColor 1 1 1
transparency 0}}}
Shape { geometry IndexedFaceSet 
{ creaseAngle 0.50 coordIndex [0,1,2,-1,1,3,2,-1]
coord Coordinate { point [0.413385 -0.3937 0.151574,0.255905 -0.3937 0.151574,0.413385 -0.3937 0.019685,0.255905 -0.3937 0.019685]
}}
appearance Appearance{material Material{diffuseColor 0.411765 0.411765 0.411765
transparency 0}}}
Shape { geometry IndexedFaceSet 
{ creaseAngle 0.50 coordIndex [0,1,2,-1,3,1,0,-1]
coord Coordinate { point [2.6181 -0.11811 0.688975,2.63779 -2.35826 0.688975,2.6181 -2.35826 0.688975,2.63779 -0.098425 0.688975]
}}
appearance Appearance{material Material{diffuseColor 0.792157 0.819608 0.933333
transparency 0}}}
Shape { geometry IndexedFaceSet 
{ creaseAngle 0.50 coordIndex [0,1,2,-1,2,1,3,-1,3,4,5,-1,1,4,3,-1,5,6,7,-1,4,6,5,-1,7,8,9,-1,6,8,7,-1,9,10,11,-1,8,10,9,-1,11,12,13,-1,10,12,11,-1,13,14,15,-1,12,14,13,-1]
coord Coordinate { point [-1.26378 1.75196 0.120078,-1.26575 1.76949 0.120078,-1.26378 1.75196 0.019685,-1.26575 1.76949 0.019685,-1.27157 1.78613 0.120078,-1.27157 1.78613 0.019685,-1.28096 1.80106 0.120078,-1.28096 1.80106 0.019685,-1.29342 1.81353 0.120078,-1.29342 1.81353 0.019685,-1.30835 1.82291 0.120078,-1.30835 1.82291 0.019685,-1.325 1.82873 0.120078,-1.325 1.82873 0.019685,-1.34252 1.8307 0.120078,-1.34252 1.8307 0.019685]
}}
appearance Appearance{material Material{diffuseColor 0.411765 0.411765 0.411765
transparency 0}}}
Shape { geometry IndexedFaceSet 
{ creaseAngle 0.50 coordIndex [0,1,2,-1,0,2,3,-1,4,5,0,-1,4,3,6,-1,4,0,3,-1,7,4,6,-1,8,6,9,-1,8,9,10,-1,8,7,6,-1,11,7,8,-1,12,13,11,-1,12,11,8,-1,14,12,15,-1,14,16,17,-1,14,17,13,-1,14,13,12,-1]
coord Coordinate { point [-0.0473185 1.60553 0.454395,-0.0407944 1.59899 0.457078,-0.0362983 1.59144 0.460174,-0.034135 1.58469 0.462945,-0.0638024 1.61321 0.451244,-0.0551754 1.61032 0.452426,-0.0334117 1.57775 0.465792,-0.0727817 1.61417 0.450849,-0.171312 1.57775 0.465792,-0.0334117 1.50152 0.497066,-0.171312 1.50152 0.497066,-0.131942 1.61417 0.450849,-0.170271 1.58605 0.462384,-0.139443 1.6135 0.451123,-0.16197 1.6013 0.456127,-0.167156 1.59404 0.45911,-0.1549 1.60734 0.453651,-0.146743 1.6115 0.451944]
}}
appearance Appearance{material Material{diffuseColor 1 0.807843 0.498039
transparency 0}}}
Shape { geometry IndexedFaceSet 
{ creaseAngle 0.50 coordIndex [0,1,2,-1,0,3,1,-1,4,2,5,-1,4,0,2,-1,6,5,7,-1,6,4,5,-1,8,7,9,-1,8,6,7,-1,10,9,11,-1,10,8,9,-1,12,13,14,-1,12,11,13,-1,12,10,11,-1,15,12,14,-1]
coord Coordinate { point [-1.04724 -1.03997 0.137617,-0.889762 -1.04321 0.116423,-0.889762 -1.03997 0.137617,-1.04724 -1.04321 0.116423,-1.04724 -1.03221 0.157605,-0.889762 -1.03221 0.157605,-1.04724 -1.02031 0.175438,-0.889762 -1.02031 0.175438,-1.04724 -1.00482 0.190271,-0.889762 -1.00482 0.190271,-1.04724 -0.986496 0.201399,-0.889762 -0.986496 0.201399,-1.04724 -0.966194 0.208294,-0.889762 -0.966194 0.208294,-0.889762 -0.94488 0.210629,-1.04724 -0.94488 0.210629]
}}
appearance Appearance{material Material{diffuseColor 1 0.807843 0.498039
transparency 0}}}
Shape { geometry IndexedFaceSet 
{ creaseAngle 0.50 coordIndex [0,1,2,-1,0,3,1,-1]
coord Coordinate { point [-0.889762 -1.39764 0.07874,-1.04724 -1.08255 0.07874,-1.04724 -1.39764 0.07874,-0.889762 -1.08255 0.07874]
}}
appearance Appearance{material Material{diffuseColor 1 0.807843 0.498039
transparency 0}}}
Shape { geometry IndexedFaceSet 
{ creaseAngle 0.50 coordIndex [0,1,2,-1,3,2,1,-1,4,1,0,-1,5,3,6,-1,5,2,3,-1,7,0,8,-1,7,4,0,-1,9,7,10,-1,9,4,7,-1]
coord Coordinate { point [-0.0098425 2.71653 0.539369,-0.0098425 2.55905 0.62992,-0.0098425 2.65748 0.539369,-0.0098425 2.55905 0.322834,-0.0098425 2.95275 0.62992,-0.0098425 2.65747 0.263779,-0.0098425 2.44094 0.263779,-0.0098425 2.77558 0.263779,-0.0098425 2.71653 0.263779,-0.0098425 2.95275 0.098425,-0.0098425 2.77558 0.098425]
}}
appearance Appearance{material Material{diffuseColor 0.411765 0.411765 0.411765
transparency 0}}}
Shape { geometry IndexedFaceSet 
{ creaseAngle 0.50 coordIndex [0,1,2,-1,1,3,2,-1]
coord Coordinate { point [-2.79527 1.77165 0.244094,-2.79527 2.3622 0.244094,-2.79527 1.77165 0.185039,-2.79527 2.3622 0.185039]
}}
appearance Appearance{material Material{diffuseColor 0.411765 0.411765 0.411765
transparency 0}}}
Shape { geometry IndexedFaceSet 
{ creaseAngle 0.50 coordIndex [0,1,2,-1,1,3,2,-1,2,4,5,-1,3,4,2,-1,5,6,7,-1,4,6,5,-1,7,8,9,-1,6,8,7,-1,9,10,11,-1,8,10,9,-1,11,12,13,-1,10,12,11,-1,13,14,15,-1,12,14,13,-1]
coord Coordinate { point [0.271653 1.94881 0.019685,0.271653 1.94881 0.263779,0.254132 1.94684 0.019685,0.254132 1.94684 0.263779,0.237489 1.94102 0.263779,0.237489 1.94102 0.019685,0.222559 1.93164 0.263779,0.222559 1.93164 0.019685,0.210092 1.91917 0.263779,0.210092 1.91917 0.019685,0.200711 1.90424 0.263779,0.200711 1.90424 0.019685,0.194887 1.8876 0.263779,0.194887 1.8876 0.019685,0.192913 1.87007 0.263779,0.192913 1.87007 0.019685]
}}
appearance Appearance{material Material{diffuseColor 0.411765 0.411765 0.411765
transparency 0}}}
Shape { geometry IndexedFaceSet 
{ creaseAngle 0.50 coordIndex [0,1,2,-1,2,1,3,-1,3,4,5,-1,1,4,3,-1,5,6,7,-1,4,6,5,-1,7,8,9,-1,6,8,7,-1,9,10,11,-1,8,10,9,-1,11,12,13,-1,10,12,11,-1,13,14,15,-1,12,14,13,-1]
coord Coordinate { point [2.69685 0.600392 0.255905,2.69685 0.601873 0.269046,2.7559 0.600392 0.255905,2.7559 0.601873 0.269046,2.69685 0.606241 0.281528,2.7559 0.606241 0.281528,2.69685 0.613276 0.292725,2.7559 0.613276 0.292725,2.69685 0.622627 0.302076,2.7559 0.622627 0.302076,2.69685 0.633824 0.309112,2.7559 0.633824 0.309112,2.69685 0.646307 0.313479,2.7559 0.646307 0.313479,2.69685 0.659447 0.31496,2.7559 0.659447 0.31496]
}}
appearance Appearance{material Material{diffuseColor 1 1 1
transparency 0}}}
Shape { geometry IndexedFaceSet 
{ creaseAngle 0.50 coordIndex [0,1,2,-1,3,1,0,-1,4,5,3,-1,3,6,1,-1,5,6,3,-1,6,7,1,-1,8,9,5,-1,5,9,6,-1,10,11,8,-1,8,11,9,-1]
coord Coordinate { point [0.859321 0.19648 0.219936,0.681392 0.558782 0.30721,0.668205 0.19648 0.219936,0.846149 0.558782 0.30721,0.835303 0.857113 0.379074,0.795572 0.857113 0.379074,0.731982 0.857113 0.379074,0.69225 0.857114 0.379074,0.793358 0.91799 0.393739,0.734198 0.917989 0.393739,0.793358 1.21337 0.464892,0.734198 1.21337 0.464892]
}}
appearance Appearance{material Material{diffuseColor 1 0.807843 0.498039
transparency 0}}}
Shape { geometry IndexedFaceSet 
{ creaseAngle 0.50 coordIndex [0,1,2,-1,3,1,0,-1]
coord Coordinate { point [0.531495 2.65747 0.263779,0.531495 2.71653 0.460629,0.531495 2.65747 0.460629,0.531495 2.71653 0.263779]
}}
appearance Appearance{material Material{diffuseColor 0.792157 0.819608 0.933333
transparency 0}}}
Shape { geometry IndexedFaceSet 
{ creaseAngle 0.50 coordIndex [0,1,2,-1,3,4,5,-1,6,7,8,-1,9,6,8,-1,10,11,12,-1,13,10,12,-1,14,15,16,-1,14,2,15,-1,14,17,0,-1,14,0,2,-1,18,19,20,-1,18,16,19,-1,18,14,16,-1,21,20,4,-1,21,4,3,-1,21,18,20,-1,22,8,17,-1,22,17,14,-1,23,14,18,-1,23,22,14,-1,24,3,25,-1,24,25,12,-1,24,21,3,-1,24,18,21,-1,24,23,18,-1,26,11,27,-1,26,27,28,-1,26,28,9,-1,26,22,23,-1,26,24,12,-1,26,8,22,-1,26,9,8,-1,26,12,11,-1,26,23,24,-1]
coord Coordinate { point [-0.171312 1.41791 0.52002,-0.171312 1.39265 0.509805,-0.170325 1.38858 0.517562,-0.131942 1.41026 0.558767,-0.140703 1.37481 0.543791,-0.131942 1.37436 0.544665,-0.170325 1.51232 0.523382,-0.171312 1.50899 0.515277,-0.171312 1.47813 0.523911,-0.167413 1.51548 0.531081,-0.140703 1.52356 0.550788,-0.149024 1.52246 0.548094,-0.131942 1.48687 0.562371,-0.131942 1.52394 0.551701,-0.167413 1.4161 0.537258,-0.167413 1.38471 0.52493,-0.162723 1.38124 0.53154,-0.171312 1.44534 0.525121,-0.156489 1.41251 0.550478,-0.156489 1.37835 0.53706,-0.149024 1.37617 0.541213,-0.140703 1.41052 0.557815,-0.167413 1.44941 0.5425,-0.156489 1.44877 0.556184,-0.140703 1.44841 0.563778,-0.131942 1.44837 0.564764,-0.159781 1.48369 0.551214,-0.156489 1.52068 0.543755,-0.162723 1.51831 0.537987]
}}
appearance Appearance{material Material{diffuseColor 1 0.807843 0.498039
transparency 0}}}
Shape { geometry IndexedFaceSet 
{ creaseAngle 0.50 coordIndex [0,1,2,-1,3,0,2,-1]
coord Coordinate { point [-0.177165 -0.3937 0.151574,-0.177165 -0.55118 0.151574,-0.177165 -0.55118 0.019685,-0.177165 -0.3937 0.019685]
}}
appearance Appearance{material Material{diffuseColor 0.411765 0.411765 0.411765
transparency 0}}}
