#VRML V2.0 utf8
#kicad StepUp wrl exported

Shape { geometry IndexedFaceSet 
{ creaseAngle 0.50 coordIndex [0,1,2,-1,0,3,1,-1,4,2,5,-1,4,0,2,-1,6,5,7,-1,6,4,5,-1,8,7,9,-1,8,6,7,-1,10,9,11,-1,10,8,9,-1,12,11,13,-1,12,10,11,-1,14,13,15,-1,14,12,13,-1,16,15,17,-1,16,14,15,-1,18,17,19,-1,18,16,17,-1,20,19,21,-1,20,18,19,-1,22,21,23,-1,22,20,21,-1,24,23,25,-1,24,22,23,-1,26,25,27,-1,26,24,25,-1]
coord Coordinate { point [0.0955649 0.48924 1.10236,0.098425 0.512794 1.10433,0.0955649 0.48924 1.10433,0.098425 0.512794 1.10236,0.087151 0.467054 1.10236,0.087151 0.467054 1.10433,0.0736722 0.447526 1.10236,0.0736722 0.447526 1.10433,0.0559118 0.431792 1.10236,0.0559118 0.431792 1.10433,0.034902 0.420765 1.10236,0.034902 0.420765 1.10433,0.0118638 0.415087 1.10236,0.0118638 0.415087 1.10433,-0.0118638 0.415087 1.10236,-0.0118638 0.415087 1.10433,-0.034902 0.420765 1.10236,-0.034902 0.420765 1.10433,-0.0559118 0.431792 1.10236,-0.0559118 0.431792 1.10433,-0.0736722 0.447526 1.10236,-0.0736722 0.447526 1.10433,-0.087151 0.467054 1.10236,-0.087151 0.467054 1.10433,-0.0955649 0.48924 1.10236,-0.0955649 0.48924 1.10433,-0.098425 0.512794 1.10236,-0.098425 0.512794 1.10433]
}}
appearance Appearance{material Material{diffuseColor 1 1 1
transparency 0}}}
Shape { geometry IndexedFaceSet 
{ creaseAngle 0.50 coordIndex [0,1,2,-1,3,1,0,-1,4,5,3,-1,3,5,1,-1,4,6,5,-1,7,6,4,-1,7,8,6,-1,9,8,7,-1,9,10,8,-1,11,10,9,-1,11,12,10,-1,13,12,14,-1,14,12,15,-1,15,12,11,-1,1,16,2,-1,2,16,17,-1,18,19,20,-1,1,21,16,-1,5,21,1,-1,6,22,5,-1,5,22,21,-1,8,23,6,-1,6,23,22,-1,10,24,8,-1,8,24,23,-1,12,25,10,-1,10,25,24,-1,26,25,13,-1,13,25,12,-1,16,27,17,-1,17,27,28,-1,21,29,16,-1,16,29,27,-1,22,30,21,-1,21,30,29,-1,23,31,22,-1,22,31,30,-1,23,32,31,-1,24,32,23,-1,25,33,24,-1,24,33,32,-1,26,33,25,-1,34,33,26,-1,27,35,28,-1,28,35,36,-1,36,35,37,-1,38,39,40,-1,41,39,38,-1,37,39,41,-1,29,39,27,-1,27,39,35,-1,35,39,37,-1,42,43,44,-1,45,43,42,-1,40,43,45,-1,39,43,40,-1,30,43,29,-1,29,43,39,-1,46,47,48,-1,49,47,46,-1,44,47,49,-1,31,47,30,-1,43,47,44,-1,30,47,43,-1,50,51,52,-1,53,51,50,-1,48,51,53,-1,32,51,31,-1,47,51,48,-1,31,51,47,-1,54,55,56,-1,57,55,54,-1,58,55,57,-1,52,55,58,-1,33,55,32,-1,56,55,34,-1,51,55,52,-1,34,55,33,-1,32,55,51,-1,36,59,60,-1,36,61,59,-1,36,62,61,-1,36,37,62,-1,56,63,54,-1,64,65,66,-1,66,65,67,-1,68,69,64,-1,64,69,65,-1,70,71,68,-1,68,71,69,-1,72,73,70,-1,70,73,71,-1,72,74,73,-1,75,74,72,-1,20,76,75,-1,75,76,74,-1,19,76,20,-1,67,77,78,-1,65,77,67,-1,65,79,77,-1,69,79,65,-1,71,80,69,-1,69,80,79,-1,71,81,80,-1,73,81,71,-1,74,82,73,-1,73,82,81,-1,83,84,19,-1,76,84,74,-1,74,84,82,-1,19,84,76,-1,77,85,78,-1,78,85,86,-1,77,87,85,-1,79,87,77,-1,80,88,79,-1,79,88,87,-1,80,89,88,-1,81,89,80,-1,82,90,81,-1,81,90,89,-1,82,91,90,-1,92,91,83,-1,84,91,82,-1,83,91,84,-1,85,93,86,-1,86,93,94,-1,87,95,85,-1,85,95,93,-1,88,96,87,-1,87,96,95,-1,89,97,88,-1,88,97,96,-1,89,98,97,-1,90,98,89,-1,91,99,90,-1,100,99,92,-1,90,99,98,-1,92,99,91,-1,94,101,102,-1,93,101,94,-1,93,103,101,-1,95,103,93,-1,96,104,95,-1,95,104,103,-1,96,105,104,-1,97,105,96,-1,97,106,105,-1,98,106,97,-1,100,107,99,-1,98,107,106,-1,108,107,100,-1,99,107,98,-1,101,109,102,-1,102,109,110,-1,101,111,109,-1,103,111,101,-1,104,112,103,-1,103,112,111,-1,105,113,104,-1,104,113,112,-1,106,114,105,-1,105,114,113,-1,106,115,114,-1,108,115,107,-1,116,115,108,-1,107,115,106,-1,109,117,110,-1,110,117,118,-1,111,119,109,-1,109,119,117,-1,111,120,119,-1,112,120,111,-1,113,121,112,-1,112,121,120,-1,114,122,113,-1,113,122,121,-1,123,124,116,-1,115,124,114,-1,116,124,115,-1,114,124,122,-1,117,125,118,-1,118,125,126,-1,119,127,117,-1,117,127,125,-1,119,128,127,-1,120,128,119,-1,121,129,120,-1,120,129,128,-1,122,130,121,-1,121,130,129,-1,131,132,123,-1,123,132,124,-1,124,132,122,-1,122,132,130,-1,126,133,134,-1,125,133,126,-1,125,135,133,-1,127,135,125,-1,128,136,127,-1,127,136,135,-1,129,137,128,-1,128,137,136,-1,129,138,137,-1,130,138,129,-1,139,140,131,-1,131,140,132,-1,132,140,130,-1,130,140,138,-1,134,141,142,-1,133,141,134,-1,135,143,133,-1,133,143,141,-1,136,144,135,-1,135,144,143,-1,137,145,136,-1,136,145,144,-1,137,146,145,-1,138,146,137,-1,138,147,146,-1,148,147,139,-1,139,147,140,-1,140,147,138,-1,141,149,142,-1,142,149,150,-1,141,151,149,-1,143,151,141,-1,143,152,151,-1,144,152,143,-1,144,153,152,-1,145,153,144,-1,146,154,145,-1,145,154,153,-1,147,155,146,-1,156,155,148,-1,148,155,147,-1,146,155,154,-1,149,157,150,-1,150,157,158,-1,151,159,149,-1,149,159,157,-1,152,160,151,-1,151,160,159,-1,153,161,152,-1,152,161,160,-1,153,162,161,-1,154,162,153,-1,155,163,154,-1,156,163,155,-1,154,163,162,-1,164,163,156,-1,157,165,158,-1,158,165,166,-1,159,167,157,-1,157,167,165,-1,160,168,159,-1,159,168,167,-1,161,169,160,-1,160,169,168,-1,162,170,161,-1,161,170,169,-1,162,171,170,-1,172,171,164,-1,163,171,162,-1,164,171,163,-1,165,173,166,-1,166,173,174,-1,167,175,165,-1,165,175,173,-1,167,176,175,-1,168,176,167,-1,169,177,168,-1,168,177,176,-1,170,178,169,-1,169,178,177,-1,179,180,172,-1,172,180,171,-1,171,180,170,-1,170,180,178,-1,174,3,0,-1,173,3,174,-1,175,4,173,-1,173,4,3,-1,176,7,175,-1,175,7,4,-1,176,9,7,-1,177,9,176,-1,178,11,177,-1,177,11,9,-1,14,15,179,-1,179,15,180,-1,180,15,178,-1,178,15,11,-1]
coord Coordinate { point [0.231776 -0.637374 1.09252,0.30883 -0.606325 1.09276,0.31133 -0.602584 1.09252,0.229051 -0.640683 1.09276,0.22975 -0.642642 1.09349,0.309773 -0.60818 1.09349,0.310618 -0.609843 1.09466,0.230378 -0.644399 1.09466,0.311317 -0.611217 1.0962,0.230896 -0.645851 1.0962,0.31182 -0.612207 1.09793,0.231269 -0.646897 1.09793,0.312176 -0.612907 1.10008,0.312298 -0.613146 1.10236,0.231623 -0.647889 1.10236,0.231533 -0.647636 1.10008,0.383589 -0.562097 1.09276,0.385795 -0.557929 1.09252,-0.688975 0.00098425 1.10236,-0.683376 -0.0866751 1.10236,-0.688728 0.00098425 1.10017,0.38476 -0.563816 1.09349,0.385811 -0.565358 1.09466,0.386679 -0.566632 1.0962,0.387304 -0.56755 1.09793,0.387746 -0.568199 1.10008,0.387897 -0.568421 1.10236,0.452113 -0.508716 1.09276,0.453953 -0.504137 1.09252,0.453493 -0.510272 1.09349,0.454732 -0.511669 1.09466,0.455755 -0.512822 1.0962,0.456491 -0.513652 1.09793,0.457013 -0.51424 1.10008,0.457191 -0.514441 1.10236,0.513289 -0.447051 1.09276,0.514691 -0.442089 1.09252,0.568431 -0.376202 1.093,0.56915 -0.377574 1.09356,0.514856 -0.448419 1.09349,0.569864 -0.378786 1.09432,0.56914 -0.377555 1.09355,0.570253 -0.379394 1.09483,0.516262 -0.449646 1.09466,0.57063 -0.379954 1.09541,0.570144 -0.379226 1.09468,0.57119 -0.380738 1.09645,0.517423 -0.45066 1.0962,0.571502 -0.381153 1.09716,0.57107 -0.380575 1.0962,0.571821 -0.381561 1.09806,0.51826 -0.45139 1.09793,0.572137 -0.381952 1.09923,0.57178 -0.38151 1.09793,0.57241 -0.38228 1.10095,0.518851 -0.451906 1.10008,0.519054 -0.452083 1.10236,0.57231 -0.38216 1.10014,0.572299 -0.382147 1.10008,0.567567 -0.374268 1.0926,0.567016 -0.372798 1.09252,0.567678 -0.374538 1.09263,0.568186 -0.37569 1.09286,0.57248 -0.382361 1.10236,-0.681323 0.00098425 1.09276,-0.675786 -0.0857015 1.09276,-0.679132 0.00098425 1.09252,-0.673582 -0.0856661 1.09252,-0.683403 0.00098425 1.09349,-0.677849 -0.0859662 1.09349,-0.685269 0.00098425 1.09466,-0.6797 -0.0862036 1.09466,-0.686828 0.00098425 1.09622,-0.681229 -0.0863997 1.0962,-0.68233 -0.086541 1.09793,-0.688 0.00098425 1.09809,-0.683109 -0.0866409 1.10008,-0.659264 -0.170978 1.09276,-0.657021 -0.1709 1.09252,-0.661277 -0.171503 1.09349,-0.663083 -0.171974 1.09466,-0.664575 -0.172363 1.0962,-0.665649 -0.172644 1.09793,-0.666669 -0.17291 1.10236,-0.666409 -0.172842 1.10008,-0.632027 -0.25346 1.09276,-0.629721 -0.253324 1.09252,-0.633957 -0.254237 1.09349,-0.635688 -0.254934 1.09466,-0.637119 -0.25551 1.0962,-0.638148 -0.255924 1.09793,-0.638877 -0.256217 1.10008,-0.639126 -0.256318 1.10236,-0.594518 -0.331806 1.09276,-0.592127 -0.331592 1.09252,-0.596333 -0.332822 1.09349,-0.597961 -0.333734 1.09466,-0.599307 -0.334487 1.0962,-0.600275 -0.335029 1.09793,-0.60096 -0.335412 1.10008,-0.601195 -0.335544 1.10236,-0.547345 -0.404743 1.09276,-0.544854 -0.404423 1.09252,-0.549016 -0.405982 1.09349,-0.550515 -0.407093 1.09466,-0.551754 -0.408011 1.0962,-0.552645 -0.408672 1.09793,-0.553276 -0.40914 1.10008,-0.553492 -0.4093 1.10236,-0.491275 -0.471085 1.09276,-0.488675 -0.470627 1.09252,-0.492775 -0.472526 1.09349,-0.494121 -0.473819 1.09466,-0.495232 -0.474887 1.0962,-0.496033 -0.475657 1.09793,-0.496599 -0.476201 1.10008,-0.496793 -0.476387 1.10236,-0.42722 -0.529754 1.09276,-0.424508 -0.529123 1.09252,-0.428525 -0.531375 1.09349,-0.429695 -0.532828 1.09466,-0.430662 -0.534029 1.0962,-0.431358 -0.534894 1.09793,-0.432019 -0.535715 1.10236,-0.43185 -0.535506 1.10008,-0.356222 -0.579797 1.09276,-0.353403 -0.578953 1.09252,-0.357309 -0.58157 1.09349,-0.358285 -0.583161 1.09466,-0.359091 -0.584475 1.0962,-0.359672 -0.585421 1.09793,-0.360223 -0.58632 1.10236,-0.360082 -0.586091 1.10008,-0.279433 -0.620399 1.09276,-0.27652 -0.619304 1.09252,-0.280286 -0.622297 1.09349,-0.281052 -0.623999 1.09466,-0.281684 -0.625405 1.0962,-0.282139 -0.626417 1.09793,-0.282572 -0.627379 1.10236,-0.282461 -0.627133 1.10008,-0.198103 -0.650902 1.09276,-0.195118 -0.649516 1.09252,-0.198707 -0.652893 1.09349,-0.19925 -0.654678 1.09466,-0.199698 -0.656153 1.0962,-0.200021 -0.657215 1.09793,-0.200249 -0.657967 1.10008,-0.200328 -0.658224 1.10236,-0.113552 -0.670809 1.09276,-0.110526 -0.669094 1.09252,-0.113899 -0.67286 1.09349,-0.11421 -0.674701 1.09466,-0.114467 -0.676221 1.0962,-0.114652 -0.677315 1.09793,-0.114783 -0.678089 1.10008,-0.114827 -0.678355 1.10236,-0.0271559 -0.679797 1.09276,-0.0241274 -0.67772 1.09252,-0.0272389 -0.681876 1.09349,-0.0273132 -0.68374 1.09466,-0.0273747 -0.685281 1.0962,-0.0274189 -0.68639 1.09793,-0.0274502 -0.687175 1.10008,-0.0274609 -0.687443 1.10236,0.0596816 -0.677719 1.09276,0.0626655 -0.675251 1.09252,0.0598638 -0.679792 1.09349,0.0600273 -0.681651 1.09466,0.0601623 -0.683186 1.0962,0.0602596 -0.684292 1.09793,0.0603284 -0.685075 1.10008,0.0603519 -0.685342 1.10236,0.145549 -0.66461 1.09276,0.148434 -0.661729 1.09252,0.145994 -0.666643 1.09349,0.146392 -0.668466 1.09466,0.146722 -0.669972 1.0962,0.146959 -0.671056 1.09793,0.147184 -0.672086 1.10236,0.147126 -0.671823 1.10008]
}}
appearance Appearance{material Material{diffuseColor 0.235294 0.235294 0.235294
transparency 0}}}
Shape { geometry IndexedFaceSet 
{ creaseAngle 0.50 coordIndex [0,1,2,-1,3,4,5,-1,6,4,3,-1,0,7,1,-1,5,7,0,-1,6,8,4,-1,9,8,6,-1,4,10,5,-1,5,10,7,-1,11,12,9,-1,9,12,8,-1,4,13,10,-1,8,13,4,-1,11,14,12,-1,15,14,16,-1,16,14,11,-1,12,17,8,-1,8,17,13,-1,1,18,2,-1,2,18,19,-1,20,21,15,-1,15,21,14,-1,12,21,17,-1,14,21,12,-1,7,22,1,-1,1,22,18,-1,18,23,19,-1,7,24,22,-1,10,24,7,-1,22,25,18,-1,18,25,23,-1,10,26,24,-1,13,26,10,-1,24,27,22,-1,22,27,25,-1,17,28,13,-1,13,28,26,-1,26,29,24,-1,24,29,27,-1,20,30,21,-1,21,30,17,-1,17,30,28,-1,28,31,26,-1,26,31,29,-1,19,32,33,-1,23,32,19,-1,34,35,20,-1,20,35,30,-1,30,35,28,-1,28,35,31,-1,23,36,32,-1,25,36,23,-1,32,37,33,-1,27,38,25,-1,25,38,36,-1,36,39,32,-1,32,39,37,-1,29,40,27,-1,27,40,38,-1,36,41,39,-1,38,41,36,-1,31,42,29,-1,29,42,40,-1,40,43,38,-1,38,43,41,-1,34,44,35,-1,35,44,31,-1,31,44,42,-1,33,45,46,-1,37,45,33,-1,42,47,40,-1,40,47,43,-1,37,48,45,-1,39,48,37,-1,42,49,47,-1,34,49,44,-1,50,49,34,-1,44,49,42,-1,45,51,46,-1,39,52,48,-1,41,52,39,-1,48,53,45,-1,45,53,51,-1,43,54,41,-1,41,54,52,-1,55,56,57,-1,48,58,53,-1,52,58,48,-1,57,56,59,-1,47,60,43,-1,61,62,55,-1,43,60,54,-1,55,62,56,-1,54,63,52,-1,52,63,58,-1,61,64,62,-1,49,65,47,-1,66,64,61,-1,50,65,49,-1,47,65,60,-1,51,67,46,-1,68,69,66,-1,66,69,64,-1,46,67,70,-1,71,72,68,-1,54,73,63,-1,60,73,54,-1,68,72,69,-1,74,75,76,-1,53,77,51,-1,78,75,71,-1,76,75,78,-1,51,77,67,-1,71,75,72,-1,56,79,59,-1,59,79,80,-1,81,82,50,-1,50,82,65,-1,65,82,60,-1,60,82,73,-1,58,83,53,-1,62,84,56,-1,53,83,77,-1,56,84,79,-1,62,85,84,-1,67,86,70,-1,64,85,62,-1,58,87,83,-1,64,88,85,-1,63,87,58,-1,69,88,64,-1,69,89,88,-1,72,89,69,-1,74,90,75,-1,91,90,74,-1,67,92,86,-1,75,90,72,-1,77,92,67,-1,72,90,89,-1,79,93,80,-1,73,94,63,-1,80,93,95,-1,63,94,87,-1,83,96,77,-1,77,96,92,-1,79,97,93,-1,84,97,79,-1,81,98,82,-1,82,98,73,-1,73,98,94,-1,85,99,84,-1,84,99,97,-1,83,100,96,-1,87,100,83,-1,88,101,85,-1,85,101,99,-1,102,103,104,-1,105,103,102,-1,70,103,105,-1,86,103,70,-1,89,106,88,-1,88,106,101,-1,90,107,89,-1,108,107,91,-1,91,107,90,-1,94,109,87,-1,89,107,106,-1,87,109,100,-1,95,110,111,-1,104,112,113,-1,103,112,104,-1,93,110,95,-1,92,112,86,-1,86,112,103,-1,93,114,110,-1,115,116,81,-1,110,114,111,-1,81,116,98,-1,97,114,93,-1,98,116,94,-1,94,116,109,-1,113,117,118,-1,112,117,113,-1,97,119,114,-1,92,117,112,-1,99,119,97,-1,96,117,92,-1,118,120,121,-1,99,122,119,-1,100,120,96,-1,101,122,99,-1,117,120,118,-1,96,120,117,-1,121,123,124,-1,106,125,101,-1,109,123,100,-1,101,125,122,-1,120,123,121,-1,107,126,106,-1,100,123,120,-1,124,127,115,-1,128,126,108,-1,115,127,116,-1,108,126,107,-1,116,127,109,-1,123,127,124,-1,106,126,125,-1,109,127,123,-1,111,129,130,-1,114,131,111,-1,111,131,129,-1,129,131,130,-1,119,132,114,-1,114,132,131,-1,122,133,119,-1,119,133,132,-1,125,134,122,-1,122,134,133,-1,135,136,128,-1,128,136,126,-1,126,136,125,-1,125,136,134,-1,130,137,138,-1,137,139,138,-1,131,139,130,-1,130,139,137,-1,132,140,131,-1,131,140,139,-1,132,141,140,-1,133,141,132,-1,133,142,141,-1,134,142,133,-1,134,143,142,-1,144,143,135,-1,135,143,136,-1,136,143,134,-1,138,145,146,-1,138,147,145,-1,145,147,146,-1,139,147,138,-1,139,148,147,-1,140,148,139,-1,141,149,140,-1,140,149,148,-1,141,150,149,-1,142,150,141,-1,143,151,142,-1,144,151,143,-1,142,151,150,-1,152,151,144,-1,146,153,154,-1,146,155,153,-1,147,155,146,-1,153,155,154,-1,147,156,155,-1,148,156,147,-1,149,157,148,-1,148,157,156,-1,150,158,149,-1,149,158,157,-1,159,160,152,-1,151,160,150,-1,152,160,151,-1,150,160,158,-1,154,161,162,-1,155,163,154,-1,154,163,161,-1,161,163,162,-1,155,164,163,-1,156,164,155,-1,157,165,156,-1,156,165,164,-1,158,166,157,-1,157,166,165,-1,167,168,159,-1,159,168,160,-1,160,168,158,-1,158,168,166,-1,162,169,170,-1,169,171,170,-1,163,171,162,-1,162,171,169,-1,163,172,171,-1,164,172,163,-1,165,173,164,-1,164,173,172,-1,166,174,165,-1,165,174,173,-1,175,176,167,-1,168,176,166,-1,167,176,168,-1,166,176,174,-1,170,177,178,-1,171,179,170,-1,170,179,177,-1,177,179,178,-1,172,180,171,-1,171,180,179,-1,173,181,172,-1,172,181,180,-1,174,182,173,-1,173,182,181,-1,175,183,176,-1,184,183,175,-1,176,183,174,-1,174,183,182,-1,178,185,186,-1,178,187,185,-1,179,187,178,-1,185,188,186,-1,179,189,187,-1,180,189,179,-1,187,190,185,-1,185,190,188,-1,180,191,189,-1,181,191,180,-1,187,192,190,-1,189,192,187,-1,181,193,191,-1,182,193,181,-1,189,194,192,-1,191,194,189,-1,195,196,184,-1,182,196,193,-1,184,196,183,-1,183,196,182,-1,193,197,191,-1,191,197,194,-1,188,198,186,-1,186,198,199,-1,200,201,195,-1,193,201,197,-1,196,201,193,-1,195,201,196,-1,188,202,198,-1,190,202,188,-1,198,203,199,-1,190,204,202,-1,192,204,190,-1,202,205,198,-1,198,205,203,-1,194,206,192,-1,192,206,204,-1,204,207,202,-1,202,207,205,-1,197,208,194,-1,194,208,206,-1,204,209,207,-1,206,209,204,-1,200,210,201,-1,197,210,208,-1,201,210,197,-1,208,211,206,-1,206,211,209,-1,203,212,199,-1,199,212,213,-1,214,215,200,-1,200,215,210,-1,210,215,208,-1,208,215,211,-1,203,216,212,-1,205,216,203,-1,212,217,213,-1,207,218,205,-1,205,218,216,-1,216,3,212,-1,212,3,217,-1,209,219,207,-1,207,219,218,-1,218,6,216,-1,216,6,3,-1,211,220,209,-1,209,220,219,-1,219,9,218,-1,218,9,6,-1,211,221,220,-1,214,221,215,-1,215,221,211,-1,220,11,219,-1,219,11,9,-1,213,0,2,-1,217,0,213,-1,220,16,11,-1,15,16,214,-1,221,16,220,-1,214,16,221,-1,217,5,0,-1,3,5,217,-1]
coord Coordinate { point [0.248815 -0.588679 1.10017,0.270448 -0.579076 1.10017,0.270344 -0.578852 1.10236,0.190864 -0.610665 1.09809,0.249554 -0.59043 1.09622,0.249098 -0.58935 1.09809,0.191214 -0.611785 1.09622,0.270756 -0.579735 1.09809,0.25016 -0.591866 1.09466,0.191678 -0.613272 1.09466,0.271251 -0.580798 1.09622,0.192234 -0.615054 1.09349,0.250885 -0.593586 1.09349,0.27191 -0.582211 1.09466,0.251694 -0.595502 1.09276,0.252545 -0.59752 1.09252,0.192853 -0.61704 1.09276,0.272699 -0.583902 1.09349,0.323896 -0.551015 1.10017,0.345281 -0.537604 1.10236,0.328752 -0.559292 1.09252,0.273578 -0.585788 1.09276,0.324264 -0.551643 1.09809,0.345414 -0.537811 1.10017,0.324857 -0.552655 1.09622,0.345807 -0.538424 1.09809,0.325646 -0.553999 1.09466,0.34644 -0.539411 1.09622,0.326591 -0.555608 1.09349,0.347281 -0.540723 1.09466,0.327643 -0.557403 1.09276,0.348288 -0.542294 1.09349,0.393397 -0.503843 1.10017,0.414046 -0.486727 1.10236,0.399295 -0.511412 1.09252,0.349411 -0.544046 1.09276,0.393844 -0.504417 1.09809,0.414206 -0.486915 1.10017,0.394565 -0.505342 1.09622,0.414677 -0.48747 1.09809,0.395523 -0.506572 1.09466,0.415436 -0.488364 1.09622,0.39667 -0.508044 1.09349,0.416444 -0.489552 1.09466,0.397949 -0.509685 1.09276,0.456122 -0.447975 1.10017,0.475408 -0.427131 1.10236,0.417652 -0.490975 1.09349,0.456641 -0.448486 1.09809,0.418998 -0.49256 1.09276,0.462961 -0.454707 1.09252,0.475592 -0.427296 1.10017,0.457476 -0.449308 1.09622,0.476133 -0.427783 1.09809,0.458587 -0.450402 1.09466,-0.640009 0.00098425 1.10017,-0.634497 -0.0828327 1.10017,-0.639762 0.00098425 1.10236,0.477004 -0.428568 1.09622,-0.634044 -0.084364 1.10236,0.459917 -0.451711 1.09349,-0.640737 0.00098425 1.09809,-0.635219 -0.082928 1.09809,0.478162 -0.429611 1.09466,-0.636381 -0.0830816 1.09622,0.4614 -0.45317 1.09276,-0.64191 0.00098425 1.09622,0.51099 -0.384374 1.10017,-0.643468 0.00098425 1.09466,-0.637926 -0.0832857 1.09466,0.528272 -0.359882 1.10236,-0.645334 0.00098425 1.09349,-0.639776 -0.0835301 1.09349,0.479549 -0.43086 1.09349,-0.64401 -0.0840894 1.09252,-0.641839 -0.0838025 1.09276,-0.649605 0.00098425 1.09252,0.511571 -0.384812 1.09809,-0.647415 0.00098425 1.09276,-0.618056 -0.165206 1.10017,-0.616991 -0.168186 1.10236,0.518652 -0.390152 1.09252,0.481095 -0.432252 1.09276,0.512508 -0.385518 1.09622,-0.618759 -0.165395 1.09809,-0.619891 -0.165699 1.09622,0.528476 -0.360021 1.10017,0.513752 -0.386457 1.09466,-0.621396 -0.166104 1.09466,-0.623198 -0.166589 1.09349,-0.625207 -0.167129 1.09276,-0.627322 -0.167698 1.09252,0.529077 -0.360432 1.09809,-0.590968 -0.244716 1.10017,0.515242 -0.38758 1.09349,-0.588907 -0.248985 1.10236,0.530045 -0.361093 1.09622,-0.59164 -0.244996 1.09809,0.516903 -0.388833 1.09276,-0.592723 -0.245446 1.09622,0.531332 -0.361972 1.09466,-0.594162 -0.246044 1.09466,0.571317 -0.286943 1.102,0.557057 -0.314135 1.10017,0.56829 -0.294467 1.09861,0.571692 -0.286182 1.10236,-0.595885 -0.246761 1.09349,-0.597806 -0.247559 1.09276,-0.599828 -0.2484 1.09252,0.532873 -0.363025 1.09349,-0.553701 -0.319995 1.10017,-0.550296 -0.325314 1.10236,0.55769 -0.314493 1.09809,0.567175 -0.298352 1.09705,-0.55433 -0.32036 1.09809,0.565409 -0.318859 1.09252,0.534591 -0.364198 1.09276,0.558711 -0.31507 1.09622,0.566158 -0.30332 1.09529,-0.555345 -0.320948 1.09622,0.560067 -0.315838 1.09466,0.565865 -0.305373 1.09466,-0.556693 -0.321729 1.09466,0.561692 -0.316756 1.09349,0.565409 -0.312689 1.09299,-0.558308 -0.322665 1.09349,-0.560108 -0.323709 1.09276,0.563502 -0.317781 1.09276,-0.562002 -0.324807 1.09252,-0.506896 -0.389744 1.10017,-0.501847 -0.39581 1.10236,-0.507472 -0.390188 1.09809,-0.508401 -0.390904 1.09622,-0.509635 -0.391856 1.09466,-0.511113 -0.392995 1.09349,-0.514496 -0.395602 1.09252,-0.512761 -0.394265 1.09276,-0.45136 -0.452763 1.10017,-0.444426 -0.459213 1.10236,-0.451873 -0.453279 1.09809,-0.4527 -0.45411 1.09622,-0.453799 -0.455215 1.09466,-0.455115 -0.456538 1.09349,-0.456582 -0.458013 1.09276,-0.458127 -0.459566 1.09252,-0.388049 -0.507966 1.10017,-0.379061 -0.514388 1.10236,-0.38849 -0.508545 1.09809,-0.389201 -0.509477 1.09622,-0.390146 -0.510717 1.09466,-0.391277 -0.512201 1.09349,-0.392539 -0.513855 1.09276,-0.393867 -0.515597 1.09252,-0.318053 -0.554402 1.10017,-0.306919 -0.560351 1.10236,-0.318415 -0.555034 1.09809,-0.318998 -0.556051 1.09622,-0.319772 -0.557404 1.09466,-0.3207 -0.559023 1.09349,-0.322822 -0.562729 1.09252,-0.321733 -0.560828 1.09276,-0.242579 -0.591272 1.10017,-0.22929 -0.596278 1.10236,-0.242855 -0.591945 1.09809,-0.2433 -0.59303 1.09622,-0.24389 -0.594473 1.09466,-0.244598 -0.5962 1.09349,-0.246216 -0.600151 1.09252,-0.245386 -0.598125 1.09276,-0.162927 -0.61794 1.10017,-0.147562 -0.621528 1.10236,-0.163112 -0.618643 1.09809,-0.163411 -0.619777 1.09622,-0.163808 -0.621285 1.09466,-0.164283 -0.623089 1.09349,-0.16537 -0.627219 1.09252,-0.164812 -0.625101 1.09276,-0.0804684 -0.633946 1.10017,-0.0631959 -0.635649 1.10236,-0.0805599 -0.634668 1.09809,-0.0807073 -0.635832 1.09622,-0.0809033 -0.637378 1.09466,-0.0811379 -0.639229 1.09349,-0.0813995 -0.641293 1.09276,-0.0816748 -0.643466 1.09252,0.00337648 -0.639016 1.10017,0.0222998 -0.638389 1.10236,0.00338032 -0.639744 1.09809,0.0223084 -0.638636 1.10017,0.0033865 -0.640917 1.09622,0.0223338 -0.639364 1.09809,0.00339473 -0.642475 1.09466,0.0223747 -0.640536 1.09622,0.00340457 -0.644341 1.09349,0.022429 -0.642093 1.09466,0.0034271 -0.648612 1.09252,0.00341555 -0.646422 1.09276,0.022494 -0.643958 1.09349,0.0871632 -0.633062 1.10017,0.107397 -0.629699 1.10236,0.08847 -0.642568 1.09252,0.0225665 -0.646037 1.09276,0.0872623 -0.633783 1.09809,0.107438 -0.629943 1.10017,0.087422 -0.634945 1.09622,0.10756 -0.63066 1.09809,0.0876342 -0.636489 1.09466,0.107757 -0.631816 1.09622,0.0878884 -0.638337 1.09349,0.108019 -0.633353 1.09466,0.0881717 -0.640398 1.09276,0.108332 -0.635192 1.09349,0.169448 -0.616186 1.10017,0.190574 -0.609735 1.10236,0.171989 -0.625439 1.09252,0.108681 -0.637243 1.09276,0.169641 -0.616888 1.09809,0.190647 -0.60997 1.10017,0.169952 -0.618019 1.09622,0.170364 -0.619522 1.09466,0.170858 -0.621321 1.09349,0.171409 -0.623327 1.09276]
}}
appearance Appearance{material Material{diffuseColor 0.235294 0.235294 0.235294
transparency 0}}}
Shape { geometry IndexedFaceSet 
{ creaseAngle 0.50 coordIndex [0,1,2,-1,0,2,3,-1,4,2,1,-1,4,5,2,-1,6,0,3,-1,7,5,4,-1,8,6,3,-1,9,5,7,-1,9,10,5,-1,11,8,3,-1,12,10,9,-1,12,13,10,-1,14,11,3,-1,15,11,14,-1,16,13,12,-1,17,15,14,-1,18,17,14,-1,19,20,21,-1,22,18,14,-1,23,21,24,-1,23,19,21,-1,25,20,19,-1,26,18,22,-1,27,28,20,-1,27,20,25,-1,29,24,30,-1,29,23,24,-1,31,32,28,-1,31,28,27,-1,33,26,22,-1,34,13,16,-1,34,30,13,-1,34,29,30,-1,35,36,32,-1,35,32,31,-1,37,38,39,-1,37,16,38,-1,37,34,16,-1,40,36,35,-1,41,42,33,-1,41,43,42,-1,41,33,22,-1,44,45,36,-1,44,36,40,-1,46,47,45,-1,46,45,44,-1,48,39,49,-1,48,37,39,-1,50,43,41,-1,50,51,43,-1,52,53,54,-1,52,54,47,-1,52,47,46,-1,55,49,56,-1,55,48,49,-1,57,55,56,-1,57,58,59,-1,57,56,58,-1,60,53,52,-1,61,53,60,-1,62,61,60,-1,63,51,50,-1,64,61,62,-1,65,61,64,-1,65,64,66,-1,67,68,69,-1,67,59,68,-1,67,57,59,-1,70,69,51,-1,70,51,63,-1,70,67,69,-1,71,65,66,-1,71,66,72,-1,71,72,73,-1,74,70,63,-1,74,63,75,-1,76,74,75,-1,76,75,77,-1,78,73,79,-1,78,71,73,-1,80,76,77,-1,81,78,79,-1,81,79,82,-1,83,76,80,-1,84,81,82,-1,85,76,83,-1,86,82,87,-1,86,84,82,-1,88,76,85,-1,89,87,90,-1,89,86,87,-1,91,76,88,-1,91,92,76,-1,93,89,90,-1,94,92,91,-1,95,90,96,-1,95,93,90,-1,97,92,94,-1,98,95,96,-1,99,92,97,-1,100,98,96,-1,100,96,101,-1,102,92,99,-1,103,101,104,-1,103,100,101,-1,105,92,102,-1,106,103,104,-1,106,104,92,-1,106,92,105,-1,101,70,74,-1,101,74,104,-1,67,107,57,-1,55,87,82,-1,55,82,48,-1,90,108,96,-1]
coord Coordinate { point [0.0559118 0.593796 1.10236,0.0736722 0.578062 1.10236,0.107397 0.631668 1.10236,0.0222998 0.640358 1.10236,0.087151 0.558535 1.10236,0.190574 0.611703 1.10236,0.034902 0.604823 1.10236,0.0955649 0.536349 1.10236,0.0118638 0.610502 1.10236,0.098425 0.512794 1.10236,0.270344 0.580821 1.10236,-0.0118638 0.610502 1.10236,0.0955649 0.48924 1.10236,0.345281 0.539572 1.10236,-0.0631959 0.637618 1.10236,-0.034902 0.604823 1.10236,0.087151 0.467054 1.10236,-0.0559118 0.593796 1.10236,-0.0736722 0.578062 1.10236,0.314488 0.164484 1.10236,0.571692 0.28815 1.10236,0.528272 0.361851 1.10236,-0.147562 0.623497 1.10236,0.295476 0.180031 1.10236,0.475408 0.4291 1.10236,0.330002 0.145438 1.10236,-0.087151 0.558535 1.10236,0.34222 0.124116 1.10236,0.604723 0.209804 1.10236,0.273305 0.190564 1.10236,0.414046 0.488695 1.10236,0.353989 0.0935416 1.10236,0.627074 0.12777 1.10236,-0.0955649 0.536349 1.10236,0.242281 0.196495 1.10236,0.361899 0.0575456 1.10236,0.638348 0.0434965 1.10236,0.210671 0.197834 1.10236,0.0736722 0.447526 1.10236,0.0559118 0.431792 1.10236,0.364736 0.0304108 1.10236,-0.22929 0.598247 1.10236,-0.098425 0.512794 1.10236,-0.0955649 0.48924 1.10236,0.365579 0.00314129 1.10236,0.638348 -0.041528 1.10236,0.360544 -0.0596021 1.10236,0.627074 -0.125802 1.10236,0.0997032 0.197834 1.10236,0.034902 0.420765 1.10236,-0.306919 0.562319 1.10236,-0.087151 0.467054 1.10236,0.346683 -0.108641 1.10236,0.571692 -0.286182 1.10236,0.604723 -0.207836 1.10236,0.0230084 0.197834 1.10236,0.0118638 0.415087 1.10236,-0.0178955 0.197834 1.10236,-0.0118638 0.415087 1.10236,-0.034902 0.420765 1.10236,0.324834 -0.148668 1.10236,0.528272 -0.359882 1.10236,0.306558 -0.168464 1.10236,-0.379061 0.516357 1.10236,0.296973 -0.17564 1.10236,0.475408 -0.427131 1.10236,0.285664 -0.18207 1.10236,-0.183988 0.197834 1.10236,-0.0559118 0.431792 1.10236,-0.0736722 0.447526 1.10236,-0.227528 0.197834 1.10236,0.414046 -0.486727 1.10236,0.263998 -0.19011 1.10236,0.240087 -0.194587 1.10236,-0.304223 0.197834 1.10236,-0.444426 0.461181 1.10236,-0.345127 0.197834 1.10236,-0.501847 0.397779 1.10236,0.345281 -0.537604 1.10236,0.215784 -0.195866 1.10236,-0.550296 0.327282 1.10236,0.270344 -0.578852 1.10236,0.0997032 -0.195866 1.10236,-0.588907 0.250953 1.10236,0.190574 -0.609735 1.10236,-0.616991 0.170155 1.10236,0.107397 -0.629699 1.10236,0.0230084 -0.195866 1.10236,-0.634044 0.0863325 1.10236,0.0222998 -0.638389 1.10236,-0.0207715 -0.195866 1.10236,-0.639762 0.00098425 1.10236,-0.345127 -0.195866 1.10236,-0.0631959 -0.635649 1.10236,-0.634044 -0.084364 1.10236,-0.147562 -0.621528 1.10236,-0.186624 -0.195866 1.10236,-0.616991 -0.168186 1.10236,-0.22929 -0.596278 1.10236,-0.588907 -0.248985 1.10236,-0.306919 -0.560351 1.10236,-0.227528 -0.195866 1.10236,-0.550296 -0.325314 1.10236,-0.379061 -0.514388 1.10236,-0.304223 -0.195866 1.10236,-0.501847 -0.39581 1.10236,-0.444426 -0.459213 1.10236,-0.0178955 -0.115975 1.10236,-0.186624 0.117544 1.10236]
}}
appearance Appearance{material Material{diffuseColor 0.101961 0.101961 0.101961
transparency 0}}}
Shape { geometry IndexedFaceSet 
{ creaseAngle 0.50 coordIndex [0,1,2,-1,3,4,5,-1,3,5,6,-1,5,4,7,-1,7,4,8,-1,3,9,10,-1,6,9,3,-1,10,11,12,-1,9,11,10,-1,5,13,14,-1,5,15,13,-1,7,15,5,-1,8,4,16,-1,17,18,19,-1,7,20,15,-1,4,21,16,-1,18,22,1,-1,17,22,18,-1,22,2,1,-1,21,23,16,-1,21,24,23,-1,25,0,26,-1,13,27,25,-1,15,27,13,-1,28,29,27,-1,25,29,0,-1,27,29,25,-1,30,31,32,-1,30,33,31,-1,34,33,30,-1,35,33,34,-1,31,1,29,-1,31,29,32,-1,29,1,0,-1]
coord Coordinate { point [-0.777557 0.335629 0.07874,-0.7874 0.670274 0.07874,-0.777557 0.493109 0.07874,0.7874 0.670274 0.07874,0.7874 -0.668306 0.07874,0.777558 0.335629 0.07874,0.777558 0.493109 0.07874,0.777558 -0.333661 0.07874,0.777558 -0.491141 0.07874,0.66929 0.493109 0.07874,0.66929 0.788384 0.07874,0.3937 0.768699 0.07874,0.3937 0.788384 0.07874,0.3937 0.256889 0.07874,0.3937 0.335629 0.07874,0.3937 -0.254921 0.07874,0.66929 -0.491141 0.07874,-0.3937 0.768699 0.07874,-0.66929 0.788384 0.07874,-0.3937 0.788384 0.07874,0.3937 -0.333661 0.07874,0.66929 -0.786416 0.07874,-0.66929 0.493109 0.07874,0.3937 -0.766731 0.07874,0.3937 -0.786416 0.07874,-0.3937 0.256889 0.07874,-0.3937 0.335629 0.07874,-0.3937 -0.254921 0.07874,-0.3937 -0.333661 0.07874,-0.777557 -0.333661 0.07874,-0.66929 -0.491141 0.07874,-0.7874 -0.668306 0.07874,-0.777557 -0.491141 0.07874,-0.66929 -0.786416 0.07874,-0.3937 -0.766731 0.07874,-0.3937 -0.786416 0.07874]
}}
appearance Appearance{material Material{diffuseColor 0.101961 0.101961 0.101961
transparency 0}}}
Shape { geometry IndexedFaceSet 
{ creaseAngle 0.50 coordIndex [0,1,2,-1,3,1,0,-1]
coord Coordinate { point [-0.3937 0.808069 0.07874,0.3937 0.788384 0.07874,0.3937 0.808069 0.07874,-0.3937 0.788384 0.07874]
}}
appearance Appearance{material Material{diffuseColor 0.827451 0.839216 0.827451
transparency 0}}}
Shape { geometry IndexedFaceSet 
{ creaseAngle 0.50 coordIndex [0,1,2,-1,3,1,0,-1]
coord Coordinate { point [-0.3937 0.256889 4.89648e-16,-0.3937 0.335629 0.07874,-0.3937 0.335629 4.0735e-16,-0.3937 0.256889 0.07874]
}}
appearance Appearance{material Material{diffuseColor 0.827451 0.839216 0.827451
transparency 0}}}
Shape { geometry IndexedFaceSet 
{ creaseAngle 0.50 coordIndex [0,1,2,-1,3,1,0,-1]
coord Coordinate { point [0.3937 0.256889 3.1481e-16,-0.3937 0.256889 0.07874,-0.3937 0.256889 4.89648e-16,0.3937 0.256889 0.07874]
}}
appearance Appearance{material Material{diffuseColor 0.827451 0.839216 0.827451
transparency 0}}}
Shape { geometry IndexedFaceSet 
{ creaseAngle 0.50 coordIndex [0,1,2,-1,3,1,0,-1]
coord Coordinate { point [0.3937 0.335629 3.19931e-16,0.3937 0.256889 0.07874,0.3937 0.256889 3.1481e-16,0.3937 0.335629 0.07874]
}}
appearance Appearance{material Material{diffuseColor 0.827451 0.839216 0.827451
transparency 0}}}
Shape { geometry IndexedFaceSet 
{ creaseAngle 0.50 coordIndex [0,1,2,-1,3,1,0,-1]
coord Coordinate { point [0.777558 0.335629 1.45093e-16,0.3937 0.335629 0.07874,0.3937 0.335629 3.19931e-16,0.777558 0.335629 0.07874]
}}
appearance Appearance{material Material{diffuseColor 0.827451 0.839216 0.827451
transparency 0}}}
Shape { geometry IndexedFaceSet 
{ creaseAngle 0.50 coordIndex [0,1,2,-1,3,1,0,-1]
coord Coordinate { point [0.777558 0.493109 2.42754e-16,0.777558 0.335629 0.07874,0.777558 0.335629 1.45093e-16,0.777558 0.493109 0.07874]
}}
appearance Appearance{material Material{diffuseColor 0.827451 0.839216 0.827451
transparency 0}}}
Shape { geometry IndexedFaceSet 
{ creaseAngle 0.50 coordIndex [0,1,2,-1,3,1,0,-1]
coord Coordinate { point [0.66929 0.493109 3.30173e-16,0.777558 0.493109 0.07874,0.777558 0.493109 2.42754e-16,0.66929 0.493109 0.07874]
}}
appearance Appearance{material Material{diffuseColor 0.827451 0.839216 0.827451
transparency 0}}}
Shape { geometry IndexedFaceSet 
{ creaseAngle 0.50 coordIndex [0,1,2,-1,3,1,0,-1]
coord Coordinate { point [0.3937 0.768699 3.48096e-16,0.66929 0.493109 0.07874,0.66929 0.493109 3.30173e-16,0.3937 0.768699 0.07874]
}}
appearance Appearance{material Material{diffuseColor 0.827451 0.839216 0.827451
transparency 0}}}
Shape { geometry IndexedFaceSet 
{ creaseAngle 0.50 coordIndex [0,1,2,-1,3,1,0,-1,1,4,2,-1]
coord Coordinate { point [0.3937 0.808069 2.63237e-16,0.3937 0.788384 0.07874,0.3937 0.768699 3.48096e-16,0.3937 0.808069 0.07874,0.3937 0.768699 0.07874]
}}
appearance Appearance{material Material{diffuseColor 0.827451 0.839216 0.827451
transparency 0}}}
Shape { geometry IndexedFaceSet 
{ creaseAngle 0.50 coordIndex [0,1,2,-1,3,1,0,-1]
coord Coordinate { point [-0.3937 0.808069 5.25494e-16,0.3937 0.808069 0.07874,0.3937 0.808069 2.63237e-16,-0.3937 0.808069 0.07874]
}}
appearance Appearance{material Material{diffuseColor 0.827451 0.839216 0.827451
transparency 0}}}
Shape { geometry IndexedFaceSet 
{ creaseAngle 0.50 coordIndex [0,1,2,-1,3,1,0,-1,1,4,2,-1]
coord Coordinate { point [-0.3937 0.768699 5.22934e-16,-0.3937 0.788384 0.07874,-0.3937 0.808069 5.25494e-16,-0.3937 0.768699 0.07874,-0.3937 0.808069 0.07874]
}}
appearance Appearance{material Material{diffuseColor 0.827451 0.839216 0.827451
transparency 0}}}
Shape { geometry IndexedFaceSet 
{ creaseAngle 0.50 coordIndex [0,1,2,-1,3,1,0,-1]
coord Coordinate { point [-0.66929 0.493109 5.92429e-16,-0.3937 0.768699 0.07874,-0.3937 0.768699 5.22934e-16,-0.66929 0.493109 0.07874]
}}
appearance Appearance{material Material{diffuseColor 0.827451 0.839216 0.827451
transparency 0}}}
Shape { geometry IndexedFaceSet 
{ creaseAngle 0.50 coordIndex [0,1,2,-1,3,1,0,-1]
coord Coordinate { point [-0.777557 0.493109 6.79848e-16,-0.66929 0.493109 0.07874,-0.66929 0.493109 5.92429e-16,-0.777557 0.493109 0.07874]
}}
appearance Appearance{material Material{diffuseColor 0.827451 0.839216 0.827451
transparency 0}}}
Shape { geometry IndexedFaceSet 
{ creaseAngle 0.50 coordIndex [0,1,2,-1,3,1,0,-1]
coord Coordinate { point [-0.777557 0.335629 4.94769e-16,-0.777557 0.493109 0.07874,-0.777557 0.493109 6.79848e-16,-0.777557 0.335629 0.07874]
}}
appearance Appearance{material Material{diffuseColor 0.827451 0.839216 0.827451
transparency 0}}}
Shape { geometry IndexedFaceSet 
{ creaseAngle 0.50 coordIndex [0,1,2,-1,3,1,0,-1]
coord Coordinate { point [-0.3937 0.335629 4.0735e-16,-0.777557 0.335629 0.07874,-0.777557 0.335629 4.94769e-16,-0.3937 0.335629 0.07874]
}}
appearance Appearance{material Material{diffuseColor 0.827451 0.839216 0.827451
transparency 0}}}
Shape { geometry IndexedFaceSet 
{ creaseAngle 0.50 coordIndex [0,1,2,-1,3,2,4,-1,3,0,2,-1,5,4,6,-1,5,6,7,-1,8,3,4,-1,8,4,5,-1,9,10,3,-1,9,3,8,-1,11,8,5,-1,12,11,13,-1,12,8,11,-1]
coord Coordinate { point [-0.777557 0.335629 4.94769e-16,-0.777557 0.493109 6.79848e-16,-0.66929 0.493109 5.92429e-16,-0.3937 0.335629 4.0735e-16,-0.3937 0.768699 5.22934e-16,0.3937 0.768699 3.48096e-16,-0.3937 0.808069 5.25494e-16,0.3937 0.808069 2.63237e-16,0.3937 0.335629 3.19931e-16,0.3937 0.256889 3.1481e-16,-0.3937 0.256889 4.89648e-16,0.66929 0.493109 3.30173e-16,0.777558 0.335629 1.45093e-16,0.777558 0.493109 2.42754e-16]
}}
appearance Appearance{material Material{diffuseColor 0.827451 0.839216 0.827451
transparency 0}}}
Shape { geometry IndexedFaceSet 
{ creaseAngle 0.50 coordIndex [0,1,2,-1,3,4,5,-1,2,4,3,-1,1,4,2,-1]
coord Coordinate { point [-0.66929 0.788384 0.07874,-0.66929 0.788384 1.08268,-0.3937 0.788384 0.07874,0.3937 0.788384 0.07874,0.66929 0.788384 1.08268,0.66929 0.788384 0.07874]
}}
appearance Appearance{material Material{diffuseColor 0.101961 0.101961 0.101961
transparency 0}}}
Shape { geometry IndexedFaceSet 
{ creaseAngle 0.50 coordIndex [0,1,2,-1,2,1,3,-1]
coord Coordinate { point [-0.7874 -0.668306 1.08268,-0.7874 0.670274 1.08268,-0.7874 -0.668306 0.07874,-0.7874 0.670274 0.07874]
}}
appearance Appearance{material Material{diffuseColor 0.101961 0.101961 0.101961
transparency 0}}}
Shape { geometry IndexedFaceSet 
{ creaseAngle 0.50 coordIndex [0,1,2,-1,3,4,5,-1,2,4,3,-1,1,4,2,-1]
coord Coordinate { point [0.66929 -0.786416 0.07874,0.66929 -0.786416 1.08268,0.3937 -0.786416 0.07874,-0.3937 -0.786416 0.07874,-0.66929 -0.786416 1.08268,-0.66929 -0.786416 0.07874]
}}
appearance Appearance{material Material{diffuseColor 0.101961 0.101961 0.101961
transparency 0}}}
Shape { geometry IndexedFaceSet 
{ creaseAngle 0.50 coordIndex [0,1,2,-1,2,1,3,-1]
coord Coordinate { point [0.7874 0.670274 1.08268,0.7874 -0.668306 1.08268,0.7874 0.670274 0.07874,0.7874 -0.668306 0.07874]
}}
appearance Appearance{material Material{diffuseColor 0.101961 0.101961 0.101961
transparency 0}}}
Shape { geometry IndexedFaceSet 
{ creaseAngle 0.50 coordIndex [0,1,2,-1,3,4,5,-1,6,7,8,-1,9,0,2,-1,10,6,8,-1,11,8,7,-1,12,4,3,-1,13,8,11,-1,14,9,2,-1,15,10,8,-1,16,8,13,-1,17,14,2,-1,18,15,8,-1,19,8,20,-1,21,22,20,-1,21,23,22,-1,21,24,23,-1,21,25,24,-1,26,8,19,-1,21,27,25,-1,26,28,29,-1,26,29,30,-1,26,30,18,-1,26,18,8,-1,31,28,26,-1,32,16,33,-1,32,33,34,-1,32,34,35,-1,36,19,20,-1,32,35,37,-1,32,37,38,-1,32,38,39,-1,32,39,40,-1,32,40,41,-1,32,8,16,-1,42,27,21,-1,43,31,26,-1,44,36,20,-1,45,41,46,-1,47,44,20,-1,45,46,48,-1,45,48,49,-1,45,49,50,-1,45,50,51,-1,45,32,41,-1,52,47,20,-1,53,42,21,-1,54,52,20,-1,22,54,20,-1,55,32,45,-1,2,53,21,-1,4,32,55,-1,56,57,17,-1,58,53,2,-1,56,59,57,-1,56,60,59,-1,56,61,60,-1,56,62,61,-1,56,63,62,-1,64,4,55,-1,65,63,56,-1,65,66,63,-1,65,67,66,-1,65,68,67,-1,1,58,2,-1,65,69,68,-1,65,70,69,-1,2,56,17,-1,65,4,71,-1,71,4,72,-1,5,4,64,-1,72,4,12,-1,65,71,70,-1]
coord Coordinate { point [-0.639126 0.258286 1.10236,-0.601195 0.337512 1.10236,-0.767715 0.66212 1.10236,0.231623 -0.647889 1.10236,0.661136 -0.766731 1.10236,0.312298 -0.613146 1.10236,0.676583 0.3818 1.10236,0.685934 0.372449 1.10236,0.767715 0.66212 1.10236,-0.666669 0.174878 1.10236,0.665386 0.388836 1.10236,0.692969 0.361252 1.10236,0.147184 -0.672086 1.10236,0.697337 0.34877 1.10236,-0.683376 0.0886436 1.10236,0.652903 0.393204 1.10236,0.698818 0.335629 1.10236,-0.688975 0.00098425 1.10236,0.639763 0.394684 1.10236,0.457191 0.516409 1.10236,0.661136 0.768699 1.10236,-0.661136 0.768699 1.10236,-0.0274609 0.689412 1.10236,-0.114827 0.680323 1.10236,-0.200328 0.660192 1.10236,-0.282572 0.629347 1.10236,0.519054 0.454051 1.10236,-0.360223 0.588288 1.10236,0.582572 0.391971 1.10236,0.588607 0.393998 1.10236,0.594936 0.394684 1.10236,0.577111 0.388697 1.10236,0.767715 -0.660152 1.10236,0.698818 -0.333661 1.10236,0.697337 -0.346802 1.10236,0.692969 -0.359284 1.10236,0.387897 0.57039 1.10236,0.685934 -0.370481 1.10236,0.676583 -0.379832 1.10236,0.665386 -0.386867 1.10236,0.652903 -0.391235 1.10236,0.639763 -0.392716 1.10236,-0.432019 0.537684 1.10236,0.57248 0.384329 1.10236,0.312298 0.615115 1.10236,0.519054 -0.452083 1.10236,0.594936 -0.392716 1.10236,0.231623 0.649858 1.10236,0.588607 -0.392029 1.10236,0.582572 -0.390002 1.10236,0.577111 -0.386729 1.10236,0.57248 -0.382361 1.10236,0.147184 0.674054 1.10236,-0.496793 0.478356 1.10236,0.0603519 0.687311 1.10236,0.457191 -0.514441 1.10236,-0.767715 -0.660152 1.10236,-0.683376 -0.0866751 1.10236,-0.553492 0.411268 1.10236,-0.666669 -0.17291 1.10236,-0.639126 -0.256318 1.10236,-0.601195 -0.335544 1.10236,-0.553492 -0.4093 1.10236,-0.496793 -0.476387 1.10236,0.387897 -0.568421 1.10236,-0.661136 -0.766731 1.10236,-0.432019 -0.535715 1.10236,-0.360223 -0.58632 1.10236,-0.282572 -0.627379 1.10236,-0.200328 -0.658224 1.10236,-0.114827 -0.678355 1.10236,-0.0274609 -0.687443 1.10236,0.0603519 -0.685342 1.10236]
}}
appearance Appearance{material Material{diffuseColor 0.101961 0.101961 0.101961
transparency 0}}}
Shape { geometry IndexedFaceSet 
{ creaseAngle 0.50 coordIndex [0,1,2,-1,0,3,1,-1]
coord Coordinate { point [-0.3937 -0.806101 0.07874,0.3937 -0.786416 0.07874,-0.3937 -0.786416 0.07874,0.3937 -0.806101 0.07874]
}}
appearance Appearance{material Material{diffuseColor 0.827451 0.839216 0.827451
transparency 0}}}
Shape { geometry IndexedFaceSet 
{ creaseAngle 0.50 coordIndex [0,1,2,-1,3,1,0,-1]
coord Coordinate { point [0.777558 -0.333661 1.88984e-16,0.777558 -0.491141 0.07874,0.777558 -0.491141 3.90467e-18,0.777558 -0.333661 0.07874]
}}
appearance Appearance{material Material{diffuseColor 0.827451 0.839216 0.827451
transparency 0}}}
Shape { geometry IndexedFaceSet 
{ creaseAngle 0.50 coordIndex [0,1,2,-1,3,1,0,-1]
coord Coordinate { point [0.3937 -0.333661 1.88984e-16,0.777558 -0.333661 0.07874,0.777558 -0.333661 1.88984e-16,0.3937 -0.333661 0.07874]
}}
appearance Appearance{material Material{diffuseColor 0.827451 0.839216 0.827451
transparency 0}}}
Shape { geometry IndexedFaceSet 
{ creaseAngle 0.50 coordIndex [0,1,2,-1,3,1,0,-1]
coord Coordinate { point [0.3937 -0.254921 1.94105e-16,0.3937 -0.333661 0.07874,0.3937 -0.333661 1.88984e-16,0.3937 -0.254921 0.07874]
}}
appearance Appearance{material Material{diffuseColor 0.827451 0.839216 0.827451
transparency 0}}}
Shape { geometry IndexedFaceSet 
{ creaseAngle 0.50 coordIndex [0,1,2,-1,3,1,0,-1]
coord Coordinate { point [-0.3937 -0.254921 3.68943e-16,0.3937 -0.254921 0.07874,0.3937 -0.254921 1.94105e-16,-0.3937 -0.254921 0.07874]
}}
appearance Appearance{material Material{diffuseColor 0.827451 0.839216 0.827451
transparency 0}}}
Shape { geometry IndexedFaceSet 
{ creaseAngle 0.50 coordIndex [0,1,2,-1,3,1,0,-1]
coord Coordinate { point [-0.3937 -0.333661 3.63822e-16,-0.3937 -0.254921 0.07874,-0.3937 -0.254921 3.68943e-16,-0.3937 -0.333661 0.07874]
}}
appearance Appearance{material Material{diffuseColor 0.827451 0.839216 0.827451
transparency 0}}}
Shape { geometry IndexedFaceSet 
{ creaseAngle 0.50 coordIndex [0,1,2,-1,3,1,0,-1]
coord Coordinate { point [-0.777557 -0.333661 5.3866e-16,-0.3937 -0.333661 0.07874,-0.3937 -0.333661 3.63822e-16,-0.777557 -0.333661 0.07874]
}}
appearance Appearance{material Material{diffuseColor 0.827451 0.839216 0.827451
transparency 0}}}
Shape { geometry IndexedFaceSet 
{ creaseAngle 0.50 coordIndex [0,1,2,-1,3,1,0,-1]
coord Coordinate { point [-0.777557 -0.491141 3.53581e-16,-0.777557 -0.333661 0.07874,-0.777557 -0.333661 5.3866e-16,-0.777557 -0.491141 0.07874]
}}
appearance Appearance{material Material{diffuseColor 0.827451 0.839216 0.827451
transparency 0}}}
Shape { geometry IndexedFaceSet 
{ creaseAngle 0.50 coordIndex [0,1,2,-1,3,1,0,-1]
coord Coordinate { point [-0.66929 -0.491141 2.66162e-16,-0.777557 -0.491141 0.07874,-0.777557 -0.491141 3.53581e-16,-0.66929 -0.491141 0.07874]
}}
appearance Appearance{material Material{diffuseColor 0.827451 0.839216 0.827451
transparency 0}}}
Shape { geometry IndexedFaceSet 
{ creaseAngle 0.50 coordIndex [0,1,2,-1,3,1,0,-1]
coord Coordinate { point [-0.3937 -0.766731 2.48238e-16,-0.66929 -0.491141 0.07874,-0.66929 -0.491141 2.66162e-16,-0.3937 -0.766731 0.07874]
}}
appearance Appearance{material Material{diffuseColor 0.827451 0.839216 0.827451
transparency 0}}}
Shape { geometry IndexedFaceSet 
{ creaseAngle 0.50 coordIndex [0,1,2,-1,3,1,0,-1,1,4,2,-1]
coord Coordinate { point [-0.3937 -0.806101 3.33097e-16,-0.3937 -0.786416 0.07874,-0.3937 -0.766731 2.48238e-16,-0.3937 -0.806101 0.07874,-0.3937 -0.766731 0.07874]
}}
appearance Appearance{material Material{diffuseColor 0.827451 0.839216 0.827451
transparency 0}}}
Shape { geometry IndexedFaceSet 
{ creaseAngle 0.50 coordIndex [0,1,2,-1,3,1,0,-1]
coord Coordinate { point [0.3937 -0.806101 1.58259e-16,-0.3937 -0.806101 0.07874,-0.3937 -0.806101 3.33097e-16,0.3937 -0.806101 0.07874]
}}
appearance Appearance{material Material{diffuseColor 0.827451 0.839216 0.827451
transparency 0}}}
Shape { geometry IndexedFaceSet 
{ creaseAngle 0.50 coordIndex [0,1,2,-1,3,1,0,-1,1,4,2,-1]
coord Coordinate { point [0.3937 -0.766731 1.6082e-16,0.3937 -0.786416 0.07874,0.3937 -0.806101 1.58259e-16,0.3937 -0.766731 0.07874,0.3937 -0.806101 0.07874]
}}
appearance Appearance{material Material{diffuseColor 0.827451 0.839216 0.827451
transparency 0}}}
Shape { geometry IndexedFaceSet 
{ creaseAngle 0.50 coordIndex [0,1,2,-1,3,1,0,-1]
coord Coordinate { point [0.66929 -0.491141 3.90467e-18,0.3937 -0.766731 0.07874,0.3937 -0.766731 1.6082e-16,0.66929 -0.491141 0.07874]
}}
appearance Appearance{material Material{diffuseColor 0.827451 0.839216 0.827451
transparency 0}}}
Shape { geometry IndexedFaceSet 
{ creaseAngle 0.50 coordIndex [0,1,2,-1,3,1,0,-1]
coord Coordinate { point [0.777558 -0.491141 3.90467e-18,0.66929 -0.491141 0.07874,0.66929 -0.491141 3.90467e-18,0.777558 -0.491141 0.07874]
}}
appearance Appearance{material Material{diffuseColor 0.827451 0.839216 0.827451
transparency 0}}}
Shape { geometry IndexedFaceSet 
{ creaseAngle 0.50 coordIndex [0,1,2,-1,1,3,2,-1,1,4,3,-1,3,5,6,-1,3,7,5,-1,4,8,3,-1,3,8,7,-1,7,9,10,-1,8,9,7,-1,11,12,4,-1,4,12,8,-1,9,13,10,-1]
coord Coordinate { point [0.777558 -0.491141 3.90467e-18,0.66929 -0.491141 3.90467e-18,0.777558 -0.333661 1.88984e-16,0.3937 -0.333661 1.88984e-16,0.3937 -0.766731 1.6082e-16,-0.3937 -0.254921 3.68943e-16,0.3937 -0.254921 1.94105e-16,-0.3937 -0.333661 3.63822e-16,-0.3937 -0.766731 2.48238e-16,-0.66929 -0.491141 2.66162e-16,-0.777557 -0.333661 5.3866e-16,0.3937 -0.806101 1.58259e-16,-0.3937 -0.806101 3.33097e-16,-0.777557 -0.491141 3.53581e-16]
}}
appearance Appearance{material Material{diffuseColor 0.827451 0.839216 0.827451
transparency 0}}}
Shape { geometry IndexedFaceSet 
{ creaseAngle 0.50 coordIndex [0,1,2,-1,3,1,0,-1]
coord Coordinate { point [-0.66929 -0.786416 1.08268,-0.7874 -0.668306 0.07874,-0.66929 -0.786416 0.07874,-0.7874 -0.668306 1.08268]
}}
appearance Appearance{material Material{diffuseColor 0.101961 0.101961 0.101961
transparency 0}}}
Shape { geometry IndexedFaceSet 
{ creaseAngle 0.50 coordIndex [0,1,2,-1,3,1,0,-1]
coord Coordinate { point [0.7874 -0.668306 1.08268,0.66929 -0.786416 0.07874,0.7874 -0.668306 0.07874,0.66929 -0.786416 1.08268]
}}
appearance Appearance{material Material{diffuseColor 0.101961 0.101961 0.101961
transparency 0}}}
Shape { geometry IndexedFaceSet 
{ creaseAngle 0.50 coordIndex [0,1,2,-1,3,1,0,-1]
coord Coordinate { point [0.66929 0.788384 1.08268,0.7874 0.670274 0.07874,0.66929 0.788384 0.07874,0.7874 0.670274 1.08268]
}}
appearance Appearance{material Material{diffuseColor 0.101961 0.101961 0.101961
transparency 0}}}
Shape { geometry IndexedFaceSet 
{ creaseAngle 0.50 coordIndex [0,1,2,-1,3,1,0,-1]
coord Coordinate { point [-0.7874 0.670274 1.08268,-0.66929 0.788384 0.07874,-0.7874 0.670274 0.07874,-0.66929 0.788384 1.08268]
}}
appearance Appearance{material Material{diffuseColor 0.101961 0.101961 0.101961
transparency 0}}}
Shape { geometry IndexedFaceSet 
{ creaseAngle 0.50 coordIndex [0,1,2,-1,3,2,4,-1,3,0,2,-1,5,4,6,-1,5,3,4,-1,7,6,8,-1,7,5,6,-1,9,7,8,-1,10,8,11,-1,10,9,8,-1,12,11,13,-1,12,10,11,-1,14,13,15,-1,14,12,13,-1,16,14,15,-1]
coord Coordinate { point [0.66929 -0.786416 1.08268,0.7874 -0.668306 1.08268,0.78708 -0.668173 1.08621,0.669092 -0.785937 1.08699,0.786056 -0.667749 1.08982,0.668538 -0.7846 1.09093,0.784072 -0.666927 1.09363,0.667721 -0.782628 1.09428,0.781245 -0.665756 1.09697,0.666628 -0.77999 1.09722,0.665321 -0.776834 1.09957,0.777342 -0.66414 1.09985,0.663884 -0.773364 1.10121,0.772519 -0.662142 1.10176,0.662493 -0.770006 1.10209,0.767715 -0.660152 1.10236,0.661136 -0.766731 1.10236]
}}
appearance Appearance{material Material{diffuseColor 0.101961 0.101961 0.101961
transparency 0}}}
Shape { geometry IndexedFaceSet 
{ creaseAngle 0.50 coordIndex [0,1,2,-1,3,2,4,-1,3,0,2,-1,5,4,6,-1,5,3,4,-1,7,6,8,-1,7,5,6,-1,9,8,10,-1,9,7,8,-1,11,10,12,-1,11,9,10,-1,13,12,14,-1,13,11,12,-1,15,13,14,-1]
coord Coordinate { point [0.7874 -0.668306 1.08268,0.7874 0.670274 1.08268,0.78708 0.670142 1.08621,0.78708 -0.668173 1.08621,0.786056 0.669718 1.08982,0.786056 -0.667749 1.08982,0.784072 0.668896 1.09363,0.784072 -0.666927 1.09363,0.781245 0.667725 1.09697,0.781245 -0.665756 1.09697,0.777342 0.666108 1.09985,0.777342 -0.66414 1.09985,0.772519 0.66411 1.10176,0.772519 -0.662142 1.10176,0.767715 0.66212 1.10236,0.767715 -0.660152 1.10236]
}}
appearance Appearance{material Material{diffuseColor 0.101961 0.101961 0.101961
transparency 0}}}
Shape { geometry IndexedFaceSet 
{ creaseAngle 0.50 coordIndex [0,1,2,-1,0,2,3,-1,0,4,1,-1,5,3,6,-1,5,0,3,-1,7,6,8,-1,7,5,6,-1,9,8,10,-1,9,7,8,-1,11,10,12,-1,11,9,10,-1,13,12,14,-1,13,11,12,-1,15,14,16,-1,15,13,14,-1,17,15,16,-1]
coord Coordinate { point [-0.669092 -0.785937 1.08699,0.66929 -0.786416 1.08268,0.669092 -0.785937 1.08699,0.668538 -0.7846 1.09093,-0.66929 -0.786416 1.08268,-0.668538 -0.7846 1.09093,0.667721 -0.782628 1.09428,-0.667721 -0.782628 1.09428,0.666628 -0.77999 1.09722,-0.666628 -0.77999 1.09722,0.665321 -0.776834 1.09957,-0.665321 -0.776834 1.09957,0.663884 -0.773364 1.10121,-0.663884 -0.773364 1.10121,0.662493 -0.770006 1.10209,-0.662493 -0.770006 1.10209,0.661136 -0.766731 1.10236,-0.661136 -0.766731 1.10236]
}}
appearance Appearance{material Material{diffuseColor 0.101961 0.101961 0.101961
transparency 0}}}
Shape { geometry IndexedFaceSet 
{ creaseAngle 0.50 coordIndex [0,1,2,-1,0,2,3,-1,4,5,6,-1,4,3,5,-1,4,0,3,-1,7,6,8,-1,7,4,6,-1,9,8,10,-1,9,7,8,-1,11,10,12,-1,11,9,10,-1,13,12,14,-1,13,11,12,-1,15,13,14,-1]
coord Coordinate { point [0.78708 0.670142 1.08621,0.7874 0.670274 1.08268,0.66929 0.788384 1.08268,0.669158 0.788065 1.08621,0.786056 0.669718 1.08982,0.668733 0.78704 1.08982,0.667912 0.785057 1.09363,0.784072 0.668896 1.09363,0.66674 0.782229 1.09697,0.781245 0.667725 1.09697,0.665124 0.778326 1.09985,0.777342 0.666108 1.09985,0.663126 0.773503 1.10176,0.772519 0.66411 1.10176,0.661136 0.768699 1.10236,0.767715 0.66212 1.10236]
}}
appearance Appearance{material Material{diffuseColor 0.101961 0.101961 0.101961
transparency 0}}}
Shape { geometry IndexedFaceSet 
{ creaseAngle 0.50 coordIndex [0,1,2,-1,3,2,4,-1,3,0,2,-1,5,4,6,-1,5,3,4,-1,7,6,8,-1,7,5,6,-1,9,8,10,-1,9,7,8,-1,11,10,12,-1,11,9,10,-1,13,11,12,-1,14,12,15,-1,14,13,12,-1,16,15,17,-1,16,14,15,-1]
coord Coordinate { point [-0.7874 -0.668306 1.08268,-0.66929 -0.786416 1.08268,-0.669092 -0.785937 1.08699,-0.786921 -0.668107 1.08699,-0.668538 -0.7846 1.09093,-0.785584 -0.667554 1.09093,-0.667721 -0.782628 1.09428,-0.783612 -0.666737 1.09428,-0.666628 -0.77999 1.09722,-0.780974 -0.665644 1.09722,-0.665321 -0.776834 1.09957,-0.777818 -0.664337 1.09957,-0.663884 -0.773364 1.10121,-0.774349 -0.6629 1.10121,-0.77099 -0.661509 1.10209,-0.662493 -0.770006 1.10209,-0.767715 -0.660152 1.10236,-0.661136 -0.766731 1.10236]
}}
appearance Appearance{material Material{diffuseColor 0.101961 0.101961 0.101961
transparency 0}}}
Shape { geometry IndexedFaceSet 
{ creaseAngle 0.50 coordIndex [0,1,2,-1,3,0,2,-1,4,2,5,-1,4,3,2,-1,6,5,7,-1,6,4,5,-1,8,7,9,-1,8,6,7,-1,10,11,12,-1,10,9,11,-1,10,8,9,-1,13,10,12,-1,14,12,15,-1,14,13,12,-1]
coord Coordinate { point [0.66929 0.788384 1.08268,-0.66929 0.788384 1.08268,-0.669158 0.788065 1.08621,0.669158 0.788065 1.08621,0.668733 0.78704 1.08982,-0.668733 0.78704 1.08982,0.667912 0.785057 1.09363,-0.667912 0.785057 1.09363,0.66674 0.782229 1.09697,-0.66674 0.782229 1.09697,0.665124 0.778326 1.09985,-0.665124 0.778326 1.09985,-0.663126 0.773503 1.10176,0.663126 0.773503 1.10176,0.661136 0.768699 1.10236,-0.661136 0.768699 1.10236]
}}
appearance Appearance{material Material{diffuseColor 0.101961 0.101961 0.101961
transparency 0}}}
Shape { geometry IndexedFaceSet 
{ creaseAngle 0.50 coordIndex [0,1,2,-1,3,0,2,-1,4,2,5,-1,4,3,2,-1,6,5,7,-1,6,4,5,-1,8,7,9,-1,8,9,10,-1,8,6,7,-1,11,10,12,-1,11,8,10,-1,13,12,14,-1,13,11,12,-1,15,14,16,-1,15,13,14,-1,17,15,16,-1]
coord Coordinate { point [-0.7874 0.670274 1.08268,-0.7874 -0.668306 1.08268,-0.786921 -0.668107 1.08699,-0.786921 0.670076 1.08699,-0.785584 0.669522 1.09093,-0.785584 -0.667554 1.09093,-0.783612 0.668705 1.09428,-0.783612 -0.666737 1.09428,-0.780974 0.667613 1.09722,-0.780974 -0.665644 1.09722,-0.777818 -0.664337 1.09957,-0.777818 0.666305 1.09957,-0.774349 -0.6629 1.10121,-0.774349 0.664868 1.10121,-0.77099 -0.661509 1.10209,-0.77099 0.663477 1.10209,-0.767715 -0.660152 1.10236,-0.767715 0.66212 1.10236]
}}
appearance Appearance{material Material{diffuseColor 0.101961 0.101961 0.101961
transparency 0}}}
Shape { geometry IndexedFaceSet 
{ creaseAngle 0.50 coordIndex [0,1,2,-1,0,2,3,-1,4,3,5,-1,4,0,3,-1,6,5,7,-1,6,4,5,-1,8,7,9,-1,8,9,10,-1,8,6,7,-1,11,10,12,-1,11,8,10,-1,13,12,14,-1,13,11,12,-1,15,14,16,-1,15,13,14,-1]
coord Coordinate { point [-0.669158 0.788065 1.08621,-0.66929 0.788384 1.08268,-0.7874 0.670274 1.08268,-0.786921 0.670076 1.08699,-0.668733 0.78704 1.08982,-0.785584 0.669522 1.09093,-0.667912 0.785057 1.09363,-0.783612 0.668705 1.09428,-0.66674 0.782229 1.09697,-0.780974 0.667613 1.09722,-0.777818 0.666305 1.09957,-0.665124 0.778326 1.09985,-0.774349 0.664868 1.10121,-0.663126 0.773503 1.10176,-0.77099 0.663477 1.10209,-0.661136 0.768699 1.10236,-0.767715 0.66212 1.10236]
}}
appearance Appearance{material Material{diffuseColor 0.101961 0.101961 0.101961
transparency 0}}}
Shape { geometry IndexedFaceSet 
{ creaseAngle 0.50 coordIndex [0,1,2,-1,3,4,5,-1,6,0,2,-1,7,3,5,-1,8,9,10,-1,11,8,10,-1,12,13,14,-1,12,14,15,-1,16,17,18,-1,16,19,17,-1,20,21,13,-1,20,13,12,-1,22,0,6,-1,23,22,6,-1,24,25,26,-1,27,18,28,-1,27,16,18,-1,29,8,11,-1,30,28,21,-1,24,31,32,-1,30,21,20,-1,24,32,33,-1,30,27,28,-1,24,33,25,-1,34,35,36,-1,37,29,11,-1,38,3,7,-1,39,34,36,-1,39,36,40,-1,41,42,43,-1,44,22,23,-1,41,43,45,-1,46,38,7,-1,41,45,47,-1,41,47,35,-1,41,35,34,-1,48,31,24,-1,49,39,40,-1,50,44,23,-1,49,40,51,-1,52,42,41,-1,53,29,37,-1,54,48,24,-1,55,49,51,-1,56,53,37,-1,57,38,46,-1,55,51,58,-1,59,57,46,-1,60,48,54,-1,61,55,58,-1,62,44,50,-1,63,60,54,-1,62,64,44,-1,61,58,65,-1,66,53,56,-1,67,57,59,-1,68,61,65,-1,69,67,59,-1,70,66,56,-1,71,60,63,-1,68,65,72,-1,73,68,72,-1,74,71,63,-1,75,76,64,-1,73,72,77,-1,75,64,62,-1,78,67,69,-1,79,66,70,-1,80,78,69,-1,81,71,74,-1,82,73,77,-1,83,79,70,-1,84,82,77,-1,85,82,84,-1,86,81,74,-1,15,76,75,-1,15,14,76,-1,1,78,80,-1,87,85,84,-1,2,1,80,-1,4,85,87,-1,9,81,86,-1,5,4,87,-1,19,83,17,-1,19,79,83,-1,10,9,86,-1]
coord Coordinate { point [-0.627322 0.169666 1.09252,-0.599828 0.250369 1.09252,-0.629721 0.255293 1.09252,-0.322822 0.564698 1.09252,-0.246216 0.60212 1.09252,-0.27652 0.621273 1.09252,-0.657021 0.172869 1.09252,-0.353403 0.580922 1.09252,0.148434 -0.661729 1.09252,0.231776 -0.637374 1.09252,0.171989 -0.625439 1.09252,0.08847 -0.642568 1.09252,-0.592127 -0.331592 1.09252,-0.562002 -0.324807 1.09252,-0.599828 -0.2484 1.09252,-0.629721 -0.253324 1.09252,-0.353403 -0.578953 1.09252,-0.322822 -0.562729 1.09252,-0.393867 -0.515597 1.09252,-0.27652 -0.619304 1.09252,-0.544854 -0.404423 1.09252,-0.514496 -0.395602 1.09252,-0.64401 0.0860579 1.09252,-0.673582 0.0876346 1.09252,0.518652 -0.390152 1.09252,0.565409 -0.363188 1.09252,0.565409 -0.318859 1.09252,-0.424508 -0.529123 1.09252,-0.458127 -0.459566 1.09252,0.0626655 -0.675251 1.09252,-0.488675 -0.470627 1.09252,0.567016 -0.372798 1.09252,0.566127 -0.369661 1.09252,0.565589 -0.366444 1.09252,0.462961 0.456675 1.09252,0.514691 0.444058 1.09252,0.453953 0.506106 1.09252,0.0034271 -0.648612 1.09252,-0.393867 0.517565 1.09252,0.399295 0.513381 1.09252,0.385795 0.559897 1.09252,0.518652 0.39212 1.09252,0.565409 0.365157 1.09252,0.565589 0.368413 1.09252,-0.649605 0.00098425 1.09252,0.566127 0.371629 1.09252,-0.424508 0.531091 1.09252,0.567016 0.374767 1.09252,0.514691 -0.442089 1.09252,0.328752 0.56126 1.09252,-0.679132 0.00098425 1.09252,0.31133 0.604553 1.09252,0.565409 0.320828 1.09252,-0.0241274 -0.67772 1.09252,0.462961 -0.454707 1.09252,0.252545 0.599489 1.09252,-0.0816748 -0.643466 1.09252,-0.458127 0.461534 1.09252,0.231776 0.639342 1.09252,-0.488675 0.472596 1.09252,0.453953 -0.504137 1.09252,0.171989 0.627408 1.09252,-0.673582 -0.0856661 1.09252,0.399295 -0.511412 1.09252,-0.64401 -0.0840894 1.09252,0.148434 0.663697 1.09252,-0.110526 -0.669094 1.09252,-0.514496 0.397571 1.09252,0.08847 0.644537 1.09252,-0.544854 0.406392 1.09252,-0.16537 -0.627219 1.09252,0.385795 -0.557929 1.09252,0.0626655 0.677219 1.09252,0.0034271 0.65058 1.09252,0.328752 -0.559292 1.09252,-0.657021 -0.1709 1.09252,-0.627322 -0.167698 1.09252,-0.0241274 0.679688 1.09252,-0.562002 0.326776 1.09252,-0.195118 -0.649516 1.09252,-0.592127 0.33356 1.09252,0.31133 -0.602584 1.09252,-0.0816748 0.645434 1.09252,-0.246216 -0.600151 1.09252,-0.110526 0.671063 1.09252,-0.16537 0.629188 1.09252,0.252545 -0.59752 1.09252,-0.195118 0.651484 1.09252]
}}
appearance Appearance{material Material{diffuseColor 0.235294 0.235294 0.235294
transparency 0}}}
Shape { geometry IndexedFaceSet 
{ creaseAngle 0.50 coordIndex [0,1,2,-1,3,2,4,-1,3,0,2,-1,5,4,6,-1,5,3,4,-1,7,6,8,-1,7,5,6,-1,9,8,10,-1,9,7,8,-1,11,10,12,-1,11,9,10,-1,13,12,14,-1,13,11,12,-1,15,13,14,-1]
coord Coordinate { point [0.571692 -0.286182 1.10236,0.571692 -0.286182 0.51181,0.604723 -0.207836 0.51181,0.604723 -0.207836 1.10236,0.627074 -0.125802 0.51181,0.627074 -0.125802 1.10236,0.638348 -0.041528 0.51181,0.638348 -0.041528 1.10236,0.638348 0.0434965 0.51181,0.638348 0.0434965 1.10236,0.627074 0.12777 0.51181,0.627074 0.12777 1.10236,0.604723 0.209804 0.51181,0.604723 0.209804 1.10236,0.571692 0.28815 0.51181,0.571692 0.28815 1.10236]
}}
appearance Appearance{material Material{diffuseColor 0.235294 0.235294 0.235294
transparency 0}}}
Shape { geometry IndexedFaceSet 
{ creaseAngle 0.50 coordIndex [0,1,2,-1,3,1,0,-1]
coord Coordinate { point [0.698818 -0.333661 0.51181,0.698818 0.335629 1.10236,0.698818 0.335629 0.51181,0.698818 -0.333661 1.10236]
}}
appearance Appearance{material Material{diffuseColor 0.101961 0.101961 0.101961
transparency 0}}}
Shape { geometry IndexedFaceSet 
{ creaseAngle 0.50 coordIndex [0,1,2,-1,3,1,0,-1]
coord Coordinate { point [0.594936 -0.392716 0.51181,0.639763 -0.392716 1.10236,0.639763 -0.392716 0.51181,0.594936 -0.392716 1.10236]
}}
appearance Appearance{material Material{diffuseColor 0.101961 0.101961 0.101961
transparency 0}}}
Shape { geometry IndexedFaceSet 
{ creaseAngle 0.50 coordIndex [0,1,2,-1,3,1,0,-1,1,4,2,-1]
coord Coordinate { point [0.565409 -0.312689 0.51181,0.565409 -0.318859 1.09252,0.565409 -0.363188 0.51181,0.565409 -0.312689 1.09299,0.565409 -0.363188 1.09252]
}}
appearance Appearance{material Material{diffuseColor 0.101961 0.101961 0.101961
transparency 0}}}
Shape { geometry IndexedFaceSet 
{ creaseAngle 0.50 coordIndex [0,1,2,-1,3,1,0,-1,1,4,2,-1]
coord Coordinate { point [0.565409 0.365157 0.51181,0.565409 0.320828 1.09252,0.565409 0.314658 0.51181,0.565409 0.365157 1.09252,0.565409 0.314658 1.09299]
}}
appearance Appearance{material Material{diffuseColor 0.101961 0.101961 0.101961
transparency 0}}}
Shape { geometry IndexedFaceSet 
{ creaseAngle 0.50 coordIndex [0,1,2,-1,3,1,0,-1]
coord Coordinate { point [0.639763 0.394684 0.51181,0.594936 0.394684 1.10236,0.594936 0.394684 0.51181,0.639763 0.394684 1.10236]
}}
appearance Appearance{material Material{diffuseColor 0.101961 0.101961 0.101961
transparency 0}}}
Shape { geometry IndexedFaceSet 
{ creaseAngle 0.50 coordIndex [0,1,2,-1,0,2,3,-1,0,3,4,-1,5,6,1,-1,5,7,8,-1,5,8,9,-1,5,9,10,-1,5,10,6,-1,5,1,0,-1,11,5,0,-1,12,5,11,-1,13,14,15,-1,16,17,12,-1,18,15,19,-1,18,19,20,-1,18,20,21,-1,18,21,22,-1,18,13,15,-1,23,11,24,-1,23,24,25,-1,23,25,26,-1,23,12,11,-1,23,16,12,-1,1,13,27,-1,1,27,28,-1,29,18,30,-1,29,30,31,-1,29,31,32,-1,29,32,33,-1,29,33,34,-1,29,34,35,-1,29,35,36,-1,37,13,18,-1,37,18,29,-1,38,37,39,-1,38,39,40,-1,38,13,37,-1,41,13,38,-1,42,13,41,-1,27,13,42,-1,1,28,43,-1,1,43,44,-1,6,45,1,-1,2,1,44,-1]
coord Coordinate { point [0.565409 -0.312689 0.51181,0.698818 -0.333661 0.51181,0.571692 -0.286182 0.51181,0.568229 -0.294656 0.51181,0.566118 -0.303563 0.51181,0.639763 -0.392716 0.51181,0.692969 -0.359284 0.51181,0.652903 -0.391235 0.51181,0.665386 -0.386867 0.51181,0.676583 -0.379832 0.51181,0.685934 -0.370481 0.51181,0.565409 -0.363188 0.51181,0.594936 -0.392716 0.51181,0.698818 0.335629 0.51181,0.697337 0.34877 0.51181,0.692969 0.361252 0.51181,0.582125 -0.389792 0.51181,0.588366 -0.391975 0.51181,0.639763 0.394684 0.51181,0.685934 0.372449 0.51181,0.676583 0.3818 0.51181,0.665386 0.388836 0.51181,0.652903 0.393204 0.51181,0.576526 -0.386274 0.51181,0.566149 -0.369759 0.51181,0.568333 -0.376 0.51181,0.571851 -0.381598 0.51181,0.638348 0.0434965 0.51181,0.638348 -0.041528 0.51181,0.565409 0.365157 0.51181,0.594936 0.394684 0.51181,0.588366 0.393944 0.51181,0.582125 0.39176 0.51181,0.576526 0.388242 0.51181,0.571851 0.383567 0.51181,0.568333 0.377968 0.51181,0.566149 0.371727 0.51181,0.565409 0.314658 0.51181,0.571692 0.28815 0.51181,0.566118 0.305531 0.51181,0.568229 0.296624 0.51181,0.604723 0.209804 0.51181,0.627074 0.12777 0.51181,0.627074 -0.125802 0.51181,0.604723 -0.207836 0.51181,0.697337 -0.346802 0.51181]
}}
appearance Appearance{material Material{diffuseColor 0.101961 0.101961 0.101961
transparency 0}}}
Shape { geometry IndexedFaceSet 
{ creaseAngle 0.50 coordIndex [0,1,2,-1,3,4,5,-1,5,4,6,-1,6,4,1,-1,7,8,3,-1,3,8,4,-1,4,8,7,-1,9,10,11,-1,11,10,12,-1,12,10,13,-1,9,14,10,-1,15,14,9,-1,15,16,14,-1,17,18,19,-1,20,18,17,-1,2,16,15,-1,1,21,2,-1,2,21,16,-1,1,22,21,-1,4,22,1,-1,7,22,4,-1,23,24,7,-1,7,24,22,-1,22,24,23,-1,10,25,13,-1,10,26,25,-1,14,26,10,-1,14,27,26,-1,16,27,14,-1,21,28,16,-1,16,28,27,-1,23,29,22,-1,22,29,21,-1,21,29,28,-1,30,31,23,-1,29,31,30,-1,23,31,29,-1,13,32,33,-1,25,32,13,-1,26,34,25,-1,25,34,32,-1,27,35,26,-1,26,35,34,-1,28,36,27,-1,27,36,35,-1,30,37,29,-1,29,37,28,-1,28,37,36,-1,38,39,30,-1,37,39,38,-1,30,39,37,-1,33,40,41,-1,32,40,33,-1,32,42,40,-1,34,42,32,-1,34,43,42,-1,35,43,34,-1,35,44,43,-1,36,44,35,-1,36,45,44,-1,38,45,37,-1,37,45,36,-1,46,47,38,-1,45,47,46,-1,38,47,45,-1,40,48,41,-1,41,48,49,-1,49,48,50,-1,40,51,48,-1,42,51,40,-1,42,52,51,-1,43,52,42,-1,43,53,52,-1,44,53,43,-1,45,54,44,-1,46,54,45,-1,44,54,53,-1,55,56,46,-1,54,56,55,-1,46,56,54,-1,48,57,50,-1,51,58,48,-1,48,58,57,-1,52,59,51,-1,60,61,62,-1,51,59,58,-1,63,64,20,-1,52,65,59,-1,53,65,52,-1,20,64,18,-1,66,67,63,-1,55,68,54,-1,63,67,64,-1,54,68,53,-1,53,68,65,-1,66,69,67,-1,70,71,55,-1,55,71,68,-1,72,69,66,-1,57,73,50,-1,18,74,75,-1,64,74,18,-1,50,73,76,-1,77,78,72,-1,58,79,57,-1,72,78,69,-1,57,79,73,-1,67,80,64,-1,64,80,74,-1,58,81,79,-1,59,81,58,-1,77,82,78,-1,65,83,59,-1,67,84,80,-1,59,83,81,-1,69,84,67,-1,85,86,87,-1,87,86,77,-1,68,88,65,-1,77,86,82,-1,78,89,69,-1,65,88,83,-1,90,91,70,-1,69,89,84,-1,70,91,71,-1,71,91,68,-1,68,91,88,-1,74,92,75,-1,76,93,94,-1,94,93,95,-1,95,93,96,-1,82,97,78,-1,73,93,76,-1,78,97,89,-1,80,98,74,-1,74,98,92,-1,96,99,100,-1,79,99,73,-1,93,99,96,-1,82,101,97,-1,85,101,86,-1,73,99,93,-1,86,101,82,-1,92,102,75,-1,75,102,103,-1,100,104,105,-1,81,104,79,-1,99,104,100,-1,79,104,99,-1,83,106,81,-1,84,107,80,-1,105,106,108,-1,104,106,105,-1,80,107,98,-1,81,106,104,-1,92,109,102,-1,98,109,92,-1,88,110,83,-1,106,110,108,-1,108,110,111,-1,89,112,84,-1,83,110,106,-1,84,112,107,-1,60,113,90,-1,111,113,62,-1,62,113,60,-1,98,114,109,-1,90,113,91,-1,91,113,88,-1,107,114,98,-1,88,113,110,-1,110,113,111,-1,89,115,112,-1,97,115,89,-1,107,116,114,-1,112,116,107,-1,117,118,85,-1,101,118,97,-1,85,118,101,-1,97,118,115,-1,102,119,103,-1,112,120,116,-1,115,120,112,-1,102,121,119,-1,109,121,102,-1,117,122,118,-1,118,122,115,-1,115,122,120,-1,103,123,124,-1,119,123,103,-1,109,125,121,-1,114,125,109,-1,121,126,119,-1,119,126,123,-1,114,127,125,-1,116,127,114,-1,125,128,121,-1,121,128,126,-1,120,129,116,-1,116,129,127,-1,127,130,125,-1,125,130,128,-1,131,132,117,-1,117,132,122,-1,122,132,120,-1,120,132,129,-1,127,133,130,-1,129,133,127,-1,123,134,124,-1,132,135,129,-1,131,135,132,-1,129,135,133,-1,123,136,134,-1,126,136,123,-1,124,137,138,-1,134,137,124,-1,126,139,136,-1,128,139,126,-1,134,140,137,-1,136,140,134,-1,130,141,128,-1,128,141,139,-1,139,142,136,-1,136,142,140,-1,130,143,141,-1,133,143,130,-1,139,144,142,-1,141,144,139,-1,133,145,143,-1,131,145,135,-1,135,145,133,-1,146,145,131,-1,143,147,141,-1,141,147,144,-1,137,148,138,-1,143,149,147,-1,145,149,143,-1,146,149,145,-1,137,150,148,-1,140,150,137,-1,148,151,138,-1,138,151,152,-1,142,153,140,-1,140,153,150,-1,150,154,148,-1,148,154,151,-1,142,155,153,-1,144,155,142,-1,150,156,154,-1,153,156,150,-1,147,157,144,-1,144,157,155,-1,155,158,153,-1,153,158,156,-1,159,160,146,-1,146,160,149,-1,149,160,147,-1,147,160,157,-1,155,161,158,-1,157,161,155,-1,151,162,152,-1,159,163,160,-1,160,163,157,-1,157,163,161,-1,154,164,151,-1,151,164,162,-1,152,165,166,-1,162,165,152,-1,156,167,154,-1,154,167,164,-1,164,168,162,-1,162,168,165,-1,158,169,156,-1,156,169,167,-1,167,170,164,-1,164,170,168,-1,161,171,158,-1,158,171,169,-1,169,172,167,-1,167,172,170,-1,161,173,171,-1,174,173,159,-1,159,173,163,-1,163,173,161,-1,169,175,172,-1,171,175,169,-1,165,176,166,-1,173,177,171,-1,174,177,173,-1,171,177,175,-1,165,178,176,-1,168,178,165,-1,176,179,166,-1,166,179,180,-1,170,181,168,-1,168,181,178,-1,178,182,176,-1,176,182,179,-1,170,183,181,-1,172,183,170,-1,181,184,178,-1,178,184,182,-1,172,185,183,-1,175,185,172,-1,181,186,184,-1,183,186,181,-1,187,188,174,-1,174,188,177,-1,177,188,175,-1,175,188,185,-1,185,189,183,-1,183,189,186,-1,179,190,180,-1,187,191,188,-1,188,191,185,-1,185,191,189,-1,182,192,179,-1,179,192,190,-1,180,193,194,-1,190,193,180,-1,182,195,192,-1,184,195,182,-1,192,196,190,-1,190,196,193,-1,186,197,184,-1,184,197,195,-1,195,198,192,-1,192,198,196,-1,189,199,186,-1,186,199,197,-1,197,200,195,-1,195,200,198,-1,201,202,187,-1,187,202,191,-1,191,202,189,-1,189,202,199,-1,199,203,197,-1,197,203,200,-1,193,204,194,-1,201,205,202,-1,202,205,199,-1,199,205,203,-1,196,206,193,-1,193,206,204,-1,198,207,196,-1,196,207,206,-1,198,208,207,-1,200,208,198,-1,200,209,208,-1,203,209,200,-1,203,210,209,-1,209,210,211,-1,211,210,201,-1,201,210,205,-1,205,210,203,-1,194,212,213,-1,204,212,194,-1,204,214,212,-1,206,214,204,-1,206,0,214,-1,207,0,206,-1,207,6,0,-1,208,6,207,-1,209,5,208,-1,211,5,209,-1,208,5,6,-1,3,215,211,-1,211,215,5,-1,5,215,3,-1,213,9,11,-1,212,9,213,-1,212,15,9,-1,214,15,212,-1,0,2,214,-1,214,2,15,-1,6,1,0,-1]
coord Coordinate { point [-0.148057 0.625586 1.09622,-0.230618 0.601706 1.09466,-0.230059 0.600251 1.09622,-0.16537 0.629188 1.09252,-0.231287 0.603448 1.09349,-0.148847 0.628918 1.09349,-0.148417 0.627102 1.09466,-0.246216 0.60212 1.09252,-0.232032 0.605391 1.09276,-0.229378 0.598477 1.10017,-0.307037 0.562536 1.10017,-0.22929 0.598247 1.10236,-0.306919 0.562319 1.10236,-0.379061 0.516357 1.10236,-0.307386 0.563175 1.09809,-0.229639 0.599157 1.09809,-0.307949 0.564203 1.09622,0.571317 0.288911 1.102,0.528272 0.361851 1.10236,0.571692 0.28815 1.10236,0.568289 0.296438 1.09861,-0.308696 0.565571 1.09466,-0.309592 0.567208 1.09349,-0.322822 0.564698 1.09252,-0.31059 0.569034 1.09276,-0.379207 0.516556 1.10017,-0.379638 0.517142 1.09809,-0.380333 0.518087 1.09622,-0.381256 0.519342 1.09466,-0.382362 0.520846 1.09349,-0.393867 0.517565 1.09252,-0.383595 0.522521 1.09276,-0.444598 0.461359 1.10017,-0.444426 0.461181 1.10236,-0.445103 0.461882 1.09809,-0.445918 0.462726 1.09622,-0.447001 0.463847 1.09466,-0.448297 0.465189 1.09349,-0.458127 0.461534 1.09252,-0.449742 0.466686 1.09276,-0.50204 0.397932 1.10017,-0.501847 0.397779 1.10236,-0.502611 0.398383 1.09809,-0.503531 0.39911 1.09622,-0.504754 0.400077 1.09466,-0.506218 0.401235 1.09349,-0.514496 0.397571 1.09252,-0.50785 0.402525 1.09276,-0.550508 0.327408 1.10017,-0.550296 0.327282 1.10236,-0.588907 0.250953 1.10236,-0.551134 0.32778 1.09809,-0.552143 0.328378 1.09622,-0.553483 0.329173 1.09466,-0.555089 0.330124 1.09349,-0.562002 0.326776 1.09252,-0.556878 0.331185 1.09276,-0.589134 0.251049 1.10017,-0.589804 0.251334 1.09809,-0.590884 0.251792 1.09622,-0.64401 0.0860579 1.09252,-0.649605 0.00098425 1.09252,-0.647415 0.00098425 1.09276,0.567175 0.300321 1.09705,0.528476 0.36199 1.10017,-0.592318 0.252401 1.09466,0.566158 0.30529 1.09529,0.529077 0.3624 1.09809,-0.594036 0.25313 1.09349,0.530045 0.363062 1.09622,-0.599828 0.250369 1.09252,-0.595951 0.253943 1.09276,0.565865 0.307342 1.09466,-0.617229 0.17022 1.10017,0.51099 0.386342 1.10017,0.475408 0.4291 1.10236,-0.616991 0.170155 1.10236,0.565409 0.314658 1.09299,0.531332 0.363941 1.09466,-0.617931 0.170413 1.09809,0.511571 0.386781 1.09809,-0.619061 0.170723 1.09622,0.532873 0.364994 1.09349,-0.620564 0.171135 1.09466,0.512508 0.387487 1.09622,0.518652 0.39212 1.09252,0.534591 0.366167 1.09276,0.565409 0.320828 1.09252,-0.622364 0.171628 1.09349,0.513752 0.388425 1.09466,-0.627322 0.169666 1.09252,-0.624371 0.172178 1.09276,0.475592 0.429265 1.10017,-0.634289 0.0863654 1.10017,-0.634044 0.0863325 1.10236,-0.639762 0.00098425 1.10236,-0.640009 0.00098425 1.10017,0.515242 0.389549 1.09349,0.476133 0.429752 1.09809,-0.63501 0.0864625 1.09809,-0.640737 0.00098425 1.09809,0.516903 0.390801 1.09276,0.456122 0.449944 1.10017,0.414046 0.488695 1.10236,-0.636172 0.0866189 1.09622,-0.64191 0.00098425 1.09622,-0.637717 0.0868268 1.09466,0.477004 0.430537 1.09622,-0.643468 0.00098425 1.09466,0.456641 0.450454 1.09809,-0.639566 0.0870758 1.09349,-0.645334 0.00098425 1.09349,0.478162 0.43158 1.09466,-0.641628 0.0873533 1.09276,0.457476 0.451277 1.09622,0.479549 0.432828 1.09349,0.458587 0.45237 1.09466,0.462961 0.456675 1.09252,0.481095 0.43422 1.09276,0.414206 0.488883 1.10017,0.459917 0.453679 1.09349,0.414677 0.489438 1.09809,0.4614 0.455139 1.09276,0.393397 0.505812 1.10017,0.345281 0.539572 1.10236,0.415436 0.490332 1.09622,0.393844 0.506386 1.09809,0.416444 0.49152 1.09466,0.394565 0.507311 1.09622,0.417652 0.492943 1.09349,0.395523 0.50854 1.09466,0.399295 0.513381 1.09252,0.418998 0.494529 1.09276,0.39667 0.510012 1.09349,0.345414 0.53978 1.10017,0.397949 0.511653 1.09276,0.345807 0.540393 1.09809,0.323896 0.552984 1.10017,0.270344 0.580821 1.10236,0.34644 0.54138 1.09622,0.324264 0.553612 1.09809,0.347281 0.542692 1.09466,0.324857 0.554623 1.09622,0.348288 0.544263 1.09349,0.325646 0.555967 1.09466,0.349411 0.546014 1.09276,0.328752 0.56126 1.09252,0.326591 0.557577 1.09349,0.270448 0.581044 1.10017,0.327643 0.559371 1.09276,0.270756 0.581704 1.09809,0.248815 0.590648 1.10017,0.190574 0.611703 1.10236,0.271251 0.582767 1.09622,0.249098 0.591318 1.09809,0.27191 0.584179 1.09466,0.249554 0.592399 1.09622,0.272699 0.585871 1.09349,0.25016 0.593835 1.09466,0.252545 0.599489 1.09252,0.273578 0.587756 1.09276,0.250885 0.595554 1.09349,0.190647 0.611939 1.10017,0.251694 0.597471 1.09276,0.190864 0.612634 1.09809,0.169448 0.618154 1.10017,0.107397 0.631668 1.10236,0.191214 0.613753 1.09622,0.169641 0.618856 1.09809,0.191678 0.615241 1.09466,0.169952 0.619987 1.09622,0.192234 0.617022 1.09349,0.170364 0.62149 1.09466,0.192853 0.619008 1.09276,0.171989 0.627408 1.09252,0.170858 0.62329 1.09349,0.107438 0.631911 1.10017,0.171409 0.625296 1.09276,0.10756 0.632629 1.09809,0.0871632 0.63503 1.10017,0.0222998 0.640358 1.10236,0.107757 0.633785 1.09622,0.0872623 0.635752 1.09809,0.108019 0.635321 1.09466,0.087422 0.636913 1.09622,0.108332 0.637161 1.09349,0.0876342 0.638457 1.09466,0.08847 0.644537 1.09252,0.108681 0.639212 1.09276,0.0878884 0.640306 1.09349,0.0223084 0.640605 1.10017,0.0881717 0.642367 1.09276,0.0223338 0.641332 1.09809,0.00337648 0.640985 1.10017,-0.0631959 0.637618 1.10236,0.0223747 0.642504 1.09622,0.00338032 0.641713 1.09809,0.022429 0.644062 1.09466,0.0033865 0.642885 1.09622,0.022494 0.645927 1.09349,0.00339473 0.644444 1.09466,0.0034271 0.65058 1.09252,0.0225665 0.648006 1.09276,0.00340457 0.64631 1.09349,-0.0632202 0.637863 1.10017,0.00341555 0.64839 1.09276,-0.0632921 0.638588 1.09809,-0.063408 0.639755 1.09622,-0.0635619 0.641306 1.09466,-0.0637463 0.643163 1.09349,-0.0639518 0.645233 1.09276,-0.0816748 0.645434 1.09252,-0.147619 0.623737 1.10017,-0.147562 0.623497 1.10236,-0.147787 0.624445 1.09809,-0.149327 0.630943 1.09276]
}}
appearance Appearance{material Material{diffuseColor 0.235294 0.235294 0.235294
transparency 0}}}
Shape { geometry IndexedFaceSet 
{ creaseAngle 0.50 coordIndex [0,1,2,-1,3,4,5,-1,5,4,6,-1,6,4,7,-1,7,4,1,-1,8,9,10,-1,11,9,8,-1,12,13,11,-1,11,13,9,-1,14,15,12,-1,12,15,13,-1,2,16,14,-1,14,16,15,-1,1,17,2,-1,2,17,16,-1,18,19,3,-1,3,19,4,-1,4,19,1,-1,1,19,17,-1,10,20,21,-1,9,20,10,-1,9,22,20,-1,13,22,9,-1,13,23,22,-1,15,23,13,-1,15,24,23,-1,25,26,27,-1,16,24,15,-1,16,28,24,-1,17,28,16,-1,17,29,28,-1,30,29,18,-1,18,29,19,-1,19,29,17,-1,21,31,32,-1,20,31,21,-1,20,33,31,-1,22,33,20,-1,23,34,22,-1,22,34,33,-1,23,35,34,-1,24,35,23,-1,28,36,24,-1,24,36,35,-1,29,37,28,-1,30,37,29,-1,38,37,30,-1,28,37,36,-1,31,39,32,-1,32,39,40,-1,33,41,31,-1,31,41,39,-1,33,42,41,-1,34,42,33,-1,35,43,34,-1,34,43,42,-1,36,44,35,-1,35,44,43,-1,45,46,38,-1,38,46,37,-1,37,46,36,-1,36,46,44,-1,39,47,40,-1,40,47,48,-1,48,47,49,-1,49,47,50,-1,41,51,39,-1,50,51,52,-1,47,51,50,-1,39,51,47,-1,42,53,41,-1,51,53,52,-1,41,53,51,-1,52,53,54,-1,43,55,42,-1,42,55,53,-1,53,55,54,-1,54,55,56,-1,43,57,55,-1,44,57,43,-1,55,57,56,-1,56,57,58,-1,59,60,61,-1,61,60,45,-1,45,60,46,-1,46,60,44,-1,44,60,57,-1,58,60,59,-1,57,60,58,-1,61,62,59,-1,63,64,25,-1,65,64,63,-1,25,64,26,-1,66,67,65,-1,68,67,66,-1,69,67,68,-1,65,67,64,-1,70,71,69,-1,72,71,70,-1,73,71,72,-1,69,71,67,-1,74,75,73,-1,76,75,74,-1,77,75,76,-1,73,75,71,-1,78,79,77,-1,80,79,78,-1,81,79,80,-1,77,79,75,-1,81,82,79,-1,83,82,84,-1,85,82,81,-1,86,82,85,-1,87,82,86,-1,88,82,87,-1,84,82,88,-1,26,89,90,-1,64,89,26,-1,64,91,89,-1,67,91,64,-1,71,92,67,-1,67,92,91,-1,75,93,71,-1,71,93,92,-1,79,94,75,-1,75,94,93,-1,95,96,83,-1,79,96,94,-1,82,96,79,-1,83,96,82,-1,90,97,98,-1,89,97,90,-1,91,99,89,-1,89,99,97,-1,92,100,91,-1,91,100,99,-1,93,101,92,-1,92,101,100,-1,93,102,101,-1,94,102,93,-1,103,104,95,-1,94,104,102,-1,95,104,96,-1,96,104,94,-1,97,105,98,-1,98,105,106,-1,99,107,97,-1,97,107,105,-1,99,108,107,-1,100,108,99,-1,100,109,108,-1,101,109,100,-1,101,110,109,-1,102,110,101,-1,111,112,103,-1,104,112,102,-1,103,112,104,-1,102,112,110,-1,105,113,106,-1,106,113,114,-1,105,115,113,-1,107,115,105,-1,107,116,115,-1,108,116,107,-1,108,117,116,-1,109,117,108,-1,109,118,117,-1,110,118,109,-1,119,120,111,-1,110,120,118,-1,112,120,110,-1,111,120,112,-1,113,121,114,-1,114,121,122,-1,113,123,121,-1,115,123,113,-1,116,124,115,-1,115,124,123,-1,117,125,116,-1,116,125,124,-1,117,126,125,-1,118,126,117,-1,127,128,119,-1,119,128,120,-1,120,128,118,-1,118,128,126,-1,121,129,122,-1,122,129,130,-1,123,131,121,-1,121,131,129,-1,123,132,131,-1,124,132,123,-1,125,133,124,-1,124,133,132,-1,126,134,125,-1,125,134,133,-1,135,136,127,-1,127,136,128,-1,128,136,126,-1,126,136,134,-1,129,137,130,-1,130,137,138,-1,131,139,129,-1,129,139,137,-1,132,140,131,-1,131,140,139,-1,132,141,140,-1,133,141,132,-1,134,142,133,-1,133,142,141,-1,143,144,135,-1,135,144,136,-1,136,144,134,-1,134,144,142,-1,138,145,146,-1,137,145,138,-1,137,147,145,-1,139,147,137,-1,140,148,139,-1,139,148,147,-1,140,149,148,-1,141,149,140,-1,142,150,141,-1,141,150,149,-1,151,152,143,-1,143,152,144,-1,144,152,142,-1,142,152,150,-1,146,153,154,-1,145,153,146,-1,145,155,153,-1,147,155,145,-1,147,156,155,-1,148,156,147,-1,149,157,148,-1,148,157,156,-1,149,158,157,-1,150,158,149,-1,150,159,158,-1,160,159,151,-1,151,159,152,-1,152,159,150,-1,153,161,154,-1,154,161,162,-1,153,163,161,-1,155,163,153,-1,155,164,163,-1,156,164,155,-1,157,165,156,-1,156,165,164,-1,158,166,157,-1,157,166,165,-1,159,167,158,-1,168,167,160,-1,160,167,159,-1,158,167,166,-1,161,169,162,-1,162,169,170,-1,161,171,169,-1,163,171,161,-1,163,172,171,-1,164,172,163,-1,165,173,164,-1,164,173,172,-1,165,174,173,-1,166,174,165,-1,175,176,168,-1,167,176,166,-1,166,176,174,-1,168,176,167,-1,169,177,170,-1,170,177,178,-1,171,179,169,-1,169,179,177,-1,172,180,171,-1,171,180,179,-1,172,0,180,-1,173,0,172,-1,174,7,173,-1,173,7,0,-1,5,6,175,-1,175,6,176,-1,176,6,174,-1,174,6,7,-1,177,11,178,-1,178,11,8,-1,179,12,177,-1,177,12,11,-1,180,14,179,-1,179,14,12,-1,180,2,14,-1,0,2,180,-1,7,1,0,-1]
coord Coordinate { point [-0.429223 0.53698 1.09604,-0.494871 0.478576 1.09759,-0.494103 0.477834 1.09604,-0.496793 0.478356 1.10236,-0.495492 0.479175 1.09969,-0.432019 0.537684 1.10236,-0.43043 0.538487 1.09969,-0.429891 0.537813 1.09759,-0.488675 0.472596 1.09252,-0.546611 0.407699 1.09276,-0.544854 0.406392 1.09252,-0.490251 0.474117 1.09276,-0.491748 0.475562 1.09349,-0.54828 0.408941 1.09349,-0.493027 0.476796 1.09459,-0.549706 0.410002 1.09459,-0.550906 0.410895 1.09604,-0.551762 0.411532 1.09759,-0.553492 0.411268 1.10236,-0.552455 0.412047 1.09969,-0.594036 0.334633 1.09276,-0.592127 0.33356 1.09252,-0.59585 0.335652 1.09349,-0.5974 0.336522 1.09459,-0.598704 0.337254 1.09604,0.567735 0.376643 1.09265,0.514691 0.444058 1.09252,0.567016 0.374767 1.09252,-0.599634 0.337777 1.09759,-0.600387 0.3382 1.09969,-0.601195 0.337512 1.10236,-0.631751 0.256113 1.09276,-0.629721 0.255293 1.09252,-0.63368 0.256892 1.09349,-0.635329 0.257558 1.09459,-0.636715 0.258118 1.09604,-0.637705 0.258517 1.09759,-0.638505 0.258841 1.09969,-0.639126 0.258286 1.10236,-0.65914 0.173423 1.09276,-0.657021 0.172869 1.09252,-0.661153 0.173949 1.09349,-0.662872 0.174399 1.09459,-0.664319 0.174778 1.09604,-0.665352 0.175048 1.09759,-0.666669 0.174878 1.10236,-0.666187 0.175266 1.09969,-0.675754 0.0879141 1.09276,-0.673582 0.0876346 1.09252,-0.679132 0.00098425 1.09252,-0.681323 0.00098425 1.09276,-0.677818 0.0881795 1.09349,-0.683403 0.00098425 1.09349,-0.679581 0.0884063 1.09459,-0.685269 0.00098425 1.09466,-0.681064 0.0885971 1.09604,-0.686828 0.00098425 1.09622,-0.682122 0.0887333 1.09759,-0.688 0.00098425 1.09809,-0.688728 0.00098425 1.10017,-0.682979 0.0888434 1.09969,-0.683376 0.0886436 1.10236,-0.688975 0.00098425 1.10236,0.568028 0.377314 1.09278,0.516351 0.445486 1.09276,0.568558 0.378426 1.09309,0.569085 0.379423 1.09351,0.517928 0.446844 1.09349,0.569353 0.379899 1.09376,0.569859 0.380744 1.09432,0.570078 0.381093 1.0946,0.519275 0.448003 1.09459,0.570352 0.381512 1.09498,0.570657 0.381962 1.09545,0.570985 0.382426 1.09604,0.520408 0.448979 1.09604,0.571309 0.382866 1.09671,0.571345 0.382914 1.09679,0.571665 0.383332 1.09759,0.521217 0.449675 1.09759,0.571845 0.38356 1.09813,0.572054 0.383819 1.09888,0.521871 0.450239 1.09969,0.519054 0.454051 1.10236,0.57248 0.384329 1.10236,0.572232 0.384036 1.09969,0.572238 0.384043 1.09972,0.572372 0.384202 1.10059,0.572417 0.384256 1.10101,0.455417 0.507735 1.09276,0.453953 0.506106 1.09252,0.456808 0.509282 1.09349,0.457996 0.510604 1.09459,0.458995 0.511716 1.09604,0.459709 0.51251 1.09759,0.457191 0.516409 1.10236,0.460286 0.513152 1.09969,0.387039 0.5617 1.09276,0.385795 0.559897 1.09252,0.38822 0.563412 1.09349,0.38923 0.564874 1.09459,0.39008 0.566105 1.09604,0.390686 0.566984 1.09759,0.387897 0.57039 1.10236,0.391176 0.567694 1.09969,0.312334 0.606499 1.09276,0.31133 0.604553 1.09252,0.313288 0.608348 1.09349,0.314102 0.609928 1.09459,0.314788 0.611257 1.09604,0.315277 0.612205 1.09759,0.312298 0.615115 1.10236,0.315673 0.612972 1.09969,0.232524 0.641401 1.09276,0.231776 0.639342 1.09252,0.233234 0.643356 1.09349,0.23384 0.645027 1.09459,0.234351 0.646433 1.09604,0.234715 0.647436 1.09759,0.231623 0.649858 1.10236,0.23501 0.648247 1.09969,0.148913 0.665834 1.09276,0.148434 0.663697 1.09252,0.149367 0.667864 1.09349,0.149756 0.669599 1.09459,0.150083 0.671058 1.09604,0.150316 0.6721 1.09759,0.147184 0.674054 1.10236,0.150505 0.672942 1.09969,0.0628676 0.6794 1.09276,0.0626655 0.677219 1.09252,0.0630596 0.681472 1.09349,0.0632236 0.683242 1.09459,0.0633616 0.684731 1.09604,0.0634601 0.685794 1.09759,0.0603519 0.687311 1.10236,0.0635397 0.686653 1.09969,-0.0242052 0.681877 1.09276,-0.0241274 0.679688 1.09252,-0.0242791 0.683956 1.09349,-0.0243422 0.685732 1.09459,-0.0243953 0.687227 1.09604,-0.0244333 0.688293 1.09759,-0.0274609 0.689412 1.10236,-0.0244639 0.689156 1.09969,-0.110882 0.673224 1.09276,-0.110526 0.671063 1.09252,-0.111221 0.675276 1.09349,-0.11151 0.67703 1.09459,-0.111753 0.678505 1.09604,-0.111927 0.679559 1.09759,-0.114827 0.680323 1.10236,-0.112068 0.68041 1.09969,-0.195747 0.653582 1.09276,-0.195118 0.651484 1.09252,-0.196345 0.655575 1.09349,-0.196855 0.657277 1.09459,-0.197285 0.658709 1.09604,-0.197592 0.659732 1.09759,-0.19784 0.660559 1.09969,-0.200328 0.660192 1.10236,-0.277412 0.623273 1.09276,-0.27652 0.621273 1.09252,-0.278259 0.625173 1.09349,-0.278983 0.626797 1.09459,-0.279591 0.628162 1.09604,-0.280026 0.629137 1.09759,-0.280378 0.629926 1.09969,-0.282572 0.629347 1.10236,-0.354542 0.582792 1.09276,-0.353403 0.580922 1.09252,-0.355625 0.584569 1.09349,-0.35655 0.586086 1.09459,-0.357328 0.587363 1.09604,-0.357883 0.588275 1.09759,-0.360223 0.588288 1.10236,-0.358333 0.589012 1.09969,-0.425877 0.532801 1.09276,-0.424508 0.531091 1.09252,-0.427178 0.534425 1.09349,-0.428289 0.535812 1.09459]
}}
appearance Appearance{material Material{diffuseColor 0.235294 0.235294 0.235294
transparency 0}}}
Shape { geometry IndexedFaceSet 
{ creaseAngle 0.50 coordIndex [0,1,2,-1,2,1,3,-1,1,4,3,-1,3,5,6,-1,4,5,3,-1,5,7,6,-1,6,8,9,-1,7,8,6,-1,8,10,9,-1]
coord Coordinate { point [0.565409 0.314658 1.09299,0.565865 0.307342 1.09466,0.565409 0.314658 0.51181,0.566118 0.305531 0.51181,0.566158 0.30529 1.09529,0.567175 0.300321 1.09705,0.568229 0.296624 0.51181,0.568289 0.296438 1.09861,0.571317 0.288911 1.102,0.571692 0.28815 0.51181,0.571692 0.28815 1.10236]
}}
appearance Appearance{material Material{diffuseColor 0.101961 0.101961 0.101961
transparency 0}}}
Shape { geometry IndexedFaceSet 
{ creaseAngle 0.50 coordIndex [0,1,2,-1,2,1,3,-1,1,4,3,-1,3,5,6,-1,4,5,3,-1,5,7,6,-1,6,8,9,-1,7,8,6,-1,8,10,9,-1]
coord Coordinate { point [0.571692 -0.286182 1.10236,0.571317 -0.286943 1.102,0.571692 -0.286182 0.51181,0.568229 -0.294656 0.51181,0.56829 -0.294467 1.09861,0.567175 -0.298352 1.09705,0.566118 -0.303563 0.51181,0.566158 -0.30332 1.09529,0.565865 -0.305373 1.09466,0.565409 -0.312689 0.51181,0.565409 -0.312689 1.09299]
}}
appearance Appearance{material Material{diffuseColor 0.101961 0.101961 0.101961
transparency 0}}}
Shape { geometry IndexedFaceSet 
{ creaseAngle 0.50 coordIndex [0,1,2,-1,2,1,3,-1,3,4,5,-1,1,4,3,-1,5,6,7,-1,4,6,5,-1,7,8,9,-1,6,8,7,-1,9,10,11,-1,8,10,9,-1,11,12,13,-1,10,12,11,-1,13,14,15,-1,12,14,13,-1]
coord Coordinate { point [0.698818 -0.333661 0.51181,0.697337 -0.346802 0.51181,0.698818 -0.333661 1.10236,0.697337 -0.346802 1.10236,0.692969 -0.359284 0.51181,0.692969 -0.359284 1.10236,0.685934 -0.370481 0.51181,0.685934 -0.370481 1.10236,0.676583 -0.379832 0.51181,0.676583 -0.379832 1.10236,0.665386 -0.386867 0.51181,0.665386 -0.386867 1.10236,0.652903 -0.391235 0.51181,0.652903 -0.391235 1.10236,0.639763 -0.392716 0.51181,0.639763 -0.392716 1.10236]
}}
appearance Appearance{material Material{diffuseColor 0.101961 0.101961 0.101961
transparency 0}}}
Shape { geometry IndexedFaceSet 
{ creaseAngle 0.50 coordIndex [0,1,2,-1,2,1,3,-1,3,4,5,-1,1,4,3,-1,5,6,7,-1,4,6,5,-1,7,8,9,-1,6,8,7,-1,9,10,11,-1,8,10,9,-1,11,12,13,-1,10,12,11,-1,13,14,15,-1,12,14,13,-1]
coord Coordinate { point [0.639763 0.394684 0.51181,0.652903 0.393204 0.51181,0.639763 0.394684 1.10236,0.652903 0.393204 1.10236,0.665386 0.388836 0.51181,0.665386 0.388836 1.10236,0.676583 0.3818 0.51181,0.676583 0.3818 1.10236,0.685934 0.372449 0.51181,0.685934 0.372449 1.10236,0.692969 0.361252 0.51181,0.692969 0.361252 1.10236,0.697337 0.34877 0.51181,0.697337 0.34877 1.10236,0.698818 0.335629 0.51181,0.698818 0.335629 1.10236]
}}
appearance Appearance{material Material{diffuseColor 0.101961 0.101961 0.101961
transparency 0}}}
Shape { geometry IndexedFaceSet 
{ creaseAngle 0.50 coordIndex [0,1,2,-1,2,1,3,-1,3,1,4,-1,4,1,5,-1,5,1,6,-1,6,1,7,-1,7,1,8,-1,9,1,0,-1,10,11,12,-1,8,13,14,-1,14,13,15,-1,1,13,8,-1,13,16,15,-1,15,16,17,-1,12,18,19,-1,11,18,12,-1,19,20,21,-1,18,20,19,-1,21,22,23,-1,23,22,24,-1,20,22,21,-1,24,9,25,-1,25,9,26,-1,26,9,27,-1,27,9,28,-1,28,9,29,-1,29,9,30,-1,30,9,31,-1,31,9,32,-1,32,9,33,-1,33,9,34,-1,34,9,35,-1,35,9,0,-1,22,9,24,-1]
coord Coordinate { point [0.569864 -0.378786 1.09432,0.568333 -0.376 0.51181,0.56915 -0.377574 1.09356,0.56914 -0.377555 1.09355,0.568431 -0.376202 1.093,0.568186 -0.37569 1.09286,0.567678 -0.374538 1.09263,0.567567 -0.374268 1.0926,0.567016 -0.372798 1.09252,0.571851 -0.381598 0.51181,0.594936 -0.392716 1.10236,0.594936 -0.392716 0.51181,0.588607 -0.392029 1.10236,0.566149 -0.369759 0.51181,0.566127 -0.369661 1.09252,0.565589 -0.366444 1.09252,0.565409 -0.363188 0.51181,0.565409 -0.363188 1.09252,0.588366 -0.391975 0.51181,0.582572 -0.390002 1.10236,0.582125 -0.389792 0.51181,0.577111 -0.386729 1.10236,0.576526 -0.386274 0.51181,0.57248 -0.382361 1.10236,0.57241 -0.38228 1.10095,0.57231 -0.38216 1.10014,0.572299 -0.382147 1.10008,0.572137 -0.381952 1.09923,0.571821 -0.381561 1.09806,0.57178 -0.38151 1.09793,0.571502 -0.381153 1.09716,0.57119 -0.380738 1.09645,0.57107 -0.380575 1.0962,0.57063 -0.379954 1.09541,0.570253 -0.379394 1.09483,0.570144 -0.379226 1.09468]
}}
appearance Appearance{material Material{diffuseColor 0.101961 0.101961 0.101961
transparency 0}}}
Shape { geometry IndexedFaceSet 
{ creaseAngle 0.50 coordIndex [0,1,2,-1,2,3,4,-1,4,3,5,-1,1,3,2,-1,5,6,7,-1,7,6,8,-1,8,6,9,-1,9,6,10,-1,10,6,11,-1,11,6,12,-1,3,6,5,-1,12,13,14,-1,14,13,15,-1,15,13,16,-1,16,13,17,-1,17,13,18,-1,18,13,19,-1,19,13,20,-1,20,13,21,-1,21,13,22,-1,22,13,23,-1,23,13,24,-1,24,13,25,-1,25,13,26,-1,6,13,12,-1,26,27,28,-1,28,27,29,-1,13,27,26,-1,27,30,29,-1,29,30,31,-1,30,32,31,-1,31,32,33,-1,32,34,33,-1,33,34,35,-1]
coord Coordinate { point [0.565409 0.365157 1.09252,0.565409 0.365157 0.51181,0.565589 0.368413 1.09252,0.566149 0.371727 0.51181,0.566127 0.371629 1.09252,0.567016 0.374767 1.09252,0.568333 0.377968 0.51181,0.567735 0.376643 1.09265,0.568028 0.377314 1.09278,0.568558 0.378426 1.09309,0.569085 0.379423 1.09351,0.569353 0.379899 1.09376,0.569859 0.380744 1.09432,0.571851 0.383567 0.51181,0.570078 0.381093 1.0946,0.570352 0.381512 1.09498,0.570657 0.381962 1.09545,0.570985 0.382426 1.09604,0.571309 0.382866 1.09671,0.571345 0.382914 1.09679,0.571665 0.383332 1.09759,0.571845 0.38356 1.09813,0.572054 0.383819 1.09888,0.572232 0.384036 1.09969,0.572238 0.384043 1.09972,0.572372 0.384202 1.10059,0.572417 0.384256 1.10101,0.576526 0.388242 0.51181,0.57248 0.384329 1.10236,0.577111 0.388697 1.10236,0.582125 0.39176 0.51181,0.582572 0.391971 1.10236,0.588366 0.393944 0.51181,0.588607 0.393998 1.10236,0.594936 0.394684 0.51181,0.594936 0.394684 1.10236]
}}
appearance Appearance{material Material{diffuseColor 0.101961 0.101961 0.101961
transparency 0}}}
Shape { geometry IndexedFaceSet 
{ creaseAngle 0.50 coordIndex [0,1,2,-1,0,2,3,-1,4,0,3,-1,5,4,3,-1,5,3,6,-1,7,5,6,-1,8,7,6,-1,9,7,8,-1,9,8,10,-1,9,10,11,-1,12,13,14,-1,15,14,16,-1,15,12,14,-1,17,18,13,-1,17,13,12,-1,19,16,20,-1,19,15,16,-1,21,20,22,-1,21,19,20,-1,23,24,18,-1,23,18,17,-1,25,22,26,-1,25,21,22,-1,27,28,24,-1,27,29,28,-1,27,24,23,-1,30,25,26,-1,31,32,29,-1,31,29,27,-1,33,34,32,-1,33,32,31,-1,10,26,11,-1,10,30,26,-1,35,34,33,-1,36,34,35,-1,37,36,35,-1,38,36,37,-1,39,36,38,-1,39,38,40,-1,41,39,40,-1,42,39,41,-1,2,42,41,-1,1,42,2,-1]
coord Coordinate { point [0.285664 -0.18207 1.10433,0.296973 -0.17564 1.10433,0.270715 -0.138762 1.10433,0.251485 -0.145673 1.10433,0.263998 -0.19011 1.10433,0.240087 -0.194587 1.10433,0.210831 -0.149849 1.10433,0.215784 -0.195866 1.10433,0.140607 -0.149849 1.10433,0.0997032 -0.195866 1.10433,0.140607 0.151817 1.10433,0.0997032 0.197834 1.10433,0.286526 0.129368 1.10433,0.330002 0.145438 1.10433,0.314488 0.164484 1.10433,0.276643 0.137667 1.10433,0.295476 0.180031 1.10433,0.300221 0.112271 1.10433,0.34222 0.124116 1.10433,0.265396 0.143988 1.10433,0.273305 0.190564 1.10433,0.252927 0.148018 1.10433,0.242281 0.196495 1.10433,0.314172 0.0829769 1.10433,0.353989 0.0935416 1.10433,0.237955 0.150421 1.10433,0.210671 0.197834 1.10433,0.320573 0.0570099 1.10433,0.361899 0.0575456 1.10433,0.364736 0.0304108 1.10433,0.209712 0.151817 1.10433,0.324675 0.00370052 1.10433,0.365579 0.00314129 1.10433,0.323219 -0.0289233 1.10433,0.360544 -0.0596021 1.10433,0.318296 -0.061201 1.10433,0.346683 -0.108641 1.10433,0.309016 -0.0924875 1.10433,0.303852 -0.104056 1.10433,0.324834 -0.148668 1.10433,0.297337 -0.114915 1.10433,0.283488 -0.130278 1.10433,0.306558 -0.168464 1.10433]
}}
appearance Appearance{material Material{diffuseColor 1 1 1
transparency 0}}}
Shape { geometry IndexedFaceSet 
{ creaseAngle 0.50 coordIndex [0,1,2,-1,0,3,1,-1]
coord Coordinate { point [0.215784 -0.195866 1.10433,0.0997032 -0.195866 1.10236,0.215784 -0.195866 1.10236,0.0997032 -0.195866 1.10433]
}}
appearance Appearance{material Material{diffuseColor 1 1 1
transparency 0}}}
Shape { geometry IndexedFaceSet 
{ creaseAngle 0.50 coordIndex [0,1,2,-1,0,2,3,-1,4,3,5,-1,4,0,3,-1,6,5,7,-1,6,4,5,-1,8,7,9,-1,8,6,7,-1,10,9,11,-1,10,8,9,-1,12,11,13,-1,12,10,11,-1,14,13,15,-1,14,12,13,-1,16,15,17,-1,16,14,15,-1,18,17,19,-1,18,16,17,-1]
coord Coordinate { point [0.360544 -0.0596021 1.10236,0.365579 0.00314129 1.10236,0.365579 0.00314129 1.10433,0.360544 -0.0596021 1.10433,0.346683 -0.108641 1.10236,0.346683 -0.108641 1.10433,0.324834 -0.148668 1.10236,0.324834 -0.148668 1.10433,0.306558 -0.168464 1.10236,0.306558 -0.168464 1.10433,0.296973 -0.17564 1.10236,0.296973 -0.17564 1.10433,0.285664 -0.18207 1.10236,0.285664 -0.18207 1.10433,0.263998 -0.19011 1.10236,0.263998 -0.19011 1.10433,0.240087 -0.194587 1.10236,0.240087 -0.194587 1.10433,0.215784 -0.195866 1.10236,0.215784 -0.195866 1.10433]
}}
appearance Appearance{material Material{diffuseColor 1 1 1
transparency 0}}}
Shape { geometry IndexedFaceSet 
{ creaseAngle 0.50 coordIndex [0,1,2,-1,0,2,3,-1,4,3,5,-1,4,0,3,-1,6,5,7,-1,6,4,5,-1,8,7,9,-1,8,6,7,-1,10,9,11,-1,10,8,9,-1,12,11,13,-1,12,10,11,-1,14,13,15,-1,14,12,13,-1,16,15,17,-1,16,14,15,-1]
coord Coordinate { point [0.295476 0.180031 1.10236,0.273305 0.190564 1.10236,0.273305 0.190564 1.10433,0.295476 0.180031 1.10433,0.314488 0.164484 1.10236,0.314488 0.164484 1.10433,0.330002 0.145438 1.10236,0.330002 0.145438 1.10433,0.34222 0.124116 1.10236,0.34222 0.124116 1.10433,0.353989 0.0935416 1.10236,0.353989 0.0935416 1.10433,0.361899 0.0575456 1.10236,0.361899 0.0575456 1.10433,0.364736 0.0304108 1.10236,0.364736 0.0304108 1.10433,0.365579 0.00314129 1.10236,0.365579 0.00314129 1.10433]
}}
appearance Appearance{material Material{diffuseColor 1 1 1
transparency 0}}}
Shape { geometry IndexedFaceSet 
{ creaseAngle 0.50 coordIndex [0,1,2,-1,0,2,3,-1,4,3,5,-1,4,0,3,-1]
coord Coordinate { point [0.242281 0.196495 1.10236,0.210671 0.197834 1.10236,0.210671 0.197834 1.10433,0.242281 0.196495 1.10433,0.273305 0.190564 1.10236,0.273305 0.190564 1.10433]
}}
appearance Appearance{material Material{diffuseColor 1 1 1
transparency 0}}}
Shape { geometry IndexedFaceSet 
{ creaseAngle 0.50 coordIndex [0,1,2,-1,0,3,1,-1]
coord Coordinate { point [0.0997032 0.197834 1.10433,0.210671 0.197834 1.10236,0.0997032 0.197834 1.10236,0.210671 0.197834 1.10433]
}}
appearance Appearance{material Material{diffuseColor 1 1 1
transparency 0}}}
Shape { geometry IndexedFaceSet 
{ creaseAngle 0.50 coordIndex [0,1,2,-1,0,3,1,-1]
coord Coordinate { point [0.0997032 -0.195866 1.10433,0.0997032 0.197834 1.10236,0.0997032 -0.195866 1.10236,0.0997032 0.197834 1.10433]
}}
appearance Appearance{material Material{diffuseColor 1 1 1
transparency 0}}}
Shape { geometry IndexedFaceSet 
{ creaseAngle 0.50 coordIndex [0,1,2,-1,0,3,1,-1]
coord Coordinate { point [0.140607 0.151817 1.10433,0.140607 -0.149849 1.10236,0.140607 0.151817 1.10236,0.140607 -0.149849 1.10433]
}}
appearance Appearance{material Material{diffuseColor 1 1 1
transparency 0}}}
Shape { geometry IndexedFaceSet 
{ creaseAngle 0.50 coordIndex [0,1,2,-1,0,3,1,-1]
coord Coordinate { point [0.140607 -0.149849 1.10433,0.210831 -0.149849 1.10236,0.140607 -0.149849 1.10236,0.210831 -0.149849 1.10433]
}}
appearance Appearance{material Material{diffuseColor 1 1 1
transparency 0}}}
Shape { geometry IndexedFaceSet 
{ creaseAngle 0.50 coordIndex [0,1,2,-1,0,2,3,-1,4,3,5,-1,4,0,3,-1,6,5,7,-1,6,4,5,-1,8,7,9,-1,8,6,7,-1,10,9,11,-1,10,8,9,-1,12,11,13,-1,12,10,11,-1]
coord Coordinate { point [0.251485 -0.145673 1.10236,0.210831 -0.149849 1.10236,0.210831 -0.149849 1.10433,0.251485 -0.145673 1.10433,0.270715 -0.138762 1.10236,0.270715 -0.138762 1.10433,0.283488 -0.130278 1.10236,0.283488 -0.130278 1.10433,0.297337 -0.114915 1.10236,0.297337 -0.114915 1.10433,0.303852 -0.104056 1.10236,0.303852 -0.104056 1.10433,0.309016 -0.0924875 1.10236,0.309016 -0.0924875 1.10433]
}}
appearance Appearance{material Material{diffuseColor 1 1 1
transparency 0}}}
Shape { geometry IndexedFaceSet 
{ creaseAngle 0.50 coordIndex [0,1,2,-1,0,2,3,-1,4,3,5,-1,4,0,3,-1,6,5,7,-1,6,4,5,-1]
coord Coordinate { point [0.318296 -0.061201 1.10236,0.309016 -0.0924875 1.10236,0.309016 -0.0924875 1.10433,0.318296 -0.061201 1.10433,0.323219 -0.0289233 1.10236,0.323219 -0.0289233 1.10433,0.324675 0.00370052 1.10236,0.324675 0.00370052 1.10433]
}}
appearance Appearance{material Material{diffuseColor 1 1 1
transparency 0}}}
Shape { geometry IndexedFaceSet 
{ creaseAngle 0.50 coordIndex [0,1,2,-1,0,2,3,-1,4,3,5,-1,4,0,3,-1,6,5,7,-1,6,4,5,-1,8,7,9,-1,8,6,7,-1,10,9,11,-1,10,8,9,-1,12,11,13,-1,12,10,11,-1]
coord Coordinate { point [0.320573 0.0570099 1.10236,0.324675 0.00370052 1.10236,0.324675 0.00370052 1.10433,0.320573 0.0570099 1.10433,0.314172 0.0829769 1.10236,0.314172 0.0829769 1.10433,0.300221 0.112271 1.10236,0.300221 0.112271 1.10433,0.286526 0.129368 1.10236,0.286526 0.129368 1.10433,0.276643 0.137667 1.10236,0.276643 0.137667 1.10433,0.265396 0.143988 1.10236,0.265396 0.143988 1.10433]
}}
appearance Appearance{material Material{diffuseColor 1 1 1
transparency 0}}}
Shape { geometry IndexedFaceSet 
{ creaseAngle 0.50 coordIndex [0,1,2,-1,0,2,3,-1,4,3,5,-1,4,0,3,-1,6,5,7,-1,6,4,5,-1]
coord Coordinate { point [0.252927 0.148018 1.10236,0.265396 0.143988 1.10236,0.265396 0.143988 1.10433,0.252927 0.148018 1.10433,0.237955 0.150421 1.10236,0.237955 0.150421 1.10433,0.209712 0.151817 1.10236,0.209712 0.151817 1.10433]
}}
appearance Appearance{material Material{diffuseColor 1 1 1
transparency 0}}}
Shape { geometry IndexedFaceSet 
{ creaseAngle 0.50 coordIndex [0,1,2,-1,0,3,1,-1]
coord Coordinate { point [0.209712 0.151817 1.10433,0.140607 0.151817 1.10236,0.209712 0.151817 1.10236,0.140607 0.151817 1.10433]
}}
appearance Appearance{material Material{diffuseColor 1 1 1
transparency 0}}}
Shape { geometry IndexedFaceSet 
{ creaseAngle 0.50 coordIndex [0,1,2,-1,0,2,3,-1,4,5,6,-1,4,6,1,-1,4,1,0,-1,7,8,5,-1,7,5,4,-1,9,8,7,-1,10,9,7,-1,11,12,13,-1,14,13,15,-1,14,15,16,-1,14,11,13,-1,17,16,18,-1,17,18,19,-1,17,19,9,-1,17,14,16,-1,20,9,10,-1,20,17,9,-1]
coord Coordinate { point [0.252927 0.148018 1.10236,0.286526 0.129368 1.10236,0.276643 0.137667 1.10236,0.265396 0.143988 1.10236,0.237955 0.150421 1.10236,0.314172 0.0829769 1.10236,0.300221 0.112271 1.10236,0.209712 0.151817 1.10236,0.320573 0.0570099 1.10236,0.324675 0.00370052 1.10236,0.140607 0.151817 1.10236,0.270715 -0.138762 1.10236,0.283488 -0.130278 1.10236,0.297337 -0.114915 1.10236,0.251485 -0.145673 1.10236,0.303852 -0.104056 1.10236,0.309016 -0.0924875 1.10236,0.210831 -0.149849 1.10236,0.318296 -0.061201 1.10236,0.323219 -0.0289233 1.10236,0.140607 -0.149849 1.10236]
}}
appearance Appearance{material Material{diffuseColor 0.101961 0.101961 0.101961
transparency 0}}}
Shape { geometry IndexedFaceSet 
{ creaseAngle 0.50 coordIndex [0,1,2,-1,0,3,1,-1]
coord Coordinate { point [-0.186624 -0.195866 1.10433,-0.227528 -0.195866 1.10236,-0.186624 -0.195866 1.10236,-0.227528 -0.195866 1.10433]
}}
appearance Appearance{material Material{diffuseColor 1 1 1
transparency 0}}}
Shape { geometry IndexedFaceSet 
{ creaseAngle 0.50 coordIndex [0,1,2,-1,0,3,1,-1]
coord Coordinate { point [-0.186624 0.117544 1.10433,-0.186624 -0.195866 1.10236,-0.186624 0.117544 1.10236,-0.186624 -0.195866 1.10433]
}}
appearance Appearance{material Material{diffuseColor 1 1 1
transparency 0}}}
Shape { geometry IndexedFaceSet 
{ creaseAngle 0.50 coordIndex [0,1,2,-1,0,3,1,-1]
coord Coordinate { point [-0.0207715 -0.195866 1.10433,-0.186624 0.117544 1.10236,-0.0207715 -0.195866 1.10236,-0.186624 0.117544 1.10433]
}}
appearance Appearance{material Material{diffuseColor 1 1 1
transparency 0}}}
Shape { geometry IndexedFaceSet 
{ creaseAngle 0.50 coordIndex [0,1,2,-1,0,3,1,-1]
coord Coordinate { point [0.0230084 -0.195866 1.10433,-0.0207715 -0.195866 1.10236,0.0230084 -0.195866 1.10236,-0.0207715 -0.195866 1.10433]
}}
appearance Appearance{material Material{diffuseColor 1 1 1
transparency 0}}}
Shape { geometry IndexedFaceSet 
{ creaseAngle 0.50 coordIndex [0,1,2,-1,0,3,1,-1]
coord Coordinate { point [0.0230084 0.197834 1.10433,0.0230084 -0.195866 1.10236,0.0230084 0.197834 1.10236,0.0230084 -0.195866 1.10433]
}}
appearance Appearance{material Material{diffuseColor 1 1 1
transparency 0}}}
Shape { geometry IndexedFaceSet 
{ creaseAngle 0.50 coordIndex [0,1,2,-1,0,3,1,-1]
coord Coordinate { point [-0.0178955 0.197834 1.10433,0.0230084 0.197834 1.10236,-0.0178955 0.197834 1.10236,0.0230084 0.197834 1.10433]
}}
appearance Appearance{material Material{diffuseColor 1 1 1
transparency 0}}}
Shape { geometry IndexedFaceSet 
{ creaseAngle 0.50 coordIndex [0,1,2,-1,0,3,1,-1]
coord Coordinate { point [-0.0178955 -0.115975 1.10433,-0.0178955 0.197834 1.10236,-0.0178955 -0.115975 1.10236,-0.0178955 0.197834 1.10433]
}}
appearance Appearance{material Material{diffuseColor 1 1 1
transparency 0}}}
Shape { geometry IndexedFaceSet 
{ creaseAngle 0.50 coordIndex [0,1,2,-1,0,3,1,-1]
coord Coordinate { point [-0.183988 0.197834 1.10433,-0.0178955 -0.115975 1.10236,-0.183988 0.197834 1.10236,-0.0178955 -0.115975 1.10433]
}}
appearance Appearance{material Material{diffuseColor 1 1 1
transparency 0}}}
Shape { geometry IndexedFaceSet 
{ creaseAngle 0.50 coordIndex [0,1,2,-1,0,3,1,-1]
coord Coordinate { point [-0.227528 0.197834 1.10433,-0.183988 0.197834 1.10236,-0.227528 0.197834 1.10236,-0.183988 0.197834 1.10433]
}}
appearance Appearance{material Material{diffuseColor 1 1 1
transparency 0}}}
Shape { geometry IndexedFaceSet 
{ creaseAngle 0.50 coordIndex [0,1,2,-1,0,3,1,-1]
coord Coordinate { point [-0.227528 -0.195866 1.10433,-0.227528 0.197834 1.10236,-0.227528 -0.195866 1.10236,-0.227528 0.197834 1.10433]
}}
appearance Appearance{material Material{diffuseColor 1 1 1
transparency 0}}}
Shape { geometry IndexedFaceSet 
{ creaseAngle 0.50 coordIndex [0,1,2,-1,0,3,1,-1,3,4,1,-1,5,6,7,-1,6,8,7,-1,9,8,6,-1,1,9,6,-1,6,2,1,-1]
coord Coordinate { point [-0.227528 0.197834 1.10433,-0.186624 0.117544 1.10433,-0.183988 0.197834 1.10433,-0.227528 -0.195866 1.10433,-0.186624 -0.195866 1.10433,-0.0178955 0.197834 1.10433,-0.0178955 -0.115975 1.10433,0.0230084 0.197834 1.10433,0.0230084 -0.195866 1.10433,-0.0207715 -0.195866 1.10433]
}}
appearance Appearance{material Material{diffuseColor 1 1 1
transparency 0}}}
Shape { geometry IndexedFaceSet 
{ creaseAngle 0.50 coordIndex [0,1,2,-1,0,3,1,-1]
coord Coordinate { point [-0.304223 -0.195866 1.10433,-0.345127 -0.195866 1.10236,-0.304223 -0.195866 1.10236,-0.345127 -0.195866 1.10433]
}}
appearance Appearance{material Material{diffuseColor 1 1 1
transparency 0}}}
Shape { geometry IndexedFaceSet 
{ creaseAngle 0.50 coordIndex [0,1,2,-1,0,3,1,-1]
coord Coordinate { point [-0.304223 0.197834 1.10433,-0.304223 -0.195866 1.10236,-0.304223 0.197834 1.10236,-0.304223 -0.195866 1.10433]
}}
appearance Appearance{material Material{diffuseColor 1 1 1
transparency 0}}}
Shape { geometry IndexedFaceSet 
{ creaseAngle 0.50 coordIndex [0,1,2,-1,0,3,1,-1]
coord Coordinate { point [-0.345127 0.197834 1.10433,-0.304223 0.197834 1.10236,-0.345127 0.197834 1.10236,-0.304223 0.197834 1.10433]
}}
appearance Appearance{material Material{diffuseColor 1 1 1
transparency 0}}}
Shape { geometry IndexedFaceSet 
{ creaseAngle 0.50 coordIndex [0,1,2,-1,0,3,1,-1]
coord Coordinate { point [-0.345127 -0.195866 1.10433,-0.345127 0.197834 1.10236,-0.345127 -0.195866 1.10236,-0.345127 0.197834 1.10433]
}}
appearance Appearance{material Material{diffuseColor 1 1 1
transparency 0}}}
Shape { geometry IndexedFaceSet 
{ creaseAngle 0.50 coordIndex [0,1,2,-1,3,1,0,-1]
coord Coordinate { point [-0.345127 0.197834 1.10433,-0.304223 -0.195866 1.10433,-0.304223 0.197834 1.10433,-0.345127 -0.195866 1.10433]
}}
appearance Appearance{material Material{diffuseColor 1 1 1
transparency 0}}}
Shape { geometry IndexedFaceSet 
{ creaseAngle 0.50 coordIndex [0,1,2,-1,0,2,3,-1,4,3,5,-1,4,0,3,-1,6,5,7,-1,6,4,5,-1,8,7,9,-1,8,6,7,-1,10,9,11,-1,10,8,9,-1,12,11,13,-1,12,10,11,-1,14,13,15,-1,14,12,13,-1,16,15,17,-1,16,14,15,-1,18,17,19,-1,18,16,17,-1,20,19,21,-1,20,18,19,-1,22,21,23,-1,22,20,21,-1,24,23,25,-1,24,22,23,-1,26,25,27,-1,26,24,25,-1]
coord Coordinate { point [-0.0955649 0.536349 1.10236,-0.098425 0.512794 1.10236,-0.098425 0.512794 1.10433,-0.0955649 0.536349 1.10433,-0.087151 0.558535 1.10236,-0.087151 0.558535 1.10433,-0.0736722 0.578062 1.10236,-0.0736722 0.578062 1.10433,-0.0559118 0.593796 1.10236,-0.0559118 0.593796 1.10433,-0.034902 0.604823 1.10236,-0.034902 0.604823 1.10433,-0.0118638 0.610502 1.10236,-0.0118638 0.610502 1.10433,0.0118638 0.610502 1.10236,0.0118638 0.610502 1.10433,0.034902 0.604823 1.10236,0.034902 0.604823 1.10433,0.0559118 0.593796 1.10236,0.0559118 0.593796 1.10433,0.0736722 0.578062 1.10236,0.0736722 0.578062 1.10433,0.087151 0.558535 1.10236,0.087151 0.558535 1.10433,0.0955649 0.536349 1.10236,0.0955649 0.536349 1.10433,0.098425 0.512794 1.10236,0.098425 0.512794 1.10433]
}}
appearance Appearance{material Material{diffuseColor 1 1 1
transparency 0}}}
Shape { geometry IndexedFaceSet 
{ creaseAngle 0.50 coordIndex [0,1,2,-1,0,2,3,-1,0,3,4,-1,0,4,5,-1,0,5,6,-1,0,6,7,-1,0,7,8,-1,0,8,9,-1,0,9,10,-1,0,10,11,-1,0,11,12,-1,0,12,13,-1,0,13,14,-1,0,14,15,-1,0,15,16,-1,0,17,18,-1,0,18,19,-1,0,19,20,-1,0,20,21,-1,0,21,22,-1,0,22,23,-1,0,23,24,-1,0,24,25,-1,0,25,1,-1]
coord Coordinate { point [-0.0736722 0.447526 1.10433,0.098425 0.512794 1.10433,0.0955649 0.536349 1.10433,0.087151 0.558535 1.10433,0.0736722 0.578062 1.10433,0.0559118 0.593796 1.10433,0.034902 0.604823 1.10433,0.0118638 0.610502 1.10433,-0.0118638 0.610502 1.10433,-0.034902 0.604823 1.10433,-0.0559118 0.593796 1.10433,-0.0736722 0.578062 1.10433,-0.087151 0.558535 1.10433,-0.0955649 0.536349 1.10433,-0.098425 0.512794 1.10433,-0.0955649 0.48924 1.10433,-0.087151 0.467054 1.10433,-0.0559118 0.431792 1.10433,-0.034902 0.420765 1.10433,-0.0118638 0.415087 1.10433,0.0118638 0.415087 1.10433,0.034902 0.420765 1.10433,0.0559118 0.431792 1.10433,0.0736722 0.447526 1.10433,0.087151 0.467054 1.10433,0.0955649 0.48924 1.10433]
}}
appearance Appearance{material Material{diffuseColor 1 1 1
transparency 0}}}
